Age,Annual Income,Spending Score,Income_Spending_Ratio,Gender_Code
30,151479,89,1683.1,1
58,185088,95,1928.0,0
62,70912,76,920.9350649350649,0
23,55460,57,956.2068965517242,1
24,153752,76,1996.7792207792209,1
42,158335,40,3861.829268292683,1
27,163501,37,4302.6578947368425,0
24,70476,17,3915.3333333333335,1
83,47743,34,1364.0857142857142,1
62,63448,3,15862.0,0
37,170566,75,2244.2894736842104,1
63,89355,80,1103.148148148148,0
25,87576,17,4865.333333333333,1
32,159892,96,1648.3711340206185,0
51,135079,87,1534.9886363636363,0
64,32869,81,400.8414634146341,0
19,198682,82,2393.759036144578,1
89,38708,97,394.9795918367347,1
65,87270,3,21817.5,1
26,45518,12,3501.3846153846152,1
21,199879,49,3997.58,1
70,163828,36,4427.783783783784,1
24,109188,6,15598.285714285714,1
39,48212,36,1303.027027027027,0
61,141596,45,3078.1739130434785,1
19,192492,57,3318.8275862068967,0
79,109550,7,13693.75,1
61,38132,15,2383.25,0
73,170959,55,3052.839285714286,0
58,80731,23,3363.7916666666665,1
90,123085,25,4734.038461538462,0
39,135748,95,1414.0416666666667,0
35,71372,52,1346.6415094339623,0
79,164259,96,1693.3917525773195,1
57,105742,7,13217.75,0
76,189412,87,2152.409090909091,1
40,64309,62,1020.7777777777778,1
82,84966,66,1268.1492537313434,0
84,35701,5,5950.166666666667,0
56,43376,52,818.4150943396227,0
21,118137,43,2684.931818181818,0
55,77165,86,886.9540229885057,1
24,119922,80,1480.5185185185185,1
45,82425,39,2060.625,1
28,149778,15,9361.125,1
67,129484,80,1598.567901234568,0
69,73479,77,942.0384615384615,0
26,81259,29,2708.633333333333,0
45,147126,1,73563.0,1
39,44774,12,3444.153846153846,0
27,198647,25,7640.2692307692305,0
58,85181,16,5010.64705882353,0
46,87741,3,21935.25,1
45,137494,68,1992.6666666666667,0
63,56531,2,18843.666666666668,0
36,63564,23,2648.5,1
25,198265,29,6608.833333333333,0
62,22655,39,566.375,1
36,125614,35,3489.277777777778,1
48,170509,54,3100.163636363636,0
50,101081,32,3063.060606060606,0
48,45667,95,475.6979166666667,0
49,189732,2,63244.0,0
80,30718,49,614.36,0
33,134933,90,1482.7802197802198,0
21,55978,34,1599.3714285714286,1
38,36650,91,398.3695652173913,0
83,173558,53,3214.037037037037,0
54,29187,61,470.758064516129,0
81,188612,45,4100.260869565217,0
44,101492,55,1812.357142857143,1
23,169008,31,5281.5,1
39,145660,81,1776.341463414634,0
75,118063,35,3279.527777777778,0
19,95891,93,1020.1170212765958,0
24,154402,79,1930.025,1
44,112848,14,7523.2,0
55,127451,31,3982.84375,0
60,98827,27,3529.535714285714,1
33,67969,27,2427.464285714286,1
52,60785,9,6078.5,0
72,66416,53,1229.9259259259259,0
72,152544,59,2542.4,1
72,35507,72,486.3972602739726,0
68,167873,24,6714.92,1
65,23002,32,697.030303030303,1
81,111464,34,3184.6857142857143,0
64,120469,20,5736.619047619048,0
76,85934,48,1753.7551020408164,1
30,99419,4,19883.8,0
68,194339,35,5398.305555555556,0
70,187033,14,12468.866666666667,1
57,164879,9,16487.9,1
90,34276,98,346.22222222222223,0
65,97470,67,1433.3823529411766,1
36,142836,40,3483.8048780487807,0
72,62084,59,1034.7333333333333,0
61,166752,93,1773.9574468085107,1
46,43269,54,786.709090909091,1
68,114111,42,2653.7441860465115,1
31,75683,65,1146.7121212121212,0
51,196283,31,6133.84375,1
37,132793,22,5773.608695652174,0
25,141598,63,2212.46875,1
30,195148,27,6969.571428571428,1
21,175112,33,5150.35294117647,0
65,81473,10,7406.636363636364,1
21,172147,80,2125.2716049382716,1
22,106474,74,1419.6533333333334,0
70,198254,13,14161.0,0
71,148746,13,10624.714285714286,1
27,40263,77,516.1923076923077,0
21,115816,55,2068.1428571428573,0
53,149880,32,4541.818181818182,1
51,88029,84,1035.6352941176472,0
49,193839,43,4405.431818181818,0
56,54564,18,2871.7894736842104,0
55,134714,96,1388.8041237113403,1
84,187596,44,4168.8,1
38,129717,71,1801.625,1
46,48265,62,766.1111111111111,0
27,179234,97,1828.9183673469388,1
53,156298,35,4341.611111111111,0
65,156022,49,3120.44,1
22,158363,83,1885.2738095238096,1
23,114512,25,4404.307692307692,0
18,96397,64,1483.0307692307692,0
44,171517,76,2227.4935064935066,0
38,181538,68,2630.985507246377,0
54,47403,42,1102.3953488372092,1
88,167725,51,3225.480769230769,0
24,185297,95,1930.1770833333333,0
70,160196,34,4577.028571428571,1
42,117940,82,1420.9638554216867,0
74,190938,65,2893.0,1
22,138220,20,6581.9047619047615,0
78,94764,75,1246.8947368421052,1
44,83991,1,41995.5,0
70,82642,56,1449.859649122807,1
58,123333,91,1340.5760869565217,0
38,70435,24,2817.4,1
88,189093,50,3707.705882352941,1
33,177848,29,5928.266666666666,0
59,96744,97,987.1836734693877,0
72,83218,32,2521.757575757576,0
27,39027,29,1300.9,1
35,139195,33,4093.970588235294,0
37,144020,45,3130.8695652173915,0
44,186527,6,26646.714285714286,0
29,48177,53,892.1666666666666,1
58,139447,35,3873.527777777778,0
39,119071,3,29767.75,0
33,181795,1,90897.5,1
65,150797,44,3351.0444444444443,0
52,76398,31,2387.4375,0
45,58209,64,895.5230769230769,0
82,122425,46,2604.7872340425533,1
59,46020,78,582.5316455696203,0
34,61463,72,841.9589041095891,0
52,29917,3,7479.25,1
59,194285,47,4047.6041666666665,1
45,96402,43,2190.9545454545455,0
29,146297,82,1762.6144578313254,1
83,148435,71,2061.597222222222,1
26,111030,96,1144.639175257732,1
79,27136,48,553.795918367347,1
49,197608,33,5812.0,1
19,55184,32,1672.2424242424242,0
48,92981,70,1309.5915492957747,0
22,40540,40,988.780487804878,1
54,88161,40,2150.268292682927,1
83,165910,52,3130.377358490566,1
60,167341,34,4781.171428571429,1
78,90847,77,1164.7051282051282,0
33,35619,73,481.3378378378378,0
27,41176,50,807.3725490196078,0
33,120389,51,2315.173076923077,0
55,74456,13,5318.285714285715,1
46,181085,64,2785.923076923077,0
87,46613,76,605.3636363636364,0
79,83333,73,1126.1216216216217,1
19,165788,44,3684.177777777778,0
22,99687,51,1917.0576923076924,0
31,83755,8,9306.111111111111,1
84,155012,80,1913.7283950617284,1
27,56250,100,556.9306930693069,1
20,111933,39,2798.325,1
36,191350,99,1913.5,1
77,94946,92,1020.9247311827957,0
67,63064,26,2335.703703703704,0
26,82707,4,16541.4,1
34,135368,27,4834.571428571428,0
40,44192,70,622.4225352112676,1
41,32923,95,342.9479166666667,1
57,100359,18,5282.0526315789475,1
35,28555,18,1502.8947368421052,0
85,142048,11,11837.333333333334,0
63,111526,91,1212.2391304347825,0
35,33041,15,2065.0625,1
77,157332,57,2712.6206896551726,1
25,71927,39,1798.175,1
28,194371,19,9718.55,1
31,85563,28,2950.448275862069,1
85,130091,37,3423.4473684210525,0
90,42161,94,443.8,1
28,159617,71,2216.902777777778,1
70,46295,54,841.7272727272727,1
46,74147,48,1513.204081632653,1
71,190491,75,2506.4605263157896,1
81,124912,24,4996.48,0
35,84210,53,1559.4444444444443,1
37,134784,6,19254.85714285714,1
71,185966,6,26566.571428571428,1
50,140875,83,1677.0833333333333,1
65,177020,100,1752.6732673267327,1
83,151188,88,1698.741573033708,1
39,33191,2,11063.666666666666,0
32,163264,64,2511.753846153846,0
26,40345,23,1681.0416666666667,1
24,184070,21,8366.818181818182,1
65,44776,36,1210.162162162162,0
36,119502,52,2254.754716981132,0
41,113729,54,2067.8,0
83,194008,55,3464.4285714285716,0
61,60084,36,1623.8918918918919,0
84,144269,1,72134.5,0
33,109638,49,2192.76,0
89,88161,50,1728.6470588235295,0
35,182663,68,2647.289855072464,0
89,91139,59,1518.9833333333333,0
40,180570,23,7523.75,1
69,57994,35,1610.9444444444443,0
88,172761,69,2468.0142857142855,0
34,38774,84,456.16470588235296,0
88,80079,9,8007.9,1
61,23888,59,398.1333333333333,0
60,189867,98,1917.8484848484848,0
78,23342,91,253.7173913043478,0
35,76836,29,2561.2,0
53,170065,28,5864.310344827586,1
33,99420,64,1529.5384615384614,1
86,174987,71,2430.375,1
90,117976,85,1371.8139534883721,0
84,74475,54,1354.090909090909,1
54,103099,49,2061.98,0
20,188784,21,8581.09090909091,1
86,28187,37,741.7631578947369,0
73,145465,54,2644.818181818182,0
35,120472,94,1268.1263157894737,0
88,37300,4,7460.0,0
54,113062,65,1713.060606060606,0
19,150107,61,2421.0806451612902,1
84,22452,48,458.2040816326531,1
60,42834,32,1298.0,0
39,81494,66,1216.3283582089553,0
85,59981,38,1537.974358974359,0
60,91707,89,1018.9666666666667,0
85,31207,51,600.1346153846154,1
82,160112,44,3558.0444444444443,0
44,199826,4,39965.2,1
48,124952,1,62476.0,1
21,42522,48,867.795918367347,0
87,54581,94,574.5368421052632,1
41,68045,37,1790.657894736842,1
52,141101,30,4551.645161290323,0
76,74629,27,2665.3214285714284,0
72,70373,4,14074.6,0
67,22820,19,1141.0,1
32,83620,77,1072.051282051282,0
71,96598,33,2841.1176470588234,0
38,55259,53,1023.3148148148148,1
57,26527,59,442.1166666666667,0
80,152277,50,2985.823529411765,1
60,150622,51,2896.576923076923,1
53,177668,26,6580.2962962962965,1
84,138972,90,1527.1648351648353,0
26,52463,75,690.3026315789474,1
34,139068,63,2172.9375,0
67,193657,23,8069.041666666667,0
31,154450,38,3960.25641025641,0
81,116964,89,1299.6,0
67,122895,41,2926.0714285714284,1
32,176367,2,58789.0,0
32,118656,21,5393.454545454545,0
81,68370,93,727.3404255319149,1
77,105926,7,13240.75,1
27,124703,17,6927.944444444444,0
59,147027,49,2940.54,0
37,110855,1,55427.5,0
47,70702,66,1055.2537313432836,1
28,82523,10,7502.090909090909,1
63,42330,88,475.6179775280899,1
18,178560,90,1962.1978021978023,1
55,129907,39,3247.675,1
46,134580,1,67290.0,0
72,107376,38,2753.230769230769,0
78,125187,95,1304.03125,0
62,186372,61,3006.0,1
60,127462,31,3983.1875,0
76,74630,37,1963.9473684210527,0
32,95027,5,15837.833333333334,1
77,126515,52,2387.0754716981132,0
56,166446,89,1849.4,1
64,158708,2,52902.666666666664,1
67,120643,87,1370.9431818181818,0
52,57458,35,1596.0555555555557,1
58,29260,83,348.3333333333333,0
50,190730,46,4058.0851063829787,1
54,184263,13,13161.642857142857,0
23,142365,37,3746.4473684210525,1
59,193543,47,4032.1458333333335,1
22,129465,92,1392.0967741935483,0
77,65179,75,857.6184210526316,1
53,30343,26,1123.8148148148148,1
46,38876,73,525.3513513513514,0
57,135290,39,3382.25,1
76,189305,39,4732.625,0
34,151112,35,4197.555555555556,1
89,66323,86,762.3333333333334,1
34,174069,15,10879.3125,0
64,76655,16,4509.117647058823,1
24,143372,25,5514.307692307692,1
55,111764,18,5882.315789473684,0
84,142286,39,3557.15,1
72,148326,95,1545.0625,0
53,101061,61,1630.016129032258,0
85,161924,26,5997.185185185185,1
85,173245,84,2038.1764705882354,0
45,196725,19,9836.25,1
43,20953,32,634.939393939394,0
86,109022,29,3634.0666666666666,0
19,129516,21,5887.090909090909,0
45,164003,51,3153.903846153846,0
36,27840,36,752.4324324324324,0
51,145171,71,2016.263888888889,0
38,26427,39,660.675,1
27,56203,32,1703.121212121212,1
19,82173,10,7470.272727272727,1
81,54017,17,3000.9444444444443,1
72,54956,2,18318.666666666668,1
78,186007,97,1898.030612244898,1
53,160578,6,22939.714285714286,1
83,178348,29,5944.933333333333,0
77,169719,55,3030.6964285714284,0
54,165825,98,1675.0,0
42,193045,89,2144.9444444444443,1
70,78287,3,19571.75,1
29,118684,34,3390.9714285714285,0
88,116405,39,2910.125,1
37,121849,4,24369.8,1
22,143719,41,3421.8809523809523,0
21,101576,83,1209.2380952380952,0
36,26334,57,454.0344827586207,0
50,157555,17,8753.055555555555,1
53,74738,55,1334.607142857143,1
70,129521,31,4047.53125,1
38,137145,59,2285.75,0
58,38318,60,628.1639344262295,1
48,91467,69,1306.6714285714286,0
51,45879,15,2867.4375,0
27,52391,41,1247.404761904762,1
33,119850,56,2102.6315789473683,0
76,170078,6,24296.85714285714,0
79,117332,26,4345.62962962963,1
52,174466,55,3115.464285714286,0
85,101361,96,1044.958762886598,0
18,98304,58,1666.1694915254238,1
41,144752,78,1832.3037974683543,0
82,24320,23,1013.3333333333334,0
54,106714,20,5081.619047619048,1
22,194907,76,2531.2597402597403,1
75,85799,96,884.5257731958762,1
71,63982,75,841.8684210526316,1
41,87073,25,3348.9615384615386,0
90,140436,10,12766.90909090909,0
21,90740,56,1591.9298245614036,0
69,174694,43,3970.318181818182,1
75,71474,91,776.8913043478261,0
70,56374,7,7046.75,1
40,88459,95,921.4479166666666,1
23,133914,44,2975.866666666667,0
41,182523,79,2281.5375,0
34,183346,22,7971.565217391304,1
78,136769,33,4022.6176470588234,0
40,20733,51,398.71153846153845,1
20,41393,30,1335.258064516129,0
73,36205,21,1645.6818181818182,1
47,65662,57,1132.103448275862,0
56,97772,74,1303.6266666666668,1
71,197836,15,12364.75,0
57,54469,10,4951.727272727273,0
60,124047,98,1253.0,0
73,81323,70,1145.394366197183,1
82,39391,26,1458.9259259259259,0
48,101082,26,3743.777777777778,1
77,109549,74,1460.6533333333334,0
59,194924,40,4754.243902439024,1
60,178052,54,3237.309090909091,1
23,106726,22,4640.260869565217,0
45,198713,19,9935.65,1
63,92958,25,3575.3076923076924,1
18,159187,56,2792.754385964912,1
71,93430,16,5495.882352941177,1
24,42163,74,562.1733333333333,0
71,122521,66,1828.6716417910447,0
87,135385,78,1713.73417721519,0
44,183922,2,61307.333333333336,1
70,20908,68,303.0144927536232,1
58,173955,56,3051.842105263158,0
88,94293,83,1122.5357142857142,0
26,21649,59,360.81666666666666,0
69,180330,53,3339.4444444444443,0
73,37561,86,431.735632183908,1
88,81898,73,1106.7297297297298,0
64,101560,75,1336.3157894736842,1
85,44607,13,3186.214285714286,1
64,173348,84,2039.3882352941177,1
63,127435,77,1633.7820512820513,0
64,170870,72,2340.6849315068494,1
21,129790,7,16223.75,1
79,80187,83,954.6071428571429,1
83,159614,8,17734.88888888889,1
76,89407,16,5259.235294117647,1
67,153531,59,2558.85,1
85,198777,89,2208.633333333333,0
59,78594,19,3929.7,1
55,85115,91,925.1630434782609,1
39,193628,85,2251.4883720930234,1
77,102407,100,1013.9306930693069,0
34,89281,56,1566.3333333333333,0
86,82548,60,1353.2459016393443,1
40,103640,52,1955.4716981132076,0
68,91405,1,45702.5,0
79,123445,66,1842.4626865671642,1
29,137270,66,2048.805970149254,1
83,171348,63,2677.3125,1
41,141119,40,3441.9268292682927,0
82,127526,14,8501.733333333334,0
75,185054,47,3855.2916666666665,0
78,107494,94,1131.5157894736842,0
53,57688,10,5244.363636363636,1
78,149736,44,3327.4666666666667,1
75,50256,78,636.1518987341772,1
66,134911,59,2248.516666666667,0
86,74521,6,10645.857142857143,0
29,148755,82,1792.2289156626507,1
19,161632,9,16163.2,0
68,38528,98,389.17171717171715,1
84,22909,75,301.4342105263158,1
67,187832,10,17075.636363636364,0
46,95914,81,1169.6829268292684,0
55,153041,38,3924.128205128205,0
84,76245,50,1495.0,1
67,129619,38,3323.5641025641025,1
69,198222,25,7623.923076923077,0
65,119444,93,1270.6808510638298,1
78,38448,48,784.6530612244898,1
40,97741,52,1844.1698113207547,1
72,164386,46,3497.574468085106,0
54,91225,28,3145.689655172414,1
19,122126,46,2598.425531914894,0
62,54526,76,708.1298701298701,0
55,158515,50,3108.1372549019607,1
26,154839,83,1843.3214285714287,0
51,154021,71,2139.1805555555557,1
51,191537,41,4560.4047619047615,1
34,66604,91,723.9565217391304,1
79,69881,29,2329.366666666667,0
53,85717,13,6122.642857142857,0
49,190332,53,3524.6666666666665,0
48,26077,52,492.0188679245283,1
23,174708,85,2031.4883720930231,0
80,156773,67,2305.485294117647,0
19,169276,95,1763.2916666666667,0
79,95639,76,1242.064935064935,0
75,124498,27,4446.357142857143,0
44,120679,77,1547.1666666666667,0
52,152295,91,1655.3804347826087,1
69,165227,27,5900.964285714285,1
66,159783,32,4841.909090909091,0
38,175705,31,5490.78125,0
64,137245,60,2249.9180327868853,0
45,194383,4,38876.6,0
73,59263,35,1646.1944444444443,0
63,95665,99,956.65,0
73,48069,82,579.144578313253,1
83,113215,70,1594.5774647887324,0
74,53856,23,2244.0,1
39,172160,6,24594.285714285714,0
86,72309,54,1314.709090909091,0
41,49545,43,1126.0227272727273,1
57,120031,39,3000.775,0
69,167306,54,3041.927272727273,1
66,89511,46,1904.4893617021276,1
40,55208,16,3247.529411764706,1
60,108863,80,1343.9876543209878,0
46,181242,98,1830.7272727272727,0
88,169138,100,1674.6336633663366,1
57,164003,55,2928.625,0
51,37102,43,843.2272727272727,0
70,55667,22,2420.304347826087,1
64,176766,68,2561.8260869565215,0
81,196637,74,2621.826666666667,1
20,184387,40,4497.243902439024,0
58,104660,47,2180.4166666666665,1
77,139804,22,6078.434782608696,0
41,174504,52,3292.5283018867926,0
86,52216,62,828.8253968253969,1
40,80082,79,1001.025,1
43,127348,7,15918.5,0
56,48666,47,1013.875,1
74,40689,75,535.3815789473684,0
82,135260,63,2113.4375,1
25,135621,44,3013.8,0
52,22771,1,11385.5,1
36,185752,31,5804.75,1
58,124853,30,4027.516129032258,1
83,25680,74,342.4,0
49,123489,79,1543.6125,0
79,123362,7,15420.25,0
36,133984,93,1425.3617021276596,0
56,50427,52,951.4528301886793,1
74,109479,75,1440.5131578947369,1
29,79914,38,2049.076923076923,0
48,70861,79,885.7625,1
61,173781,57,2996.2241379310344,1
42,124496,64,1915.323076923077,1
20,190420,69,2720.285714285714,1
34,100159,59,1669.3166666666666,1
33,54510,96,561.9587628865979,1
38,156178,41,3718.5238095238096,1
51,59939,59,998.9833333333333,1
22,145127,53,2687.537037037037,1
67,64896,99,648.96,1
84,88812,51,1707.923076923077,0
26,154753,57,2668.155172413793,0
69,159919,40,3900.4634146341464,1
19,45336,53,839.5555555555555,1
56,160231,12,12325.461538461539,0
41,144324,21,6560.181818181818,1
22,131870,14,8791.333333333334,0
69,20104,39,502.6,1
57,77952,5,12992.0,0
24,199076,65,3016.3030303030305,1
31,92650,2,30883.333333333332,1
25,170959,70,2407.8732394366198,1
55,83562,34,2387.4857142857145,1
54,172382,23,7182.583333333333,1
39,60008,27,2143.1428571428573,1
31,144867,81,1766.6707317073171,1
72,196122,11,16343.5,1
87,27167,33,799.0294117647059,0
71,168707,99,1687.07,1
69,93861,12,7220.076923076923,0
37,55490,27,1981.7857142857142,0
47,114120,15,7132.5,0
52,187849,59,3130.8166666666666,1
49,99984,63,1562.25,0
74,184858,29,6161.933333333333,1
34,160824,50,3153.4117647058824,1
72,73969,65,1120.7424242424242,1
36,138816,65,2103.2727272727275,0
28,145481,88,1634.6179775280898,1
90,114829,2,38276.333333333336,0
47,87398,24,3495.92,1
86,61327,7,7665.875,1
73,124554,15,7784.625,0
55,83935,85,975.9883720930233,0
67,60892,59,1014.8666666666667,1
78,20413,44,453.6222222222222,1
64,108810,63,1700.15625,1
43,132743,36,3587.6486486486488,0
83,104181,1,52090.5,0
34,125144,85,1455.1627906976744,1
77,32247,63,503.859375,0
59,111425,52,2102.3584905660377,1
72,38618,31,1206.8125,0
57,63778,57,1099.6206896551723,1
71,193546,63,3024.15625,1
31,30505,48,622.5510204081633,1
81,72824,24,2912.96,0
82,117130,58,1985.2542372881355,1
41,114443,14,7629.533333333334,1
58,126819,34,3623.4,0
72,160849,97,1641.3163265306123,0
80,95597,47,1991.6041666666667,1
23,73735,98,744.7979797979798,0
83,163569,18,8608.894736842105,0
35,195678,71,2717.75,0
67,122477,19,6123.85,1
29,98005,38,2512.948717948718,0
66,140084,44,3112.9777777777776,0
33,183148,84,2154.6823529411763,0
87,140111,44,3113.5777777777776,1
72,38611,87,438.7613636363636,0
61,195305,66,2915.0,1
63,170688,73,2306.5945945945946,1
69,78140,41,1860.4761904761904,0
31,153008,58,2593.35593220339,1
27,131134,99,1311.34,0
22,76090,13,5435.0,1
38,184355,71,2560.4861111111113,0
83,31241,58,529.5084745762712,0
50,91230,27,3258.214285714286,1
38,65547,61,1057.2096774193549,0
75,129187,21,5872.136363636364,1
70,91037,11,7586.416666666667,0
85,153007,31,4781.46875,0
87,152894,70,2153.43661971831,0
57,31879,43,724.5227272727273,1
36,96992,80,1197.432098765432,0
54,174665,37,4596.4473684210525,1
43,56543,81,689.5487804878048,0
87,24933,70,351.16901408450707,0
39,47123,26,1745.2962962962963,0
74,134385,26,4977.222222222223,1
45,71723,21,3260.1363636363635,0
26,158873,77,2036.8333333333333,0
44,163155,79,2039.4375,1
21,144965,36,3917.972972972973,1
31,144207,81,1758.621951219512,0
82,109643,16,6449.588235294118,1
22,100009,28,3448.5862068965516,1
53,71711,100,710.009900990099,1
69,192592,71,2674.8888888888887,1
30,196354,9,19635.4,0
64,183627,18,9664.578947368422,0
82,194775,74,2597.0,0
57,167315,32,5070.151515151515,0
22,140054,51,2693.346153846154,0
56,97860,53,1812.2222222222222,1
90,199124,11,16593.666666666668,0
34,57864,62,918.4761904761905,0
41,95094,78,1203.7215189873418,1
21,146016,85,1697.860465116279,0
21,63732,88,716.0898876404494,1
47,40378,10,3670.7272727272725,1
87,142648,72,1954.0821917808219,1
86,183401,24,7336.04,1
71,74309,26,2752.185185185185,0
20,150191,99,1501.91,1
33,139770,8,15530.0,1
64,195668,83,2329.3809523809523,1
84,196994,86,2264.2988505747126,1
66,153493,46,3265.808510638298,1
21,65829,71,914.2916666666666,0
71,68902,7,8612.75,0
48,34334,72,470.32876712328766,1
69,140446,31,4388.9375,0
42,50311,98,508.19191919191917,0
62,180947,48,3692.795918367347,1
50,75689,44,1681.9777777777779,0
82,168093,92,1807.4516129032259,1
84,90479,96,932.7731958762887,1
34,67592,9,6759.2,0
54,38854,91,422.32608695652175,0
37,63136,78,799.1898734177215,0
90,133348,62,2116.6349206349205,1
39,190374,50,3732.823529411765,1
87,131804,6,18829.14285714286,0
39,119018,38,3051.74358974359,1
80,48706,31,1522.0625,0
68,140546,51,2702.8076923076924,0
66,112968,73,1526.5945945945946,0
85,129072,61,2081.8064516129034,1
37,196133,55,3502.375,1
53,127298,8,14144.222222222223,0
57,103755,14,6917.0,1
89,62184,22,2703.6521739130435,1
63,88947,26,3294.3333333333335,1
37,180052,88,2023.056179775281,0
58,166959,29,5565.3,1
62,150808,36,4075.891891891892,0
81,102709,6,14672.714285714286,0
89,133661,2,44553.666666666664,0
19,144231,36,3898.135135135135,1
39,194799,46,4144.659574468085,1
42,191997,89,2133.3,0
58,100317,11,8359.75,1
72,96935,89,1077.0555555555557,1
24,180003,17,10000.166666666666,1
90,38784,64,596.6769230769231,0
25,143162,45,3112.217391304348,0
84,95450,78,1208.2278481012659,1
52,24667,41,587.3095238095239,0
66,67024,81,817.3658536585366,0
55,180936,58,3066.7118644067796,1
30,97533,99,975.33,0
79,152325,95,1586.71875,1
75,87225,9,8722.5,1
28,70856,59,1180.9333333333334,0
88,39342,67,578.5588235294117,1
42,40136,53,743.2592592592592,0
48,71283,1,35641.5,1
64,145973,16,8586.64705882353,1
44,34010,57,586.3793103448276,0
39,33550,11,2795.8333333333335,1
32,45918,4,9183.6,0
80,136836,85,1591.1162790697674,0
34,46580,2,15526.666666666666,0
70,179860,41,4282.380952380952,1
83,180766,80,2231.679012345679,1
31,197347,72,2703.3835616438355,0
18,132488,87,1505.5454545454545,1
86,68477,32,2075.060606060606,1
82,100445,77,1287.7564102564102,1
86,96699,35,2686.0833333333335,1
34,51610,82,621.8072289156627,0
46,129463,22,5628.826086956522,0
54,113387,97,1157.0102040816328,0
85,49379,15,3086.1875,0
49,88212,96,909.4020618556701,1
73,190422,63,2975.34375,0
60,173741,20,8273.380952380952,0
62,153858,17,8547.666666666666,1
21,33269,93,353.9255319148936,1
65,162596,64,2501.476923076923,1
83,74815,82,901.3855421686746,1
42,28411,7,3551.375,0
90,163256,4,32651.2,1
78,45558,72,624.082191780822,0
61,159298,70,2243.6338028169016,0
64,166158,55,2967.1071428571427,0
18,154195,30,4974.032258064516,1
35,76966,71,1068.9722222222222,0
18,33355,2,11118.333333333334,0
83,119458,21,5429.909090909091,0
58,30990,37,815.5263157894736,1
20,45574,88,512.0674157303371,0
78,160067,80,1976.1358024691358,1
71,129333,61,2086.016129032258,1
54,112107,44,2491.266666666667,1
29,86306,9,8630.6,0
48,162071,67,2383.3970588235293,0
36,129514,72,1774.164383561644,0
54,185161,38,4747.717948717948,0
67,114207,5,19034.5,1
19,120882,56,2120.7368421052633,1
35,181792,42,4227.720930232558,1
27,59681,34,1705.1714285714286,1
18,122518,85,1424.6279069767443,1
63,114478,99,1144.78,1
71,147895,83,1760.654761904762,0
29,30192,79,377.4,1
47,130569,49,2611.38,0
89,175733,34,5020.942857142857,1
66,48675,54,885.0,1
46,187218,81,2283.1463414634145,0
89,65850,49,1317.0,1
34,30409,78,384.9240506329114,0
43,86441,81,1054.158536585366,0
64,81651,73,1103.3918918918919,0
71,154377,32,4678.090909090909,1
42,89716,47,1869.0833333333333,0
33,170368,3,42592.0,0
24,149763,24,5990.52,1
85,75489,14,5032.6,1
26,58208,78,736.8101265822785,0
65,183468,82,2210.4578313253014,0
86,197393,62,3133.222222222222,0
69,64739,84,761.635294117647,0
23,94882,66,1416.1492537313434,1
35,93920,74,1252.2666666666667,1
45,194577,22,8459.869565217392,0
70,161459,45,3509.978260869565,0
62,151015,74,2013.5333333333333,0
57,87265,99,872.65,0
52,197380,64,3036.6153846153848,0
50,164703,73,2225.7162162162163,1
35,87068,74,1160.9066666666668,0
67,142820,12,10986.153846153846,0
20,57414,66,856.9253731343283,0
23,35821,26,1326.7037037037037,0
68,129922,70,1829.887323943662,0
31,165920,39,4148.0,1
40,96771,51,1860.9807692307693,0
74,160882,5,26813.666666666668,1
34,55983,9,5598.3,0
41,158601,18,8347.421052631578,0
66,180763,79,2259.5375,0
32,24024,19,1201.2,0
85,103010,34,2943.1428571428573,1
42,49970,13,3569.285714285714,0
90,153585,36,4150.945945945946,1
71,95374,36,2577.675675675676,0
84,33155,68,480.5072463768116,0
87,144187,83,1716.5119047619048,1
76,98844,84,1162.870588235294,0
52,48968,100,484.83168316831683,0
23,84346,17,4685.888888888889,0
80,80553,8,8950.333333333334,0
84,71621,89,795.7888888888889,0
55,135073,12,10390.23076923077,0
79,93783,33,2758.323529411765,1
70,198305,85,2305.8720930232557,1
53,146455,68,2122.536231884058,0
31,177879,20,8470.42857142857,1
64,171097,24,6843.88,1
58,166019,39,4150.475,1
48,55191,99,551.91,1
65,111980,58,1897.9661016949153,0
62,74749,94,786.8315789473684,1
20,56688,4,11337.6,1
33,98626,82,1188.2650602409637,0
46,115058,75,1513.921052631579,1
41,199456,9,19945.6,0
68,139769,60,2291.2950819672133,1
49,64643,3,16160.75,0
86,154730,87,1758.2954545454545,0
70,134646,60,2207.311475409836,0
55,169165,82,2038.132530120482,1
64,49198,70,692.9295774647887,0
88,59948,53,1110.148148148148,1
39,111425,85,1295.639534883721,0
58,115529,38,2962.2820512820513,0
49,195029,99,1950.29,1
20,188328,13,13452.0,0
31,40699,100,402.96039603960395,0
46,171943,78,2176.493670886076,0
88,121555,65,1841.7424242424242,1
25,127328,83,1515.8095238095239,0
87,178693,27,6381.892857142857,0
78,133038,19,6651.9,1
50,56604,72,775.3972602739726,0
55,189945,97,1938.2142857142858,0
85,133601,1,66800.5,0
41,92549,8,10283.222222222223,1
31,152964,44,3399.2,1
43,144656,17,8036.444444444444,1
83,132512,7,16564.0,1
69,169335,10,15394.09090909091,0
45,72217,45,1569.9347826086957,0
36,134815,100,1334.8019801980197,1
80,190903,21,8677.40909090909,1
59,169200,89,1880.0,0
34,178957,93,1903.7978723404256,1
23,187873,53,3479.1296296296296,1
19,105512,47,2198.1666666666665,0
61,118870,78,1504.6835443037974,1
86,99837,41,2377.0714285714284,1
21,178843,16,10520.176470588236,0
80,101836,81,1241.9024390243903,0
83,39314,21,1787.0,0
32,62758,17,3486.5555555555557,1
36,65511,37,1723.9736842105262,0
67,110877,22,4820.739130434783,1
76,92593,65,1402.9242424242425,1
47,184654,68,2676.144927536232,1
37,68561,48,1399.204081632653,0
69,132316,34,3780.457142857143,0
64,143666,85,1670.5348837209303,0
24,130987,92,1408.4623655913979,0
66,34176,7,4272.0,0
42,171128,75,2251.684210526316,1
72,188096,3,47024.0,1
51,156948,29,5231.6,1
47,106157,82,1279.0,1
20,71561,32,2168.5151515151515,0
42,98960,51,1903.076923076923,0
46,68144,72,933.4794520547945,1
82,138788,41,3304.4761904761904,1
27,166551,65,2523.5,0
28,30736,4,6147.2,0
73,117656,23,4902.333333333333,0
67,27210,71,377.9166666666667,1
44,161667,35,4490.75,0
55,124649,58,2112.6949152542375,1
59,188031,33,5530.323529411765,0
36,153529,63,2398.890625,0
51,177697,34,5077.057142857143,1
72,90187,43,2049.7045454545455,0
49,81804,85,951.2093023255813,0
60,67828,12,5217.538461538462,0
77,56428,76,732.8311688311688,1
74,22367,98,225.92929292929293,1
65,179989,67,2646.8970588235293,0
37,114596,67,1685.235294117647,1
40,179075,65,2713.257575757576,0
62,121950,41,2903.5714285714284,0
57,40925,23,1705.2083333333333,0
20,167993,19,8399.65,0
32,121633,40,2966.6585365853657,1
60,35782,58,606.4745762711865,0
87,105032,94,1105.6,1
26,38428,31,1200.875,0
44,173937,91,1890.6195652173913,1
26,186992,42,4348.6511627906975,1
80,74099,40,1807.2926829268292,0
63,150185,13,10727.5,0
71,115198,77,1476.8974358974358,1
63,78296,34,2237.0285714285715,0
28,80307,38,2059.153846153846,1
55,53038,29,1767.9333333333334,1
87,55792,84,656.3764705882353,1
36,39689,49,793.78,0
19,153781,6,21968.714285714286,1
52,116662,29,3888.733333333333,1
38,76663,80,946.4567901234568,1
24,159414,79,1992.675,0
72,120085,81,1464.4512195121952,0
63,102167,19,5108.35,1
37,175496,73,2371.5675675675675,0
38,190821,38,4892.846153846154,1
71,84268,27,3009.5714285714284,1
39,162820,89,1809.111111111111,1
80,33193,63,518.640625,1
80,80537,75,1059.6973684210527,1
51,183939,18,9681.0,0
33,163858,37,4312.0526315789475,0
87,75396,83,897.5714285714286,1
50,67687,79,846.0875,1
83,71541,10,6503.727272727273,1
71,108614,31,3394.1875,1
19,59348,23,2472.8333333333335,1
85,126069,72,1726.972602739726,0
62,31948,1,15974.0,0
89,177512,62,2817.6507936507937,1
90,84929,83,1011.0595238095239,1
90,140063,79,1750.7875,1
57,38224,4,7644.8,0
40,20442,23,851.75,0
47,162352,86,1866.1149425287356,1
36,199934,38,5126.51282051282,0
79,108865,26,4032.037037037037,0
71,152722,11,12726.833333333334,1
26,141600,84,1665.8823529411766,1
28,76394,96,787.5670103092783,1
90,140857,45,3062.108695652174,0
36,162031,9,16203.1,1
55,190813,22,8296.217391304348,0
40,44095,17,2449.722222222222,0
67,48217,34,1377.6285714285714,1
45,94535,7,11816.875,0
83,125511,12,9654.692307692309,0
66,55422,98,559.8181818181819,1
59,63061,79,788.2625,0
67,170005,51,3269.326923076923,1
41,79851,57,1376.7413793103449,1
81,162193,50,3180.2549019607845,0
80,80468,35,2235.222222222222,1
39,168654,91,1833.195652173913,1
75,96952,78,1227.240506329114,0
71,46751,27,1669.6785714285713,1
90,48500,87,551.1363636363636,0
83,122787,97,1252.9285714285713,1
44,56095,98,566.6161616161617,0
78,120169,34,3433.4,1
66,45575,1,22787.5,1
41,161614,7,20201.75,1
64,189594,84,2230.5176470588235,0
46,107928,5,17988.0,1
44,39712,47,827.3333333333334,0
27,42401,53,785.2037037037037,1
53,137028,21,6228.545454545455,0
46,62957,15,3934.8125,1
59,135310,49,2706.2,1
29,34703,26,1285.2962962962963,0
69,161582,45,3512.6521739130435,0
83,151968,78,1923.6455696202531,1
32,36442,27,1301.5,1
75,65116,50,1276.7843137254902,1
36,141308,9,14130.8,1
69,44115,31,1378.59375,0
28,136112,63,2126.75,0
31,161192,11,13432.666666666666,1
35,131200,27,4685.714285714285,1
41,59087,74,787.8266666666667,1
66,121139,27,4326.392857142857,1
89,162578,75,2139.184210526316,0
47,76662,63,1197.84375,0
43,59106,57,1019.0689655172414,1
49,93112,73,1258.2702702702702,1
25,113464,1,56732.0,1
24,51686,31,1615.1875,0
37,156602,7,19575.25,1
75,111023,73,1500.3108108108108,0
58,49579,81,604.6219512195122,1
74,78019,81,951.4512195121952,0
51,33185,58,562.457627118644,0
68,45630,20,2172.8571428571427,1
58,147733,51,2841.019230769231,0
76,102849,27,3673.1785714285716,1
39,166452,34,4755.771428571428,1
86,119742,94,1260.4421052631578,1
86,192901,27,6889.321428571428,0
82,48232,25,1855.076923076923,0
74,28100,51,540.3846153846154,1
33,64795,45,1408.5869565217392,1
43,75609,71,1050.125,1
30,28032,79,350.4,1
36,145469,65,2204.0757575757575,0
63,117469,17,6526.055555555556,0
22,53048,82,639.1325301204819,1
44,100108,13,7150.571428571428,0
60,175868,7,21983.5,0
41,188180,18,9904.21052631579,1
88,126918,84,1493.1529411764707,1
73,178461,75,2348.1710526315787,0
84,37244,35,1034.5555555555557,1
76,124852,9,12485.2,0
28,127447,34,3641.342857142857,0
54,171757,85,1997.1744186046512,1
45,48710,79,608.875,1
56,85585,91,930.2717391304348,0
64,130835,65,1982.3484848484848,1
18,88033,82,1060.6385542168675,0
45,168639,37,4437.868421052632,1
69,112028,59,1867.1333333333334,0
77,56662,78,717.2405063291139,1
32,146940,21,6679.090909090909,1
41,118767,25,4567.961538461538,0
79,101589,50,1991.9411764705883,1
83,62279,1,31139.5,0
53,79103,4,15820.6,0
69,30459,11,2538.25,0
61,136238,89,1513.7555555555555,1
79,104565,48,2133.9795918367345,1
78,135766,86,1560.528735632184,1
85,63312,7,7914.0,0
65,188207,28,6489.896551724138,0
39,196640,78,2489.1139240506327,1
33,138814,7,17351.75,1
55,130471,76,1694.4285714285713,0
59,25298,76,328.54545454545456,0
41,191769,68,2779.2608695652175,1
79,99659,18,5245.210526315789,0
63,135239,66,2018.4925373134329,1
46,133902,94,1409.4947368421053,1
78,186037,60,3049.7868852459014,0
69,157149,88,1765.7191011235955,0
82,136991,41,3261.690476190476,0
31,123518,60,2024.8852459016393,1
90,192338,59,3205.633333333333,1
48,45002,84,529.435294117647,0
83,150867,71,2095.375,0
57,74288,51,1428.6153846153845,0
43,177446,14,11829.733333333334,1
65,129764,37,3414.842105263158,1
36,46072,2,15357.333333333334,1
36,108956,70,1534.5915492957747,1
20,148279,90,1629.4395604395604,0
21,82673,96,852.2989690721649,0
56,179815,2,59938.333333333336,1
38,100452,99,1004.52,0
70,141868,82,1709.2530120481927,1
49,135544,98,1369.1313131313132,1
82,94305,88,1059.6067415730338,1
21,120726,37,3177.0,1
20,149016,1,74508.0,1
41,159943,90,1757.6153846153845,1
77,58786,78,744.126582278481,1
30,76805,97,783.7244897959183,0
27,55536,32,1682.909090909091,1
60,130383,98,1317.0,1
80,94248,45,2048.8695652173915,1
44,157372,77,2017.5897435897436,0
47,160934,77,2063.25641025641,1
37,142843,3,35710.75,1
39,82780,77,1061.2820512820513,1
69,81578,69,1165.4,1
41,74248,74,989.9733333333334,0
61,31667,51,608.9807692307693,1
21,43644,41,1039.142857142857,0
77,129433,13,9245.214285714286,0
21,141651,59,2360.85,0
45,98008,33,2882.5882352941176,0
90,30106,81,367.1463414634146,1
81,109914,38,2818.3076923076924,0
64,189253,31,5914.15625,1
66,118827,14,7921.8,0
75,129898,64,1998.4307692307693,1
77,96453,61,1555.6935483870968,1
77,191839,22,8340.826086956522,1
30,32502,57,560.3793103448276,0
69,82627,95,860.6979166666666,0
29,191760,88,2154.6067415730336,0
59,143480,51,2759.230769230769,1
72,45842,74,611.2266666666667,1
27,122499,24,4899.96,1
80,24154,1,12077.0,0
50,109977,78,1392.113924050633,1
25,199600,37,5252.631578947368,0
33,82063,53,1519.6851851851852,1
20,61127,16,3595.705882352941,0
19,36886,59,614.7666666666667,1
79,189916,81,2316.048780487805,1
41,40081,87,455.46590909090907,1
78,98635,19,4931.75,0
61,193151,39,4828.775,1
31,169901,86,1952.8850574712644,1
48,85718,29,2857.266666666667,1
48,31319,47,652.4791666666666,1
38,85370,61,1376.9354838709678,0
43,92020,25,3539.230769230769,0
61,171183,29,5706.1,1
28,123199,98,1244.4343434343434,1
64,31629,29,1054.3,1
70,153603,31,4800.09375,0
76,58100,28,2003.448275862069,1
52,25588,90,281.1868131868132,1
44,182368,32,5526.30303030303,1
83,185607,72,2542.5616438356165,0
51,181837,45,3952.978260869565,0
87,48210,46,1025.7446808510638,0
75,31056,95,323.5,0
46,98252,84,1155.9058823529413,1
22,81428,81,993.0243902439024,0
24,154669,64,2379.523076923077,1
47,87630,17,4868.333333333333,1
59,71744,51,1379.6923076923076,1
46,84357,64,1297.8,1
44,27595,95,287.4479166666667,0
81,118427,39,2960.675,0
58,57070,13,4076.4285714285716,1
66,25968,74,346.24,0
66,37225,59,620.4166666666666,1
59,72876,59,1214.6,0
28,88657,64,1363.9538461538461,0
50,48916,28,1686.7586206896551,1
81,95441,41,2272.404761904762,1
27,177593,46,3778.574468085106,0
63,79629,97,812.5408163265306,1
56,172023,59,2867.05,0
30,187248,23,7802.0,0
38,149779,77,1920.2435897435898,1
61,61869,90,679.8791208791209,0
42,51495,76,668.7662337662338,1
23,191209,89,2124.5444444444443,0
18,170359,50,3340.372549019608,0
23,42140,56,739.2982456140351,1
90,154016,94,1621.221052631579,0
41,161143,23,6714.291666666667,0
64,181359,82,2185.0481927710844,1
46,31179,97,318.1530612244898,0
60,101192,54,1839.8545454545454,0
74,198753,31,6211.03125,1
35,112265,99,1122.65,1
79,167629,52,3162.811320754717,1
84,142021,10,12911.0,0
89,140505,12,10808.076923076924,0
86,119131,28,4107.9655172413795,1
72,47200,56,828.0701754385965,0
85,109068,2,36356.0,0
81,121655,56,2134.2982456140353,0
38,193906,66,2894.1194029850744,0
33,167291,88,1879.6741573033707,0
73,54654,27,1951.9285714285713,0
37,186282,5,31047.0,1
18,97203,48,1983.734693877551,0
48,98016,35,2722.6666666666665,0
58,154233,32,4673.727272727273,1
32,110999,32,3363.6060606060605,0
51,34274,3,8568.5,0
86,115225,51,2215.8653846153848,1
60,183866,34,5253.314285714286,0
62,24007,7,3000.875,0
90,153258,81,1869.0,0
45,48151,54,875.4727272727273,0
29,186921,16,10995.35294117647,0
51,188471,4,37694.2,1
71,144391,38,3702.3333333333335,1
70,125291,46,2665.7659574468084,0
89,59951,13,4282.214285714285,1
77,197572,6,28224.571428571428,1
56,158605,6,22657.85714285714,0
78,82824,22,3601.0434782608695,1
88,78240,18,4117.894736842105,0
64,49367,56,866.0877192982456,1
41,86738,71,1204.6944444444443,0
28,20532,20,977.7142857142857,0
19,113294,97,1156.061224489796,1
50,173091,59,2884.85,0
22,91559,49,1831.18,0
26,57946,80,715.3827160493827,1
63,142120,28,4900.689655172414,0
77,155931,47,3248.5625,0
60,137514,99,1375.14,1
65,118898,97,1213.2448979591836,1
79,62097,55,1108.875,0
40,40503,7,5062.875,1
47,127556,87,1449.5,1
45,90774,59,1512.9,1
21,124870,19,6243.5,1
55,193741,56,3398.964912280702,1
56,73071,89,811.9,0
39,56156,44,1247.911111111111,1
50,49112,74,654.8266666666667,1
36,130987,4,26197.4,0
87,182091,14,12139.4,0
70,51841,94,545.6947368421053,1
38,93172,96,960.5360824742268,1
85,50325,56,882.8947368421053,1
85,101047,65,1531.0151515151515,0
55,183905,47,3831.3541666666665,1
75,142861,45,3105.6739130434785,0
45,20820,8,2313.3333333333335,0
52,44444,4,8888.8,1
32,114698,87,1303.3863636363637,1
65,163879,78,2074.4177215189875,1
63,120803,9,12080.3,0
22,186838,6,26691.14285714286,1
65,40388,52,762.0377358490566,0
62,97287,5,16214.5,0
79,83248,13,5946.285714285715,1
23,37466,97,382.3061224489796,1
34,149280,11,12440.0,0
29,170268,5,28378.0,0
22,67063,13,4790.214285714285,1
84,87495,34,2499.8571428571427,1
20,74329,96,766.2783505154639,1
51,28876,9,2887.6,0
40,172649,68,2502.159420289855,1
88,118210,46,2515.1063829787236,1
51,68677,21,3121.681818181818,1
54,20970,7,2621.25,0
46,69139,20,3292.3333333333335,1
26,59456,94,625.8526315789474,0
54,23575,53,436.5740740740741,0
55,172131,98,1738.6969696969697,1
84,164744,76,2139.5324675324673,1
18,33775,13,2412.5,1
41,118905,36,3213.6486486486488,1
56,124202,54,2258.2181818181816,1
78,45603,59,760.05,0
70,68189,3,17047.25,0
82,63234,19,3161.7,1
89,34904,13,2493.1428571428573,0
42,90377,57,1558.2241379310344,1
23,159264,70,2243.154929577465,1
33,140340,75,1846.578947368421,1
60,172766,79,2159.575,1
80,131423,52,2479.6792452830186,1
20,43889,86,504.4712643678161,1
44,130050,5,21675.0,1
45,104104,47,2168.8333333333335,0
50,75044,29,2501.4666666666667,1
20,195860,98,1978.3838383838383,1
22,53327,85,620.0813953488372,0
54,180202,41,4290.523809523809,1
64,122941,28,4239.3448275862065,1
51,71073,76,923.025974025974,1
59,152253,21,6920.590909090909,1
72,189546,59,3159.1,1
79,140819,59,2346.983333333333,0
84,79616,25,3062.153846153846,0
69,183887,37,4839.131578947368,0
39,167940,17,9330.0,0
63,39267,54,713.9454545454546,0
70,90451,25,3478.8846153846152,0
43,36442,39,911.05,1
49,103063,32,3123.121212121212,0
74,137009,14,9133.933333333332,1
83,197898,38,5074.307692307692,1
37,184423,28,6359.413793103448,1
64,86981,27,3106.464285714286,1
45,61391,29,2046.3666666666666,1
31,197578,34,5645.085714285714,1
20,148564,82,1789.9277108433735,0
72,173892,13,12420.857142857143,0
30,46114,91,501.2391304347826,1
29,41076,20,1956.0,1
57,151123,72,2070.178082191781,1
62,46973,46,999.4255319148937,0
39,144125,78,1824.367088607595,0
69,69086,65,1046.7575757575758,1
89,96022,54,1745.8545454545454,1
65,107478,59,1791.3,0
47,149458,10,13587.09090909091,0
37,143768,96,1482.1443298969073,0
82,193101,39,4827.525,0
44,32358,51,622.2692307692307,0
76,23825,38,610.8974358974359,1
42,32499,33,955.8529411764706,0
19,85326,83,1015.7857142857143,1
57,112064,71,1556.4444444444443,1
56,136874,59,2281.233333333333,1
60,56182,28,1937.3103448275863,0
90,40000,35,1111.111111111111,1
76,99849,30,3220.935483870968,0
30,49997,15,3124.8125,1
71,153562,91,1669.1521739130435,0
25,120657,50,2365.823529411765,1
74,129142,63,2017.84375,0
41,173239,73,2341.0675675675675,0
87,147692,71,2051.277777777778,1
19,175102,66,2613.4626865671644,0
35,74445,55,1329.375,0
78,56392,26,2088.5925925925926,0
70,30425,65,460.9848484848485,1
37,109243,11,9103.583333333334,1
82,28546,91,310.2826086956522,0
80,79714,57,1374.3793103448277,0
80,40730,17,2262.777777777778,0
73,64806,2,21602.0,1
39,58394,85,679.0,1
35,149263,2,49754.333333333336,0
72,79863,35,2218.4166666666665,1
51,65449,89,727.2111111111111,1
79,20179,82,243.12048192771084,0
78,59920,74,798.9333333333333,0
70,25739,20,1225.6666666666667,0
62,123784,41,2947.2380952380954,0
72,20921,51,402.3269230769231,1
33,57035,39,1425.875,0
77,164690,73,2225.5405405405404,1
69,152869,11,12739.083333333334,1
21,29017,23,1209.0416666666667,1
27,182282,9,18228.2,1
31,97597,41,2323.7380952380954,0
39,117142,74,1561.8933333333334,0
28,123614,60,2026.4590163934427,0
88,121740,14,8116.0,0
33,118693,57,2046.4310344827586,1
82,156850,49,3137.0,1
80,188044,20,8954.47619047619,0
89,67968,18,3577.2631578947367,1
65,93707,27,3346.6785714285716,1
82,68981,54,1254.2,1
18,145216,33,4271.058823529412,0
81,35606,89,395.6222222222222,0
53,38664,42,899.1627906976744,1
23,92139,38,2362.5384615384614,0
52,69104,16,4064.9411764705883,1
90,179804,65,2724.3030303030305,1
71,153322,1,76661.0,1
57,71410,42,1660.6976744186047,0
67,185087,68,2682.4202898550725,0
78,120260,93,1279.3617021276596,0
29,45087,65,683.1363636363636,1
78,146974,6,20996.285714285714,0
21,86585,87,983.9204545454545,1
20,45952,67,675.7647058823529,1
45,65057,95,677.6770833333334,0
57,79739,54,1449.8,1
89,113454,80,1400.6666666666667,1
32,90214,71,1252.9722222222222,1
81,22824,10,2074.909090909091,0
63,78357,9,7835.7,1
60,32191,98,325.16161616161617,1
88,93534,40,2281.317073170732,1
54,46319,39,1157.975,1
87,55612,20,2648.190476190476,1
32,58499,85,680.2209302325581,1
24,64324,5,10720.666666666666,0
47,49759,52,938.8490566037735,1
56,88066,83,1048.404761904762,0
55,87740,50,1720.3921568627452,0
88,70009,93,744.7765957446809,0
75,146719,24,5868.76,1
54,85835,94,903.5263157894736,0
67,103862,53,1923.3703703703704,0
80,198066,28,6829.862068965517,1
34,104458,65,1582.6969696969697,0
85,133883,46,2848.574468085106,1
34,81814,48,1669.6734693877552,1
45,195469,23,8144.541666666667,0
90,147091,33,4326.205882352941,0
20,124438,27,4444.214285714285,0
41,84442,98,852.9494949494949,0
39,101603,11,8466.916666666666,0
76,182291,22,7925.695652173913,1
21,37428,9,3742.8,1
49,197959,84,2328.929411764706,1
71,134411,70,1893.112676056338,1
56,165594,76,2150.5714285714284,0
44,23370,44,519.3333333333334,1
50,193064,63,3016.625,1
27,105000,81,1280.4878048780488,0
50,154562,93,1644.276595744681,1
41,154487,92,1661.1505376344087,1
40,49821,77,638.7307692307693,1
63,66491,14,4432.733333333334,1
23,198123,70,2790.4647887323945,1
76,146540,98,1480.20202020202,1
79,84929,20,4044.2380952380954,1
50,180539,59,3008.983333333333,1
37,120883,82,1456.421686746988,1
27,165136,32,5004.121212121212,0
53,66142,5,11023.666666666666,0
27,62648,51,1204.7692307692307,1
82,71027,38,1821.2051282051282,1
57,173176,64,2664.246153846154,0
44,129040,16,7590.588235294118,1
50,79508,47,1656.4166666666667,0
86,50624,67,744.4705882352941,0
89,130925,23,5455.208333333333,0
25,86222,84,1014.3764705882353,1
31,30888,64,475.2,1
70,109471,5,18245.166666666668,1
62,97013,27,3464.75,0
80,37201,31,1162.53125,1
43,190206,58,3223.830508474576,1
56,171382,37,4510.0526315789475,0
40,137280,78,1737.7215189873418,1
70,121668,87,1382.590909090909,1
65,175966,60,2884.688524590164,1
75,22880,90,251.42857142857142,1
81,195716,59,3261.9333333333334,1
47,37878,99,378.78,1
86,109073,60,1788.0819672131147,1
52,37812,77,484.7692307692308,0
26,45405,9,4540.5,0
39,97520,43,2216.3636363636365,0
36,32461,73,438.6621621621622,0
70,121030,3,30257.5,0
51,110099,74,1467.9866666666667,1
65,31557,69,450.8142857142857,1
23,185325,68,2685.8695652173915,0
55,41874,50,821.0588235294117,0
84,115451,54,2099.109090909091,0
70,28186,46,599.7021276595744,0
78,56955,69,813.6428571428571,0
42,181116,46,3853.531914893617,1
62,42635,79,532.9375,0
48,26228,53,485.7037037037037,0
80,104334,37,2745.6315789473683,0
20,81952,29,2731.733333333333,0
37,170729,84,2008.5764705882352,0
45,133976,32,4059.878787878788,0
83,100949,91,1097.2717391304348,1
66,99421,54,1807.6545454545455,0
88,35045,25,1347.8846153846155,0
80,100270,7,12533.75,0
52,25196,48,514.204081632653,1
38,31020,51,596.5384615384615,0
68,97239,46,2068.9148936170213,1
88,167380,53,3099.6296296296296,0
62,154482,15,9655.125,1
43,69601,2,23200.333333333332,0
31,58824,8,6536.0,1
63,73933,10,6721.181818181818,1
48,181591,39,4539.775,0
32,139668,97,1425.1836734693877,0
67,185347,41,4413.023809523809,0
25,178760,93,1901.7021276595744,1
75,82445,1,41222.5,1
62,124146,53,2299.0,1
90,175009,36,4729.972972972973,1
31,192458,38,4934.820512820513,0
66,89359,53,1654.7962962962963,1
45,23655,66,353.05970149253733,0
46,195123,98,1970.939393939394,1
32,100814,41,2400.3333333333335,1
48,182867,59,3047.7833333333333,0
62,100090,60,1640.8196721311476,1
19,94252,91,1024.4782608695652,1
85,187630,38,4811.025641025641,1
47,59703,18,3142.2631578947367,0
29,198566,49,3971.32,0
75,152156,78,1926.0253164556962,0
70,35740,23,1489.1666666666667,1
85,65777,48,1342.3877551020407,0
34,182531,73,2466.635135135135,0
73,175324,44,3896.088888888889,1
71,69174,43,1572.1363636363637,0
62,154779,55,2763.910714285714,0
64,93964,8,10440.444444444445,1
44,122787,89,1364.3,1
35,58812,48,1200.2448979591836,1
46,166076,57,2863.3793103448274,0
89,125040,36,3379.4594594594596,1
86,40589,35,1127.4722222222222,1
87,69367,17,3853.722222222222,1
55,114243,52,2155.5283018867926,1
65,53749,98,542.9191919191919,0
57,73586,41,1752.047619047619,1
49,97156,49,1943.12,0
80,102681,63,1604.390625,1
81,174829,47,3642.2708333333335,1
76,177531,51,3414.0576923076924,0
56,145172,51,2791.769230769231,0
78,101668,38,2606.871794871795,1
50,23835,57,410.94827586206895,1
82,39352,11,3279.3333333333335,1
74,28750,67,422.79411764705884,0
43,187053,76,2429.2597402597403,1
68,90369,14,6024.6,0
26,162256,61,2617.032258064516,1
61,40536,77,519.6923076923077,1
18,169153,70,2382.43661971831,0
21,20897,37,549.921052631579,0
87,109348,53,2024.962962962963,1
65,46096,15,2881.0,1
76,199776,59,3329.6,0
88,89470,33,2631.470588235294,0
27,169405,64,2606.230769230769,1
34,46118,9,4611.8,0
59,137094,23,5712.25,1
33,159229,82,1918.421686746988,1
40,26512,49,530.24,0
48,29548,55,527.6428571428571,0
61,173538,98,1752.909090909091,0
64,55150,5,9191.666666666666,1
86,100165,35,2782.3611111111113,1
76,173778,27,6206.357142857143,0
55,49522,89,550.2444444444444,0
32,138000,21,6272.727272727273,0
54,42083,57,725.5689655172414,0
29,28458,61,459.0,0
36,69321,50,1359.235294117647,0
88,84624,30,2729.8064516129034,1
75,134809,35,3744.6944444444443,1
61,35349,77,453.1923076923077,1
44,53498,89,594.4222222222222,1
86,145243,25,5586.2692307692305,1
32,35564,6,5080.571428571428,1
31,105433,84,1240.3882352941177,0
89,96250,94,1013.1578947368421,0
26,193927,42,4509.930232558139,1
76,76357,25,2936.8076923076924,0
90,189570,1,94785.0,1
74,35999,59,599.9833333333333,0
65,186952,51,3595.230769230769,1
84,85278,71,1184.4166666666667,0
81,146214,90,1606.7472527472528,1
55,155461,46,3307.68085106383,0
43,73171,15,4573.1875,0
26,32328,52,609.9622641509434,0
69,152344,75,2004.5263157894738,0
53,30726,49,614.52,0
83,151069,50,2962.1372549019607,1
77,136030,64,2092.769230769231,1
37,161532,92,1736.9032258064517,1
82,109514,83,1303.7380952380952,0
31,119270,79,1490.875,1
53,182101,22,7917.434782608696,1
58,122001,41,2904.785714285714,1
24,172084,23,7170.166666666667,1
75,127765,93,1359.2021276595744,1
85,115776,70,1630.6478873239437,1
40,122518,73,1655.6486486486488,1
61,28718,82,346.0,0
83,25375,24,1015.0,1
49,103961,69,1485.1571428571428,0
49,73690,47,1535.2083333333333,0
39,87152,39,2178.8,0
42,148897,40,3631.6341463414633,1
60,107693,8,11965.888888888889,1
26,111258,91,1209.3260869565217,0
61,36267,12,2789.769230769231,1
20,36980,99,369.8,1
28,52352,68,758.7246376811594,1
66,64187,65,972.530303030303,0
41,41661,66,621.8059701492538,0
24,198879,100,1969.09900990099,1
57,97398,64,1498.4307692307693,0
21,62056,81,756.780487804878,1
69,84250,91,915.7608695652174,0
58,98907,34,2825.9142857142856,0
66,54379,11,4531.583333333333,1
83,148085,39,3702.125,1
38,148411,87,1686.4886363636363,0
74,179913,5,29985.5,1
23,23723,89,263.5888888888889,1
51,184446,78,2334.759493670886,1
20,155731,55,2780.910714285714,1
73,176332,68,2555.536231884058,1
63,178120,70,2508.7323943661972,1
66,122141,79,1526.7625,1
71,77761,84,914.8352941176471,0
25,24449,67,359.54411764705884,0
59,72411,12,5570.076923076923,0
53,54721,20,2605.7619047619046,0
53,68319,87,776.3522727272727,1
41,21275,74,283.6666666666667,1
28,121253,76,1574.7142857142858,1
37,139264,94,1465.9368421052632,0
48,65033,30,2097.8387096774195,1
84,78803,89,875.5888888888888,1
49,174272,92,1873.8924731182797,0
74,88168,49,1763.36,1
67,62572,25,2406.6153846153848,1
84,191921,29,6397.366666666667,1
68,115685,31,3615.15625,1
33,199974,89,2221.9333333333334,1
59,136463,91,1483.2934782608695,1
22,27557,21,1252.590909090909,1
31,97727,26,3619.5185185185187,0
62,74599,55,1332.125,0
70,29682,29,989.4,0
33,186172,41,4432.666666666667,1
60,140252,35,3895.8888888888887,1
28,163852,96,1689.1958762886597,1
53,110477,60,1811.0983606557377,0
66,142648,76,1852.5714285714287,1
28,75203,53,1392.648148148148,0
52,155333,13,11095.214285714286,1
58,154845,96,1596.340206185567,0
36,34796,78,440.45569620253167,1
55,196752,30,6346.8387096774195,1
29,120272,1,60136.0,1
26,189551,89,2106.1222222222223,0
38,102342,37,2693.2105263157896,1
76,23419,81,285.5975609756098,0
52,58278,52,1099.5849056603774,0
86,163415,62,2593.8888888888887,0
35,38725,96,399.22680412371136,1
18,167412,51,3219.4615384615386,1
65,139922,41,3331.4761904761904,0
69,184363,34,5267.5142857142855,0
83,63152,29,2105.0666666666666,0
55,91443,70,1287.9295774647887,1
30,34334,78,434.60759493670884,1
44,120812,55,2157.3571428571427,1
76,125673,93,1336.9468085106382,1
56,107804,97,1100.0408163265306,1
70,162133,36,4381.972972972973,1
32,25239,58,427.77966101694915,0
63,72368,36,1955.8918918918919,0
76,52522,71,729.4722222222222,0
19,51450,21,2338.6363636363635,1
68,124887,7,15610.875,0
87,101328,50,1986.8235294117646,0
81,89859,36,2428.6216216216217,1
79,170260,8,18917.777777777777,1
89,145463,56,2551.9824561403507,0
76,47825,98,483.0808080808081,0
27,159822,44,3551.6,1
50,107783,1,53891.5,0
29,75283,15,4705.1875,1
61,124481,6,17783.0,0
34,81885,85,952.1511627906976,1
37,133135,91,1447.1195652173913,0
36,83653,29,2788.4333333333334,1
48,155979,43,3544.9772727272725,0
44,71428,65,1082.2424242424242,1
26,195850,6,27978.571428571428,1
76,109626,86,1260.0689655172414,1
68,193591,87,2199.8977272727275,1
75,30236,43,687.1818181818181,1
50,175589,26,6503.2962962962965,0
32,41946,4,8389.2,1
69,176349,22,7667.347826086957,0
25,103658,49,2073.16,1
33,36545,15,2284.0625,0
32,176119,22,7657.347826086957,1
79,78788,92,847.1827956989247,1
75,35687,39,892.175,1
57,22928,24,917.12,0
27,89134,87,1012.8863636363636,0
52,187024,47,3896.3333333333335,0
27,59789,38,1533.051282051282,0
75,142387,88,1599.8539325842696,0
79,63075,43,1433.5227272727273,0
64,31419,44,698.2,0
24,97786,19,4889.3,0
81,149116,23,6213.166666666667,0
28,105763,28,3647.0,0
31,21434,17,1190.7777777777778,1
46,41481,16,2440.0588235294117,1
46,77869,88,874.9325842696629,0
49,55991,73,756.6351351351351,0
77,22709,28,783.0689655172414,0
72,106206,7,13275.75,0
48,99453,29,3315.1,0
33,57225,80,706.4814814814815,1
72,145160,10,13196.363636363636,0
84,37532,10,3412.0,1
32,90856,6,12979.42857142857,1
30,187694,67,2760.205882352941,1
68,20866,77,267.5128205128205,0
71,197001,15,12312.5625,0
72,100164,78,1267.8987341772151,1
83,79505,77,1019.2948717948718,0
30,71792,16,4223.058823529412,0
38,193288,71,2684.5555555555557,1
40,67859,21,3084.5,0
28,182439,13,13031.357142857143,0
28,70650,33,2077.9411764705883,0
51,164173,63,2565.203125,1
40,125497,63,1960.890625,0
53,174351,37,4588.184210526316,0
79,120780,23,5032.5,0
85,58960,28,2033.103448275862,1
89,90809,13,6486.357142857143,0
89,174494,34,4985.542857142857,1
29,65528,18,3448.842105263158,1
85,107755,50,2112.843137254902,0
34,135433,47,2821.5208333333335,1
75,161433,52,3045.9056603773583,0
56,29897,72,409.54794520547944,0
56,135024,73,1824.6486486486488,1
38,136575,49,2731.5,1
87,126377,11,10531.416666666666,0
37,193293,74,2577.24,1
52,62455,8,6939.444444444444,0
21,116740,22,5075.652173913043,0
64,86896,73,1174.2702702702702,0
34,49255,30,1588.8709677419354,0
42,26956,80,332.7901234567901,1
41,45700,96,471.1340206185567,1
59,124437,54,2262.490909090909,0
37,47436,84,558.0705882352942,0
73,128733,10,11703.0,0
34,197613,73,2670.445945945946,0
24,43191,90,474.6263736263736,1
55,112316,53,2079.925925925926,1
69,188731,51,3629.4423076923076,1
34,49960,34,1427.4285714285713,1
43,187473,8,20830.333333333332,1
45,71012,12,5462.461538461538,1
26,169102,77,2167.974358974359,1
50,100904,58,1710.2372881355932,0
62,21886,17,1215.888888888889,1
39,43020,21,1955.4545454545455,1
25,136088,18,7162.526315789473,1
81,42908,8,4767.555555555556,0
34,47568,93,506.0425531914894,1
60,143326,93,1524.7446808510638,1
75,107716,67,1584.0588235294117,1
66,39049,35,1084.6944444444443,1
89,21940,87,249.3181818181818,0
20,196164,64,3017.9076923076923,0
35,76835,89,853.7222222222222,0
70,69382,77,889.5128205128206,0
37,160285,76,2081.6233766233768,1
65,186108,4,37221.6,1
57,138248,51,2658.6153846153848,0
86,152236,42,3540.3720930232557,1
65,127440,4,25488.0,0
31,167243,21,7601.954545454545,0
84,170291,47,3547.7291666666665,1
74,134579,13,9612.785714285714,0
41,178148,18,9376.21052631579,1
84,138555,19,6927.75,0
82,134939,74,1799.1866666666667,0
60,20983,100,207.75247524752476,1
72,151225,8,16802.777777777777,1
65,56974,75,749.6578947368421,0
30,54322,9,5432.2,0
87,189593,23,7899.708333333333,1
25,80819,2,26939.666666666668,1
80,64344,38,1649.8461538461538,1
88,28821,84,339.0705882352941,1
76,179441,4,35888.2,0
73,98804,19,4940.2,0
79,40055,15,2503.4375,1
71,180401,57,3110.362068965517,1
54,188310,70,2652.2535211267605,0
61,23397,55,417.80357142857144,1
83,122923,79,1536.5375,0
43,123492,22,5369.217391304348,1
82,166464,81,2030.0487804878048,1
37,169211,52,3192.6603773584907,1
28,159110,40,3880.731707317073,0
35,152630,61,2461.7741935483873,0
65,103966,35,2887.9444444444443,1
58,23589,45,512.804347826087,0
85,97522,11,8126.833333333333,0
27,156155,3,39038.75,1
77,138289,64,2127.523076923077,0
67,112189,15,7011.8125,0
90,99822,56,1751.2631578947369,1
36,158700,92,1706.4516129032259,0
64,68848,88,773.5730337078652,1
53,88212,3,22053.0,0
68,110326,43,2507.409090909091,0
53,195695,26,7247.962962962963,1
58,37562,11,3130.1666666666665,0
72,20878,82,251.5421686746988,1
32,88808,88,997.8426966292135,1
38,87383,97,891.6632653061224,1
81,196802,87,2236.3863636363635,0
43,172638,76,2242.051948051948,1
86,39459,25,1517.6538461538462,1
52,102466,40,2499.170731707317,1
51,77602,43,1763.6818181818182,1
27,72109,66,1076.2537313432836,0
69,145865,95,1519.4270833333333,1
31,175266,79,2190.825,1
34,87545,13,6253.214285714285,1
48,171641,8,19071.222222222223,1
52,29336,41,698.4761904761905,0
42,141977,33,4175.794117647059,1
84,35601,66,531.3582089552239,1
24,98324,40,2398.1463414634145,1
36,152925,19,7646.25,0
40,66985,16,3940.294117647059,1
34,55205,20,2628.809523809524,0
29,44290,1,22145.0,1
36,27305,34,780.1428571428571,1
64,72189,97,736.6224489795918,0
61,106352,60,1743.4754098360656,0
88,130826,84,1539.129411764706,0
48,32916,29,1097.2,1
73,163246,70,2299.239436619718,1
32,63786,81,777.8780487804878,1
76,98554,73,1331.8108108108108,1
42,34632,66,516.8955223880597,1
40,53210,42,1237.4418604651162,1
80,166058,49,3321.16,1
18,112627,21,5119.409090909091,1
63,138351,5,23058.5,0
78,140540,67,2066.764705882353,1
90,182058,52,3435.056603773585,0
33,21603,5,3600.5,0
81,180509,46,3840.6170212765956,1
26,177735,27,6347.678571428572,1
29,89885,4,17977.0,0
19,40966,23,1706.9166666666667,1
36,169052,94,1779.4947368421053,0
46,42394,10,3854.0,1
76,91358,4,18271.6,0
63,121571,73,1642.8513513513512,1
28,89697,94,944.1789473684211,0
23,170583,19,8529.15,0
56,156770,20,7465.238095238095,0
84,135440,17,7524.444444444444,1
50,91772,47,1911.9166666666667,0
36,197750,37,5203.9473684210525,1
19,87765,85,1020.5232558139535,1
89,98876,67,1454.0588235294117,1
57,40926,80,505.25925925925924,1
40,34644,40,844.9756097560976,0
90,109054,92,1172.6236559139784,0
29,50126,9,5012.6,0
20,51082,7,6385.25,0
59,144986,19,7249.3,1
79,154154,86,1771.8850574712644,0
67,158573,14,10571.533333333333,1
22,20199,34,577.1142857142858,1
68,98684,89,1096.4888888888888,0
54,126194,89,1402.1555555555556,0
31,34553,46,735.1702127659574,0
23,153922,20,7329.619047619048,1
30,44829,10,4075.3636363636365,0
22,143583,100,1421.6138613861385,0
67,67979,53,1258.8703703703704,0
83,106391,43,2417.9772727272725,1
59,89423,28,3083.551724137931,0
35,172523,41,4107.690476190476,0
62,111818,38,2867.128205128205,0
64,73644,91,800.4782608695652,1
64,168209,46,3578.9148936170213,0
40,192881,39,4822.025,0
33,114073,89,1267.4777777777779,1
63,127043,20,6049.666666666667,0
41,22648,9,2264.8,1
18,22036,55,393.5,0
51,191216,97,1951.1836734693877,0
74,153154,39,3828.85,0
50,187197,72,2564.3424657534247,0
56,151648,8,16849.777777777777,1
66,150663,42,3503.7906976744184,1
19,191192,95,1991.5833333333333,0
88,171265,83,2038.8690476190477,1
59,82408,14,5493.866666666667,0
78,51724,84,608.5176470588235,1
52,131198,21,5963.545454545455,0
33,127024,83,1512.1904761904761,0
66,86216,88,968.7191011235955,0
76,95150,45,2068.478260869565,0
63,26230,58,444.5762711864407,1
28,107082,66,1598.2388059701493,1
61,199363,3,49840.75,1
83,53211,4,10642.2,1
53,49697,46,1057.3829787234042,0
75,31898,23,1329.0833333333333,0
48,107177,15,6698.5625,0
73,146108,59,2435.133333333333,0
79,132708,71,1843.1666666666667,1
44,149592,87,1699.909090909091,1
78,104986,70,1478.6760563380283,0
29,31416,69,448.8,0
26,140235,35,3895.4166666666665,0
30,93767,48,1913.6122448979593,0
76,92672,48,1891.265306122449,0
76,114130,66,1703.4328358208954,0
59,56097,96,578.319587628866,1
62,80104,74,1068.0533333333333,0
52,165429,15,10339.3125,0
63,119821,28,4131.758620689655,0
42,116540,19,5827.0,0
80,118905,66,1774.7014925373135,0
77,189466,1,94733.0,0
84,50108,84,589.5058823529412,0
31,153075,43,3478.9772727272725,1
59,195896,82,2360.1927710843374,0
47,27095,12,2084.230769230769,0
37,40150,3,10037.5,1
87,32857,2,10952.333333333334,0
30,140216,7,17527.0,1
22,31929,99,319.29,1
66,98311,26,3641.1481481481483,1
39,80043,47,1667.5625,1
86,135603,90,1490.142857142857,1
60,174351,64,2682.3230769230768,0
72,175828,60,2882.4262295081967,1
87,154901,17,8605.611111111111,0
27,137377,51,2641.8653846153848,1
71,36027,49,720.54,1
28,68291,4,13658.2,0
42,24001,95,250.01041666666666,1
24,150027,90,1648.6483516483515,1
89,168614,76,2189.7922077922076,0
58,73485,73,993.0405405405405,0
67,152453,43,3464.840909090909,0
86,187146,1,93573.0,0
78,134947,61,2176.564516129032,1
34,150736,18,7933.473684210527,1
43,123366,43,2803.7727272727275,0
45,162551,21,7388.681818181818,1
90,99288,97,1013.1428571428571,0
60,116720,92,1255.0537634408602,0
67,81991,60,1344.1147540983607,0
52,47406,76,615.6623376623377,0
54,29398,37,773.6315789473684,0
46,148427,90,1631.065934065934,1
70,117045,46,2490.31914893617,0
72,126003,11,10500.25,1
56,165783,2,55261.0,0
71,70085,90,770.1648351648352,1
40,189156,8,21017.333333333332,0
48,99430,37,2616.5789473684213,0
80,125030,42,2907.6744186046512,1
61,113868,53,2108.6666666666665,0
51,71339,1,35669.5,1
38,43468,3,10867.0,0
83,173203,52,3267.9811320754716,1
79,194818,63,3044.03125,1
46,96971,15,6060.6875,1
47,172003,86,1977.0459770114942,1
27,107792,45,2343.304347826087,0
28,137625,62,2184.5238095238096,1
56,167222,87,1900.25,0
88,188402,95,1962.5208333333333,0
29,67197,3,16799.25,0
77,86419,13,6172.785714285715,0
90,118604,42,2758.232558139535,1
79,179720,93,1911.9148936170213,0
79,60062,42,1396.7906976744187,1
51,178931,18,9417.421052631578,1
28,76942,59,1282.3666666666666,0
53,118042,28,4070.4137931034484,1
87,63313,73,855.581081081081,0
56,119512,86,1373.7011494252874,0
80,42513,20,2024.4285714285713,0
34,27740,7,3467.5,1
37,190729,45,4146.282608695652,0
76,120275,21,5467.045454545455,0
48,71907,72,985.027397260274,0
79,163469,75,2150.907894736842,1
72,22824,20,1086.857142857143,0
86,68212,58,1156.135593220339,1
42,192245,69,2746.3571428571427,0
28,155256,58,2631.4576271186443,1
34,162056,81,1976.2926829268292,1
18,118228,20,5629.9047619047615,1
32,65636,84,772.1882352941177,1
77,195770,71,2719.027777777778,1
70,158672,43,3606.181818181818,1
37,98586,86,1133.1724137931035,1
28,43056,88,483.7752808988764,0
44,44316,81,540.439024390244,0
24,56346,62,894.3809523809524,1
32,178025,76,2312.012987012987,0
37,54165,37,1425.3947368421052,0
19,73665,43,1674.2045454545455,1
53,65798,80,812.320987654321,1
22,193068,73,2609.027027027027,0
45,189649,57,3269.810344827586,0
18,149899,57,2584.4655172413795,1
56,141924,16,8348.470588235294,0
65,25498,18,1342.0,0
53,44464,64,684.0615384615385,1
83,100667,78,1274.26582278481,1
64,58197,48,1187.6938775510205,0
84,167749,69,2396.4142857142856,1
51,33043,31,1032.59375,1
64,26207,57,451.8448275862069,1
40,59318,34,1694.8,0
49,76998,80,950.5925925925926,1
72,171683,53,3179.314814814815,1
45,51160,68,741.4492753623189,0
53,67671,76,878.8441558441558,0
87,84557,60,1386.1803278688524,0
71,57776,29,1925.8666666666666,1
66,89653,79,1120.6625,0
83,199893,5,33315.5,1
30,136991,27,4892.535714285715,1
56,130365,39,3259.125,0
37,150893,63,2357.703125,1
41,95729,11,7977.416666666667,0
70,147532,65,2235.3333333333335,1
89,71424,95,744.0,0
88,54709,91,594.6630434782609,1
26,71104,11,5925.333333333333,1
55,169139,21,7688.136363636364,0
71,52721,32,1597.6060606060605,1
86,81031,11,6752.583333333333,0
54,73555,89,817.2777777777778,0
52,160104,95,1667.75,1
28,40934,72,560.7397260273973,1
43,102757,7,12844.625,0
89,146649,85,1705.2209302325582,0
87,97521,4,19504.2,0
35,188659,38,4837.410256410257,1
73,165317,70,2328.4084507042253,0
19,179553,33,5280.970588235294,0
84,76615,49,1532.3,1
74,28809,18,1516.2631578947369,0
27,112143,11,9345.25,1
61,62204,74,829.3866666666667,0
41,138359,79,1729.4875,1
27,189580,92,2038.494623655914,0
84,27593,86,317.1609195402299,1
64,106798,60,1750.7868852459017,0
88,43302,28,1493.1724137931035,0
81,157448,64,2422.276923076923,0
28,46383,45,1008.3260869565217,1
45,27858,98,281.3939393939394,1
86,74395,95,774.9479166666666,1
41,110240,66,1645.3731343283582,1
34,103152,53,1910.2222222222222,1
46,197447,37,5195.973684210527,0
85,54029,84,635.635294117647,1
50,58267,74,776.8933333333333,0
18,92870,47,1934.7916666666667,1
74,84161,17,4675.611111111111,1
84,27598,61,445.1290322580645,0
25,110272,4,22054.4,1
36,72942,3,18235.5,0
41,33166,98,335.010101010101,1
42,177137,46,3768.872340425532,1
81,101078,23,4211.583333333333,1
25,121952,95,1270.3333333333333,0
26,94811,40,2312.4634146341464,1
24,191499,97,1954.0714285714287,1
22,172849,90,1899.4395604395604,0
42,80041,33,2354.1470588235293,1
71,151678,93,1613.595744680851,0
63,140920,23,5871.666666666667,1
54,161757,1,80878.5,1
45,184031,18,9685.842105263158,0
89,127370,93,1355.0,1
53,160714,12,12362.615384615385,0
75,59182,76,768.5974025974026,1
57,161858,28,5581.310344827586,1
86,98918,55,1766.392857142857,1
39,80927,3,20231.75,1
56,177710,90,1952.857142857143,1
67,55805,42,1297.7906976744187,0
35,47204,49,944.08,0
39,58698,8,6522.0,0
75,125398,25,4823.0,1
66,65088,100,644.4356435643564,0
52,84740,58,1436.2711864406779,0
57,193597,33,5694.029411764706,1
22,48037,92,516.5268817204301,1
59,137121,37,3608.4473684210525,0
41,35307,79,441.3375,0
69,154674,67,2274.6176470588234,0
59,127921,49,2558.42,0
77,42953,43,976.2045454545455,1
83,138089,11,11507.416666666666,1
37,151578,100,1500.7722772277227,1
73,103224,44,2293.866666666667,0
80,195726,67,2878.323529411765,0
22,48681,84,572.7176470588236,0
36,139139,87,1581.125,0
70,32284,24,1291.36,1
57,49559,12,3812.230769230769,0
72,40145,56,704.2982456140351,0
73,144401,73,1951.3648648648648,0
35,134798,20,6418.952380952381,0
57,83374,10,7579.454545454545,0
38,146412,76,1901.4545454545455,1
58,103436,93,1100.3829787234042,1
53,148873,6,21267.571428571428,1
77,42635,27,1522.6785714285713,1
82,104966,30,3386.0,0
24,178004,7,22250.5,0
79,104869,76,1361.935064935065,1
30,178671,74,2382.28,1
42,123545,57,2130.0862068965516,1
53,189419,62,3006.6507936507937,0
31,102578,51,1972.6538461538462,0
26,48776,89,541.9555555555555,1
87,170557,35,4737.694444444444,0
49,112382,34,3210.9142857142856,1
78,28023,3,7005.75,1
25,193566,56,3395.8947368421054,0
32,83037,70,1169.5352112676057,1
43,101871,33,2996.205882352941,1
50,26811,22,1165.695652173913,1
43,139631,19,6981.55,1
51,32218,59,536.9666666666667,1
71,164876,44,3663.911111111111,0
86,24665,27,880.8928571428571,1
42,131830,2,43943.333333333336,0
66,187560,6,26794.285714285714,0
37,39192,46,833.8723404255319,0
52,198962,48,4060.4489795918366,1
43,99031,20,4715.761904761905,1
56,186643,47,3888.3958333333335,1
42,104019,39,2600.475,0
29,191079,73,2582.1486486486488,0
89,169653,30,5472.677419354839,1
20,61316,99,613.16,1
51,23876,14,1591.7333333333333,0
77,151476,61,2443.1612903225805,1
22,155741,37,4098.4473684210525,1
52,115542,92,1242.3870967741937,1
50,127292,25,4895.846153846154,0
86,99936,56,1753.2631578947369,0
37,65751,69,939.3,1
50,46339,33,1362.9117647058824,0
46,42984,63,671.625,0
20,159909,10,14537.181818181818,0
60,154753,81,1887.2317073170732,0
66,97759,34,2793.114285714286,1
58,129533,40,3159.3414634146343,0
77,114109,56,2001.9122807017543,0
25,193099,61,3114.5,1
36,25679,27,917.1071428571429,0
83,53064,29,1768.8,1
72,90949,85,1057.546511627907,0
37,58954,29,1965.1333333333334,1
22,87050,18,4581.578947368421,0
48,180428,78,2283.8987341772154,1
69,34294,1,17147.0,1
51,42047,86,483.2988505747126,0
62,177862,83,2117.404761904762,0
58,52883,76,686.7922077922078,0
84,42024,92,451.8709677419355,1
34,43908,39,1097.7,1
62,68465,71,950.9027777777778,0
74,187688,34,5362.5142857142855,0
78,185488,73,2506.5945945945946,1
69,111978,66,1671.313432835821,0
69,40871,23,1702.9583333333333,1
29,28669,47,597.2708333333334,0
74,177804,25,6838.615384615385,0
31,25148,63,392.9375,1
79,77591,32,2351.242424242424,1
34,113964,63,1780.6875,0
80,129865,44,2885.8888888888887,1
61,107955,71,1499.375,1
89,129756,54,2359.2,1
50,114366,31,3573.9375,0
51,119324,31,3728.875,0
19,76012,60,1246.0983606557377,1
20,94345,25,3628.653846153846,1
22,39157,69,559.3857142857142,1
39,89863,86,1032.9080459770114,0
72,166995,4,33399.0,0
53,86365,13,6168.928571428572,1
34,173623,2,57874.333333333336,0
39,163949,98,1656.050505050505,0
72,40658,20,1936.095238095238,1
77,77513,82,933.8915662650602,1
52,121475,80,1499.6913580246915,0
82,73461,51,1412.7115384615386,0
63,93886,30,3028.5806451612902,1
83,65820,3,16455.0,0
35,166709,95,1736.5520833333333,0
65,112163,93,1193.223404255319,0
47,161562,18,8503.263157894737,0
43,151202,87,1718.2045454545455,0
51,76833,87,873.1022727272727,0
81,141222,1,70611.0,1
41,175369,32,5314.212121212121,1
24,108217,20,5153.190476190476,0
61,148865,92,1600.6989247311828,0
39,55406,21,2518.4545454545455,1
32,172282,17,9571.222222222223,0
90,69779,55,1246.0535714285713,1
66,180478,57,3111.689655172414,0
41,57135,16,3360.8823529411766,1
43,120986,81,1475.439024390244,0
86,157524,92,1693.8064516129032,1
26,118886,57,2049.7586206896553,0
19,177436,36,4795.5675675675675,1
74,58274,2,19424.666666666668,1
68,189877,25,7302.961538461538,0
84,147887,44,3286.3777777777777,1
19,138816,44,3084.8,1
83,87975,80,1086.111111111111,1
38,141253,26,5231.592592592592,1
39,39053,57,673.3275862068965,1
61,113273,93,1205.031914893617,1
84,190035,1,95017.5,1
42,35799,18,1884.157894736842,1
81,117484,65,1780.060606060606,0
24,98243,82,1183.6506024096386,0
49,160054,49,3201.08,0
46,144493,29,4816.433333333333,0
32,78326,83,932.452380952381,1
68,133648,22,5810.782608695652,1
30,137054,91,1489.7173913043478,1
48,138002,85,1604.6744186046512,1
22,150086,94,1579.8526315789475,1
89,151633,20,7220.619047619048,0
52,186878,12,14375.23076923077,0
20,149480,20,7118.0952380952385,1
90,141159,93,1501.6914893617022,0
42,178577,63,2790.265625,0
31,121543,18,6397.0,0
52,133942,11,11161.833333333334,0
85,199358,49,3987.16,1
84,177779,48,3628.1428571428573,1
89,139653,58,2367.0,1
79,123498,13,8821.285714285714,0
85,147087,24,5883.48,0
39,27367,80,337.8641975308642,0
64,158871,38,4073.6153846153848,0
19,134998,69,1928.5428571428572,0
78,158735,72,2174.4520547945203,0
63,195002,30,6290.387096774193,0
65,46819,14,3121.266666666667,1
74,187046,14,12469.733333333334,1
70,188594,59,3143.233333333333,0
53,112950,11,9412.5,1
51,76146,53,1410.111111111111,0
58,141177,84,1660.9058823529413,1
31,40621,12,3124.6923076923076,1
69,41245,14,2749.6666666666665,0
25,66963,28,2309.0689655172414,0
49,149936,16,8819.764705882353,0
87,69459,79,868.2375,0
28,105895,88,1189.8314606741574,1
32,197440,74,2632.5333333333333,0
43,49218,94,518.0842105263158,1
84,168601,3,42150.25,0
21,37929,11,3160.75,0
88,198315,91,2155.5978260869565,0
38,163033,61,2629.564516129032,1
23,84413,38,2164.4358974358975,0
45,21049,23,877.0416666666666,0
52,109382,7,13672.75,1
81,110129,40,2686.0731707317073,0
35,106469,93,1132.6489361702127,1
63,142758,31,4461.1875,1
58,81287,37,2139.1315789473683,1
29,179469,50,3519.0,1
44,31411,17,1745.0555555555557,0
20,58064,56,1018.6666666666666,0
49,70578,92,758.9032258064516,0
78,48786,65,739.1818181818181,1
55,52157,62,827.8888888888889,0
49,94900,4,18980.0,0
29,153186,21,6963.0,0
24,58413,86,671.4137931034483,1
54,191369,57,3299.4655172413795,0
29,36674,54,666.8,0
27,177621,90,1951.8791208791208,0
20,164530,56,2886.4912280701756,1
78,70148,68,1016.6376811594203,0
59,144151,28,4970.724137931034,0
71,198322,67,2916.5,0
21,30146,34,861.3142857142857,1
29,144914,43,3293.5,1
89,196042,12,15080.153846153846,0
80,122498,88,1376.3820224719102,0
77,166157,86,1909.8505747126437,1
67,167814,61,2706.6774193548385,0
22,94078,38,2412.25641025641,1
42,112577,42,2618.0697674418607,1
54,147584,27,5270.857142857143,1
84,154242,63,2410.03125,1
37,33903,27,1210.8214285714287,1
82,102156,100,1011.4455445544554,0
25,31189,51,599.7884615384615,0
80,151334,26,5604.962962962963,0
34,171210,73,2313.6486486486488,0
74,25323,34,723.5142857142857,1
43,195674,39,4891.85,0
64,189881,82,2287.722891566265,0
54,93144,93,990.8936170212766,0
72,45601,13,3257.214285714286,0
55,145373,64,2236.507692307692,1
40,22026,29,734.2,0
71,72593,47,1512.3541666666667,0
45,141184,43,3208.7272727272725,0
34,185072,83,2203.2380952380954,1
83,101120,66,1509.2537313432836,0
65,128923,59,2148.7166666666667,0
27,108786,14,7252.4,1
77,81379,39,2034.475,1
69,130285,70,1835.0,0
54,26192,71,363.77777777777777,0
19,26599,95,277.0729166666667,1
70,108388,46,2306.127659574468,1
78,157375,75,2070.7236842105262,1
71,144173,28,4971.482758620689,1
22,192166,40,4686.975609756098,1
76,99097,88,1113.4494382022472,1
26,28407,7,3550.875,0
71,71852,12,5527.076923076923,1
77,144561,60,2369.8524590163934,1
46,83692,52,1579.0943396226414,0
81,108514,56,1903.7543859649122,1
57,125458,99,1254.58,0
51,167612,39,4190.3,0
25,42575,47,886.9791666666666,1
52,96643,28,3332.5172413793102,0
72,71997,41,1714.2142857142858,0
39,79966,20,3807.904761904762,1
48,43583,62,691.7936507936508,0
77,124839,8,13871.0,1
52,69683,81,849.7926829268292,1
56,59446,47,1238.4583333333333,0
90,148422,85,1725.8372093023256,0
52,24574,90,270.04395604395603,1
65,50861,29,1695.3666666666666,0
90,196257,23,8177.375,1
45,143360,2,47786.666666666664,0
57,149403,14,9960.2,1
79,36781,74,490.41333333333336,0
87,51043,67,750.6323529411765,1
33,61214,89,680.1555555555556,1
71,148310,90,1629.7802197802198,1
19,127564,78,1614.73417721519,1
41,66860,50,1310.9803921568628,0
24,152594,54,2774.4363636363637,1
57,170546,45,3707.521739130435,1
32,168934,39,4223.35,1
31,181011,92,1946.3548387096773,0
60,127852,51,2458.6923076923076,0
89,164054,51,3154.8846153846152,0
66,25316,11,2109.6666666666665,1
49,75885,100,751.3366336633663,1
80,157103,97,1603.091836734694,1
74,173618,77,2225.871794871795,0
27,162585,64,2501.3076923076924,0
87,180934,69,2584.7714285714287,1
79,109947,39,2748.675,1
23,92523,56,1623.2105263157894,1
38,122033,46,2596.446808510638,0
48,34059,43,774.0681818181819,0
54,194032,12,14925.538461538461,0
44,135553,95,1412.0104166666667,1
85,76818,1,38409.0,0
18,57916,52,1092.754716981132,1
28,100314,60,1644.4918032786886,1
70,61890,37,1628.6842105263158,0
39,149086,71,2070.6388888888887,1
59,42785,70,602.6056338028169,1
26,77303,46,1644.7446808510638,1
18,75022,95,781.4791666666666,0
36,146184,44,3248.5333333333333,0
62,107656,97,1098.530612244898,0
60,25538,72,349.83561643835617,0
90,158153,77,2027.6025641025642,0
64,118811,62,1885.888888888889,0
52,173043,28,5967.0,0
32,173832,70,2448.3380281690143,1
29,128469,24,5138.76,1
30,129006,43,2931.9545454545455,1
90,24347,73,329.0135135135135,1
21,137238,24,5489.52,1
31,172777,13,12341.214285714286,0
73,47675,21,2167.0454545454545,0
66,62725,40,1529.878048780488,1
19,179203,29,5973.433333333333,0
50,91959,49,1839.18,0
39,56090,48,1144.6938775510205,1
81,122073,8,13563.666666666666,1
90,184985,55,3303.3035714285716,1
50,42453,77,544.2692307692307,1
77,32206,76,418.2597402597403,1
36,102044,22,4436.695652173913,0
47,22417,20,1067.4761904761904,0
71,112988,65,1711.939393939394,1
52,93248,46,1984.0,0
28,196498,2,65499.333333333336,1
76,80972,13,5783.714285714285,1
31,47445,52,895.188679245283,0
44,56760,87,645.0,0
86,129626,68,1878.6376811594203,1
72,171751,52,3240.5849056603774,0
52,54960,27,1962.857142857143,0
86,132309,57,2281.189655172414,1
34,69121,49,1382.42,1
69,150531,44,3345.133333333333,0
46,122155,80,1508.0864197530864,1
84,170667,10,15515.181818181818,1
31,131478,6,18782.571428571428,1
57,135246,46,2877.574468085106,1
38,68582,22,2981.8260869565215,1
36,179806,92,1933.3978494623657,1
53,21829,14,1455.2666666666667,0
62,126098,74,1681.3066666666666,1
71,69428,84,816.8,1
32,133103,54,2420.0545454545454,0
20,23661,42,550.2558139534884,1
89,148969,16,8762.882352941177,0
55,78452,57,1352.6206896551723,1
59,173817,3,43454.25,0
24,77422,89,860.2444444444444,1
66,159216,51,3061.846153846154,0
53,24437,20,1163.6666666666667,1
71,32974,33,969.8235294117648,1
49,34406,77,441.1025641025641,0
23,52133,44,1158.5111111111112,0
18,186928,55,3338.0,1
47,131528,11,10960.666666666666,0
24,115246,30,3717.6129032258063,1
21,83859,6,11979.857142857143,1
68,38682,98,390.72727272727275,1
45,148549,88,1669.0898876404494,0
66,124247,91,1350.5108695652175,0
51,175388,45,3812.782608695652,1
45,135329,100,1339.8910891089108,0
67,56289,95,586.34375,1
20,36956,16,2173.8823529411766,0
27,118526,20,5644.0952380952385,0
40,84640,93,900.4255319148937,0
24,140497,68,2036.1884057971015,0
26,192599,5,32099.833333333332,0
57,73842,48,1506.9795918367347,1
90,146104,10,13282.181818181818,1
77,75634,94,796.1473684210526,1
26,198146,47,4128.041666666667,1
82,59440,51,1143.076923076923,1
36,185148,43,4207.909090909091,1
23,73697,97,752.0102040816327,0
22,28146,27,1005.2142857142857,1
47,158881,23,6620.041666666667,1
54,149112,6,21301.714285714286,1
37,142577,94,1500.8105263157895,0
77,24926,89,276.9555555555556,1
36,40274,48,821.9183673469388,1
46,173593,56,3045.4912280701756,1
60,190389,66,2841.626865671642,0
86,133492,64,2053.723076923077,1
63,31450,75,413.8157894736842,1
63,57791,55,1031.982142857143,1
89,163783,60,2684.967213114754,1
27,197650,70,2783.8028169014083,1
49,114530,55,2045.1785714285713,1
27,111483,76,1447.8311688311687,0
48,73728,83,877.7142857142857,0
22,108290,65,1640.7575757575758,1
56,185904,9,18590.4,1
80,28846,41,686.8095238095239,1
24,77953,99,779.53,1
78,92893,6,13270.42857142857,1
72,179246,39,4481.15,1
74,96944,8,10771.555555555555,1
86,94557,52,1784.0943396226414,1
19,195200,89,2168.8888888888887,1
57,165877,30,5350.870967741936,1
67,171802,100,1701.009900990099,0
30,147995,58,2508.3898305084745,0
80,199278,40,4860.4390243902435,0
81,162194,72,2221.8356164383563,1
86,171518,45,3728.6521739130435,0
71,106395,18,5599.736842105263,1
39,110432,82,1330.5060240963855,1
85,62283,26,2306.777777777778,1
38,192313,15,12019.5625,1
59,99825,61,1610.0806451612902,1
87,49026,81,597.8780487804878,1
75,94679,4,18935.8,0
62,81913,94,862.2421052631579,0
87,125927,89,1399.1888888888889,0
49,20172,83,240.14285714285714,1
73,199819,42,4646.953488372093,1
58,180230,74,2403.0666666666666,1
75,127455,96,1313.9690721649486,0
21,173394,9,17339.4,1
70,197585,43,4490.568181818182,0
33,192754,74,2570.0533333333333,1
36,36723,39,918.075,1
38,105401,46,2242.574468085106,1
63,71343,48,1455.9795918367347,1
56,106799,48,2179.5714285714284,0
73,72355,89,803.9444444444445,0
78,21007,58,356.0508474576271,1
68,27469,62,436.015873015873,0
69,91586,66,1366.955223880597,1
65,21582,62,342.57142857142856,0
59,68421,99,684.21,0
85,117987,79,1474.8375,0
49,59693,74,795.9066666666666,1
65,129290,69,1847.0,1
88,48643,31,1520.09375,0
38,119351,19,5967.55,0
83,140289,54,2550.7090909090907,1
37,70304,41,1673.904761904762,1
25,58838,37,1548.3684210526317,0
20,159591,13,11399.357142857143,0
18,30781,28,1061.4137931034484,0
55,46628,71,647.6111111111111,0
28,86802,47,1808.375,1
73,164811,33,4847.382352941177,0
44,155221,3,38805.25,0
31,66499,95,692.6979166666666,1
90,143090,84,1683.4117647058824,0
18,186313,2,62104.333333333336,1
51,57208,51,1100.1538461538462,1
47,81757,93,869.7553191489362,0
45,99173,11,8264.416666666666,1
86,111575,19,5578.75,1
30,61552,25,2367.3846153846152,0
33,148921,32,4512.757575757576,1
74,64333,5,10722.166666666666,0
28,135113,46,2874.744680851064,0
59,46033,1,23016.5,0
66,165536,29,5517.866666666667,1
65,63160,1,31580.0,1
55,158379,29,5279.3,0
65,49872,80,615.7037037037037,0
77,129233,28,4456.310344827586,1
80,198030,96,2041.5463917525774,1
64,58539,84,688.6941176470589,0
75,52588,77,674.2051282051282,0
74,21106,64,324.7076923076923,0
88,104777,26,3880.6296296296296,1
21,189017,48,3857.4897959183672,1
58,179461,93,1909.159574468085,0
38,178665,23,7444.375,1
89,42551,12,3273.153846153846,0
18,149997,93,1595.712765957447,0
20,69777,34,1993.6285714285714,0
89,195422,7,24427.75,0
66,139596,43,3172.6363636363635,1
85,81952,5,13658.666666666666,1
71,96766,58,1640.1016949152543,0
71,21862,39,546.55,1
28,82048,26,3038.814814814815,0
81,45482,3,11370.5,1
83,150462,93,1600.659574468085,0
39,65678,14,4378.533333333334,1
65,59502,19,2975.1,1
50,186731,76,2425.0779220779223,0
78,31777,24,1271.08,1
47,20686,70,291.3521126760563,1
63,57010,21,2591.3636363636365,0
88,188804,56,3312.3508771929824,1
87,82188,9,8218.8,1
77,118381,81,1443.6707317073171,1
38,175165,68,2538.623188405797,0
60,198680,45,4319.130434782609,0
85,136417,97,1392.0102040816328,1
76,101868,43,2315.181818181818,0
31,148795,44,3306.5555555555557,1
76,129497,1,64748.5,1
58,193539,53,3584.0555555555557,0
81,190468,44,4232.622222222222,1
24,80771,35,2243.6388888888887,1
22,169490,10,15408.181818181818,1
21,178013,85,2069.9186046511627,0
50,148235,73,2003.1756756756756,0
22,132046,6,18863.714285714286,1
30,42331,46,900.6595744680851,0
89,110450,61,1781.4516129032259,0
33,87026,88,977.8202247191011,1
60,99372,21,4516.909090909091,0
34,122553,8,13617.0,1
55,120333,80,1485.5925925925926,0
85,142102,97,1450.0204081632653,1
65,66640,29,2221.3333333333335,0
51,162512,16,9559.529411764706,0
86,82970,96,855.360824742268,0
55,174735,63,2730.234375,0
57,51130,47,1065.2083333333333,1
18,94246,26,3490.5925925925926,1
44,75424,92,811.010752688172,1
67,95072,3,23768.0,1
64,97599,72,1336.972602739726,0
62,61479,82,740.710843373494,0
87,158565,9,15856.5,0
71,149941,38,3844.641025641026,1
31,122091,43,2774.7954545454545,0
67,118041,78,1494.1898734177216,1
73,189242,21,8601.90909090909,0
57,37608,2,12536.0,0
22,63281,42,1471.6511627906978,0
68,108250,63,1691.40625,1
88,140273,88,1576.1011235955057,0
23,152694,17,8483.0,1
26,89642,94,943.6,0
46,80823,46,1719.6382978723404,0
35,74396,6,10628.0,1
74,83200,41,1980.952380952381,1
48,47526,39,1188.15,0
69,162166,94,1707.0105263157895,0
90,121646,29,4054.866666666667,0
29,25326,8,2814.0,0
79,182466,59,3041.1,0
38,163723,10,14883.90909090909,1
60,46015,91,500.1630434782609,0
26,59025,50,1157.3529411764705,1
60,50007,1,25003.5,0
38,33113,6,4730.428571428572,0
81,147161,30,4747.129032258064,1
50,141602,44,3146.711111111111,1
46,166170,56,2915.2631578947367,0
74,49873,60,817.5901639344262,0
84,133518,38,3423.5384615384614,1
20,43448,65,658.3030303030303,1
23,36931,11,3077.5833333333335,0
49,150924,16,8877.882352941177,1
41,72103,5,12017.166666666666,0
39,63567,23,2648.625,1
69,79077,50,1550.5294117647059,0
85,128797,63,2012.453125,1
86,48480,44,1077.3333333333333,1
20,136881,78,1732.6708860759493,1
60,166704,99,1667.04,1
67,65627,90,721.1758241758242,0
87,48578,62,771.0793650793651,0
75,148001,36,4000.027027027027,0
29,51298,97,523.4489795918367,0
49,138043,77,1769.7820512820513,1
78,128966,45,2803.608695652174,0
75,31086,62,493.42857142857144,1
45,45188,48,922.204081632653,1
71,151895,42,3532.4418604651164,1
54,117461,24,4698.44,0
49,142600,51,2742.3076923076924,1
33,120208,71,1669.5555555555557,0
47,91491,83,1089.1785714285713,1
59,87480,78,1107.3417721518988,1
65,168977,49,3379.54,1
48,102761,18,5408.473684210527,0
61,21971,57,378.8103448275862,0
43,160387,71,2227.597222222222,0
39,33732,65,511.09090909090907,0
45,54309,36,1467.8108108108108,1
31,45376,89,504.1777777777778,0
21,152303,18,8015.9473684210525,1
46,73907,77,947.525641025641,1
45,129079,15,8067.4375,1
53,47072,25,1810.4615384615386,1
42,153326,41,3650.6190476190477,1
43,116600,10,10600.0,0
79,160046,34,4572.742857142857,1
84,36386,30,1173.741935483871,1
56,121090,64,1862.923076923077,0
19,54441,55,972.1607142857143,1
36,121285,16,7134.411764705882,1
88,183667,1,91833.5,0
28,156839,80,1936.283950617284,1
58,53800,29,1793.3333333333333,1
59,133796,56,2347.2982456140353,0
65,46971,7,5871.375,1
73,186531,28,6432.103448275862,0
25,37283,68,540.3333333333334,1
77,77335,80,954.7530864197531,1
81,172943,18,9102.263157894737,1
26,146587,50,2874.2549019607845,1
50,33827,76,439.31168831168833,0
26,118245,51,2273.9423076923076,0
81,57494,46,1223.276595744681,0
77,152220,36,4114.054054054054,0
35,99451,41,2367.8809523809523,0
62,38651,100,382.6831683168317,1
45,92288,38,2366.358974358974,1
55,129976,24,5199.04,1
50,27987,64,430.5692307692308,1
50,95350,68,1381.8840579710145,0
41,83963,21,3816.5,0
53,151311,9,15131.1,1
69,94574,14,6304.933333333333,0
60,178237,86,2048.7011494252874,1
86,161044,5,26840.666666666668,0
57,57305,57,988.0172413793103,1
89,42499,42,988.3488372093024,1
33,78890,3,19722.5,1
71,78925,45,1715.7608695652175,1
50,108866,4,21773.2,0
50,129258,89,1436.2,1
66,118372,80,1461.3827160493827,0
19,49861,70,702.2676056338029,0
55,141134,7,17641.75,1
77,193985,59,3233.0833333333335,1
41,176260,44,3916.8888888888887,1
85,183665,56,3222.1929824561403,0
70,165881,36,4483.27027027027,1
35,96924,77,1242.6153846153845,1
40,106503,85,1238.406976744186,0
67,109017,64,1677.1846153846154,1
63,175382,35,4871.722222222223,0
48,48666,69,695.2285714285714,1
41,172226,22,7488.086956521739,1
67,92224,7,11528.0,0
44,195608,89,2173.4222222222224,0
89,189396,60,3104.8524590163934,0
86,61405,87,697.7840909090909,0
59,158468,66,2365.194029850746,0
65,50335,53,932.1296296296297,1
37,117522,32,3561.2727272727275,1
64,73380,82,884.0963855421687,0
84,174075,23,7253.125,1
83,144095,44,3202.1111111111113,1
46,54786,22,2382.0,0
40,138328,11,11527.333333333334,1
32,88225,48,1800.5102040816328,1
38,167750,93,1784.5744680851064,1
60,190259,94,2002.7263157894736,0
58,93912,42,2184.0,0
22,124044,48,2531.5102040816328,0
49,91104,39,2277.6,0
62,49640,28,1711.7241379310344,0
83,43834,80,541.1604938271605,1
75,73338,43,1666.7727272727273,1
83,66852,76,868.2077922077922,0
48,181544,85,2110.9767441860463,0
31,48869,64,751.8307692307692,1
30,135044,29,4501.466666666666,0
77,182711,70,2573.394366197183,1
54,56587,99,565.87,0
79,121454,11,10121.166666666666,1
74,45924,62,728.952380952381,1
89,172057,57,2966.5,0
72,64175,95,668.4895833333334,1
26,109094,36,2948.4864864864867,0
44,89374,16,5257.294117647059,1
56,150601,19,7530.05,1
70,68728,13,4909.142857142857,0
36,169536,44,3767.4666666666667,1
75,83635,71,1161.5972222222222,1
82,41000,94,431.57894736842104,1
51,107312,97,1095.0204081632653,0
54,145745,81,1777.378048780488,0
25,38429,26,1423.2962962962963,0
36,129559,59,2159.3166666666666,0
64,141675,8,15741.666666666666,1
57,104519,89,1161.3222222222223,0
25,21151,73,285.8243243243243,0
59,162139,8,18015.444444444445,1
68,113066,90,1242.4835164835165,1
68,85808,52,1619.0188679245282,1
33,174797,12,13445.923076923076,1
64,114177,22,4964.217391304348,0
21,183227,66,2734.731343283582,0
57,90634,41,2157.9523809523807,1
85,72093,93,766.9468085106383,0
25,44190,45,960.6521739130435,0
56,149625,58,2536.0169491525426,0
47,169125,34,4832.142857142857,0
25,116819,27,4172.107142857143,0
20,146953,46,3126.659574468085,0
24,151512,62,2404.9523809523807,1
34,36302,7,4537.75,1
53,134546,57,2319.7586206896553,1
78,156172,92,1679.268817204301,0
46,158396,33,4658.705882352941,1
43,50497,7,6312.125,0
32,70777,77,907.3974358974359,1
79,193072,54,3510.4,1
68,189131,37,4977.131578947368,1
87,180380,89,2004.2222222222222,0
42,41184,39,1029.6,0
85,104387,34,2982.4857142857145,0
56,86520,70,1218.5915492957747,1
72,140267,19,7013.35,1
48,145006,89,1611.1777777777777,0
63,168399,16,9905.823529411764,1
32,110848,23,4618.666666666667,1
41,106700,59,1778.3333333333333,1
22,87382,100,865.1683168316831,1
22,99689,55,1780.1607142857142,0
54,101285,21,4603.863636363636,1
45,76627,32,2322.030303030303,1
41,139304,65,2110.6666666666665,0
62,110070,25,4233.461538461538,0
22,191573,93,2038.0106382978724,1
77,59444,93,632.3829787234042,1
66,141861,96,1462.4845360824743,1
26,177786,65,2693.7272727272725,1
78,133974,68,1941.6521739130435,1
73,137797,72,1887.6301369863013,1
68,51064,65,773.6969696969697,0
54,65596,37,1726.2105263157894,0
18,79825,51,1535.0961538461538,1
26,117494,48,2397.8367346938776,0
45,91384,76,1186.8051948051948,1
61,64012,79,800.15,1
64,28519,9,2851.9,0
83,41285,28,1423.6206896551723,1
84,163293,57,2815.396551724138,1
76,157309,14,10487.266666666666,1
83,132382,72,1813.4520547945206,1
45,71919,84,846.1058823529412,0
88,128608,10,11691.636363636364,0
62,29444,77,377.4871794871795,0
84,103265,49,2065.3,0
44,39622,98,400.22222222222223,0
40,168821,20,8039.0952380952385,1
58,65036,20,3096.9523809523807,1
71,35831,11,2985.9166666666665,0
50,110401,69,1577.1571428571428,1
45,116854,33,3436.8823529411766,1
81,40201,40,980.5121951219512,1
50,155599,82,1874.686746987952,1
74,112347,42,2612.720930232558,0
26,179171,1,89585.5,1
51,176532,83,2101.5714285714284,0
60,79239,64,1219.0615384615385,1
25,162736,3,40684.0,1
43,123598,27,4414.214285714285,0
22,165667,67,2436.279411764706,0
82,41749,60,684.4098360655738,1
42,91497,79,1143.7125,0
53,27064,100,267.96039603960395,0
39,188820,23,7867.5,0
56,29435,57,507.5,1
42,30823,82,371.3614457831325,0
27,95025,7,11878.125,1
38,192146,99,1921.46,0
70,33513,14,2234.2,1
75,131414,37,3458.2631578947367,0
73,57806,38,1482.2051282051282,1
86,170067,37,4475.4473684210525,1
37,169807,37,4468.605263157895,0
30,192797,14,12853.133333333333,0
31,57776,97,589.5510204081633,0
41,76321,30,2461.967741935484,0
38,168448,89,1871.6444444444444,0
81,136365,69,1948.0714285714287,0
60,124147,67,1825.6911764705883,0
45,137608,74,1834.7733333333333,0
73,150387,44,3341.9333333333334,0
79,158192,86,1818.2988505747126,0
71,192412,5,32068.666666666668,1
76,37583,5,6263.833333333333,1
82,58787,85,683.5697674418604,1
42,57558,36,1555.6216216216217,0
50,60462,22,2628.782608695652,1
72,181578,36,4907.513513513513,1
23,55977,89,621.9666666666667,1
85,22507,48,459.3265306122449,1
70,95628,60,1567.672131147541,0
60,34598,98,349.47474747474746,0
42,168458,29,5615.266666666666,0
87,127097,8,14121.888888888889,0
83,170103,84,2001.2117647058824,1
41,29921,43,680.0227272727273,0
60,48106,61,775.9032258064516,1
25,180754,88,2030.943820224719,1
88,120893,1,60446.5,1
66,71941,3,17985.25,0
81,71080,54,1292.3636363636363,1
22,124942,7,15617.75,0
61,115624,85,1344.4651162790697,1
31,167554,61,2702.483870967742,0
77,39291,40,958.3170731707318,1
46,91894,61,1482.1612903225807,1
77,26833,85,312.01162790697674,0
84,157750,13,11267.857142857143,0
36,171879,80,2121.962962962963,0
30,72390,36,1956.4864864864865,1
44,149341,98,1508.4949494949494,0
89,86202,53,1596.3333333333333,0
47,142102,73,1920.2972972972973,0
63,173324,54,3151.3454545454547,1
83,155515,83,1851.3690476190477,0
81,168011,81,2048.9146341463415,0
51,89063,60,1460.049180327869,0
21,101679,89,1129.7666666666667,0
46,21914,84,257.81176470588235,0
43,189992,76,2467.4285714285716,1
78,119372,92,1283.5698924731182,1
82,38100,56,668.421052631579,1
84,154764,69,2210.9142857142856,1
65,117343,20,5587.761904761905,0
24,43914,23,1829.75,1
40,56978,93,606.1489361702128,0
32,147952,2,49317.333333333336,0
29,138993,91,1510.7934782608695,0
82,57620,8,6402.222222222223,0
47,149722,50,2935.725490196078,1
33,187242,99,1872.42,1
27,170020,53,3148.5185185185187,1
90,138727,15,8670.4375,0
31,71009,2,23669.666666666668,1
37,118439,76,1538.1688311688313,1
27,142090,49,2841.8,0
79,68983,59,1149.7166666666667,1
42,72121,86,828.9770114942529,0
60,20960,84,246.58823529411765,0
20,120530,76,1565.3246753246754,1
45,103857,25,3994.5,0
85,156209,56,2740.5087719298244,1
53,144683,62,2296.5555555555557,1
25,74602,60,1222.983606557377,1
67,30910,78,391.26582278481015,1
69,79585,82,958.855421686747,0
75,85833,45,1865.9347826086957,1
71,150304,99,1503.04,0
22,172948,70,2435.887323943662,1
55,155192,27,5542.571428571428,0
69,178038,2,59346.0,0
58,157780,46,3357.021276595745,1
43,199214,5,33202.333333333336,1
75,49753,38,1275.7179487179487,1
32,74035,69,1057.642857142857,0
34,168635,65,2555.0757575757575,1
81,77518,5,12919.666666666666,1
31,176896,71,2456.8888888888887,1
24,47282,37,1244.2631578947369,0
88,86349,36,2333.7567567567567,0
56,60409,80,745.7901234567901,1
80,153831,10,13984.636363636364,1
33,186592,95,1943.6666666666667,1
39,134944,53,2498.962962962963,0
59,40259,59,670.9833333333333,1
48,72012,88,809.123595505618,1
87,171549,45,3729.3260869565215,1
78,57075,46,1214.3617021276596,0
61,105266,88,1182.7640449438202,1
25,164325,49,3286.5,0
74,130880,3,32720.0,1
64,20543,69,293.4714285714286,0
88,101571,57,1751.2241379310344,0
59,149597,45,3252.108695652174,1
54,54954,8,6106.0,1
76,68178,46,1450.595744680851,1
41,82803,11,6900.25,0
39,84715,40,2066.2195121951218,1
29,192127,91,2088.336956521739,1
49,199573,13,14255.214285714286,0
81,178484,82,2150.409638554217,1
70,183598,65,2781.787878787879,0
18,72866,15,4554.125,1
30,175562,93,1867.6808510638298,0
90,102626,15,6414.125,0
81,44514,41,1059.857142857143,0
74,28980,33,852.3529411764706,0
31,172219,36,4654.5675675675675,1
44,90053,95,938.0520833333334,1
32,20445,58,346.52542372881356,0
47,149535,31,4672.96875,0
80,77981,63,1218.453125,1
85,133327,93,1418.372340425532,0
30,126395,16,7435.0,0
39,126426,41,3010.1428571428573,1
26,47815,37,1258.2894736842106,1
54,148233,15,9264.5625,1
38,33980,75,447.10526315789474,0
20,59274,94,623.9368421052632,1
69,49782,89,553.1333333333333,0
56,126556,60,2074.688524590164,1
32,110857,67,1630.25,0
43,33278,51,639.9615384615385,1
34,128016,94,1347.536842105263,1
58,32288,79,403.6,1
38,187068,1,93534.0,1
19,33037,76,429.05194805194805,0
76,69036,60,1131.7377049180327,1
48,125023,25,4808.576923076923,1
63,188891,21,8585.954545454546,1
64,149621,80,1847.1728395061727,1
39,146899,83,1748.797619047619,1
43,155757,38,3993.769230769231,0
88,47127,14,3141.8,1
44,104453,71,1450.736111111111,1
77,151246,36,4087.7297297297296,0
87,22866,58,387.5593220338983,1
31,150792,91,1639.0434782608695,0
40,50027,77,641.3717948717949,1
89,193167,10,17560.636363636364,1
18,170203,52,3211.377358490566,0
40,27323,54,496.7818181818182,1
56,117101,55,2091.089285714286,1
26,38363,72,525.5205479452055,0
26,125880,17,6993.333333333333,0
39,167252,24,6690.08,1
26,49997,71,694.4027777777778,1
40,177037,60,2902.245901639344,1
30,116314,18,6121.789473684211,1
75,143867,60,2358.4754098360654,0
69,157043,97,1602.4795918367347,1
70,160342,63,2505.34375,1
53,36538,17,2029.888888888889,1
86,120223,45,2613.5434782608695,0
39,186160,27,6648.571428571428,0
84,132355,82,1594.6385542168675,0
21,63239,95,658.7395833333334,0
85,37248,26,1379.5555555555557,0
39,41327,100,409.1782178217822,1
36,39531,68,572.9130434782609,1
30,178991,67,2632.220588235294,0
44,182804,76,2374.0779220779223,1
90,145731,61,2350.5,1
22,28911,9,2891.1,1
39,48250,30,1556.4516129032259,1
29,163619,53,3029.9814814814813,0
65,135754,97,1385.2448979591836,0
21,96774,94,1018.6736842105263,1
69,124624,76,1618.4935064935064,1
86,125101,94,1316.8526315789475,1
62,110433,36,2984.675675675676,1
52,167707,93,1784.1170212765958,1
54,68449,17,3802.722222222222,0
61,178508,56,3131.719298245614,1
49,94482,66,1410.1791044776119,0
59,33677,24,1347.08,0
86,170970,33,5028.529411764706,0
76,112308,52,2119.0188679245284,0
53,112830,56,1979.4736842105262,1
39,37831,79,472.8875,1
38,23738,2,7912.666666666667,0
49,25395,61,409.5967741935484,0
79,179076,13,12791.142857142857,0
29,93689,35,2602.472222222222,1
77,70545,47,1469.6875,1
40,52334,39,1308.35,0
60,48997,50,960.7254901960785,1
75,31232,6,4461.714285714285,1
48,37643,97,384.11224489795916,0
19,146976,8,16330.666666666666,1
34,24639,8,2737.6666666666665,0
61,152029,73,2054.445945945946,0
27,51953,13,3710.9285714285716,0
73,20402,48,416.3673469387755,0
37,193712,88,2176.5393258426966,0
26,170583,2,56861.0,1
19,132045,17,7335.833333333333,0
52,140793,53,2607.277777777778,0
31,188489,18,9920.473684210527,1
88,179156,91,1947.3478260869565,1
59,134833,20,6420.619047619048,0
60,63097,100,624.7227722772277,1
32,48600,54,883.6363636363636,1
86,82118,25,3158.3846153846152,1
72,185747,89,2063.8555555555554,1
58,174766,77,2240.5897435897436,1
29,98531,7,12316.375,0
49,37168,68,538.6666666666666,0
57,47900,53,887.0370370370371,1
41,184405,56,3235.1754385964914,1
61,32850,79,410.625,1
65,174215,76,2262.5324675324673,1
48,191809,38,4918.179487179487,1
27,176979,57,3051.362068965517,1
77,80506,63,1257.90625,1
53,181040,29,6034.666666666667,0
78,173818,61,2803.516129032258,0
85,174206,73,2354.135135135135,1
65,177888,45,3867.1304347826085,0
18,124274,98,1255.2929292929293,0
78,111665,52,2106.8867924528304,0
83,40526,23,1688.5833333333333,0
76,123900,89,1376.6666666666667,0
35,46998,34,1342.8,1
20,136152,68,1973.2173913043478,1
47,91085,29,3036.1666666666665,0
90,72766,79,909.575,1
29,71559,69,1022.2714285714286,1
68,97277,62,1544.079365079365,0
70,72996,53,1351.7777777777778,1
53,181849,57,3135.3275862068967,0
25,141681,2,47227.0,1
49,92558,20,4407.523809523809,0
18,38303,57,660.3965517241379,0
26,50066,92,538.3440860215054,0
22,172552,48,3521.469387755102,0
49,105730,88,1187.9775280898875,0
51,94191,85,1095.2441860465117,0
44,164564,18,8661.263157894737,0
77,186744,54,3395.3454545454547,0
21,109217,56,1916.0877192982457,1
32,145504,11,12125.333333333334,1
36,50824,28,1752.551724137931,0
44,132809,4,26561.8,1
37,108494,79,1356.175,1
27,143565,85,1669.360465116279,1
34,180227,75,2371.407894736842,1
46,48972,2,16324.0,0
87,170113,40,4149.09756097561,1
85,43583,45,947.4565217391304,1
56,81251,96,837.639175257732,0
51,55473,15,3467.0625,0
56,177413,42,4125.883720930233,1
26,112177,99,1121.77,1
42,77552,70,1092.281690140845,0
69,60363,95,628.78125,1
29,179407,72,2457.6301369863013,1
62,98788,98,997.8585858585859,0
54,167059,3,41764.75,0
70,30218,91,328.45652173913044,1
33,113515,90,1247.4175824175825,0
24,176544,29,5884.8,0
81,163567,42,3803.8837209302324,1
83,133374,20,6351.142857142857,0
18,197622,26,7319.333333333333,1
46,151302,48,3087.795918367347,1
49,146540,58,2483.728813559322,0
27,91704,38,2351.3846153846152,1
65,32329,52,609.9811320754717,1
33,110345,71,1532.5694444444443,0
25,169034,21,7683.363636363636,1
35,190372,48,3885.1428571428573,0
33,57756,42,1343.1627906976744,1
79,79969,28,2757.551724137931,1
71,181114,29,6037.133333333333,1
29,70145,54,1275.3636363636363,0
87,138361,34,3953.1714285714284,0
35,93404,92,1004.3440860215054,1
86,199141,32,6034.575757575758,0
72,167283,74,2230.44,1
22,115032,35,3195.3333333333335,0
20,99672,45,2166.782608695652,0
69,44988,100,445.4257425742574,1
34,150561,15,9410.0625,1
41,162207,25,6238.7307692307695,0
85,113099,19,5654.95,0
51,69299,87,787.4886363636364,1
67,40579,31,1268.09375,1
83,149280,31,4665.0,1
34,147407,17,8189.277777777777,0
39,175787,73,2375.5,0
18,143504,60,2352.5245901639346,1
49,104303,4,20860.6,0
80,187766,38,4814.51282051282,1
74,62089,87,705.5568181818181,0
21,75949,47,1582.2708333333333,1
25,88106,58,1493.322033898305,0
49,80811,53,1496.5,1
75,80555,28,2777.7586206896553,1
32,98739,95,1028.53125,0
22,95326,27,3404.5,0
83,25186,30,812.4516129032259,1
50,75016,2,25005.333333333332,1
25,157147,37,4135.4473684210525,0
68,89439,76,1161.5454545454545,1
72,156751,32,4750.030303030303,1
52,197076,97,2010.9795918367347,0
33,163359,60,2678.0163934426228,1
50,46454,88,521.9550561797753,0
71,71975,69,1028.2142857142858,0
59,69600,72,953.4246575342465,0
50,53912,1,26956.0,1
35,168451,12,12957.76923076923,0
65,185861,26,6883.740740740741,1
42,195654,40,4772.048780487805,1
31,36849,8,4094.3333333333335,1
47,187633,15,11727.0625,1
80,128018,82,1542.3855421686746,1
86,180641,81,2202.939024390244,1
54,193374,81,2358.2195121951218,0
53,194303,65,2943.9848484848485,1
48,169021,10,15365.545454545454,0
41,146396,50,2870.5098039215686,1
26,176883,75,2327.407894736842,1
58,77666,48,1585.0204081632653,1
86,89618,30,2890.9032258064517,0
25,69417,49,1388.34,0
71,125620,55,2243.214285714286,1
85,142923,65,2165.5,0
67,87282,24,3491.28,1
77,147360,12,11335.384615384615,1
45,61043,26,2260.8518518518517,1
89,176269,32,5341.484848484848,0
84,180961,65,2741.8333333333335,1
64,74184,4,14836.8,0
56,189816,87,2157.0,0
46,75480,16,4440.0,0
80,51849,59,864.15,0
26,60873,42,1415.6511627906978,0
84,196453,92,2112.3978494623657,1
29,78823,24,3152.92,0
33,155602,17,8644.555555555555,0
70,96953,45,2107.6739130434785,1
56,34007,84,400.08235294117645,0
87,21701,30,700.0322580645161,1
50,40260,44,894.6666666666666,1
62,105875,45,2301.6304347826085,0
90,160305,88,1801.1797752808989,1
31,134749,91,1464.6630434782608,1
23,147907,54,2689.2181818181816,0
62,121849,55,2175.875,1
30,84733,68,1228.0144927536232,0
79,82390,87,936.25,0
89,189514,55,3384.1785714285716,0
64,184800,94,1945.2631578947369,0
39,174532,16,10266.588235294117,0
89,130094,74,1734.5866666666666,1
37,24170,51,464.8076923076923,1
57,150628,60,2469.311475409836,1
18,193366,13,13811.857142857143,0
25,42672,56,748.6315789473684,0
64,110253,55,1968.8035714285713,1
27,199621,74,2661.6133333333332,1
60,72894,12,5607.2307692307695,0
24,31376,66,468.2985074626866,1
29,182099,65,2759.0757575757575,0
76,101794,100,1007.8613861386139,1
33,170713,40,4163.731707317073,0
42,37000,65,560.6060606060606,1
50,32658,60,535.3770491803278,1
28,92602,18,4873.789473684211,0
24,186920,60,3064.2622950819673,1
56,27626,67,406.2647058823529,0
68,92798,83,1104.7380952380952,1
62,72708,51,1398.2307692307693,1
41,131781,27,4706.464285714285,1
22,140377,35,3899.3611111111113,1
29,94609,69,1351.557142857143,1
30,78162,33,2298.8823529411766,1
72,113863,52,2148.3584905660377,1
21,96860,95,1008.9583333333334,1
30,167920,27,5997.142857142857,1
19,49337,9,4933.7,0
59,175492,98,1772.6464646464647,0
75,107235,46,2281.595744680851,1
40,183235,87,2082.215909090909,0
48,27631,27,986.8214285714286,1
27,127407,24,5096.28,0
71,181441,63,2835.015625,0
75,57071,15,3566.9375,0
82,38671,52,729.6415094339623,0
76,132151,17,7341.722222222223,0
82,163909,13,11707.785714285714,0
20,51616,80,637.2345679012345,1
39,156933,91,1705.7934782608695,1
65,78395,26,2903.5185185185187,0
77,192417,76,2498.9220779220777,1
85,151908,90,1669.3186813186812,1
41,84488,12,6499.076923076923,1
72,23966,90,263.3626373626374,1
36,186432,79,2330.4,0
85,31571,25,1214.2692307692307,1
48,157398,3,39349.5,0
20,86102,90,946.1758241758242,1
67,71136,84,836.8941176470588,1
64,109955,49,2199.1,1
59,83809,55,1496.5892857142858,1
55,94197,62,1495.1904761904761,0
54,46327,53,857.9074074074074,1
85,52329,15,3270.5625,1
53,119006,41,2833.4761904761904,1
84,51330,30,1655.8064516129032,0
38,147919,85,1719.9883720930231,0
59,77933,45,1694.195652173913,0
40,22470,3,5617.5,0
32,50208,45,1091.4782608695652,0
66,32249,7,4031.125,0
68,76073,87,864.4659090909091,1
40,116177,68,1683.7246376811595,1
38,129954,25,4998.2307692307695,0
44,43876,57,756.4827586206897,0
44,27833,100,275.5742574257426,0
36,103793,40,2531.5365853658536,0
74,152126,97,1552.3061224489795,0
59,172384,92,1853.5913978494623,0
87,48662,65,737.3030303030303,0
21,89626,12,6894.307692307692,0
61,75018,20,3572.285714285714,1
32,184478,96,1901.8350515463917,0
56,187105,76,2429.935064935065,0
32,62958,76,817.6363636363636,0
76,25805,44,573.4444444444445,1
37,151485,78,1917.5316455696202,0
51,27708,55,494.7857142857143,1
21,114795,55,2049.910714285714,1
63,171664,6,24523.428571428572,0
73,39737,100,393.43564356435644,1
76,142531,82,1717.2409638554218,1
49,188218,32,5703.575757575758,1
65,77561,38,1988.7435897435898,0
49,128283,13,9163.07142857143,1
58,169983,3,42495.75,0
45,32207,87,365.9886363636364,0
36,180396,25,6938.307692307692,1
48,36002,7,4500.25,1
76,142010,20,6762.380952380952,0
71,158378,24,6335.12,0
57,39061,50,765.9019607843137,0
22,72430,35,2011.9444444444443,0
48,86830,34,2480.8571428571427,0
88,78811,41,1876.452380952381,0
75,61014,64,938.6769230769231,1
47,199013,29,6633.766666666666,0
38,159767,71,2218.9861111111113,1
82,84480,66,1260.8955223880596,0
19,147862,93,1573.0,0
19,89768,49,1795.36,1
37,177047,47,3688.4791666666665,0
38,55930,46,1190.0,0
69,170584,33,5017.176470588235,1
29,25380,25,976.1538461538462,0
54,120441,33,3542.3823529411766,0
72,26017,55,464.5892857142857,1
22,181537,87,2062.9204545454545,0
86,135625,63,2119.140625,1
22,110987,61,1790.1129032258063,0
50,93941,100,930.1089108910891,0
69,123623,47,2575.4791666666665,1
29,150800,59,2513.3333333333335,0
35,131116,25,5042.923076923077,0
74,95112,31,2972.25,0
67,135760,16,7985.882352941177,0
44,89947,3,22486.75,0
42,77641,34,2218.3142857142857,1
76,72216,36,1951.7837837837837,0
39,124407,19,6220.35,1
56,54366,66,811.4328358208955,0
56,148363,74,1978.1733333333334,0
49,45933,84,540.3882352941176,0
18,149468,53,2767.925925925926,1
54,84074,5,14012.333333333334,0
26,114811,91,1247.945652173913,0
20,134932,15,8433.25,0
58,75788,50,1486.0392156862745,0
50,160812,94,1692.7578947368422,1
21,83007,58,1406.8983050847457,0
32,118829,65,1800.439393939394,0
84,37680,20,1794.2857142857142,0
53,169092,61,2727.2903225806454,1
23,154729,60,2536.5409836065573,0
53,179044,68,2594.840579710145,0
49,42181,76,547.8051948051948,0
62,64403,62,1022.2698412698413,1
22,152816,96,1575.4226804123712,0
19,187782,15,11736.375,1
74,132442,9,13244.2,0
28,150677,57,2597.8793103448274,0
69,26612,59,443.53333333333336,0
70,84672,74,1128.96,0
72,87335,12,6718.076923076923,0
54,173654,11,14471.166666666666,1
33,23519,62,373.3174603174603,0
50,89880,78,1137.7215189873418,0
39,37096,89,412.1777777777778,1
23,163723,24,6548.92,0
72,107356,59,1789.2666666666667,1
42,136799,66,2041.7761194029852,1
61,97921,21,4450.954545454545,0
21,126892,47,2643.5833333333335,1
89,48856,32,1480.4848484848485,1
53,161148,66,2405.194029850746,0
53,66889,60,1096.5409836065573,1
66,179710,25,6911.923076923077,1
90,164578,5,27429.666666666668,0
19,183183,2,61061.0,1
74,51067,25,1964.1153846153845,0
82,161692,51,3109.4615384615386,1
46,136722,70,1925.661971830986,1
88,66746,5,11124.333333333334,0
35,78354,5,13059.0,1
80,170339,27,6083.535714285715,1
53,40086,19,2004.3,0
84,157124,17,8729.111111111111,0
59,155131,71,2154.597222222222,0
58,51452,21,2338.7272727272725,0
62,34658,31,1083.0625,1
64,133768,83,1592.4761904761904,1
25,104780,10,9525.454545454546,1
58,165893,38,4253.666666666667,1
45,28387,25,1091.8076923076924,1
44,114146,41,2717.7619047619046,1
44,159566,1,79783.0,0
45,37672,97,384.40816326530614,1
72,67758,17,3764.3333333333335,0
80,78107,45,1697.9782608695652,0
26,61482,100,608.7326732673267,0
80,45574,15,2848.375,0
22,93041,97,949.3979591836735,1
43,109186,97,1114.142857142857,1
24,185498,88,2084.247191011236,1
28,23672,64,364.18461538461537,0
32,104078,55,1858.5357142857142,1
19,90270,18,4751.0526315789475,1
83,159797,79,1997.4625,0
31,89407,33,2629.6176470588234,1
80,139941,30,4514.225806451613,1
73,45910,22,1996.0869565217392,0
26,177066,90,1945.7802197802198,1
24,143701,85,1670.9418604651162,1
21,65691,39,1642.275,0
71,141047,26,5223.962962962963,0
46,193618,51,3723.423076923077,0
29,161228,27,5758.142857142857,1
76,189013,40,4610.073170731707,0
76,75489,14,5032.6,0
88,91691,72,1256.041095890411,1
47,121198,41,2885.6666666666665,1
84,185986,45,4043.1739130434785,0
37,114092,2,38030.666666666664,1
59,39898,70,561.943661971831,0
69,151278,27,5402.785714285715,1
86,175981,98,1777.5858585858587,1
83,112428,81,1371.0731707317073,0
85,32426,46,689.9148936170212,1
83,81572,38,2091.5897435897436,0
44,81482,100,806.7524752475248,1
42,63706,40,1553.8048780487804,0
41,136835,65,2073.257575757576,1
22,161922,22,7040.086956521739,1
86,67489,73,912.0135135135135,1
32,101052,82,1217.4939759036145,1
25,117776,66,1757.8507462686566,1
53,171728,43,3902.909090909091,0
34,26978,62,428.22222222222223,0
57,184121,27,6575.75,1
53,21521,86,247.367816091954,0
36,163146,91,1773.3260869565217,1
81,82568,31,2580.25,0
25,21068,2,7022.666666666667,1
80,166869,47,3476.4375,1
86,105604,37,2779.0526315789475,1
59,169412,58,2871.3898305084745,0
47,162856,9,16285.6,1
81,133876,75,1761.5263157894738,1
29,40923,91,444.8152173913044,1
58,82986,95,864.4375,1
41,52426,19,2621.3,1
56,45336,1,22668.0,0
36,184430,51,3546.730769230769,1
40,74201,52,1400.0188679245282,1
26,110714,15,6919.625,0
85,44717,13,3194.0714285714284,1
30,72499,73,979.7162162162163,0
32,125579,70,1768.718309859155,1
90,25955,76,337.0779220779221,0
39,149372,4,29874.4,1
75,109928,87,1249.1818181818182,0
56,34683,47,722.5625,0
67,20221,94,212.85263157894738,1
64,140592,1,70296.0,0
59,86752,3,21688.0,0
33,108023,47,2250.4791666666665,0
25,111089,16,6534.64705882353,0
23,48750,92,524.1935483870968,0
25,92167,49,1843.34,1
83,94791,23,3949.625,1
29,54806,78,693.746835443038,0
42,31848,75,419.05263157894734,1
34,78571,48,1603.4897959183672,0
46,186220,98,1881.010101010101,1
44,62846,90,690.6153846153846,1
53,110564,27,3948.714285714286,1
78,59085,68,856.304347826087,0
22,82922,97,846.1428571428571,0
31,75747,19,3787.35,1
58,131486,12,10114.307692307691,1
19,60113,72,823.4657534246576,1
60,108776,85,1264.8372093023256,1
21,64239,98,648.8787878787879,0
33,166384,51,3199.6923076923076,0
64,119430,58,2024.2372881355932,1
24,23171,60,379.8524590163934,0
61,151290,76,1964.8051948051948,0
35,146747,36,3966.135135135135,0
89,192904,20,9185.904761904761,1
43,39329,12,3025.3076923076924,0
59,124797,44,2773.266666666667,0
83,44599,54,810.8909090909091,1
31,66734,96,687.979381443299,0
77,103885,1,51942.5,1
79,168216,48,3432.9795918367345,1
77,156749,100,1551.970297029703,0
36,147928,82,1782.2650602409637,1
62,145722,5,24287.0,0
83,59717,55,1066.375,1
26,110765,55,1977.9464285714287,0
56,68412,89,760.1333333333333,1
32,170822,86,1963.471264367816,1
44,88647,96,913.8865979381443,0
28,74274,56,1303.0526315789473,1
73,127386,98,1286.7272727272727,1
25,181174,1,90587.0,1
70,48965,35,1360.138888888889,0
31,60774,66,907.0746268656717,1
68,116773,33,3434.5,1
82,165707,28,5714.0344827586205,1
49,146536,34,4186.742857142857,1
48,74628,66,1113.8507462686566,0
29,34713,82,418.2289156626506,0
69,118631,96,1223.0,1
81,25446,70,358.3943661971831,0
37,90112,61,1453.4193548387098,1
83,140264,73,1895.4594594594594,1
23,129547,65,1962.8333333333333,0
85,39629,90,435.4835164835165,1
39,140407,84,1651.8470588235293,1
73,85051,66,1269.4179104477612,0
29,197175,75,2594.407894736842,1
53,65177,30,2102.483870967742,1
67,162972,55,2910.214285714286,0
30,191385,23,7974.375,1
42,111066,86,1276.6206896551723,0
35,163604,93,1740.468085106383,0
77,97080,99,970.8,1
46,118552,43,2694.3636363636365,0
66,186886,43,4247.409090909091,1
58,174120,55,3109.285714285714,1
18,31004,9,3100.4,1
44,173319,28,5976.517241379311,0
79,57555,38,1475.7692307692307,0
58,104897,15,6556.0625,0
49,32601,87,370.46590909090907,0
60,122978,96,1267.8144329896907,1
45,144351,65,2187.1363636363635,1
24,198041,15,12377.5625,0
26,102485,87,1164.6022727272727,0
27,106768,41,2542.095238095238,0
79,181345,59,3022.4166666666665,1
80,168229,25,6470.346153846154,1
21,25565,52,482.35849056603774,0
18,174301,55,3112.5178571428573,1
40,159991,66,2387.9253731343283,1
21,72166,92,775.9784946236559,0
79,100096,7,12512.0,0
63,69467,35,1929.638888888889,1
41,57596,40,1404.780487804878,0
42,76937,39,1923.425,1
41,48815,40,1190.6097560975609,1
85,121775,73,1645.6081081081081,1
69,175679,36,4748.081081081081,1
39,67160,24,2686.4,0
20,197042,91,2141.7608695652175,1
52,133242,57,2297.2758620689656,0
86,69020,37,1816.3157894736842,1
90,115968,50,2273.8823529411766,1
54,90415,28,3117.7586206896553,1
47,95167,66,1420.402985074627,0
18,54340,65,823.3333333333334,1
23,87266,66,1302.4776119402984,0
27,179215,36,4843.648648648648,1
82,176612,56,3098.4561403508774,0
83,101586,32,3078.3636363636365,0
40,166513,33,4897.441176470588,0
22,189414,50,3714.0,0
46,193183,12,14860.23076923077,0
54,76751,9,7675.1,0
21,146006,77,1871.871794871795,0
58,92832,29,3094.4,1
80,33566,23,1398.5833333333333,1
36,34352,52,648.1509433962265,0
53,36834,19,1841.7,0
20,139977,91,1521.4891304347825,1
66,156388,80,1930.716049382716,0
23,150013,9,15001.3,1
64,140349,88,1576.9550561797753,1
32,101020,59,1683.6666666666667,0
55,89694,38,2299.846153846154,1
22,197456,76,2564.3636363636365,1
51,113899,37,2997.342105263158,1
43,40561,5,6760.166666666667,0
35,71191,15,4449.4375,0
42,100684,61,1623.9354838709678,1
36,24247,13,1731.9285714285713,0
51,162562,64,2500.9538461538464,0
37,175983,53,3258.9444444444443,0
71,174559,1,87279.5,0
53,181621,70,2558.042253521127,1
48,35589,22,1547.3478260869565,0
55,106105,72,1453.4931506849316,1
76,65065,81,793.4756097560976,1
60,177525,95,1849.21875,1
25,177678,4,35535.6,1
77,119211,61,1922.758064516129,1
62,120080,60,1968.5245901639344,0
79,25506,15,1594.125,0
77,57023,1,28511.5,0
62,92947,91,1010.2934782608696,0
65,37745,62,599.1269841269841,0
25,32913,1,16456.5,0
53,96696,57,1667.1724137931035,1
85,91566,26,3391.3333333333335,0
88,109388,55,1953.357142857143,1
73,152729,1,76364.5,0
36,170197,100,1685.118811881188,1
60,116946,68,1694.8695652173913,1
30,38755,72,530.8904109589041,1
90,62889,29,2096.3,1
85,49008,97,500.0816326530612,0
75,35172,57,606.4137931034483,1
28,150670,10,13697.272727272728,0
37,103573,98,1046.1919191919192,0
74,181613,42,4223.558139534884,0
29,31828,76,413.35064935064935,1
58,120684,49,2413.68,0
29,58293,100,577.1584158415842,1
64,194506,97,1984.7551020408164,1
69,195270,78,2471.772151898734,0
68,184312,65,2792.6060606060605,0
59,127095,30,4099.8387096774195,0
47,57911,36,1565.162162162162,1
27,48624,41,1157.7142857142858,0
84,196985,62,3126.746031746032,1
37,135173,16,7951.35294117647,0
41,77644,10,7058.545454545455,0
69,192924,74,2572.32,1
35,36635,72,501.8493150684931,0
85,81933,17,4551.833333333333,0
56,134755,7,16844.375,1
57,187034,56,3281.2982456140353,0
60,189822,46,4038.7659574468084,0
50,148776,61,2399.6129032258063,1
90,191530,65,2901.969696969697,0
20,162450,73,2195.2702702702704,1
87,90117,34,2574.7714285714287,0
34,97134,28,3349.448275862069,1
90,81591,41,1942.642857142857,1
90,85698,7,10712.25,1
28,98079,99,980.79,1
27,144694,69,2067.057142857143,1
41,81760,48,1668.5714285714287,1
64,28976,6,4139.428571428572,1
29,173133,56,3037.4210526315787,1
65,34875,20,1660.7142857142858,0
57,165206,71,2294.527777777778,0
77,110780,8,12308.888888888889,0
25,184044,69,2629.2,1
73,104467,9,10446.7,1
25,23787,19,1189.35,1
81,37455,5,6242.5,0
33,124731,88,1401.4719101123596,1
34,112385,100,1112.7227722772277,1
82,26622,19,1331.1,1
43,197565,38,5065.7692307692305,1
79,186610,54,3392.909090909091,0
83,148063,9,14806.3,0
83,82039,7,10254.875,1
54,55842,94,587.8105263157895,0
39,102743,26,3805.296296296296,0
79,115713,14,7714.2,1
35,75384,42,1753.1162790697674,1
47,97933,33,2880.3823529411766,1
24,69375,65,1051.1363636363637,1
74,68263,68,989.3188405797101,1
64,128838,6,18405.428571428572,0
44,141216,1,70608.0,0
18,184846,96,1905.6288659793815,1
71,56779,58,962.3559322033898,0
63,59980,46,1276.1702127659576,1
82,109525,94,1152.8947368421052,0
57,63250,36,1709.4594594594594,1
72,119344,38,3060.102564102564,1
27,73025,95,760.6770833333334,1
38,20968,13,1497.7142857142858,1
50,173657,58,2943.3389830508477,1
86,160727,16,9454.529411764706,0
50,84830,59,1413.8333333333333,1
24,58127,48,1186.265306122449,0
55,183439,68,2658.536231884058,0
31,150415,48,3069.6938775510203,0
37,126411,65,1915.3181818181818,1
81,152430,11,12702.5,0
53,115955,22,5041.521739130435,1
73,139278,76,1808.8051948051948,1
80,132966,13,9497.57142857143,1
25,196738,18,10354.631578947368,0
47,167905,16,9876.764705882353,1
64,40703,81,496.3780487804878,0
43,147922,1,73961.0,0
49,111951,17,6219.5,1
90,137820,28,4752.413793103448,0
36,146696,100,1452.4356435643565,1
28,103324,5,17220.666666666668,0
75,56812,94,598.021052631579,1
48,193948,64,2983.8153846153846,0
52,60679,63,948.109375,1
76,180896,25,6957.538461538462,1
56,71302,81,869.5365853658536,0
38,168838,58,2861.6610169491523,1
66,49966,29,1665.5333333333333,1
26,138160,24,5526.4,0
39,143369,67,2108.3676470588234,1
86,172915,84,2034.2941176470588,1
77,127920,78,1619.240506329114,0
79,176687,13,12620.5,1
30,50033,87,568.5568181818181,1
36,173820,40,4239.512195121952,1
56,99861,23,4160.875,0
70,155227,59,2587.116666666667,0
71,44385,56,778.6842105263158,0
30,154736,61,2495.7419354838707,1
72,97183,28,3351.137931034483,1
67,199357,50,3908.9607843137255,0
86,172190,50,3376.274509803922,0
68,52796,51,1015.3076923076923,0
76,169290,100,1676.1386138613861,1
47,134635,29,4487.833333333333,1
42,81701,8,9077.888888888889,0
20,127394,77,1633.2564102564102,0
57,184296,21,8377.09090909091,1
30,149293,41,3554.595238095238,1
82,136170,32,4126.363636363636,1
87,153333,22,6666.652173913043,0
55,154048,62,2445.2063492063494,0
65,172864,6,24694.85714285714,1
46,189588,15,11849.25,0
33,92753,49,1855.06,0
27,147644,48,3013.1428571428573,1
21,27671,42,643.5116279069767,1
66,105122,18,5532.736842105263,0
81,21891,69,312.72857142857146,0
80,109634,56,1923.4035087719299,1
74,44143,76,573.2857142857143,1
44,129072,34,3687.7714285714287,1
80,41363,83,492.4166666666667,1
31,83785,14,5585.666666666667,1
60,74964,32,2271.6363636363635,1
84,60196,71,836.0555555555555,1
73,143715,91,1562.1195652173913,0
66,95982,2,31994.0,1
57,115110,47,2398.125,1
72,30409,78,384.9240506329114,0
60,29074,49,581.48,1
27,174674,27,6238.357142857143,1
77,133729,78,1692.7721518987341,1
83,192037,31,6001.15625,1
58,137039,1,68519.5,0
73,157561,85,1832.1046511627908,1
67,78813,65,1194.1363636363637,1
42,33096,36,894.4864864864865,0
20,179133,33,5268.617647058823,0
48,181112,83,2156.095238095238,1
55,116542,6,16648.85714285714,1
79,69505,6,9929.285714285714,1
23,148711,68,2155.231884057971,0
31,91553,2,30517.666666666668,1
76,51875,72,710.6164383561644,0
46,38181,88,429.0,0
77,113603,54,2065.509090909091,0
29,106404,74,1418.72,0
56,169958,2,56652.666666666664,1
28,126691,21,5758.681818181818,1
79,76524,67,1125.3529411764705,1
54,119827,56,2102.2280701754385,0
65,23667,35,657.4166666666666,0
65,93921,7,11740.125,0
87,106323,82,1281.0,1
31,101223,46,2153.68085106383,0
30,50922,8,5658.0,1
79,112011,38,2872.076923076923,1
63,144879,93,1541.2659574468084,0
41,121559,68,1761.7246376811595,1
42,138358,55,2470.6785714285716,1
52,29078,76,377.6363636363636,0
58,21242,42,494.0,0
84,161911,10,14719.181818181818,0
50,72543,21,3297.409090909091,0
37,92328,32,2797.818181818182,1
40,146492,59,2441.5333333333333,0
51,77019,62,1222.5238095238096,1
20,147745,99,1477.45,1
40,121061,92,1301.731182795699,1
25,44559,72,610.3972602739726,1
38,43230,52,815.6603773584906,0
35,149517,33,4397.558823529412,0
34,119301,57,2056.9137931034484,0
89,157605,13,11257.5,1
40,63731,46,1355.9787234042553,1
75,31424,77,402.87179487179486,0
35,189120,59,3152.0,1
71,21016,35,583.7777777777778,1
22,185102,73,2501.3783783783783,0
31,127619,47,2658.7291666666665,0
54,21173,13,1512.357142857143,1
39,76804,22,3339.304347826087,1
42,135193,65,2048.378787878788,0
42,53606,26,1985.4074074074074,0
71,65032,70,915.943661971831,0
19,62031,47,1292.3125,1
60,57625,64,886.5384615384615,0
68,94345,91,1025.4891304347825,0
77,115894,83,1379.6904761904761,0
64,174870,71,2428.75,1
19,180429,62,2863.9523809523807,1
79,179534,48,3663.9591836734694,1
20,64695,16,3805.5882352941176,1
73,94598,40,2307.268292682927,0
36,70343,89,781.5888888888888,1
71,48514,23,2021.4166666666667,1
80,178191,44,3959.8,1
65,54449,22,2367.3478260869565,0
35,181867,87,2066.6704545454545,0
29,179900,23,7495.833333333333,1
87,169811,59,2830.1833333333334,0
79,79110,60,1296.8852459016393,1
46,44427,52,838.2452830188679,0
42,176184,15,11011.5,0
56,61919,91,673.0326086956521,0
64,67360,72,922.7397260273973,1
51,42581,87,483.875,1
80,85231,27,3043.964285714286,1
84,97325,63,1520.703125,0
26,23515,12,1808.8461538461538,1
59,167647,43,3810.159090909091,1
80,108549,89,1206.1,1
89,117993,8,13110.333333333334,1
22,97641,72,1337.5479452054794,1
35,56234,13,4016.714285714286,0
49,133755,74,1783.4,0
60,65378,62,1037.7460317460318,0
55,37514,66,559.9104477611941,0
45,89210,62,1416.031746031746,0
24,126757,82,1527.1927710843374,1
83,31894,95,332.2291666666667,1
54,42261,86,485.7586206896552,0
40,26528,18,1396.2105263157894,0
81,138687,3,34671.75,1
89,184970,61,2983.3870967741937,1
75,50377,86,579.0459770114943,1
37,154590,53,2862.777777777778,1
28,159032,1,79516.0,1
26,188741,78,2389.1265822784812,1
30,161681,11,13473.416666666666,0
30,39154,55,699.1785714285714,1
74,63368,19,3168.4,0
53,192621,91,2093.7065217391305,1
43,92948,54,1689.9636363636364,0
46,133156,49,2663.12,0
60,27289,76,354.4025974025974,1
90,160259,49,3205.18,1
84,43919,31,1372.46875,0
52,44697,16,2629.235294117647,0
61,189569,1,94784.5,0
62,25079,86,288.264367816092,1
30,173612,68,2516.1159420289855,0
39,191965,82,2312.8313253012047,1
73,91143,54,1657.1454545454546,0
62,103913,24,4156.52,0
27,56856,11,4738.0,0
22,148013,16,8706.64705882353,1
32,74091,17,4116.166666666667,0
35,181214,100,1794.1980198019803,1
89,100973,8,11219.222222222223,0
39,91412,84,1075.4352941176471,1
86,68024,51,1308.1538461538462,1
63,112683,69,1609.7571428571428,0
27,111957,46,2382.063829787234,1
73,86274,63,1348.03125,1
44,76772,78,971.7974683544304,1
90,145535,22,6327.608695652174,1
74,69978,56,1227.6842105263158,0
41,138043,81,1683.4512195121952,0
39,104324,100,1032.9108910891089,0
30,146739,46,3122.1063829787236,1
50,92073,17,5115.166666666667,1
34,45638,42,1061.3488372093022,0
60,76835,82,925.722891566265,0
34,33138,54,602.5090909090909,0
20,173853,39,4346.325,0
65,31842,90,349.9120879120879,0
54,92756,66,1384.4179104477612,1
75,160958,17,8942.111111111111,0
54,39775,32,1205.3030303030303,0
65,64430,33,1895.0,0
50,143240,70,2017.4647887323943,1
85,150066,53,2779.0,0
71,88487,13,6320.5,1
75,109379,20,5208.523809523809,0
70,104816,48,2139.1020408163267,0
48,48128,14,3208.5333333333333,1
19,48739,43,1107.7045454545455,1
89,161866,15,10116.625,0
83,74697,53,1383.2777777777778,1
75,193450,5,32241.666666666668,1
88,68208,52,1286.9433962264152,0
26,72229,32,2188.757575757576,1
45,102743,64,1580.6615384615384,1
21,134170,75,1765.3947368421052,1
20,146525,15,9157.8125,1
49,96273,30,3105.5806451612902,1
65,169694,80,2094.9876543209875,0
87,108559,40,2647.7804878048782,1
37,65659,66,979.9850746268656,1
75,123855,70,1744.4366197183099,1
79,162280,26,6010.37037037037,0
21,47491,57,818.8103448275862,1
50,130182,19,6509.1,0
89,40270,26,1491.4814814814815,1
90,90478,91,983.4565217391304,1
28,176107,73,2379.824324324324,1
75,76065,95,792.34375,1
27,55453,66,827.6567164179105,1
76,77485,8,8609.444444444445,0
76,120509,75,1585.6447368421052,0
48,61024,69,871.7714285714286,0
61,112779,37,2967.8684210526317,1
67,109008,37,2868.6315789473683,0
73,199307,73,2693.337837837838,0
33,39254,34,1121.5428571428572,1
86,133960,38,3434.871794871795,0
61,67182,5,11197.0,0
50,161998,21,7363.545454545455,1
67,153051,81,1866.4756097560976,1
24,123331,33,3627.3823529411766,0
52,172945,13,12353.214285714286,1
25,25372,15,1585.75,0
52,181678,29,6055.933333333333,1
19,107143,7,13392.875,1
27,99261,50,1946.2941176470588,1
81,103323,69,1476.0428571428572,0
31,195708,31,6115.875,1
85,86093,24,3443.72,1
19,59552,98,601.5353535353536,1
35,58755,40,1433.0487804878048,1
21,145607,4,29121.4,0
39,139523,38,3577.5128205128203,0
82,103619,92,1114.1827956989248,0
82,58066,63,907.28125,1
69,109989,57,1896.3620689655172,0
45,131178,99,1311.78,0
27,78411,38,2010.5384615384614,0
46,176139,8,19571.0,1
90,104119,9,10411.9,1
74,180671,56,3169.6666666666665,0
57,126214,4,25242.8,0
32,165888,12,12760.615384615385,1
37,78546,25,3021.0,0
81,61087,72,836.8082191780821,0
26,176202,8,19578.0,1
19,23611,91,256.64130434782606,0
27,198953,48,4060.265306122449,1
58,33000,40,804.8780487804878,1
66,25812,67,379.5882352941176,0
47,72337,78,915.6582278481013,0
73,66815,21,3037.0454545454545,1
24,177579,59,2959.65,1
81,57123,13,4080.214285714286,0
64,162806,11,13567.166666666666,0
77,47524,68,688.7536231884058,1
77,184843,70,2603.4225352112676,1
86,161701,5,26950.166666666668,1
35,192100,75,2527.6315789473683,0
70,104221,32,3158.212121212121,1
41,146420,42,3405.1162790697676,1
48,52016,64,800.2461538461539,1
47,173042,85,2012.1162790697674,0
64,62370,81,760.609756097561,1
66,191531,5,31921.833333333332,1
43,110098,59,1834.9666666666667,0
52,124538,79,1556.725,0
68,107958,7,13494.75,0
43,85786,54,1559.7454545454545,1
28,173353,63,2708.640625,0
20,113065,26,4187.592592592592,0
26,174278,86,2003.1954022988505,1
32,114375,19,5718.75,1
26,92056,100,911.4455445544554,0
37,82340,95,857.7083333333334,0
37,118759,51,2283.826923076923,0
64,53577,32,1623.5454545454545,0
28,44336,36,1198.2702702702702,1
19,66473,53,1230.9814814814815,1
39,176537,24,7061.48,0
83,91826,3,22956.5,0
50,78735,81,960.1829268292682,0
48,68126,85,792.1627906976744,0
47,197727,28,6818.172413793103,1
41,35491,86,407.9425287356322,1
18,193054,6,27579.14285714286,0
32,134564,24,5382.56,1
57,195489,61,3153.048387096774,1
44,163902,97,1672.469387755102,1
27,128146,90,1408.1978021978023,1
40,100908,90,1108.8791208791208,0
49,185119,97,1888.969387755102,1
20,132282,64,2035.1076923076923,0
56,196386,88,2206.5842696629215,0
20,98366,16,5786.235294117647,0
20,153841,59,2564.016666666667,0
90,110247,83,1312.4642857142858,0
52,91009,89,1011.2111111111111,1
89,188894,22,8212.782608695652,1
54,96484,5,16080.666666666666,1
20,59384,19,2969.2,0
38,173923,55,3105.7678571428573,0
37,61851,31,1932.84375,1
75,86566,8,9618.444444444445,0
19,58808,49,1176.16,0
86,140891,51,2709.4423076923076,1
52,120656,5,20109.333333333332,0
23,99386,81,1212.0243902439024,0
22,41234,94,434.0421052631579,1
46,41662,59,694.3666666666667,0
48,49800,18,2621.0526315789475,0
76,24709,60,405.0655737704918,0
42,157568,54,2864.8727272727274,0
65,170242,83,2026.6904761904761,1
88,176916,86,2033.5172413793102,0
74,41069,33,1207.9117647058824,0
65,171478,100,1697.8019801980197,1
30,96382,27,3442.214285714286,0
42,118403,36,3200.0810810810813,0
87,171292,14,11419.466666666667,0
24,145039,99,1450.39,0
34,55135,98,556.9191919191919,1
63,179803,28,6200.103448275862,0
32,111167,35,3087.972222222222,0
83,36752,51,706.7692307692307,0
46,106482,34,3042.342857142857,0
67,62717,55,1119.9464285714287,0
70,39347,96,405.63917525773195,1
67,105638,64,1625.2,0
68,86403,27,3085.8214285714284,1
30,35329,67,519.5441176470588,0
34,189397,49,3787.94,0
78,100970,41,2404.0476190476193,0
90,187044,67,2750.6470588235293,0
31,173685,14,11579.0,0
53,187471,15,11716.9375,1
36,190186,72,2605.2876712328766,1
87,173899,41,4140.452380952381,1
38,46621,46,991.936170212766,1
21,87985,81,1072.9878048780488,0
45,59071,59,984.5166666666667,0
62,71258,89,791.7555555555556,0
60,36803,46,783.0425531914893,0
37,151560,77,1943.076923076923,1
47,50157,95,522.46875,1
42,119926,19,5996.3,1
85,138927,90,1526.6703296703297,0
80,150500,70,2119.718309859155,0
74,119365,81,1455.6707317073171,0
55,50390,97,514.1836734693877,0
35,117442,33,3454.176470588235,1
72,185281,22,8055.695652173913,0
90,22404,51,430.84615384615387,1
75,153498,92,1650.516129032258,1
63,79785,35,2216.25,1
36,64153,46,1364.9574468085107,1
43,29536,1,14768.0,0
65,62316,30,2010.1935483870968,0
66,165294,50,3241.0588235294117,0
53,166203,97,1695.9489795918366,1
76,104389,34,2982.542857142857,0
61,87586,41,2085.3809523809523,0
79,175576,92,1887.9139784946237,1
26,188458,83,2243.5476190476193,1
37,181940,68,2636.8115942028985,0
88,192737,47,4015.3541666666665,1
44,135684,3,33921.0,1
81,73387,3,18346.75,0
43,151306,27,5403.785714285715,1
42,23990,63,374.84375,0
51,194926,56,3419.754385964912,0
33,27486,50,538.9411764705883,0
33,128944,63,2014.75,0
22,36422,55,650.3928571428571,1
55,154234,8,17137.11111111111,0
47,47559,70,669.8450704225352,1
58,182201,50,3572.5686274509803,0
88,133049,16,7826.411764705882,0
30,139494,82,1680.6506024096386,0
30,117896,1,58948.0,0
82,113484,52,2141.2075471698113,0
70,73664,93,783.6595744680851,1
54,160624,43,3650.5454545454545,0
31,110888,77,1421.6410256410256,1
62,31903,8,3544.777777777778,1
54,86123,31,2691.34375,1
54,168190,97,1716.2244897959183,1
43,98369,62,1561.4126984126983,0
78,164115,1,82057.5,0
89,184962,63,2890.03125,0
72,110965,3,27741.25,1
51,154496,58,2618.576271186441,0
86,116350,22,5058.695652173913,1
68,187641,75,2468.9605263157896,1
71,96079,23,4003.2916666666665,1
47,25500,27,910.7142857142857,1
35,151609,84,1783.6352941176472,0
18,52474,28,1809.448275862069,1
41,23927,62,379.7936507936508,0
45,135370,71,1880.138888888889,1
59,184806,98,1866.7272727272727,1
72,95231,1,47615.5,0
59,193896,34,5539.885714285714,0
58,135561,89,1506.2333333333333,0
88,80155,41,1908.452380952381,1
47,166807,21,7582.136363636364,0
90,197312,56,3461.6140350877195,1
26,155760,96,1605.7731958762886,0
86,147795,58,2505.0,0
21,47994,74,639.92,0
70,38599,63,603.109375,0
87,40832,26,1512.2962962962963,1
19,41156,35,1143.2222222222222,0
42,174547,60,2861.4262295081967,0
37,149000,100,1475.2475247524753,1
71,161860,52,3053.9622641509436,0
41,25990,79,324.875,0
33,111360,83,1325.7142857142858,1
21,109633,17,6090.722222222223,0
49,155667,100,1541.2574257425742,1
67,109035,42,2535.6976744186045,0
67,186580,76,2423.116883116883,1
90,169562,58,2873.9322033898306,1
18,182836,74,2437.8133333333335,0
47,132443,84,1558.1529411764707,1
81,144966,19,7248.3,0
37,49997,64,769.1846153846154,0
28,90005,19,4500.25,1
49,146773,5,24462.166666666668,0
80,172268,57,2970.137931034483,0
50,84102,67,1236.7941176470588,1
82,176073,73,2379.364864864865,1
81,179600,11,14966.666666666666,0
81,59089,97,602.9489795918367,0
58,189470,54,3444.909090909091,1
85,149588,78,1893.5189873417721,0
18,97711,73,1320.418918918919,0
62,41646,69,594.9428571428572,1
65,196423,46,4179.212765957447,0
29,157989,56,2771.7368421052633,0
24,145388,17,8077.111111111111,0
36,56886,99,568.86,0
66,195960,68,2840.0,0
63,176809,15,11050.5625,1
56,97396,96,1004.0824742268042,1
48,31536,55,563.1428571428571,0
18,150276,70,2116.56338028169,0
38,137292,45,2984.608695652174,0
69,175644,20,8364.0,0
22,70141,60,1149.8524590163934,0
55,125051,11,10420.916666666666,0
64,149382,2,49794.0,0
50,45351,29,1511.7,0
71,124488,42,2895.0697674418607,1
27,76976,4,15395.2,1
54,91736,12,7056.615384615385,1
68,178734,61,2882.8064516129034,0
89,98404,66,1468.7164179104477,0
71,45477,78,575.6582278481013,1
77,159979,59,2666.3166666666666,0
47,132117,36,3570.7297297297296,1
46,198445,14,13229.666666666666,1
74,111587,21,5072.136363636364,0
55,67413,94,709.6105263157895,1
23,101684,40,2480.0975609756097,1
28,117463,79,1468.2875,0
25,78656,29,2621.866666666667,0
62,193367,58,3277.406779661017,0
50,160764,61,2592.967741935484,1
83,96168,17,5342.666666666667,0
29,34530,99,345.3,1
30,129537,62,2056.1428571428573,0
59,190989,91,2075.967391304348,1
58,54618,34,1560.5142857142857,1
52,146520,79,1831.5,0
79,92771,49,1855.42,0
90,112244,92,1206.9247311827958,1
30,61249,76,795.4415584415584,0
57,24876,35,691.0,0
83,160302,69,2290.0285714285715,0
44,92913,49,1858.26,0
89,42887,59,714.7833333333333,0
83,57385,22,2495.0,0
53,88225,76,1145.7792207792209,0
29,145532,5,24255.333333333332,1
27,156127,56,2739.0701754385964,0
36,44116,78,558.4303797468355,0
71,114072,80,1408.2962962962963,1
48,75110,100,743.6633663366337,0
69,146283,63,2285.671875,0
50,21399,3,5349.75,0
79,142483,66,2126.6119402985073,1
37,149552,19,7477.6,1
61,29919,56,524.8947368421053,1
38,194055,18,10213.421052631578,1
27,125297,81,1528.0121951219512,0
74,173057,77,2218.6794871794873,0
23,115820,76,1504.155844155844,0
88,27301,27,975.0357142857143,0
71,76483,8,8498.111111111111,1
89,68531,5,11421.833333333334,0
51,96795,93,1029.7340425531916,1
39,39990,4,7998.0,0
87,25623,75,337.14473684210526,1
43,93081,77,1193.3461538461538,1
23,48219,42,1121.3720930232557,1
50,44117,48,900.3469387755102,1
33,189782,79,2372.275,1
55,177366,91,1927.891304347826,0
26,107765,99,1077.65,0
45,65328,47,1361.0,1
54,46042,14,3069.4666666666667,1
28,121122,57,2088.310344827586,1
18,152260,13,10875.714285714286,1
69,133594,53,2473.962962962963,0
23,86973,69,1242.4714285714285,1
45,153939,31,4810.59375,0
75,117615,81,1434.3292682926829,1
19,110430,64,1698.923076923077,1
71,125320,35,3481.1111111111113,1
86,23178,80,286.14814814814815,0
85,81196,44,1804.3555555555556,0
36,22155,10,2014.090909090909,1
50,39320,34,1123.4285714285713,0
81,53286,32,1614.7272727272727,0
25,112577,13,8041.214285714285,0
25,33184,30,1070.4516129032259,1
85,125608,79,1570.1,0
21,149589,44,3324.2,0
48,167585,27,5985.178571428572,0
48,111534,61,1798.9354838709678,0
54,164655,17,9147.5,1
46,93061,20,4431.476190476191,0
59,43250,40,1054.878048780488,0
68,183399,12,14107.615384615385,1
39,168737,82,2032.9759036144578,0
31,184991,19,9249.55,0
76,22148,14,1476.5333333333333,1
69,188363,22,8189.695652173913,1
79,23962,43,544.5909090909091,0
82,29126,86,334.7816091954023,0
65,34978,76,454.2597402597403,1
48,198395,42,4613.837209302325,1
23,70889,71,984.5694444444445,0
29,98705,64,1518.5384615384614,0
85,137115,20,6529.285714285715,0
37,160406,93,1706.4468085106382,0
89,98075,33,2884.5588235294117,0
44,113260,28,3905.5172413793102,0
75,187096,42,4351.069767441861,1
74,28763,71,399.4861111111111,1
89,25087,25,964.8846153846154,0
52,172373,3,43093.25,1
70,70813,64,1089.4307692307693,1
73,128719,39,3217.975,0
74,117265,92,1260.9139784946237,1
54,133866,57,2308.0344827586205,0
22,175014,55,3125.25,0
23,98802,65,1497.0,1
60,141640,93,1506.8085106382978,1
69,67323,96,694.0515463917526,1
28,113061,78,1431.1518987341772,1
69,95824,38,2457.025641025641,0
48,123152,41,2932.190476190476,0
89,97696,12,7515.076923076923,0
31,28385,60,465.327868852459,0
87,199070,3,49767.5,0
45,112804,57,1944.896551724138,1
88,37037,94,389.86315789473684,0
74,39397,9,3939.7,1
82,66052,28,2277.655172413793,1
80,80283,81,979.060975609756,0
39,92169,34,2633.4,1
28,20859,45,453.45652173913044,1
37,144999,26,5370.333333333333,0
56,96999,83,1154.75,0
43,139733,77,1791.448717948718,0
18,32786,4,6557.2,1
86,137215,10,12474.09090909091,1
57,155103,73,2095.9864864864867,0
65,94107,63,1470.421875,1
58,135343,88,1520.7078651685392,0
60,37753,22,1641.4347826086957,1
78,71989,19,3599.45,0
29,172954,33,5086.882352941177,0
82,24895,85,289.4767441860465,0
44,186198,23,7758.25,0
90,109271,65,1655.621212121212,0
63,74553,30,2404.935483870968,1
73,191889,100,1899.8910891089108,1
45,59624,64,917.2923076923076,1
25,103982,55,1856.8214285714287,1
44,57588,14,3839.2,0
21,60047,39,1501.175,0
79,29209,51,561.7115384615385,0
88,63758,82,768.1686746987951,1
23,44672,88,501.9325842696629,0
44,179507,88,2016.9325842696628,0
30,57237,23,2384.875,0
39,53716,31,1678.625,1
51,199540,64,3069.846153846154,1
43,27643,56,484.96491228070175,1
53,34337,91,373.2282608695652,0
82,196114,48,4002.326530612245,1
55,67198,31,2099.9375,1
86,196756,5,32792.666666666664,1
70,123170,11,10264.166666666666,0
73,29477,44,655.0444444444445,0
19,183327,29,6110.9,1
62,170520,90,1873.8461538461538,0
55,88747,47,1848.8958333333333,1
51,170897,94,1798.9157894736843,0
66,25442,39,636.05,1
23,195494,15,12218.375,0
87,82684,90,908.6153846153846,1
38,122624,54,2229.5272727272727,0
51,195036,34,5572.457142857143,1
83,183369,44,4074.866666666667,1
71,107708,58,1825.5593220338983,0
81,74960,5,12493.333333333334,1
50,98129,52,1851.4905660377358,1
71,37801,21,1718.2272727272727,1
25,184111,42,4281.6511627906975,0
79,176926,2,58975.333333333336,0
36,77248,51,1485.5384615384614,0
39,57224,75,752.9473684210526,1
86,30718,100,304.13861386138615,0
88,59822,78,757.2405063291139,1
57,178635,70,2515.9859154929577,0
46,173612,24,6944.48,1
78,126182,21,5735.545454545455,0
19,62692,50,1229.2549019607843,1
35,105050,92,1129.5698924731182,0
23,195225,96,2012.6288659793815,0
20,90718,75,1193.657894736842,0
25,95895,87,1089.715909090909,0
72,130429,1,65214.5,0
37,143793,12,11061.0,0
40,178757,58,3029.7796610169494,0
34,81885,53,1516.388888888889,0
43,159120,93,1692.7659574468084,0
59,62665,23,2611.0416666666665,1
76,131186,65,1987.6666666666667,0
45,83790,49,1675.8,0
41,140699,75,1851.3026315789473,0
89,109211,86,1255.2988505747126,0
64,170505,32,5166.818181818182,1
21,88548,17,4919.333333333333,1
41,164841,75,2168.9605263157896,0
38,66871,85,777.5697674418604,0
58,188669,9,18866.9,1
29,111284,29,3709.4666666666667,1
44,113243,58,1919.3728813559321,0
46,62125,3,15531.25,1
72,145564,49,2911.28,1
63,175391,68,2541.8985507246375,1
27,137158,73,1853.4864864864865,1
18,168998,48,3448.938775510204,0
50,157466,100,1559.069306930693,1
58,147471,3,36867.75,1
82,23624,90,259.6043956043956,0
56,37718,55,673.5357142857143,0
56,193105,81,2354.939024390244,1
86,118673,75,1561.4868421052631,1
90,197140,35,5476.111111111111,1
70,97831,30,3155.8387096774195,0
89,144452,64,2222.3384615384616,0
48,169584,52,3199.698113207547,0
47,119353,53,2210.240740740741,1
44,133713,44,2971.4,1
73,167553,44,3723.4,1
27,113815,24,4552.6,0
77,109642,1,54821.0,0
55,89345,38,2290.897435897436,1
43,77300,81,942.6829268292682,0
84,87892,51,1690.2307692307693,1
26,100489,11,8374.083333333334,0
77,169901,42,3951.186046511628,1
58,155674,64,2394.9846153846156,0
45,138700,85,1612.7906976744187,0
45,176737,9,17673.7,1
50,43731,26,1619.6666666666667,0
33,196473,56,3446.8947368421054,1
78,169890,47,3539.375,1
65,77696,74,1035.9466666666667,0
79,52788,17,2932.6666666666665,1
48,158263,14,10550.866666666667,1
88,67350,26,2494.4444444444443,1
61,120338,54,2187.9636363636364,1
44,188542,77,2417.2051282051284,0
34,75665,21,3439.318181818182,0
38,190038,40,4635.073170731707,0
75,94826,22,4122.869565217391,1
18,39706,52,749.1698113207547,0
36,148986,83,1773.642857142857,1
21,73499,93,781.9042553191489,1
60,148427,20,7067.952380952381,0
86,20367,41,484.92857142857144,1
40,131652,91,1431.0,0
83,53030,80,654.6913580246913,0
76,196497,19,9824.85,1
19,182394,88,2049.370786516854,1
24,187756,52,3542.566037735849,1
41,145307,26,5381.740740740741,1
67,145292,62,2306.222222222222,1
68,177663,23,7402.625,0
59,116324,100,1151.7227722772277,1
79,135158,66,2017.2835820895523,0
75,26876,52,507.0943396226415,0
65,84206,98,850.5656565656566,1
42,171671,20,8174.809523809524,0
78,48877,71,678.8472222222222,0
53,106267,43,2415.159090909091,0
72,83133,29,2771.1,0
33,109882,90,1207.4945054945056,1
63,163949,48,3345.8979591836733,0
22,173057,95,1802.6770833333333,1
56,68028,9,6802.8,0
68,27551,78,348.746835443038,1
53,53828,17,2990.4444444444443,1
53,113496,4,22699.2,0
56,37165,90,408.4065934065934,1
24,29176,87,331.54545454545456,0
86,159995,25,6153.653846153846,0
82,96254,36,2601.4594594594596,1
55,118524,35,3292.3333333333335,1
23,137847,70,1941.5070422535211,0
30,90332,9,9033.2,1
64,162276,45,3527.7391304347825,1
75,37053,96,381.9896907216495,1
83,57511,57,991.5689655172414,0
84,188514,52,3556.867924528302,1
34,103243,94,1086.7684210526315,0
20,164068,15,10254.25,0
49,190610,7,23826.25,0
77,94757,48,1933.8163265306123,1
52,92926,6,13275.142857142857,0
18,96028,76,1247.1168831168832,1
62,155428,81,1895.4634146341464,0
64,165306,93,1758.5744680851064,0
21,179719,8,19968.777777777777,1
31,92593,82,1115.578313253012,0
64,156475,59,2607.9166666666665,0
31,101506,59,1691.7666666666667,0
30,126846,77,1626.2307692307693,0
80,104540,80,1290.6172839506173,0
55,165332,92,1777.763440860215,0
25,156599,14,10439.933333333332,0
32,76868,81,937.4146341463414,0
87,28007,91,304.42391304347825,1
89,68635,3,17158.75,0
25,188784,44,4195.2,0
63,150714,18,7932.315789473684,1
19,153793,68,2228.8840579710145,1
69,84036,74,1120.48,0
90,24141,82,290.855421686747,0
90,187055,46,3979.8936170212764,0
38,176170,88,1979.438202247191,1
52,61569,87,699.6477272727273,0
59,179314,57,3091.6206896551726,1
51,27849,16,1638.1764705882354,0
25,178079,44,3957.311111111111,1
85,44920,4,8984.0,0
67,156630,79,1957.875,1
31,53273,96,549.2061855670103,1
60,142123,81,1733.2073170731708,1
21,63824,78,807.8987341772151,1
85,62152,9,6215.2,1
20,188379,43,4281.340909090909,1
78,155183,73,2097.0675675675675,0
67,66006,73,891.972972972973,1
24,66141,48,1349.8163265306123,0
83,77996,84,917.6,1
84,72895,82,878.2530120481928,0
60,180343,36,4874.135135135135,1
35,78300,65,1186.3636363636363,0
87,116747,60,1913.8852459016393,0
34,186138,24,7445.52,0
32,132762,84,1561.9058823529413,1
66,125170,49,2503.4,1
66,134453,25,5171.2692307692305,1
89,166749,41,3970.214285714286,1
38,92407,59,1540.1166666666666,1
50,120912,64,1860.1846153846154,1
42,38957,72,533.6575342465753,0
29,145488,90,1598.7692307692307,1
79,120072,84,1412.6117647058823,0
22,148402,26,5496.37037037037,0
90,118293,1,59146.5,0
21,152598,55,2724.964285714286,0
35,113673,100,1125.4752475247524,1
50,195210,46,4153.404255319149,0
33,142281,17,7904.5,0
24,53101,9,5310.1,1
38,121078,8,13453.111111111111,0
32,37599,87,427.2613636363636,0
67,111626,49,2232.52,0
88,182816,81,2229.4634146341464,0
43,165259,38,4237.410256410257,1
18,37113,57,639.8793103448276,0
57,53126,92,571.247311827957,1
73,45519,77,583.5769230769231,1
75,50834,14,3388.9333333333334,1
44,32417,2,10805.666666666666,1
26,93896,58,1591.457627118644,0
62,48610,91,528.3695652173913,0
69,108965,91,1184.4021739130435,1
62,155367,37,4088.6052631578946,0
79,192106,66,2867.2537313432836,0
21,84817,95,883.5104166666666,1
30,89268,6,12752.57142857143,1
52,75279,65,1140.590909090909,0
41,119806,17,6655.888888888889,1
72,92930,72,1273.013698630137,1
78,136822,33,4024.176470588235,0
60,130388,25,5014.923076923077,0
58,144006,41,3428.714285714286,0
46,39034,39,975.85,0
34,115238,91,1252.5869565217392,0
79,72784,63,1137.25,1
44,155165,71,2155.0694444444443,1
79,25787,93,274.32978723404256,1
84,119028,12,9156.0,0
31,135603,55,2421.4821428571427,1
68,183505,46,3904.3617021276596,0
30,21969,26,813.6666666666666,0
82,115237,14,7682.466666666666,1
32,32101,96,330.9381443298969,0
73,130627,81,1593.0121951219512,1
71,22412,100,221.9009900990099,1
90,149207,61,2406.564516129032,1
38,85765,59,1429.4166666666667,1
87,193476,88,2173.887640449438,1
72,191005,12,14692.692307692309,1
49,151751,88,1705.0674157303372,1
24,139031,52,2623.2264150943397,0
79,131941,14,8796.066666666668,0
45,89157,70,1255.7323943661972,0
89,198252,77,2541.6923076923076,0
51,120437,3,30109.25,0
42,140330,9,14033.0,0
33,57209,32,1733.6060606060605,1
42,106261,40,2591.731707317073,0
61,67375,66,1005.5970149253732,0
21,175011,54,3182.018181818182,1
21,182021,11,15168.416666666666,1
50,146849,25,5648.038461538462,1
63,118705,85,1380.2906976744187,0
70,163535,95,1703.4895833333333,1
83,87367,67,1284.8088235294117,0
51,96458,22,4193.826086956522,1
20,91685,10,8335.0,1
59,42039,26,1557.0,0
40,127737,12,9825.923076923076,1
74,194539,81,2372.4268292682927,1
40,152822,65,2315.4848484848485,1
72,195104,23,8129.333333333333,1
44,27788,15,1736.75,1
83,128091,74,1707.88,1
44,166976,59,2782.9333333333334,1
22,171656,92,1845.763440860215,1
39,143668,90,1578.7692307692307,1
62,153884,74,2051.786666666667,1
78,117116,47,2439.9166666666665,1
52,142234,33,4183.35294117647,0
24,20026,60,328.2950819672131,1
32,143755,56,2522.0175438596493,0
18,63246,68,916.6086956521739,1
20,160676,79,2008.45,0
34,77401,27,2764.3214285714284,0
86,197577,16,11622.176470588236,1
54,127967,36,3458.5675675675675,1
67,70531,15,4408.1875,1
54,76222,79,952.775,0
77,188027,82,2265.385542168675,0
79,129447,17,7191.5,0
24,77592,37,2041.8947368421052,1
89,103601,38,2656.4358974358975,0
77,61071,16,3592.4117647058824,0
85,39275,95,409.1145833333333,0
37,126192,67,1855.764705882353,0
26,90805,67,1335.3676470588234,0
51,128859,20,6136.142857142857,1
22,87507,3,21876.75,1
32,90962,91,988.7173913043479,0
31,139838,88,1571.2134831460673,0
42,150043,69,2143.4714285714285,1
18,171868,95,1790.2916666666667,1
77,185057,98,1869.2626262626263,0
83,72073,20,3432.0476190476193,0
67,151492,69,2164.1714285714284,1
47,60792,79,759.9,0
46,116392,92,1251.52688172043,1
61,155498,82,1873.4698795180723,0
78,88742,33,2610.0588235294117,1
78,38056,21,1729.8181818181818,0
67,111918,23,4663.25,0
18,133434,8,14826.0,0
61,175113,36,4732.783783783784,1
47,110661,31,3458.15625,1
64,49405,97,504.1326530612245,0
49,89964,10,8178.545454545455,1
85,59481,46,1265.5531914893618,0
82,132057,12,10158.23076923077,1
46,155922,86,1792.2068965517242,1
23,168057,13,12004.07142857143,1
72,182599,80,2254.3086419753085,1
78,33358,44,741.2888888888889,0
42,39919,33,1174.0882352941176,1
71,98489,93,1047.7553191489362,0
19,50425,4,10085.0,1
60,158062,92,1699.5913978494623,0
30,124233,43,2823.4772727272725,1
65,67252,65,1018.969696969697,1
83,153609,16,9035.823529411764,0
33,27062,95,281.8958333333333,1
37,122064,49,2441.28,1
63,146967,59,2449.45,0
82,65665,21,2984.7727272727275,1
19,34054,74,454.05333333333334,1
78,88937,60,1457.983606557377,0
88,134197,24,5367.88,1
62,34325,3,8581.25,0
42,138545,35,3848.472222222222,1
69,123136,35,3420.4444444444443,0
59,60468,20,2879.4285714285716,1
62,163073,22,7090.130434782609,0
29,87548,1,43774.0,0
49,191629,81,2336.939024390244,1
74,170243,40,4152.268292682927,1
57,183870,14,12258.0,1
69,167470,24,6698.8,0
47,133448,74,1779.3066666666666,0
24,114340,29,3811.3333333333335,1
22,165070,57,2846.0344827586205,1
25,66762,14,4450.8,1
86,184844,67,2718.294117647059,0
62,91478,75,1203.657894736842,1
43,146764,61,2367.1612903225805,0
68,35105,3,8776.25,0
51,47082,34,1345.2,0
40,138943,51,2671.980769230769,0
28,181957,33,5351.676470588235,0
87,149886,28,5168.482758620689,1
51,189855,53,3515.8333333333335,1
45,92399,54,1679.9818181818182,1
47,157226,39,3930.65,0
65,53578,38,1373.7948717948718,0
79,139904,21,6359.272727272727,0
39,34988,53,647.925925925926,0
86,88935,24,3557.4,1
85,185863,25,7148.576923076923,1
79,77675,11,6472.916666666667,0
45,21120,73,285.4054054054054,0
83,78803,96,812.4020618556701,1
62,36232,49,724.64,0
70,21416,50,419.921568627451,1
48,76637,94,806.7052631578947,1
65,108649,1,54324.5,1
40,92677,87,1053.1477272727273,1
87,65959,40,1608.7560975609756,0
63,78500,67,1154.4117647058824,1
37,178614,43,4059.409090909091,0
36,109364,3,27341.0,1
78,20895,17,1160.8333333333333,0
85,92571,22,4024.8260869565215,1
42,153754,6,21964.85714285714,1
65,88674,29,2955.8,0
43,171199,28,5903.413793103448,1
57,30100,3,7525.0,1
32,152904,90,1680.2637362637363,1
90,65726,87,746.8863636363636,0
26,155839,59,2597.3166666666666,1
70,60936,15,3808.5,0
90,54803,8,6089.222222222223,0
50,64767,24,2590.68,0
28,195815,26,7252.407407407408,0
64,128861,19,6443.05,1
38,102107,77,1309.0641025641025,1
84,117908,65,1786.4848484848485,0
84,69528,3,17382.0,0
72,128390,33,3776.176470588235,1
36,134279,19,6713.95,0
62,41793,62,663.3809523809524,1
57,39270,63,613.59375,0
50,127482,33,3749.470588235294,0
65,52721,63,823.765625,0
82,36272,42,843.5348837209302,0
47,118790,58,2013.3898305084747,1
20,126932,100,1256.7524752475247,0
24,153939,69,2199.1285714285714,0
36,183600,94,1932.6315789473683,0
69,60244,53,1115.6296296296296,1
29,171852,54,3124.581818181818,1
23,168712,9,16871.2,0
77,110848,73,1497.945945945946,1
47,64428,54,1171.418181818182,0
45,149856,64,2305.476923076923,0
22,75872,4,15174.4,0
70,199375,52,3761.7924528301887,0
26,77308,63,1207.9375,1
87,133949,43,3044.2954545454545,0
81,157229,80,1941.0987654320988,0
42,190190,90,2090.0,1
55,23714,32,718.6060606060606,0
50,35162,45,764.3913043478261,1
80,57600,60,944.2622950819672,1
46,150864,42,3508.4651162790697,1
37,178854,56,3137.7894736842104,1
19,133719,91,1453.4673913043478,0
54,173500,35,4819.444444444444,0
85,116362,71,1616.138888888889,0
19,43405,7,5425.625,0
89,184818,59,3080.3,1
86,162032,100,1604.2772277227723,0
58,69914,27,2496.9285714285716,1
84,197577,88,2219.9662921348313,0
73,148812,22,6470.086956521739,0
35,50167,71,696.7638888888889,0
40,71718,25,2758.3846153846152,1
58,122586,48,2501.7551020408164,1
80,191221,1,95610.5,1
64,185947,41,4427.309523809524,1
78,145480,75,1914.2105263157894,1
39,117959,56,2069.4561403508774,1
77,45973,61,741.5,0
20,121981,88,1370.573033707865,0
80,130610,5,21768.333333333332,0
37,38115,2,12705.0,0
48,54314,73,733.972972972973,1
71,60186,27,2149.5,1
43,123717,42,2877.139534883721,1
84,178866,36,4834.216216216216,1
76,52792,24,2111.68,0
43,157587,82,1898.6385542168675,0
50,183806,98,1856.6262626262626,0
21,41548,70,585.1830985915493,1
28,106930,51,2056.346153846154,1
51,44627,20,2125.095238095238,1
64,74069,34,2116.2571428571428,1
41,136407,52,2573.7169811320755,1
21,61801,29,2060.0333333333333,0
61,121453,5,20242.166666666668,0
38,39535,52,745.9433962264151,0
23,52568,7,6571.0,1
45,189817,15,11863.5625,0
34,35191,93,374.3723404255319,1
18,47694,17,2649.6666666666665,1
66,78476,64,1207.323076923077,0
29,114252,55,2040.2142857142858,0
54,180926,21,8223.90909090909,0
87,48004,72,657.5890410958904,1
47,117548,22,5110.782608695652,1
69,120863,56,2120.40350877193,0
31,166091,48,3389.612244897959,0
45,25111,54,456.56363636363636,0
48,169492,64,2607.5692307692307,0
49,156693,69,2238.4714285714285,1
58,34333,34,980.9428571428572,0
46,31543,28,1087.6896551724137,0
89,25875,26,958.3333333333334,0
51,90904,21,4132.0,0
19,56279,93,598.7127659574468,1
39,136139,24,5445.56,1
72,73784,33,2170.1176470588234,0
80,72858,60,1194.3934426229507,0
69,44052,29,1468.4,0
36,49206,66,734.4179104477612,0
24,147781,100,1463.1782178217823,0
69,182159,65,2759.9848484848485,0
82,33489,55,598.0178571428571,0
66,188928,61,3047.2258064516127,1
56,25773,25,991.2692307692307,0
85,198971,13,14212.214285714286,1
68,176364,25,6783.2307692307695,0
53,171195,87,1945.3977272727273,1
61,51732,84,608.6117647058824,1
82,43516,11,3626.3333333333335,0
43,187893,27,6710.464285714285,1
53,132353,58,2243.271186440678,0
62,36644,45,796.6086956521739,0
31,146830,51,2823.653846153846,1
69,133637,11,11136.416666666666,1
35,112981,72,1547.6849315068494,0
67,28146,100,278.6732673267327,1
29,64520,22,2805.217391304348,1
57,24860,57,428.62068965517244,0
83,196495,15,12280.9375,1
21,41085,46,874.1489361702128,1
79,142798,39,3569.95,1
30,190791,13,13627.92857142857,1
69,127189,89,1413.2111111111112,1
63,180819,39,4520.475,1
70,185367,69,2648.1,0
24,167055,22,7263.260869565217,0
44,128538,79,1606.725,1
79,113974,11,9497.833333333334,1
60,34808,89,386.75555555555553,0
90,154969,61,2499.5,1
41,178534,92,1919.720430107527,1
73,35515,65,538.1060606060606,1
83,61689,7,7711.125,1
65,122104,42,2839.6279069767443,0
78,188556,18,9924.0,1
52,168189,27,6006.75,1
64,58171,8,6463.444444444444,1
42,69347,59,1155.7833333333333,1
63,180254,14,12016.933333333332,0
38,87274,66,1302.597014925373,0
84,169056,96,1742.8453608247423,1
89,119554,85,1390.1627906976744,1
31,27639,14,1842.6,0
44,54231,79,677.8875,0
47,95601,89,1062.2333333333333,0
56,117356,39,2933.9,1
40,181526,55,3241.535714285714,0
53,145689,37,3833.9210526315787,0
23,70705,21,3213.8636363636365,1
36,144991,34,4142.6,0
18,150978,45,3282.1304347826085,0
47,147362,90,1619.3626373626373,1
60,21441,29,714.7,0
64,80514,8,8946.0,0
80,86719,56,1521.3859649122808,1
21,166481,18,8762.157894736842,1
85,127834,99,1278.34,0
32,79382,18,4178.0,0
79,63302,39,1582.55,1
36,86262,79,1078.275,0
54,131333,77,1683.7564102564102,0
53,181089,93,1926.4787234042553,1
66,68055,75,895.4605263157895,1
40,45047,80,556.1358024691358,0
53,142230,87,1616.25,1
68,123077,82,1482.855421686747,1
56,100638,13,7188.428571428572,0
64,87969,24,3518.76,0
35,168770,83,2009.1666666666667,0
64,166360,40,4057.560975609756,0
54,62459,69,892.2714285714286,1
52,54904,47,1143.8333333333333,1
73,117314,7,14664.25,0
64,111075,98,1121.969696969697,1
23,161090,6,23012.85714285714,0
81,96670,16,5686.470588235294,1
88,61898,56,1085.9298245614036,0
21,37921,46,806.8297872340426,0
70,27402,68,397.1304347826087,1
44,32642,3,8160.5,1
74,84453,12,6496.384615384615,1
28,71174,15,4448.375,0
46,89088,54,1619.7818181818182,1
61,60457,55,1079.5892857142858,0
90,124884,18,6572.8421052631575,0
81,176130,35,4892.5,0
25,168864,6,24123.428571428572,1
36,101200,66,1510.44776119403,1
18,62820,90,690.3296703296703,0
64,101123,20,4815.380952380952,1
74,148827,100,1473.5346534653465,1
39,70277,75,924.6973684210526,1
48,58049,32,1759.060606060606,0
57,194861,59,3247.6833333333334,1
86,41545,77,532.6282051282051,1
60,85106,16,5006.235294117647,1
68,156840,58,2658.3050847457625,0
70,191676,100,1897.7821782178219,0
74,189400,61,3054.8387096774195,1
73,35680,24,1427.2,1
26,174939,11,14578.25,1
85,47416,5,7902.666666666667,0
90,99030,54,1800.5454545454545,1
63,162740,98,1643.8383838383838,0
37,36869,64,567.2153846153847,0
23,51281,23,2136.7083333333335,1
31,46379,54,843.2545454545455,1
85,190209,31,5944.03125,1
67,126435,41,3010.3571428571427,0
51,83434,83,993.2619047619048,0
39,22302,30,719.4193548387096,1
21,35279,78,446.56962025316454,1
26,167553,14,11170.2,0
90,86980,47,1812.0833333333333,0
53,35965,96,370.77319587628864,0
23,158737,50,3112.4901960784314,0
64,20790,26,770.0,0
69,79025,75,1039.8026315789473,0
19,47715,80,589.074074074074,1
25,28054,81,342.1219512195122,0
85,185856,51,3574.153846153846,0
55,27583,93,293.43617021276594,1
64,99977,32,3029.6060606060605,1
22,98358,57,1695.8275862068965,0
63,39757,51,764.5576923076923,0
61,185593,62,2945.9206349206347,1
78,25999,56,456.12280701754383,1
20,117979,43,2681.340909090909,1
51,134953,91,1466.8804347826087,1
43,164350,71,2282.6388888888887,0
80,91407,70,1287.4225352112676,1
52,81644,71,1133.9444444444443,1
38,188302,51,3621.1923076923076,1
74,107686,78,1363.113924050633,0
76,173331,56,3040.8947368421054,0
40,64387,2,21462.333333333332,1
86,32984,17,1832.4444444444443,1
22,40022,51,769.6538461538462,1
41,170275,37,4480.921052631579,0
35,44682,52,843.0566037735849,1
26,159629,52,3011.867924528302,0
84,129494,94,1363.0947368421052,1
73,36251,22,1576.1304347826087,0
36,155936,6,22276.571428571428,0
42,22084,88,248.13483146067415,1
40,160682,47,3347.5416666666665,0
72,134799,30,4348.354838709677,1
43,76676,81,935.0731707317074,0
49,190582,58,3230.2033898305085,1
82,131353,23,5473.041666666667,1
60,187287,91,2035.7282608695652,1
34,171141,4,34228.2,0
33,199666,67,2936.264705882353,0
72,114215,48,2330.918367346939,1
51,27386,65,414.93939393939394,0
34,38340,81,467.5609756097561,1
70,159689,52,3013.0,1
46,45606,44,1013.4666666666667,0
37,99759,5,16626.5,1
52,180821,74,2410.9466666666667,0
23,189853,24,7594.12,1
87,31997,19,1599.85,1
55,78884,69,1126.9142857142858,0
44,149908,15,9369.25,0
58,69143,17,3841.277777777778,1
64,71667,16,4215.705882352941,0
67,179013,39,4475.325,1
34,123893,56,2173.561403508772,1
57,83129,12,6394.538461538462,1
71,97846,96,1008.7216494845361,0
87,80996,69,1157.0857142857142,1
69,105588,30,3406.064516129032,0
35,149244,60,2446.622950819672,1
42,189145,32,5731.666666666667,1
46,90562,76,1176.1298701298701,0
80,170778,98,1725.030303030303,1
22,49483,8,5498.111111111111,0
84,83248,78,1053.7721518987341,0
23,45452,77,582.7179487179487,0
48,62794,39,1569.85,1
82,86162,16,5068.35294117647,0
31,103668,54,1884.8727272727272,0
58,20169,82,243.0,1
26,38329,43,871.1136363636364,0
65,81595,97,832.6020408163265,1
22,187638,78,2375.1645569620255,1
86,52645,84,619.3529411764706,1
24,115890,13,8277.857142857143,0
33,153653,37,4043.5,1
28,146665,95,1527.7604166666667,0
54,134934,52,2545.9245283018868,1
66,159230,91,1730.7608695652175,0
20,135205,23,5633.541666666667,0
65,72139,6,10305.57142857143,1
35,48162,38,1234.923076923077,1
26,144451,52,2725.490566037736,1
41,69332,57,1195.3793103448277,1
52,74709,56,1310.6842105263158,1
46,99802,30,3219.4193548387098,1
28,118953,87,1351.7386363636363,1
43,105699,42,2458.1162790697676,1
20,44018,11,3668.1666666666665,0
70,162373,70,2286.943661971831,0
70,127739,96,1316.8969072164948,1
38,135164,2,45054.666666666664,1
60,102332,33,3009.764705882353,1
60,57161,48,1166.5510204081634,0
33,106513,72,1459.0821917808219,1
49,34494,2,11498.0,0
65,113562,63,1774.40625,1
41,187260,57,3228.6206896551726,0
23,44899,90,493.3956043956044,1
74,176026,62,2794.063492063492,1
78,129877,65,1967.8333333333333,1
23,80038,84,941.6235294117647,1
25,49266,98,497.6363636363636,1
47,134507,30,4338.935483870968,1
45,176667,14,11777.8,1
33,113749,55,2031.232142857143,0
29,196824,9,19682.4,0
61,27884,90,306.4175824175824,1
70,94432,17,5246.222222222223,1
31,145353,85,1690.1511627906978,0
85,44370,91,482.2826086956522,0
61,26701,29,890.0333333333333,1
87,82084,98,829.1313131313132,0
49,147897,22,6430.304347826087,1
47,125862,15,7866.375,1
73,189278,54,3441.418181818182,1
77,51519,40,1256.560975609756,0
38,67499,100,668.3069306930693,1
89,180446,98,1822.6868686868686,0
83,104980,24,4199.2,0
24,95679,65,1449.6818181818182,1
58,140611,8,15623.444444444445,0
23,135582,67,1993.8529411764705,1
36,183368,71,2546.777777777778,1
47,113488,35,3152.4444444444443,1
51,41354,9,4135.4,0
78,167469,19,8373.45,0
66,104575,22,4546.739130434783,1
44,90429,93,962.0106382978723,0
62,91838,1,45919.0,1
49,54127,85,629.3837209302326,0
24,106437,71,1478.2916666666667,0
90,134160,88,1507.4157303370787,1
32,132095,76,1715.5194805194806,1
56,84892,50,1664.549019607843,0
55,31488,68,456.3478260869565,0
79,161995,16,9529.117647058823,0
33,124814,71,1733.5277777777778,0
59,190086,21,8640.272727272728,1
50,100127,73,1353.0675675675675,1
42,58643,54,1066.2363636363636,1
63,126502,84,1488.2588235294118,1
52,81767,19,4088.35,1
72,77644,14,5176.266666666666,1
74,96671,89,1074.1222222222223,0
52,79560,61,1283.225806451613,1
72,53790,65,815.0,0
55,93665,16,5509.705882352941,0
38,117959,93,1254.8829787234042,1
81,188011,37,4947.6578947368425,1
80,95048,7,11881.0,1
76,58221,92,626.0322580645161,0
25,199654,25,7679.0,1
39,86789,4,17357.8,0
59,42301,20,2014.3333333333333,0
20,91523,8,10169.222222222223,0
41,60947,38,1562.7435897435898,0
89,57261,59,954.35,0
74,43075,90,473.35164835164835,1
71,176424,91,1917.6521739130435,0
32,86714,23,3613.0833333333335,1
44,170771,99,1707.71,1
62,179663,53,3327.0925925925926,1
82,159102,46,3385.148936170213,0
55,97725,76,1269.155844155844,1
42,191267,23,7969.458333333333,1
71,180209,4,36041.8,1
33,107515,75,1414.671052631579,1
68,124816,21,5673.454545454545,0
89,181540,82,2187.2289156626507,1
66,63608,28,2193.3793103448274,0
81,152833,93,1625.8829787234042,1
54,78763,81,960.5243902439024,0
51,60032,30,1936.516129032258,1
26,69855,70,983.8732394366198,0
35,100972,11,8414.333333333334,0
19,92598,59,1543.3,0
61,177518,3,44379.5,1
48,27878,37,733.6315789473684,0
26,110005,100,1089.1584158415842,1
75,148505,75,1954.0131578947369,1
35,91405,54,1661.909090909091,1
74,158548,14,10569.866666666667,1
22,33486,67,492.44117647058823,1
74,30698,97,313.2448979591837,0
74,162821,5,27136.833333333332,0
34,147588,43,3354.2727272727275,1
21,177996,9,17799.6,0
57,59952,31,1873.5,0
29,102041,27,3644.3214285714284,1
54,82254,14,5483.6,1
72,61856,13,4418.285714285715,0
20,116319,85,1352.546511627907,1
28,69330,9,6933.0,1
70,178952,4,35790.4,1
79,88779,16,5222.294117647059,0
64,145346,77,1863.4102564102564,1
51,102610,59,1710.1666666666667,0
64,59907,7,7488.375,1
50,87390,45,1899.7826086956522,1
25,34998,77,448.6923076923077,1
20,82728,86,950.8965517241379,1
59,176564,44,3923.6444444444446,0
48,152927,41,3641.1190476190477,1
50,173841,85,2021.406976744186,0
45,95291,99,952.91,0
69,44520,47,927.5,1
40,28577,90,314.032967032967,1
48,41916,90,460.61538461538464,0
74,171375,69,2448.214285714286,0
22,30460,48,621.6326530612245,0
71,148385,48,3028.265306122449,0
48,38915,29,1297.1666666666667,0
88,151941,1,75970.5,0
89,45126,77,578.5384615384615,0
42,171015,63,2672.109375,0
86,133856,6,19122.285714285714,0
38,70033,63,1094.265625,1
79,41772,94,439.70526315789476,0
81,128864,54,2342.981818181818,1
28,31329,74,417.72,1
81,182358,70,2568.4225352112676,0
78,93245,6,13320.714285714286,1
43,125512,96,1293.9381443298969,0
67,172473,40,4206.658536585366,0
74,196097,18,10320.894736842105,1
40,183790,16,10811.176470588236,0
20,144570,63,2258.90625,1
34,90159,49,1803.18,0
55,165677,23,6903.208333333333,0
78,99948,20,4759.428571428572,1
55,58520,86,672.6436781609195,0
24,78839,89,875.9888888888889,1
83,149464,97,1525.142857142857,0
54,124060,52,2340.754716981132,0
44,154418,95,1608.5208333333333,1
68,197695,17,10983.055555555555,1
80,171199,80,2113.567901234568,0
54,175562,23,7315.083333333333,1
70,167599,62,2660.3015873015875,1
24,39271,8,4363.444444444444,1
76,128381,55,2292.5178571428573,0
81,25613,51,492.5576923076923,0
32,119089,59,1984.8166666666666,0
19,105107,90,1155.021978021978,0
69,132249,13,9446.357142857143,1
67,163293,22,7099.695652173913,1
55,117969,72,1616.013698630137,1
75,43631,90,479.46153846153845,0
69,84971,99,849.71,0
86,83428,23,3476.1666666666665,1
70,26895,99,268.95,0
78,104682,98,1057.3939393939395,0
73,171972,29,5732.4,1
59,26369,56,462.6140350877193,1
58,54054,96,557.2577319587629,1
59,117094,84,1377.5764705882352,0
63,168509,46,3585.2978723404253,1
30,103191,6,14741.57142857143,1
54,199791,20,9513.857142857143,1
69,180335,93,1918.4574468085107,1
68,154414,81,1883.0975609756097,1
59,98346,84,1157.0117647058823,0
23,27978,18,1472.5263157894738,0
70,70065,99,700.65,1
53,77980,28,2688.9655172413795,0
83,174248,4,34849.6,1
75,147324,67,2166.529411764706,1
27,182070,60,2984.754098360656,1
87,81749,29,2724.9666666666667,1
70,66880,76,868.5714285714286,1
53,50035,79,625.4375,1
44,141273,10,12843.0,1
83,181849,69,2597.842857142857,1
56,56627,99,566.27,1
54,84902,84,998.8470588235294,1
47,90622,47,1887.9583333333333,1
28,178726,45,3885.3478260869565,1
28,161469,58,2736.762711864407,0
78,181166,58,3070.6101694915255,1
64,145384,72,1991.5616438356165,1
88,156579,30,5050.935483870968,0
36,120287,20,5727.952380952381,0
78,150538,35,4181.611111111111,0
53,94305,4,18861.0,1
76,23670,47,493.125,1
46,66452,60,1089.377049180328,1
79,161200,2,53733.333333333336,1
52,106927,11,8910.583333333334,0
46,117824,35,3272.8888888888887,1
52,20719,90,227.6813186813187,1
47,41704,69,595.7714285714286,0
38,119914,48,2447.2244897959185,0
54,155750,14,10383.333333333334,0
62,105203,83,1252.4166666666667,1
69,25398,28,875.7931034482758,1
70,56505,7,7063.125,0
43,50793,95,529.09375,1
66,169287,5,28214.5,1
22,135615,70,1910.0704225352113,1
84,31648,32,959.030303030303,1
74,72353,76,939.6493506493506,1
67,194288,26,7195.851851851852,0
34,184616,13,13186.857142857143,0
68,39133,12,3010.230769230769,1
38,28414,38,728.5641025641025,0
53,153857,90,1690.7362637362637,1
50,28524,50,559.2941176470588,1
52,92915,99,929.15,1
85,195358,11,16279.833333333334,1
53,38917,13,2779.785714285714,1
64,69788,10,6344.363636363636,1
76,55120,34,1574.857142857143,0
30,181165,70,2551.6197183098593,0
26,199667,84,2349.0235294117647,1
65,181003,38,4641.102564102564,0
20,33073,100,327.45544554455444,0
75,181651,62,2883.3492063492063,1
80,194677,86,2237.6666666666665,1
35,168378,87,1913.3863636363637,0
31,26930,14,1795.3333333333333,0
47,154852,18,8150.105263157895,1
28,27512,59,458.53333333333336,0
35,37024,91,402.4347826086956,0
59,187235,7,23404.375,1
83,130979,11,10914.916666666666,1
27,181196,24,7247.84,1
30,23360,62,370.7936507936508,1
72,70168,100,694.7326732673267,1
19,160324,6,22903.428571428572,1
80,197688,65,2995.2727272727275,0
24,142818,30,4607.032258064516,0
34,155250,72,2126.7123287671234,1
26,33800,22,1469.5652173913043,0
56,123404,57,2127.655172413793,1
38,184691,33,5432.088235294118,1
52,116319,65,1762.409090909091,1
20,142674,67,2098.1470588235293,1
46,85841,81,1046.841463414634,1
80,183058,86,2104.114942528736,1
89,28987,59,483.1166666666667,0
81,93355,88,1048.9325842696628,1
58,81454,55,1454.5357142857142,0
66,94700,7,11837.5,0
90,186274,80,2299.679012345679,1
29,72606,44,1613.4666666666667,0
45,154639,1,77319.5,0
67,64571,61,1041.467741935484,0
63,147842,30,4769.096774193548,0
58,25386,6,3626.5714285714284,1
89,105551,73,1426.3648648648648,1
76,109149,87,1240.3295454545455,0
73,86205,55,1539.375,1
65,25638,39,640.95,1
33,177704,44,3948.9777777777776,0
41,64788,83,771.2857142857143,1
53,165482,39,4137.05,0
31,144137,95,1501.4270833333333,1
73,26619,86,305.9655172413793,0
55,60789,49,1215.78,1
30,21427,28,738.8620689655172,1
32,88366,59,1472.7666666666667,0
47,99072,41,2358.8571428571427,1
41,25285,98,255.40404040404042,0
83,77738,44,1727.5111111111112,1
88,61989,52,1169.6037735849056,1
55,108382,10,9852.90909090909,0
50,55459,55,990.3392857142857,0
58,170537,23,7105.708333333333,1
54,131633,34,3760.942857142857,1
64,96704,17,5372.444444444444,1
29,23029,12,1771.4615384615386,0
26,120732,37,3177.157894736842,0
36,38405,92,412.9569892473118,0
18,45918,12,3532.153846153846,1
36,196341,34,5609.742857142857,0
38,58860,46,1252.340425531915,1
65,50433,88,566.6629213483146,1
69,177756,87,2019.9545454545455,0
78,115868,13,8276.285714285714,1
37,165713,62,2630.3650793650795,0
34,119152,33,3504.470588235294,0
72,58667,11,4888.916666666667,0
77,120689,81,1471.8170731707316,1
63,98775,50,1936.764705882353,0
38,55064,94,579.6210526315789,1
86,160737,46,3419.936170212766,1
49,73104,64,1124.676923076923,0
62,87248,5,14541.333333333334,1
56,87299,16,5135.235294117647,1
90,114072,58,1933.4237288135594,1
46,45131,55,805.9107142857143,1
24,83054,51,1597.1923076923076,1
49,90438,13,6459.857142857143,0
63,73551,26,2724.1111111111113,1
47,150658,59,2510.9666666666667,1
28,56000,5,9333.333333333334,0
59,182526,66,2724.268656716418,1
76,170188,12,13091.384615384615,0
80,164557,4,32911.4,1
32,174133,10,15830.272727272728,1
51,38437,6,5491.0,1
55,158851,26,5883.37037037037,1
21,66263,61,1068.758064516129,0
19,37552,28,1294.896551724138,1
59,49944,8,5549.333333333333,0
84,180844,1,90422.0,1
81,50054,12,3850.3076923076924,1
56,103537,68,1500.536231884058,0
25,160888,14,10725.866666666667,0
63,32307,80,398.85185185185185,1
48,191089,100,1891.970297029703,0
58,187267,80,2311.938271604938,1
82,195230,22,8488.260869565218,0
65,168541,40,4110.756097560976,0
87,61148,15,3821.75,1
30,161602,65,2448.5151515151515,0
71,122446,40,2986.487804878049,1
28,118567,33,3487.264705882353,0
83,98399,84,1157.6352941176472,0
48,191777,46,4080.3617021276596,0
57,119201,67,1752.9558823529412,1
55,83067,73,1122.527027027027,1
88,98401,8,10933.444444444445,0
76,29183,7,3647.875,0
58,51740,11,4311.666666666667,1
67,198541,59,3309.016666666667,0
25,75708,45,1645.8260869565217,0
88,150677,87,1712.2386363636363,1
83,58758,67,864.0882352941177,0
24,49936,19,2496.8,1
85,26245,35,729.0277777777778,0
36,105676,37,2780.9473684210525,1
64,69159,12,5319.923076923077,0
58,121725,17,6762.5,1
60,51672,97,527.265306122449,1
83,40674,86,467.51724137931035,0
46,100954,83,1201.8333333333333,1
35,95736,19,4786.8,1
82,51017,26,1889.5185185185185,1
87,76830,46,1634.6808510638298,0
29,56372,11,4697.666666666667,1
62,97887,63,1529.484375,0
83,31182,18,1641.157894736842,1
63,21884,93,232.80851063829786,1
79,113513,81,1384.3048780487804,1
69,143345,73,1937.0945945945946,1
23,154698,68,2242.0,1
50,105524,34,3014.9714285714285,0
63,70211,1,35105.5,0
87,113264,58,1919.7288135593221,1
75,79062,11,6588.5,1
26,190876,18,10046.105263157895,1
47,110131,9,11013.1,0
57,74256,59,1237.6,1
46,128303,19,6415.15,0
47,152023,98,1535.5858585858587,1
29,156546,3,39136.5,0
55,174785,8,19420.555555555555,1
31,91332,55,1630.9285714285713,0
58,162408,58,2752.677966101695,0
74,22767,61,367.2096774193548,1
35,43752,10,3977.4545454545455,1
88,178726,71,2482.3055555555557,0
53,75830,22,3296.9565217391305,1
84,146760,84,1726.5882352941176,0
28,196147,79,2451.8375,1
37,84467,76,1096.974025974026,0
84,190750,85,2218.0232558139537,0
43,83083,36,2245.4864864864867,0
82,159483,86,1833.1379310344828,1
44,142217,72,1948.1780821917807,1
86,148577,86,1707.7816091954023,1
22,42018,94,442.29473684210524,1
79,144612,98,1460.7272727272727,1
19,77762,37,2046.3684210526317,0
40,174465,9,17446.5,1
76,152961,24,6118.44,0
84,70925,93,754.5212765957447,1
23,159692,68,2314.376811594203,1
20,75068,90,824.9230769230769,0
62,98904,26,3663.1111111111113,1
35,149637,76,1943.3376623376623,0
53,53042,95,552.5208333333334,0
64,85779,80,1059.0,0
85,99122,38,2541.5897435897436,1
61,185039,46,3937.0,0
32,96424,10,8765.818181818182,1
61,62451,80,771.0,1
70,105072,71,1459.3333333333333,0
59,126248,26,4675.851851851852,0
62,20299,13,1449.9285714285713,0
84,77693,5,12948.833333333334,0
71,70664,32,2141.3333333333335,0
35,136714,19,6835.7,0
75,185565,68,2689.3478260869565,0
20,168609,81,2056.2073170731705,1
56,144014,85,1674.5813953488373,0
51,130752,10,11886.545454545454,0
57,92206,3,23051.5,0
32,198910,94,2093.7894736842104,1
21,28488,52,537.5094339622641,0
90,197290,41,4697.380952380952,0
74,197458,41,4701.380952380952,0
89,23423,36,633.0540540540541,0
83,186831,61,3013.4032258064517,0
42,77128,84,907.3882352941176,1
76,65549,11,5462.416666666667,0
19,115080,43,2615.4545454545455,0
85,146284,16,8604.941176470587,0
20,48990,56,859.4736842105264,0
37,34488,86,396.41379310344826,1
78,64331,95,670.1145833333334,1
40,129432,8,14381.333333333334,1
44,178753,97,1824.0102040816328,1
40,171288,11,14274.0,0
47,90228,84,1061.5058823529412,0
27,99084,97,1011.0612244897959,1
64,41946,78,530.9620253164557,0
45,170465,10,15496.818181818182,0
27,55949,9,5594.9,0
78,30520,8,3391.1111111111113,1
50,52364,59,872.7333333333333,1
66,26206,40,639.170731707317,1
40,129268,69,1846.6857142857143,0
84,38668,80,477.38271604938274,1
67,142973,5,23828.833333333332,1
49,115408,75,1518.5263157894738,0
34,20177,45,438.6304347826087,1
32,131812,63,2059.5625,1
30,135158,56,2371.1929824561403,1
45,80696,66,1204.4179104477612,1
80,51535,30,1662.4193548387098,1
23,180170,14,12011.333333333334,0
86,81353,12,6257.923076923077,0
83,147066,11,12255.5,0
19,33663,37,885.8684210526316,1
73,168970,91,1836.6304347826087,0
68,189376,64,2913.476923076923,0
78,141901,77,1819.2435897435898,0
73,146136,46,3109.276595744681,0
33,83963,6,11994.714285714286,1
88,50628,80,625.0370370370371,1
55,167896,53,3109.185185185185,1
89,111601,3,27900.25,1
51,48264,35,1340.6666666666667,0
73,155910,20,7424.285714285715,1
39,54929,30,1771.9032258064517,0
52,33583,71,466.43055555555554,1
49,26174,26,969.4074074074074,0
26,107427,45,2335.3695652173915,0
81,166019,48,3388.1428571428573,0
54,23293,77,298.62820512820514,1
26,82436,26,3053.185185185185,0
47,178174,39,4454.35,1
21,189753,64,2919.276923076923,0
21,109002,35,3027.8333333333335,0
60,41161,65,623.6515151515151,0
76,88487,46,1882.7021276595744,0
86,152809,66,2280.731343283582,0
85,135134,32,4094.969696969697,0
22,160872,2,53624.0,0
24,22040,98,222.62626262626262,1
48,71670,14,4778.0,1
44,167902,82,2022.9156626506024,0
18,163052,2,54350.666666666664,0
52,40147,79,501.8375,0
28,90034,30,2904.3225806451615,1
60,159371,99,1593.71,0
43,155017,5,25836.166666666668,0
51,32838,24,1313.52,1
87,143811,52,2713.4150943396226,1
72,87735,47,1827.8125,1
75,102879,6,14697.0,1
45,32992,24,1319.68,1
27,44516,84,523.7176470588236,1
71,34152,20,1626.2857142857142,1
26,159912,100,1583.2871287128712,0
76,111191,81,1355.9878048780488,0
43,99734,54,1813.3454545454545,0
30,65085,3,16271.25,0
51,189673,33,5578.617647058823,0
76,55717,37,1466.2368421052631,0
25,144827,90,1591.5054945054944,0
51,56385,7,7048.125,1
72,50265,100,497.6732673267327,1
70,102169,21,4644.045454545455,1
68,149776,36,4048.0,1
90,131035,97,1337.091836734694,0
64,40645,53,752.6851851851852,0
18,150752,45,3277.217391304348,0
31,109777,8,12197.444444444445,1
37,73406,39,1835.15,1
34,173420,60,2842.9508196721313,0
37,146401,83,1742.8690476190477,1
88,113576,55,2028.142857142857,0
58,42386,48,865.0204081632653,1
24,82341,82,992.0602409638554,1
43,82131,83,977.75,0
62,75070,64,1154.923076923077,0
84,199785,42,4646.162790697675,0
24,111260,40,2713.6585365853657,1
78,28829,46,613.3829787234042,1
55,153425,93,1632.1808510638298,1
64,57010,50,1117.8431372549019,0
85,185497,37,4881.5,0
35,199728,55,3566.5714285714284,1
50,144488,49,2889.76,1
27,180316,85,2096.6976744186045,1
27,138560,84,1630.1176470588234,0
24,31828,78,402.88607594936707,1
90,22268,88,250.20224719101122,0
53,83592,84,983.435294117647,0
26,161313,64,2481.7384615384617,1
69,177523,21,8069.227272727273,0
72,46197,31,1443.65625,0
25,125683,46,2674.1063829787236,0
87,21933,57,378.1551724137931,0
27,161449,91,1754.8804347826087,1
71,167815,22,7296.304347826087,1
44,184628,79,2307.85,0
63,145225,59,2420.4166666666665,1
29,69464,56,1218.6666666666667,1
72,39801,72,545.2191780821918,1
47,64626,52,1219.3584905660377,1
70,33031,57,569.5,1
18,49874,12,3836.4615384615386,1
63,176522,51,3394.653846153846,0
43,170294,68,2468.0289855072465,1
37,40908,34,1168.8,1
55,163559,77,2096.9102564102564,0
22,193689,9,19368.9,1
50,67370,20,3208.095238095238,0
85,115809,89,1286.7666666666667,1
24,128149,97,1307.642857142857,1
74,98413,55,1757.375,0
87,49732,78,629.5189873417721,1
85,176663,53,3271.537037037037,0
33,88778,58,1504.7118644067796,0
57,44933,74,599.1066666666667,0
30,103046,9,10304.6,0
44,115291,84,1356.3647058823528,0
88,128310,18,6753.1578947368425,1
86,118154,28,4074.2758620689656,1
52,181948,35,5054.111111111111,0
64,28610,50,560.9803921568628,1
79,169963,5,28327.166666666668,1
61,157453,5,26242.166666666668,1
66,28903,7,3612.875,1
41,101360,12,7796.923076923077,1
20,40581,47,845.4375,1
58,98897,93,1052.095744680851,0
79,44139,55,788.1964285714286,1
26,198386,31,6199.5625,0
24,82038,19,4101.9,0
86,99471,41,2368.3571428571427,0
90,64827,68,939.5217391304348,0
21,113604,59,1893.4,1
49,63694,69,909.9142857142857,0
38,98444,21,4474.727272727273,0
30,146712,93,1560.7659574468084,0
65,109888,49,2197.76,1
75,126358,5,21059.666666666668,0
76,89436,73,1208.5945945945946,1
55,143508,5,23918.0,1
81,177419,99,1774.19,1
41,107429,20,5115.666666666667,1
49,175088,68,2537.5072463768115,1
52,33236,61,536.0645161290323,1
19,119378,79,1492.225,0
35,40311,13,2879.3571428571427,1
36,74815,72,1024.86301369863,1
78,134250,10,12204.545454545454,1
42,28782,40,702.0,0
54,104586,67,1538.0294117647059,1
64,80213,92,862.505376344086,0
86,129626,2,43208.666666666664,0
83,193265,7,24158.125,1
63,191730,13,13695.0,1
54,78624,13,5616.0,1
25,77675,72,1064.041095890411,1
64,84559,13,6039.928571428572,0
88,159832,37,4206.105263157895,0
78,151697,82,1827.6746987951808,1
36,64463,17,3581.277777777778,1
35,162251,70,2285.225352112676,0
66,67066,100,664.019801980198,1
21,50714,5,8452.333333333334,1
21,109876,95,1144.5416666666667,0
74,56371,23,2348.7916666666665,1
84,98623,76,1280.8181818181818,0
51,140376,73,1896.972972972973,0
67,159662,37,4201.631578947368,1
32,55710,34,1591.7142857142858,1
24,192159,36,5193.486486486487,0
21,142508,41,3393.0476190476193,0
78,70697,54,1285.4,0
64,148441,92,1596.1397849462367,1
82,24443,32,740.6969696969697,1
19,29856,13,2132.5714285714284,0
79,157180,84,1849.1764705882354,0
40,151026,49,3020.52,1
53,121080,64,1862.7692307692307,0
53,116704,44,2593.4222222222224,0
59,64743,5,10790.5,1
55,196475,49,3929.5,0
72,62376,15,3898.5,1
32,115641,16,6802.411764705882,1
64,181326,75,2385.8684210526317,0
34,39806,11,3317.1666666666665,1
86,101754,100,1007.4653465346535,1
87,58309,19,2915.45,1
71,22897,98,231.2828282828283,0
82,169737,1,84868.5,0
28,130893,61,2111.1774193548385,1
76,153207,2,51069.0,1
19,162907,92,1751.6881720430108,0
88,66353,87,754.0113636363636,0
28,28983,81,353.4512195121951,0
80,92241,75,1213.6973684210527,0
54,44337,24,1773.48,0
30,152074,69,2172.4857142857145,0
51,149230,50,2926.078431372549,0
69,140510,55,2509.1071428571427,0
21,22396,52,422.5660377358491,1
77,94198,91,1023.8913043478261,1
43,67415,28,2324.655172413793,0
48,40506,36,1094.7567567567567,1
26,60435,66,902.0149253731344,1
22,198504,30,6403.354838709677,1
37,132372,52,2497.5849056603774,1
49,37297,89,414.4111111111111,1
19,51263,94,539.6105263157895,1
70,149608,73,2021.7297297297298,0
88,165768,77,2125.230769230769,0
18,40415,49,808.3,0
79,115675,54,2103.181818181818,0
63,192299,45,4180.413043478261,0
53,107056,77,1372.5128205128206,1
20,182740,38,4685.641025641025,1
68,139554,2,46518.0,1
26,136152,84,1601.7882352941176,0
32,118163,38,3029.8205128205127,0
34,50101,57,863.8103448275862,0
79,188574,13,13469.57142857143,1
69,94647,25,3640.269230769231,1
30,111705,21,5077.5,1
30,32482,70,457.49295774647885,0
89,134951,67,1984.5735294117646,0
41,22761,93,242.13829787234042,1
52,77796,65,1178.7272727272727,0
44,25522,82,307.49397590361446,1
46,134459,53,2489.9814814814813,0
37,146621,60,2403.622950819672,1
67,35167,62,558.2063492063492,0
37,102451,15,6403.1875,1
18,164134,15,10258.375,0
35,185772,85,2160.139534883721,1
62,20560,61,331.61290322580646,1
84,146813,7,18351.625,1
90,91393,67,1344.014705882353,1
85,33097,93,352.09574468085106,0
19,151040,9,15104.0,0
40,84883,93,903.0106382978723,0
22,82804,25,3184.769230769231,0
53,140798,45,3060.8260869565215,1
66,150801,98,1523.2424242424242,0
29,59836,94,629.8526315789474,1
75,36346,52,685.7735849056604,0
89,103458,84,1217.1529411764707,1
36,25435,76,330.3246753246753,1
48,95997,32,2909.0,1
68,172285,56,3022.5438596491226,0
27,91356,40,2228.1951219512193,0
59,116521,63,1820.640625,1
41,196067,28,6760.931034482759,0
29,22687,87,257.8068181818182,0
52,54107,43,1229.7045454545455,1
63,43898,83,522.5952380952381,0
23,158637,53,2937.722222222222,1
69,158387,79,1979.8375,1
56,83213,53,1540.9814814814815,0
64,184903,54,3361.8727272727274,1
62,147706,88,1659.6179775280898,1
27,159416,72,2183.780821917808,1
30,133314,82,1606.1927710843374,0
77,133202,67,1958.8529411764705,1
61,95213,25,3662.0384615384614,1
35,132442,97,1351.4489795918366,1
40,24610,23,1025.4166666666667,1
18,99390,24,3975.6,0
25,63185,46,1344.3617021276596,0
72,172675,34,4933.571428571428,1
67,44126,56,774.140350877193,1
67,192467,22,8368.130434782608,1
63,63096,68,914.4347826086956,0
78,137972,1,68986.0,0
51,60530,86,695.7471264367816,0
76,59433,76,771.8571428571429,1
21,158464,74,2112.8533333333335,0
66,140622,38,3605.6923076923076,0
29,132862,62,2108.9206349206347,0
74,178435,55,3186.339285714286,0
90,144443,91,1570.0326086956522,0
89,79964,84,940.7529411764706,1
60,101701,85,1182.5697674418604,1
21,96378,96,993.5876288659794,0
38,70322,7,8790.25,0
68,138383,14,9225.533333333333,0
30,199577,51,3838.019230769231,1
32,37986,52,716.7169811320755,0
52,190380,3,47595.0,0
18,113986,72,1561.4520547945206,0
33,169335,3,42333.75,1
81,169318,15,10582.375,1
38,74515,46,1585.4255319148936,1
90,162294,11,13524.5,1
72,53022,20,2524.8571428571427,1
18,143144,77,1835.179487179487,0
74,157709,86,1812.7471264367816,0
47,135656,7,16957.0,0
44,83132,48,1696.5714285714287,0
30,53249,87,605.1022727272727,1
68,184801,23,7700.041666666667,1
59,149396,39,3734.9,1
69,102447,89,1138.3,1
65,70086,72,960.082191780822,0
61,76128,70,1072.225352112676,1
88,149967,74,1999.56,1
81,196456,90,2158.8571428571427,0
22,70150,26,2598.1481481481483,0
44,105072,23,4378.0,1
88,95295,60,1562.2131147540983,1
67,128956,72,1766.5205479452054,1
73,119262,60,1955.1147540983607,0
59,125271,99,1252.71,1
30,92566,13,6611.857142857143,1
32,178936,100,1771.6435643564357,1
31,80035,73,1081.554054054054,0
42,178241,94,1876.221052631579,1
47,100674,37,2649.315789473684,1
85,60717,63,948.703125,1
22,168991,42,3930.0232558139537,0
42,33593,76,436.27272727272725,1
61,196322,55,3505.75,1
74,36826,40,898.1951219512196,0
44,42504,4,8500.8,0
27,100880,13,7205.714285714285,0
42,150202,84,1767.0823529411764,1
51,124506,54,2263.7454545454543,1
25,198210,90,2178.131868131868,0
34,65473,22,2846.6521739130435,1
66,22850,49,457.0,1
83,92363,91,1003.945652173913,0
72,153799,38,3943.5641025641025,1
34,37726,48,769.9183673469388,0
33,38323,36,1035.7567567567567,1
59,124921,14,8328.066666666668,0
87,103401,33,3041.205882352941,0
57,157282,79,1966.025,1
25,119538,5,19923.0,0
42,174653,63,2728.953125,1
25,34685,80,428.2098765432099,1
73,166579,62,2644.1111111111113,0
19,116195,59,1936.5833333333333,1
43,85925,29,2864.1666666666665,1
21,115102,14,7673.466666666666,1
78,190013,67,2794.3088235294117,0
63,121991,87,1386.2613636363637,1
21,78417,89,871.3,0
85,37262,86,428.2988505747126,1
79,132813,80,1639.6666666666667,1
62,62921,48,1284.1020408163265,1
40,125113,46,2661.978723404255,0
56,150661,1,75330.5,1
50,60473,81,737.4756097560976,1
42,85379,21,3880.8636363636365,0
27,191560,10,17414.545454545456,0
19,196060,95,2042.2916666666667,0
59,123585,46,2629.468085106383,0
44,56878,50,1115.2549019607843,1
85,127096,33,3738.1176470588234,1
40,192041,50,3765.5098039215686,1
83,28074,38,719.8461538461538,1
36,92887,92,998.7849462365591,1
69,142761,5,23793.5,1
86,166303,36,4494.675675675676,1
48,186704,72,2557.5890410958905,1
71,108984,33,3205.4117647058824,1
57,190138,34,5432.5142857142855,0
70,89373,37,2351.9210526315787,0
28,141724,27,5061.571428571428,1
83,36133,22,1571.0,0
84,156911,91,1705.554347826087,0
34,72008,21,3273.090909090909,1
58,30206,75,397.44736842105266,1
64,124129,73,1677.418918918919,0
55,156999,36,4243.216216216216,0
68,39824,39,995.6,0
40,148703,70,2094.4084507042253,1
52,130183,98,1314.979797979798,0
83,34383,45,747.4565217391304,1
68,70914,36,1916.5945945945946,1
66,171962,53,3184.4814814814813,0
76,85637,34,2446.7714285714287,0
74,107984,55,1928.2857142857142,0
69,135510,80,1672.962962962963,1
38,89005,60,1459.0983606557377,1
89,139033,95,1448.2604166666667,1
57,76232,93,810.9787234042553,1
47,55907,98,564.7171717171717,1
89,186921,89,2076.9,0
18,100605,45,2187.0652173913045,1
33,75666,35,2101.8333333333335,1
70,61947,16,3643.9411764705883,0
27,145874,15,9117.125,1
41,114595,2,38198.333333333336,0
60,51126,36,1381.7837837837837,0
50,159151,3,39787.75,1
65,120063,90,1319.3736263736264,0
42,181359,5,30226.5,1
87,109238,6,15605.42857142857,1
68,77449,67,1138.9558823529412,0
27,110460,58,1872.2033898305085,0
30,47903,87,544.3522727272727,0
23,50324,50,986.7450980392157,1
44,77902,12,5992.461538461538,1
24,96189,58,1630.322033898305,0
22,159601,71,2216.6805555555557,1
90,29295,8,3255.0,0
57,180383,27,6442.25,0
21,71007,46,1510.787234042553,0
90,100307,54,1823.7636363636364,0
45,125257,69,1789.3857142857144,1
71,100487,47,2093.4791666666665,1
44,59113,53,1094.6851851851852,0
84,183605,69,2622.9285714285716,1
46,184069,11,15339.083333333334,0
80,82796,82,997.5421686746988,0
26,21797,96,224.71134020618555,1
71,165788,77,2125.4871794871797,1
75,128818,70,1814.338028169014,1
39,29942,65,453.6666666666667,1
52,94024,40,2293.268292682927,0
73,181908,49,3638.16,0
78,85594,17,4755.222222222223,1
84,35469,8,3941.0,1
26,42709,43,970.6590909090909,0
69,121401,70,1709.8732394366198,0
78,126375,99,1263.75,1
62,154165,71,2141.1805555555557,0
84,116635,58,1976.864406779661,0
18,70757,7,8844.625,1
82,181696,47,3785.3333333333335,1
80,71682,26,2654.8888888888887,0
72,196907,54,3580.1272727272726,1
74,23613,35,655.9166666666666,0
57,45311,58,767.9830508474577,1
39,56921,66,849.5671641791045,1
70,103631,28,3573.4827586206898,1
19,122084,36,3299.5675675675675,1
25,197758,3,49439.5,1
56,87304,58,1479.7288135593221,0
36,42631,36,1152.1891891891892,1
31,129939,17,7218.833333333333,1
81,85423,100,845.7722772277227,0
23,32494,68,470.92753623188406,0
69,151224,76,1963.948051948052,1
51,59785,63,934.140625,0
88,39244,48,800.8979591836735,1
29,41207,58,698.4237288135594,0
75,137428,83,1636.047619047619,0
68,116301,97,1186.7448979591836,1
87,129942,22,5649.652173913043,0
90,48566,83,578.1666666666666,0
58,86353,9,8635.3,0
34,32737,64,503.6461538461538,0
79,171376,91,1862.7826086956522,1
81,86700,27,3096.4285714285716,0
86,196379,66,2931.0298507462685,0
27,22205,77,284.6794871794872,1
79,180739,81,2204.1341463414633,1
44,79243,45,1722.6739130434783,0
47,43932,73,593.6756756756756,1
25,146064,79,1825.8,1
37,148565,69,2122.3571428571427,1
86,198190,18,10431.052631578947,0
38,146501,96,1510.319587628866,0
85,196970,3,49242.5,1
21,45105,55,805.4464285714286,1
66,26593,10,2417.5454545454545,1
18,179356,86,2061.5632183908046,1
46,177899,21,8086.318181818182,0
39,108600,78,1374.6835443037974,1
60,128413,65,1945.6515151515152,1
74,138838,60,2276.032786885246,1
69,64926,98,655.8181818181819,0
25,132717,22,5770.304347826087,0
21,46599,1,23299.5,1
34,87243,93,928.1170212765958,1
31,168381,27,6013.607142857143,0
47,187847,49,3756.94,0
35,119967,71,1666.2083333333333,0
30,171616,98,1733.4949494949494,0
49,63871,24,2554.84,1
44,172988,81,2109.609756097561,1
55,122859,99,1228.59,1
49,162667,28,5609.206896551724,1
20,79139,17,4396.611111111111,0
43,65825,15,4114.0625,0
19,28268,23,1177.8333333333333,1
24,67154,81,818.9512195121952,0
86,56321,56,988.0877192982456,1
75,75781,53,1403.351851851852,0
78,120074,68,1740.2028985507247,0
84,105542,47,2198.7916666666665,1
54,138240,82,1665.5421686746988,0
40,183516,99,1835.16,1
22,172605,29,5753.5,0
18,173614,4,34722.8,1
70,132145,82,1592.1084337349398,1
86,102588,21,4663.090909090909,1
20,23370,81,285.0,1
72,89520,12,6886.153846153846,1
54,173815,91,1889.2934782608695,0
61,108829,37,2863.9210526315787,0
74,146467,77,1877.7820512820513,1
57,149352,53,2765.777777777778,1
33,89616,71,1244.6666666666667,1
75,63741,69,910.5857142857143,1
86,190217,46,4047.1702127659573,1
59,83689,8,9298.777777777777,1
25,46110,64,709.3846153846154,1
22,150509,71,2090.402777777778,1
90,86142,29,2871.4,0
69,167066,90,1835.89010989011,0
47,66463,60,1089.5573770491803,0
21,142033,5,23672.166666666668,0
51,47147,64,725.3384615384615,0
46,180210,62,2860.4761904761904,1
73,32672,48,666.7755102040817,0
66,103401,63,1615.640625,0
62,58316,66,870.3880597014926,1
53,174633,54,3175.1454545454544,1
36,109945,87,1249.375,0
40,155505,48,3173.5714285714284,1
81,146165,62,2320.0793650793653,0
49,28487,23,1186.9583333333333,1
50,163343,16,9608.411764705883,0
67,100594,19,5029.7,0
66,89068,26,3298.814814814815,0
29,43020,51,827.3076923076923,1
88,33649,35,934.6944444444445,0
85,60511,78,765.9620253164557,1
80,88041,39,2201.025,1
35,71435,79,892.9375,1
65,106008,13,7572.0,1
83,179916,32,5452.0,1
50,195746,92,2104.7956989247314,0
87,99328,11,8277.333333333334,1
30,27091,25,1041.9615384615386,0
39,157172,42,3655.1627906976746,1
44,159974,19,7998.7,1
75,134962,54,2453.8545454545456,0
31,165408,70,2329.6901408450703,1
79,71262,11,5938.5,0
88,176235,8,19581.666666666668,0
65,47682,38,1222.6153846153845,0
47,163619,20,7791.380952380952,1
48,50071,62,794.7777777777778,0
41,93945,26,3479.4444444444443,0
30,110022,68,1594.5217391304348,1
38,138138,83,1644.5,0
56,116906,92,1257.0537634408602,1
67,148317,92,1594.8064516129032,1
63,183694,37,4834.0526315789475,0
90,73294,82,883.0602409638554,1
32,38503,9,3850.3,1
48,108231,45,2352.8478260869565,0
84,64258,42,1494.3720930232557,0
75,168035,87,1909.4886363636363,0
27,61765,5,10294.166666666666,1
66,43242,28,1491.103448275862,1
46,179141,73,2420.824324324324,1
36,154498,93,1643.595744680851,0
50,182015,91,1978.4239130434783,1
49,77640,18,4086.315789473684,1
66,73571,57,1268.4655172413793,0
55,61253,50,1201.0392156862745,1
38,64839,90,712.5164835164835,0
45,113145,2,37715.0,0
23,199168,59,3319.4666666666667,0
29,28939,39,723.475,0
84,161602,39,4040.05,1
34,30892,30,996.516129032258,1
56,119350,1,59675.0,1
29,162839,21,7401.772727272727,1
89,119882,47,2497.5416666666665,0
27,109439,46,2328.4893617021276,0
20,78786,51,1515.1153846153845,1
41,183487,15,11467.9375,1
87,155116,8,17235.11111111111,1
73,81250,92,873.6559139784946,1
67,196553,47,4094.8541666666665,1
20,119650,30,3859.6774193548385,0
42,91625,76,1189.935064935065,1
23,155356,85,1806.4651162790697,0
28,155271,17,8626.166666666666,0
90,32550,32,986.3636363636364,0
76,94996,53,1759.1851851851852,1
28,80391,95,837.40625,0
59,154689,72,2119.027397260274,0
58,32969,64,507.2153846153846,0
27,109563,51,2106.980769230769,1
73,82969,93,882.6489361702128,1
59,184613,14,12307.533333333333,1
81,66185,41,1575.8333333333333,1
90,43278,24,1731.12,1
84,150813,98,1523.3636363636363,1
37,148692,9,14869.2,0
78,128860,15,8053.75,1
81,186378,23,7765.75,1
50,95457,45,2075.1521739130435,0
26,38916,49,778.32,0
81,170260,97,1737.3469387755101,0
81,134635,95,1402.4479166666667,0
32,148042,83,1762.404761904762,0
60,198779,78,2516.1898734177216,1
86,130741,93,1390.8617021276596,1
52,183564,93,1952.8085106382978,0
45,187268,91,2035.5217391304348,0
74,186796,80,2306.1234567901233,1
43,172913,1,86456.5,0
88,123663,19,6183.15,0
49,67806,46,1442.6808510638298,1
81,154158,39,3853.95,1
59,71741,18,3775.842105263158,1
62,53063,52,1001.188679245283,0
53,42380,19,2119.0,1
58,29815,82,359.2168674698795,1
86,96008,74,1280.1066666666666,0
61,76061,93,809.1595744680851,0
51,193825,88,2177.808988764045,1
82,47593,63,743.640625,1
27,151700,72,2078.082191780822,1
52,171508,23,7146.166666666667,0
86,176569,32,5350.575757575758,0
75,99729,41,2374.5,1
29,195193,27,6971.178571428572,0
79,170915,70,2407.2535211267605,1
29,109472,63,1710.5,1
41,126673,23,5278.041666666667,1
18,102168,50,2003.2941176470588,1
54,79232,75,1042.5263157894738,1
85,38006,43,863.7727272727273,1
71,20328,26,752.8888888888889,1
60,131638,21,5983.545454545455,1
53,160179,72,2194.2328767123286,1
60,78609,15,4913.0625,1
59,164348,42,3822.046511627907,0
48,115053,54,2091.8727272727274,0
32,113053,27,4037.6071428571427,0
59,46098,86,529.8620689655172,0
81,123853,62,1965.920634920635,0
79,78283,39,1957.075,1
66,187787,48,3832.387755102041,1
30,177421,70,2498.887323943662,1
39,102248,77,1310.871794871795,1
35,182100,99,1821.0,1
77,39712,42,923.5348837209302,1
82,21920,81,267.3170731707317,1
68,154854,75,2037.5526315789473,1
65,198757,78,2515.9113924050635,0
52,192155,3,48038.75,0
67,127141,68,1842.623188405797,0
73,183346,55,3274.035714285714,1
22,79487,78,1006.1645569620254,0
85,127132,98,1284.1616161616162,0
31,182918,1,91459.0,1
61,154156,43,3503.5454545454545,0
39,128979,78,1632.6455696202531,1
70,67687,46,1440.1489361702127,1
35,109220,46,2323.8297872340427,1
72,128589,37,3383.9210526315787,1
21,29300,28,1010.3448275862069,1
69,115680,71,1606.6666666666667,1
58,83069,17,4614.944444444444,1
53,33125,6,4732.142857142857,0
76,187669,34,5361.971428571429,1
70,179729,47,3744.3541666666665,0
75,68720,70,967.887323943662,1
82,23154,74,308.72,1
21,118564,25,4560.153846153846,1
24,78425,32,2376.5151515151515,0
65,71226,80,879.3333333333334,0
26,170380,65,2581.5151515151515,0
74,197092,16,11593.64705882353,0
84,147479,37,3881.0263157894738,1
79,99047,33,2913.1470588235293,0
34,30862,17,1714.5555555555557,1
71,153991,97,1571.3367346938776,1
19,163634,76,2125.116883116883,1
73,188584,55,3367.5714285714284,0
69,176095,47,3668.6458333333335,1
72,199200,52,3758.490566037736,1
51,148185,45,3221.413043478261,0
68,24123,85,280.5,0
26,148883,89,1654.2555555555555,1
36,20534,65,311.1212121212121,0
46,32859,15,2053.6875,1
45,38460,84,452.47058823529414,0
78,171733,39,4293.325,1
23,187936,33,5527.529411764706,1
73,20101,93,213.8404255319149,1
43,185780,39,4644.5,0
39,56603,71,786.1527777777778,1
42,101310,8,11256.666666666666,1
55,95344,47,1986.3333333333333,1
44,37345,17,2074.722222222222,0
39,175586,57,3027.344827586207,0
61,96810,66,1444.9253731343283,1
71,97701,27,3489.3214285714284,1
31,76034,33,2236.294117647059,0
38,104243,52,1966.8490566037735,1
76,59132,39,1478.3,1
41,172535,20,8215.952380952382,0
77,108307,61,1746.8870967741937,1
48,112458,55,2008.1785714285713,0
48,109890,47,2289.375,0
86,42202,57,727.6206896551724,0
74,41021,77,525.9102564102565,1
27,46708,23,1946.1666666666667,1
28,152010,85,1767.5581395348838,0
56,174259,40,4250.219512195122,0
32,24099,12,1853.7692307692307,1
43,93598,13,6685.571428571428,0
32,74847,29,2494.9,1
26,131295,71,1823.5416666666667,0
54,179683,16,10569.588235294117,0
45,102344,52,1931.0188679245282,1
67,37636,81,458.9756097560976,0
43,55653,73,752.0675675675676,1
79,109515,84,1288.4117647058824,0
78,98708,25,3796.4615384615386,1
33,46692,31,1459.125,1
33,116523,1,58261.5,0
56,187929,47,3915.1875,1
36,156110,50,3060.9803921568628,0
68,113082,93,1203.0,0
28,137486,27,4910.214285714285,0
69,134896,75,1774.9473684210527,0
69,79438,45,1726.9130434782608,0
81,189264,32,5735.272727272727,0
36,196881,64,3028.9384615384615,0
55,142633,92,1533.6881720430108,0
19,121354,40,2959.8536585365855,1
75,64541,43,1466.840909090909,1
32,84029,45,1826.7173913043478,0
78,192185,94,2023.0,1
67,143930,20,6853.809523809524,0
67,168201,44,3737.8,1
48,71787,52,1354.4716981132076,0
36,187668,50,3679.764705882353,0
64,162928,8,18103.11111111111,1
63,196575,86,2259.4827586206898,1
37,128374,66,1916.0298507462687,1
89,113177,15,7073.5625,0
76,137065,88,1540.056179775281,0
31,27515,48,561.530612244898,0
29,96569,39,2414.225,1
31,139838,57,2411.0,1
71,130366,96,1343.979381443299,0
83,86307,3,21576.75,0
75,133022,22,5783.565217391304,0
48,142634,30,4601.096774193548,0
81,137223,67,2017.985294117647,1
28,95943,55,1713.267857142857,0
26,127827,40,3117.731707317073,0
38,47149,71,654.8472222222222,0
84,198913,79,2486.4125,1
83,38507,68,558.072463768116,0
53,30658,49,613.16,1
41,137245,72,1880.0684931506848,0
48,198044,72,2712.931506849315,1
35,190707,9,19070.7,0
83,105975,25,4075.9615384615386,1
51,26805,8,2978.3333333333335,0
25,24222,82,291.8313253012048,1
80,56168,72,769.4246575342465,1
83,107882,46,2295.3617021276596,0
47,132029,55,2357.660714285714,0
26,85584,59,1426.4,0
34,134892,87,1532.8636363636363,0
80,67881,79,848.5125,0
29,80770,43,1835.6818181818182,0
38,197828,22,8601.217391304348,1
81,179225,67,2635.6617647058824,1
27,89552,23,3731.3333333333335,0
28,174651,51,3358.673076923077,0
41,83624,41,1991.047619047619,0
57,61814,57,1065.7586206896551,1
28,61346,47,1278.0416666666667,1
46,66899,99,668.99,0
90,152529,95,1588.84375,1
79,101741,62,1614.936507936508,0
86,175749,81,2143.2804878048782,0
20,103849,45,2257.586956521739,1
79,27386,24,1095.44,0
79,100921,40,2461.487804878049,0
28,164277,16,9663.35294117647,0
30,177638,18,9349.368421052632,1
49,39337,72,538.8630136986301,0
20,104469,73,1411.7432432432433,1
70,170964,42,3975.906976744186,1
74,109031,24,4361.24,0
49,41639,8,4626.555555555556,1
58,173644,51,3339.3076923076924,1
86,43576,81,531.4146341463414,1
23,172659,63,2697.796875,0
86,117516,10,10683.272727272728,1
46,194768,90,2140.3076923076924,1
63,67733,34,1935.2285714285715,1
35,145212,25,5585.076923076923,1
32,126696,9,12669.6,1
86,57958,80,715.5308641975308,1
82,136040,71,1889.4444444444443,0
56,167902,65,2543.969696969697,0
26,25215,54,458.45454545454544,1
58,123614,66,1844.9850746268658,1
71,34031,61,548.8870967741935,1
28,67996,63,1062.4375,0
56,89534,56,1570.7719298245613,1
21,136970,19,6848.5,0
59,95773,39,2394.325,1
73,23355,89,259.5,0
30,68669,40,1674.8536585365853,1
18,38922,94,409.70526315789476,0
72,103866,68,1505.304347826087,0
77,169226,80,2089.2098765432097,1
83,171322,77,2196.4358974358975,1
58,67243,16,3955.470588235294,0
43,108064,16,6356.705882352941,1
78,136031,14,9068.733333333334,1
88,154634,61,2494.0967741935483,1
83,72979,53,1351.462962962963,0
72,62560,30,2018.0645161290322,0
71,74314,81,906.2682926829268,0
35,123485,86,1419.367816091954,0
86,78621,43,1786.840909090909,0
90,142186,94,1496.6947368421052,0
45,49408,19,2470.4,0
63,124153,31,3879.78125,1
56,177754,18,9355.473684210527,1
27,185402,16,10906.0,1
83,35230,25,1355.0,0
27,65877,43,1497.2045454545455,1
81,167561,54,3046.5636363636363,0
79,193603,4,38720.6,1
85,99548,92,1070.4086021505377,1
37,74710,89,830.1111111111111,1
47,184298,65,2792.3939393939395,1
19,120235,40,2932.560975609756,0
79,46274,67,680.5,0
81,130342,96,1343.7319587628865,1
80,174799,27,6242.821428571428,0
71,33776,91,367.1304347826087,1
90,85382,79,1067.275,0
51,147793,76,1919.3896103896104,1
46,71958,28,2481.310344827586,0
43,120087,50,2354.6470588235293,0
70,141137,17,7840.944444444444,1
56,90140,82,1086.0240963855422,0
51,108061,29,3602.0333333333333,0
49,170516,25,6558.307692307692,0
72,76818,15,4801.125,1
88,30834,39,770.85,0
47,57900,98,584.8484848484849,0
84,23631,100,233.97029702970298,0
29,91078,65,1379.969696969697,1
75,171337,99,1713.37,1
49,69765,95,726.71875,0
88,198025,66,2955.597014925373,0
67,92831,22,4036.1304347826085,1
35,105288,69,1504.1142857142856,1
53,123067,77,1577.7820512820513,1
71,54499,24,2179.96,0
35,105177,9,10517.7,1
77,72340,41,1722.3809523809523,0
74,144559,73,1953.5,1
46,86596,70,1219.661971830986,1
31,140461,49,2809.22,0
20,190934,96,1968.3917525773195,1
55,73912,94,778.021052631579,1
84,37095,88,416.7977528089888,1
21,87700,28,3024.137931034483,1
53,79435,23,3309.7916666666665,0
74,102794,40,2507.170731707317,1
82,26591,48,542.6734693877551,1
54,113570,94,1195.4736842105262,1
81,141943,34,4055.5142857142855,1
78,100710,50,1974.7058823529412,1
50,52504,33,1544.235294117647,1
49,78902,36,2132.4864864864867,0
82,191379,71,2658.0416666666665,0
37,100007,83,1190.5595238095239,0
25,197402,26,7311.185185185185,0
59,27013,79,337.6625,0
62,53432,73,722.0540540540541,0
30,107667,69,1538.1,0
32,175533,14,11702.2,1
48,25096,31,784.25,0
78,60116,48,1226.857142857143,1
26,178406,66,2662.776119402985,0
42,109286,37,2875.9473684210525,0
78,71947,19,3597.35,1
40,25196,21,1145.2727272727273,0
30,81000,22,3521.7391304347825,0
27,125376,15,7836.0,1
20,194737,3,48684.25,0
79,101183,93,1076.4148936170213,1
44,87238,25,3355.3076923076924,0
78,184136,98,1859.959595959596,0
48,161711,23,6737.958333333333,1
79,51357,43,1167.2045454545455,0
55,187976,29,6265.866666666667,1
19,45172,59,752.8666666666667,1
67,151505,18,7973.9473684210525,0
26,117118,3,29279.5,0
89,36569,20,1741.3809523809523,0
30,198420,11,16535.0,0
29,159853,82,1925.9397590361446,0
50,155693,80,1922.1358024691358,0
81,171275,15,10704.6875,0
65,107148,94,1127.8736842105263,0
72,59255,92,637.1505376344086,0
29,61457,96,633.5773195876288,1
70,193902,70,2731.0140845070423,1
24,170276,37,4480.9473684210525,1
81,73615,81,897.7439024390244,1
87,123469,74,1646.2533333333333,0
35,44882,6,6411.714285714285,0
90,191626,70,2698.957746478873,0
45,199200,26,7377.777777777777,0
26,199302,36,5386.540540540541,0
49,187044,94,1968.8842105263159,1
50,182878,80,2257.753086419753,0
61,151494,38,3884.4615384615386,1
61,155509,83,1851.297619047619,0
18,161596,63,2524.9375,0
41,180683,53,3345.9814814814813,1
77,34265,54,623.0,1
60,55136,75,725.4736842105264,1
89,148942,7,18617.75,1
85,129083,53,2390.425925925926,1
56,164406,30,5303.419354838709,0
54,114239,17,6346.611111111111,0
75,107531,37,2829.7631578947367,1
66,103972,80,1283.6049382716049,0
36,182253,76,2366.9220779220777,1
81,56893,92,611.752688172043,0
37,74895,78,948.0379746835443,0
36,50475,27,1802.6785714285713,1
76,91118,47,1898.2916666666667,0
68,154900,75,2038.157894736842,0
56,176917,26,6552.481481481482,0
87,152559,22,6633.0,0
80,183996,88,2067.370786516854,0
26,44064,35,1224.0,0
40,108798,72,1490.3835616438357,1
89,52534,87,596.9772727272727,0
67,130163,46,2769.425531914894,0
24,82622,97,843.0816326530612,0
51,152663,81,1861.7439024390244,0
47,179472,51,3451.3846153846152,0
19,179590,40,4380.243902439024,0
30,75754,89,841.7111111111111,0
19,61026,91,663.3260869565217,0
83,184054,76,2390.311688311688,1
79,133717,33,3932.8529411764707,0
56,103759,89,1152.8777777777777,1
83,27560,90,302.85714285714283,0
68,170243,91,1850.4673913043478,0
26,199724,37,5255.894736842105,1
36,43692,19,2184.6,1
73,82150,44,1825.5555555555557,1
64,196143,44,4358.733333333334,1
49,177239,92,1905.7956989247311,0
85,25633,96,264.25773195876286,0
68,145432,87,1652.6363636363637,0
39,62376,88,700.8539325842696,1
45,138670,21,6303.181818181818,0
59,130542,69,1864.8857142857144,1
83,130318,14,8687.866666666667,1
37,70093,12,5391.7692307692305,0
31,94134,70,1325.8309859154929,1
73,50045,24,2001.8,1
79,98854,6,14122.0,1
26,123879,37,3259.9736842105262,1
29,102557,90,1127.0,0
39,103007,66,1537.4179104477612,1
61,187229,89,2080.322222222222,0
46,189744,65,2874.909090909091,1
80,56638,79,707.975,0
54,88668,73,1198.2162162162163,1
48,165405,70,2329.6478873239435,0
45,195316,67,2872.294117647059,1
57,112615,3,28153.75,1
31,44723,9,4472.3,1
69,189922,61,3063.2580645161293,0
70,95890,5,15981.666666666666,0
43,196847,89,2187.188888888889,0
24,192090,72,2631.3698630136987,0
18,171281,41,4078.1190476190477,0
58,123647,59,2060.7833333333333,0
57,111248,11,9270.666666666666,0
60,51945,92,558.5483870967741,0
18,125550,62,1992.857142857143,1
52,84116,21,3823.4545454545455,0
73,96024,25,3693.230769230769,0
70,51306,2,17102.0,1
39,26660,95,277.7083333333333,1
86,52584,60,862.0327868852459,1
49,84513,70,1190.3239436619717,0
55,174092,91,1892.304347826087,0
22,51283,65,777.0151515151515,1
62,37219,62,590.7777777777778,0
55,26766,40,652.829268292683,1
47,173520,72,2376.986301369863,0
83,199536,94,2100.378947368421,0
22,186699,99,1866.99,0
61,196963,93,2095.351063829787,1
54,165878,58,2811.491525423729,1
74,80683,81,983.939024390244,1
81,98518,80,1216.2716049382716,1
22,106793,12,8214.846153846154,1
89,62790,74,837.2,1
87,20204,91,219.6086956521739,0
85,161048,13,11503.42857142857,0
19,27179,36,734.5675675675676,0
19,108259,32,3280.5757575757575,1
89,114549,78,1449.987341772152,1
29,38415,90,422.14285714285717,1
22,58663,99,586.63,1
47,165496,69,2364.2285714285713,1
65,147552,90,1621.4505494505495,1
65,68278,78,864.2784810126582,1
81,150919,19,7545.95,0
57,81446,87,925.5227272727273,1
55,186061,8,20673.444444444445,1
83,135441,75,1782.1184210526317,1
52,143599,46,3055.2978723404253,0
49,64527,92,693.8387096774194,0
67,24259,92,260.8494623655914,1
62,128779,98,1300.79797979798,0
25,113666,41,2706.3333333333335,1
45,147168,54,2675.7818181818184,0
37,58622,65,888.2121212121212,0
22,44900,20,2138.095238095238,0
67,104163,50,2042.4117647058824,1
46,90855,82,1094.6385542168675,0
73,144824,1,72412.0,0
29,144737,82,1743.8192771084337,1
50,119074,82,1434.6265060240964,1
79,150043,54,2728.0545454545454,1
28,88794,3,22198.5,1
19,97023,87,1102.534090909091,0
70,151623,77,1943.8846153846155,0
84,95750,20,4559.523809523809,1
63,101642,4,20328.4,1
90,99695,88,1120.1685393258426,1
82,60756,43,1380.8181818181818,1
74,170885,15,10680.3125,0
50,123230,49,2464.6,0
50,82040,11,6836.666666666667,0
39,34676,59,577.9333333333333,0
67,152454,56,2674.6315789473683,1
88,54320,85,631.6279069767442,0
64,174276,92,1873.9354838709678,0
64,44076,44,979.4666666666667,1
86,92657,37,2438.342105263158,0
55,47901,94,504.22105263157897,1
59,112795,67,1658.75,0
77,125652,64,1933.1076923076923,0
88,78378,72,1073.6712328767123,0
42,22584,82,272.09638554216866,0
69,32595,75,428.88157894736844,1
83,184965,76,2402.1428571428573,1
88,197594,37,5199.8421052631575,1
60,182454,38,4678.307692307692,1
43,90928,81,1108.878048780488,0
72,155702,9,15570.2,1
70,58144,82,700.5301204819277,0
62,173584,35,4821.777777777777,0
84,47508,38,1218.1538461538462,0
78,142083,5,23680.5,0
22,52436,38,1344.5128205128206,0
87,69215,34,1977.5714285714287,1
26,34912,19,1745.6,1
69,112604,21,5118.363636363636,0
65,62245,94,655.2105263157895,1
89,25165,5,4194.166666666667,1
81,53894,62,855.4603174603175,0
62,151970,91,1651.8478260869565,0
37,120972,95,1260.125,0
30,153909,24,6156.36,0
27,81091,40,1977.8292682926829,1
69,106210,12,8170.0,1
39,193413,54,3516.6,1
26,73695,25,2834.423076923077,0
42,180614,11,15051.166666666666,1
90,118810,30,3832.5806451612902,1
75,130970,42,3045.813953488372,0
32,26638,36,719.9459459459459,1
21,195440,9,19544.0,0
28,31080,74,414.4,0
21,25943,60,425.2950819672131,1
55,102501,67,1507.3676470588234,0
78,83823,82,1009.9156626506024,0
42,100080,39,2502.0,1
28,37215,48,759.4897959183673,1
39,151618,32,4594.484848484848,0
77,102121,7,12765.125,0
61,168806,18,8884.526315789473,1
26,164842,1,82421.0,1
21,54890,84,645.7647058823529,1
82,131714,55,2352.035714285714,1
67,53466,40,1304.0487804878048,0
71,121694,7,15211.75,1
32,58373,33,1716.8529411764705,1
67,89258,87,1014.2954545454545,0
69,188323,50,3692.607843137255,0
65,106672,55,1904.857142857143,1
21,169040,56,2965.6140350877195,0
32,116193,91,1262.9673913043478,1
34,133486,2,44495.333333333336,1
20,132564,26,4909.777777777777,0
68,179747,10,16340.636363636364,0
75,174758,82,2105.5180722891564,1
45,170222,31,5319.4375,1
85,133098,4,26619.6,0
41,186948,60,3064.72131147541,1
76,67693,60,1109.72131147541,0
23,74168,96,764.6185567010309,1
67,132670,16,7804.117647058823,0
31,56828,17,3157.1111111111113,0
89,105171,27,3756.1071428571427,0
57,78388,95,816.5416666666666,1
18,123286,44,2739.688888888889,1
60,47297,39,1182.425,1
86,172196,97,1757.1020408163265,0
60,75268,61,1214.0,1
41,96396,29,3213.2,0
77,111222,66,1660.0298507462687,1
37,29087,57,501.5,0
61,88326,21,4014.818181818182,0
71,98099,70,1381.6760563380283,0
36,62608,31,1956.5,0
44,144756,12,11135.076923076924,1
67,130584,68,1892.5217391304348,1
44,137062,9,13706.2,0
34,64679,90,710.7582417582418,0
80,84232,7,10529.0,1
74,192404,32,5830.424242424242,0
85,197693,73,2671.527027027027,1
81,84477,1,42238.5,0
70,36514,21,1659.7272727272727,0
34,168610,68,2443.623188405797,1
53,27971,52,527.7547169811321,1
25,57471,70,809.4507042253521,0
38,48723,43,1107.340909090909,0
55,50783,77,651.0641025641025,1
72,66829,75,879.328947368421,1
19,116956,95,1218.2916666666667,1
62,108048,18,5686.736842105263,0
61,154999,81,1890.2317073170732,0
61,187474,76,2434.7272727272725,0
22,141199,74,1882.6533333333334,0
46,35070,24,1402.8,0
76,33989,40,829.0,0
70,46226,39,1155.65,0
37,69911,52,1319.0754716981132,1
32,176930,14,11795.333333333334,0
83,84393,39,2109.825,1
21,23452,93,249.48936170212767,0
76,72628,13,5187.714285714285,0
61,146043,92,1570.3548387096773,0
29,192395,73,2599.9324324324325,1
49,129740,84,1526.3529411764705,0
38,106437,85,1237.639534883721,1
70,61107,53,1131.611111111111,1
76,184007,79,2300.0875,0
33,141693,65,2146.8636363636365,0
75,46958,72,643.2602739726027,1
47,125028,82,1506.3614457831325,1
90,126699,11,10558.25,1
58,144996,29,4833.2,1
58,97464,21,4430.181818181818,1
36,135051,71,1875.7083333333333,1
47,190660,58,3231.5254237288136,0
23,162166,3,40541.5,0
20,143215,29,4773.833333333333,1
37,21130,77,270.8974358974359,0
29,109388,70,1540.6760563380283,0
65,144713,49,2894.26,1
34,109808,18,5779.368421052632,0
21,135534,1,67767.0,1
77,99790,9,9979.0,1
34,58774,41,1399.3809523809523,1
66,145334,53,2691.3703703703704,0
47,153678,35,4268.833333333333,0
55,29445,15,1840.3125,0
65,118697,63,1854.640625,1
61,154733,79,1934.1625,0
57,140182,60,2298.065573770492,1
87,22453,59,374.21666666666664,0
76,68285,60,1119.4262295081967,0
44,192435,15,12027.1875,1
50,167627,48,3420.9591836734694,1
59,147923,94,1557.0842105263157,1
70,185767,12,14289.76923076923,0
51,54340,83,646.9047619047619,1
70,160668,96,1656.3711340206185,0
37,78344,79,979.3,0
64,123827,12,9525.153846153846,1
72,26739,93,284.4574468085106,1
73,141141,28,4866.931034482759,1
72,120390,18,6336.315789473684,1
83,196264,59,3271.0666666666666,0
51,187418,2,62472.666666666664,0
38,38899,93,413.8191489361702,1
69,158698,44,3526.6222222222223,0
54,97346,45,2116.217391304348,1
80,84073,50,1648.4901960784314,1
60,99196,31,3099.875,1
52,175776,52,3316.5283018867926,0
52,26462,65,400.93939393939394,0
27,72634,65,1100.5151515151515,0
55,91670,96,945.0515463917526,0
37,134151,11,11179.25,1
63,129029,45,2804.978260869565,1
42,138499,66,2067.1492537313434,0
80,104754,14,6983.6,1
73,117114,75,1540.9736842105262,0
86,125424,20,5972.571428571428,0
48,175553,17,9752.944444444445,1
58,163808,97,1671.5102040816328,0
59,196272,44,4361.6,0
25,58138,55,1038.1785714285713,0
41,156506,81,1908.6097560975609,1
71,148373,41,3532.690476190476,0
50,42873,58,726.6610169491526,0
41,124497,79,1556.2125,0
21,155004,99,1550.04,0
62,113217,91,1230.6195652173913,0
45,80036,87,909.5,1
85,27594,34,788.4,1
64,109707,58,1859.4406779661017,0
69,62022,24,2480.88,0
67,93647,28,3229.206896551724,0
83,63544,70,894.9859154929577,0
64,61636,10,5603.272727272727,1
84,82272,86,945.6551724137931,1
68,124768,96,1286.2680412371135,0
39,196771,88,2210.9101123595506,0
54,40395,38,1035.7692307692307,1
38,131100,71,1820.8333333333333,1
55,127744,91,1388.5217391304348,0
54,133179,58,2257.271186440678,0
65,193799,19,9689.95,0
68,110443,63,1725.671875,1
80,157396,92,1692.4301075268818,1
36,184450,18,9707.894736842105,0
81,89054,83,1060.1666666666667,0
44,79503,79,993.7875,1
43,179885,85,2091.686046511628,0
66,79860,87,907.5,1
68,144086,16,8475.64705882353,0
74,125599,59,2093.3166666666666,0
47,133351,58,2260.186440677966,0
56,152658,47,3180.375,1
57,25854,65,391.72727272727275,0
39,81853,32,2480.3939393939395,0
37,199065,27,7109.464285714285,0
74,132940,20,6330.476190476191,1
61,175612,3,43903.0,0
45,51682,9,5168.2,0
45,71341,10,6485.545454545455,1
73,119515,49,2390.3,1
22,111347,28,3839.551724137931,0
87,51906,24,2076.24,1
87,58243,56,1021.8070175438596,1
55,146336,88,1644.2247191011236,1
68,112427,100,1113.1386138613861,1
43,51444,54,935.3454545454546,1
19,125481,72,1718.9178082191781,0
21,37889,71,526.2361111111111,1
40,25947,32,786.2727272727273,0
24,113186,19,5659.3,0
66,190008,3,47502.0,0
27,31729,94,333.9894736842105,0
19,125007,87,1420.534090909091,1
72,176652,85,2054.093023255814,1
32,63507,9,6350.7,0
47,50076,53,927.3333333333334,1
61,162313,85,1887.360465116279,0
84,121137,53,2243.277777777778,0
71,198640,48,4053.877551020408,0
57,51885,39,1297.125,1
76,118544,3,29636.0,0
68,61153,65,926.560606060606,0
75,154393,3,38598.25,0
42,102612,6,14658.857142857143,1
53,25621,32,776.3939393939394,0
67,122426,90,1345.3406593406594,1
61,154706,52,2918.9811320754716,1
54,98706,39,2467.65,0
33,101709,59,1695.15,0
56,189599,97,1934.6836734693877,1
67,193335,81,2357.743902439024,0
61,67124,21,3051.090909090909,0
84,180514,63,2820.53125,0
47,150348,64,2313.0461538461536,1
20,129496,67,1904.3529411764705,0
44,155067,12,11928.23076923077,0
69,196765,44,4372.555555555556,1
58,56352,41,1341.7142857142858,0
80,48557,66,724.7313432835821,1
90,199510,8,22167.777777777777,1
51,73812,92,793.6774193548387,0
45,115036,82,1385.9759036144578,0
83,139649,28,4815.482758620689,1
23,140858,76,1829.3246753246754,1
52,145711,96,1502.1752577319587,0
37,100220,1,50110.0,1
78,129519,24,5180.76,0
71,157444,53,2915.6296296296296,0
43,23080,32,699.3939393939394,0
61,147784,79,1847.3,1
38,124786,52,2354.4528301886794,0
65,61718,87,701.3409090909091,1
72,180320,75,2372.6315789473683,0
57,192225,100,1903.2178217821781,1
21,56001,48,1142.8775510204082,0
38,168113,72,2302.917808219178,0
39,95722,100,947.7425742574258,0
63,171851,36,4644.621621621622,0
90,58292,29,1943.0666666666666,0
79,176212,93,1874.595744680851,0
37,154787,42,3599.6976744186045,1
39,76361,11,6363.416666666667,1
32,108177,89,1201.9666666666667,0
67,57281,28,1975.2068965517242,0
29,104305,8,11589.444444444445,1
51,130211,4,26042.2,1
43,179511,11,14959.25,1
71,85894,93,913.7659574468086,1
52,24536,22,1066.7826086956522,1
77,92892,97,947.8775510204082,0
34,176394,95,1837.4375,1
52,175430,54,3189.6363636363635,1
79,20167,74,268.8933333333333,0
49,177274,61,2859.2580645161293,0
33,151472,43,3442.5454545454545,1
85,121332,34,3466.6285714285714,0
35,74287,83,884.3690476190476,1
52,114769,82,1382.7590361445782,1
25,42852,6,6121.714285714285,1
25,167891,57,2894.6724137931033,1
44,177245,39,4431.125,0
38,128353,96,1323.2268041237114,1
77,78587,90,863.5934065934066,0
20,170181,2,56727.0,1
68,171516,58,2907.0508474576272,0
38,93190,20,4437.619047619048,0
53,135891,46,2891.2978723404253,1
84,124635,32,3776.818181818182,1
30,55931,54,1016.9272727272727,0
58,76232,76,990.025974025974,0
41,196302,47,4089.625,0
41,47889,4,9577.8,0
26,119716,9,11971.6,0
41,105450,73,1425.0,0
30,198464,64,3053.2923076923075,0
42,150812,49,3016.24,1
42,149441,58,2532.898305084746,1
74,151990,18,7999.473684210527,1
90,88824,100,879.4455445544554,1
20,36192,12,2784.0,1
36,135153,64,2079.276923076923,1
27,61283,19,3064.15,0
70,110393,75,1452.5394736842106,0
28,79377,51,1526.4807692307693,0
88,80695,46,1716.9148936170213,0
64,42087,15,2630.4375,0
32,165658,38,4247.641025641025,1
68,23195,36,626.8918918918919,1
42,165206,60,2708.2950819672133,1
42,72149,63,1127.328125,1
74,183288,83,2182.0,0
87,171197,90,1881.2857142857142,1
38,121511,42,2825.8372093023254,0
65,174240,7,21780.0,0
30,181168,44,4025.9555555555557,0
20,102213,6,14601.857142857143,1
88,68920,25,2650.769230769231,1
34,165876,1,82938.0,0
65,58145,97,593.3163265306123,1
62,177622,27,6343.642857142857,1
38,107142,4,21428.4,1
36,46333,75,609.6447368421053,0
88,170410,99,1704.1,0
79,59245,85,688.8953488372093,1
42,115995,56,2035.0,0
24,84119,51,1617.673076923077,0
18,176073,5,29345.5,0
60,107860,34,3081.714285714286,1
81,40334,87,458.34090909090907,1
56,65377,83,778.297619047619,1
24,72949,65,1105.2878787878788,1
26,145557,5,24259.5,1
34,21368,62,339.1746031746032,1
22,82063,64,1262.5076923076922,0
54,102634,63,1603.65625,1
37,129401,47,2695.8541666666665,1
28,76744,74,1023.2533333333333,0
63,181807,83,2164.3690476190477,1
50,32986,36,891.5135135135135,1
49,73069,60,1197.8524590163934,1
22,182989,98,1848.3737373737374,1
62,167112,37,4397.684210526316,1
22,152178,79,1902.225,0
29,104245,70,1468.2394366197184,0
72,122386,37,3220.684210526316,1
25,92364,6,13194.857142857143,1
59,132106,36,3570.4324324324325,0
26,189799,11,15816.583333333334,1
63,121518,98,1227.4545454545455,0
69,27630,77,354.2307692307692,1
89,196335,84,2309.823529411765,0
77,141964,11,11830.333333333334,1
83,135850,21,6175.0,0
81,87235,43,1982.6136363636363,0
29,57179,61,922.241935483871,1
79,81923,16,4819.0,1
39,139499,26,5166.62962962963,1
56,50931,38,1305.923076923077,1
43,146669,39,3666.725,0
60,34740,21,1579.090909090909,0
56,32454,39,811.35,1
88,159396,3,39849.0,1
90,185890,100,1840.4950495049504,0
60,198814,33,5847.470588235294,1
73,63286,87,719.1590909090909,0
56,153276,39,3831.9,1
57,59849,64,920.7538461538461,1
87,50007,38,1282.2307692307693,1
55,123166,55,2199.3928571428573,1
70,158287,31,4946.46875,0
51,148730,65,2253.4848484848485,0
63,104561,40,2550.268292682927,1
60,27152,87,308.54545454545456,1
81,86401,28,2979.344827586207,1
43,54734,38,1403.4358974358975,0
87,69403,38,1779.5641025641025,0
22,58421,33,1718.264705882353,1
63,30851,50,604.9215686274509,0
46,105748,11,8812.333333333334,1
67,125617,51,2415.7115384615386,1
21,36266,79,453.325,1
74,20484,69,292.62857142857143,0
58,74360,76,965.7142857142857,1
31,93069,99,930.69,1
83,60001,10,5454.636363636364,1
74,119337,6,17048.14285714286,1
20,120517,51,2317.6346153846152,0
79,111290,65,1686.2121212121212,1
51,20513,44,455.84444444444443,0
73,193441,62,3070.4920634920636,0
54,117208,57,2020.8275862068965,1
50,145901,34,4168.6,1
84,110259,23,4594.125,1
27,85050,49,1701.0,1
48,104511,23,4354.625,1
80,31682,9,3168.2,1
52,60370,89,670.7777777777778,0
69,158270,39,3956.75,1
30,65587,65,993.7424242424242,0
51,139360,71,1935.5555555555557,0
61,24408,60,400.1311475409836,0
50,111746,48,2280.530612244898,0
36,150456,76,1953.974025974026,0
52,168710,34,4820.285714285715,1
84,181748,39,4543.7,1
60,170644,56,2993.754385964912,0
36,79681,91,866.0978260869565,0
61,101186,20,4818.380952380952,0
79,167980,32,5090.30303030303,0
41,183916,36,4970.7027027027025,1
32,163926,44,3642.8,1
25,124128,88,1394.6966292134832,0
74,73784,67,1085.0588235294117,1
87,173737,26,6434.7037037037035,1
46,118881,5,19813.5,0
82,102299,79,1278.7375,1
20,174346,83,2075.5476190476193,0
26,108167,90,1188.6483516483515,1
58,22007,35,611.3055555555555,0
85,51780,63,809.0625,0
47,59577,57,1027.1896551724137,0
78,21068,15,1316.75,0
86,155176,43,3526.7272727272725,1
61,44810,2,14936.666666666666,1
80,172624,59,2877.0666666666666,0
75,194899,49,3897.98,1
37,105227,20,5010.809523809524,1
52,141057,59,2350.95,0
61,68551,31,2142.21875,0
88,37231,68,539.5797101449275,1
80,37722,85,438.6279069767442,1
31,50525,29,1684.1666666666667,1
51,94572,71,1313.5,1
49,186065,22,8089.782608695652,1
81,94520,23,3938.3333333333335,1
74,69314,40,1690.5853658536585,1
23,24378,91,264.9782608695652,0
63,48828,3,12207.0,0
23,194117,91,2109.967391304348,1
90,190087,63,2970.109375,1
77,157808,36,4265.081081081081,1
33,116072,45,2523.304347826087,1
85,197227,9,19722.7,1
52,127792,61,2061.1612903225805,1
45,140535,99,1405.35,0
40,104603,45,2273.978260869565,1
51,115927,64,1783.4923076923078,0
89,39726,98,401.27272727272725,0
79,44446,76,577.2207792207793,1
87,90963,12,6997.153846153846,1
26,195309,37,5139.710526315789,1
72,51151,63,799.234375,1
85,69778,21,3171.7272727272725,1
52,123064,95,1281.9166666666667,1
77,44057,90,484.14285714285717,0
73,141401,6,20200.14285714286,1
43,174640,76,2268.051948051948,1
77,95361,45,2073.0652173913045,0
56,183360,11,15280.0,0
62,124319,73,1679.9864864864865,1
76,94649,87,1075.5568181818182,0
48,85745,54,1559.0,1
36,26094,15,1630.875,1
31,179665,50,3522.843137254902,1
68,168410,30,5432.580645161291,0
57,137295,75,1806.5131578947369,0
33,161229,29,5374.3,0
67,170967,28,5895.413793103448,1
26,55154,4,11030.8,0
63,128913,1,64456.5,1
82,135004,61,2177.483870967742,0
48,33467,15,2091.6875,0
74,145004,32,4394.060606060606,0
69,145758,94,1534.2947368421053,1
77,141816,95,1477.25,1
83,149042,83,1774.3095238095239,1
34,25206,43,572.8636363636364,0
42,165526,63,2586.34375,1
51,143089,46,3044.446808510638,0
72,142164,94,1496.463157894737,0
60,114997,49,2299.94,1
48,175411,90,1927.5934065934066,0
55,83406,46,1774.595744680851,0
62,94853,43,2155.75,0
84,180172,23,7507.166666666667,0
48,66952,58,1134.7796610169491,1
83,20431,19,1021.55,0
66,159620,48,3257.5510204081634,1
61,84065,72,1151.5753424657535,1
30,30034,10,2730.3636363636365,1
30,146883,36,3969.810810810811,0
43,31721,73,428.6621621621622,1
85,32345,9,3234.5,0
71,139525,51,2683.173076923077,0
24,124964,55,2231.5,1
39,131728,32,3991.757575757576,1
72,46755,28,1612.2413793103449,1
22,54065,78,684.367088607595,0
49,47299,27,1689.25,0
88,76522,97,780.8367346938776,0
70,177666,41,4230.142857142857,0
41,94531,64,1454.323076923077,1
87,27888,91,303.1304347826087,1
69,50253,52,948.1698113207547,0
33,172582,58,2925.1186440677966,1
89,78986,22,3434.1739130434785,1
43,41157,71,571.625,1
46,102417,51,1969.5576923076924,0
58,123443,65,1870.3484848484848,0
89,49704,97,507.18367346938777,0
59,172319,42,4007.4186046511627,0
88,51082,24,2043.28,0
40,159325,45,3463.586956521739,1
57,103385,20,4923.0952380952385,0
77,182205,53,3374.1666666666665,1
62,193096,69,2758.5142857142855,1
77,149169,22,6485.608695652174,0
35,181096,79,2263.7,0
75,195597,26,7244.333333333333,1
42,158249,37,4164.4473684210525,1
48,106875,45,2323.3695652173915,1
44,59655,86,685.6896551724138,1
63,175154,75,2304.657894736842,0
62,193150,93,2054.7872340425533,1
74,119504,47,2489.6666666666665,1
65,35541,25,1366.9615384615386,1
24,64761,45,1407.8478260869565,1
52,36336,63,567.75,0
80,116394,21,5290.636363636364,1
29,185438,38,4754.820512820513,0
43,147660,33,4342.941176470588,1
53,186780,14,12452.0,1
41,97526,48,1990.3265306122448,1
80,112881,91,1226.9673913043478,0
43,64896,99,648.96,1
74,128055,76,1663.051948051948,1
19,104254,75,1371.7631578947369,0
21,175851,47,3663.5625,1
66,162407,67,2388.3382352941176,1
69,35322,93,375.7659574468085,0
57,46608,92,501.16129032258067,1
30,37141,32,1125.4848484848485,0
44,131186,35,3644.0555555555557,1
20,151694,49,3033.88,0
83,118241,23,4926.708333333333,1
32,138004,99,1380.04,0
27,121053,45,2631.586956521739,1
20,108059,4,21611.8,0
67,128065,95,1334.0104166666667,1
60,164297,20,7823.666666666667,1
29,69181,40,1687.341463414634,0
19,182411,76,2368.974025974026,1
51,78773,21,3580.590909090909,0
87,64116,10,5828.727272727273,0
63,110330,96,1137.4226804123712,1
72,166251,13,11875.07142857143,0
53,119788,88,1345.9325842696628,1
41,58526,14,3901.733333333333,1
29,193791,65,2936.2272727272725,1
47,124410,1,62205.0,0
63,119076,78,1507.2911392405063,1
21,121126,32,3670.4848484848485,0
85,106279,8,11808.777777777777,1
59,107131,93,1139.6914893617022,0
45,36736,96,378.7216494845361,1
29,29510,11,2459.1666666666665,0
42,77673,46,1652.6170212765958,0
81,52460,21,2384.5454545454545,0
67,50725,26,1878.7037037037037,1
50,180916,34,5169.028571428571,1
18,162524,78,2057.26582278481,0
89,77965,38,1999.1025641025642,1
27,177789,88,1997.629213483146,0
86,189950,14,12663.333333333334,1
51,26612,7,3326.5,1
85,167107,45,3632.7608695652175,0
63,76076,45,1653.8260869565217,0
67,176467,45,3836.2391304347825,0
26,109273,25,4202.807692307692,1
59,35579,58,603.0338983050848,0
53,45252,35,1257.0,1
49,142491,96,1468.979381443299,0
47,88666,44,1970.3555555555556,0
82,190846,91,2074.413043478261,1
38,68076,26,2521.3333333333335,1
80,149308,74,1990.7733333333333,1
53,154709,67,2275.1323529411766,0
56,38922,51,748.5,1
72,174353,66,2602.283582089552,1
33,20355,35,565.4166666666666,1
43,118067,28,4071.2758620689656,0
41,24540,87,278.8636363636364,1
51,111152,48,2268.408163265306,0
25,94591,95,985.3229166666666,0
63,175848,84,2068.8,0
60,196751,63,3074.234375,0
59,144505,98,1459.6464646464647,1
57,29942,38,767.7435897435897,1
61,130682,20,6222.952380952381,1
51,197622,92,2124.967741935484,0
74,34763,70,489.61971830985914,1
54,181039,6,25862.714285714286,1
42,127438,78,1613.139240506329,1
67,85001,70,1197.1971830985915,1
44,177202,25,6815.461538461538,1
37,167290,56,2934.9122807017543,0
40,30236,78,382.73417721518985,0
33,141224,95,1471.0833333333333,1
70,154535,97,1576.8877551020407,0
67,144356,53,2673.259259259259,1
50,187499,41,4464.261904761905,1
72,70162,1,35081.0,0
27,60218,46,1281.2340425531916,1
62,110632,2,36877.333333333336,1
89,98546,58,1670.2711864406779,0
78,102023,70,1436.943661971831,1
77,108695,33,3196.9117647058824,0
77,191668,78,2426.1772151898736,1
42,183672,76,2385.3506493506493,0
90,111388,89,1237.6444444444444,1
61,63507,34,1814.4857142857143,1
80,189058,46,4022.5106382978724,0
59,77784,87,883.9090909090909,1
42,45542,17,2530.1111111111113,1
32,192698,34,5505.657142857143,0
33,70888,6,10126.857142857143,0
88,124456,98,1257.1313131313132,0
89,143761,14,9584.066666666668,1
40,180554,86,2075.3333333333335,0
76,89849,57,1549.1206896551723,1
51,188921,1,94460.5,1
29,87765,30,2831.1290322580644,1
60,141610,94,1490.6315789473683,0
39,48968,93,520.936170212766,1
65,197091,80,2433.222222222222,1
55,95985,30,3096.2903225806454,1
30,130651,36,3531.108108108108,0
87,54598,27,1949.9285714285713,0
34,136010,36,3675.945945945946,0
73,58691,23,2445.4583333333335,1
90,139544,17,7752.444444444444,1
19,105480,47,2197.5,0
81,117544,96,1211.7938144329896,0
27,83700,51,1609.6153846153845,1
45,132214,53,2448.4074074074074,0
28,51410,64,790.9230769230769,0
74,184890,35,5135.833333333333,0
21,184254,40,4494.0,0
88,165955,38,4255.25641025641,0
34,53044,88,596.0,0
55,122059,6,17437.0,1
25,162754,97,1660.7551020408164,0
19,99373,81,1211.8658536585365,1
40,145892,89,1621.0222222222221,1
41,152245,59,2537.4166666666665,1
76,71885,15,4492.8125,0
66,159949,59,2665.8166666666666,0
18,119127,47,2481.8125,0
46,94753,91,1029.9239130434783,1
37,37988,33,1117.2941176470588,0
41,68507,61,1104.9516129032259,1
77,158435,12,12187.307692307691,1
19,173411,89,1926.7888888888888,0
36,55230,22,2401.304347826087,1
22,62132,75,817.5263157894736,0
28,86321,87,980.9204545454545,0
58,43250,2,14416.666666666666,0
69,33642,4,6728.4,1
62,81765,50,1603.235294117647,0
30,126410,18,6653.1578947368425,0
51,86760,13,6197.142857142857,1
27,129231,59,2153.85,0
74,29586,14,1972.4,1
77,151333,26,5604.925925925926,1
70,199188,72,2728.6027397260273,1
33,192951,30,6224.225806451613,1
63,155217,13,11086.92857142857,0
65,28695,62,455.4761904761905,1
48,43439,9,4343.9,1
41,63185,18,3325.5263157894738,1
29,195578,28,6744.068965517241,0
18,66760,27,2384.285714285714,1
58,157457,88,1769.1797752808989,1
67,21820,14,1454.6666666666667,1
68,181235,29,6041.166666666667,1
46,37051,71,514.5972222222222,0
81,194032,36,5244.108108108108,1
47,150026,39,3750.65,0
62,27726,62,440.0952380952381,1
78,135516,52,2556.9056603773583,0
42,101640,32,3080.0,0
26,175253,72,2400.72602739726,1
71,124557,12,9581.307692307691,1
75,148453,60,2433.655737704918,0
40,182466,8,20274.0,1
44,160042,56,2807.754385964912,0
52,129451,70,1823.2535211267605,0
42,141616,55,2528.8571428571427,0
84,51847,100,513.3366336633663,1
67,117639,88,1321.7865168539327,0
39,153457,5,25576.166666666668,0
77,27968,94,294.4,1
29,104851,66,1564.9402985074628,0
44,47633,62,756.0793650793651,1
78,39675,58,672.457627118644,0
65,101813,1,50906.5,1
60,61319,46,1304.659574468085,0
18,149072,13,10648.0,0
64,126885,31,3965.15625,1
47,47269,86,543.3218390804598,0
59,86825,84,1021.4705882352941,1
60,80844,59,1347.4,1
36,185635,7,23204.375,0
34,75092,98,758.5050505050505,0
38,172499,52,3254.698113207547,0
88,66400,25,2553.846153846154,0
24,42559,77,545.6282051282051,0
73,113302,67,1666.2058823529412,1
74,38764,73,523.8378378378378,0
82,182065,1,91032.5,1
79,116437,79,1455.4625,0
81,136409,89,1515.6555555555556,1
22,77115,29,2570.5,1
74,150146,45,3264.0434782608695,1
35,29835,3,7458.75,1
59,74621,57,1286.5689655172414,1
52,183866,54,3343.018181818182,0
19,133544,57,2302.4827586206898,1
85,192066,21,8730.272727272728,0
52,80445,28,2773.9655172413795,0
46,124249,27,4437.464285714285,0
34,55173,86,634.1724137931035,0
78,135818,70,1912.9295774647887,0
64,58805,72,805.5479452054794,1
82,47744,97,487.18367346938777,1
72,50299,16,2958.764705882353,1
46,47138,47,982.0416666666666,0
67,81694,80,1008.5679012345679,1
32,85579,28,2951.0,0
67,172842,42,4019.5813953488373,0
80,108084,6,15440.57142857143,1
48,58243,23,2426.7916666666665,1
79,98861,36,2671.9189189189187,1
83,55675,40,1357.9268292682927,1
80,92178,93,980.6170212765958,1
83,107576,71,1494.111111111111,1
87,98387,79,1229.8375,1
82,65066,71,903.6944444444445,0
54,179884,55,3212.214285714286,0
50,31896,9,3189.6,0
86,172259,49,3445.18,1
25,104415,87,1186.534090909091,1
44,104606,69,1494.3714285714286,0
69,178392,53,3303.5555555555557,1
47,172572,85,2006.6511627906978,1
43,185231,99,1852.31,1
18,157683,64,2425.892307692308,1
33,129144,34,3689.8285714285716,0
47,88136,43,2003.090909090909,1
47,38392,12,2953.230769230769,0
57,179869,75,2366.6973684210525,1
30,64859,50,1271.7450980392157,0
70,124273,73,1679.3648648648648,1
28,131797,70,1856.2957746478874,1
56,187781,50,3681.9803921568628,0
35,92954,93,988.8723404255319,0
55,20759,8,2306.5555555555557,0
29,133159,23,5548.291666666667,1
57,71441,24,2857.64,1
53,177914,82,2143.5421686746986,1
61,79495,14,5299.666666666667,0
76,132844,25,5109.384615384615,1
50,23476,75,308.89473684210526,1
39,133573,42,3106.3488372093025,1
33,44144,15,2759.0,1
27,30729,29,1024.3,1
51,50984,80,629.4320987654321,0
90,135048,63,2110.125,0
20,127639,77,1636.3974358974358,0
44,144268,45,3136.2608695652175,0
84,84503,81,1030.5243902439024,1
75,153540,44,3412.0,0
52,164728,26,6101.037037037037,0
66,114597,98,1157.5454545454545,1
70,89933,85,1045.7325581395348,0
52,127119,19,6355.95,0
74,118528,40,2890.9268292682927,1
77,106575,34,3045.0,0
45,153516,35,4264.333333333333,1
31,55746,46,1186.0851063829787,0
30,50503,3,12625.75,1
86,186656,91,2028.8695652173913,0
60,59911,23,2496.2916666666665,1
54,29211,66,435.9850746268657,1
84,40151,93,427.13829787234044,0
67,35676,41,849.4285714285714,1
45,39272,74,523.6266666666667,1
32,49356,33,1451.6470588235295,1
63,58367,53,1080.8703703703704,0
37,27605,54,501.90909090909093,0
53,121212,50,2376.705882352941,1
29,179678,76,2333.4805194805194,0
42,198701,79,2483.7625,1
72,107678,49,2153.56,0
44,162996,12,12538.153846153846,1
62,97798,57,1686.1724137931035,1
64,20073,76,260.68831168831167,1
64,178924,12,13763.384615384615,0
53,105336,47,2194.5,0
41,190929,8,21214.333333333332,1
27,58901,18,3100.0526315789475,1
45,93664,95,975.6666666666666,0
52,147040,68,2131.014492753623,1
80,185702,93,1975.5531914893618,1
70,28984,46,616.6808510638298,1
63,37911,40,924.6585365853658,0
20,191237,28,6594.379310344828,0
54,84348,91,916.8260869565217,0
87,61611,53,1140.9444444444443,0
57,110355,47,2299.0625,1
46,137625,93,1464.095744680851,1
23,84822,63,1325.34375,1
59,131351,60,2153.2950819672133,0
48,52147,82,628.277108433735,1
55,196701,48,4014.3061224489797,1
77,45672,48,932.0816326530612,0
84,22021,9,2202.1,1
54,142048,79,1775.6,1
78,112461,54,2044.7454545454545,1
69,180033,96,1856.0103092783504,0
20,97870,83,1165.1190476190477,0
36,134277,77,1721.5,1
60,45989,76,597.2597402597403,1
39,189918,97,1937.938775510204,1
29,178722,93,1901.2978723404256,1
87,86759,99,867.59,0
61,143455,21,6520.681818181818,1
44,130487,72,1787.4931506849316,1
28,53485,11,4457.083333333333,1
90,82028,5,13671.333333333334,0
40,193499,99,1934.99,0
60,29136,43,662.1818181818181,1
20,192017,84,2259.0235294117647,0
33,177777,87,2020.1931818181818,0
65,65942,80,814.0987654320987,0
79,131876,12,10144.307692307691,0
51,130215,19,6510.75,0
20,36354,18,1913.3684210526317,1
36,40912,94,430.65263157894736,1
26,76081,68,1102.623188405797,1
61,129890,17,7216.111111111111,1
63,30166,23,1256.9166666666667,1
43,44765,26,1657.962962962963,0
67,174195,67,2561.6911764705883,0
69,111702,80,1379.037037037037,1
73,166818,60,2734.72131147541,0
66,108135,59,1802.25,0
19,192622,93,2049.1702127659573,0
20,179513,61,2895.3709677419356,0
60,25568,89,284.0888888888889,0
19,85998,60,1409.8032786885246,0
34,151374,71,2102.4166666666665,0
65,153334,43,3484.8636363636365,1
43,156185,93,1661.5425531914893,1
40,99924,39,2498.1,0
76,36833,76,478.35064935064935,1
20,110967,72,1520.0958904109589,1
59,153452,22,6671.826086956522,1
20,121508,50,2382.5098039215686,1
84,93207,45,2026.2391304347825,1
81,38769,11,3230.75,0
73,55772,45,1212.4347826086957,0
53,84357,51,1622.25,0
67,151148,53,2799.037037037037,0
48,30204,86,347.17241379310343,0
73,93586,12,7198.923076923077,0
59,177734,71,2468.527777777778,0
53,145358,14,9690.533333333333,1
74,175332,33,5156.823529411765,1
41,188779,86,2169.8735632183907,1
23,106476,32,3226.5454545454545,1
74,66052,76,857.8181818181819,1
60,93265,99,932.65,0
80,27878,17,1548.7777777777778,1
68,57587,2,19195.666666666668,1
71,104444,28,3601.5172413793102,1
40,158712,87,1803.5454545454545,1
46,25446,99,254.46,0
41,141079,36,3812.945945945946,1
65,143639,34,4103.971428571429,1
52,189172,25,7275.846153846154,0
86,194526,41,4631.571428571428,0
52,152120,43,3457.2727272727275,1
29,72609,53,1344.611111111111,0
62,107749,70,1517.5915492957747,1
71,132108,71,1834.8333333333333,1
88,104651,31,3270.34375,1
39,70748,82,852.3855421686746,1
28,45489,76,590.7662337662338,0
21,87256,78,1104.506329113924,1
44,25705,47,535.5208333333334,1
41,144512,27,5161.142857142857,0
21,33327,98,336.6363636363636,0
62,136620,91,1485.0,0
45,85920,45,1867.8260869565217,1
75,66605,6,9515.0,0
63,40331,69,576.1571428571428,0
35,120834,87,1373.1136363636363,1
77,66506,5,11084.333333333334,1
82,100247,86,1152.2643678160919,0
49,51850,13,3703.5714285714284,1
27,97874,71,1359.361111111111,1
78,186983,1,93491.5,0
69,77069,7,9633.625,0
86,70550,54,1282.7272727272727,1
38,141689,31,4427.78125,0
69,39629,89,440.3222222222222,0
84,194923,23,8121.791666666667,0
71,194664,77,2495.6923076923076,1
31,45400,37,1194.7368421052631,0
65,81842,36,2211.945945945946,0
56,170603,76,2215.6233766233768,1
84,146422,68,2122.057971014493,1
22,89477,59,1491.2833333333333,1
56,144361,61,2328.4032258064517,0
28,98829,32,2994.818181818182,1
26,36056,65,546.3030303030303,1
28,142610,94,1501.157894736842,0
28,174612,7,21826.5,1
90,51669,49,1033.38,1
69,146437,25,5632.192307692308,0
56,152468,8,16940.88888888889,1
30,118777,32,3599.3030303030305,0
86,41441,45,900.8913043478261,0
89,107147,97,1093.3367346938776,1
38,80057,73,1081.8513513513512,1
80,50736,47,1057.0,0
66,26894,40,655.9512195121952,0
22,149580,96,1542.0618556701031,1
60,109477,31,3421.15625,1
90,57593,38,1476.7435897435898,1
30,136839,96,1410.7113402061855,1
89,158349,54,2879.072727272727,0
87,75279,3,18819.75,0
28,78147,64,1202.2615384615385,0
75,24986,91,271.5869565217391,0
90,159688,52,3012.9811320754716,0
22,197759,63,3089.984375,0
32,93319,72,1278.3424657534247,1
65,151151,96,1558.2577319587629,1
54,81088,79,1013.6,1
79,149476,83,1779.4761904761904,1
48,67238,62,1067.2698412698412,0
47,75139,100,743.950495049505,0
43,91489,95,953.0104166666666,1
81,129911,41,3093.1190476190477,0
68,48204,95,502.125,1
74,171863,70,2420.605633802817,0
62,78303,66,1168.7014925373135,1
88,171175,68,2480.7971014492755,1
44,37272,9,3727.2,1
55,70941,23,2955.875,1
78,120114,31,3753.5625,0
77,84375,94,888.1578947368421,0
77,93426,18,4917.1578947368425,1
80,166569,28,5743.758620689655,1
54,134882,35,3746.722222222222,0
27,94844,85,1102.8372093023256,0
19,50949,73,688.5,1
58,96710,29,3223.6666666666665,0
52,142603,7,17825.375,1
27,99691,59,1661.5166666666667,0
67,108711,13,7765.071428571428,0
78,94657,4,18931.4,1
66,39141,64,602.1692307692308,0
49,175531,6,25075.85714285714,0
75,128387,42,2985.7441860465115,0
40,44301,16,2605.9411764705883,1
49,189610,30,6116.451612903225,1
50,52460,19,2623.0,0
78,108224,63,1691.0,1
60,147695,43,3356.7045454545455,0
18,87967,4,17593.4,1
74,73377,67,1079.0735294117646,1
18,52790,65,799.8484848484849,1
39,159386,22,6929.826086956522,1
35,137738,46,2930.595744680851,0
30,37051,3,9262.75,0
28,79191,49,1583.82,1
52,101744,24,4069.76,1
42,31025,97,316.5816326530612,1
80,87195,64,1341.4615384615386,0
40,150858,68,2186.3478260869565,0
22,153985,72,2109.3835616438355,1
78,59716,18,3142.9473684210525,0
19,25215,39,630.375,1
90,62660,5,10443.333333333334,1
58,24204,44,537.8666666666667,0
53,50336,5,8389.333333333334,0
61,181502,25,6980.846153846154,1
65,34362,85,399.5581395348837,0
70,148488,6,21212.571428571428,1
64,38309,32,1160.878787878788,0
84,135810,58,2301.864406779661,0
39,158158,88,1777.056179775281,0
71,57522,50,1127.8823529411766,0
39,123225,56,2161.842105263158,1
40,51222,53,948.5555555555555,0
80,132789,78,1680.873417721519,1
79,121091,94,1274.6421052631579,1
25,26349,78,333.53164556962025,1
66,71830,75,945.1315789473684,1
73,105352,31,3292.25,1
33,60461,14,4030.733333333333,1
36,35885,19,1794.25,0
22,155064,73,2095.4594594594596,0
49,121427,36,3281.810810810811,0
64,186449,93,1983.5,0
19,177973,20,8474.904761904761,0
22,176932,83,2106.3333333333335,0
87,97760,48,1995.1020408163265,0
47,136532,85,1587.5813953488373,1
25,34961,88,392.82022471910113,1
42,32955,7,4119.375,1
38,72096,7,9012.0,0
48,62247,88,699.4044943820224,1
26,95490,99,954.9,1
85,155387,35,4316.305555555556,0
41,109544,93,1165.3617021276596,0
37,115342,59,1922.3666666666666,0
71,39243,65,594.5909090909091,0
63,41737,39,1043.425,1
43,106966,13,7640.428571428572,0
86,33440,87,380.0,0
41,92938,65,1408.1515151515152,0
61,66817,62,1060.5873015873017,0
50,109349,2,36449.666666666664,1
63,72264,79,903.3,1
58,90629,9,9062.9,0
24,185815,93,1976.7553191489362,0
30,115531,55,2063.0535714285716,1
60,91541,88,1028.5505617977528,1
20,94393,24,3775.72,0
47,124718,17,6928.777777777777,1
55,123298,17,6849.888888888889,0
33,105037,8,11670.777777777777,1
67,101993,87,1159.0113636363637,0
33,191496,98,1934.3030303030303,0
54,192422,19,9621.1,1
78,139042,67,2044.735294117647,1
44,180018,19,9000.9,0
65,109264,20,5203.047619047619,0
20,126192,70,1777.3521126760563,1
52,119738,16,7043.411764705882,1
53,97931,35,2720.3055555555557,0
71,109147,93,1161.1382978723404,0
36,36759,54,668.3454545454546,0
23,103963,31,3248.84375,1
31,40717,69,581.6714285714286,1
33,153238,96,1579.7731958762886,1
35,178067,8,19785.222222222223,0
51,108264,45,2353.5652173913045,1
38,74907,58,1269.6101694915253,1
90,113291,29,3776.366666666667,0
54,168058,39,4201.45,0
22,157777,30,5089.580645161291,0
74,144715,10,13155.90909090909,0
52,95486,12,7345.076923076923,0
89,138842,57,2393.8275862068967,0
88,77020,5,12836.666666666666,1
81,24578,48,501.59183673469386,0
39,126012,83,1500.142857142857,1
42,149499,6,21357.0,0
54,117469,92,1263.1075268817203,0
21,34532,98,348.80808080808083,1
34,140062,77,1795.6666666666667,1
36,98195,25,3776.730769230769,1
48,176066,45,3827.521739130435,1
53,116677,27,4167.035714285715,1
80,36028,38,923.7948717948718,0
45,135225,22,5879.347826086957,1
80,69993,81,853.5731707317074,0
66,104690,28,3610.0,0
86,90675,98,915.9090909090909,0
20,24590,100,243.46534653465346,0
25,36176,25,1391.3846153846155,0
71,54358,12,4181.384615384615,0
31,92921,11,7743.416666666667,0
84,197748,48,4035.673469387755,1
68,28729,62,456.015873015873,1
74,32222,35,895.0555555555555,0
80,99124,89,1101.3777777777777,1
25,124079,16,7298.764705882353,0
82,108959,80,1345.1728395061727,1
23,45397,39,1134.925,1
39,111325,100,1102.2277227722773,1
63,82626,60,1354.5245901639344,1
79,98777,80,1219.469135802469,0
69,124618,63,1947.15625,1
48,66390,23,2766.25,1
71,164102,63,2564.09375,0
89,145181,55,2592.5178571428573,0
89,54900,30,1770.967741935484,1
40,84926,93,903.468085106383,0
70,50592,92,544.0,1
21,27016,66,403.2238805970149,1
40,58154,55,1038.4642857142858,0
71,152966,45,3325.3478260869565,0
58,105976,87,1204.2727272727273,0
66,184456,67,2712.5882352941176,0
63,91905,26,3403.8888888888887,1
84,86398,59,1439.9666666666667,1
60,30632,36,827.8918918918919,0
58,140440,32,4255.757575757576,0
84,93929,76,1219.857142857143,0
73,82617,50,1619.9411764705883,0
45,81369,70,1146.0422535211267,1
64,87528,77,1122.1538461538462,0
64,193293,89,2147.7,1
23,119636,89,1329.2888888888888,0
86,106843,15,6677.6875,0
75,166904,34,4768.685714285714,0
26,84902,35,2358.3888888888887,0
21,173096,7,21637.0,1
75,136916,81,1669.7073170731708,0
78,101892,6,14556.0,1
78,184801,12,14215.461538461539,1
74,71700,35,1991.6666666666667,1
82,115466,7,14433.25,0
63,135684,82,1634.7469879518073,0
20,60198,2,20066.0,0
62,150802,27,5385.785714285715,0
19,184602,3,46150.5,1
32,59840,26,2216.296296296296,0
69,82941,86,953.3448275862069,1
78,46567,31,1455.21875,1
65,168585,38,4322.692307692308,1
66,106578,40,2599.4634146341464,0
21,47596,99,475.96,1
90,179771,76,2334.688311688312,1
19,187817,33,5524.029411764706,0
21,86714,88,974.314606741573,1
75,141896,58,2405.0169491525426,1
74,131560,10,11960.0,0
25,34683,45,753.9782608695652,0
63,164510,92,1768.9247311827958,1
25,198973,12,15305.615384615385,0
46,173632,78,2197.8734177215188,0
53,176748,64,2719.2,0
87,67420,38,1728.7179487179487,1
66,130613,38,3349.051282051282,1
35,31722,8,3524.6666666666665,0
80,71752,3,17938.0,1
50,59735,1,29867.5,1
55,184639,50,3620.372549019608,1
51,74226,21,3373.909090909091,1
35,178489,41,4249.738095238095,1
44,27291,46,580.6595744680851,1
67,170788,55,3049.785714285714,0
84,41664,58,706.1694915254237,0
35,118616,40,2893.0731707317073,0
74,102884,85,1196.3255813953488,0
75,151709,18,7984.684210526316,1
31,193415,27,6907.678571428572,0
85,69662,83,829.3095238095239,0
84,61377,70,864.4647887323944,1
82,158238,23,6593.25,0
62,36927,67,543.0441176470588,1
83,91132,57,1571.2413793103449,0
49,120442,64,1852.9538461538461,1
24,79963,8,8884.777777777777,1
76,161005,38,4128.333333333333,1
35,147536,76,1916.051948051948,0
39,194586,50,3815.4117647058824,1
50,72823,23,3034.2916666666665,0
33,187427,83,2231.2738095238096,0
37,86544,50,1696.9411764705883,1
52,187010,95,1948.0208333333333,0
78,91514,73,1236.6756756756756,0
49,169529,79,2119.1125,1
31,192704,71,2676.4444444444443,1
22,143564,19,7178.2,0
82,81799,77,1048.7051282051282,0
82,127846,28,4408.482758620689,1
44,180998,57,3120.655172413793,1
54,161673,44,3592.733333333333,1
64,126216,91,1371.9130434782608,0
33,149389,76,1940.1168831168832,0
87,127569,25,4906.5,1
48,102154,46,2173.4893617021276,0
31,74330,78,940.8860759493671,1
18,136812,43,3109.3636363636365,1
73,60491,99,604.91,1
19,151267,44,3361.488888888889,0
67,34006,42,790.8372093023256,0
33,167094,59,2784.9,0
79,29862,92,321.0967741935484,0
32,138114,38,3541.3846153846152,1
90,59942,3,14985.5,1
49,121484,75,1598.4736842105262,0
34,70128,20,3339.4285714285716,1
27,131480,3,32870.0,0
89,165180,57,2847.9310344827586,0
72,57032,77,731.1794871794872,1
89,112898,18,5942.0,1
55,95754,85,1113.4186046511627,1
23,65730,15,4108.125,1
77,177364,31,5542.625,1
57,65758,54,1195.6,0
53,38434,4,7686.8,0
84,195236,95,2033.7083333333333,1
71,168018,78,2126.8101265822784,1
65,191419,43,4350.431818181818,1
43,90764,28,3129.793103448276,1
51,165010,14,11000.666666666666,1
30,70070,91,761.6304347826087,1
39,24489,24,979.56,1
31,93186,100,922.6336633663366,1
45,140207,40,3419.682926829268,0
60,159556,30,5146.967741935484,1
39,53511,91,581.6413043478261,0
76,25970,12,1997.6923076923076,0
19,189450,48,3866.326530612245,0
76,159563,69,2279.4714285714285,0
62,58542,32,1774.0,1
29,167778,8,18642.0,0
89,154733,19,7736.65,1
32,92927,89,1032.5222222222221,1
90,42784,78,541.5696202531645,0
87,197965,99,1979.65,1
84,84573,28,2916.310344827586,0
84,80367,92,864.1612903225806,1
40,159478,70,2246.169014084507,0
19,187598,65,2842.3939393939395,0
80,77432,70,1090.5915492957747,1
72,150406,12,11569.692307692309,1
59,135279,8,15031.0,0
67,148470,67,2183.3823529411766,0
18,52316,70,736.8450704225352,1
69,172882,77,2216.4358974358975,0
26,37110,92,399.03225806451616,1
64,69601,60,1141.0,0
22,40750,67,599.2647058823529,1
82,58771,96,605.8865979381443,0
32,99768,73,1348.2162162162163,1
25,165471,14,11031.4,1
36,66093,49,1321.86,1
18,185930,81,2267.439024390244,1
88,150127,11,12510.583333333334,0
70,42008,53,777.925925925926,1
64,120398,38,3087.128205128205,0
58,124852,69,1783.6,1
30,38160,14,2544.0,1
29,183423,93,1951.3085106382978,0
49,182973,7,22871.625,0
21,72101,84,848.2470588235294,0
66,32205,2,10735.0,1
75,50172,35,1393.6666666666667,0
86,160365,49,3207.3,0
73,35219,42,819.046511627907,0
50,106503,25,4096.2692307692305,1
63,99277,51,1909.173076923077,1
41,113228,55,2021.9285714285713,1
63,167831,77,2151.6794871794873,0
46,20805,11,1733.75,0
51,92350,60,1513.9344262295083,0
23,173806,76,2257.220779220779,1
89,176239,79,2202.9875,1
76,55527,85,645.6627906976744,1
59,161482,53,2990.4074074074074,0
41,74770,90,821.6483516483516,1
62,144721,55,2584.3035714285716,1
85,41079,5,6846.5,0
35,35413,94,372.7684210526316,0
38,22820,85,265.3488372093023,1
49,27352,43,621.6363636363636,1
64,49625,69,708.9285714285714,0
42,49967,39,1249.175,0
65,60507,59,1008.45,0
81,182261,9,18226.1,1
77,76187,21,3463.0454545454545,0
27,31464,52,593.6603773584906,1
48,81011,98,818.2929292929293,1
40,114260,13,8161.428571428572,0
90,149798,37,3942.0526315789475,1
63,73406,7,9175.75,1
49,94595,16,5564.411764705882,0
53,112142,66,1673.7611940298507,1
45,59331,73,801.7702702702703,1
44,61049,5,10174.833333333334,1
52,143726,87,1633.25,1
40,111650,15,6978.125,1
41,123433,87,1402.6477272727273,0
84,115240,4,23048.0,1
33,176295,21,8013.409090909091,1
82,164264,92,1766.279569892473,0
90,81917,5,13652.833333333334,0
46,160125,4,32025.0,1
43,115891,2,38630.333333333336,0
81,38550,62,611.9047619047619,0
29,139987,69,1999.8142857142857,1
40,109334,93,1163.127659574468,0
37,151080,37,3975.7894736842104,1
75,189233,57,3262.637931034483,0
34,145685,95,1517.5520833333333,1
55,153863,26,5698.62962962963,1
78,95379,6,13625.57142857143,1
86,110672,80,1366.320987654321,1
74,54931,7,6866.375,0
46,30666,13,2190.4285714285716,0
83,31400,10,2854.5454545454545,1
38,55579,52,1048.6603773584907,1
68,165854,94,1745.8315789473684,0
79,101285,31,3165.15625,0
48,112481,13,8034.357142857143,1
34,113910,15,7119.375,1
63,148155,1,74077.5,0
46,134682,61,2172.2903225806454,1
50,168003,66,2507.507462686567,1
71,57016,17,3167.5555555555557,1
85,89644,98,905.4949494949495,0
75,65060,13,4647.142857142857,1
30,27341,44,607.5777777777778,1
75,33113,96,341.37113402061857,0
65,47669,72,653.0,1
18,155478,97,1586.5102040816328,1
49,77732,95,809.7083333333334,1
78,102785,29,3426.1666666666665,1
25,69128,18,3638.315789473684,0
43,162351,85,1887.8023255813953,0
74,87306,22,3795.913043478261,1
43,29109,16,1712.2941176470588,1
76,127749,38,3275.6153846153848,0
44,53425,60,875.8196721311475,1
25,123290,51,2370.9615384615386,1
36,143345,61,2312.016129032258,0
66,32120,57,553.7931034482758,1
59,126119,54,2293.072727272727,1
88,183223,88,2058.6853932584268,0
60,69588,51,1338.2307692307693,1
30,188396,2,62798.666666666664,1
61,94917,73,1282.662162162162,1
45,40547,40,988.9512195121952,0
41,179983,11,14998.583333333334,1
20,189858,96,1957.298969072165,0
52,28486,12,2191.230769230769,0
86,68918,51,1325.3461538461538,1
21,65904,36,1781.1891891891892,1
81,173605,92,1866.720430107527,1
31,191313,14,12754.2,1
81,47985,66,716.1940298507462,0
56,144568,17,8031.555555555556,0
23,195994,80,2419.679012345679,0
64,108519,29,3617.3,0
90,146966,78,1860.3291139240507,1
44,37623,38,964.6923076923077,1
18,151485,62,2404.5238095238096,0
77,70558,14,4703.866666666667,1
29,62771,93,667.7765957446809,0
59,157713,41,3755.0714285714284,0
60,168246,17,9347.0,1
46,179885,49,3597.7,1
34,194596,23,8108.166666666667,1
76,53986,52,1018.6037735849056,1
28,115664,22,5028.869565217391,0
71,176045,11,14670.416666666666,1
53,195010,8,21667.777777777777,0
85,109674,4,21934.8,1
34,57524,91,625.2608695652174,1
29,51953,37,1367.1842105263158,0
21,88923,6,12703.285714285714,1
42,141941,56,2490.1929824561403,1
67,43843,18,2307.5263157894738,1
66,99424,81,1212.4878048780488,1
89,126557,63,1977.453125,1
35,20594,39,514.85,0
50,61258,68,887.7971014492754,0
36,169152,72,2317.150684931507,1
53,53397,47,1112.4375,1
30,172046,5,28674.333333333332,0
52,89469,77,1147.0384615384614,0
19,129406,5,21567.666666666668,0
59,87812,14,5854.133333333333,1
84,25404,70,357.80281690140845,0
77,185285,10,16844.090909090908,0
75,197593,1,98796.5,0
37,169376,67,2490.823529411765,0
30,113931,60,1867.72131147541,0
79,189531,80,2339.8888888888887,0
79,139893,49,2797.86,1
30,102177,50,2003.4705882352941,0
41,140817,100,1394.2277227722773,1
52,37708,78,477.3164556962025,0
72,42096,96,433.97938144329896,0
31,146446,12,11265.076923076924,0
52,43098,89,478.8666666666667,0
57,88037,6,12576.714285714286,1
28,93851,74,1251.3466666666666,0
57,136826,3,34206.5,1
71,122918,57,2119.2758620689656,0
26,109450,88,1229.7752808988764,1
27,110046,91,1196.1521739130435,1
30,83713,30,2700.4193548387098,1
47,132027,63,2062.921875,1
89,37541,3,9385.25,1
51,153503,67,2257.3970588235293,0
24,35667,44,792.6,1
43,42869,29,1428.9666666666667,0
67,139270,85,1619.4186046511627,0
36,196138,20,9339.904761904761,1
41,140517,70,1979.112676056338,1
54,139377,53,2581.0555555555557,0
77,116321,1,58160.5,1
70,62410,86,717.3563218390805,1
73,71087,87,807.8068181818181,1
72,118485,63,1851.328125,0
28,111520,89,1239.111111111111,0
59,26537,3,6634.25,1
83,57331,15,3583.1875,1
58,167554,7,20944.25,1
32,20254,54,368.25454545454545,1
51,30908,11,2575.6666666666665,1
89,164722,21,7487.363636363636,0
51,172919,32,5239.969696969697,1
65,119988,3,29997.0,1
74,168815,37,4442.5,1
22,199844,59,3330.733333333333,0
53,25800,91,280.4347826086956,1
84,48440,3,12110.0,0
78,72640,78,919.493670886076,0
78,105524,2,35174.666666666664,1
60,193472,77,2480.4102564102564,1
63,76263,60,1250.2131147540983,1
26,60083,64,924.3538461538461,0
66,91958,95,957.8958333333334,0
42,103616,43,2354.909090909091,0
38,192064,42,4466.604651162791,0
76,134588,19,6729.4,1
27,62238,6,8891.142857142857,0
19,83366,84,980.7764705882353,0
47,26284,44,584.0888888888888,0
86,140935,59,2348.9166666666665,0
23,36045,91,391.79347826086956,1
78,25103,61,404.88709677419354,0
76,142986,84,1682.1882352941177,1
18,64650,27,2308.9285714285716,0
49,58797,97,599.969387755102,0
68,155941,25,5997.7307692307695,1
86,167263,51,3216.596153846154,1
68,70664,30,2279.483870967742,0
21,69810,41,1662.142857142857,0
32,23992,68,347.71014492753625,1
32,79773,85,927.5930232558139,0
79,189170,28,6523.103448275862,1
45,198667,63,3104.171875,1
75,192837,18,10149.315789473685,0
58,74376,60,1219.27868852459,1
61,74052,14,4936.8,1
70,95052,15,5940.75,1
20,189657,58,3214.5254237288136,1
50,112825,96,1163.1443298969073,0
38,141650,33,4166.176470588235,0
33,91399,67,1344.1029411764705,0
86,165861,64,2551.7076923076925,1
39,25673,60,420.8688524590164,0
41,102346,51,1968.1923076923076,1
86,175864,29,5862.133333333333,1
34,172338,32,5222.363636363636,1
45,155114,68,2248.0289855072465,0
31,148434,25,5709.0,0
70,167537,55,2991.7321428571427,0
75,59926,67,881.2647058823529,1
25,87063,30,2808.483870967742,0
48,121304,90,1333.010989010989,0
56,199929,91,2173.141304347826,0
51,130702,71,1815.3055555555557,1
35,131224,85,1525.860465116279,0
62,102780,98,1038.1818181818182,1
63,146794,55,2621.3214285714284,0
72,151788,25,5838.0,0
63,141277,57,2435.810344827586,1
47,62244,82,749.9277108433735,1
21,150414,3,37603.5,0
39,131096,26,4855.407407407408,1
90,176216,76,2288.5194805194806,1
63,145975,92,1569.6236559139784,0
77,74636,92,802.5376344086021,0
74,75736,4,15147.2,1
44,93599,16,5505.823529411765,1
35,107838,56,1891.8947368421052,1
50,74274,53,1375.4444444444443,0
54,97746,63,1527.28125,0
76,170937,13,12209.785714285714,1
19,190828,8,21203.11111111111,0
38,64886,81,791.2926829268292,0
82,190851,76,2478.5844155844156,1
46,44358,34,1267.3714285714286,0
50,77240,9,7724.0,0
75,193544,63,3024.125,1
78,27270,79,340.875,1
89,98776,85,1148.5581395348838,1
18,77950,1,38975.0,1
74,33349,92,358.59139784946234,0
63,171624,82,2067.759036144578,1
74,135680,66,2025.0746268656717,1
65,125759,16,7397.588235294118,0
22,80538,90,885.032967032967,1
74,188696,78,2388.5569620253164,1
50,86503,65,1310.6515151515152,1
66,27965,51,537.7884615384615,0
69,182211,97,1859.295918367347,0
34,192137,1,96068.5,1
44,181602,18,9558.0,1
55,174671,8,19407.88888888889,1
84,100580,41,2394.7619047619046,0
80,72354,57,1247.4827586206898,0
75,35220,30,1136.1290322580646,1
53,169594,96,1748.3917525773195,1
62,41169,45,894.9782608695652,1
86,121956,74,1626.08,1
24,144183,5,24030.5,0
70,64108,78,811.493670886076,0
70,125959,15,7872.4375,0
73,53760,85,625.1162790697674,1
89,102897,57,1774.0862068965516,1
34,144092,32,4366.424242424242,0
86,110239,61,1778.0483870967741,1
72,189609,49,3792.18,0
34,91418,8,10157.555555555555,1
75,49367,42,1148.0697674418604,1
27,186366,18,9808.736842105263,1
58,35397,12,2722.846153846154,1
71,141087,71,1959.5416666666667,1
47,127726,41,3041.095238095238,1
24,184336,47,3840.3333333333335,1
24,138878,7,17359.75,0
57,133938,34,3826.8,1
69,49332,31,1541.625,1
85,36989,20,1761.3809523809523,0
66,175112,51,3367.5384615384614,1
70,85351,50,1673.549019607843,1
56,59125,66,882.4626865671642,1
81,65901,74,878.68,1
77,31070,98,313.83838383838383,1
33,29761,63,465.015625,1
35,110275,24,4411.0,1
33,157711,77,2021.9358974358975,0
22,159699,56,2801.7368421052633,0
88,119743,24,4789.72,0
61,56613,85,658.2906976744187,1
78,54573,72,747.5753424657535,0
83,173694,45,3775.9565217391305,1
49,25850,56,453.50877192982455,1
64,137746,83,1639.8333333333333,0
26,36617,27,1307.75,0
43,46724,64,718.8307692307692,0
47,29524,73,398.97297297297297,1
34,181487,12,13960.538461538461,0
62,149996,76,1948.0,1
83,141849,55,2533.0178571428573,0
23,145036,18,7633.473684210527,0
26,70328,30,2268.6451612903224,1
22,158702,93,1688.3191489361702,0
86,161795,16,9517.35294117647,0
75,92610,66,1382.2388059701493,0
77,110646,43,2514.681818181818,1
41,180634,45,3926.8260869565215,1
90,89325,65,1353.409090909091,0
54,181298,35,5036.055555555556,1
56,158331,43,3598.431818181818,0
73,39626,39,990.65,1
26,139542,1,69771.0,0
58,114392,90,1257.0549450549452,0
74,121217,84,1426.0823529411764,0
30,163177,55,2913.875,1
33,156307,66,2332.9402985074626,0
81,106952,54,1944.581818181818,1
37,135736,42,3156.6511627906975,0
60,47636,24,1905.44,1
31,132124,26,4893.481481481482,1
58,58085,38,1489.3589743589744,1
35,34055,43,773.9772727272727,0
25,94854,19,4742.7,1
21,23783,43,540.5227272727273,1
76,46497,22,2021.608695652174,0
53,160262,52,3023.811320754717,1
31,64246,63,1003.84375,0
56,110555,11,9212.916666666666,1
52,85535,99,855.35,0
32,107445,36,2903.9189189189187,0
46,74801,17,4155.611111111111,0
37,59338,61,957.0645161290323,1
78,102653,49,2053.06,0
34,199104,91,2164.1739130434785,1
42,32595,91,354.29347826086956,0
25,160939,100,1593.4554455445545,0
21,119951,78,1518.367088607595,1
71,81565,78,1032.4683544303798,0
53,69089,22,3003.8695652173915,0
68,117794,7,14724.25,0
35,169897,9,16989.7,0
18,142765,2,47588.333333333336,0
31,113776,6,16253.714285714286,0
68,122630,12,9433.076923076924,1
69,149905,43,3406.931818181818,0
58,188905,33,5556.029411764706,0
72,162029,85,1884.0581395348838,0
51,194002,59,3233.366666666667,0
20,130428,87,1482.1363636363637,0
83,134078,78,1697.1898734177216,0
47,122945,99,1229.45,1
60,90526,26,3352.814814814815,0
31,196047,77,2513.423076923077,0
40,47634,12,3664.153846153846,1
21,92523,41,2202.9285714285716,1
86,76216,97,777.7142857142857,0
43,80044,71,1111.7222222222222,0
25,184370,60,3022.4590163934427,0
30,135739,79,1696.7375,1
50,58093,88,652.7303370786517,1
50,165504,44,3677.866666666667,0
45,97779,18,5146.263157894737,1
77,43020,100,425.94059405940595,0
61,83995,19,4199.75,1
80,143615,14,9574.333333333334,1
78,54295,14,3619.6666666666665,0
26,59024,72,808.5479452054794,1
72,161619,97,1649.1734693877552,1
21,128580,61,2073.8709677419356,0
49,165478,74,2206.3733333333334,1
29,163339,22,7101.695652173913,1
83,138454,19,6922.7,0
76,60232,84,708.6117647058824,1
51,141914,27,5068.357142857143,1
46,119368,28,4116.137931034483,0
34,79037,13,5645.5,1
32,117748,9,11774.8,0
62,51146,5,8524.333333333334,1
50,179691,50,3523.3529411764707,1
68,53095,100,525.6930693069307,1
84,186731,57,3219.5,1
20,191467,10,17406.090909090908,0
86,73202,70,1031.0140845070423,0
29,121587,65,1842.2272727272727,1
29,167546,50,3285.2156862745096,0
40,174623,69,2494.614285714286,1
89,154321,78,1953.4303797468353,1
77,150741,73,2037.0405405405406,0
83,196056,74,2614.08,0
86,49136,17,2729.777777777778,1
35,50086,23,2086.9166666666665,1
27,49330,18,2596.315789473684,1
71,59179,40,1443.3902439024391,1
50,85933,35,2387.027777777778,1
71,189806,51,3650.1153846153848,1
87,124501,75,1638.171052631579,0
89,164485,83,1958.154761904762,1
75,79830,6,11404.285714285714,1
56,49328,44,1096.1777777777777,0
39,21407,81,261.0609756097561,1
78,94998,19,4749.9,0
72,43793,25,1684.3461538461538,0
86,134904,14,8993.6,1
87,33592,48,685.5510204081633,0
57,92082,39,2302.05,0
31,68879,14,4591.933333333333,0
85,51059,67,750.8676470588235,0
18,98373,60,1612.672131147541,1
77,138717,36,3749.108108108108,1
21,141726,38,3634.0,0
80,23897,96,246.36082474226805,0
53,122639,19,6131.95,1
79,65904,21,2995.6363636363635,0
58,79966,44,1777.0222222222221,0
63,67595,52,1275.377358490566,0
90,38788,6,5541.142857142857,0
76,57541,9,5754.1,0
27,63285,45,1375.7608695652175,0
45,120290,7,15036.25,1
48,176570,24,7062.8,0
33,157631,22,6853.521739130435,1
47,121010,52,2283.2075471698113,1
74,182315,42,4239.883720930233,0
81,73818,28,2545.448275862069,0
55,97390,92,1047.2043010752689,1
71,189470,83,2255.595238095238,1
67,198187,65,3002.8333333333335,1
24,84614,8,9401.555555555555,0
54,34297,71,476.34722222222223,0
21,41802,52,788.7169811320755,0
38,89221,77,1143.8589743589744,1
42,140543,8,15615.888888888889,0
46,150955,72,2067.876712328767,1
83,153152,48,3125.5510204081634,0
86,134432,30,4336.5161290322585,1
79,165252,38,4237.2307692307695,1
27,170276,42,3959.906976744186,1
57,71548,83,851.7619047619048,0
51,195477,38,5012.2307692307695,0
19,179839,71,2497.7638888888887,0
42,24861,17,1381.1666666666667,1
20,132064,69,1886.6285714285714,1
38,126345,95,1316.09375,1
83,171625,10,15602.272727272728,0
39,190939,7,23867.375,1
23,103527,60,1697.1639344262296,0
59,181811,33,5347.382352941177,0
72,127005,89,1411.1666666666667,0
36,147736,46,3143.31914893617,1
35,116927,80,1443.5432098765432,1
36,156946,72,2149.945205479452,1
55,92391,7,11548.875,1
86,156836,42,3647.3488372093025,0
75,190088,8,21120.88888888889,1
21,183620,80,2266.9135802469136,1
73,20584,82,248.0,1
69,102857,9,10285.7,1
56,127361,56,2234.40350877193,1
49,118586,1,59293.0,1
39,164040,31,5126.25,1
42,179744,39,4493.6,1
21,171186,28,5902.9655172413795,1
28,189125,24,7565.0,1
84,86886,21,3949.3636363636365,0
33,122082,14,8138.8,1
36,25346,1,12673.0,0
85,104180,45,2264.782608695652,1
31,52532,14,3502.133333333333,0
78,124908,34,3568.8,0
87,30679,19,1533.95,1
32,116094,63,1813.96875,0
40,181508,73,2452.810810810811,1
33,182479,46,3882.531914893617,0
65,135105,24,5404.2,0
50,106245,29,3541.5,1
23,151865,29,5062.166666666667,0
22,60483,65,916.4090909090909,0
30,31205,57,538.0172413793103,0
46,153569,43,3490.2045454545455,0
51,21903,33,644.2058823529412,1
26,147065,52,2774.811320754717,1
33,195964,65,2969.151515151515,1
56,134320,30,4332.903225806452,0
31,96291,89,1069.9,0
20,63447,56,1113.1052631578948,1
57,94321,39,2358.025,1
60,127990,33,3764.4117647058824,0
18,125705,36,3397.4324324324325,1
39,116003,23,4833.458333333333,1
54,104176,12,8013.538461538462,1
86,31231,49,624.62,1
42,25836,43,587.1818181818181,0
87,108721,31,3397.53125,1
53,119358,64,1836.2769230769231,0
31,194205,27,6935.892857142857,0
86,162754,74,2170.0533333333333,0
59,55851,99,558.51,1
62,53573,35,1488.138888888889,0
44,198292,50,3888.078431372549,1
41,65824,66,982.4477611940298,0
80,124874,16,7345.529411764706,1
77,130890,46,2784.8936170212764,1
40,65323,39,1633.075,0
48,73190,96,754.5360824742268,0
63,36426,95,379.4375,0
45,60403,38,1548.7948717948718,1
46,163084,75,2145.842105263158,0
78,174674,59,2911.233333333333,1
85,85905,67,1263.3088235294117,0
89,113407,65,1718.2878787878788,1
36,20200,32,612.1212121212121,1
51,157796,72,2161.5890410958905,0
22,118941,22,5171.347826086957,0
19,67752,47,1411.5,1
22,194231,24,7769.24,0
51,64703,56,1135.140350877193,1
33,59271,42,1378.3953488372092,1
29,69693,95,725.96875,1
63,157509,99,1575.09,0
60,93999,87,1068.1704545454545,1
44,103649,66,1547.0,1
67,152561,4,30512.2,0
65,122892,48,2508.0,0
32,157585,81,1921.7682926829268,0
79,165909,67,2439.8382352941176,0
53,75713,65,1147.1666666666667,0
89,80758,12,6212.153846153846,1
72,134071,82,1615.313253012048,1
49,95736,74,1276.48,0
55,71500,71,993.0555555555555,1
50,153446,64,2360.7076923076925,0
45,110773,7,13846.625,1
89,169051,17,9391.722222222223,0
26,129536,26,4797.62962962963,0
67,66690,22,2899.5652173913045,1
41,117147,3,29286.75,1
40,83742,35,2326.1666666666665,1
61,185151,15,11571.9375,1
84,119461,69,1706.5857142857142,1
59,67143,45,1459.6304347826087,0
81,192614,59,3210.233333333333,1
80,147822,4,29564.4,1
36,166832,77,2138.871794871795,1
78,139751,14,9316.733333333334,0
75,163724,66,2443.6417910447763,0
80,173946,55,3106.1785714285716,0
88,34491,22,1499.608695652174,1
86,174907,34,4997.342857142857,1
67,143862,96,1483.1134020618556,1
59,96747,54,1759.0363636363636,1
89,149787,84,1762.2,0
75,80189,5,13364.833333333334,1
77,126242,7,15780.25,0
26,20375,38,522.4358974358975,0
52,94822,29,3160.733333333333,0
64,156776,36,4237.189189189189,1
47,192594,63,3009.28125,0
85,92315,26,3419.074074074074,0
67,50014,92,537.7849462365591,1
25,28858,97,294.46938775510205,1
49,21186,65,321.0,0
88,141544,94,1489.9368421052632,0
43,74693,38,1915.2051282051282,1
19,158701,98,1603.040404040404,0
49,95948,85,1115.6744186046512,0
32,37342,53,691.5185185185185,1
33,63846,26,2364.6666666666665,1
26,32132,75,422.7894736842105,1
76,104955,53,1943.611111111111,1
47,191564,17,10642.444444444445,0
72,94387,42,2195.046511627907,0
53,164601,84,1936.4823529411765,1
21,76909,45,1671.9347826086957,0
89,188429,21,8564.954545454546,1
36,150448,69,2149.2571428571428,1
64,140031,27,5001.107142857143,0
65,52366,67,770.0882352941177,0
50,181111,59,3018.516666666667,1
70,110110,22,4787.391304347826,1
54,74109,49,1482.18,1
62,185374,65,2808.6969696969695,1
75,159735,67,2349.044117647059,0
40,199559,45,4338.239130434783,1
52,71025,11,5918.75,0
28,66067,32,2002.030303030303,0
22,100939,66,1506.55223880597,1
35,137136,68,1987.4782608695652,1
25,40422,38,1036.4615384615386,0
87,79762,32,2417.030303030303,1
29,58375,47,1216.1458333333333,0
55,112801,59,1880.0166666666667,1
54,133707,21,6077.590909090909,1
37,100222,5,16703.666666666668,0
43,123836,74,1651.1466666666668,0
38,59349,42,1380.2093023255813,1
25,97507,9,9750.7,1
19,176022,6,25146.0,0
86,41990,96,432.88659793814435,0
34,41824,50,820.0784313725491,1
70,83328,96,859.0515463917526,0
45,67072,18,3530.1052631578946,1
30,74822,91,813.2826086956521,1
70,155001,88,1741.5842696629213,1
37,168979,27,6034.964285714285,1
61,36897,72,505.43835616438355,1
41,39199,18,2063.1052631578946,0
53,111839,2,37279.666666666664,1
84,85271,83,1015.1309523809524,1
35,47274,34,1350.6857142857143,0
49,20184,61,325.5483870967742,1
30,73663,74,982.1733333333333,0
49,140505,15,8781.5625,1
87,86632,32,2625.212121212121,1
73,100868,96,1039.8762886597938,0
62,145143,15,9071.4375,1
67,165729,19,8286.45,1
49,61459,26,2276.259259259259,1
68,116811,37,3073.9736842105262,0
45,36255,92,389.83870967741933,1
57,48228,34,1377.942857142857,0
57,171804,70,2419.774647887324,0
45,78355,77,1004.5512820512821,0
26,135620,91,1474.1304347826087,0
47,182361,5,30393.5,1
26,176887,1,88443.5,1
80,186578,74,2487.7066666666665,1
88,70573,69,1008.1857142857143,0
74,175675,77,2252.24358974359,1
81,170998,71,2374.972222222222,1
88,138602,58,2349.186440677966,1
31,193109,41,4597.833333333333,1
42,43227,92,464.80645161290323,0
72,96795,9,9679.5,1
35,132749,15,8296.8125,0
18,159461,12,12266.23076923077,1
75,51141,32,1549.7272727272727,0
80,154378,95,1608.1041666666667,1
56,182180,99,1821.8,0
57,93714,59,1561.9,0
35,105487,96,1087.4948453608247,1
43,63393,84,745.8,1
76,39456,35,1096.0,1
65,161702,13,11550.142857142857,0
52,94952,84,1117.0823529411764,1
69,78444,37,2064.315789473684,0
85,88057,88,989.4044943820224,1
70,131238,92,1411.1612903225807,1
59,95755,8,10639.444444444445,0
24,176337,85,2050.4302325581393,1
50,107393,10,9763.0,0
38,24558,68,355.9130434782609,1
26,166657,43,3787.659090909091,0
38,30017,71,416.90277777777777,0
69,177719,58,3012.186440677966,1
23,190171,99,1901.71,1
34,198461,96,2045.9896907216496,0
57,45627,77,584.9615384615385,0
79,123737,97,1262.6224489795918,1
88,104796,22,4556.347826086957,1
54,34322,32,1040.060606060606,1
42,20573,39,514.325,1
89,33241,62,527.6349206349206,1
32,88184,44,1959.6444444444444,0
68,128151,36,3463.5405405405404,1
47,39897,40,973.0975609756098,0
42,180533,90,1983.8791208791208,0
23,94356,71,1310.5,0
85,144166,61,2325.2580645161293,1
40,109242,42,2540.5116279069766,0
66,100441,39,2511.025,1
82,149707,82,1803.698795180723,1
57,126129,40,3076.317073170732,1
55,180178,23,7507.416666666667,0
46,32540,84,382.8235294117647,0
31,51663,23,2152.625,0
33,103943,77,1332.6025641025642,1
48,170601,88,1916.8651685393259,0
70,172772,3,43193.0,1
59,126220,13,9015.714285714286,1
88,168673,23,7028.041666666667,0
24,46059,76,598.1688311688312,0
49,95089,5,15848.166666666666,1
54,126248,67,1856.5882352941176,0
90,30160,100,298.61386138613864,0
34,99627,62,1581.3809523809523,1
45,155437,61,2507.048387096774,1
85,114615,18,6032.368421052632,1
26,110519,57,1905.5,1
73,22723,57,391.7758620689655,1
65,93194,69,1331.3428571428572,0
54,66184,92,711.6559139784946,1
57,58599,76,761.025974025974,1
52,159633,58,2705.64406779661,1
90,59055,14,3937.0,0
85,193187,24,7727.48,0
40,35302,11,2941.8333333333335,1
23,151776,47,3162.0,0
46,67249,43,1528.3863636363637,0
67,84892,20,4042.4761904761904,0
61,58141,74,775.2133333333334,0
41,94375,6,13482.142857142857,0
22,136361,91,1482.1847826086957,1
51,167632,72,2296.328767123288,1
64,77692,71,1079.0555555555557,1
41,157947,21,7179.409090909091,1
76,142742,71,1982.5277777777778,0
72,65312,39,1632.8,0
82,151755,7,18969.375,0
30,77679,33,2284.676470588235,1
74,132028,53,2444.962962962963,0
72,151873,75,1998.328947368421,1
32,79651,81,971.3536585365854,1
69,159431,33,4689.14705882353,0
51,172965,13,12354.642857142857,1
23,177955,47,3707.3958333333335,1
45,155176,76,2015.2727272727273,1
28,154078,87,1750.8863636363637,1
64,153893,30,4964.290322580645,0
73,84848,5,14141.333333333334,0
37,95614,25,3677.4615384615386,0
73,186064,21,8457.454545454546,1
60,121594,55,2171.3214285714284,1
30,173492,56,3043.719298245614,1
42,175395,86,2016.0344827586207,1
31,91128,49,1822.56,0
21,26533,89,294.81111111111113,1
66,180034,93,1915.2553191489362,0
89,77030,68,1116.376811594203,1
22,29748,78,376.55696202531647,0
78,187325,8,20813.88888888889,0
31,176929,24,7077.16,1
60,48128,22,2092.521739130435,0
47,25179,17,1398.8333333333333,1
43,155992,79,1949.9,1
25,102626,20,4886.952380952381,1
26,148595,85,1727.8488372093022,1
59,117788,11,9815.666666666666,0
33,101277,31,3164.90625,0
25,92652,78,1172.8101265822784,1
75,160740,72,2201.917808219178,1
62,51530,59,858.8333333333334,1
51,54168,78,685.6708860759494,0
38,165420,32,5012.727272727273,1
57,198713,66,2965.865671641791,1
21,43764,11,3647.0,1
58,81115,40,1978.4146341463415,1
64,67203,91,730.4673913043479,0
86,88322,64,1358.8,0
24,37671,4,7534.2,0
61,106746,17,5930.333333333333,0
80,78304,23,3262.6666666666665,0
22,150201,86,1726.448275862069,0
35,106478,57,1835.8275862068965,1
38,28378,90,311.84615384615387,0
58,90778,96,935.8556701030927,1
20,119175,16,7010.294117647059,0
74,199904,25,7688.615384615385,0
85,21751,78,275.32911392405066,1
25,99825,14,6655.0,0
22,75650,87,859.6590909090909,0
56,121032,80,1494.2222222222222,0
60,54041,26,2001.5185185185185,1
71,43250,46,920.2127659574468,0
56,55279,31,1727.46875,1
30,30192,87,343.09090909090907,0
42,127647,72,1748.5890410958905,1
27,67832,50,1330.0392156862745,0
64,136898,72,1875.3150684931506,0
61,46349,67,681.6029411764706,0
39,177971,85,2069.4302325581393,0
58,128774,71,1788.5277777777778,1
29,115847,98,1170.171717171717,0
26,75325,98,760.8585858585859,0
34,183733,29,6124.433333333333,0
36,57765,94,608.0526315789474,0
90,185231,10,16839.18181818182,0
38,75760,42,1761.860465116279,0
59,79056,81,964.0975609756098,1
79,78942,86,907.3793103448276,0
63,128368,90,1410.6373626373627,1
18,136671,25,5256.576923076923,1
21,128040,6,18291.428571428572,0
70,111303,64,1712.3538461538462,1
44,198632,50,3894.7450980392155,1
62,82241,39,2056.025,1
58,102055,24,4082.2,0
21,191584,29,6386.133333333333,1
69,20089,15,1255.5625,1
77,21428,13,1530.5714285714287,1
58,21390,21,972.2727272727273,1
28,160208,41,3814.4761904761904,0
69,167246,98,1689.3535353535353,1
88,136767,39,3419.175,0
75,195114,81,2379.439024390244,0
37,81134,59,1352.2333333333333,1
19,95919,66,1431.6268656716418,1
60,184577,35,5127.138888888889,0
39,121555,92,1307.0430107526881,1
56,67269,50,1319.0,1
77,78047,74,1040.6266666666668,1
88,173538,71,2410.25,1
43,117409,84,1381.2823529411764,0
50,83489,28,2878.9310344827586,1
23,186959,67,2749.3970588235293,0
46,90304,88,1014.6516853932584,1
66,92434,95,962.8541666666666,0
55,56735,79,709.1875,0
50,167115,19,8355.75,0
82,198038,80,2444.9135802469136,0
56,175692,53,3253.5555555555557,0
56,22437,71,311.625,1
46,58559,70,824.7746478873239,0
44,143346,75,1886.1315789473683,0
58,124143,84,1460.5058823529412,0
73,25044,78,317.0126582278481,1
51,194947,94,2052.073684210526,0
25,110883,30,3576.8709677419356,1
51,110730,95,1153.4375,0
37,117091,33,3443.8529411764707,0
60,80113,92,861.4301075268817,0
41,69338,49,1386.76,0
60,106506,15,6656.625,0
64,105494,44,2344.311111111111,0
60,148311,99,1483.11,1
85,160457,17,8914.277777777777,1
62,181297,67,2666.1323529411766,1
43,155566,23,6481.916666666667,1
57,157043,17,8724.611111111111,0
90,47873,54,870.4181818181818,0
47,33486,80,413.4074074074074,0
77,172617,75,2271.2763157894738,0
64,40200,11,3350.0,0
34,71357,62,1132.6507936507937,1
85,104903,62,1665.126984126984,0
66,85785,20,4085.0,1
30,185655,61,2994.435483870968,1
29,43314,22,1883.2173913043478,1
75,39903,91,433.7282608695652,0
85,182437,1,91218.5,1
55,70873,43,1610.75,0
55,130457,67,1918.485294117647,1
28,46665,18,2456.0526315789475,1
23,61812,66,922.5671641791045,0
41,196615,17,10923.055555555555,0
76,153845,10,13985.90909090909,0
89,134922,24,5396.88,0
44,41636,87,473.1363636363636,0
75,191059,97,1949.5816326530612,1
82,160341,44,3563.133333333333,1
89,95490,58,1618.4745762711864,1
52,50965,5,8494.166666666666,0
38,29963,8,3329.222222222222,0
60,23695,70,333.7323943661972,1
36,24782,32,750.969696969697,0
42,36649,98,370.19191919191917,1
46,135858,2,45286.0,1
66,28466,68,412.5507246376812,0
39,163642,83,1948.1190476190477,1
52,137804,64,2120.0615384615385,0
55,161020,10,14638.181818181818,0
70,163807,36,4427.216216216216,0
33,73929,71,1026.7916666666667,1
53,163989,8,18221.0,1
22,75179,95,783.1145833333334,1
69,125416,54,2280.2909090909093,1
57,117811,34,3366.0285714285715,1
56,91362,93,971.936170212766,1
77,135888,47,2831.0,1
29,172085,5,28680.833333333332,1
88,66408,2,22136.0,1
56,115749,14,7716.6,1
51,104579,57,1803.0862068965516,1
18,148747,89,1652.7444444444445,0
30,164769,3,41192.25,0
33,132489,51,2547.8653846153848,0
71,34307,36,927.2162162162163,0
31,153272,9,15327.2,0
37,46107,63,720.421875,1
69,184609,1,92304.5,0
29,129464,12,9958.76923076923,0
55,134494,63,2101.46875,0
90,63430,35,1761.9444444444443,1
33,128286,36,3467.189189189189,0
49,59612,78,754.5822784810126,0
42,44088,12,3391.3846153846152,0
23,79923,19,3996.15,0
59,133097,56,2335.035087719298,0
78,140622,36,3800.5945945945946,0
29,45640,16,2684.705882352941,0
30,82107,71,1140.375,0
32,137902,96,1421.6701030927834,0
74,195052,92,2097.3333333333335,0
35,167849,42,3903.4651162790697,1
78,47534,28,1639.103448275862,0
76,188252,92,2024.215053763441,1
56,40829,40,995.829268292683,0
72,72448,88,814.0224719101124,1
88,99849,40,2435.3414634146343,0
61,46985,62,745.7936507936508,0
86,177592,28,6123.862068965517,0
85,90620,33,2665.294117647059,1
49,34403,12,2646.3846153846152,0
42,141065,72,1932.3972602739725,1
59,176222,95,1835.6458333333333,1
63,176015,71,2444.652777777778,0
60,50956,81,621.4146341463414,0
25,103374,90,1135.978021978022,0
35,48223,15,3013.9375,0
49,101153,39,2528.825,1
73,86181,57,1485.8793103448277,1
19,83819,87,952.4886363636364,1
86,31651,9,3165.1,0
27,174025,66,2597.3880597014927,0
53,145994,100,1445.4851485148515,0
22,98757,99,987.57,0
28,83001,19,4150.05,1
58,34142,78,432.17721518987344,1
56,134123,53,2483.759259259259,1
68,28690,64,441.38461538461536,0
82,101431,61,1635.983870967742,0
61,54457,99,544.57,1
70,138993,45,3021.586956521739,0
32,38284,100,379.0495049504951,0
30,159664,100,1580.8316831683169,0
72,186601,84,2195.3058823529414,1
31,31703,28,1093.2068965517242,0
71,122454,81,1493.341463414634,0
32,163735,26,6064.259259259259,0
47,189995,33,5588.088235294118,0
79,126912,38,3254.153846153846,0
86,168096,3,42024.0,0
88,89322,41,2126.714285714286,1
51,45967,89,510.74444444444447,1
74,112312,9,11231.2,0
26,96389,79,1204.8625,0
42,137592,59,2293.2,1
56,79190,26,2932.962962962963,0
21,125204,62,1987.3650793650793,1
19,119233,59,1987.2166666666667,0
89,41305,94,434.7894736842105,0
45,51139,100,506.3267326732673,0
36,98116,17,5450.888888888889,0
51,184081,43,4183.659090909091,0
52,69376,58,1175.864406779661,1
27,169202,71,2350.027777777778,1
20,36508,96,376.37113402061857,1
34,100619,72,1378.3424657534247,0
25,87495,97,892.8061224489796,1
54,148763,24,5950.52,1
69,128572,50,2521.0196078431372,0
24,145311,8,16145.666666666666,1
27,176041,2,58680.333333333336,1
35,93281,25,3587.730769230769,0
69,105635,91,1148.2065217391305,1
47,96373,94,1014.4526315789474,1
34,95077,93,1011.4574468085107,1
54,179570,34,5130.571428571428,1
76,107992,64,1661.4153846153847,0
44,132573,73,1791.527027027027,1
20,199493,81,2432.8414634146343,0
76,170225,75,2239.8026315789475,1
42,40555,29,1351.8333333333333,1
81,96520,91,1049.1304347826087,1
53,50750,1,25375.0,0
44,140502,46,2989.404255319149,0
85,84321,84,992.0117647058823,1
18,183255,84,2155.9411764705883,1
72,199890,33,5879.117647058823,0
63,66104,100,654.4950495049505,0
49,117891,6,16841.571428571428,0
56,189223,25,7277.807692307692,1
48,196392,69,2805.6,0
78,104133,40,2539.829268292683,0
27,38446,10,3495.090909090909,0
30,122627,24,4905.08,1
67,191800,95,1997.9166666666667,0
74,181333,58,3073.4406779661017,0
32,66481,45,1445.2391304347825,1
34,134851,21,6129.590909090909,1
38,23266,36,628.8108108108108,0
58,117250,40,2859.756097560976,0
67,31520,39,788.0,0
18,56951,30,1837.1290322580646,1
29,39260,34,1121.7142857142858,1
48,95805,61,1545.241935483871,0
80,104237,86,1198.1264367816093,0
37,45299,15,2831.1875,1
49,33186,61,535.258064516129,1
75,44854,47,934.4583333333334,1
28,35151,62,557.952380952381,0
48,94061,8,10451.222222222223,0
77,198877,12,15298.23076923077,1
48,52682,65,798.2121212121212,1
40,103899,18,5468.368421052632,0
51,131602,92,1415.0752688172042,1
33,121449,34,3469.9714285714285,1
47,183100,67,2692.6470588235293,1
83,193441,19,9672.05,0
32,170629,24,6825.16,0
66,90147,68,1306.4782608695652,0
87,56361,52,1063.4150943396226,1
67,142134,63,2220.84375,1
47,53533,33,1574.5,1
36,137813,13,9843.785714285714,1
83,147773,84,1738.5058823529412,0
76,195401,81,2382.939024390244,0
85,98531,63,1539.546875,1
59,73995,28,2551.551724137931,0
78,53593,99,535.93,1
73,158862,76,2063.1428571428573,0
67,106001,76,1376.6363636363637,0
50,32089,79,401.1125,1
78,22357,84,263.0235294117647,1
27,189193,27,6756.892857142857,0
19,87054,82,1048.8433734939758,1
58,91894,44,2042.088888888889,0
30,69163,69,988.0428571428571,1
18,145042,98,1465.0707070707072,0
72,119322,40,2910.2926829268295,0
87,145549,74,1940.6533333333334,0
51,145794,56,2557.7894736842104,1
23,130727,92,1405.6666666666667,0
65,50599,7,6324.875,1
51,67410,37,1773.9473684210527,0
65,149442,43,3396.409090909091,1
32,87455,78,1107.0253164556962,0
36,89943,20,4283.0,1
32,60873,30,1963.6451612903227,1
79,97564,6,13937.714285714286,1
34,104821,64,1612.6307692307691,0
45,65120,49,1302.4,1
69,63517,37,1671.5,0
28,21275,70,299.6478873239437,0
54,34550,65,523.4848484848485,1
56,109347,28,3770.5862068965516,0
51,20317,57,350.2931034482759,0
37,38115,43,866.25,1
58,158883,59,2648.05,1
38,57409,62,911.2539682539683,1
58,35775,33,1052.2058823529412,0
84,180069,87,2046.2386363636363,0
21,185670,12,14282.307692307691,0
52,22847,93,243.0531914893617,0
72,146391,81,1785.2560975609756,1
82,164821,56,2891.59649122807,1
63,39260,14,2617.3333333333335,1
42,22098,98,223.21212121212122,1
78,144363,69,2062.3285714285716,1
82,50888,22,2212.521739130435,0
37,173170,60,2838.8524590163934,0
89,32602,95,339.6041666666667,0
56,35992,3,8998.0,0
24,98423,17,5467.944444444444,0
85,175132,30,5649.419354838709,1
79,89767,76,1165.8051948051948,0
58,62710,99,627.1,0
21,134082,21,6094.636363636364,1
28,94246,42,2191.767441860465,0
55,70878,32,2147.818181818182,1
83,185551,89,2061.677777777778,1
62,143546,17,7974.777777777777,0
18,84470,39,2111.75,1
57,39376,92,423.39784946236557,1
19,117315,13,8379.642857142857,0
87,158903,82,1914.4939759036145,1
56,143796,80,1775.2592592592594,1
90,150073,28,5174.931034482759,1
28,179800,49,3596.0,1
75,26405,40,644.0243902439024,0
27,61369,36,1658.6216216216217,0
58,158264,56,2776.561403508772,0
60,155391,77,1992.1923076923076,0
40,45477,100,450.26732673267327,0
54,196335,30,6333.387096774193,0
69,108032,31,3376.0,1
48,40070,10,3642.7272727272725,1
71,179021,45,3891.7608695652175,0
52,138383,38,3548.2820512820513,1
32,50325,36,1360.1351351351352,1
65,91499,36,2472.945945945946,0
23,73217,44,1627.0444444444445,0
88,160729,20,7653.761904761905,0
66,128990,45,2804.1304347826085,1
46,171423,47,3571.3125,0
22,62702,61,1011.3225806451613,0
86,199852,73,2700.7027027027025,0
48,24252,52,457.58490566037733,1
63,75266,74,1003.5466666666666,0
48,52659,75,692.8815789473684,0
18,134677,87,1530.4204545454545,0
85,30738,27,1097.7857142857142,1
85,73406,29,2446.866666666667,0
22,99698,50,1954.862745098039,1
23,57250,78,724.6835443037975,1
69,21176,33,622.8235294117648,1
79,121747,53,2254.574074074074,1
58,66856,75,879.6842105263158,0
62,168957,5,28159.5,0
82,101765,84,1197.235294117647,1
42,52034,36,1406.3243243243244,0
18,104410,65,1581.969696969697,0
19,31929,8,3547.6666666666665,1
44,82006,64,1261.6307692307691,0
22,57765,36,1561.2162162162163,1
68,90950,14,6063.333333333333,1
21,182886,62,2902.9523809523807,0
61,65003,60,1065.622950819672,0
21,128818,68,1866.927536231884,1
57,105826,62,1679.7777777777778,1
20,76751,6,10964.42857142857,0
65,146599,93,1559.563829787234,1
66,118442,61,1910.3548387096773,1
25,168328,20,8015.619047619048,1
60,128484,66,1917.6716417910447,0
41,130650,25,5025.0,1
32,124729,38,3198.1794871794873,0
31,54681,14,3645.4,0
75,21729,89,241.43333333333334,0
41,160708,19,8035.4,0
69,34791,54,632.5636363636364,1
22,111388,15,6961.75,0
39,131377,87,1492.9204545454545,1
67,40763,73,550.8513513513514,1
19,41136,7,5142.0,1
53,49427,63,772.296875,1
36,151554,24,6062.16,1
52,84358,66,1259.0746268656717,1
72,162086,30,5228.580645161291,0
40,64674,19,3233.7,1
41,196125,81,2391.768292682927,1
47,175683,57,3029.0172413793102,1
50,142981,32,4332.757575757576,1
41,140104,60,2296.7868852459014,1
70,174219,58,2952.864406779661,1
87,168171,32,5096.090909090909,0
28,29610,16,1741.764705882353,0
18,197840,24,7913.6,0
32,40661,21,1848.2272727272727,1
29,153986,93,1638.1489361702127,1
32,121334,3,30333.5,1
26,41406,20,1971.7142857142858,0
75,77846,47,1621.7916666666667,1
62,28875,16,1698.5294117647059,1
58,74472,97,759.9183673469388,1
89,192938,77,2473.5641025641025,1
38,58332,37,1535.0526315789473,0
29,162462,49,3249.24,0
89,177771,68,2576.391304347826,0
46,187128,89,2079.2,0
73,75923,36,2051.972972972973,1
33,96489,79,1206.1125,1
69,184664,13,13190.285714285714,1
45,91512,42,2128.186046511628,1
73,175061,98,1768.2929292929293,0
73,100389,59,1673.15,0
61,84674,57,1459.896551724138,0
80,59668,50,1169.9607843137255,1
53,42670,92,458.81720430107526,1
51,68306,42,1588.5116279069769,0
69,41980,31,1311.875,0
52,143270,71,1989.861111111111,0
24,187721,90,2062.868131868132,0
58,134970,31,4217.8125,0
20,82303,7,10287.875,0
36,51897,78,656.9240506329114,1
22,104951,76,1363.0,1
19,69803,76,906.5324675324675,0
34,198525,50,3892.6470588235293,1
41,179070,89,1989.6666666666667,1
64,138007,41,3285.8809523809523,0
55,133091,79,1663.6375,0
31,86030,80,1062.0987654320988,0
58,108673,75,1429.907894736842,0
64,142009,90,1560.5384615384614,0
57,179645,78,2273.987341772152,1
73,187448,15,11715.5,0
37,31029,36,838.6216216216217,0
40,195393,10,17763.0,0
80,193324,95,2013.7916666666667,0
51,191263,28,6595.275862068966,1
22,92838,85,1079.5116279069769,0
63,180900,76,2349.3506493506493,1
53,150557,55,2688.5178571428573,1
27,177897,39,4447.425,0
22,151431,92,1628.2903225806451,1
75,194593,27,6949.75,1
51,189743,48,3872.3061224489797,0
43,151256,7,18907.0,1
74,39459,7,4932.375,1
25,143137,44,3180.822222222222,0
40,142367,30,4592.4838709677415,1
25,112584,58,1908.2033898305085,1
24,177246,38,4544.7692307692305,1
53,173244,21,7874.727272727273,1
63,43037,65,652.0757575757576,0
80,131504,62,2087.3650793650795,1
89,51936,97,529.9591836734694,1
84,63855,51,1227.9807692307693,0
28,100392,21,4563.272727272727,0
24,55846,54,1015.3818181818182,0
62,40125,7,5015.625,1
69,138211,71,1919.5972222222222,1
41,148235,96,1528.1958762886597,1
51,46389,91,504.2282608695652,1
50,107491,71,1492.9305555555557,1
30,29750,62,472.22222222222223,1
33,138090,78,1747.9746835443038,0
18,165348,73,2234.4324324324325,1
84,151158,7,18894.75,1
20,39133,44,869.6222222222223,1
83,181635,21,8256.136363636364,1
46,144521,68,2094.5072463768115,0
20,77741,33,2286.5,0
77,122587,4,24517.4,1
63,190919,65,2892.712121212121,0
75,54413,20,2591.095238095238,1
29,102174,51,1964.8846153846155,0
18,133865,73,1808.9864864864865,0
33,24069,14,1604.6,0
55,153877,30,4963.774193548387,1
42,64118,65,971.4848484848485,1
27,33419,44,742.6444444444444,1
63,30125,81,367.3780487804878,0
67,142612,38,3656.7179487179487,0
73,171219,68,2481.4347826086955,0
71,98963,35,2748.972222222222,0
41,23563,3,5890.75,0
67,192757,98,1947.040404040404,0
71,124078,17,6893.222222222223,0
72,21542,61,347.4516129032258,0
78,142334,20,6777.809523809524,1
72,166225,10,15111.363636363636,0
82,144106,27,5146.642857142857,0
18,190347,96,1962.340206185567,0
60,53136,70,748.3943661971831,1
46,147084,36,3975.2432432432433,1
68,173025,46,3681.3829787234044,1
48,36389,77,466.52564102564105,0
88,188189,60,3085.065573770492,0
56,62564,48,1276.8163265306123,1
25,164167,14,10944.466666666667,1
28,175202,14,11680.133333333333,0
28,192538,70,2711.8028169014083,0
76,94624,1,47312.0,1
82,158904,65,2407.6363636363635,1
34,63835,36,1725.2702702702702,1
47,174933,99,1749.33,0
36,156567,63,2446.359375,0
57,114715,45,2493.804347826087,0
45,66961,8,7440.111111111111,0
53,173817,21,7900.772727272727,1
64,160201,11,13350.083333333334,0
32,187512,78,2373.5696202531644,0
46,105299,86,1210.3333333333333,0
38,81568,25,3137.230769230769,0
38,98995,87,1124.9431818181818,1
56,172607,93,1836.2446808510638,0
76,165228,23,6884.5,1
39,42009,4,8401.8,0
71,30186,33,887.8235294117648,0
26,133162,58,2256.9830508474574,1
22,49634,76,644.5974025974026,1
72,126729,20,6034.714285714285,1
64,191347,56,3356.964912280702,1
46,43245,95,450.46875,0
51,184981,80,2283.716049382716,0
64,121831,49,2436.62,1
72,130859,36,3536.7297297297296,0
28,198353,23,8264.708333333334,0
80,141526,56,2482.9122807017543,0
51,124167,58,2104.5254237288136,1
71,44569,51,857.0961538461538,1
74,50234,69,717.6285714285714,0
69,146040,1,73020.0,0
64,98568,28,3398.896551724138,1
32,115928,84,1363.8588235294117,1
53,163823,91,1780.6847826086957,1
38,162986,2,54328.666666666664,1
67,63804,17,3544.6666666666665,0
19,128210,83,1526.3095238095239,0
19,169831,88,1908.2134831460673,0
47,149570,9,14957.0,0
38,64984,24,2599.36,1
90,59247,73,800.6351351351351,1
28,134401,73,1816.2297297297298,1
85,108707,76,1411.7792207792209,1
33,159207,76,2067.6233766233768,0
68,102064,90,1121.5824175824175,1
79,42240,20,2011.4285714285713,1
55,140057,98,1414.7171717171718,1
30,150059,5,25009.833333333332,0
78,138708,61,2237.2258064516127,0
85,68162,23,2840.0833333333335,0
80,88886,81,1083.9756097560976,0
79,162936,63,2545.875,0
77,20219,62,320.93650793650795,0
87,178249,68,2583.31884057971,0
85,96795,88,1087.5842696629213,1
45,89023,75,1171.3552631578948,1
30,67020,73,905.6756756756756,1
59,157931,28,5445.896551724138,0
64,84889,19,4244.45,0
22,168650,37,4438.1578947368425,0
52,138022,66,2060.0298507462685,1
65,199543,50,3912.607843137255,1
87,154350,88,1734.2696629213483,0
52,185776,13,13269.714285714286,0
18,186738,61,3011.9032258064517,0
78,114975,93,1223.1382978723404,0
59,41046,81,500.5609756097561,1
78,67046,17,3724.777777777778,0
39,172947,80,2135.1481481481483,1
56,190186,100,1883.029702970297,1
64,45821,99,458.21,0
54,66618,91,724.1086956521739,1
70,147449,83,1755.345238095238,0
57,22756,92,244.68817204301075,1
44,121178,76,1573.7402597402597,0
43,108176,51,2080.3076923076924,0
52,134564,91,1462.6521739130435,1
38,98098,85,1140.6744186046512,1
39,22991,75,302.5131578947368,0
79,128346,64,1974.553846153846,0
27,25706,22,1117.6521739130435,1
53,23895,84,281.11764705882354,0
81,76163,30,2456.8709677419356,1
42,47894,4,9578.8,0
31,73736,56,1293.6140350877192,1
88,47369,18,2493.1052631578946,1
30,160576,11,13381.333333333334,0
20,146396,23,6099.833333333333,0
69,54026,52,1019.3584905660377,1
75,168173,44,3737.177777777778,0
38,148057,76,1922.8181818181818,1
48,153857,80,1899.469135802469,1
22,127337,41,3031.8333333333335,0
71,69684,94,733.5157894736842,0
56,115662,67,1700.9117647058824,1
54,108472,64,1668.8,1
56,146780,60,2406.2295081967213,1
46,117312,51,2256.0,1
52,99971,53,1851.3148148148148,0
62,198478,50,3891.725490196078,1
82,166585,39,4164.625,0
52,150286,33,4420.176470588235,1
22,58853,49,1177.06,0
76,184939,79,2311.7375,0
65,92110,75,1211.9736842105262,1
27,44794,41,1066.5238095238096,1
90,147332,8,16370.222222222223,0
30,156374,96,1612.1030927835052,1
34,190158,8,21128.666666666668,1
59,56846,4,11369.2,1
23,138174,11,11514.5,0
40,49651,45,1079.3695652173913,1
89,76892,71,1067.9444444444443,0
57,81124,72,1111.2876712328766,1
28,158552,77,2032.7179487179487,1
79,151627,99,1516.27,0
61,184076,53,3408.814814814815,1
50,140568,19,7028.4,1
58,75209,80,928.5061728395061,0
72,135424,100,1340.8316831683169,0
20,117363,74,1564.84,0
86,155307,62,2465.190476190476,0
82,162516,85,1889.7209302325582,1
43,42840,12,3295.3846153846152,1
27,86926,85,1010.7674418604652,0
60,156946,85,1824.953488372093,0
35,122545,60,2008.9344262295083,1
18,53619,85,623.4767441860465,0
47,71919,41,1712.357142857143,0
26,59049,26,2187.0,0
79,37902,69,541.4571428571429,0
89,23500,91,255.43478260869566,0
28,46311,74,617.48,0
46,94776,59,1579.6,1
58,128144,5,21357.333333333332,0
44,122820,59,2047.0,1
18,34929,89,388.1,0
27,140867,26,5217.2962962962965,1
89,91699,20,4366.619047619048,1
70,122694,31,3834.1875,0
51,189372,11,15781.0,0
58,36048,4,7209.6,0
81,80277,2,26759.0,1
90,142343,80,1757.320987654321,0
86,173081,98,1748.2929292929293,1
51,21515,62,341.5079365079365,1
39,131075,96,1351.2886597938145,1
36,87591,56,1536.6842105263158,0
54,42225,52,796.6981132075472,0
18,60358,12,4642.923076923077,1
55,187576,7,23447.0,0
80,38794,50,760.6666666666666,1
60,64171,43,1458.4318181818182,1
66,118931,24,4757.24,0
86,50949,94,536.3052631578947,0
28,185745,22,8075.869565217391,1
44,50337,58,853.1694915254237,0
27,122134,19,6106.7,1
83,99598,26,3688.814814814815,1
52,179906,73,2431.162162162162,1
67,97207,8,10800.777777777777,1
30,167479,10,15225.363636363636,1
27,37149,93,395.20212765957444,1
75,124144,54,2257.163636363636,1
42,184301,15,11518.8125,1
76,134957,75,1775.75,1
61,129391,23,5391.291666666667,0
73,26781,47,557.9375,1
42,116773,9,11677.3,1
44,52823,5,8803.833333333334,0
83,175458,41,4177.571428571428,0
79,154154,9,15415.4,1
65,79560,12,6120.0,1
29,172550,51,3318.269230769231,1
76,176627,36,4773.7027027027025,0
83,27017,54,491.2181818181818,1
63,44903,61,724.241935483871,0
35,143873,50,2821.0392156862745,1
89,104684,76,1359.5324675324675,0
62,29237,72,400.5068493150685,0
62,137838,41,3281.8571428571427,0
68,57604,46,1225.6170212765958,1
78,118335,76,1536.8181818181818,1
76,124799,100,1235.6336633663366,1
56,82586,67,1214.5,0
65,106533,77,1365.8076923076924,0
78,35800,2,11933.333333333334,0
68,72175,72,988.6986301369863,0
73,191600,70,2698.5915492957747,0
35,100175,95,1043.4895833333333,1
87,97807,76,1270.2207792207791,0
71,194974,73,2634.7837837837837,1
19,134579,82,1621.433734939759,1
77,63580,2,21193.333333333332,1
66,164334,3,41083.5,0
31,41970,23,1748.75,1
74,136978,26,5073.259259259259,0
29,26172,22,1137.9130434782608,1
76,142948,37,3761.7894736842104,0
88,187239,6,26748.428571428572,0
68,28898,96,297.91752577319585,0
70,159603,4,31920.6,1
63,86569,88,972.685393258427,1
50,171859,47,3580.3958333333335,0
80,62970,84,740.8235294117648,0
85,93068,85,1082.1860465116279,0
24,121573,16,7151.35294117647,0
45,142788,46,3038.0425531914893,0
83,107117,70,1508.6901408450703,0
88,88015,62,1397.063492063492,1
69,81847,1,40923.5,1
60,84991,29,2833.0333333333333,0
78,148063,30,4776.225806451613,1
19,165585,90,1819.6153846153845,0
47,86161,87,979.1022727272727,1
62,166010,72,2274.109589041096,0
71,89110,19,4455.5,1
58,38632,96,398.2680412371134,1
59,84890,58,1438.8135593220338,0
45,114074,3,28518.5,1
18,175422,16,10318.941176470587,0
43,88937,50,1743.862745098039,1
31,198216,73,2678.5945945945946,0
64,192101,76,2494.818181818182,0
79,191658,74,2555.44,0
19,51308,84,603.6235294117647,1
25,40636,23,1693.1666666666667,0
57,156684,36,4234.7027027027025,1
33,36334,7,4541.75,1
79,39800,45,865.2173913043479,0
86,168695,27,6024.821428571428,0
50,76619,83,912.1309523809524,1
73,188968,42,4394.604651162791,0
32,190592,95,1985.3333333333333,0
38,199337,30,6430.225806451613,0
51,194318,49,3886.36,0
59,42004,30,1354.967741935484,0
72,79579,78,1007.3291139240506,0
23,183097,81,2232.890243902439,1
69,152819,23,6367.458333333333,1
27,150865,29,5028.833333333333,0
85,110912,84,1304.8470588235293,1
22,86645,50,1698.921568627451,0
41,114174,54,2075.890909090909,1
52,25673,73,346.93243243243245,0
79,141582,68,2051.913043478261,0
86,36598,5,6099.666666666667,0
54,71638,76,930.3636363636364,0
76,156853,73,2119.635135135135,1
54,184475,35,5124.305555555556,0
52,116156,50,2277.5686274509803,0
58,101334,70,1427.2394366197184,1
88,112521,54,2045.8363636363636,0
81,46443,73,627.6081081081081,0
18,22123,75,291.0921052631579,0
50,85357,32,2586.5757575757575,0
46,92047,80,1136.3827160493827,1
34,58327,31,1822.71875,1
54,197013,55,3518.089285714286,1
82,59523,57,1026.2586206896551,1
60,100512,91,1092.5217391304348,0
26,80663,59,1344.3833333333334,1
86,69644,71,967.2777777777778,1
81,184311,21,8377.772727272728,1
70,132818,79,1660.225,0
53,180459,16,10615.235294117647,1
43,108039,43,2455.431818181818,1
49,172335,10,15666.818181818182,0
88,136703,55,2441.125,0
24,106157,65,1608.439393939394,1
81,50213,38,1287.5128205128206,1
89,121903,38,3125.7179487179487,0
34,55110,38,1413.076923076923,0
38,157866,31,4933.3125,1
51,160731,17,8929.5,1
57,190817,93,2029.968085106383,1
46,169659,22,7376.478260869565,1
68,132533,90,1456.4065934065934,1
23,76221,1,38110.5,1
23,85850,25,3301.923076923077,1
28,137796,53,2551.777777777778,0
19,148469,76,1928.1688311688313,1
67,126116,75,1659.421052631579,1
28,152379,27,5442.107142857143,0
24,44381,98,448.2929292929293,1
32,127137,93,1352.5212765957447,0
65,107650,3,26912.5,1
53,51690,46,1099.787234042553,0
72,186362,81,2272.7073170731705,1
32,135861,70,1913.5352112676057,1
73,110112,82,1326.6506024096386,1
87,70957,77,909.7051282051282,0
25,154146,82,1857.1807228915663,0
67,23168,24,926.72,0
18,171118,20,8148.476190476191,1
30,45778,55,817.4642857142857,0
59,190834,13,13631.0,1
68,106261,47,2213.7708333333335,0
62,33654,13,2403.8571428571427,0
57,199676,83,2377.095238095238,1
89,148616,10,13510.545454545454,1
69,43185,79,539.8125,0
84,111536,32,3379.878787878788,1
42,142568,72,1952.986301369863,1
22,73815,61,1190.5645161290322,1
26,48172,64,741.1076923076923,1
81,50143,57,864.5344827586207,0
32,56124,1,28062.0,1
74,51239,12,3941.4615384615386,0
46,169298,62,2687.2698412698414,1
66,21343,87,242.5340909090909,0
87,181956,97,1856.6938775510205,1
75,131443,38,3370.3333333333335,0
24,93204,78,1179.7974683544303,0
41,87935,34,2512.4285714285716,1
61,160189,49,3203.78,1
24,171996,13,12285.42857142857,1
69,58172,27,2077.5714285714284,0
62,68110,57,1174.3103448275863,0
58,114147,33,3357.264705882353,1
80,177638,19,8881.9,1
75,83092,7,10386.5,1
24,77789,18,4094.157894736842,0
64,44706,6,6386.571428571428,0
76,24796,98,250.46464646464648,0
27,187286,56,3285.719298245614,0
87,188693,97,1925.438775510204,0
51,55449,15,3465.5625,0
47,170478,85,1982.3023255813953,1
69,166319,16,9783.470588235294,0
35,131731,57,2271.2241379310344,1
87,125254,82,1509.0843373493976,0
24,45257,56,793.9824561403509,0
61,76806,25,2954.076923076923,0
53,188316,85,2189.720930232558,0
85,179665,37,4728.026315789473,1
53,82634,28,2849.448275862069,0
66,117768,49,2355.36,1
43,160048,98,1616.6464646464647,1
56,82746,55,1477.607142857143,1
71,110685,45,2406.195652173913,0
29,73030,86,839.4252873563219,1
56,60266,59,1004.4333333333333,1
45,58690,42,1364.8837209302326,1
18,93831,67,1379.8676470588234,0
74,149404,31,4668.875,1
19,93812,91,1019.695652173913,0
47,22917,33,674.0294117647059,0
70,91180,97,930.4081632653061,1
18,116357,36,3144.7837837837837,1
44,89390,93,950.9574468085107,1
66,83642,49,1672.84,1
25,131052,22,5697.913043478261,0
32,191370,16,11257.058823529413,1
35,30204,30,974.3225806451613,1
82,116446,77,1492.8974358974358,0
72,44734,79,559.175,1
19,80135,97,817.704081632653,0
73,29929,29,997.6333333333333,1
49,38434,80,474.4938271604938,1
29,197430,82,2378.6746987951806,1
25,74139,63,1158.421875,0
64,122365,84,1439.5882352941176,1
86,53294,31,1665.4375,0
40,35472,71,492.6666666666667,0
35,36425,5,6070.833333333333,1
34,135947,11,11328.916666666666,0
68,117804,50,2309.8823529411766,0
21,165503,98,1671.7474747474748,0
41,107443,50,2106.725490196078,1
56,109190,88,1226.8539325842696,0
73,50841,68,736.8260869565217,1
38,51000,31,1593.75,0
51,78604,68,1139.1884057971015,0
80,32817,80,405.14814814814815,0
47,25894,18,1362.842105263158,0
67,178100,58,3018.64406779661,0
90,161951,8,17994.555555555555,0
84,137534,66,2052.7462686567164,1
30,42229,28,1456.1724137931035,0
89,22809,57,393.2586206896552,1
66,190512,50,3735.529411764706,0
81,73258,47,1526.2083333333333,1
78,107979,95,1124.78125,1
47,197178,19,9858.9,1
60,100950,39,2523.75,0
29,179754,65,2723.5454545454545,1
90,191323,97,1952.2755102040817,1
85,155227,19,7761.35,0
61,191155,40,4662.317073170731,1
61,98064,64,1508.676923076923,1
30,20206,16,1188.5882352941176,1
63,107302,62,1703.2063492063492,1
72,135782,54,2468.7636363636366,1
56,178824,78,2263.5949367088606,0
20,103133,43,2343.931818181818,1
34,184492,56,3236.7017543859647,1
39,113582,32,3441.878787878788,0
69,92532,53,1713.5555555555557,0
51,132330,59,2205.5,0
55,55608,29,1853.6,1
41,44268,40,1079.7073170731708,1
20,52204,54,949.1636363636363,1
78,186166,8,20685.11111111111,1
31,86494,21,3931.5454545454545,1
36,115850,42,2694.186046511628,0
32,159946,60,2622.065573770492,0
34,199919,50,3919.9803921568628,1
33,34123,57,588.3275862068965,1
56,74342,93,790.8723404255319,0
24,80891,69,1155.5857142857142,1
34,20765,82,250.18072289156626,1
79,164813,61,2658.2741935483873,0
85,44316,8,4924.0,1
56,21370,30,689.3548387096774,0
78,143537,69,2050.5285714285715,0
34,114383,82,1378.1084337349398,0
44,176557,22,7676.391304347826,0
20,60196,75,792.0526315789474,0
23,79516,79,993.95,1
65,123161,28,4246.931034482759,1
43,85785,48,1750.7142857142858,1
35,74402,65,1127.3030303030303,0
35,177543,4,35508.6,1
39,70546,98,712.5858585858585,0
39,81673,61,1317.3064516129032,1
75,186467,49,3729.34,1
55,161285,37,4244.3421052631575,0
79,180099,50,3531.3529411764707,1
81,64584,44,1435.2,1
90,121122,74,1614.96,1
51,122671,55,2190.5535714285716,0
75,29075,24,1163.0,1
84,112241,81,1368.7926829268292,1
86,131452,31,4107.875,1
64,189450,51,3643.269230769231,0
30,39129,94,411.88421052631577,0
66,167376,60,2743.8688524590166,0
33,32694,30,1054.6451612903227,0
37,21615,43,491.25,0
75,154668,24,6186.72,0
41,39666,14,2644.4,1
26,89932,76,1167.948051948052,1
81,177853,19,8892.65,1
57,78617,48,1604.4285714285713,1
80,164700,53,3050.0,0
19,134116,60,2198.622950819672,0
26,55298,33,1626.4117647058824,0
28,67047,81,817.6463414634146,1
64,142915,67,2101.6911764705883,1
29,116859,8,12984.333333333334,1
36,103135,16,6066.764705882353,1
19,73031,70,1028.605633802817,1
63,51888,100,513.7425742574258,0
37,50157,65,759.9545454545455,0
77,131461,58,2228.1525423728813,1
57,20575,32,623.4848484848485,1
77,87295,41,2078.4523809523807,0
55,192499,86,2212.632183908046,0
38,187157,71,2599.402777777778,0
84,195881,75,2577.3815789473683,1
55,107923,94,1136.0315789473684,0
20,199963,99,1999.63,0
46,70557,78,893.126582278481,1
47,71987,53,1333.0925925925926,1
70,138921,33,4085.9117647058824,0
88,23477,83,279.48809523809524,0
55,159702,47,3327.125,1
65,182311,91,1981.641304347826,1
90,95957,8,10661.888888888889,0
58,62434,54,1135.1636363636364,0
90,137873,23,5744.708333333333,1
79,173980,85,2023.0232558139535,1
62,134389,80,1659.1234567901236,1
34,85450,95,890.1041666666666,1
68,143164,95,1491.2916666666667,1
86,28578,79,357.225,1
53,166806,94,1755.8526315789475,0
55,182541,87,2074.3295454545455,0
78,73774,100,730.4356435643564,1
75,60479,8,6719.888888888889,0
58,65322,50,1280.8235294117646,0
25,187386,28,6461.586206896552,1
28,78304,52,1477.433962264151,1
50,43097,26,1596.1851851851852,1
80,193458,66,2887.4328358208954,1
86,88528,52,1670.3396226415093,0
38,39786,31,1243.3125,1
37,74619,37,1963.657894736842,0
50,192481,80,2376.3086419753085,1
39,122431,87,1391.2613636363637,0
53,179038,18,9423.052631578947,0
52,169213,2,56404.333333333336,0
61,104479,25,4018.423076923077,0
25,153857,61,2481.564516129032,1
47,142183,4,28436.6,0
43,43556,26,1613.1851851851852,1
47,56055,73,757.5,1
62,125042,6,17863.14285714286,1
24,137805,27,4921.607142857143,1
54,185368,44,4119.288888888889,1
65,120561,15,7535.0625,0
54,158343,68,2294.8260869565215,0
87,185443,43,4214.613636363636,1
62,27893,68,404.2463768115942,0
90,145939,87,1658.3977272727273,0
36,43404,55,775.0714285714286,0
51,100259,74,1336.7866666666666,0
76,190908,58,3235.728813559322,1
86,61752,22,2684.8695652173915,1
55,160907,64,2475.492307692308,1
25,30546,4,6109.2,0
39,123784,7,15473.0,1
45,103930,39,2598.25,1
21,110598,4,22119.6,0
66,73495,8,8166.111111111111,1
68,71313,53,1320.611111111111,0
81,94200,25,3623.076923076923,1
64,32546,6,4649.428571428572,0
69,86735,44,1927.4444444444443,0
90,52625,88,591.2921348314607,1
72,154752,96,1595.381443298969,0
60,126673,97,1292.5816326530612,0
68,169632,36,4584.648648648648,0
54,188647,22,8202.04347826087,0
38,29812,38,764.4102564102565,0
68,186743,70,2630.1830985915494,0
26,161672,27,5774.0,0
83,182004,94,1915.8315789473684,0
29,166866,67,2453.9117647058824,1
49,37617,81,458.7439024390244,1
22,127065,27,4538.035714285715,0
66,45829,100,453.7524752475247,0
60,169662,22,7376.608695652174,0
74,49289,32,1493.6060606060605,1
36,144986,95,1510.2708333333333,0
83,107969,20,5141.380952380952,1
69,34551,74,460.68,1
36,171142,37,4503.736842105263,0
81,104805,73,1416.2837837837837,1
46,76323,84,897.9176470588235,1
34,80153,13,5725.214285714285,0
65,42523,90,467.2857142857143,0
43,197928,8,21992.0,1
23,39238,3,9809.5,1
75,122810,86,1411.6091954022988,1
85,122186,90,1342.7032967032967,1
47,68927,57,1188.396551724138,0
27,36897,94,388.38947368421054,0
46,27800,62,441.26984126984127,1
22,26270,10,2388.181818181818,1
86,182585,66,2725.1492537313434,1
73,78364,62,1243.873015873016,1
47,55091,58,933.7457627118644,0
65,167925,17,9329.166666666666,0
40,83498,77,1070.4871794871794,1
56,98022,1,49011.0,1
58,130004,63,2031.3125,0
32,69150,10,6286.363636363636,0
63,168907,20,8043.190476190476,1
79,63283,53,1171.9074074074074,1
89,68960,5,11493.333333333334,1
42,31626,12,2432.769230769231,0
44,175105,94,1843.2105263157894,1
82,142302,6,20328.85714285714,0
71,34610,20,1648.095238095238,1
82,173473,92,1865.3010752688172,1
21,143193,14,9546.2,1
64,38031,78,481.40506329113924,1
18,98403,21,4472.863636363636,0
69,157059,42,3652.5348837209303,1
59,95554,77,1225.051282051282,1
76,114313,54,2078.418181818182,1
70,196954,21,8952.454545454546,0
59,193354,54,3515.5272727272727,1
21,186776,84,2197.364705882353,0
39,151439,23,6309.958333333333,1
70,72095,29,2403.1666666666665,1
29,196555,54,3573.7272727272725,0
55,46289,35,1285.8055555555557,0
34,43247,37,1138.078947368421,0
20,133550,78,1690.506329113924,0
53,149683,4,29936.6,1
49,65372,42,1520.2790697674418,0
76,20496,52,386.7169811320755,1
32,190513,29,6350.433333333333,1
29,50206,94,528.4842105263158,1
77,186429,28,6428.586206896552,1
34,57780,23,2407.5,1
40,172351,13,12310.785714285714,0
82,75432,47,1571.5,0
58,96512,81,1176.9756097560976,1
78,64046,36,1730.972972972973,0
58,69015,3,17253.75,0
25,53087,19,2654.35,0
18,103070,48,2103.469387755102,1
44,53827,7,6728.375,0
70,134442,55,2400.75,1
86,154075,4,30815.0,0
21,130106,50,2551.098039215686,0
53,176769,22,7685.608695652174,1
30,53170,55,949.4642857142857,0
21,165394,91,1797.7608695652175,1
78,144384,90,1586.6373626373627,1
77,146241,62,2321.285714285714,0
35,198983,33,5852.441176470588,0
34,80840,37,2127.3684210526317,1
69,195575,57,3371.9827586206898,0
55,43900,20,2090.4761904761904,1
45,129383,33,3805.3823529411766,0
35,39410,82,474.8192771084337,0
23,179976,38,4614.7692307692305,1
39,29969,44,665.9777777777778,1
71,188475,13,13462.5,0
85,134267,17,7459.277777777777,1
22,20994,22,912.7826086956521,1
30,62539,6,8934.142857142857,1
34,81746,12,6288.153846153846,0
47,26328,38,675.0769230769231,0
62,141148,41,3360.6666666666665,1
62,77454,53,1434.3333333333333,0
54,43311,16,2547.705882352941,1
54,177125,53,3280.0925925925926,0
29,152539,50,2990.9607843137255,0
75,80248,1,40124.0,0
50,103647,25,3986.423076923077,0
19,179522,11,14960.166666666666,0
57,53070,24,2122.8,0
43,167500,50,3284.3137254901962,0
59,45565,44,1012.5555555555555,0
82,75553,70,1064.1267605633802,1
79,191411,8,21267.88888888889,1
23,141271,43,3210.7045454545455,0
20,159038,63,2484.96875,1
37,91584,95,954.0,1
31,184523,39,4613.075,0
32,35894,33,1055.7058823529412,0
22,96652,56,1695.6491228070176,1
89,68715,43,1561.7045454545455,1
48,184065,19,9203.25,0
50,153306,16,9018.0,0
88,175388,74,2338.5066666666667,1
61,115609,43,2627.4772727272725,1
41,121739,76,1581.025974025974,0
75,38489,22,1673.4347826086957,1
89,195013,11,16251.083333333334,0
38,68921,60,1129.8524590163934,1
23,35933,47,748.6041666666666,0
57,129001,57,2224.155172413793,1
52,186731,10,16975.545454545456,0
51,176688,58,2994.7118644067796,1
19,116554,6,16650.571428571428,0
29,69845,62,1108.6507936507937,1
43,136467,44,3032.6,0
75,82772,94,871.2842105263157,1
83,87193,61,1406.3387096774193,0
72,41724,20,1986.857142857143,1
88,165909,75,2183.0131578947367,1
71,139774,78,1769.2911392405063,1
63,157359,37,4141.026315789473,0
50,89085,44,1979.6666666666667,1
31,147347,60,2415.5245901639346,0
65,58255,79,728.1875,1
88,136166,41,3242.0476190476193,1
71,37596,41,895.1428571428571,0
43,92862,60,1522.327868852459,1
72,87830,36,2373.7837837837837,0
68,79811,78,1010.2658227848101,1
81,32955,32,998.6363636363636,0
78,100301,28,3458.655172413793,1
22,123217,57,2124.4310344827586,1
52,104060,87,1182.5,1
20,167081,25,6426.192307692308,1
37,60583,12,4660.2307692307695,1
33,30671,50,601.3921568627451,0
83,198970,45,4325.434782608696,1
20,83044,44,1845.4222222222222,1
54,21480,63,335.625,0
76,30327,6,4332.428571428572,0
63,52566,73,710.3513513513514,1
73,79269,51,1524.4038461538462,0
24,143443,95,1494.1979166666667,1
69,67771,56,1188.9649122807018,1
80,145101,1,72550.5,0
77,59524,3,14881.0,1
64,111693,61,1801.5,0
80,45165,38,1158.076923076923,0
35,21589,35,599.6944444444445,1
26,147475,17,8193.055555555555,0
69,131998,45,2869.521739130435,1
68,182635,39,4565.875,1
62,179491,21,8158.681818181818,1
18,185527,100,1836.90099009901,1
63,141200,88,1586.5168539325844,1
29,55737,85,648.1046511627907,0
37,113179,35,3143.8611111111113,1
77,87884,18,4625.473684210527,0
68,21753,13,1553.7857142857142,1
73,175068,9,17506.8,0
51,52455,99,524.55,0
59,99007,14,6600.466666666666,1
79,169284,88,1902.0674157303372,0
29,117490,90,1291.098901098901,0
45,171563,49,3431.26,0
46,67191,43,1527.0681818181818,1
89,144817,35,4022.6944444444443,0
48,87953,96,906.7319587628866,1
65,126775,74,1690.3333333333333,0
23,178822,16,10518.941176470587,0
69,121702,76,1580.5454545454545,1
41,164463,88,1847.8988764044943,1
84,147735,20,7035.0,0
61,74488,21,3385.818181818182,1
77,20853,64,320.81538461538463,0
19,95853,87,1089.2386363636363,0
80,150729,14,10048.6,1
47,116844,46,2486.0425531914893,0
24,156470,65,2370.757575757576,1
31,159140,95,1657.7083333333333,1
85,56196,23,2341.5,1
26,67031,62,1063.984126984127,0
76,67594,48,1379.469387755102,1
28,178785,21,8126.590909090909,0
50,31252,19,1562.6,0
58,80369,64,1236.446153846154,1
53,92354,64,1420.8307692307692,1
76,87030,92,935.8064516129032,1
43,46697,57,805.1206896551724,0
55,48132,23,2005.5,0
90,87855,82,1058.4939759036145,1
57,53950,21,2452.2727272727275,0
78,168069,68,2435.782608695652,0
22,179238,50,3514.470588235294,0
58,138580,54,2519.6363636363635,0
74,105593,70,1487.225352112676,1
73,154476,28,5326.758620689655,0
55,158827,34,4537.914285714286,0
26,42568,62,675.6825396825396,0
69,45626,21,2073.909090909091,0
32,45638,73,616.7297297297297,0
64,195458,30,6305.096774193548,0
48,95478,42,2220.4186046511627,1
66,72612,29,2420.4,1
87,187078,11,15589.833333333334,1
47,110143,22,4788.826086956522,0
54,93348,65,1414.3636363636363,0
32,162066,82,1952.6024096385543,1
75,194004,74,2586.72,1
89,27181,83,323.5833333333333,0
86,108169,60,1773.2622950819673,1
62,112548,61,1815.2903225806451,0
23,179706,52,3390.6792452830186,0
89,63275,46,1346.276595744681,1
43,102575,12,7890.384615384615,1
44,146124,47,3044.25,1
45,114766,72,1572.13698630137,1
52,50597,34,1445.6285714285714,0
31,32632,9,3263.2,1
68,192283,62,3052.1111111111113,0
63,141862,72,1943.3150684931506,0
71,28492,42,662.6046511627907,0
71,132360,77,1696.923076923077,1
88,84496,59,1408.2666666666667,0
80,36767,77,471.37179487179486,1
73,75648,52,1427.3207547169811,0
49,103842,27,3708.6428571428573,0
45,45316,52,855.0188679245283,1
47,189487,14,12632.466666666667,0
32,99791,55,1781.982142857143,0
87,46674,13,3333.8571428571427,0
40,195890,30,6319.032258064516,0
83,123185,53,2281.203703703704,1
79,167263,13,11947.357142857143,1
88,129964,33,3822.470588235294,0
44,42331,85,492.22093023255815,0
87,156140,42,3631.1627906976746,0
60,81070,32,2456.6666666666665,1
65,171578,68,2486.6376811594205,0
55,112017,58,1898.593220338983,1
30,27871,59,464.51666666666665,1
54,88486,48,1805.8367346938776,1
47,169589,31,5299.65625,1
37,38663,33,1137.1470588235295,0
40,157831,11,13152.583333333334,1
56,73361,24,2934.44,0
75,124972,76,1623.012987012987,1
48,142716,97,1456.2857142857142,0
80,124883,32,3784.3333333333335,0
88,34694,6,4956.285714285715,0
67,129921,17,7217.833333333333,0
68,88066,75,1158.7631578947369,1
38,128892,87,1464.6818181818182,1
61,192834,38,4944.461538461538,1
56,123311,98,1245.5656565656566,1
32,142748,30,4604.774193548387,1
48,101905,38,2612.948717948718,0
69,120028,54,2182.327272727273,0
34,35601,27,1271.4642857142858,0
85,176416,64,2714.0923076923077,0
79,75862,42,1764.2325581395348,0
37,56955,68,825.4347826086956,1
74,57160,45,1242.608695652174,1
65,173110,32,5245.757575757576,0
65,89819,12,6909.153846153846,1
79,127489,5,21248.166666666668,0
42,128399,36,3470.2432432432433,1
28,165059,3,41264.75,1
44,156125,65,2365.530303030303,0
51,77516,80,956.9876543209876,1
73,97823,68,1417.7246376811595,1
35,130322,42,3030.7441860465115,0
34,40961,74,546.1466666666666,1
23,161123,82,1941.2409638554218,1
36,43369,96,447.10309278350513,0
39,169978,55,3035.3214285714284,1
55,168156,36,4544.756756756757,1
87,26910,24,1076.4,0
86,193658,13,13832.714285714286,1
66,106793,29,3559.766666666667,0
38,105406,7,13175.75,0
42,182941,59,3049.016666666667,1
55,110060,69,1572.2857142857142,0
27,152967,93,1627.3085106382978,1
84,149370,78,1890.759493670886,0
29,199735,98,2017.5252525252524,1
23,39713,81,484.3048780487805,0
83,190792,49,3815.84,1
82,170900,49,3418.0,0
63,197241,82,2376.397590361446,1
49,140339,24,5613.56,0
42,93963,76,1220.2987012987012,0
48,164474,45,3575.521739130435,0
84,184883,32,5602.515151515152,0
69,183609,26,6800.333333333333,1
51,133730,30,4313.870967741936,1
61,92378,4,18475.6,1
74,99707,51,1917.4423076923076,0
32,128874,88,1448.0224719101125,0
49,160692,70,2263.2676056338028,0
51,85340,47,1777.9166666666667,1
29,93688,47,1951.8333333333333,0
76,24282,44,539.6,0
35,180119,98,1819.3838383838383,0
86,188775,64,2904.230769230769,0
84,175643,94,1848.8736842105263,0
79,113350,35,3148.6111111111113,1
30,124808,72,1709.6986301369864,1
30,136571,13,9755.07142857143,0
43,189861,72,2600.8356164383563,0
89,47776,50,936.7843137254902,1
42,82906,26,3070.5925925925926,1
19,29948,60,490.95081967213116,0
71,183393,83,2183.25,1
58,49552,60,812.327868852459,0
78,181901,11,15158.416666666666,1
49,74499,62,1182.5238095238096,1
65,171758,49,3435.16,1
23,147090,6,21012.85714285714,1
37,65954,93,701.6382978723404,1
33,124266,20,5917.428571428572,1
90,99604,10,9054.90909090909,0
45,82183,99,821.83,0
57,192371,59,3206.1833333333334,0
54,172180,57,2968.6206896551726,1
19,21467,29,715.5666666666667,0
59,81644,29,2721.4666666666667,1
31,173859,100,1721.3762376237623,1
70,38225,84,449.70588235294116,0
56,29303,44,651.1777777777778,0
39,74111,66,1106.134328358209,0
72,74095,59,1234.9166666666667,1
29,91152,75,1199.3684210526317,0
62,66915,41,1593.2142857142858,0
54,99822,56,1751.2631578947369,0
65,113409,91,1232.7065217391305,0
35,63277,28,2181.9655172413795,1
21,50898,18,2678.842105263158,0
70,137820,54,2505.818181818182,1
76,72212,79,902.65,1
71,145789,8,16198.777777777777,1
40,56986,41,1356.8095238095239,0
88,94505,22,4108.913043478261,1
50,178650,10,16240.90909090909,0
25,140391,31,4387.21875,1
42,191493,95,1994.71875,0
23,80052,25,3078.923076923077,0
83,53941,94,567.8,1
18,34192,57,589.5172413793103,1
34,143044,69,2043.4857142857143,0
64,107598,47,2241.625,0
79,44678,94,470.29473684210524,0
18,197471,39,4936.775,1
88,157828,10,14348.0,1
34,46206,77,592.3846153846154,1
19,176774,21,8035.181818181818,1
41,81225,80,1002.7777777777778,1
66,186904,20,8900.190476190477,1
74,149127,84,1754.4352941176471,0
26,119523,46,2543.0425531914893,0
52,101347,97,1034.1530612244899,1
78,45056,28,1553.655172413793,1
39,157558,24,6302.32,0
28,117957,11,9829.75,1
68,69264,93,736.8510638297872,0
28,45712,78,578.632911392405,1
40,65317,75,859.4342105263158,1
85,35602,95,370.8541666666667,0
67,67521,82,813.5060240963855,0
56,192065,42,4466.627906976744,1
73,32300,84,380.0,0
60,24445,81,298.109756097561,1
24,101300,31,3165.625,0
62,55768,76,724.2597402597403,1
67,147070,40,3587.0731707317073,1
30,51346,77,658.2820512820513,1
90,134134,92,1442.3010752688172,0
80,137216,15,8576.0,0
50,66886,47,1393.4583333333333,1
69,106722,17,5929.0,1
70,186236,49,3724.72,1
20,85807,95,893.8229166666666,1
37,191250,88,2148.876404494382,0
48,83498,70,1176.0281690140846,1
18,90740,75,1193.9473684210527,1
37,48146,8,5349.555555555556,1
38,92025,25,3539.423076923077,1
33,175785,30,5670.4838709677415,0
31,102290,57,1763.6206896551723,0
63,147609,88,1658.5280898876404,0
18,194614,2,64871.333333333336,1
52,58373,67,858.4264705882352,0
65,65699,17,3649.9444444444443,1
27,73966,65,1120.6969696969697,1
63,149728,23,6238.666666666667,1
50,62689,61,1011.1129032258065,0
59,176497,64,2715.3384615384616,1
52,129892,64,1998.3384615384616,0
25,77793,51,1496.0192307692307,1
76,146253,37,3848.7631578947367,1
29,111137,45,2416.021739130435,1
43,81242,89,902.6888888888889,1
60,74484,11,6207.0,0
49,56232,41,1338.857142857143,1
21,38953,84,458.2705882352941,0
32,158271,20,7536.714285714285,1
71,97613,29,3253.766666666667,1
80,197820,63,3090.9375,1
67,168401,33,4952.970588235294,1
58,181505,84,2135.3529411764707,1
38,57721,42,1342.3488372093022,0
61,116230,39,2905.75,1
50,38225,17,2123.6111111111113,1
80,194409,86,2234.5862068965516,1
42,63280,50,1240.7843137254902,1
69,20729,31,647.78125,1
31,20368,27,727.4285714285714,1
37,194052,13,13860.857142857143,0
85,165946,8,18438.444444444445,1
53,137158,15,8572.375,0
32,193966,67,2852.4411764705883,1
90,185177,93,1969.968085106383,1
29,113866,68,1650.231884057971,0
47,101891,27,3638.964285714286,1
43,34222,87,388.8863636363636,0
81,139164,25,5352.461538461538,0
25,106378,18,5598.8421052631575,1
88,60062,20,2860.095238095238,1
71,193302,62,3068.285714285714,1
84,96737,28,3335.7586206896553,0
22,64512,100,638.7326732673267,0
24,131393,31,4106.03125,0
32,52858,47,1101.2083333333333,0
63,25031,95,260.7395833333333,1
42,128692,84,1514.0235294117647,0
40,75580,89,839.7777777777778,1
84,56115,16,3300.8823529411766,0
78,88972,31,2780.375,1
37,98444,60,1613.8360655737704,0
59,174551,71,2424.3194444444443,1
71,131685,36,3559.054054054054,0
83,55147,42,1282.4883720930231,0
90,64354,32,1950.121212121212,1
84,133653,40,3259.829268292683,0
88,43637,7,5454.625,0
32,52417,12,4032.076923076923,1
24,165069,58,2797.7796610169494,0
42,122350,51,2352.8846153846152,1
55,32478,59,541.3,1
68,47230,51,908.2692307692307,0
87,90128,42,2096.0,0
34,91810,7,11476.25,0
22,163256,13,11661.142857142857,1
23,109241,99,1092.41,1
46,68360,39,1709.0,1
83,57493,63,898.328125,1
55,135875,96,1400.7731958762886,0
74,175763,100,1740.2277227722773,0
59,102666,25,3948.6923076923076,1
19,195841,20,9325.761904761905,0
77,125028,36,3379.135135135135,1
39,103766,1,51883.0,1
32,37131,36,1003.5405405405405,0
88,48802,10,4436.545454545455,1
73,185166,25,7121.7692307692305,0
82,21217,39,530.425,1
49,79583,11,6631.916666666667,0
36,148482,2,49494.0,1
22,180292,98,1821.1313131313132,1
43,22647,77,290.34615384615387,0
74,108354,11,9029.5,0
73,98545,10,8958.636363636364,1
58,99693,90,1095.5274725274726,0
52,107181,42,2492.5813953488373,1
47,155153,67,2281.6617647058824,0
29,100122,60,1641.344262295082,0
37,106891,12,8222.384615384615,0
68,150170,56,2634.561403508772,1
22,118166,87,1342.7954545454545,0
51,69631,55,1243.4107142857142,1
78,109758,36,2966.4324324324325,1
73,116009,43,2636.568181818182,0
55,168890,57,2911.896551724138,0
72,170913,87,1942.1931818181818,1
63,167017,27,5964.892857142857,0
54,147973,80,1826.8271604938273,0
33,54368,97,554.7755102040817,1
69,106250,6,15178.57142857143,0
33,135502,95,1411.4791666666667,0
27,68813,72,942.6438356164383,0
55,134888,84,1586.9176470588236,0
70,99298,88,1115.7078651685392,0
84,160227,83,1907.4642857142858,1
77,157948,41,3760.6666666666665,0
32,119304,22,5187.130434782609,0
49,166394,19,8319.7,1
41,42296,32,1281.6969696969697,0
46,186875,79,2335.9375,1
38,141392,63,2209.25,1
57,184659,37,4859.4473684210525,0
29,64513,9,6451.3,1
43,149607,81,1824.4756097560976,0
89,108664,26,4024.5925925925926,1
23,198635,71,2758.8194444444443,0
27,189616,40,4624.780487804878,1
51,182163,6,26023.285714285714,0
29,81943,63,1280.359375,1
28,177007,42,4116.441860465116,1
30,54161,13,3868.6428571428573,1
42,176396,8,19599.555555555555,1
81,177624,89,1973.6,1
59,29709,19,1485.45,1
39,160373,56,2813.561403508772,1
79,167263,24,6690.52,0
74,90992,60,1491.672131147541,0
82,194138,94,2043.5578947368422,0
26,165318,40,4032.1463414634145,1
70,148272,64,2281.107692307692,1
43,156235,69,2231.9285714285716,0
32,133813,15,8363.3125,1
35,198077,48,4042.387755102041,1
86,143383,36,3875.2162162162163,1
55,142187,7,17773.375,1
58,63102,44,1402.2666666666667,0
65,137547,34,3929.9142857142856,0
72,54321,58,920.6949152542373,0
58,34532,86,396.91954022988506,1
32,191929,90,2109.1098901098903,0
73,178243,41,4243.880952380952,1
27,124667,53,2308.6481481481483,0
55,186167,18,9798.263157894737,0
84,142478,61,2298.032258064516,0
79,33139,26,1227.3703703703704,0
58,85198,46,1812.723404255319,0
55,25879,95,269.5729166666667,0
50,181446,41,4320.142857142857,1
88,167408,77,2146.25641025641,1
34,177645,85,2065.639534883721,0
21,52069,95,542.3854166666666,1
68,131101,42,3048.860465116279,0
89,31221,81,380.7439024390244,0
56,117398,66,1752.2089552238806,0
33,126877,57,2187.5344827586205,0
65,78770,66,1175.6716417910447,1
38,46488,45,1010.6086956521739,0
76,112960,18,5945.263157894737,0
57,156527,71,2173.9861111111113,1
85,145035,99,1450.35,0
60,42942,40,1047.3658536585365,0
25,165924,26,6145.333333333333,1
51,190106,65,2880.3939393939395,0
70,60968,60,999.4754098360655,0
64,50080,33,1472.9411764705883,1
21,126899,72,1738.3424657534247,1
72,113439,2,37813.0,0
41,163419,90,1795.8131868131868,1
86,99435,68,1441.0869565217392,0
76,182902,60,2998.3934426229507,0
50,166829,24,6673.16,0
49,143120,60,2346.2295081967213,0
73,150034,54,2727.890909090909,1
90,35329,24,1413.16,0
55,105104,44,2335.6444444444446,0
21,189356,38,4855.282051282052,0
55,133588,76,1734.909090909091,0
63,147968,71,2055.1111111111113,0
71,193125,57,3329.7413793103447,0
49,143225,28,4938.793103448276,0
53,55317,95,576.21875,1
73,77081,100,763.1782178217821,1
56,185952,61,2999.2258064516127,1
46,46098,8,5122.0,0
51,182621,3,45655.25,0
89,46568,64,716.4307692307692,1
27,132615,60,2174.0163934426228,0
50,171962,85,1999.5581395348838,1
62,67798,69,968.5428571428571,0
43,136699,38,3505.102564102564,0
45,139937,53,2591.425925925926,1
64,36374,5,6062.333333333333,0
47,161578,85,1878.8139534883721,1
87,155707,17,8650.388888888889,1
83,47967,10,4360.636363636364,0
26,128251,70,1806.3521126760563,0
82,146331,18,7701.631578947368,1
49,31762,74,423.49333333333334,1
28,65617,89,729.0777777777778,0
67,98211,92,1056.032258064516,0
35,24424,74,325.6533333333333,1
26,82714,11,6892.833333333333,0
32,61820,78,782.5316455696203,1
22,112695,24,4507.8,0
48,117827,28,4063.0,1
22,105060,87,1193.8636363636363,0
53,54823,99,548.23,0
26,136259,95,1419.3645833333333,1
75,158661,68,2299.4347826086955,0
70,60618,11,5051.5,0
47,99335,70,1399.0845070422536,0
81,113921,39,2848.025,1
65,147775,13,10555.357142857143,0
19,180981,52,3414.735849056604,0
29,159853,7,19981.625,0
78,22286,57,384.2413793103448,1
32,57718,74,769.5733333333334,0
29,195789,46,4165.723404255319,1
55,26155,73,353.44594594594594,1
51,85108,73,1150.1081081081081,0
52,145711,88,1637.2022471910113,1
32,139885,9,13988.5,0
38,121763,11,10146.916666666666,0
70,95332,28,3287.310344827586,0
30,140510,82,1692.8915662650602,0
57,100223,41,2386.2619047619046,0
28,181716,4,36343.2,1
50,99891,24,3995.64,0
45,54656,63,854.0,0
80,175712,62,2789.0793650793653,1
22,140892,10,12808.363636363636,1
54,121547,7,15193.375,0
75,49087,46,1044.404255319149,1
26,165405,62,2625.4761904761904,1
50,159125,76,2066.5584415584417,0
43,175153,62,2780.2063492063494,1
72,22890,78,289.746835443038,0
72,29327,61,473.01612903225805,0
39,108144,11,9012.0,0
62,72948,81,889.609756097561,1
31,150277,44,3339.488888888889,1
84,90429,43,2055.2045454545455,1
28,115021,5,19170.166666666668,0
82,55574,52,1048.566037735849,0
47,47455,12,3650.3846153846152,0
54,45245,85,526.1046511627907,1
79,160595,69,2294.214285714286,0
54,105059,96,1083.0824742268042,0
65,98567,45,2142.7608695652175,0
84,85901,38,2202.5897435897436,0
32,33093,99,330.93,1
77,194181,12,14937.0,1
76,104926,10,9538.727272727272,0
66,42224,1,21112.0,1
88,70127,50,1375.0392156862745,0
59,197442,47,4113.375,1
42,30070,26,1113.7037037037037,0
45,161619,64,2486.4461538461537,1
69,185593,7,23199.125,1
79,80019,40,1951.6829268292684,0
79,166384,77,2133.128205128205,0
83,128653,5,21442.166666666668,0
57,139908,82,1685.6385542168675,1
34,138659,62,2200.936507936508,1
82,57118,61,921.258064516129,1
62,101199,79,1264.9875,0
58,126689,68,1836.072463768116,1
20,83848,72,1148.6027397260275,1
62,167342,98,1690.3232323232323,0
19,56304,95,586.5,1
37,188935,56,3314.6491228070176,1
77,119521,24,4780.84,1
89,121326,69,1733.2285714285715,0
27,116993,69,1671.3285714285714,0
83,114297,99,1142.97,0
55,61054,23,2543.9166666666665,1
48,175504,51,3375.076923076923,1
28,60015,5,10002.5,0
82,78861,65,1194.8636363636363,0
53,45912,93,488.4255319148936,0
20,59213,27,2114.75,1
43,142719,69,2038.8428571428572,0
33,65131,73,880.1486486486486,0
58,99536,90,1093.8021978021977,0
38,73313,76,952.1168831168832,0
61,111416,19,5570.8,1
21,174101,65,2637.8939393939395,0
26,119793,53,2218.3888888888887,0
81,119625,92,1286.2903225806451,1
43,199438,69,2849.114285714286,0
64,102037,24,4081.48,1
81,175890,69,2512.714285714286,1
87,81583,58,1382.7627118644068,0
41,107012,82,1289.301204819277,1
66,191159,71,2654.9861111111113,0
51,142292,98,1437.2929292929293,0
68,158927,17,8829.277777777777,1
33,104791,73,1416.0945945945946,1
84,146219,31,4569.34375,0
60,94320,51,1813.8461538461538,1
82,155935,16,9172.64705882353,1
78,30522,68,442.3478260869565,1
55,33877,46,720.7872340425532,1
19,169643,41,4039.1190476190477,1
58,151576,79,1894.7,1
20,183579,5,30596.5,1
38,34443,60,564.639344262295,0
51,192563,92,2070.569892473118,0
22,55089,31,1721.53125,0
66,180344,94,1898.3578947368421,0
40,196243,62,3114.968253968254,0
59,167317,86,1923.183908045977,0
62,56762,67,834.7352941176471,1
63,160806,70,2264.8732394366198,0
84,54190,57,934.3103448275862,0
86,43348,68,628.231884057971,1
31,87948,44,1954.4,1
50,192718,53,3568.8518518518517,0
28,75181,63,1174.703125,1
83,163782,49,3275.64,1
90,156090,63,2438.90625,1
19,68240,45,1483.4782608695652,0
39,101927,90,1120.076923076923,0
39,81267,16,4780.411764705882,1
76,132193,90,1452.6703296703297,0
81,61694,31,1927.9375,1
61,191940,5,31990.0,0
50,171115,33,5032.794117647059,1
25,156197,99,1561.97,1
31,110987,39,2774.675,1
35,150687,20,7175.571428571428,1
43,184317,96,1900.1752577319587,1
83,20410,11,1700.8333333333333,0
45,186283,81,2271.743902439024,0
22,134145,89,1490.5,1
62,101526,95,1057.5625,0
47,74189,69,1059.8428571428572,0
25,56862,19,2843.1,0
90,169086,90,1858.0879120879122,0
24,73381,57,1265.1896551724137,1
60,154684,80,1909.679012345679,1
79,33190,84,390.47058823529414,0
66,61900,99,619.0,0
74,132807,49,2656.14,1
90,75743,80,935.0987654320987,0
73,133788,67,1967.4705882352941,1
31,72106,16,4241.529411764706,1
24,144494,28,4982.551724137931,1
55,110007,97,1122.5204081632653,0
50,27778,93,295.51063829787233,1
23,47196,6,6742.285714285715,0
80,110248,29,3674.9333333333334,0
62,183757,53,3402.9074074074074,1
55,110694,45,2406.391304347826,1
72,58418,24,2336.72,1
67,63216,79,790.2,0
40,147312,23,6138.0,0
32,89822,6,12831.714285714286,1
27,115244,41,2743.904761904762,0
48,70975,79,887.1875,1
29,148440,10,13494.545454545454,1
82,150327,38,3854.5384615384614,0
63,133461,30,4305.193548387097,1
56,164272,34,4693.4857142857145,0
90,122988,83,1464.142857142857,1
65,122431,98,1236.6767676767677,0
75,199903,7,24987.875,1
55,32371,35,899.1944444444445,1
72,133122,40,3246.878048780488,1
63,77957,59,1299.2833333333333,1
86,96470,3,24117.5,1
30,131087,25,5041.807692307692,1
37,118418,41,2819.4761904761904,1
51,165109,16,9712.29411764706,0
51,183010,100,1811.980198019802,0
45,70807,82,853.0963855421687,0
77,113367,23,4723.625,0
59,116568,10,10597.09090909091,1
80,93013,15,5813.3125,1
85,93411,92,1004.4193548387096,0
49,125538,69,1793.4,1
69,176551,52,3331.1509433962265,0
42,195290,19,9764.5,1
53,156346,79,1954.325,1
62,56391,96,581.3505154639175,0
42,101681,14,6778.733333333334,0
84,122021,13,8715.785714285714,1
74,94262,63,1472.84375,1
54,73206,18,3852.9473684210525,0
64,86099,65,1304.530303030303,1
74,50069,55,894.0892857142857,0
86,37052,100,366.8514851485148,0
82,73208,56,1284.3508771929824,1
65,89837,18,4728.263157894737,0
25,173590,40,4233.90243902439,0
40,70004,51,1346.2307692307693,0
33,118946,77,1524.948717948718,1
37,59108,67,869.2352941176471,1
35,43640,88,490.3370786516854,0
83,109089,3,27272.25,1
63,104417,11,8701.416666666666,1
55,66762,75,878.4473684210526,0
51,177457,36,4796.135135135135,1
88,131354,16,7726.705882352941,1
45,33008,44,733.5111111111111,1
63,102515,90,1126.5384615384614,0
56,169303,88,1902.2808988764045,1
76,156442,2,52147.333333333336,1
59,195182,43,4435.954545454545,1
53,92287,53,1709.0185185185185,0
54,198390,74,2645.2,0
19,93871,54,1706.7454545454545,1
23,109140,41,2598.5714285714284,1
78,156877,90,1723.923076923077,0
48,33847,100,335.1188118811881,1
67,182454,68,2644.2608695652175,0
75,38845,28,1339.4827586206898,0
37,187576,29,6252.533333333334,0
59,125785,30,4057.5806451612902,0
60,166922,100,1652.6930693069307,0
51,150951,15,9434.4375,0
83,36157,85,420.43023255813955,0
84,192697,2,64232.333333333336,0
64,31900,18,1678.9473684210527,1
20,147352,48,3007.183673469388,1
46,77447,31,2420.21875,0
65,75248,26,2786.962962962963,1
33,135928,34,3883.657142857143,1
34,169561,3,42390.25,1
83,84200,79,1052.5,0
55,196992,29,6566.4,0
27,188913,25,7265.884615384615,0
39,114981,68,1666.391304347826,1
48,93636,58,1587.050847457627,1
87,97351,62,1545.2539682539682,1
75,47415,23,1975.625,1
57,171435,86,1970.5172413793102,1
34,37092,70,522.4225352112676,1
23,95247,81,1161.5487804878048,1
77,164974,5,27495.666666666668,1
63,142457,82,1716.3493975903614,1
43,191137,27,6826.321428571428,1
87,62580,38,1604.6153846153845,1
88,191434,43,4350.772727272727,1
36,177452,68,2571.768115942029,1
26,88645,83,1055.297619047619,1
83,136083,100,1347.3564356435643,0
86,137574,32,4168.909090909091,1
86,109487,68,1586.768115942029,0
87,156956,95,1634.9583333333333,0
50,55784,76,724.4675324675325,0
32,190590,67,2802.794117647059,1
24,82462,47,1717.9583333333333,0
50,170894,91,1857.5434782608695,1
68,30615,76,397.5974025974026,0
53,199085,14,13272.333333333334,0
42,50761,88,570.3483146067416,1
24,142332,18,7491.1578947368425,1
77,50543,54,918.9636363636364,0
76,94064,55,1679.7142857142858,1
26,162928,47,3394.3333333333335,0
72,135599,53,2511.0925925925926,0
51,156083,42,3629.8372093023254,0
51,114524,69,1636.057142857143,1
73,99877,32,3026.5757575757575,1
78,56411,98,569.8080808080808,0
46,50699,77,649.9871794871794,1
31,86355,83,1028.0357142857142,0
78,47615,66,710.6716417910447,0
89,51862,95,540.2291666666666,1
44,104017,49,2080.34,0
50,27992,34,799.7714285714286,1
30,158028,79,1975.35,1
26,185652,19,9282.6,0
69,171061,66,2553.1492537313434,0
56,150332,86,1727.9540229885058,0
39,111255,81,1356.7682926829268,0
62,25745,87,292.5568181818182,0
26,129654,63,2025.84375,1
21,84208,95,877.1666666666666,1
86,41732,67,613.7058823529412,1
82,135686,73,1833.5945945945946,1
21,57764,19,2888.2,0
56,153120,21,6960.0,0
67,164008,40,4000.1951219512193,1
30,126857,45,2757.7608695652175,1
51,146804,78,1858.2784810126582,0
44,168086,13,12006.142857142857,1
88,176496,48,3601.9591836734694,1
37,85797,74,1143.96,1
66,187933,47,3915.2708333333335,0
59,23985,11,1998.75,0
69,71899,91,781.5108695652174,1
18,57598,75,757.8684210526316,0
44,187771,76,2438.5844155844156,0
24,191252,92,2056.47311827957,1
18,81589,94,858.8315789473684,1
83,132385,4,26477.0,0
89,158465,83,1886.4880952380952,0
58,85858,5,14309.666666666666,0
87,72279,7,9034.875,1
18,175403,81,2139.060975609756,0
75,143295,66,2138.731343283582,1
33,81113,5,13518.833333333334,0
25,104329,82,1256.9759036144578,1
18,98953,81,1206.7439024390244,1
39,116118,33,3415.235294117647,0
90,161435,21,7337.954545454545,0
30,154879,22,6733.869565217391,0
32,49514,55,884.1785714285714,0
67,21711,77,278.34615384615387,1
69,175170,45,3808.0434782608695,0
43,30713,70,432.5774647887324,1
84,140681,60,2306.245901639344,1
73,110860,45,2410.0,0
63,46593,30,1503.0,0
79,40015,19,2000.75,1
52,56972,69,813.8857142857142,0
23,96096,66,1434.2686567164178,0
48,89884,51,1728.5384615384614,1
46,53948,81,657.9024390243902,1
44,76513,81,933.0853658536586,0
29,195390,42,4543.953488372093,1
27,71972,42,1673.7674418604652,1
81,101703,87,1155.715909090909,1
89,82614,17,4589.666666666667,1
32,49764,92,535.0967741935484,0
74,77763,73,1050.8513513513512,1
81,108379,52,2044.8867924528302,0
75,117015,39,2925.375,0
68,171512,2,57170.666666666664,0
73,119151,44,2647.8,1
51,115385,9,11538.5,1
32,168204,57,2900.0689655172414,1
55,34048,63,532.0,1
66,175832,21,7992.363636363636,0
27,181259,25,6971.5,0
34,126097,29,4203.233333333334,0
61,190463,19,9523.15,0
30,99249,31,3101.53125,1
33,195074,22,8481.478260869566,0
82,35512,92,381.8494623655914,1
38,142703,71,1981.986111111111,0
70,126787,68,1837.4927536231885,0
44,34899,4,6979.8,0
45,82409,3,20602.25,1
75,52380,23,2182.5,0
88,147319,88,1655.2696629213483,1
89,165859,76,2154.012987012987,1
69,125313,20,5967.285714285715,0
79,133531,60,2189.032786885246,0
78,121975,16,7175.0,0
68,139627,21,6346.681818181818,0
40,117461,25,4517.7307692307695,1
66,170484,28,5878.758620689655,0
25,52022,74,693.6266666666667,1
88,54847,39,1371.175,0
75,78309,52,1477.5283018867924,0
49,151192,82,1821.5903614457832,1
27,168979,95,1760.1979166666667,0
27,133316,10,12119.636363636364,0
37,143521,92,1543.236559139785,0
45,85127,56,1493.4561403508771,0
69,190077,34,5430.771428571428,1
18,183449,40,4474.365853658536,1
61,38144,18,2007.578947368421,0
88,136044,46,2894.553191489362,0
51,192726,1,96363.0,0
57,175440,38,4498.461538461538,1
23,99013,1,49506.5,1
81,123255,71,1711.875,0
31,157379,11,13114.916666666666,0
20,102502,40,2500.048780487805,0
66,140527,82,1693.0963855421687,0
54,133056,50,2608.9411764705883,0
87,179578,84,2112.6823529411763,0
77,129030,46,2745.31914893617,1
49,169172,7,21146.5,1
69,37190,42,864.8837209302326,0
40,75620,23,3150.8333333333335,1
65,28909,60,473.91803278688525,0
71,123179,63,1924.671875,1
19,27943,68,404.9710144927536,0
22,176337,41,4198.5,0
32,136114,32,4124.666666666667,1
35,34826,19,1741.3,1
39,110523,32,3349.181818181818,1
41,126486,61,2040.0967741935483,1
80,56583,40,1380.0731707317073,1
62,111487,36,3013.162162162162,0
64,48803,35,1355.638888888889,0
40,185002,100,1831.7029702970297,0
30,47659,7,5957.375,1
26,175105,38,4489.871794871795,1
45,193234,93,2055.68085106383,0
63,80552,100,797.5445544554456,0
48,139281,48,2842.469387755102,1
52,82233,7,10279.125,1
33,95162,77,1220.025641025641,0
41,141697,24,5667.88,1
72,144989,42,3371.8372093023254,1
33,32887,64,505.95384615384614,1
89,44334,79,554.175,1
64,178878,5,29813.0,0
86,170871,23,7119.625,0
64,183784,43,4176.909090909091,1
63,147498,80,1820.962962962963,1
87,27992,15,1749.5,1
88,90129,58,1527.6101694915253,1
36,130729,28,4507.896551724138,1
79,101037,68,1464.304347826087,1
47,173335,6,24762.14285714286,1
38,63101,8,7011.222222222223,0
53,151602,70,2135.239436619718,0
89,58117,73,785.3648648648649,1
79,65840,90,723.5164835164835,0
52,176456,41,4201.333333333333,0
74,126914,67,1866.3823529411766,1
40,193756,3,48439.0,0
81,36800,26,1362.962962962963,1
36,157873,100,1563.09900990099,1
90,50107,44,1113.4888888888888,0
85,41604,38,1066.7692307692307,0
51,93170,100,922.4752475247525,0
26,33557,13,2396.9285714285716,0
51,166937,50,3273.274509803922,0
75,63767,23,2656.9583333333335,0
21,131000,73,1770.2702702702702,0
57,79675,72,1091.4383561643835,0
40,167065,67,2456.8382352941176,0
61,116015,24,4640.6,0
72,68396,62,1085.6507936507937,0
86,109773,50,2152.4117647058824,1
89,150508,32,4560.848484848485,1
36,30218,38,774.8205128205128,1
78,178483,8,19831.444444444445,1
65,66784,43,1517.8181818181818,0
45,61167,8,6796.333333333333,1
28,64744,26,2397.925925925926,0
87,21582,52,407.20754716981133,0
34,87838,62,1394.2539682539682,0
49,90918,90,999.0989010989011,0
86,190057,76,2468.2727272727275,0
75,140661,65,2131.2272727272725,1
89,177263,29,5908.766666666666,1
86,161267,68,2337.2028985507245,0
52,33285,24,1331.4,1
70,184351,36,4982.459459459459,0
67,170704,92,1835.52688172043,0
23,36903,91,401.1195652173913,0
35,105724,44,2349.4222222222224,0
32,64444,21,2929.2727272727275,0
79,100083,72,1371.0,0
55,115200,99,1152.0,1
67,81437,91,885.1847826086956,0
40,128959,22,5606.913043478261,0
36,153708,62,2439.809523809524,0
54,180950,33,5322.058823529412,1
24,52905,75,696.1184210526316,1
88,158945,7,19868.125,1
90,197720,73,2671.891891891892,0
39,193187,35,5366.305555555556,0
40,194962,46,4148.127659574468,0
39,105090,62,1668.095238095238,0
18,24205,56,424.64912280701753,0
53,150477,91,1635.6195652173913,1
86,180949,60,2966.377049180328,0
46,92405,35,2566.8055555555557,0
83,176042,19,8802.1,1
80,129805,76,1685.7792207792209,0
55,155792,70,2194.2535211267605,1
73,96054,34,2744.4,1
88,108267,80,1336.6296296296296,1
46,95938,71,1332.4722222222222,0
25,76270,73,1030.6756756756756,0
53,54445,48,1111.1224489795918,1
54,44762,55,799.3214285714286,1
21,166369,28,5736.862068965517,0
71,149255,5,24875.833333333332,1
25,24968,73,337.4054054054054,0
63,83295,72,1141.027397260274,1
86,52720,73,712.4324324324324,1
35,51287,20,2442.2380952380954,1
25,139904,92,1504.3440860215053,1
35,51658,99,516.58,1
19,99115,55,1769.9107142857142,1
86,132316,9,13231.6,0
29,45975,9,4597.5,0
20,182868,4,36573.6,0
78,78209,13,5586.357142857143,1
86,100333,64,1543.5846153846153,1
46,147245,20,7011.666666666667,1
47,84294,61,1359.5806451612902,1
74,30533,46,649.6382978723404,0
36,89961,73,1215.6891891891892,1
82,140183,94,1475.6105263157895,1
25,129451,92,1391.9462365591398,1
54,93094,14,6206.266666666666,0
25,136986,34,3913.885714285714,1
81,182228,91,1980.7391304347825,1
78,62668,7,7833.5,0
77,131599,34,3759.9714285714285,0
42,151728,24,6069.12,0
35,81953,78,1037.379746835443,0
40,121933,68,1767.144927536232,1
75,102362,62,1624.7936507936508,1
74,32419,72,444.09589041095893,1
90,172379,36,4658.891891891892,1
75,72045,87,818.6931818181819,1
61,146186,12,11245.076923076924,0
67,198975,60,3261.8852459016393,0
52,111417,81,1358.7439024390244,1
32,114626,94,1206.5894736842106,0
32,163837,38,4200.948717948718,0
79,23577,16,1386.8823529411766,1
64,71289,21,3240.409090909091,1
35,123490,100,1222.6732673267327,1
87,88607,35,2461.3055555555557,1
24,149635,59,2493.9166666666665,0
42,40473,90,444.75824175824175,0
68,32000,7,4000.0,1
75,156039,93,1659.9893617021276,0
37,97245,96,1002.5257731958762,1
81,92604,41,2204.8571428571427,1
31,139822,89,1553.5777777777778,0
47,125233,12,9633.307692307691,0
41,41995,95,437.4479166666667,0
66,78363,21,3561.9545454545455,0
73,136063,71,1889.763888888889,1
68,93221,54,1694.9272727272728,1
84,188500,17,10472.222222222223,1
42,33986,77,435.71794871794873,0
19,171318,18,9016.736842105263,0
20,189069,76,2455.4415584415583,1
88,177007,69,2528.6714285714284,0
33,29111,93,309.6914893617021,0
27,114316,99,1143.16,1
57,96090,51,1847.8846153846155,1
82,198992,47,4145.666666666667,0
18,102255,32,3098.6363636363635,1
47,35812,42,832.8372093023256,0
49,117304,44,2606.7555555555555,0
27,44134,42,1026.3720930232557,1
21,109708,27,3918.1428571428573,0
72,186139,31,5816.84375,0
49,148784,13,10627.42857142857,1
28,113829,97,1161.5204081632653,1
44,182850,19,9142.5,0
56,126010,82,1518.1927710843374,0
41,132802,79,1660.025,0
89,175987,35,4888.527777777777,0
23,73957,77,948.1666666666666,1
83,177354,63,2771.15625,0
67,85864,10,7805.818181818182,0
81,54440,64,837.5384615384615,0
76,133327,7,16665.875,0
41,190459,8,21162.11111111111,0
18,59534,35,1653.7222222222222,1
29,137768,21,6262.181818181818,0
83,159213,28,5490.103448275862,0
18,167655,74,2235.4,1
62,70113,23,2921.375,0
88,31879,20,1518.047619047619,1
22,151633,35,4212.027777777777,0
67,126505,67,1860.3676470588234,0
86,195714,27,6989.785714285715,0
70,164521,32,4985.484848484848,0
78,97893,9,9789.3,0
47,72070,82,868.3132530120482,0
38,67098,25,2580.6923076923076,0
29,167114,80,2063.135802469136,0
47,34122,43,775.5,1
84,131032,37,3448.2105263157896,0
23,95348,8,10594.222222222223,0
79,78219,31,2444.34375,1
56,111129,64,1709.676923076923,0
52,153744,13,10981.714285714286,0
67,63312,60,1037.9016393442623,1
67,76428,7,9553.5,1
82,61254,17,3403.0,0
60,62455,85,726.2209302325581,0
86,136633,38,3503.4102564102564,0
24,48111,90,528.6923076923077,0
85,68586,72,939.5342465753424,0
38,70106,45,1524.0434782608695,0
88,138607,49,2772.14,1
50,163407,46,3476.744680851064,1
58,25263,25,971.6538461538462,0
51,150262,45,3266.5652173913045,1
89,183971,39,4599.275,1
25,138501,96,1427.8453608247423,1
84,113214,87,1286.5227272727273,0
75,104198,32,3157.5151515151515,0
70,67567,1,33783.5,0
52,55810,44,1240.2222222222222,1
87,179310,96,1848.5567010309278,1
19,65283,97,666.1530612244898,0
74,189360,12,14566.153846153846,1
86,55707,39,1392.675,1
64,117132,66,1748.2388059701493,0
84,118712,21,5396.0,1
34,123188,27,4399.571428571428,1
65,63081,16,3710.6470588235293,0
46,29940,89,332.6666666666667,1
44,51329,29,1710.9666666666667,1
63,116008,40,2829.4634146341464,0
18,137138,10,12467.09090909091,1
28,147133,24,5885.32,0
45,166202,72,2276.7397260273974,1
69,198207,77,2541.1153846153848,0
48,107982,28,3723.5172413793102,0
60,194304,42,4518.697674418605,1
58,31851,91,346.20652173913044,0
86,128233,34,3663.8,1
66,38593,4,7718.6,1
36,105469,77,1352.1666666666667,0
39,85897,59,1431.6166666666666,1
36,105009,25,4038.8076923076924,0
51,164236,59,2737.266666666667,0
36,64860,6,9265.714285714286,0
50,167530,19,8376.5,0
67,92368,36,2496.4324324324325,1
38,144979,4,28995.8,0
47,151948,47,3165.5833333333335,1
89,103763,43,2358.25,0
75,119527,47,2490.1458333333335,0
41,127854,75,1682.2894736842106,1
56,51537,69,736.2428571428571,1
43,181407,90,1993.4835164835165,1
47,132721,64,2041.8615384615384,0
87,149185,76,1937.4675324675325,0
26,45177,28,1557.8275862068965,1
67,74590,80,920.8641975308642,1
84,63805,96,657.7835051546392,1
88,87130,100,862.6732673267327,0
46,194793,92,2094.548387096774,0
62,111012,23,4625.5,0
68,129299,68,1873.8985507246377,0
90,142486,10,12953.272727272728,0
57,138231,21,6283.227272727273,1
28,39916,24,1596.64,1
56,36506,2,12168.666666666666,0
58,119841,68,1736.8260869565217,0
45,94694,72,1297.1780821917807,1
25,174740,17,9707.777777777777,0
68,115728,42,2691.3488372093025,0
90,23858,34,681.6571428571428,0
65,178928,66,2670.5671641791046,1
71,196550,81,2396.951219512195,1
38,39356,99,393.56,1
77,23005,11,1917.0833333333333,1
79,133767,83,1592.4642857142858,0
78,130477,59,2174.616666666667,0
80,124408,49,2488.16,0
83,144732,38,3711.076923076923,0
88,169163,31,5286.34375,1
88,133752,78,1693.0632911392406,1
46,135030,60,2213.6065573770493,0
71,159844,92,1718.752688172043,1
53,41739,8,4637.666666666667,1
55,52690,69,752.7142857142857,0
62,137505,8,15278.333333333334,1
84,154534,85,1796.906976744186,1
83,141911,100,1405.0594059405942,0
73,110391,46,2348.744680851064,1
64,62204,73,840.5945945945946,1
28,183595,92,1974.1397849462367,1
21,70216,28,2421.2413793103447,1
69,124786,16,7340.35294117647,0
57,181125,9,18112.5,1
36,117758,14,7850.533333333334,1
33,44054,52,831.2075471698113,1
37,197672,35,5490.888888888889,1
64,187520,1,93760.0,1
84,141313,49,2826.26,0
62,192105,52,3624.622641509434,1
89,113843,64,1751.4307692307693,1
59,191664,72,2625.5342465753424,1
22,24596,12,1892.0,0
82,192794,86,2216.022988505747,0
76,124564,50,2442.4313725490197,0
47,154500,91,1679.3478260869565,0
73,150744,51,2898.923076923077,0
18,99389,37,2615.5,1
82,48214,87,547.8863636363636,0
83,25107,26,929.8888888888889,1
42,29704,39,742.6,0
23,144180,97,1471.2244897959183,1
35,113449,45,2466.282608695652,0
28,51195,62,812.6190476190476,1
67,185412,59,3090.2,1
61,52166,71,724.5277777777778,0
46,63667,28,2195.4137931034484,0
68,190303,58,3225.4745762711864,0
36,125573,98,1268.4141414141413,1
69,31028,93,330.0851063829787,0
50,146156,92,1571.5698924731182,1
29,56356,57,971.6551724137931,0
38,115218,64,1772.5846153846153,1
88,92475,5,15412.5,0
21,82993,98,838.3131313131313,1
88,93295,56,1636.7543859649122,0
57,111875,61,1804.4354838709678,1
72,107920,96,1112.5773195876288,1
29,177581,99,1775.81,0
30,79124,34,2260.6857142857143,0
64,145473,64,2238.0461538461536,0
65,105257,88,1182.6629213483145,0
88,25158,80,310.5925925925926,1
35,103750,91,1127.7173913043478,1
54,74627,89,829.1888888888889,0
70,92856,4,18571.2,0
22,78879,31,2464.96875,1
54,100775,73,1361.8243243243244,1
87,152215,98,1537.5252525252524,0
66,79127,9,7912.7,0
77,66777,3,16694.25,1
72,70699,36,1910.7837837837837,0
64,129958,3,32489.5,0
47,64494,82,777.0361445783133,0
46,115582,34,3302.342857142857,0
58,69867,85,812.4069767441861,1
76,38686,67,568.9117647058823,1
43,169584,27,6056.571428571428,1
31,185340,47,3861.25,1
71,150774,25,5799.0,1
44,30149,77,386.52564102564105,0
82,47598,61,767.7096774193549,0
24,79344,61,1279.741935483871,1
18,37907,22,1648.1304347826087,0
70,157468,60,2581.44262295082,0
51,54262,59,904.3666666666667,1
44,137373,72,1881.8219178082193,0
42,58473,96,602.8144329896908,0
29,119795,38,3071.6666666666665,0
24,50999,34,1457.1142857142856,1
67,55402,51,1065.423076923077,0
61,191958,33,5645.823529411765,1
59,172762,25,6644.692307692308,0
85,168297,98,1699.969696969697,0
28,65845,46,1400.9574468085107,0
65,149509,91,1625.0978260869565,1
40,141926,53,2628.259259259259,1
63,120507,85,1401.2441860465117,1
55,120546,66,1799.1940298507463,0
29,34969,97,356.8265306122449,1
23,41808,1,20904.0,1
67,100314,38,2572.153846153846,0
62,33621,40,820.0243902439024,0
85,118580,52,2237.3584905660377,1
35,127225,3,31806.25,0
78,183051,14,12203.4,0
37,126759,3,31689.75,1
61,126834,94,1335.0947368421052,0
36,147946,84,1740.5411764705882,1
68,186733,42,4342.627906976744,1
67,46569,97,475.1938775510204,0
36,61416,14,4094.4,0
84,93782,96,966.8247422680413,0
39,106598,74,1421.3066666666666,0
64,138779,46,2952.744680851064,1
69,170923,2,56974.333333333336,1
25,32390,56,568.2456140350877,0
24,125351,91,1362.5108695652175,1
46,112874,41,2687.4761904761904,1
45,183030,9,18303.0,1
72,196521,28,6776.586206896552,0
25,116733,75,1535.9605263157894,0
90,72404,31,2262.625,1
60,195240,6,27891.428571428572,0
65,109630,99,1096.3,1
39,99711,46,2121.5106382978724,0
20,120737,51,2321.8653846153848,0
40,86775,58,1470.7627118644068,1
22,105205,79,1315.0625,1
63,53936,93,573.7872340425532,0
83,75525,76,980.8441558441558,0
46,188523,54,3427.690909090909,0
72,183662,66,2741.223880597015,0
55,151885,89,1687.611111111111,0
23,51209,13,3657.785714285714,1
90,95450,40,2328.048780487805,1
49,105029,1,52514.5,0
66,34233,2,11411.0,1
43,87798,52,1656.566037735849,0
35,154675,51,2974.519230769231,1
54,44376,85,516.0,0
52,108034,68,1565.7101449275362,0
77,29236,20,1392.1904761904761,1
28,166176,54,3021.3818181818183,0
19,46272,53,856.8888888888889,0
77,59108,41,1407.3333333333333,0
63,84389,20,4018.5238095238096,1
23,118293,32,3584.6363636363635,0
28,88631,97,904.3979591836735,1
40,166271,49,3325.42,1
55,79145,38,2029.3589743589744,1
24,94753,76,1230.5584415584415,1
71,47585,53,881.2037037037037,1
59,117898,27,4210.642857142857,0
75,75567,18,3977.2105263157896,1
76,158909,96,1638.2371134020618,1
73,168655,1,84327.5,0
89,32898,43,747.6818181818181,1
55,153888,10,13989.818181818182,0
49,135013,46,2872.6170212765956,1
86,178927,24,7157.08,0
82,52503,98,530.3333333333334,1
68,130742,78,1654.9620253164558,1
83,184343,32,5586.151515151515,1
49,81214,12,6247.2307692307695,0
64,110541,75,1454.4868421052631,1
31,105021,57,1810.7068965517242,0
27,33124,8,3680.4444444444443,0
68,98328,3,24582.0,1
65,187903,77,2409.0128205128203,1
82,136953,49,2739.06,1
69,44528,60,729.9672131147541,0
39,105777,51,2034.173076923077,1
27,130885,32,3966.212121212121,0
80,184384,13,13170.285714285714,0
75,108351,26,4013.0,0
28,118565,89,1317.388888888889,0
77,119660,68,1734.2028985507247,0
29,123155,28,4246.724137931034,1
43,122742,94,1292.0210526315789,1
75,196443,81,2395.6463414634145,1
66,67440,99,674.4,1
39,79435,79,992.9375,1
69,61531,71,854.5972222222222,0
79,101021,23,4209.208333333333,0
76,156941,79,1961.7625,1
19,140328,82,1690.698795180723,0
85,133721,70,1883.394366197183,1
60,23556,29,785.2,1
60,25722,87,292.29545454545456,1
69,31447,98,317.64646464646466,1
54,27714,61,447.0,1
37,43677,73,590.2297297297297,0
60,109372,65,1657.1515151515152,1
76,78084,63,1220.0625,0
26,62352,60,1022.1639344262295,0
84,28075,47,584.8958333333334,0
44,82364,28,2840.137931034483,0
78,43046,79,538.075,0
43,64007,69,914.3857142857142,1
21,100605,33,2958.970588235294,1
65,154218,33,4535.823529411765,0
60,53805,23,2241.875,0
69,187084,41,4454.380952380952,0
81,111450,33,3277.9411764705883,1
60,56832,3,14208.0,0
25,164382,57,2834.1724137931033,0
56,169338,68,2454.1739130434785,0
89,40509,39,1012.725,0
73,146849,21,6674.954545454545,0
37,82267,65,1246.469696969697,1
37,168514,1,84257.0,0
90,44850,91,487.5,0
69,131688,29,4389.6,1
53,93806,59,1563.4333333333334,0
22,68403,42,1590.7674418604652,0
46,175890,26,6514.444444444444,1
64,194255,48,3964.387755102041,0
27,170470,2,56823.333333333336,0
83,171710,1,85855.0,1
59,192783,41,4590.071428571428,0
38,27208,84,320.09411764705885,1
39,79222,30,2555.548387096774,1
85,178590,22,7764.782608695652,0
54,98344,7,12293.0,0
30,61681,55,1101.4464285714287,1
54,180541,81,2201.7195121951218,1
83,41844,3,10461.0,0
77,55618,11,4634.833333333333,0
78,72452,87,823.3181818181819,0
86,82629,34,2360.8285714285716,0
23,22487,36,607.7567567567568,0
90,168787,93,1795.6063829787233,1
89,112662,38,2888.769230769231,0
21,90510,98,914.2424242424242,0
54,123956,15,7747.25,0
54,33808,4,6761.6,0
66,178141,99,1781.41,0
33,165529,99,1655.29,0
23,163078,72,2233.945205479452,0
60,42937,19,2146.85,1
80,44494,78,563.2151898734177,0
34,114472,34,3270.6285714285714,1
45,191405,77,2453.9102564102564,1
49,109461,58,1855.2711864406779,0
86,87098,31,2721.8125,0
24,26497,55,473.1607142857143,0
32,138179,31,4318.09375,1
60,126878,73,1714.5675675675675,0
85,22449,28,774.1034482758621,0
38,169210,26,6267.037037037037,1
67,193721,64,2980.3230769230768,1
37,88498,94,931.5578947368421,0
38,118256,1,59128.0,1
45,132906,95,1384.4375,1
83,59042,8,6560.222222222223,0
56,126040,68,1826.6666666666667,0
51,141309,39,3532.725,0
50,61534,91,668.8478260869565,0
56,157582,32,4775.212121212121,0
83,191703,80,2366.703703703704,0
53,118210,32,3582.121212121212,1
89,90277,14,6018.466666666666,1
76,110269,60,1807.688524590164,1
86,69624,22,3027.1304347826085,1
53,42518,61,685.7741935483871,0
67,193497,56,3394.684210526316,0
41,72867,4,14573.4,1
70,30034,84,353.3411764705882,0
90,134802,15,8425.125,0
56,135600,41,3228.5714285714284,0
42,187312,66,2795.7014925373132,0
27,30540,39,763.5,1
85,166873,86,1918.0804597701149,0
54,158037,51,3039.173076923077,1
88,163274,15,10204.625,0
27,87761,67,1290.6029411764705,0
65,56642,63,885.03125,0
76,78347,23,3264.4583333333335,1
52,33758,62,535.8412698412699,1
84,84036,57,1448.896551724138,0
66,89917,72,1231.7397260273972,1
20,160391,90,1762.5384615384614,1
45,130702,36,3532.4864864864867,0
31,115764,90,1272.131868131868,0
63,103460,82,1246.5060240963855,0
18,138448,20,6592.761904761905,1
46,30836,3,7709.0,1
22,166547,94,1753.1263157894737,1
47,33967,35,943.5277777777778,0
83,134348,9,13434.8,1
36,82466,17,4581.444444444444,1
47,132561,38,3399.0,0
79,115638,76,1501.7922077922078,1
66,138698,18,7299.894736842105,1
72,71786,89,797.6222222222223,0
71,117346,70,1652.7605633802816,1
18,42160,41,1003.8095238095239,0
22,198942,8,22104.666666666668,1
86,77676,56,1362.7368421052631,0
49,47140,37,1240.5263157894738,1
75,109060,36,2947.5675675675675,1
24,97234,77,1246.5897435897436,0
62,62875,77,806.0897435897435,0
22,172241,67,2532.955882352941,1
89,139671,49,2793.42,0
86,24449,39,611.225,1
85,193075,56,3387.280701754386,1
53,50581,88,568.3258426966293,0
60,112778,75,1483.921052631579,0
28,185371,56,3252.122807017544,1
75,198681,31,6208.78125,1
53,49526,65,750.3939393939394,0
89,125523,38,3218.5384615384614,1
19,125750,90,1381.868131868132,1
85,20220,54,367.6363636363636,1
51,65183,13,4655.928571428572,0
82,120256,35,3340.4444444444443,0
68,174554,44,3878.9777777777776,1
20,195343,46,4156.234042553191,0
89,20781,98,209.9090909090909,0
32,28392,90,312.0,1
45,95151,60,1559.8524590163934,0
31,175692,65,2662.0,1
36,54849,54,997.2545454545455,0
71,182239,11,15186.583333333334,0
18,186343,39,4658.575,0
90,150565,76,1955.3896103896104,0
36,33819,15,2113.6875,0
28,110703,97,1129.6224489795918,1
60,41266,43,937.8636363636364,1
45,161436,52,3045.9622641509436,1
89,28583,38,732.8974358974359,1
35,20345,94,214.1578947368421,1
56,61849,59,1030.8166666666666,1
81,92296,98,932.2828282828283,1
87,195273,32,5917.363636363636,1
75,84976,41,2023.2380952380952,0
34,147584,90,1621.8021978021977,0
37,48249,46,1026.5744680851064,1
49,101393,73,1370.1756756756756,0
44,154556,32,4683.515151515152,0
21,131770,26,4880.37037037037,1
46,182726,75,2404.2894736842104,0
63,108734,46,2313.4893617021276,1
71,29239,99,292.39,1
28,23736,96,244.70103092783506,1
66,90677,81,1105.8170731707316,0
46,196693,16,11570.176470588236,0
41,161536,32,4895.030303030303,0
54,87531,95,911.78125,0
77,97261,86,1117.942528735632,0
24,64328,56,1128.561403508772,0
19,116460,28,4015.862068965517,0
33,74373,72,1018.8082191780821,1
61,108492,10,9862.90909090909,1
57,67185,4,13437.0,1
73,75261,32,2280.6363636363635,1
69,85610,37,2252.8947368421054,0
83,44294,65,671.1212121212121,1
22,140419,27,5014.964285714285,0
68,155409,81,1895.2317073170732,0
73,52153,63,814.890625,1
35,175169,3,43792.25,1
27,23763,61,383.2741935483871,0
45,50850,4,10170.0,1
64,165437,75,2176.8026315789475,0
83,190752,61,3076.6451612903224,0
61,137839,73,1862.6891891891892,0
29,179321,69,2561.7285714285713,1
55,27529,85,320.1046511627907,1
62,96351,1,48175.5,0
65,154138,30,4972.193548387097,0
90,97746,66,1458.8955223880596,0
63,79176,25,3045.230769230769,1
43,149393,79,1867.4125,1
28,90002,49,1800.04,0
43,68780,91,747.6086956521739,0
40,162729,88,1828.4157303370787,1
90,125458,6,17922.571428571428,1
25,105578,29,3519.266666666667,0
84,46765,29,1558.8333333333333,1
24,56186,29,1872.8666666666666,0
63,33107,17,1839.2777777777778,1
22,158934,34,4540.971428571429,1
58,180850,55,3229.464285714286,0
36,45569,92,489.98924731182797,1
65,134324,29,4477.466666666666,0
19,27687,65,419.5,0
19,54418,43,1236.7727272727273,0
90,90490,68,1311.4492753623188,1
48,22669,7,2833.625,1
51,104007,99,1040.07,0
37,55858,14,3723.866666666667,0
79,20099,37,528.921052631579,0
24,112014,81,1366.0243902439024,1
45,55771,11,4647.583333333333,0
41,188818,34,5394.8,0
80,36363,2,12121.0,1
30,114878,70,1618.0,1
28,140587,62,2231.5396825396824,0
66,196221,13,14015.785714285714,0
72,75836,42,1763.6279069767443,1
29,167011,53,3092.796296296296,0
36,54542,59,909.0333333333333,0
62,47783,90,525.0879120879121,1
88,143516,1,71758.0,0
60,142059,26,5261.444444444444,0
63,126471,63,1976.109375,0
21,169206,47,3525.125,1
32,26786,31,837.0625,1
44,88569,88,995.1573033707865,0
67,195050,41,4644.047619047619,1
40,30525,45,663.5869565217391,1
45,84271,26,3121.1481481481483,1
86,146612,51,2819.4615384615386,1
71,190839,68,2765.782608695652,0
19,144879,18,7625.210526315789,1
45,115337,77,1478.679487179487,1
57,163125,28,5625.0,1
64,166094,47,3460.2916666666665,0
87,121894,18,6415.473684210527,0
29,116130,85,1350.3488372093022,0
18,120315,70,1694.5774647887324,0
42,91856,84,1080.6588235294118,1
87,27235,12,2095.0,0
75,32847,11,2737.25,1
76,92158,5,15359.666666666666,0
20,37256,8,4139.555555555556,1
37,44090,51,847.8846153846154,0
89,172317,83,2051.3928571428573,1
25,122385,4,24477.0,0
48,111556,12,8581.23076923077,1
64,48081,51,924.6346153846154,1
21,75098,47,1564.5416666666667,1
50,53017,13,3786.9285714285716,0
63,145479,8,16164.333333333334,1
43,46689,55,833.7321428571429,0
64,68824,38,1764.7179487179487,0
90,180674,66,2696.626865671642,1
20,94885,28,3271.896551724138,1
34,158310,94,1666.421052631579,1
57,195216,95,2033.5,1
56,52741,16,3102.4117647058824,0
72,41907,27,1496.6785714285713,0
45,99361,54,1806.5636363636363,0
70,94421,69,1348.8714285714286,0
86,75356,91,819.0869565217391,0
38,29196,41,695.1428571428571,0
31,109026,90,1198.0879120879122,0
88,20371,85,236.87209302325581,0
60,77861,26,2883.740740740741,0
71,150494,2,50164.666666666664,0
21,92793,67,1364.6029411764705,1
28,136719,61,2205.1451612903224,1
44,30931,33,909.7352941176471,1
47,41895,97,427.5,1
74,145541,40,3549.7804878048782,0
87,23179,38,594.3333333333334,0
39,29010,89,322.3333333333333,1
42,175403,83,2088.1309523809523,0
47,184631,21,8392.318181818182,1
66,193778,3,48444.5,0
89,104592,19,5229.6,0
23,168026,36,4541.243243243243,1
57,31017,49,620.34,0
81,86459,61,1394.5,0
60,180607,23,7525.291666666667,1
55,144134,90,1583.89010989011,1
49,160728,70,2263.774647887324,1
83,29323,74,390.97333333333336,1
50,173265,8,19251.666666666668,0
63,116706,37,3071.2105263157896,1
22,98262,51,1889.6538461538462,1
19,151411,16,8906.529411764706,1
82,63807,25,2454.1153846153848,0
36,31628,70,445.46478873239437,0
36,182315,96,1879.5360824742268,0
54,72483,57,1249.7068965517242,0
33,28189,16,1658.1764705882354,1
53,81050,82,976.5060240963855,0
41,75876,38,1945.5384615384614,1
39,95414,93,1015.0425531914893,0
88,127402,70,1794.394366197183,0
28,115571,55,2063.7678571428573,1
31,154372,14,10291.466666666667,0
76,75718,15,4732.375,0
58,153228,58,2597.084745762712,0
46,106317,71,1476.625,1
31,167056,68,2421.1014492753625,1
82,150305,95,1565.6770833333333,1
36,52941,47,1102.9375,0
40,99836,46,2124.1702127659573,0
86,132580,47,2762.0833333333335,0
36,170119,67,2501.75,1
88,120763,40,2945.439024390244,1
76,169737,8,18859.666666666668,0
62,30490,22,1325.6521739130435,0
82,22201,70,312.6901408450704,0
90,198922,88,2235.078651685393,0
66,176182,30,5683.290322580645,0
45,144452,63,2257.0625,1
76,131009,28,4517.551724137931,0
58,98585,94,1037.7368421052631,1
65,60555,98,611.6666666666666,0
31,84502,87,960.25,0
58,58670,43,1333.409090909091,0
83,86236,14,5749.066666666667,1
90,106927,77,1370.8589743589744,1
84,198857,8,22095.222222222223,1
61,97053,14,6470.2,1
48,99165,98,1001.6666666666666,1
61,174035,15,10877.1875,0
32,112847,38,2893.5128205128203,0
80,49123,39,1228.075,0
23,125227,50,2455.4313725490197,0
67,126656,28,4367.448275862069,0
41,61679,62,979.031746031746,0
73,74248,86,853.4252873563219,0
76,175483,99,1754.83,0
59,162167,39,4054.175,0
66,106652,39,2666.3,0
23,155025,90,1703.5714285714287,0
47,176537,33,5192.264705882353,1
72,76998,61,1241.9032258064517,1
20,64432,44,1431.8222222222223,1
25,90761,100,898.6237623762377,0
83,36817,29,1227.2333333333333,1
82,47862,75,629.7631578947369,0
53,197719,63,3089.359375,0
84,176852,20,8421.52380952381,1
85,36455,65,552.3484848484849,0
74,38944,51,748.9230769230769,1
53,60131,6,8590.142857142857,1
64,38351,31,1198.46875,0
27,106844,82,1287.2771084337348,1
46,158448,43,3601.090909090909,1
38,156198,19,7809.9,1
89,55274,6,7896.285714285715,1
54,35976,60,589.7704918032787,0
23,172263,1,86131.5,0
42,145652,23,6068.833333333333,0
47,72894,74,971.92,1
23,167733,47,3494.4375,1
36,199311,55,3559.125,1
73,154518,38,3962.0,1
25,76704,87,871.6363636363636,1
32,188391,75,2478.8289473684213,0
84,145848,73,1970.918918918919,1
81,91820,57,1583.103448275862,1
78,128604,95,1339.625,0
62,66156,93,703.7872340425532,1
39,123404,76,1602.6493506493507,1
31,122542,88,1376.876404494382,0
60,146098,2,48699.333333333336,0
74,188430,93,2004.5744680851064,0
87,173786,61,2803.0,1
51,103181,6,14740.142857142857,0
85,111138,37,2924.684210526316,1
41,80972,81,987.4634146341464,0
27,140387,13,10027.642857142857,0
71,85158,6,12165.42857142857,1
90,89559,75,1178.407894736842,1
45,48263,26,1787.5185185185185,0
66,178077,73,2406.445945945946,1
48,138048,26,5112.888888888889,0
68,93634,9,9363.4,0
42,101280,21,4603.636363636364,0
81,123857,25,4763.7307692307695,1
54,157466,88,1769.2808988764045,0
32,79803,21,3627.409090909091,1
39,100940,21,4588.181818181818,1
61,156934,83,1868.2619047619048,0
50,157503,51,3028.903846153846,1
41,133302,33,3920.6470588235293,1
84,51101,12,3930.846153846154,1
65,49458,64,760.8923076923077,1
64,84947,61,1370.1129032258063,1
56,140395,88,1577.4719101123596,0
54,46618,3,11654.5,1
18,155057,55,2768.875,0
55,70451,46,1498.9574468085107,0
30,115096,47,2397.8333333333335,1
33,47307,52,892.5849056603773,1
34,118218,40,2883.3658536585367,1
33,102335,62,1624.3650793650793,0
57,139743,27,4990.821428571428,1
65,183533,77,2352.9871794871797,0
74,146698,8,16299.777777777777,0
30,165161,72,2262.4794520547944,1
34,48528,73,655.7837837837837,1
55,27198,84,319.9764705882353,0
45,121660,62,1931.111111111111,0
61,89797,93,955.2872340425532,0
65,185327,52,3496.735849056604,1
45,76338,12,5872.153846153846,0
50,174782,72,2394.27397260274,0
84,146807,18,7726.684210526316,1
59,127066,21,5775.727272727273,1
36,127158,86,1461.5862068965516,0
37,107706,4,21541.2,0
70,132571,60,2173.2950819672133,0
50,79242,85,921.4186046511628,1
23,51230,39,1280.75,1
80,38880,30,1254.1935483870968,1
59,90374,85,1050.860465116279,0
71,69530,85,808.4883720930233,0
87,71891,69,1027.0142857142857,0
30,73207,100,724.8217821782179,0
39,151099,24,6043.96,1
71,128026,67,1882.735294117647,1
31,106040,13,7574.285714285715,1
81,141958,73,1918.3513513513512,0
31,32923,73,444.9054054054054,1
57,62455,86,717.8735632183908,0
32,36911,45,802.4130434782609,0
37,75854,82,913.9036144578313,1
73,134367,13,9597.642857142857,1
28,29964,3,7491.0,1
27,91340,93,971.7021276595744,0
32,53009,54,963.8,1
21,174369,22,7581.260869565217,1
39,124862,87,1418.8863636363637,0
52,178392,63,2787.375,0
46,98824,96,1018.8041237113403,0
65,116640,97,1190.204081632653,0
38,162790,12,12522.307692307691,0
34,131975,11,10997.916666666666,0
71,124441,1,62220.5,1
50,37264,39,931.6,0
80,114452,69,1635.0285714285715,0
74,80165,100,793.7128712871287,0
27,130022,9,13002.2,0
89,188278,35,5229.944444444444,1
71,57410,92,617.3118279569892,0
77,74167,36,2004.5135135135135,0
26,66719,35,1853.3055555555557,1
33,121380,73,1640.2702702702702,0
30,114427,32,3467.4848484848485,1
86,141595,57,2441.293103448276,0
80,171440,85,1993.4883720930231,1
86,107036,94,1126.6947368421052,0
25,141320,90,1552.967032967033,1
29,98113,92,1054.978494623656,0
27,169795,5,28299.166666666668,0
37,157043,98,1586.2929292929293,0
71,117413,85,1365.2674418604652,0
64,136508,3,34127.0,0
90,156060,44,3468.0,1
35,86367,53,1599.388888888889,0
19,157587,46,3352.9148936170213,1
67,26777,81,326.5487804878049,1
87,23801,84,280.01176470588234,1
75,29712,61,479.2258064516129,1
19,147094,89,1634.3777777777777,1
56,130708,69,1867.2571428571428,0
50,190631,44,4236.2444444444445,1
35,119585,96,1232.8350515463917,0
49,51273,11,4272.75,0
31,42052,12,3234.769230769231,1
31,49167,46,1046.1063829787233,1
73,28198,19,1409.9,1
40,80047,91,870.0760869565217,1
63,27275,91,296.4673913043478,0
82,57048,21,2593.090909090909,0
59,91085,94,958.7894736842105,1
57,183033,57,3155.7413793103447,0
28,36996,23,1541.5,1
44,56038,94,589.8736842105263,0
53,51464,56,902.8771929824561,0
45,25715,16,1512.6470588235295,1
77,99488,87,1130.5454545454545,1
47,109578,10,9961.636363636364,0
76,45703,89,507.81111111111113,1
90,63733,45,1385.5,1
69,70867,44,1574.8222222222223,1
63,124465,40,3035.731707317073,1
69,79872,96,823.4226804123712,0
35,70164,6,10023.42857142857,0
66,89666,90,985.3406593406594,1
34,198035,76,2571.883116883117,0
24,83502,66,1246.2985074626865,1
27,133682,96,1378.1649484536083,1
44,34081,97,347.765306122449,1
21,49818,71,691.9166666666666,1
20,131997,50,2588.176470588235,0
50,80595,90,885.6593406593406,0
44,67179,30,2167.064516129032,1
83,28494,27,1017.6428571428571,1
80,28258,88,317.5056179775281,1
30,109945,15,6871.5625,0
58,118378,99,1183.78,1
60,58502,13,4178.714285714285,1
59,154407,80,1906.2592592592594,1
41,69705,15,4356.5625,1
83,175477,40,4279.926829268293,0
72,129411,12,9954.692307692309,1
46,110969,82,1336.9759036144578,0
37,100971,73,1364.472972972973,0
76,145226,12,11171.23076923077,0
55,105923,42,2463.3255813953488,1
53,50961,47,1061.6875,1
45,165445,42,3847.5581395348836,0
73,73108,28,2520.9655172413795,1
76,66685,80,823.2716049382716,1
20,161583,87,1836.1704545454545,1
27,176907,70,2491.6478873239435,1
87,191881,57,3308.293103448276,0
58,119478,63,1866.84375,0
67,116530,77,1493.974358974359,0
60,34536,18,1817.6842105263158,1
61,150055,55,2679.5535714285716,1
69,180097,76,2338.9220779220777,0
36,190295,62,3020.5555555555557,0
81,88617,88,995.6966292134831,0
77,45844,7,5730.5,0
55,101391,23,4224.625,0
58,167931,11,13994.25,1
47,169473,79,2118.4125,0
45,169698,67,2495.5588235294117,0
67,156079,74,2081.0533333333333,1
41,37725,1,18862.5,1
90,47636,41,1134.1904761904761,0
71,147191,14,9812.733333333334,0
71,128429,80,1585.5432098765432,0
87,129549,34,3701.4,0
89,156408,58,2650.9830508474574,0
56,118039,98,1192.3131313131314,1
69,127524,55,2277.214285714286,1
84,57477,46,1222.9148936170213,0
82,55389,94,583.0421052631579,1
43,54283,66,810.1940298507462,1
90,55068,95,573.625,0
28,47264,33,1390.1176470588234,1
76,124798,86,1434.4597701149426,0
40,148832,48,3037.387755102041,0
40,66335,79,829.1875,1
87,110012,58,1864.6101694915253,0
37,111857,26,4142.851851851852,0
39,22021,56,386.3333333333333,0
64,140772,6,20110.285714285714,0
78,100416,4,20083.2,1
57,195350,15,12209.375,1
77,58031,67,853.3970588235294,1
83,110828,73,1497.6756756756756,1
39,188240,94,1981.4736842105262,0
85,131752,69,1882.1714285714286,1
22,85430,44,1898.4444444444443,0
52,26254,89,291.7111111111111,0
59,131258,53,2430.703703703704,0
54,158940,47,3311.25,1
47,136377,88,1532.3258426966293,0
59,38850,26,1438.888888888889,1
89,195566,43,4444.681818181818,1
80,77843,62,1235.6031746031747,1
31,64577,98,652.2929292929293,0
49,86409,49,1728.18,1
48,153694,21,6986.090909090909,1
39,134122,8,14902.444444444445,0
83,111307,18,5858.263157894737,1
33,84964,22,3694.086956521739,0
66,142425,45,3096.195652173913,1
60,44033,24,1761.32,1
62,154452,42,3591.906976744186,1
85,145507,72,1993.2465753424658,1
75,94205,66,1406.044776119403,1
52,24554,86,282.2298850574713,1
36,97313,9,9731.3,0
23,79168,97,807.8367346938776,1
28,191013,80,2358.185185185185,0
24,100297,67,1474.9558823529412,0
66,183788,43,4177.0,1
78,173130,30,5584.8387096774195,1
46,22385,7,2798.125,1
88,100461,20,4783.857142857143,1
83,146200,65,2215.151515151515,1
19,195634,46,4162.425531914893,0
77,164948,53,3054.5925925925926,0
40,94867,48,1936.061224489796,1
27,156024,100,1544.7920792079208,0
68,101659,85,1182.0813953488373,0
27,194126,20,9244.095238095239,0
37,183044,92,1968.215053763441,0
49,91973,65,1393.530303030303,1
69,68776,34,1965.0285714285715,1
78,21462,18,1129.578947368421,0
80,138334,37,3640.3684210526317,1
64,101491,46,2159.3829787234044,1
25,31919,99,319.19,0
52,199713,77,2560.423076923077,1
48,72871,40,1777.341463414634,1
86,175408,64,2698.5846153846155,0
65,20355,22,885.0,1
44,181374,6,25910.571428571428,0
82,39535,98,399.34343434343435,0
26,34979,30,1128.3548387096773,1
20,146441,98,1479.20202020202,0
28,29089,94,306.2,0
56,75870,2,25290.0,1
66,52780,22,2294.782608695652,0
61,150843,78,1909.4050632911392,1
49,90838,28,3132.344827586207,1
38,52284,78,661.8227848101266,1
82,125990,70,1774.5070422535211,1
85,81606,68,1182.695652173913,1
47,89529,50,1755.4705882352941,1
74,24735,64,380.53846153846155,1
51,106652,56,1871.0877192982457,1
88,24166,85,281.0,1
23,56065,80,692.1604938271605,0
59,25613,81,312.3536585365854,1
38,34985,47,728.8541666666666,1
51,77824,15,4864.0,1
51,109011,95,1135.53125,1
24,160238,75,2108.3947368421054,1
84,59116,50,1159.137254901961,0
29,184519,13,13179.92857142857,1
83,78154,72,1070.6027397260275,1
58,105489,85,1226.6162790697674,0
22,159312,100,1577.3465346534654,1
46,66543,86,764.8620689655172,1
71,133627,44,2969.488888888889,1
24,169427,54,3080.490909090909,1
81,175637,43,3991.75,0
24,153821,92,1653.989247311828,0
60,48694,53,901.7407407407408,1
33,41261,18,2171.6315789473683,0
41,198439,26,7349.592592592592,1
57,87053,58,1475.4745762711864,1
72,68270,77,875.2564102564103,1
35,45610,49,912.2,0
24,185184,56,3248.842105263158,1
79,163698,59,2728.3,0
28,62753,47,1307.3541666666667,1
57,117822,53,2181.8888888888887,1
26,39453,34,1127.2285714285715,1
60,155208,16,9129.882352941177,1
83,55593,63,868.640625,1
44,64682,46,1376.212765957447,1
71,135751,81,1655.5,1
50,101535,6,14505.0,1
45,26640,50,522.3529411764706,0
55,28105,27,1003.75,1
76,23693,95,246.80208333333334,1
57,54099,34,1545.6857142857143,1
80,131654,74,1755.3866666666668,1
20,75803,58,1284.7966101694915,0
48,189401,77,2428.2179487179487,0
43,140866,16,8286.235294117647,0
47,198832,67,2924.0,0
20,43212,64,664.8,0
90,138681,19,6934.05,1
39,32219,50,631.7450980392157,0
28,101305,91,1101.141304347826,1
18,84902,24,3396.08,1
33,180309,20,8586.142857142857,1
26,122490,90,1346.043956043956,0
77,43200,15,2700.0,1
20,194470,93,2068.8297872340427,0
31,127167,63,1986.984375,1
85,86134,38,2208.5641025641025,0
86,194061,34,5544.6,0
52,129280,29,4309.333333333333,1
68,158545,51,3048.9423076923076,1
61,160123,82,1929.1927710843374,1
68,75209,97,767.4387755102041,0
78,30989,20,1475.6666666666667,0
63,108792,20,5180.571428571428,0
75,35704,45,776.1739130434783,1
45,46707,75,614.5657894736842,1
40,92430,37,2432.3684210526317,0
27,156431,29,5214.366666666667,1
75,148680,95,1548.75,1
89,172055,72,2356.917808219178,1
56,78438,87,891.3409090909091,0
37,56797,27,2028.4642857142858,0
19,30046,80,370.9382716049383,0
48,125222,23,5217.583333333333,1
82,115943,34,3312.657142857143,1
66,43291,27,1546.107142857143,1
37,174730,24,6989.2,1
59,117430,74,1565.7333333333333,1
59,193446,52,3649.9245283018868,0
24,143671,21,6530.5,1
80,192792,94,2029.3894736842105,1
57,155997,89,1733.3,1
70,146771,89,1630.7888888888888,1
31,60412,66,901.6716417910447,1
89,167876,73,2268.5945945945946,1
81,162703,68,2358.014492753623,1
87,33820,83,402.6190476190476,1
60,32227,21,1464.8636363636363,0
87,118554,96,1222.2061855670104,0
79,40941,81,499.280487804878,0
49,178791,31,5587.21875,0
25,34936,78,442.2278481012658,1
45,78354,49,1567.08,1
90,188422,88,2117.1011235955057,1
21,149436,64,2299.0153846153844,1
24,138382,57,2385.896551724138,0
37,195484,3,48871.0,0
45,96545,95,1005.6770833333334,1
66,56554,50,1108.9019607843138,1
58,71672,26,2654.5185185185187,0
28,23061,52,435.1132075471698,0
86,113516,42,2639.906976744186,0
58,137517,33,4044.6176470588234,0
42,165762,78,2098.253164556962,1
49,168825,26,6252.777777777777,0
50,76296,50,1496.0,1
37,35610,1,17805.0,0
50,41352,26,1531.5555555555557,0
31,142165,4,28433.0,1
20,92138,95,959.7708333333334,1
37,40875,76,530.8441558441558,0
88,156479,99,1564.79,0
77,150813,63,2356.453125,0
74,69666,90,765.5604395604396,1
42,37827,19,1891.35,0
89,90885,3,22721.25,1
82,28622,41,681.4761904761905,1
73,63687,34,1819.6285714285714,0
40,180304,34,5151.542857142857,1
72,166861,5,27810.166666666668,0
74,107058,98,1081.3939393939395,1
21,105702,45,2297.8695652173915,1
75,188894,53,3498.037037037037,0
61,34797,56,610.4736842105264,1
22,35461,91,385.44565217391306,0
87,112278,39,2806.95,0
41,177747,48,3627.4897959183672,1
69,112182,68,1625.8260869565217,0
62,145885,58,2472.6271186440677,0
88,38911,56,682.6491228070175,1
44,153788,38,3943.2820512820513,0
48,49319,51,948.4423076923077,0
78,135681,61,2188.4032258064517,1
78,56820,24,2272.8,1
27,134341,23,5597.541666666667,0
80,99830,14,6655.333333333333,1
51,67344,15,4209.0,0
70,170801,91,1856.5326086956522,1
82,65234,56,1144.4561403508771,0
31,96768,72,1325.5890410958905,1
44,163765,1,81882.5,0
79,159145,73,2150.608108108108,1
80,101493,93,1079.712765957447,1
74,51833,73,700.4459459459459,1
70,30582,83,364.07142857142856,1
77,132017,11,11001.416666666666,0
76,176227,42,4098.302325581395,1
88,186603,83,2221.464285714286,1
78,101804,19,5090.2,1
51,97368,75,1281.157894736842,1
23,170675,65,2585.9848484848485,1
72,60285,14,4019.0,1
72,110321,37,2903.184210526316,1
55,56245,43,1278.2954545454545,1
84,60033,85,698.0581395348837,1
75,187366,60,3071.5737704918033,0
26,126691,11,10557.583333333334,1
72,187359,90,2058.8901098901097,1
81,86557,26,3205.814814814815,0
48,187850,58,3183.898305084746,1
59,32878,50,644.6666666666666,1
55,23242,55,415.0357142857143,1
85,42915,86,493.2758620689655,0
65,76673,64,1179.5846153846153,0
67,22778,82,274.43373493975906,1
73,70765,16,4162.64705882353,1
78,69309,95,721.96875,1
86,82814,80,1022.395061728395,0
61,189845,72,2600.6164383561645,0
44,94604,7,11825.5,1
79,156028,27,5572.428571428572,1
24,50694,17,2816.3333333333335,0
88,157602,51,3030.8076923076924,1
49,105129,61,1695.6290322580646,1
57,126829,41,3019.7380952380954,0
78,102629,16,6037.0,1
65,40182,68,582.3478260869565,0
76,116909,11,9742.416666666666,0
68,124708,45,2711.0434782608695,1
76,190324,58,3225.830508474576,1
49,123510,89,1372.3333333333333,1
22,73543,43,1671.4318181818182,0
81,53714,4,10742.8,0
36,111918,78,1416.6835443037974,0
35,39026,39,975.65,1
70,38434,26,1423.4814814814815,1
69,53696,69,767.0857142857143,0
23,101111,25,3888.8846153846152,0
48,102073,17,5670.722222222223,1
58,67162,49,1343.24,1
57,188735,57,3254.051724137931,0
56,169813,92,1825.9462365591398,1
47,172454,98,1741.959595959596,0
63,21792,9,2179.2,1
59,134608,86,1547.2183908045977,1
35,156419,65,2369.9848484848485,1
38,112064,10,10187.636363636364,0
41,136329,91,1481.8369565217392,1
19,101590,82,1223.9759036144578,0
62,68011,61,1096.9516129032259,0
60,148327,83,1765.797619047619,1
19,160984,38,4127.794871794872,0
18,53853,44,1196.7333333333333,0
54,83531,1,41765.5,1
36,158956,73,2148.054054054054,1
79,48032,67,706.3529411764706,1
80,70927,89,788.0777777777778,1
57,106820,57,1841.7241379310344,0
48,41914,53,776.1851851851852,0
28,56055,53,1038.0555555555557,0
42,84790,33,2493.823529411765,0
20,135114,48,2757.4285714285716,1
55,92486,18,4867.684210526316,1
64,138932,17,7718.444444444444,0
24,55508,58,940.8135593220339,0
56,84684,65,1283.090909090909,1
57,182967,47,3811.8125,1
40,58187,35,1616.3055555555557,1
62,163626,56,2870.6315789473683,1
53,25506,97,260.265306122449,0
86,102044,81,1244.439024390244,1
53,160695,64,2472.230769230769,0
52,141301,9,14130.1,1
64,134054,95,1396.3958333333333,1
56,154810,84,1821.2941176470588,1
23,141318,14,9421.2,0
36,173255,88,1946.685393258427,1
65,135394,24,5415.76,1
69,31720,66,473.43283582089555,0
80,35833,34,1023.8,0
23,94318,17,5239.888888888889,0
74,112101,37,2950.0263157894738,0
49,51025,87,579.8295454545455,1
20,22523,75,296.35526315789474,0
32,141761,78,1794.4430379746836,1
46,163776,90,1799.7362637362637,1
35,175264,24,7010.56,0
65,174120,73,2352.972972972973,0
84,102166,27,3648.785714285714,1
46,53192,79,664.9,0
80,120393,86,1383.8275862068965,1
65,135902,59,2265.0333333333333,0
20,191829,8,21314.333333333332,0
44,93405,25,3592.5,0
28,50500,58,855.9322033898305,1
36,160512,59,2675.2,0
39,194581,72,2665.4931506849316,0
52,193848,23,8077.0,1
20,165253,23,6885.541666666667,1
32,181667,44,4037.0444444444443,1
47,32124,59,535.4,1
55,143656,58,2434.8474576271187,1
82,155021,50,3039.627450980392,0
28,82395,22,3582.391304347826,0
58,109508,34,3128.8,0
19,147702,16,8688.35294117647,0
90,88833,10,8075.727272727273,1
82,102847,67,1512.4558823529412,0
77,38030,31,1188.4375,1
60,111051,65,1682.590909090909,0
66,32763,47,682.5625,0
53,138764,7,17345.5,1
65,102890,20,4899.523809523809,0
39,111336,59,1855.6,0
31,144163,81,1758.0853658536585,1
45,103462,96,1066.618556701031,0
86,87433,9,8743.3,1
55,45398,70,639.4084507042254,1
89,76187,7,9523.375,0
33,190809,77,2446.269230769231,0
69,165861,53,3071.5,1
74,57904,74,772.0533333333333,1
47,45079,20,2146.6190476190477,1
68,95857,91,1041.9239130434783,1
21,184405,38,4728.333333333333,1
78,107050,27,3823.214285714286,0
54,190868,50,3742.5098039215686,1
72,59287,90,651.5054945054945,0
66,142959,66,2133.716417910448,1
41,196237,100,1942.9405940594058,0
87,42459,73,573.7702702702703,1
47,51139,78,647.3291139240506,1
42,57268,32,1735.3939393939395,1
47,56571,99,565.71,1
45,99942,80,1233.851851851852,1
42,129035,40,3147.1951219512193,1
41,59599,72,816.4246575342465,1
42,33086,89,367.6222222222222,0
70,193481,8,21497.88888888889,1
46,120954,41,2879.8571428571427,0
46,117189,36,3167.2702702702704,1
64,26416,12,2032.0,0
18,57921,37,1524.2368421052631,0
31,36590,68,530.2898550724638,1
75,104186,59,1736.4333333333334,0
30,158557,95,1651.6354166666667,0
35,164267,79,2053.3375,0
76,136509,4,27301.8,1
31,21442,100,212.2970297029703,1
77,117460,74,1566.1333333333334,1
35,26509,44,589.0888888888888,0
81,154744,72,2119.780821917808,1
48,161732,54,2940.581818181818,0
45,41681,66,622.1044776119403,1
56,159785,26,5917.962962962963,1
59,61418,96,633.1752577319587,1
70,145707,84,1714.2,0
40,82312,42,1914.2325581395348,1
69,116437,41,2772.309523809524,0
33,98332,43,2234.818181818182,0
24,103864,60,1702.688524590164,0
53,129720,87,1474.090909090909,1
40,124700,96,1285.5670103092784,0
80,179651,72,2460.972602739726,1
39,23432,18,1233.2631578947369,1
75,121234,42,2819.3953488372094,1
30,110422,22,4800.95652173913,0
23,56526,2,18842.0,0
35,68489,52,1292.245283018868,1
51,82317,65,1247.2272727272727,1
49,187255,76,2431.883116883117,1
81,196657,55,3511.7321428571427,0
62,48902,98,493.95959595959596,0
39,91197,97,930.5816326530612,0
38,58854,21,2675.181818181818,0
89,177237,81,2161.4268292682927,0
33,169302,13,12093.0,1
37,24943,67,366.80882352941177,1
72,89321,67,1313.5441176470588,0
36,104117,24,4164.68,1
21,74241,54,1349.8363636363636,0
55,171449,92,1843.5376344086021,0
65,179167,33,5269.617647058823,1
39,78256,46,1665.0212765957447,1
83,87096,74,1161.28,0
60,97216,100,962.5346534653465,1
30,169368,84,1992.5647058823529,0
24,176332,90,1937.7142857142858,0
85,147812,25,5685.076923076923,1
72,195763,30,6314.935483870968,0
78,40763,44,905.8444444444444,0
20,81845,30,2640.1612903225805,1
27,155070,32,4699.090909090909,1
25,31294,34,894.1142857142858,0
84,190681,63,2979.390625,0
61,173805,29,5793.5,0
66,108920,51,2094.6153846153848,0
69,83171,13,5940.785714285715,1
67,146082,95,1521.6875,1
22,168712,43,3834.3636363636365,0
34,169358,8,18817.555555555555,1
60,86987,63,1359.171875,1
61,47253,89,525.0333333333333,0
87,108702,7,13587.75,1
60,175647,100,1739.079207920792,0
46,141133,85,1641.0813953488373,1
46,38576,98,389.65656565656565,0
84,183759,13,13125.642857142857,1
85,98494,45,2141.1739130434785,1
84,104109,10,9464.454545454546,1
44,20523,14,1368.2,0
28,51280,82,617.8313253012049,1
66,123043,84,1447.5647058823529,0
64,88754,91,964.7173913043479,0
79,168841,77,2164.628205128205,0
65,155054,16,9120.823529411764,0
69,28770,2,9590.0,0
68,114751,95,1195.3229166666667,1
89,170071,90,1868.9120879120878,1
65,106072,29,3535.733333333333,1
50,195053,21,8866.045454545454,0
88,97358,85,1132.0697674418604,1
45,67993,53,1259.1296296296296,0
88,87720,23,3655.0,1
78,110377,55,1971.017857142857,0
70,88078,88,989.6404494382023,1
77,46473,37,1222.9736842105262,0
26,179006,45,3891.4347826086955,1
19,60638,10,5512.545454545455,0
65,147477,21,6703.5,1
29,49570,54,901.2727272727273,0
82,168750,72,2311.6438356164385,1
54,125335,100,1240.9405940594058,1
61,33281,16,1957.7058823529412,0
44,166156,4,33231.2,0
79,120696,90,1326.3296703296703,0
70,84508,43,1920.6363636363637,1
61,178582,36,4826.540540540541,1
47,177032,97,1806.4489795918366,1
27,59810,31,1869.0625,0
78,31133,36,841.4324324324324,1
19,190097,8,21121.88888888889,0
89,50896,85,591.8139534883721,1
33,147458,7,18432.25,0
80,32165,26,1191.2962962962963,0
67,75155,61,1212.1774193548388,1
50,163078,13,11648.42857142857,1
90,58788,73,794.4324324324324,0
85,108154,63,1689.90625,1
33,51520,46,1096.1702127659576,1
51,80546,75,1059.8157894736842,0
23,142802,37,3757.9473684210525,0
39,40482,43,920.0454545454545,1
33,164716,65,2495.6969696969695,1
32,34769,58,589.3050847457627,1
55,136353,20,6493.0,1
37,135399,42,3148.813953488372,0
45,162345,47,3382.1875,0
88,128026,10,11638.727272727272,0
26,154024,91,1674.1739130434783,0
80,122636,99,1226.36,1
44,56112,55,1002.0,1
32,48281,35,1341.138888888889,0
33,22449,43,510.20454545454544,0
86,116919,19,5845.95,1
54,101126,17,5618.111111111111,0
63,74870,95,779.8958333333334,1
88,185467,32,5620.212121212121,0
18,115540,92,1242.3655913978494,0
37,90674,2,30224.666666666668,0
32,103827,71,1442.0416666666667,0
56,87453,32,2650.090909090909,0
35,52147,36,1409.3783783783783,0
21,125928,65,1908.0,1
70,184961,50,3626.6862745098038,0
30,25065,67,368.6029411764706,1
65,136198,5,22699.666666666668,0
82,104849,36,2833.7567567567567,1
21,192240,73,2597.837837837838,0
52,122258,1,61129.0,1
61,141874,46,3018.595744680851,0
29,116948,32,3543.878787878788,1
53,104843,76,1361.5974025974026,0
42,72845,56,1277.982456140351,0
55,99278,62,1575.8412698412699,1
53,125375,82,1510.5421686746988,0
83,113192,79,1414.9,0
57,33917,20,1615.095238095238,0
53,172866,10,15715.09090909091,0
65,117574,52,2218.377358490566,0
88,143631,66,2143.7462686567164,0
27,179932,35,4998.111111111111,0
73,89756,31,2804.875,1
67,72412,13,5172.285714285715,0
42,33706,33,991.3529411764706,0
67,64446,93,685.5957446808511,0
67,26991,62,428.42857142857144,0
26,82271,2,27423.666666666668,1
71,79731,10,7248.272727272727,1
33,180165,36,4869.324324324324,0
49,70909,50,1390.3725490196077,1
50,171544,37,4514.315789473684,0
71,166183,94,1749.2947368421053,0
30,176553,11,14712.75,1
76,22194,12,1707.2307692307693,0
79,29397,78,372.11392405063293,1
24,34050,67,500.7352941176471,0
90,181990,65,2757.4242424242425,1
58,101429,10,9220.818181818182,1
56,196558,78,2488.0759493670885,0
27,177363,53,3284.5,1
37,40580,71,563.6111111111111,0
49,38456,33,1131.0588235294117,0
67,119717,79,1496.4625,1
74,139379,20,6637.0952380952385,1
24,90135,63,1408.359375,1
21,41935,44,931.8888888888889,0
35,108771,51,2091.75,1
78,180936,1,90468.0,0
30,103702,49,2074.04,1
55,130487,39,3262.175,0
68,54771,30,1766.8064516129032,0
81,160694,64,2472.2153846153847,0
63,23152,25,890.4615384615385,0
32,197019,83,2345.464285714286,0
61,172849,5,28808.166666666668,1
61,137100,27,4896.428571428572,1
63,104018,27,3714.9285714285716,0
90,143895,96,1483.4536082474226,1
30,58399,63,912.484375,0
47,22657,65,343.2878787878788,0
21,49320,75,648.9473684210526,1
18,190705,91,2072.8804347826085,1
80,96118,21,4369.0,1
22,72925,52,1375.9433962264152,0
32,149132,4,29826.4,1
64,169613,44,3769.177777777778,1
72,137967,53,2554.9444444444443,1
88,22715,68,329.2028985507246,1
41,189634,61,3058.6129032258063,0
27,187945,21,8542.954545454546,1
29,128568,11,10714.0,1
48,188371,14,12558.066666666668,0
33,126719,60,2077.3606557377047,1
28,73785,2,24595.0,1
37,105204,66,1570.2089552238806,1
55,46205,33,1358.9705882352941,1
74,148416,7,18552.0,0
36,161836,37,4258.8421052631575,0
87,70828,51,1362.076923076923,0
29,23112,35,642.0,1
42,111628,21,5074.0,1
64,54276,51,1043.7692307692307,1
59,58845,59,980.75,1
62,193650,37,5096.0526315789475,0
59,143342,90,1575.1868131868132,0
56,197691,37,5202.394736842105,1
57,192603,34,5502.942857142857,1
22,54200,86,622.9885057471264,0
78,59623,40,1454.219512195122,1
58,165691,100,1640.5049504950496,1
20,52121,31,1628.78125,1
60,118265,12,9097.307692307691,1
36,26705,40,651.3414634146342,1
74,105191,90,1155.9450549450548,1
42,96732,97,987.0612244897959,0
65,141561,52,2670.9622641509436,0
57,34893,68,505.69565217391306,1
50,153964,47,3207.5833333333335,0
40,150713,18,7932.263157894737,0
55,60437,61,974.7903225806451,0
45,34549,85,401.7325581395349,1
25,193573,29,6452.433333333333,0
68,144032,26,5334.518518518518,1
81,65270,5,10878.333333333334,1
47,141579,87,1608.8522727272727,1
61,101577,53,1881.0555555555557,1
44,23446,72,321.17808219178085,1
41,150062,69,2143.7428571428572,1
80,179282,58,3038.677966101695,1
55,199614,55,3564.535714285714,0
28,159058,19,7952.9,0
35,20912,3,5228.0,1
45,93658,100,927.3069306930693,0
63,192343,9,19234.3,1
63,73785,40,1799.6341463414635,1
22,73333,24,2933.32,1
70,199547,41,4751.119047619048,0
72,84239,79,1052.9875,1
80,78920,53,1461.4814814814815,0
51,47836,100,473.6237623762376,1
35,196723,76,2554.844155844156,0
68,110679,68,1604.0434782608695,1
50,21994,45,478.1304347826087,1
31,118283,50,2319.274509803922,0
70,195190,34,5576.857142857143,0
65,49263,83,586.4642857142857,0
65,39486,55,705.1071428571429,1
20,110242,48,2249.8367346938776,1
22,117912,36,3186.810810810811,1
51,187436,45,4074.695652173913,1
30,189461,86,2177.712643678161,0
51,193850,39,4846.25,0
51,41257,57,711.3275862068965,0
50,55256,92,594.1505376344086,0
38,170279,40,4153.1463414634145,0
30,158705,91,1725.054347826087,0
37,104728,44,2327.288888888889,1
64,168624,37,4437.473684210527,0
18,157898,84,1857.6235294117646,0
22,183378,65,2778.4545454545455,1
26,135506,78,1715.26582278481,1
82,37381,45,812.6304347826087,1
60,46450,54,844.5454545454545,0
39,158410,48,3232.8571428571427,1
70,174278,5,29046.333333333332,0
57,196185,48,4003.7755102040815,0
61,95125,3,23781.25,0
39,35860,27,1280.7142857142858,0
44,165723,27,5918.678571428572,0
71,119180,31,3724.375,1
51,120782,75,1589.2368421052631,1
84,117165,82,1411.6265060240964,0
70,182796,79,2284.95,1
41,80971,95,843.4479166666666,1
62,194558,92,2092.021505376344,0
28,78137,14,5209.133333333333,1
35,98139,100,971.6732673267327,1
22,83696,8,9299.555555555555,0
26,46235,50,906.5686274509804,1
30,134115,60,2198.6065573770493,0
28,31441,52,593.2264150943396,1
84,176340,50,3457.6470588235293,0
51,192263,70,2707.9295774647885,0
75,187196,61,3019.2903225806454,0
68,189200,53,3503.703703703704,0
22,104678,66,1562.358208955224,1
29,28575,35,793.75,1
36,127359,57,2195.844827586207,0
18,167578,52,3161.8490566037735,0
64,94168,18,4956.210526315789,1
18,186757,41,4446.5952380952385,1
68,155387,28,5358.172413793103,1
75,28949,71,402.06944444444446,0
78,45548,2,15182.666666666666,1
56,135556,15,8472.25,1
60,46869,83,557.9642857142857,0
89,183174,85,2129.9302325581393,0
29,152347,42,3542.953488372093,1
18,156296,65,2368.121212121212,1
42,45783,39,1144.575,1
43,36272,1,18136.0,0
46,75011,52,1415.301886792453,0
87,167852,55,2997.3571428571427,0
86,66945,25,2574.8076923076924,0
41,46200,79,577.5,0
28,47021,10,4274.636363636364,0
68,78877,36,2131.810810810811,0
82,139868,20,6660.380952380952,0
50,83716,53,1550.2962962962963,1
47,170236,72,2332.0,1
33,103846,23,4326.916666666667,0
30,191201,15,11950.0625,1
80,52854,62,838.952380952381,1
43,80208,18,4221.473684210527,1
66,99087,30,3196.3548387096776,0
50,56039,31,1751.21875,1
42,196234,46,4175.191489361702,0
30,38986,93,414.74468085106383,1
48,116714,47,2431.5416666666665,0
23,74068,42,1722.5116279069769,1
38,116821,77,1497.7051282051282,1
53,88746,35,2465.1666666666665,0
74,50910,10,4628.181818181818,1
55,188205,64,2895.4615384615386,0
72,155516,78,1968.5569620253164,0
88,192831,11,16069.25,0
64,130780,82,1575.6626506024097,1
35,86497,86,994.2183908045977,1
22,95043,32,2880.090909090909,1
48,180215,98,1820.3535353535353,1
83,128097,77,1642.2692307692307,0
90,47073,77,603.5,1
35,42185,8,4687.222222222223,1
48,137233,95,1429.5104166666667,1
42,22615,31,706.71875,1
80,170163,26,6302.333333333333,0
68,43701,18,2300.0526315789475,0
31,38068,99,380.68,0
20,60979,15,3811.1875,0
89,156438,17,8691.0,0
19,75994,70,1070.338028169014,0
29,82685,8,9187.222222222223,1
84,177265,97,1808.8265306122448,0
29,35798,9,3579.8,1
63,173219,99,1732.19,0
88,181493,69,2592.7571428571428,1
42,122218,17,6789.888888888889,0
39,163878,66,2445.9402985074626,0
58,47129,85,548.0116279069767,0
21,91347,35,2537.4166666666665,0
63,186801,95,1945.84375,1
65,148086,38,3797.076923076923,0
32,24075,27,859.8214285714286,1
85,57622,25,2216.230769230769,1
56,86042,30,2775.548387096774,0
50,45761,36,1236.7837837837837,0
76,40534,74,540.4533333333334,0
30,195227,28,6731.9655172413795,0
54,88156,65,1335.6969696969697,0
32,121401,1,60700.5,0
85,70105,27,2503.75,0
29,138186,67,2032.1470588235295,0
75,178726,22,7770.695652173913,1
57,67486,86,775.7011494252873,1
37,27945,96,288.0927835051546,0
69,58346,9,5834.6,1
56,147191,48,3003.8979591836733,1
62,74507,85,866.3604651162791,1
88,86530,91,940.5434782608696,0
66,105099,36,2840.5135135135133,1
41,64695,32,1960.4545454545455,1
49,133992,84,1576.3764705882354,0
39,82962,46,1765.1489361702127,1
46,98093,17,5449.611111111111,0
68,27634,48,563.9591836734694,0
60,55284,68,801.2173913043479,1
35,128249,69,1832.1285714285714,1
56,20861,49,417.22,1
23,191309,96,1972.2577319587629,1
63,71713,52,1353.0754716981132,1
62,107562,54,1955.6727272727273,1
62,108907,81,1328.1341463414635,1
21,169421,68,2455.376811594203,0
60,161187,65,2442.2272727272725,1
87,173753,73,2348.0135135135133,0
49,140108,21,6368.545454545455,0
24,97490,57,1680.8620689655172,1
62,59932,23,2497.1666666666665,0
31,96836,39,2420.9,0
32,171069,34,4887.685714285714,1
66,80098,29,2669.9333333333334,1
52,62185,92,668.6559139784946,1
41,41612,55,743.0714285714286,1
75,147636,95,1537.875,0
88,121947,68,1767.3478260869565,1
54,176876,72,2422.958904109589,1
71,135959,5,22659.833333333332,0
70,115638,58,1959.9661016949153,1
78,66458,75,874.4473684210526,0
78,28057,72,384.3424657534247,1
62,46342,20,2206.7619047619046,0
43,79352,5,13225.333333333334,1
70,55828,99,558.28,1
59,40455,29,1348.5,1
31,78271,33,2302.0882352941176,1
69,171739,99,1717.39,1
18,62498,96,644.3092783505155,0
85,144483,3,36120.75,0
52,128879,63,2013.734375,0
61,35388,25,1361.076923076923,0
31,75231,90,826.7142857142857,1
61,30616,23,1275.6666666666667,1
42,103474,70,1457.380281690141,1
42,31439,48,641.6122448979592,1
65,90707,7,11338.375,0
62,50395,6,7199.285714285715,1
79,67298,77,862.7948717948718,1
39,163657,87,1859.7386363636363,0
37,159264,58,2699.3898305084745,1
54,163478,27,5838.5,0
74,149926,94,1578.1684210526316,1
79,60187,72,824.4794520547945,0
46,84170,56,1476.6666666666667,1
34,187124,65,2835.212121212121,0
78,186202,27,6650.071428571428,1
87,59816,3,14954.0,0
47,183577,70,2585.5915492957747,0
71,165695,59,2761.5833333333335,1
74,82310,56,1444.0350877192982,0
61,46458,89,516.2,1
34,42223,57,727.9827586206897,0
37,115431,13,8245.07142857143,0
88,183726,55,3280.8214285714284,0
54,37516,98,378.949494949495,0
72,33966,95,353.8125,0
75,163987,79,2049.8375,1
81,132992,82,1602.313253012048,0
36,70986,36,1918.5405405405406,0
24,20956,39,523.9,1
30,177435,67,2609.3382352941176,0
45,25421,26,941.5185185185185,1
50,119700,90,1315.3846153846155,0
74,94158,49,1883.16,0
71,176437,81,2151.670731707317,0
46,70448,63,1100.75,0
64,178588,28,6158.206896551724,1
54,40001,6,5714.428571428572,1
32,23422,3,5855.5,0
68,151594,90,1665.868131868132,1
69,61108,18,3216.2105263157896,1
51,158313,38,4059.3076923076924,1
46,110351,20,5254.809523809524,0
63,159121,57,2743.4655172413795,1
79,57980,64,892.0,0
61,37235,89,413.72222222222223,1
20,86916,4,17383.2,0
79,158165,71,2196.7361111111113,1
66,68941,68,999.1449275362319,1
52,156148,16,9185.176470588236,1
38,111323,68,1613.376811594203,1
49,53749,6,7678.428571428572,1
39,189837,93,2019.5425531914893,1
57,48922,17,2717.8888888888887,0
81,32715,83,389.4642857142857,0
45,98413,36,2659.810810810811,1
41,96180,6,13740.0,0
34,69331,51,1333.2884615384614,1
64,191266,17,10625.888888888889,1
67,78892,5,13148.666666666666,1
71,104309,23,4346.208333333333,1
27,84540,51,1625.7692307692307,1
47,117921,17,6551.166666666667,1
63,189898,63,2967.15625,1
27,99730,80,1231.2345679012346,1
31,184210,1,92105.0,0
90,138748,73,1874.972972972973,1
89,120878,81,1474.121951219512,0
73,50094,25,1926.6923076923076,0
58,98610,59,1643.5,0
74,167715,84,1973.1176470588234,1
54,139844,42,3252.186046511628,0
84,186756,82,2250.0722891566265,1
81,56274,29,1875.8,0
57,32756,90,359.95604395604397,1
19,111580,26,4132.592592592592,0
90,62498,15,3906.125,0
26,76641,56,1344.578947368421,1
76,94320,9,9432.0,1
32,66278,48,1352.6122448979593,0
45,50081,26,1854.851851851852,1
24,95861,9,9586.1,0
75,150613,87,1711.5113636363637,1
53,189201,55,3378.589285714286,1
57,197384,14,13158.933333333332,1
38,189589,59,3159.8166666666666,0
45,166354,84,1957.105882352941,1
31,137494,84,1617.5764705882352,1
73,182890,56,3208.59649122807,0
63,116158,30,3747.032258064516,1
54,98072,53,1816.148148148148,1
62,46729,16,2748.764705882353,0
34,100650,41,2396.4285714285716,1
72,154337,70,2173.760563380282,0
23,150707,23,6279.458333333333,0
86,87745,94,923.6315789473684,0
39,167584,9,16758.4,1
62,191899,6,27414.14285714286,0
23,41646,67,612.4411764705883,0
36,122256,5,20376.0,0
32,73221,24,2928.84,1
60,74014,80,913.7530864197531,1
73,144673,25,5564.346153846154,0
20,157189,100,1556.3267326732673,0
44,175945,93,1871.7553191489362,1
68,145285,38,3725.25641025641,0
64,116438,82,1402.867469879518,1
34,97713,8,10857.0,0
62,44204,15,2762.75,0
67,118559,51,2279.980769230769,1
81,135179,27,4827.821428571428,0
26,150778,70,2123.6338028169016,1
46,172391,79,2154.8875,0
86,22633,89,251.4777777777778,1
19,22603,72,309.63013698630135,1
39,30109,40,734.3658536585366,1
48,158879,80,1961.469135802469,1
68,97819,32,2964.212121212121,0
41,178481,32,5408.515151515152,0
48,60444,32,1831.6363636363637,0
82,77476,94,815.5368421052632,1
42,139323,73,1882.7432432432433,1
65,162458,31,5076.8125,0
77,58300,87,662.5,0
32,127297,30,4106.354838709677,1
83,81109,26,3004.037037037037,1
46,105021,39,2625.525,0
71,62785,98,634.1919191919192,1
36,167243,63,2613.171875,0
42,153975,47,3207.8125,0
19,47193,39,1179.825,0
29,189574,83,2256.8333333333335,1
32,83547,68,1210.8260869565217,1
45,115132,68,1668.5797101449275,1
84,64211,53,1189.0925925925926,1
67,159302,30,5138.774193548387,0
83,177506,54,3227.3818181818183,0
30,183007,33,5382.558823529412,0
70,149193,68,2162.217391304348,0
40,40483,15,2530.1875,1
21,23690,42,550.9302325581396,0
74,138599,39,3464.975,1
46,57752,44,1283.3777777777777,1
40,174284,69,2489.7714285714287,0
75,98818,73,1335.3783783783783,1
28,37609,53,696.4629629629629,0
43,149845,37,3943.2894736842104,0
61,86860,75,1142.8947368421052,0
35,130362,30,4205.225806451613,0
43,113067,11,9422.25,0
83,101057,51,1943.4038461538462,0
85,64006,46,1361.8297872340424,0
18,186879,69,2669.7,0
77,192861,11,16071.75,0
76,70870,3,17717.5,1
56,115637,70,1628.6901408450703,1
87,96832,25,3724.3076923076924,0
80,169316,31,5291.125,0
54,158954,66,2372.4477611940297,0
80,173475,21,7885.227272727273,0
33,191055,62,3032.6190476190477,0
71,33634,42,782.1860465116279,1
63,103994,75,1368.342105263158,0
39,120373,48,2456.591836734694,0
63,94382,29,3146.0666666666666,1
31,73664,65,1116.121212121212,0
19,158848,36,4293.189189189189,1
74,53723,34,1534.942857142857,1
64,96214,68,1394.4057971014493,0
33,197101,34,5631.457142857143,0
84,123735,91,1344.945652173913,1
60,92451,11,7704.25,0
36,74794,22,3251.913043478261,0
19,48486,45,1054.0434782608695,0
75,21288,13,1520.5714285714287,0
45,131078,17,7282.111111111111,0
27,99085,4,19817.0,0
80,103428,40,2522.6341463414633,0
59,195842,65,2967.3030303030305,1
54,167541,21,7615.5,1
89,26388,90,289.97802197802196,0
49,136930,81,1669.878048780488,0
90,98652,57,1700.896551724138,1
90,38467,83,457.9404761904762,0
64,123155,11,10262.916666666666,0
77,152530,75,2006.9736842105262,0
51,164810,51,3169.423076923077,0
66,117553,40,2867.1463414634145,0
45,117855,48,2405.204081632653,0
26,158455,74,2112.733333333333,1
39,162754,96,1677.8762886597938,0
82,27447,78,347.43037974683546,0
40,97029,4,19405.8,1
84,76301,14,5086.733333333334,0
29,57541,16,3384.764705882353,0
32,28054,13,2003.857142857143,1
43,118924,7,14865.5,0
64,124253,24,4970.12,1
83,162423,6,23203.285714285714,0
68,88998,80,1098.7407407407406,1
89,189130,29,6304.333333333333,1
32,66380,80,819.5061728395061,1
62,187521,29,6250.7,0
27,28903,77,370.55128205128204,0
32,28193,62,447.5079365079365,0
89,162658,57,2804.448275862069,1
31,28198,94,296.82105263157894,0
64,69036,10,6276.0,1
47,106734,36,2884.7027027027025,1
21,153899,41,3664.2619047619046,0
77,64101,56,1124.578947368421,1
29,87617,60,1436.344262295082,1
24,32924,2,10974.666666666666,0
22,184163,31,5755.09375,0
80,22208,23,925.3333333333334,0
51,125051,60,2050.0163934426228,1
55,27862,47,580.4583333333334,1
77,182459,5,30409.833333333332,1
56,36467,44,810.3777777777777,1
76,191545,2,63848.333333333336,0
48,164216,3,41054.0,0
62,73734,85,857.3720930232558,0
52,140230,11,11685.833333333334,1
50,59861,21,2720.9545454545455,1
57,196607,63,3071.984375,0
36,84987,41,2023.5,1
86,138672,47,2889.0,1
40,86635,74,1155.1333333333334,1
33,118081,60,1935.7540983606557,0
21,87480,100,866.1386138613861,1
90,37561,44,834.6888888888889,0
44,155044,20,7383.047619047619,0
86,81116,55,1448.5,0
29,113242,81,1381.0,1
82,178870,69,2555.285714285714,1
21,22713,52,428.54716981132077,0
29,162720,92,1749.6774193548388,1
64,75720,86,870.3448275862069,0
43,160786,17,8932.555555555555,1
46,20527,24,821.08,0
61,140354,80,1732.7654320987654,0
57,106185,23,4424.375,1
89,181939,45,3955.195652173913,0
22,85553,85,994.8023255813954,1
19,20555,93,218.67021276595744,0
88,115414,37,3037.2105263157896,1
64,157737,89,1752.6333333333334,1
51,109729,83,1306.297619047619,0
34,48192,66,719.2835820895523,0
43,191013,14,12734.2,1
67,155873,30,5028.1612903225805,0
80,147705,56,2591.315789473684,0
69,154513,35,4292.027777777777,0
90,130686,77,1675.4615384615386,1
41,177738,35,4937.166666666667,1
85,106847,97,1090.2755102040817,0
18,79868,94,840.7157894736843,0
64,192580,17,10698.888888888889,1
39,78559,40,1916.0731707317073,0
77,34568,15,2160.5,0
74,114781,64,1765.8615384615384,0
35,185752,61,2996.0,1
55,98180,57,1692.7586206896551,1
89,132115,81,1611.158536585366,0
69,78191,28,2696.2413793103447,0
37,63892,38,1638.2564102564102,0
87,199300,37,5244.736842105263,0
51,96804,49,1936.08,1
49,53216,28,1835.0344827586207,0
31,199729,20,9510.904761904761,1
86,77221,46,1643.0,0
51,149540,84,1759.2941176470588,0
68,197182,18,10378.0,0
30,149817,5,24969.5,0
43,132315,27,4725.535714285715,1
39,78210,76,1015.7142857142857,0
31,106391,95,1108.2395833333333,0
57,20835,14,1389.0,0
44,135820,7,16977.5,1
23,139110,52,2624.7169811320755,0
37,95774,45,2082.0434782608695,1
67,36267,41,863.5,1
65,174520,2,58173.333333333336,0
53,142647,50,2797.0,0
74,187521,54,3409.4727272727273,0
67,25870,68,374.92753623188406,0
69,126291,93,1343.5212765957447,1
34,177706,54,3231.018181818182,0
23,23124,43,525.5454545454545,1
67,183872,100,1820.5148514851485,1
80,167709,97,1711.3163265306123,0
71,134279,90,1475.5934065934066,1
59,30285,97,309.03061224489795,0
68,170287,68,2467.927536231884,1
38,50016,26,1852.4444444444443,1
79,165979,67,2440.8676470588234,1
23,58573,30,1889.4516129032259,1
35,160058,44,3556.8444444444444,1
68,172137,10,15648.818181818182,0
79,93517,57,1612.3620689655172,1
85,47930,18,2522.6315789473683,0
19,146135,53,2706.203703703704,0
22,34026,82,409.95180722891564,1
90,153055,41,3644.1666666666665,1
25,147686,85,1717.2790697674418,1
51,136743,35,3798.4166666666665,0
84,141859,76,1842.3246753246754,0
85,152072,53,2816.1481481481483,1
29,154511,82,1861.578313253012,1
47,69024,19,3451.2,1
66,172648,95,1798.4166666666667,1
68,125638,42,2921.813953488372,0
53,186097,88,2090.9775280898875,1
85,183336,12,14102.76923076923,1
63,145150,65,2199.242424242424,0
20,164132,20,7815.809523809524,0
31,29654,33,872.1764705882352,1
55,155601,10,14145.545454545454,0
55,48015,6,6859.285714285715,1
38,21575,8,2397.222222222222,0
21,92526,52,1745.7735849056603,1
53,85400,27,3050.0,0
68,60176,35,1671.5555555555557,1
56,74040,33,2177.6470588235293,1
39,86282,48,1760.857142857143,0
77,112655,47,2346.9791666666665,1
33,65889,55,1176.5892857142858,1
21,111575,69,1593.9285714285713,0
75,134254,35,3729.277777777778,1
18,104553,9,10455.3,0
63,76538,63,1195.90625,1
75,79525,48,1622.9591836734694,0
28,47049,82,566.855421686747,1
67,57438,72,786.8219178082192,1
29,106300,13,7592.857142857143,0
28,175915,37,4629.3421052631575,0
59,165181,93,1757.2446808510638,1
56,63791,100,631.5940594059406,1
44,105972,42,2464.4651162790697,0
80,157579,53,2918.1296296296296,1
73,40113,60,657.5901639344262,1
61,173140,48,3533.469387755102,1
67,66988,30,2160.9032258064517,0
55,153016,12,11770.461538461539,0
35,56107,9,5610.7,1
48,189897,67,2792.6029411764707,1
32,167523,80,2068.185185185185,0
27,78852,27,2816.1428571428573,1
61,78244,18,4118.105263157895,0
38,138094,78,1748.0253164556962,0
38,48139,9,4813.9,1
45,184820,25,7108.461538461538,1
86,105434,79,1317.925,1
43,162849,27,5816.035714285715,1
58,55581,98,561.4242424242424,0
90,184327,45,4007.108695652174,1
81,143062,59,2384.366666666667,1
74,179901,2,59967.0,1
76,103654,46,2205.404255319149,1
39,45127,52,851.4528301886793,1
48,109219,80,1348.3827160493827,1
70,149397,95,1556.21875,0
31,45674,39,1141.85,1
30,186548,34,5329.942857142857,0
43,63358,63,989.96875,0
58,102502,26,3796.3703703703704,1
80,149909,39,3747.725,1
58,27531,27,983.25,1
81,194224,32,5885.575757575758,0
40,85916,30,2771.483870967742,1
88,56904,24,2276.16,0
46,191167,8,21240.777777777777,1
74,195751,74,2610.0133333333333,1
24,65474,56,1148.6666666666667,1
56,31978,2,10659.333333333334,1
44,175701,55,3137.5178571428573,0
85,196247,45,4266.239130434783,0
59,148245,19,7412.25,1
38,94293,39,2357.325,0
54,199383,90,2191.021978021978,1
70,54607,11,4550.583333333333,0
29,92943,29,3098.1,0
21,120745,49,2414.9,1
52,115977,98,1171.4848484848485,1
30,197272,74,2630.2933333333335,0
82,29188,5,4864.666666666667,0
34,35433,65,536.8636363636364,0
62,58397,73,789.1486486486486,0
41,101703,67,1495.6323529411766,0
72,110215,18,5800.789473684211,0
44,140900,66,2102.9850746268658,1
42,52437,38,1344.5384615384614,1
90,128202,31,4006.3125,1
50,59551,13,4253.642857142857,0
73,41806,34,1194.4571428571428,1
55,89589,92,963.3225806451613,0
44,127458,58,2160.3050847457625,1
21,160392,29,5346.4,0
43,189198,39,4729.95,1
59,27891,63,435.796875,0
67,164859,6,23551.285714285714,1
50,56589,94,595.6736842105263,1
32,132712,22,5770.086956521739,0
89,127686,40,3114.2926829268295,1
74,22754,87,258.5681818181818,1
82,134981,11,11248.416666666666,0
78,48066,47,1001.375,1
21,82203,90,903.3296703296703,1
21,38966,27,1391.642857142857,0
87,23954,41,570.3333333333334,0
54,88374,75,1162.8157894736842,1
77,92411,72,1265.9041095890411,0
61,137007,50,2686.4117647058824,0
60,48751,15,3046.9375,0
49,104502,50,2049.0588235294117,0
21,130408,51,2507.846153846154,0
18,58623,38,1503.1538461538462,1
82,40780,89,453.1111111111111,0
88,196278,70,2764.478873239437,1
47,88768,45,1929.7391304347825,1
63,171178,25,6583.7692307692305,1
53,148183,64,2279.7384615384617,1
38,85774,88,963.7528089887641,0
47,108998,61,1758.032258064516,0
35,65093,29,2169.766666666667,0
55,100382,79,1254.775,1
19,198622,84,2336.7294117647057,1
48,45834,94,482.46315789473687,1
22,198029,15,12376.8125,0
72,32456,92,348.98924731182797,0
88,198014,53,3666.925925925926,0
84,49208,39,1230.2,1
41,113791,37,2994.5,0
29,195809,100,1938.7029702970297,1
29,148335,75,1951.7763157894738,1
70,119274,90,1310.7032967032967,1
53,163211,93,1736.287234042553,1
38,137828,89,1531.4222222222222,1
39,111840,53,2071.1111111111113,0
65,108533,68,1572.9420289855072,1
74,154639,85,1798.1279069767443,1
56,169964,31,5311.375,1
54,145794,6,20827.714285714286,0
36,169357,55,3024.2321428571427,1
67,78794,88,885.3258426966293,1
84,155911,79,1948.8875,0
65,55399,34,1582.8285714285714,0
65,106033,41,2524.595238095238,1
48,195116,45,4241.652173913043,0
45,80735,99,807.35,0
27,71437,54,1298.8545454545454,0
80,61366,37,1614.8947368421052,0
79,91217,31,2850.53125,1
55,115332,84,1356.8470588235293,1
65,145847,25,5609.5,1
52,187953,91,2042.9673913043478,0
64,172407,23,7183.625,0
25,100086,92,1076.1935483870968,1
86,54559,39,1363.975,1
22,33519,15,2094.9375,1
53,167819,39,4195.475,1
76,175690,64,2702.923076923077,1
58,73212,7,9151.5,1
41,96488,28,3327.1724137931033,1
26,166096,91,1805.391304347826,0
42,68066,8,7562.888888888889,1
40,81257,89,902.8555555555556,1
71,25160,23,1048.3333333333333,1
20,59873,35,1663.138888888889,1
43,107152,87,1217.6363636363637,0
65,20120,74,268.26666666666665,1
79,92383,3,23095.75,0
82,146389,51,2815.173076923077,0
30,154230,7,19278.75,1
71,93723,78,1186.367088607595,1
84,107977,62,1713.920634920635,0
69,191054,66,2851.5522388059703,0
87,85566,73,1156.2972972972973,1
82,185192,51,3561.3846153846152,1
85,93530,88,1050.8988764044943,0
34,28450,71,395.1388888888889,1
60,172578,37,4541.526315789473,1
33,148714,40,3627.170731707317,0
52,36208,66,540.4179104477612,1
80,84579,100,837.4158415841584,1
20,100101,17,5561.166666666667,1
46,57180,100,566.1386138613861,0
47,58375,2,19458.333333333332,0
68,37683,67,554.1617647058823,1
31,195224,68,2829.3333333333335,0
70,70959,28,2446.862068965517,1
57,174937,19,8746.85,1
58,194216,46,4132.255319148936,1
43,29270,32,886.969696969697,1
65,89226,94,939.2210526315789,0
30,184110,20,8767.142857142857,1
57,128123,39,3203.075,0
48,40442,62,641.936507936508,1
66,100407,95,1045.90625,1
40,38706,14,2580.4,0
59,39005,49,780.1,1
47,74801,73,1010.8243243243244,0
39,36278,31,1133.6875,0
55,131788,41,3137.809523809524,1
67,164995,85,1918.546511627907,0
20,98234,92,1056.279569892473,0
85,160982,9,16098.2,1
85,119504,93,1271.3191489361702,1
51,158503,19,7925.15,0
59,199676,8,22186.222222222223,0
60,47386,96,488.5154639175258,0
79,180954,81,2206.756097560976,0
38,87684,94,922.9894736842106,0
42,154658,100,1531.2673267326732,1
70,81008,61,1306.5806451612902,1
31,146365,46,3114.148936170213,0
54,191253,97,1951.561224489796,0
34,147026,28,5069.862068965517,0
53,104716,97,1068.530612244898,1
45,79135,21,3597.0454545454545,0
58,59007,93,627.7340425531914,1
61,195654,100,1937.1683168316831,1
64,66799,82,804.8072289156627,1
53,85875,72,1176.3698630136987,0
32,172748,58,2927.9322033898306,0
25,132829,82,1600.3493975903614,1
57,140911,93,1499.0531914893618,0
77,78315,62,1243.095238095238,1
90,187367,41,4461.119047619048,1
67,165651,32,5019.727272727273,0
27,85295,48,1740.7142857142858,1
49,132875,36,3591.2162162162163,0
63,31680,68,459.1304347826087,1
88,186807,18,9831.947368421053,1
77,45871,50,899.4313725490196,0
90,187945,74,2505.9333333333334,0
46,109729,11,9144.083333333334,1
77,105023,6,15003.285714285714,1
52,22527,12,1732.8461538461538,1
74,33209,19,1660.45,1
65,36221,16,2130.6470588235293,0
82,48697,20,2318.904761904762,1
38,129292,4,25858.4,0
45,197134,52,3719.509433962264,1
53,129559,75,1704.7236842105262,0
63,170941,40,4169.292682926829,1
23,159204,43,3618.2727272727275,1
88,46895,80,578.9506172839506,1
38,96039,95,1000.40625,0
19,153512,87,1744.4545454545455,0
44,177603,9,17760.3,0
35,178655,67,2627.279411764706,0
42,62496,47,1302.0,1
24,64625,14,4308.333333333333,1
44,179671,73,2427.9864864864867,0
63,78319,7,9789.875,1
40,116167,44,2581.488888888889,0
88,34483,20,1642.047619047619,0
47,119421,15,7463.8125,0
52,83755,88,941.0674157303371,1
68,189856,22,8254.608695652174,0
58,23591,92,253.66666666666666,1
20,154725,63,2417.578125,1
67,141615,5,23602.5,0
59,47845,89,531.6111111111111,1
72,167612,42,3897.953488372093,1
26,116906,79,1461.325,1
48,101258,46,2154.425531914894,0
87,66213,47,1379.4375,0
54,97881,47,2039.1875,0
26,176076,96,1815.2164948453608,1
67,180936,17,10052.0,1
66,67514,12,5193.384615384615,0
57,134247,32,4068.090909090909,0
35,73477,10,6679.727272727273,1
78,158739,87,1803.8522727272727,0
60,198933,77,2550.423076923077,0
55,21537,79,269.2125,1
86,189299,51,3640.3653846153848,0
48,187198,10,17018.0,0
58,36248,93,385.6170212765957,0
77,71727,64,1103.4923076923078,1
53,94067,63,1469.796875,1
87,20187,83,240.32142857142858,0
25,92673,13,6619.5,1
56,107991,30,3483.5806451612902,1
36,140866,20,6707.9047619047615,1
83,99989,97,1020.295918367347,1
22,68329,44,1518.4222222222222,1
90,155270,74,2070.266666666667,1
33,136266,98,1376.4242424242425,1
50,122109,39,3052.725,1
47,101410,46,2157.659574468085,0
87,77060,47,1605.4166666666667,1
63,63597,7,7949.625,1
29,21407,24,856.28,1
37,24791,9,2479.1,0
64,49075,56,860.9649122807018,0
27,173237,54,3149.7636363636366,0
56,46616,49,932.32,1
72,42354,61,683.1290322580645,1
88,110765,16,6515.588235294118,0
20,193745,17,10763.611111111111,1
63,78884,43,1792.8181818181818,1
35,194788,37,5126.0,0
90,48145,72,659.5205479452055,0
31,33778,50,662.3137254901961,0
22,63057,85,733.2209302325581,1
42,148464,41,3534.8571428571427,1
57,190498,73,2574.2972972972975,1
84,166929,28,5756.172413793103,1
56,102458,20,4878.952380952381,1
57,55838,40,1361.9024390243903,0
88,44462,93,473.0,0
19,30993,61,499.88709677419354,0
81,173762,95,1810.0208333333333,0
79,30243,41,720.0714285714286,0
57,154298,3,38574.5,0
20,72538,77,929.974358974359,1
88,173138,14,11542.533333333333,1
44,195418,40,4766.292682926829,1
34,175894,2,58631.333333333336,1
47,34825,77,446.47435897435895,0
71,89787,100,888.980198019802,1
79,104922,37,2761.1052631578946,1
47,25457,25,979.1153846153846,1
27,105637,6,15091.0,0
82,153983,30,4967.193548387097,0
36,136022,69,1943.1714285714286,1
43,195150,51,3752.8846153846152,0
73,89281,94,939.8,1
35,44922,60,736.4262295081967,1
29,147005,4,29401.0,0
45,84455,22,3671.9565217391305,0
87,150851,38,3867.974358974359,1
63,61998,88,696.6067415730337,0
58,66284,53,1227.4814814814815,0
72,76374,22,3320.608695652174,0
51,88406,32,2678.969696969697,0
61,124697,80,1539.469135802469,1
47,172421,91,1874.141304347826,0
54,154482,3,38620.5,0
72,45895,71,637.4305555555555,0
24,155661,68,2255.9565217391305,1
21,43190,97,440.7142857142857,0
41,99386,14,6625.733333333334,0
90,113981,47,2374.6041666666665,1
54,34276,44,761.6888888888889,0
87,161150,73,2177.7027027027025,1
85,150936,49,3018.72,1
61,31233,13,2230.9285714285716,0
21,187388,73,2532.2702702702704,0
30,41900,1,20950.0,1
71,95092,54,1728.9454545454546,1
29,181045,63,2828.828125,1
84,87419,28,3014.448275862069,0
30,113226,60,1856.1639344262296,0
80,155393,96,1601.9896907216496,1
25,51705,90,568.1868131868132,1
45,169528,42,3942.5116279069766,1
59,44251,40,1079.2926829268292,0
78,158932,76,2064.051948051948,1
71,69372,39,1734.3,1
76,25186,68,365.0144927536232,1
75,140039,82,1687.2168674698796,0
58,20714,50,406.15686274509807,0
77,21604,74,288.05333333333334,0
37,84753,49,1695.06,1
27,179831,93,1913.095744680851,1
24,192806,22,8382.869565217392,0
75,128643,57,2217.9827586206898,0
30,86652,31,2707.875,1
58,85671,67,1259.8676470588234,1
57,73239,33,2154.0882352941176,0
56,115156,84,1354.7764705882353,0
80,51327,52,968.433962264151,0
46,33313,64,512.5076923076923,0
40,149271,26,5528.555555555556,0
60,83676,31,2614.875,1
55,130356,61,2102.516129032258,1
25,94962,75,1249.5,0
34,67036,79,837.95,1
87,176680,15,11042.5,0
61,159144,43,3616.909090909091,0
20,188245,58,3190.593220338983,0
48,111012,28,3828.0,1
36,78278,8,8697.555555555555,1
68,98937,67,1454.9558823529412,1
55,72801,34,2080.0285714285715,1
69,129814,79,1622.675,1
59,169703,7,21212.875,1
72,25376,62,402.7936507936508,1
40,56282,71,781.6944444444445,1
65,69138,6,9876.857142857143,0
84,57479,17,3193.277777777778,1
57,95322,6,13617.42857142857,1
73,106390,82,1281.8072289156626,0
35,42915,90,471.5934065934066,0
18,46598,8,5177.555555555556,0
26,25330,72,346.986301369863,1
30,57144,77,732.6153846153846,1
65,150128,6,21446.85714285714,0
55,181310,98,1831.4141414141413,1
42,24298,42,565.0697674418604,0
82,199463,67,2933.279411764706,0
88,112907,52,2130.3207547169814,0
65,152011,52,2868.132075471698,1
55,138464,84,1628.9882352941177,1
90,27088,31,846.5,1
21,101922,90,1120.021978021978,0
56,31327,29,1044.2333333333333,1
36,68489,79,856.1125,1
45,30019,99,300.19,1
40,44702,30,1442.0,0
77,101343,35,2815.0833333333335,0
26,72413,65,1097.1666666666667,0
20,115043,35,3195.6388888888887,1
31,123980,77,1589.4871794871794,0
22,136306,37,3587.0,0
64,142912,86,1642.6666666666667,1
32,188342,68,2729.5942028985505,0
76,112609,22,4896.04347826087,1
78,44736,75,588.6315789473684,0
65,157945,24,6317.8,0
73,71027,61,1145.5967741935483,1
80,113586,19,5679.3,1
20,101228,46,2153.7872340425533,0
63,140996,71,1958.2777777777778,1
55,122318,42,2844.6046511627906,1
32,93154,88,1046.6741573033707,0
73,48756,18,2566.1052631578946,0
39,108403,41,2581.0238095238096,1
49,22733,37,598.2368421052631,1
34,131651,26,4875.962962962963,0
43,172488,61,2782.064516129032,1
37,191902,30,6190.387096774193,0
59,78527,54,1427.7636363636364,0
51,188234,76,2444.5974025974024,1
62,99466,48,2029.9183673469388,1
19,137515,38,3526.025641025641,0
73,119707,88,1345.0224719101125,0
56,161969,91,1760.5326086956522,0
38,88096,72,1206.7945205479452,1
50,185533,38,4757.25641025641,1
55,108406,47,2258.4583333333335,1
46,184626,40,4503.073170731707,0
30,90786,2,30262.0,0
37,165873,24,6634.92,0
73,74056,80,914.2716049382716,1
90,196490,69,2807.0,0
51,171789,59,2863.15,0
76,162063,34,4630.371428571429,1
51,67130,98,678.0808080808081,1
63,72996,94,768.3789473684211,0
40,133243,50,2612.607843137255,0
59,60580,96,624.5360824742268,1
27,157050,43,3569.318181818182,0
39,169522,32,5137.030303030303,1
88,128249,43,2914.75,0
34,197512,2,65837.33333333333,1
27,181893,76,2362.246753246753,1
30,166298,44,3695.511111111111,1
69,22270,28,767.9310344827586,1
41,33012,41,786.0,1
74,127925,29,4264.166666666667,0
68,188506,67,2772.1470588235293,1
62,41931,62,665.5714285714286,1
66,121642,57,2097.2758620689656,0
59,108465,5,18077.5,1
25,123306,90,1355.010989010989,1
72,84009,85,976.8488372093024,0
45,123536,59,2058.9333333333334,1
38,135018,61,2177.7096774193546,1
18,169613,32,5139.787878787879,0
67,171395,67,2520.514705882353,0
45,74657,56,1309.7719298245613,1
26,187335,51,3602.596153846154,0
69,40235,5,6705.833333333333,0
81,102195,100,1011.8316831683169,0
52,194182,5,32363.666666666668,1
42,84037,13,6002.642857142857,0
19,87039,72,1192.3150684931506,1
30,80497,91,874.9673913043479,0
54,110815,46,2357.7659574468084,1
72,116996,89,1299.9555555555555,0
76,104579,52,1973.188679245283,1
37,108900,86,1251.7241379310344,0
77,44603,89,495.5888888888889,1
79,114438,15,7152.375,0
42,121418,91,1319.7608695652175,1
21,197562,62,3135.904761904762,0
31,130122,64,2001.876923076923,0
58,168885,98,1705.909090909091,0
40,195697,7,24462.125,1
76,138594,67,2038.1470588235295,0
88,89353,48,1823.530612244898,1
66,115964,13,8283.142857142857,1
61,26188,47,545.5833333333334,1
85,84834,74,1131.12,0
31,193892,80,2393.7283950617284,1
41,68252,27,2437.5714285714284,1
28,91111,80,1124.8271604938273,1
86,97715,41,2326.5476190476193,1
87,104174,27,3720.5,1
24,166679,53,3086.6481481481483,1
79,138358,57,2385.4827586206898,1
75,131791,6,18827.285714285714,0
27,135845,100,1345.0,1
47,63396,40,1546.2439024390244,0
83,94475,6,13496.42857142857,1
40,160174,61,2583.451612903226,0
65,78719,26,2915.5185185185187,0
48,30230,95,314.8958333333333,0
49,183389,5,30564.833333333332,0
35,142321,19,7116.05,0
67,52405,56,919.3859649122807,1
75,69452,87,789.2272727272727,0
88,149274,97,1523.204081632653,0
84,183199,64,2818.4461538461537,0
72,100401,57,1731.051724137931,1
87,81512,60,1336.2622950819673,1
80,101606,56,1782.561403508772,1
75,96502,79,1206.275,1
24,52226,100,517.0891089108911,0
34,37606,54,683.7454545454545,1
35,147168,40,3589.4634146341464,1
60,43430,48,886.3265306122449,0
33,137342,5,22890.333333333332,1
72,65910,96,679.4845360824743,1
46,181422,25,6977.7692307692305,1
27,150048,42,3489.4883720930234,1
90,140904,2,46968.0,0
63,79645,8,8849.444444444445,1
35,169217,31,5288.03125,0
34,100796,59,1679.9333333333334,0
36,63796,85,741.8139534883721,1
55,43512,31,1359.75,0
20,60608,78,767.1898734177215,1
47,41908,83,498.9047619047619,0
48,79273,2,26424.333333333332,0
29,86274,18,4540.736842105263,1
55,170765,29,5692.166666666667,0
38,111999,41,2666.6428571428573,1
22,28267,24,1130.68,0
48,124520,100,1232.8712871287128,0
67,133622,99,1336.22,0
20,190079,69,2715.4142857142856,1
58,170976,81,2085.0731707317073,1
66,123549,63,1930.453125,0
34,141535,26,5242.037037037037,0
43,157778,92,1696.5376344086021,0
88,35620,40,868.780487804878,1
50,46779,80,577.5185185185185,1
90,116803,5,19467.166666666668,0
81,150414,53,2785.4444444444443,0
70,40257,88,452.3258426966292,0
79,133721,96,1378.5670103092784,1
18,166915,8,18546.11111111111,1
36,188799,76,2451.935064935065,1
77,102960,62,1634.2857142857142,1
24,53024,34,1514.9714285714285,0
42,125843,76,1634.3246753246754,0
45,128343,67,1887.3970588235295,1
58,195704,2,65234.666666666664,1
75,136713,72,1872.7808219178082,1
80,59193,72,810.8630136986301,1
65,168065,87,1909.8295454545455,0
53,122575,27,4377.678571428572,0
85,76173,72,1043.4657534246576,1
84,68903,59,1148.3833333333334,1
37,72559,6,10365.57142857143,1
83,165856,34,4738.742857142857,0
62,177376,26,6569.481481481482,1
35,52971,48,1081.0408163265306,1
19,25760,27,920.0,0
26,69684,63,1088.8125,1
18,185385,58,3142.1186440677966,0
60,28141,54,511.6545454545454,1
29,28138,66,419.97014925373134,0
68,72540,94,763.578947368421,0
57,119095,77,1526.8589743589744,0
27,177327,42,4123.883720930233,0
61,103172,99,1031.72,0
37,96049,41,2286.8809523809523,0
71,181775,29,6059.166666666667,1
66,174922,17,9717.888888888889,0
76,36135,90,397.0879120879121,0
25,144176,73,1948.3243243243244,0
25,44694,66,667.0746268656717,1
57,174914,97,1784.8367346938776,0
64,67336,55,1202.4285714285713,0
43,53801,28,1855.2068965517242,1
86,22427,100,222.04950495049505,0
65,24332,42,565.8604651162791,0
75,22854,89,253.93333333333334,0
22,115267,95,1200.6979166666667,1
53,74485,73,1006.5540540540541,1
40,40943,85,476.0813953488372,1
40,115904,70,1632.4507042253522,1
40,121546,86,1397.0804597701149,0
37,79170,48,1615.7142857142858,1
47,52356,84,615.9529411764706,1
39,112443,91,1222.2065217391305,1
89,106778,82,1286.4819277108434,1
65,140750,5,23458.333333333332,0
61,75873,100,751.2178217821782,1
77,195464,84,2299.576470588235,0
82,111969,18,5893.105263157895,0
58,114761,30,3701.967741935484,1
75,25391,90,279.02197802197804,1
87,155424,69,2220.342857142857,1
44,193220,82,2327.9518072289156,0
36,76962,58,1304.4406779661017,0
38,21691,98,219.1010101010101,1
18,77987,62,1237.888888888889,1
44,49875,58,845.3389830508474,0
88,24544,52,463.0943396226415,1
27,146733,97,1497.2755102040817,1
73,46969,40,1145.5853658536585,1
36,146912,3,36728.0,0
23,94413,31,2950.40625,0
68,53171,86,611.1609195402299,0
43,115420,97,1177.7551020408164,0
34,97721,72,1338.6438356164383,1
25,76899,79,961.2375,0
26,195474,56,3429.3684210526317,0
31,55882,57,963.4827586206897,1
86,181510,34,5186.0,1
83,67748,67,996.2941176470588,1
30,170498,32,5166.606060606061,1
52,76593,69,1094.1857142857143,1
36,168372,54,3061.309090909091,0
27,112333,95,1170.1354166666667,0
66,66815,43,1518.5227272727273,1
74,145869,96,1503.8041237113403,1
57,90997,9,9099.7,0
81,149308,2,49769.333333333336,1
19,20665,84,243.11764705882354,0
60,144669,73,1954.9864864864865,1
37,122727,82,1478.6385542168675,0
36,156133,93,1660.9893617021276,1
29,141016,72,1931.7260273972602,1
88,169954,13,12139.57142857143,0
52,103478,48,2111.795918367347,0
62,115403,39,2885.075,0
54,27823,93,295.98936170212767,0
33,88166,57,1520.103448275862,0
49,23870,28,823.1034482758621,1
22,146916,97,1499.142857142857,0
78,82568,33,2428.470588235294,1
84,109189,65,1654.378787878788,0
24,122950,95,1280.7291666666667,1
34,71024,45,1544.0,0
25,30800,86,354.02298850574715,1
25,178263,23,7427.625,1
38,71355,28,2460.5172413793102,0
58,96858,99,968.58,1
69,31583,76,410.16883116883116,1
58,85417,33,2512.264705882353,0
80,36382,13,2598.714285714286,0
70,155036,89,1722.6222222222223,1
63,44187,88,496.4831460674157,0
57,61214,49,1224.28,0
82,28822,22,1253.1304347826087,1
63,146572,11,12214.333333333334,1
71,77299,31,2415.59375,0
49,162578,69,2322.542857142857,0
78,99061,69,1415.1571428571428,1
70,33125,2,11041.666666666666,1
64,130454,81,1590.9024390243903,1
70,38838,88,436.3820224719101,1
56,193135,89,2145.9444444444443,0
76,126600,90,1391.2087912087911,1
31,112865,37,2970.1315789473683,0
18,191717,98,1936.5353535353536,1
37,66183,27,2363.6785714285716,1
70,177214,78,2243.215189873418,1
53,40719,80,502.7037037037037,1
62,98652,39,2466.3,1
39,66489,24,2659.56,1
24,53595,86,616.0344827586207,0
68,157600,42,3665.1162790697676,1
56,152510,34,4357.428571428572,1
37,98179,34,2805.114285714286,0
23,48691,42,1132.3488372093022,0
67,104660,65,1585.7575757575758,1
26,103132,29,3437.733333333333,1
27,86660,86,996.0919540229885,0
84,47315,2,15771.666666666666,1
22,164186,62,2606.126984126984,0
76,163866,69,2340.942857142857,0
72,88192,28,3041.103448275862,0
80,142162,40,3467.3658536585367,0
66,52559,60,861.6229508196722,1
50,59229,86,680.7931034482758,0
56,43579,53,807.0185185185185,0
63,85955,6,12279.285714285714,1
61,96689,84,1137.5176470588235,1
38,94122,13,6723.0,1
74,194973,68,2825.695652173913,1
73,151489,22,6586.478260869565,1
70,21489,90,236.14285714285714,0
46,53928,4,10785.6,1
62,154052,63,2407.0625,1
34,24915,29,830.5,0
89,46567,70,655.8732394366198,0
51,48921,46,1040.872340425532,1
41,146856,80,1813.037037037037,1
22,28533,14,1902.2,0
26,180792,99,1807.92,0
59,145259,53,2689.9814814814813,0
51,128059,92,1376.978494623656,0
81,67441,22,2932.217391304348,1
65,145382,42,3380.9767441860463,0
89,112930,54,2053.2727272727275,1
73,115538,68,1674.463768115942,0
84,143317,16,8430.411764705883,1
38,80735,34,2306.714285714286,1
69,65820,16,3871.764705882353,0
71,95197,52,1796.1698113207547,0
33,61117,44,1358.1555555555556,0
87,180196,91,1958.6521739130435,0
35,107070,46,2278.0851063829787,0
77,80776,37,2125.684210526316,1
61,109035,22,4740.652173913043,0
83,198260,72,2715.890410958904,0
31,140719,12,10824.538461538461,1
80,122325,67,1798.8970588235295,1
18,104344,78,1320.8101265822784,1
59,40447,39,1011.175,1
56,195061,9,19506.1,0
51,39509,98,399.0808080808081,1
29,78359,55,1399.267857142857,0
82,42674,26,1580.5185185185185,1
82,196490,55,3508.75,1
52,44311,28,1527.9655172413793,0
59,96509,22,4196.04347826087,1
63,197925,61,3192.3387096774195,0
20,198708,51,3821.3076923076924,1
44,140571,85,1634.546511627907,1
39,154955,31,4842.34375,1
18,103441,8,11493.444444444445,1
66,28755,25,1105.9615384615386,1
46,51682,36,1396.8108108108108,1
77,36205,27,1293.0357142857142,0
28,171538,45,3729.086956521739,1
31,44402,55,792.8928571428571,0
54,62491,53,1157.2407407407406,0
30,157697,65,2389.348484848485,0
35,180493,1,90246.5,0
33,164924,27,5890.142857142857,1
42,56137,14,3742.4666666666667,0
57,152732,25,5874.307692307692,1
21,48346,85,562.1627906976744,0
78,160311,98,1619.3030303030303,1
44,43793,43,995.2954545454545,0
20,196891,13,14063.642857142857,0
39,192682,9,19268.2,0
80,35819,32,1085.4242424242425,0
44,70861,68,1026.9710144927535,0
38,192036,6,27433.714285714286,0
30,128716,45,2798.1739130434785,1
22,78766,70,1109.380281690141,1
43,81096,2,27032.0,0
83,120232,45,2613.7391304347825,1
28,126718,91,1377.3695652173913,1
23,190834,25,7339.7692307692305,1
18,140533,95,1463.8854166666667,0
35,45123,32,1367.3636363636363,1
50,99417,56,1744.157894736842,0
35,173518,52,3273.9245283018868,0
25,151435,48,3090.5102040816328,1
77,134921,16,7936.529411764706,0
81,54962,97,560.8367346938776,1
40,103258,95,1075.6041666666667,1
78,143070,89,1589.6666666666667,1
30,83528,39,2088.2,0
87,67262,42,1564.2325581395348,0
51,176867,67,2600.985294117647,0
44,186976,83,2225.904761904762,1
87,158955,45,3455.5434782608695,0
54,42374,13,3026.714285714286,0
50,92473,93,983.7553191489362,0
69,65355,52,1233.1132075471698,0
78,136747,42,3180.1627906976746,0
72,63461,12,4881.615384615385,0
66,146613,80,1810.037037037037,1
30,48407,47,1008.4791666666666,0
71,81226,17,4512.555555555556,0
33,58426,3,14606.5,0
28,86963,32,2635.242424242424,1
50,142564,75,1875.842105263158,1
33,165816,35,4606.0,1
56,53901,70,759.169014084507,0
65,63789,46,1357.212765957447,1
38,163198,85,1897.6511627906978,0
43,197495,28,6810.172413793103,1
26,163200,37,4294.736842105263,1
68,33045,72,452.67123287671234,1
32,113834,8,12648.222222222223,0
50,86177,49,1723.54,1
86,118610,89,1317.888888888889,0
45,193139,66,2882.6716417910447,0
74,132574,44,2946.088888888889,1
34,187645,5,31274.166666666668,0
80,34909,19,1745.45,1
88,67912,16,3994.823529411765,1
72,45422,10,4129.272727272727,0
26,43155,3,10788.75,0
41,195298,84,2297.6235294117646,0
23,198501,75,2611.8552631578946,1
80,68586,19,3429.3,1
50,95550,79,1194.375,1
80,57542,25,2213.153846153846,1
72,62265,23,2594.375,0
49,175933,99,1759.33,1
81,88010,55,1571.607142857143,1
46,87779,3,21944.75,1
49,167829,74,2237.72,0
25,114738,56,2012.9473684210527,0
58,92302,42,2146.5581395348836,0
19,50038,61,807.0645161290323,1
57,38753,10,3523.0,0
43,52798,11,4399.833333333333,1
72,69280,19,3464.0,0
58,20569,93,218.81914893617022,0
71,127887,42,2974.1162790697676,0
40,80771,49,1615.42,1
41,24867,70,350.23943661971833,1
77,20640,1,10320.0,1
67,40257,5,6709.5,0
76,130742,98,1320.6262626262626,0
46,168733,49,3374.66,1
55,55320,99,553.2,1
65,198168,21,9007.636363636364,1
58,171761,73,2321.0945945945946,0
49,133699,76,1736.3506493506493,1
39,142360,72,1950.13698630137,1
63,89475,31,2796.09375,1
49,64433,7,8054.125,1
20,34218,15,2138.625,1
49,198020,8,22002.222222222223,1
45,166216,15,10388.5,1
76,120392,92,1294.5376344086021,0
80,186706,17,10372.555555555555,1
51,139645,76,1813.5714285714287,1
87,125321,61,2021.3064516129032,0
36,37348,23,1556.1666666666667,0
67,136814,81,1668.4634146341464,1
85,82460,73,1114.3243243243244,0
74,184770,41,4399.285714285715,1
34,61927,62,982.968253968254,0
55,168943,77,2165.9358974358975,1
90,111565,31,3486.40625,0
33,93341,69,1333.442857142857,1
47,126384,50,2478.1176470588234,1
51,47929,88,538.5280898876405,0
38,176637,1,88318.5,0
55,101651,64,1563.8615384615384,1
51,79044,37,2080.1052631578946,0
59,184638,44,4103.066666666667,1
78,171877,69,2455.385714285714,1
33,84870,37,2233.4210526315787,1
82,142236,39,3555.9,1
81,142022,57,2448.655172413793,1
86,179146,64,2756.0923076923077,0
81,142534,5,23755.666666666668,1
57,172067,52,3246.5471698113206,0
22,148702,88,1670.808988764045,0
21,48755,1,24377.5,0
27,49628,34,1417.942857142857,0
57,74412,43,1691.1818181818182,1
24,37580,11,3131.6666666666665,0
51,78805,52,1486.8867924528302,0
54,38371,88,431.13483146067415,1
53,87833,21,3992.409090909091,1
61,110393,19,5519.65,0
19,22196,7,2774.5,1
83,102653,19,5132.65,0
58,160345,2,53448.333333333336,0
25,131403,90,1443.989010989011,1
62,92749,57,1599.1206896551723,1
85,186893,38,4792.128205128205,0
84,175519,66,2619.686567164179,0
77,98950,42,2301.1627906976746,1
30,112523,49,2250.46,1
70,83345,2,27781.666666666668,0
90,155390,28,5358.275862068966,1
20,179651,92,1931.731182795699,0
61,90126,18,4743.473684210527,1
44,26692,38,684.4102564102565,0
36,197605,12,15200.384615384615,0
62,60154,5,10025.666666666666,0
48,123679,62,1963.1587301587301,0
77,40325,42,937.7906976744187,1
73,94329,25,3628.0384615384614,0
33,68732,95,715.9583333333334,0
74,97577,89,1084.1888888888889,0
24,25859,70,364.2112676056338,0
62,105851,78,1339.886075949367,0
54,58879,4,11775.8,1
41,107073,89,1189.7,1
69,124272,58,2106.3050847457625,1
23,115765,50,2269.901960784314,1
39,159920,25,6150.7692307692305,1
25,127693,23,5320.541666666667,0
26,132253,50,2593.1960784313724,1
88,24729,36,668.3513513513514,0
63,36684,38,940.6153846153846,1
83,73720,61,1189.032258064516,0
88,193108,5,32184.666666666668,0
71,129823,89,1442.4777777777779,1
25,130257,52,2457.6792452830186,0
71,67869,80,837.8888888888889,1
85,189790,2,63263.333333333336,0
45,161803,49,3236.06,0
42,142806,83,1700.0714285714287,0
36,198114,27,7075.5,1
43,171896,11,14324.666666666666,0
24,102840,90,1130.10989010989,0
87,158547,6,22649.571428571428,0
51,86270,33,2537.3529411764707,0
40,35829,57,617.7413793103449,1
24,186220,96,1919.7938144329896,1
66,61762,16,3633.0588235294117,0
87,119458,31,3733.0625,0
78,44375,65,672.3484848484849,1
76,172241,78,2180.26582278481,1
21,109917,56,1928.3684210526317,0
82,26996,70,380.22535211267603,0
26,182496,23,7604.0,1
35,90403,6,12914.714285714286,1
26,72172,58,1223.2542372881355,0
32,55997,12,4307.461538461538,0
42,80599,9,8059.9,1
46,167866,60,2751.901639344262,0
65,116387,76,1511.5194805194806,0
33,42852,83,510.14285714285717,0
52,86183,28,2971.8275862068967,0
36,119056,16,7003.294117647059,1
65,166468,34,4756.228571428572,1
66,40407,32,1224.4545454545455,0
21,137613,16,8094.882352941177,1
25,158057,50,3099.156862745098,1
39,121937,3,30484.25,1
24,191964,78,2429.9240506329115,0
37,69055,17,3836.3888888888887,0
50,109003,8,12111.444444444445,1
49,20950,43,476.1363636363636,1
46,196912,66,2938.9850746268658,0
69,147484,13,10534.57142857143,1
20,142252,54,2586.4,1
52,187484,77,2403.641025641026,1
69,167391,14,11159.4,1
76,47697,95,496.84375,1
46,111863,71,1553.6527777777778,0
52,119979,69,1713.9857142857143,1
82,73923,54,1344.0545454545454,0
39,192864,72,2641.972602739726,0
85,77230,58,1308.9830508474577,1
87,44567,52,840.8867924528302,1
25,107649,33,3166.1470588235293,1
38,81497,30,2628.935483870968,0
43,66084,39,1652.1,1
42,193283,27,6902.964285714285,0
72,40024,29,1334.1333333333334,1
83,183757,23,7656.541666666667,1
22,141504,87,1608.0,1
78,175827,47,3663.0625,0
67,36780,90,404.1758241758242,1
19,97392,96,1004.0412371134021,1
88,83172,4,16634.4,1
78,127032,26,4704.888888888889,0
70,138209,52,2607.7169811320755,0
31,169833,64,2612.8153846153846,0
47,60566,50,1187.5686274509803,0
46,57921,13,4137.214285714285,1
29,95902,48,1957.1836734693877,1
86,27805,38,712.9487179487179,1
33,134787,87,1531.6704545454545,1
90,116739,95,1216.03125,1
31,151734,48,3096.612244897959,0
64,71303,10,6482.090909090909,1
49,133807,81,1631.7926829268292,0
55,65138,86,748.7126436781609,0
70,39872,80,492.24691358024694,1
40,55683,45,1210.5,0
59,91755,19,4587.75,0
34,70308,72,963.1232876712329,0
50,190520,100,1886.3366336633662,0
71,62310,30,2010.0,0
29,143655,20,6840.714285714285,1
80,64179,84,755.0470588235294,1
22,54367,50,1066.0196078431372,1
74,139703,43,3175.068181818182,1
45,34407,15,2150.4375,1
72,32961,84,387.77647058823527,0
90,160384,36,4334.7027027027025,0
74,126218,22,5487.739130434783,0
76,188453,78,2385.481012658228,1
39,163658,46,3482.0851063829787,0
53,53401,70,752.1267605633802,1
78,166886,33,4908.411764705882,1
66,52111,50,1021.7843137254902,0
43,133558,9,13355.8,0
47,194737,47,4057.0208333333335,0
36,198750,73,2685.810810810811,1
19,60951,58,1033.0677966101696,1
18,139159,99,1391.59,0
76,171575,57,2958.189655172414,0
63,192515,65,2916.8939393939395,0
22,49275,94,518.6842105263158,0
55,124527,1,62263.5,0
29,170677,77,2188.1666666666665,0
20,100083,67,1471.8088235294117,0
42,64990,51,1249.8076923076924,0
31,92321,31,2885.03125,1
60,133173,5,22195.5,1
77,23479,54,426.8909090909091,1
78,107716,78,1363.493670886076,1
22,86652,99,866.52,1
67,20528,10,1866.1818181818182,1
89,93674,77,1200.948717948718,0
82,108841,35,3023.3611111111113,0
35,118638,8,13182.0,0
23,59047,58,1000.7966101694915,0
80,165398,32,5012.060606060606,0
18,48749,98,492.4141414141414,1
71,85428,24,3417.12,1
19,80297,31,2509.28125,0
55,105182,100,1041.4059405940593,1
46,85350,14,5690.0,1
65,29560,66,441.1940298507463,1
56,38463,66,574.0746268656717,1
56,153349,56,2690.3333333333335,0
27,123590,94,1300.9473684210527,0
20,154930,67,2278.3823529411766,0
25,88456,69,1263.6571428571428,0
68,30508,8,3389.777777777778,0
36,49865,43,1133.2954545454545,0
66,114005,24,4560.2,1
51,155091,32,4699.727272727273,0
24,154789,51,2976.7115384615386,1
80,42121,9,4212.1,1
43,118010,70,1662.112676056338,0
28,197764,55,3531.5,1
89,163378,58,2769.1186440677966,0
67,66416,21,3018.909090909091,0
30,174098,78,2203.772151898734,0
43,122301,94,1287.378947368421,0
22,92967,56,1631.0,1
39,160671,52,3031.5283018867926,0
47,76966,30,2482.7741935483873,0
48,96645,62,1534.047619047619,0
42,187982,78,2379.518987341772,1
55,67770,65,1026.8181818181818,1
19,23856,20,1136.0,0
51,74908,53,1387.1851851851852,1
31,132310,88,1486.629213483146,1
50,32038,40,781.4146341463414,0
40,94705,46,2015.0,0
49,95287,97,972.3163265306123,1
87,38099,11,3174.9166666666665,0
57,161068,70,2268.56338028169,0
90,180501,15,11281.3125,1
29,87675,11,7306.25,1
28,54789,77,702.4230769230769,0
31,105542,88,1185.8651685393259,1
35,127690,90,1403.1868131868132,1
38,100427,7,12553.375,1
55,96998,78,1227.8227848101267,1
76,128670,49,2573.4,0
40,130891,70,1843.5352112676057,0
43,119031,54,2164.2,1
41,60680,55,1083.5714285714287,0
45,94366,48,1925.8367346938776,1
38,135977,74,1813.0266666666666,1
75,83781,78,1060.5189873417721,1
20,167964,65,2544.909090909091,0
48,60448,67,888.9411764705883,0
85,133629,85,1553.8255813953488,1
76,76679,83,912.8452380952381,0
67,130042,94,1368.8631578947368,0
20,94026,34,2686.457142857143,0
81,45892,32,1390.6666666666667,1
38,113761,35,3160.027777777778,0
44,134246,23,5593.583333333333,0
76,77474,20,3689.2380952380954,0
38,168245,33,4948.382352941177,0
90,165801,31,5181.28125,0
43,161936,91,1760.1739130434783,0
82,123955,83,1475.654761904762,0
69,177878,21,8085.363636363636,0
31,21213,90,233.1098901098901,1
88,57524,40,1403.0243902439024,0
90,189256,95,1971.4166666666667,1
60,65498,17,3638.777777777778,0
34,50700,34,1448.5714285714287,1
56,163433,50,3204.5686274509803,1
82,158693,44,3526.511111111111,1
20,102798,80,1269.111111111111,0
24,65051,88,730.9101123595506,1
89,24139,74,321.85333333333335,0
43,36862,79,460.775,1
82,39181,92,421.3010752688172,0
65,197672,67,2906.9411764705883,0
86,47206,40,1151.3658536585365,0
28,33756,43,767.1818181818181,1
18,88927,66,1327.2686567164178,0
74,151349,51,2910.5576923076924,0
80,158243,78,2003.0759493670887,0
56,42768,42,994.6046511627907,0
78,179113,88,2012.5056179775281,1
86,21100,58,357.6271186440678,1
43,119123,73,1609.7702702702702,1
77,94358,7,11794.75,0
88,22598,24,903.92,1
43,153717,25,5912.192307692308,0
90,106460,91,1157.1739130434783,0
26,160202,36,4329.783783783784,1
41,70404,66,1050.8059701492537,0
82,99152,26,3672.296296296296,0
85,65886,15,4117.875,1
55,116364,80,1436.5925925925926,0
20,132300,25,5088.461538461538,0
44,149338,49,2986.76,0
30,102106,96,1052.639175257732,0
57,111248,65,1685.5757575757575,1
63,191959,31,5998.71875,1
49,149229,85,1735.2209302325582,1
50,43035,31,1344.84375,0
48,145317,15,9082.3125,1
42,31239,79,390.4875,0
32,197333,94,2077.1894736842105,0
52,69018,68,1000.2608695652174,0
62,132420,55,2364.6428571428573,0
88,149132,11,12427.666666666666,0
47,193757,57,3340.637931034483,1
26,119241,8,13249.0,0
20,138728,4,27745.6,0
65,84619,15,5288.6875,0
86,105049,68,1522.4492753623188,0
62,59380,83,706.9047619047619,1
26,41416,90,455.1208791208791,1
52,95642,8,10626.888888888889,0
20,153038,71,2125.527777777778,1
63,93723,39,2343.075,0
55,166331,63,2598.921875,1
56,73465,73,992.7702702702703,0
64,153199,12,11784.538461538461,1
54,109172,70,1537.6338028169014,1
88,61184,26,2266.074074074074,0
77,143877,97,1468.1326530612246,0
57,123949,97,1264.7857142857142,0
71,43729,96,450.8144329896907,0
78,120242,79,1503.025,0
79,82521,59,1375.35,0
55,168432,92,1811.0967741935483,1
78,29070,62,461.42857142857144,1
19,75130,16,4419.411764705882,1
31,52340,76,679.7402597402597,1
62,32101,13,2292.9285714285716,1
46,162228,38,4159.692307692308,0
72,92166,46,1960.9787234042553,0
48,103225,81,1258.841463414634,0
74,178436,65,2703.5757575757575,0
37,119632,4,23926.4,0
25,178211,22,7748.304347826087,1
70,46636,19,2331.8,0
22,47238,69,674.8285714285714,1
46,89360,96,921.2371134020618,1
39,96120,95,1001.25,0
48,32997,43,749.9318181818181,0
51,40468,45,879.7391304347826,1
69,107663,86,1237.5057471264367,1
44,153141,22,6658.304347826087,1
30,89531,76,1162.7402597402597,0
37,68731,79,859.1375,1
30,62592,59,1043.2,0
67,24382,9,2438.2,0
89,131863,33,3878.323529411765,1
82,46786,7,5848.25,1
18,149854,49,2997.08,0
21,95043,24,3801.72,0
86,179880,13,12848.57142857143,1
34,141795,5,23632.5,1
59,137056,72,1877.4794520547946,1
54,56645,58,960.0847457627119,0
22,92797,26,3436.925925925926,1
90,93866,98,948.1414141414141,1
41,104855,25,4032.8846153846152,0
33,150276,28,5181.931034482759,0
53,135707,71,1884.8194444444443,1
26,86034,93,915.2553191489362,1
25,194441,1,97220.5,0
72,189870,65,2876.818181818182,1
66,154494,53,2861.0,1
74,111436,95,1160.7916666666667,0
18,39220,18,2064.2105263157896,1
27,177392,85,2062.6976744186045,1
41,21619,16,1271.7058823529412,1
35,52980,2,17660.0,0
22,51835,57,893.7068965517242,1
25,102573,39,2564.325,0
26,165801,44,3684.4666666666667,0
82,49914,11,4159.5,1
33,186365,22,8102.826086956522,0
32,66150,97,675.0,0
49,198769,35,5521.361111111111,0
25,109788,61,1770.774193548387,0
90,144268,5,24044.666666666668,1
18,48713,18,2563.842105263158,0
66,48934,75,643.8684210526316,1
19,178711,34,5106.028571428571,0
51,94577,11,7881.416666666667,0
86,20340,99,203.4,0
63,24398,8,2710.8888888888887,0
46,141301,33,4155.911764705882,1
30,109683,39,2742.075,0
56,123909,25,4765.7307692307695,0
55,51990,55,928.3928571428571,1
72,59430,3,14857.5,0
69,134102,89,1490.0222222222221,1
31,53199,41,1266.642857142857,1
41,140671,82,1694.8313253012047,1
44,99908,69,1427.2571428571428,0
34,50360,74,671.4666666666667,1
19,57643,59,960.7166666666667,0
76,69427,4,13885.4,0
58,41166,26,1524.6666666666667,1
77,31599,27,1128.5357142857142,1
23,172773,48,3525.9795918367345,1
54,176930,18,9312.105263157895,0
32,176274,65,2670.818181818182,0
71,56116,35,1558.7777777777778,1
72,27198,83,323.7857142857143,1
67,83307,77,1068.0384615384614,1
39,146606,51,2819.346153846154,1
37,132228,44,2938.4,0
18,74791,21,3399.590909090909,0
24,97054,38,2488.5641025641025,0
33,149641,52,2823.4150943396226,0
40,40617,74,541.56,0
31,74763,18,3934.8947368421054,0
90,20657,69,295.1,0
83,83420,57,1438.2758620689656,0
72,82130,28,2832.0689655172414,0
47,51485,56,903.2456140350877,0
25,22656,89,251.73333333333332,1
61,104358,16,6138.705882352941,1
83,161796,34,4622.742857142857,0
56,26745,44,594.3333333333334,0
81,32300,9,3230.0,0
20,158153,72,2166.4794520547944,0
58,74115,87,842.2159090909091,0
56,25326,15,1582.875,1
55,26665,23,1111.0416666666667,1
74,162233,3,40558.25,1
25,129278,34,3693.657142857143,1
78,195015,66,2910.6716417910447,1
87,121569,27,4341.75,0
54,153357,87,1742.6931818181818,0
61,21374,93,227.38297872340425,0
90,66371,56,1164.4035087719299,1
34,57582,1,28791.0,1
18,194833,78,2466.240506329114,1
49,131854,23,5493.916666666667,1
43,137208,68,1988.5217391304348,0
85,114164,73,1542.7567567567567,1
48,166258,60,2725.5409836065573,0
54,124154,72,1700.7397260273972,1
38,172309,100,1706.029702970297,0
38,159079,60,2607.8524590163934,0
58,74291,88,834.7303370786517,0
88,96178,30,3102.516129032258,1
45,139090,15,8693.125,0
68,89436,46,1902.8936170212767,1
77,159548,43,3626.090909090909,0
59,81291,67,1195.4558823529412,1
87,193440,25,7440.0,0
90,28635,52,540.2830188679245,0
44,59950,66,894.776119402985,1
71,149160,57,2571.7241379310344,1
58,110119,100,1090.2871287128712,1
53,166293,13,11878.07142857143,0
48,22098,78,279.72151898734177,1
85,25299,54,459.9818181818182,0
66,168609,82,2031.433734939759,0
34,87878,44,1952.8444444444444,1
40,60384,18,3178.1052631578946,1
79,137462,59,2291.0333333333333,1
37,116042,81,1415.1463414634147,1
45,134032,52,2528.9056603773583,0
58,162358,48,3313.4285714285716,0
83,128193,47,2670.6875,0
59,39651,32,1201.5454545454545,1
69,56035,92,602.5268817204301,1
89,190947,35,5304.083333333333,1
42,156923,70,2210.1830985915494,0
46,30563,53,565.9814814814815,1
33,175841,49,3516.82,0
78,117996,98,1191.878787878788,1
18,50860,12,3912.3076923076924,0
71,35924,38,921.1282051282051,0
40,24892,5,4148.666666666667,1
86,41207,43,936.5227272727273,0
71,94607,21,4300.318181818182,1
67,86057,19,4302.85,1
60,33009,24,1320.36,0
24,72393,39,1809.825,1
29,27245,9,2724.5,0
63,105500,6,15071.42857142857,0
32,88088,8,9787.555555555555,0
57,43282,72,592.9041095890411,0
74,179662,66,2681.5223880597014,1
66,143822,42,3344.6976744186045,0
42,175725,93,1869.4148936170213,1
20,150406,89,1671.1777777777777,0
86,25461,74,339.48,0
18,119353,43,2712.568181818182,1
74,175794,55,3139.1785714285716,1
73,160673,75,2114.1184210526317,0
73,139557,97,1424.0510204081634,0
52,166826,84,1962.6588235294118,1
50,172485,4,34497.0,1
43,77880,36,2104.864864864865,0
74,185405,15,11587.8125,0
57,36853,22,1602.304347826087,1
23,49505,18,2605.5263157894738,1
30,91247,64,1403.8,0
49,88989,56,1561.2105263157894,1
85,149964,36,4053.0810810810813,0
70,21156,96,218.10309278350516,1
81,185643,68,2690.478260869565,0
18,156848,97,1600.4897959183672,0
75,167903,46,3572.404255319149,0
34,87004,2,29001.333333333332,1
20,43050,46,915.9574468085107,0
51,48679,60,798.016393442623,0
53,54914,59,915.2333333333333,0
34,23791,35,660.8611111111111,0
42,78521,26,2908.185185185185,1
83,141749,48,2892.8367346938776,0
86,55576,89,617.5111111111111,0
60,52977,83,630.6785714285714,1
18,195268,50,3828.7843137254904,1
86,189696,24,7587.84,1
31,83289,87,946.4659090909091,0
31,127617,84,1501.3764705882354,0
55,162448,69,2320.6857142857143,1
27,129547,90,1423.5934065934066,0
48,66768,10,6069.818181818182,0
77,186689,63,2917.015625,1
54,150666,44,3348.133333333333,0
32,195627,92,2103.516129032258,0
33,183335,81,2235.7926829268295,1
63,72643,18,3823.315789473684,1
64,116559,52,2199.2264150943397,1
82,113571,25,4368.115384615385,1
65,153127,82,1844.9036144578313,1
23,20440,7,2555.0,1
57,145358,64,2236.276923076923,0
22,163928,67,2410.705882352941,0
79,118178,80,1458.9876543209878,0
21,44091,4,8818.2,0
23,92812,25,3569.6923076923076,0
42,106055,46,2256.4893617021276,0
64,54109,51,1040.5576923076924,0
47,156912,41,3736.0,1
57,21587,44,479.7111111111111,0
36,80895,43,1838.5227272727273,1
18,32229,13,2302.0714285714284,0
33,184914,22,8039.739130434783,0
51,134065,72,1836.5068493150684,1
46,133960,92,1440.4301075268818,1
56,55858,78,707.0632911392405,0
46,136709,99,1367.09,0
60,103584,48,2113.9591836734694,0
70,149537,28,5156.448275862069,0
87,122314,19,6115.7,0
79,70806,18,3726.6315789473683,0
31,32772,13,2340.8571428571427,1
49,59379,64,913.5230769230769,1
45,182047,37,4790.710526315789,0
82,86933,24,3477.32,0
51,21537,94,226.70526315789473,0
87,176651,34,5047.171428571429,1
34,39520,18,2080.0,1
31,160906,57,2774.2413793103447,1
59,151713,48,3096.183673469388,0
29,132794,22,5773.652173913043,0
63,138303,95,1440.65625,0
41,95088,14,6339.2,1
18,178391,55,3185.5535714285716,1
37,113238,57,1952.3793103448277,0
33,69808,73,943.3513513513514,0
53,145722,7,18215.25,1
21,24858,97,253.6530612244898,1
38,162017,3,40504.25,0
30,24763,64,380.96923076923076,1
26,21980,20,1046.6666666666667,0
78,180343,68,2613.6666666666665,0
86,65245,51,1254.7115384615386,0
71,96995,43,2204.431818181818,0
89,53256,26,1972.4444444444443,1
79,118627,67,1744.514705882353,1
50,189319,21,8605.40909090909,0
56,161194,70,2270.3380281690143,1
40,102885,98,1039.2424242424242,1
52,61478,44,1366.1777777777777,1
89,83211,77,1066.8076923076924,0
63,117285,49,2345.7,1
51,107936,78,1366.2784810126582,0
85,162633,27,5808.321428571428,1
81,46094,30,1486.9032258064517,0
54,195789,89,2175.4333333333334,1
67,154760,23,6448.333333333333,0
40,105180,42,2446.046511627907,1
89,188731,44,4194.022222222222,0
45,71915,4,14383.0,0
35,163282,6,23326.0,1
71,53584,99,535.84,0
20,187892,35,5219.222222222223,0
50,81659,98,824.8383838383838,1
53,145305,30,4687.258064516129,0
35,128105,71,1779.236111111111,0
27,135332,48,2761.877551020408,1
52,125015,87,1420.625,1
49,132025,74,1760.3333333333333,0
39,193494,93,2058.446808510638,0
34,178696,42,4155.720930232558,0
44,110165,38,2824.74358974359,0
41,97401,76,1264.948051948052,0
74,69402,76,901.3246753246754,1
27,191357,32,5798.69696969697,0
38,66301,79,828.7625,1
79,187309,28,6458.931034482759,0
72,148241,17,8235.611111111111,0
44,88325,92,949.7311827956989,1
76,92725,24,3709.0,1
66,84938,100,840.9702970297029,0
40,122575,23,5107.291666666667,0
44,152748,59,2545.8,0
60,126402,42,2939.5813953488373,0
20,69005,24,2760.2,1
69,104776,67,1540.8235294117646,1
89,109857,95,1144.34375,0
56,80280,3,20070.0,0
32,148074,55,2644.1785714285716,1
52,51962,31,1623.8125,0
75,72718,78,920.4810126582279,0
55,177682,59,2961.366666666667,0
68,161983,13,11570.214285714286,0
29,189038,32,5728.424242424242,0
62,132196,19,6609.8,1
48,78328,42,1821.5813953488373,0
73,126802,54,2305.490909090909,1
81,125898,68,1824.608695652174,1
33,84827,32,2570.5151515151515,1
41,191294,22,8317.130434782608,0
39,51699,44,1148.8666666666666,0
19,188166,61,3034.935483870968,1
87,54814,3,13703.5,0
25,189088,2,63029.333333333336,0
37,52341,94,550.9578947368421,1
19,171248,83,2038.6666666666667,1
33,188213,2,62737.666666666664,0
76,184984,61,2983.6129032258063,0
69,101724,57,1753.8620689655172,0
78,71315,70,1004.4366197183099,1
65,27619,90,303.5054945054945,0
22,39952,27,1426.857142857143,0
30,173649,84,2042.929411764706,0
30,145609,100,1441.6732673267327,0
61,56954,10,5177.636363636364,1
39,44414,37,1168.7894736842106,1
46,151967,77,1948.2948717948718,1
40,119391,52,2252.6603773584907,1
20,63538,95,661.8541666666666,0
20,185959,81,2267.7926829268295,1
30,143821,28,4959.3448275862065,1
54,55227,42,1284.3488372093022,1
83,171984,12,13229.538461538461,1
77,73593,70,1036.5211267605634,1
81,145879,67,2145.279411764706,0
69,26176,20,1246.4761904761904,1
74,161955,68,2347.1739130434785,1
80,59468,80,734.1728395061729,1
24,107822,75,1418.7105263157894,0
44,29845,85,347.0348837209302,0
61,102347,18,5386.684210526316,1
78,20636,70,290.6478873239437,1
41,72794,20,3466.3809523809523,1
78,51337,37,1350.9736842105262,1
57,187591,39,4689.775,0
65,95174,33,2799.235294117647,0
23,126395,41,3009.404761904762,1
21,118294,41,2816.5238095238096,1
23,190424,22,8279.304347826086,0
80,121544,4,24308.8,1
82,95494,42,2220.7906976744184,1
33,82489,81,1005.9634146341464,0
51,144661,76,1878.7142857142858,0
64,115786,67,1702.735294117647,0
28,130340,31,4073.125,1
78,23986,61,386.8709677419355,0
45,39075,95,407.03125,1
62,192998,48,3938.734693877551,1
31,103679,75,1364.1973684210527,1
88,75205,90,826.4285714285714,0
79,149211,45,3243.717391304348,0
33,151595,37,3989.342105263158,0
31,131450,27,4694.642857142857,0
44,82764,57,1426.9655172413793,1
72,162686,50,3189.921568627451,0
71,137288,99,1372.88,1
38,70077,90,770.0769230769231,1
82,65488,100,648.3960396039604,1
64,92381,27,3299.3214285714284,0
59,66393,67,976.3676470588235,1
76,38350,78,485.44303797468353,0
67,149771,79,1872.1375,0
64,110205,70,1552.1830985915492,1
19,26340,64,405.2307692307692,1
26,135889,64,2090.6,1
26,58169,3,14542.25,0
19,97108,69,1387.2571428571428,1
40,83669,20,3984.2380952380954,0
64,184579,1,92289.5,0
50,79562,74,1060.8266666666666,0
18,100552,22,4371.826086956522,1
45,64275,69,918.2142857142857,1
24,145032,57,2500.551724137931,1
83,153805,64,2366.230769230769,0
73,180108,26,6670.666666666667,0
26,83982,43,1908.6818181818182,1
45,23687,47,493.4791666666667,0
58,28201,16,1658.8823529411766,0
50,131459,72,1800.8082191780823,0
25,143211,42,3330.4883720930234,0
68,35411,100,350.6039603960396,1
32,130089,14,8672.6,1
55,26362,57,454.51724137931035,1
88,109585,72,1501.164383561644,0
29,59606,92,640.9247311827957,0
75,108925,89,1210.2777777777778,0
80,148579,60,2435.72131147541,1
19,195538,26,7242.148148148148,0
30,186311,49,3726.22,1
64,175722,51,3379.269230769231,0
68,126172,34,3604.9142857142856,0
38,117283,8,13031.444444444445,0
47,21096,33,620.4705882352941,1
52,57426,13,4101.857142857143,0
52,92501,67,1360.3088235294117,0
34,40518,7,5064.75,0
80,130502,59,2175.0333333333333,0
81,63270,58,1072.3728813559321,1
27,88144,44,1958.7555555555555,0
48,53515,90,588.0769230769231,0
80,154964,55,2767.214285714286,1
45,172951,63,2702.359375,1
72,73163,28,2522.862068965517,1
77,129897,72,1779.4109589041095,1
21,156400,16,9200.0,1
54,114679,65,1737.560606060606,1
63,62851,2,20950.333333333332,1
29,143537,44,3189.711111111111,0
78,74180,49,1483.6,0
64,100690,72,1379.3150684931506,0
89,83403,56,1463.2105263157894,1
71,137882,69,1969.7428571428572,1
81,51944,6,7420.571428571428,0
70,94129,75,1238.5394736842106,0
27,167073,19,8353.65,0
31,170231,82,2050.975903614458,1
59,30976,24,1239.04,0
65,158076,63,2469.9375,1
33,104541,90,1148.8021978021977,0
78,44641,11,3720.0833333333335,1
65,150066,40,3660.1463414634145,1
31,152714,82,1839.9277108433735,1
25,149469,14,9964.6,1
51,88621,76,1150.922077922078,0
19,55852,23,2327.1666666666665,1
32,26897,46,572.2765957446809,1
68,41137,44,914.1555555555556,1
90,65492,73,885.027027027027,1
34,199606,5,33267.666666666664,0
37,78162,18,4113.789473684211,0
88,197548,86,2270.6666666666665,0
35,105464,37,2775.3684210526317,1
48,49246,27,1758.7857142857142,0
71,127857,13,9132.642857142857,1
76,92571,25,3560.423076923077,0
67,193412,82,2330.265060240964,0
26,192232,44,4271.822222222222,1
36,137958,15,8622.375,0
79,44373,59,739.55,0
32,45567,77,584.1923076923077,1
75,65531,8,7281.222222222223,0
88,39515,40,963.780487804878,1
67,22069,56,387.17543859649123,0
67,92694,60,1519.5737704918033,0
32,57907,64,890.876923076923,0
78,100469,8,11163.222222222223,0
22,115770,32,3508.181818181818,1
48,135138,98,1365.030303030303,1
58,166450,64,2560.769230769231,1
56,152206,2,50735.333333333336,1
21,106259,30,3427.7096774193546,0
45,64456,46,1371.404255319149,0
55,156118,39,3902.95,0
65,92525,99,925.25,0
88,62516,14,4167.733333333334,1
85,151934,58,2575.1525423728813,0
51,92832,10,8439.272727272728,1
85,86652,56,1520.2105263157894,0
39,32462,80,400.7654320987654,1
89,74210,95,773.0208333333334,0
20,124964,5,20827.333333333332,1
83,98291,53,1820.2037037037037,0
24,62251,24,2490.04,0
22,49440,30,1594.8387096774193,1
31,123135,66,1837.8358208955224,1
18,177342,54,3224.4,1
64,45954,58,778.8813559322034,0
88,124084,19,6204.2,0
28,194294,46,4133.914893617021,0
58,71369,23,2973.7083333333335,0
48,108646,10,9876.90909090909,0
43,61399,33,1805.8529411764705,0
58,77616,90,852.9230769230769,0
53,65947,50,1293.078431372549,0
24,124630,81,1519.878048780488,0
37,21138,44,469.73333333333335,0
24,192429,99,1924.29,0
33,104257,11,8688.083333333334,0
71,49784,25,1914.7692307692307,0
42,118531,14,7902.066666666667,1
66,129877,79,1623.4625,1
50,79332,23,3305.5,1
77,80532,82,970.2650602409639,0
76,77448,50,1518.5882352941176,1
21,169045,13,12074.642857142857,0
45,155540,54,2828.0,1
63,163981,90,1801.989010989011,1
68,83575,31,2611.71875,0
40,118587,83,1411.75,1
89,136260,62,2162.8571428571427,0
77,78573,93,835.8829787234042,1
56,24124,20,1148.7619047619048,0
53,195540,9,19554.0,1
69,100322,24,4012.88,1
47,166264,100,1646.1782178217823,0
90,196837,77,2523.551282051282,0
22,187430,72,2567.5342465753424,1
89,55835,98,563.989898989899,1
31,177469,83,2112.7261904761904,1
72,89226,37,2348.0526315789475,0
76,30365,71,421.7361111111111,1
87,113460,26,4202.222222222223,0
26,124363,86,1429.4597701149426,0
67,68037,7,8504.625,1
71,193522,23,8063.416666666667,1
75,105096,75,1382.842105263158,0
67,85848,29,2861.6,0
29,96381,9,9638.1,0
41,57456,71,798.0,0
56,33478,43,760.8636363636364,0
35,174642,64,2686.8,0
73,98327,55,1755.8392857142858,0
57,57482,3,14370.5,0
43,179367,59,2989.45,0
55,52871,27,1888.25,0
89,153170,23,6382.083333333333,1
69,144679,2,48226.333333333336,1
28,48260,36,1304.3243243243244,1
54,29562,1,14781.0,1
36,92073,79,1150.9125,0
25,74635,42,1735.6976744186047,1
36,57179,47,1191.2291666666667,1
41,178795,33,5258.676470588235,0
59,156237,34,4463.914285714286,0
54,114360,57,1971.7241379310344,0
79,42693,11,3557.75,1
42,51762,64,796.3384615384615,0
65,172452,51,3316.3846153846152,1
43,195915,68,2839.3478260869565,1
57,69106,18,3637.157894736842,1
84,136936,51,2633.3846153846152,1
75,139885,92,1504.1397849462367,1
74,88575,61,1428.6290322580646,0
67,161652,3,40413.0,0
20,90165,37,2372.7631578947367,0
73,170314,60,2792.032786885246,1
51,58970,55,1053.0357142857142,1
29,35304,87,401.1818181818182,0
66,192573,29,6419.1,0
47,27855,86,320.17241379310343,0
39,161735,46,3441.1702127659573,0
25,108673,50,2130.843137254902,0
19,174389,36,4713.216216216216,1
57,172269,90,1893.065934065934,0
67,142757,63,2230.578125,0
26,88064,54,1601.1636363636364,1
66,170993,93,1819.0744680851064,0
47,198798,57,3427.551724137931,1
83,62943,69,899.1857142857143,1
32,27720,73,374.5945945945946,0
37,52322,80,645.9506172839506,1
85,151064,55,2697.5714285714284,1
76,138620,63,2165.9375,0
83,131509,31,4109.65625,0
77,43645,55,779.375,1
70,59237,39,1480.925,1
80,91849,87,1043.7386363636363,1
67,38885,55,694.375,0
82,71177,38,1825.051282051282,1
70,172056,71,2389.6666666666665,1
33,66485,18,3499.2105263157896,0
33,94175,15,5885.9375,1
33,44666,31,1395.8125,0
56,129217,19,6460.85,1
24,101175,70,1425.0,1
33,149815,48,3057.4489795918366,1
20,93942,32,2846.7272727272725,1
63,180490,58,3059.1525423728813,0
18,41842,77,536.4358974358975,1
18,36133,86,415.32183908045977,1
39,64717,20,3081.7619047619046,0
35,168460,67,2477.3529411764707,1
52,24868,80,307.01234567901236,1
46,181300,34,5180.0,0
37,64129,51,1233.25,0
52,168535,92,1812.2043010752689,0
86,71515,59,1191.9166666666667,0
68,160605,26,5948.333333333333,1
50,108417,55,1936.017857142857,0
44,176502,89,1961.1333333333334,1
86,134730,66,2010.8955223880596,0
35,89409,59,1490.15,0
75,48735,26,1805.0,0
61,71819,58,1217.2711864406779,1
42,175325,11,14610.416666666666,1
82,183442,38,4703.641025641025,0
80,167111,89,1856.7888888888888,1
51,73062,100,723.3861386138614,1
55,189772,98,1916.888888888889,0
80,61183,70,861.7323943661971,0
85,20506,2,6835.333333333333,1
42,195422,89,2171.3555555555554,1
48,151493,5,25248.833333333332,1
18,153303,38,3930.846153846154,0
20,63122,59,1052.0333333333333,0
88,115244,44,2560.9777777777776,1
80,55078,57,949.6206896551724,1
34,159969,12,12305.307692307691,0
80,55391,68,802.768115942029,1
49,58301,57,1005.1896551724138,1
35,79840,78,1010.632911392405,0
47,89341,14,5956.066666666667,1
79,131288,7,16411.0,1
66,185829,14,12388.6,1
26,183762,82,2214.0,0
41,126511,49,2530.22,1
90,108065,15,6754.0625,1
63,69986,18,3683.4736842105262,0
38,40618,92,436.752688172043,1
33,179985,24,7199.4,1
23,101651,42,2363.9767441860463,0
37,115817,89,1286.8555555555556,1
46,50598,45,1099.9565217391305,1
28,174433,26,6460.481481481482,1
48,176084,80,2173.8765432098767,0
53,30723,29,1024.1,0
29,133405,63,2084.453125,1
63,32188,25,1238.0,1
31,67038,40,1635.0731707317073,1
66,118216,62,1876.4444444444443,0
21,108774,100,1076.970297029703,0
39,24922,24,996.88,0
32,133398,9,13339.8,0
55,39816,46,847.1489361702128,0
85,163300,35,4536.111111111111,0
53,173361,52,3270.9622641509436,0
41,112262,6,16037.42857142857,1
39,44033,46,936.8723404255319,0
33,121430,64,1868.1538461538462,1
39,24409,40,595.3414634146342,1
46,130335,23,5430.625,0
31,84023,36,2270.891891891892,1
56,129199,47,2691.6458333333335,0
80,46046,35,1279.0555555555557,0
18,77457,53,1434.388888888889,1
27,105566,49,2111.32,1
69,77330,60,1267.704918032787,0
55,59999,40,1463.3902439024391,1
25,70030,31,2188.4375,1
62,177669,3,44417.25,1
42,176950,43,4021.590909090909,1
31,75335,91,818.8586956521739,1
86,79054,91,859.2826086956521,0
34,100685,30,3247.9032258064517,1
52,166003,79,2075.0375,0
29,99196,78,1255.6455696202531,1
34,105771,95,1101.78125,0
64,68716,50,1347.3725490196077,1
61,73912,27,2639.714285714286,0
44,31403,98,317.2020202020202,0
72,80229,42,1865.7906976744187,1
51,83513,32,2530.6969696969695,0
65,34529,54,627.8,0
57,36514,59,608.5666666666667,1
41,199722,49,3994.44,0
60,184297,47,3839.5208333333335,0
37,85045,66,1269.3283582089553,1
84,124853,66,1863.4776119402984,1
31,160259,83,1907.845238095238,0
40,176905,93,1881.968085106383,0
33,98071,42,2280.720930232558,1
85,20115,94,211.73684210526315,0
29,194216,21,8828.0,0
61,33997,49,679.94,1
30,80352,83,956.5714285714286,1
20,75113,22,3265.782608695652,0
38,25143,64,386.81538461538463,1
29,94886,6,13555.142857142857,0
86,118424,98,1196.20202020202,0
86,161674,16,9510.235294117647,1
84,144090,78,1823.9240506329113,1
46,156232,63,2441.125,1
28,133254,38,3416.769230769231,0
83,185237,35,5145.472222222223,1
57,185641,4,37128.2,1
46,58475,86,672.1264367816092,0
26,167175,73,2259.1216216216217,0
28,95902,41,2283.3809523809523,0
32,32477,100,321.55445544554453,1
79,67093,93,713.7553191489362,1
81,105383,66,1572.8805970149253,0
77,63074,81,769.1951219512196,1
37,68272,44,1517.1555555555556,1
57,66381,63,1037.203125,0
81,187287,60,3070.27868852459,1
55,140525,9,14052.5,1
60,100523,94,1058.1368421052632,0
74,170972,94,1799.7052631578947,0
89,111141,66,1658.8208955223881,1
37,179075,32,5426.515151515152,0
29,57727,30,1862.1612903225807,0
40,111308,81,1357.4146341463415,0
19,157929,77,2024.7307692307693,0
84,68030,59,1133.8333333333333,0
70,134819,4,26963.8,1
83,138779,86,1595.16091954023,1
63,83466,37,2196.4736842105262,1
44,48459,40,1181.9268292682927,0
54,89512,4,17902.4,0
60,149839,30,4833.5161290322585,0
77,46790,69,668.4285714285714,0
33,64289,33,1890.8529411764705,0
68,22081,2,7360.333333333333,0
67,174665,77,2239.2948717948716,0
72,185218,96,1909.4639175257732,1
65,53719,16,3159.9411764705883,0
33,59594,98,601.959595959596,0
42,84414,70,1188.9295774647887,1
78,125114,91,1359.9347826086957,0
70,28484,57,491.1034482758621,1
51,132453,37,3485.6052631578946,0
67,182809,17,10156.055555555555,1
62,98363,7,12295.375,1
33,180410,96,1859.8969072164948,1
77,151892,56,2664.7719298245615,1
51,129145,82,1555.9638554216867,0
64,197701,95,2059.3854166666665,1
59,102085,49,2041.7,1
44,90458,60,1482.9180327868853,0
54,156419,71,2172.4861111111113,0
64,176484,97,1800.857142857143,0
30,78789,95,820.71875,0
78,191732,99,1917.32,0
25,65846,71,914.5277777777778,1
31,170435,37,4485.131578947368,0
41,183695,38,4710.128205128205,1
49,60275,8,6697.222222222223,1
58,59519,2,19839.666666666668,1
84,162392,85,1888.2790697674418,0
34,50411,39,1260.275,1
21,40748,64,626.8923076923077,1
89,69494,25,2672.846153846154,1
77,131361,74,1751.48,1
34,177373,13,12669.5,1
43,168273,70,2370.042253521127,1
45,178794,87,2031.75,0
55,139884,45,3040.9565217391305,1
38,59030,45,1283.2608695652175,1
79,64467,40,1572.3658536585365,0
25,163410,75,2150.1315789473683,0
67,38904,43,884.1818181818181,1
62,159028,98,1606.3434343434344,0
41,85916,85,999.0232558139535,1
67,41000,4,8200.0,1
41,163630,80,2020.1234567901236,0
24,194538,90,2137.78021978022,0
48,45326,71,629.5277777777778,1
66,51045,29,1701.5,0
30,22867,32,692.939393939394,1
24,102482,50,2009.450980392157,1
70,176431,8,19603.444444444445,0
67,187248,45,4070.608695652174,0
60,20515,91,222.9891304347826,0
60,50928,91,553.5652173913044,1
32,140977,17,7832.055555555556,0
22,145891,80,1801.1234567901236,1
87,50435,48,1029.2857142857142,0
30,136287,84,1603.3764705882354,1
75,151713,65,2298.681818181818,1
65,112362,15,7022.625,1
63,79943,18,4207.526315789473,1
20,183463,4,36692.6,1
57,104968,75,1381.157894736842,0
40,76833,100,760.7227722772277,0
19,159117,61,2566.4032258064517,1
67,164866,12,12682.0,0
54,144393,100,1429.6336633663366,1
39,128195,52,2418.7735849056603,1
77,192886,57,3325.6206896551726,0
46,103706,37,2729.1052631578946,1
20,129301,19,6465.05,0
26,72530,12,5579.2307692307695,0
25,136225,39,3405.625,0
18,128800,27,4600.0,1
80,46173,48,942.3061224489796,1
64,149456,52,2819.9245283018868,1
82,52446,69,749.2285714285714,1
50,39019,3,9754.75,0
86,128189,66,1913.2686567164178,0
68,197154,13,14082.42857142857,0
28,31209,46,664.0212765957447,0
39,157463,80,1943.9876543209878,0
90,47697,30,1538.6129032258063,1
34,103275,14,6885.0,1
74,165916,100,1642.7326732673268,0
79,174972,64,2691.876923076923,0
31,83201,91,904.3586956521739,1
86,60232,43,1368.909090909091,0
79,155725,1,77862.5,0
49,131981,23,5499.208333333333,0
37,68376,34,1953.6,0
61,92599,94,974.7263157894737,1
28,124196,72,1701.3150684931506,0
23,29510,81,359.8780487804878,1
30,93730,60,1536.5573770491803,0
35,130272,2,43424.0,1
21,57700,16,3394.1176470588234,1
74,180946,58,3066.8813559322034,1
76,196738,48,4015.061224489796,0
75,158492,77,2031.948717948718,0
57,119048,52,2246.188679245283,1
87,183214,80,2261.901234567901,0
74,152564,69,2179.4857142857145,1
50,86339,16,5078.764705882353,0
67,139829,2,46609.666666666664,1
41,199052,61,3210.516129032258,0
86,138587,44,3079.711111111111,1
55,61264,50,1201.2549019607843,1
90,44844,28,1546.344827586207,0
27,194383,98,1963.4646464646464,1
74,122955,96,1267.5773195876288,0
51,94762,33,2787.1176470588234,0
65,25952,5,4325.333333333333,0
31,199043,24,7961.72,0
33,89546,36,2420.162162162162,1
69,110321,22,4796.565217391304,0
50,43292,31,1352.875,1
64,159985,39,3999.625,1
20,117334,10,10666.727272727272,1
84,27960,25,1075.3846153846155,1
24,181586,31,5674.5625,0
49,147094,53,2723.962962962963,1
35,140217,42,3260.860465116279,1
64,156149,51,3002.8653846153848,0
81,122060,46,2597.021276595745,0
49,172943,23,7205.958333333333,0
46,112312,55,2005.5714285714287,0
56,128924,7,16115.5,0
18,32159,95,334.9895833333333,1
72,113665,72,1557.054794520548,1
40,111964,92,1203.9139784946237,0
62,177146,40,4320.634146341464,0
18,62281,44,1384.0222222222221,0
36,152869,86,1757.1149425287356,1
22,152475,52,2876.8867924528304,0
23,127932,86,1470.4827586206898,0
32,24467,76,317.75324675324674,1
86,128030,57,2207.4137931034484,0
89,25817,69,368.8142857142857,0
82,109838,59,1830.6333333333334,1
73,69336,2,23112.0,1
79,132929,76,1726.3506493506493,0
61,173100,30,5583.870967741936,0
50,32232,61,519.8709677419355,1
37,79491,7,9936.375,0
58,161773,57,2789.189655172414,0
67,195916,62,3109.777777777778,1
66,93896,99,938.96,0
19,188154,18,9902.842105263158,0
86,30298,20,1442.7619047619048,0
64,154290,3,38572.5,0
58,131683,72,1803.876712328767,0
37,47517,83,565.6785714285714,1
27,20177,48,411.7755102040816,1
33,102397,52,1932.0188679245282,1
63,173366,5,28894.333333333332,0
34,27788,91,302.04347826086956,1
52,71141,93,756.8191489361702,0
81,167523,83,1994.3214285714287,1
65,80208,38,2056.6153846153848,0
86,123061,52,2321.9056603773583,0
32,121609,81,1483.0365853658536,1
22,97766,67,1437.735294117647,1
58,114106,24,4564.24,1
67,155012,34,4428.914285714286,0
49,120279,100,1190.881188118812,0
32,134024,54,2436.8,1
45,83081,45,1806.108695652174,1
45,59377,23,2474.0416666666665,0
85,152514,9,15251.4,0
27,54102,46,1151.1063829787233,1
34,31013,82,373.65060240963857,0
29,199772,11,16647.666666666668,0
71,81964,17,4553.555555555556,1
41,46416,49,928.32,0
59,167702,14,11180.133333333333,1
75,138654,41,3301.285714285714,1
59,126898,86,1458.5977011494253,0
83,191494,35,5319.277777777777,0
57,135000,34,3857.1428571428573,1
27,75045,88,843.2022471910112,0
39,24152,90,265.4065934065934,1
40,114880,38,2945.641025641026,1
87,192726,43,4380.136363636364,1
83,181641,65,2752.1363636363635,1
27,101504,88,1140.4943820224719,1
39,69631,5,11605.166666666666,0
52,185730,58,3147.9661016949153,0
62,191786,58,3250.6101694915255,1
80,174616,64,2686.4,0
26,45707,18,2405.6315789473683,0
33,39158,46,833.1489361702128,0
24,194337,100,1924.1287128712872,1
31,166672,86,1915.7701149425288,1
34,95527,99,955.27,0
36,158927,32,4815.969696969697,0
53,140333,97,1431.969387755102,0
55,128582,11,10715.166666666666,0
19,93080,100,921.5841584158416,1
39,143435,1,71717.5,1
63,162593,37,4278.763157894737,1
83,87602,98,884.8686868686868,0
64,141122,10,12829.272727272728,0
20,137206,17,7622.555555555556,1
54,60491,71,840.1527777777778,1
50,114960,89,1277.3333333333333,0
24,148919,97,1519.5816326530612,0
56,192857,51,3708.7884615384614,1
51,145083,87,1648.6704545454545,1
53,101806,66,1519.4925373134329,1
74,196075,34,5602.142857142857,1
29,46628,37,1227.0526315789473,0
83,39547,3,9886.75,0
63,96378,54,1752.3272727272727,1
66,157614,28,5434.9655172413795,1
65,131679,86,1513.551724137931,0
34,114109,74,1521.4533333333334,0
86,93843,81,1144.4268292682927,0
18,193206,40,4712.341463414634,1
20,25964,31,811.375,1
81,32308,83,384.6190476190476,0
33,31084,69,444.0571428571429,0
66,172291,41,4102.166666666667,0
78,182678,84,2149.1529411764704,0
70,95467,70,1344.605633802817,0
45,138506,28,4776.068965517241,1
79,66280,95,690.4166666666666,0
73,197156,37,5188.315789473684,0
42,30104,56,528.140350877193,1
60,142202,89,1580.0222222222221,1
28,125419,99,1254.19,0
32,178262,49,3565.24,0
79,197531,47,4115.229166666667,1
72,114434,9,11443.4,1
63,150244,48,3066.204081632653,1
89,193236,7,24154.5,1
65,25592,15,1599.5,0
39,79589,47,1658.1041666666667,0
22,44917,57,774.4310344827586,1
35,57947,3,14486.75,0
26,99103,10,9009.363636363636,1
21,68924,44,1531.6444444444444,1
83,22195,31,693.59375,0
48,24748,23,1031.1666666666667,0
32,117035,73,1581.554054054054,1
52,25584,65,387.6363636363636,1
71,165510,82,1994.0963855421687,1
65,158070,44,3512.6666666666665,1
81,126256,96,1301.6082474226805,0
36,49329,43,1121.1136363636363,0
61,113799,57,1962.051724137931,0
57,148828,10,13529.818181818182,0
74,28591,83,340.3690476190476,0
79,133590,73,1805.2702702702702,1
67,97176,36,2626.3783783783783,0
89,161644,55,2886.5,0
37,80776,63,1262.125,1
42,25778,54,468.6909090909091,0
71,30418,89,337.97777777777776,1
44,191114,12,14701.076923076924,0
42,35662,16,2097.764705882353,1
47,70244,95,731.7083333333334,0
26,114378,49,2287.56,0
28,31586,71,438.69444444444446,1
81,144468,7,18058.5,0
29,22540,53,417.4074074074074,0
42,136701,81,1667.0853658536585,0
29,197092,16,11593.64705882353,1
35,124270,30,4008.7096774193546,0
32,120508,25,4634.923076923077,0
78,63036,69,900.5142857142857,0
90,124018,37,3263.6315789473683,0
31,147286,28,5078.827586206897,1
63,76121,98,768.89898989899,0
78,136480,67,2007.0588235294117,1
57,79757,52,1504.8490566037735,0
62,165608,99,1656.08,1
77,42631,57,735.0172413793103,1
20,36107,51,694.3653846153846,0
60,150449,9,15044.9,1
65,78523,8,8724.777777777777,1
41,171162,92,1840.4516129032259,0
45,92212,96,950.639175257732,1
51,120007,90,1318.7582417582419,0
40,168718,4,33743.6,1
79,149726,23,6238.583333333333,0
43,87779,89,975.3222222222222,1
80,114390,25,4399.615384615385,1
43,81382,85,946.3023255813954,0
58,137191,93,1459.4787234042553,0
26,115014,16,6765.529411764706,0
77,159184,84,1872.7529411764706,1
88,36868,15,2304.25,0
23,44164,52,833.2830188679245,0
37,188482,3,47120.5,0
50,167612,93,1783.1063829787233,0
24,110411,41,2628.8333333333335,1
61,51954,36,1404.162162162162,0
56,163564,90,1797.4065934065934,1
39,131272,73,1773.945945945946,1
49,190424,31,5950.75,0
89,173188,7,21648.5,0
31,21588,8,2398.6666666666665,0
43,158806,43,3609.2272727272725,1
45,82126,73,1109.8108108108108,0
42,33238,38,852.2564102564103,0
52,59812,83,712.047619047619,0
84,75353,95,784.9270833333334,0
30,116424,43,2646.0,0
80,60374,8,6708.222222222223,0
48,104037,41,2477.0714285714284,1
41,124453,73,1681.7972972972973,0
20,62404,81,761.0243902439024,0
49,41368,75,544.3157894736842,0
71,180485,81,2201.0365853658536,1
86,21685,14,1445.6666666666667,1
26,66171,4,13234.2,1
75,192178,15,12011.125,0
51,170917,36,4619.378378378378,0
50,123842,45,2692.217391304348,0
81,28993,83,345.1547619047619,0
90,42408,85,493.1162790697674,1
69,22726,60,372.55737704918033,0
34,53308,22,2317.7391304347825,0
63,137480,27,4910.0,1
32,189777,51,3649.5576923076924,0
90,37896,72,519.1232876712329,0
78,197433,80,2437.4444444444443,0
72,96336,9,9633.6,1
90,125297,47,2610.3541666666665,1
53,21065,21,957.5,1
45,162358,32,4919.939393939394,1
23,176490,87,2005.5681818181818,0
77,199132,91,2164.478260869565,0
68,183650,49,3673.0,1
68,37621,76,488.5844155844156,1
76,24555,10,2232.2727272727275,1
71,167709,13,11979.214285714286,0
84,165805,3,41451.25,0
50,145819,36,3941.054054054054,1
73,93688,38,2402.25641025641,1
86,64280,22,2794.782608695652,0
61,22365,81,272.7439024390244,1
86,97508,68,1413.159420289855,1
86,197043,96,2031.3711340206185,1
20,46542,16,2737.764705882353,1
46,55868,36,1509.945945945946,1
29,156844,4,31368.8,0
36,76603,6,10943.285714285714,0
26,151793,91,1649.9239130434783,1
90,164974,50,3234.7843137254904,1
65,66709,49,1334.18,1
74,194614,99,1946.14,0
53,95310,32,2888.181818181818,1
18,31766,94,334.37894736842105,1
85,58631,38,1503.3589743589744,0
31,184908,41,4402.571428571428,0
69,168597,24,6743.88,0
86,143923,83,1713.3690476190477,1
47,126088,63,1970.125,1
78,133592,42,3106.7906976744184,1
56,171394,96,1766.9484536082475,0
78,57613,25,2215.8846153846152,1
77,20900,64,321.53846153846155,0
42,26908,98,271.7979797979798,0
64,45457,73,614.2837837837837,0
53,92556,63,1446.1875,1
84,189716,43,4311.727272727273,0
22,153625,41,3657.7380952380954,1
79,129367,37,3404.3947368421054,0
75,147422,73,1992.1891891891892,1
36,54632,70,769.4647887323944,1
48,95976,66,1432.4776119402984,1
62,134212,19,6710.6,1
21,131964,36,3566.5945945945946,0
53,90638,16,5331.64705882353,0
44,118039,9,11803.9,1
54,171370,43,3894.7727272727275,0
82,191038,74,2547.173333333333,1
49,178939,77,2294.0897435897436,0
65,94489,35,2624.6944444444443,1
88,79132,48,1614.938775510204,1
54,151847,100,1503.4356435643565,0
24,144520,57,2491.7241379310344,1
61,87858,63,1372.78125,0
81,122905,89,1365.611111111111,0
30,121350,19,6067.5,0
89,83255,34,2378.714285714286,0
26,170012,96,1752.701030927835,1
65,199350,77,2555.769230769231,0
49,165064,90,1813.89010989011,0
57,169827,52,3204.2830188679245,0
70,105273,69,1503.9,1
19,29528,100,292.35643564356434,1
30,43945,19,2197.25,0
77,88891,38,2279.25641025641,1
51,114910,79,1436.375,0
38,33416,40,815.0243902439024,0
56,129889,6,18555.571428571428,0
19,117857,89,1309.5222222222221,0
22,178194,80,2199.925925925926,1
34,45773,43,1040.2954545454545,1
90,197563,60,3238.7377049180327,0
68,86670,76,1125.5844155844156,1
47,154099,90,1693.3956043956043,0
67,69541,19,3477.05,1
40,102025,92,1097.0430107526881,0
27,63259,24,2530.36,0
72,88049,88,989.314606741573,0
81,188175,12,14475.0,0
60,120909,100,1197.118811881188,0
18,145393,33,4276.264705882353,0
35,113748,80,1404.2962962962963,0
86,42355,9,4235.5,1
54,175519,42,4081.8372093023254,0
40,108967,60,1786.344262295082,1
83,179249,65,2715.8939393939395,0
86,187725,32,5688.636363636364,1
58,110854,70,1561.3239436619717,0
79,29651,23,1235.4583333333333,1
50,91923,95,957.53125,0
47,112655,82,1357.289156626506,0
67,99101,91,1077.1847826086957,0
61,178636,19,8931.8,0
36,95623,56,1677.5964912280701,0
56,175130,7,21891.25,0
20,119228,51,2292.846153846154,0
63,83626,9,8362.6,1
24,126916,8,14101.777777777777,1
87,88422,83,1052.642857142857,1
29,132406,70,1864.8732394366198,0
18,130173,18,6851.210526315789,0
22,50221,46,1068.531914893617,1
89,89495,91,972.7717391304348,0
20,79700,31,2490.625,1
48,59682,40,1455.658536585366,0
86,195061,87,2216.6022727272725,1
34,145834,15,9114.625,1
24,181804,43,4131.909090909091,1
62,140760,84,1656.0,0
49,30553,53,565.7962962962963,1
75,99008,22,4304.695652173913,1
40,86853,17,4825.166666666667,0
86,25169,47,524.3541666666666,0
37,51591,88,579.6741573033707,1
85,45296,91,492.3478260869565,1
51,106145,2,35381.666666666664,0
83,72561,18,3819.0,1
62,170556,40,4159.90243902439,0
55,82493,79,1031.1625,0
51,132990,52,2509.245283018868,0
81,105873,28,3650.793103448276,0
50,53398,8,5933.111111111111,0
66,182021,3,45505.25,1
39,83804,49,1676.08,0
35,140109,58,2374.728813559322,1
76,196619,46,4183.382978723404,0
81,177431,59,2957.1833333333334,0
90,102613,17,5700.722222222223,1
81,35160,35,976.6666666666666,0
55,133224,78,1686.379746835443,1
63,147224,96,1517.7731958762886,1
32,191419,87,2175.215909090909,1
34,148333,51,2852.5576923076924,0
59,124545,39,3113.625,0
37,78571,80,970.0123456790124,0
81,180220,86,2071.4942528735633,0
29,160434,47,3342.375,1
30,58950,27,2105.3571428571427,1
54,115116,74,1534.88,1
41,190915,72,2615.27397260274,0
24,42474,72,581.8356164383562,1
72,189517,13,13536.92857142857,0
68,106315,100,1052.6237623762377,0
32,141278,52,2665.622641509434,1
48,174975,30,5644.354838709677,0
58,127988,52,2414.867924528302,1
64,194370,29,6479.0,0
58,157566,80,1945.2592592592594,0
84,146882,74,1958.4266666666667,1
18,145431,4,29086.2,1
67,176443,81,2151.743902439024,0
71,49778,25,1914.5384615384614,0
84,91880,48,1875.1020408163265,0
60,125270,41,2982.6190476190477,0
40,113691,90,1249.3516483516485,1
23,118168,1,59084.0,1
49,35080,62,556.8253968253969,0
43,55174,29,1839.1333333333334,0
36,145749,36,3939.162162162162,1
64,32794,70,461.88732394366195,1
55,194127,15,12132.9375,0
57,50342,93,535.5531914893617,0
73,76695,52,1447.0754716981132,1
86,129768,16,7633.411764705882,1
28,92333,89,1025.9222222222222,1
33,40143,83,477.89285714285717,1
28,88016,84,1035.4823529411765,1
76,123394,17,6855.222222222223,0
69,64889,10,5899.0,1
79,180040,48,3674.285714285714,0
78,199328,71,2768.4444444444443,1
88,166903,66,2491.089552238806,1
46,79062,2,26354.0,1
57,23882,83,284.3095238095238,0
60,81747,31,2554.59375,1
65,165140,51,3175.769230769231,0
58,137791,54,2505.2909090909093,1
61,112866,18,5940.315789473684,0
19,182753,10,16613.909090909092,0
75,44458,77,569.974358974359,1
42,100796,97,1028.530612244898,0
52,172997,52,3264.0943396226417,0
79,28720,26,1063.7037037037037,0
67,146440,50,2871.372549019608,1
30,146159,85,1699.5232558139535,0
32,50168,26,1858.0740740740741,0
74,91442,89,1016.0222222222222,0
89,68971,99,689.71,1
81,64376,27,2299.1428571428573,0
75,113053,67,1662.5441176470588,0
27,182968,79,2287.1,1
57,151989,3,37997.25,0
81,179216,16,10542.117647058823,0
22,61246,91,665.7173913043479,1
59,66613,22,2896.217391304348,1
31,55421,26,2052.6296296296296,0
50,34413,66,513.6268656716418,1
19,92548,69,1322.1142857142856,0
57,140202,69,2002.8857142857144,1
71,37808,1,18904.0,0
84,108139,71,1501.9305555555557,1
21,95521,10,8683.727272727272,1
76,68826,88,773.3258426966293,1
30,49964,58,846.8474576271186,0
48,38024,55,679.0,1
34,134623,89,1495.8111111111111,0
62,42856,61,691.2258064516129,1
23,193452,61,3120.1935483870966,1
78,145772,44,3239.3777777777777,1
75,160685,42,3736.860465116279,1
34,30040,54,546.1818181818181,0
46,128043,22,5567.086956521739,0
52,47555,33,1398.6764705882354,1
61,179257,49,3585.14,1
21,119678,42,2783.2093023255816,1
75,50537,49,1010.74,1
23,32122,30,1036.1935483870968,0
47,96300,79,1203.75,1
85,75509,44,1677.9777777777779,0
21,87459,54,1590.1636363636364,0
35,174980,90,1922.857142857143,0
22,50370,73,680.6756756756756,1
77,73499,26,2722.185185185185,1
41,52933,40,1291.0487804878048,1
83,58684,9,5868.4,0
74,164052,16,9650.117647058823,1
21,116774,50,2289.6862745098038,0
69,117234,42,2726.3720930232557,0
66,62751,90,689.5714285714286,0
89,146791,25,5645.807692307692,0
78,88067,98,889.5656565656566,0
68,172529,21,7842.227272727273,0
63,36815,85,428.0813953488372,0
26,91588,10,8326.181818181818,0
80,38628,22,1679.4782608695652,0
25,20022,80,247.1851851851852,0
86,55631,64,855.8615384615384,0
24,52689,74,702.52,1
49,83901,37,2207.9210526315787,1
80,55009,1,27504.5,0
69,59817,55,1068.1607142857142,1
30,152280,33,4478.823529411765,0
27,68612,14,4574.133333333333,0
72,189228,76,2457.5064935064934,1
68,107321,87,1219.5568181818182,0
47,85549,56,1500.859649122807,0
68,131993,18,6947.0,1
69,153580,63,2399.6875,1
38,186529,93,1984.3510638297873,1
46,188780,48,3852.6530612244896,0
86,76567,54,1392.1272727272728,0
58,138382,9,13838.2,1
78,93871,100,929.4158415841584,0
30,65475,78,828.7974683544304,0
23,117546,7,14693.25,1
53,165892,17,9216.222222222223,0
42,176655,95,1840.15625,1
84,79241,99,792.41,1
23,45497,16,2676.294117647059,1
79,149822,66,2236.1492537313434,0
32,115774,15,7235.875,1
33,167972,33,4940.35294117647,0
65,102366,52,1931.433962264151,0
61,50353,89,559.4777777777778,1
37,119867,27,4280.964285714285,1
33,117485,21,5340.227272727273,0
33,72742,23,3030.9166666666665,1
38,46926,48,957.6734693877551,1
31,89150,55,1591.9642857142858,1
77,41613,47,866.9375,1
23,148785,90,1635.0,1
56,183515,46,3904.574468085106,0
40,41682,45,906.1304347826087,1
76,123088,79,1538.6,0
68,94346,72,1292.4109589041095,1
71,159312,71,2212.6666666666665,0
32,43705,62,693.7301587301587,0
60,143348,18,7544.631578947368,0
80,180777,89,2008.6333333333334,1
25,163168,17,9064.888888888889,0
25,98719,30,3184.483870967742,0
51,48984,16,2881.4117647058824,0
26,43788,31,1368.375,0
89,104048,57,1793.9310344827586,1
82,108995,49,2179.9,0
42,45016,9,4501.6,0
74,163830,96,1688.9690721649486,1
66,99887,66,1490.8507462686566,1
89,169293,42,3937.046511627907,0
36,97727,4,19545.4,1
18,68947,13,4924.785714285715,1
64,182320,17,10128.888888888889,1
18,128684,83,1531.952380952381,1
30,75517,39,1887.925,0
50,155741,2,51913.666666666664,0
53,154076,68,2232.985507246377,1
72,85407,23,3558.625,1
65,43602,67,641.2058823529412,0
86,159716,53,2957.703703703704,0
75,139075,20,6622.619047619048,0
84,49928,65,756.4848484848485,0
42,32677,55,583.5178571428571,1
30,90486,66,1350.5373134328358,0
23,58961,13,4211.5,1
76,101118,79,1263.975,0
36,110694,67,1627.8529411764705,1
58,190150,37,5003.9473684210525,0
30,142340,93,1514.2553191489362,1
65,163001,40,3975.6341463414633,1
28,159098,5,26516.333333333332,1
59,181749,71,2524.2916666666665,1
85,160115,47,3335.7291666666665,0
29,126116,15,7882.25,0
36,123305,16,7253.235294117647,1
83,142213,24,5688.52,1
56,97511,81,1189.158536585366,0
59,70406,69,1005.8,1
42,21674,70,305.2676056338028,0
90,56240,79,703.0,1
55,157828,2,52609.333333333336,1
36,45692,39,1142.3,0
42,131501,66,1962.7014925373135,1
74,149697,99,1496.97,1
26,143667,36,3882.891891891892,1
81,81160,7,10145.0,1
75,105690,56,1854.2105263157894,0
34,36017,76,467.75324675324674,0
67,111685,27,3988.75,1
34,161881,20,7708.619047619048,0
88,28464,94,299.62105263157895,1
48,35208,23,1467.0,1
42,133177,57,2296.155172413793,1
65,140636,37,3700.9473684210525,1
45,171598,49,3431.96,1
70,139651,90,1534.6263736263736,1
76,100524,74,1340.32,1
53,68053,3,17013.25,0
35,192517,34,5500.4857142857145,0
50,190722,7,23840.25,0
76,48942,81,596.8536585365854,0
69,83955,97,856.6836734693877,0
57,181803,86,2089.689655172414,1
41,113944,61,1837.8064516129032,1
88,24429,74,325.72,0
33,31512,96,324.8659793814433,1
59,58176,76,755.5324675324675,1
40,101795,49,2035.9,0
50,161805,43,3677.3863636363635,1
41,95810,65,1451.6666666666667,1
27,80285,18,4225.526315789473,0
26,179159,55,3199.2678571428573,0
79,126265,23,5261.041666666667,0
81,70574,35,1960.388888888889,1
24,166849,74,2224.653333333333,0
55,150652,91,1637.5217391304348,1
35,54239,7,6779.875,0
72,173180,2,57726.666666666664,0
69,32370,39,809.25,0
32,59424,26,2200.8888888888887,1
71,65773,60,1078.2459016393443,0
55,71393,85,830.1511627906976,1
45,68342,79,854.275,0
40,27768,88,312.0,0
35,105107,49,2102.14,0
70,108936,6,15562.285714285714,0
29,97723,30,3152.3548387096776,0
22,73361,74,978.1466666666666,1
18,112337,48,2292.591836734694,0
26,94312,5,15718.666666666666,0
19,78045,2,26015.0,1
