Age,Gender,Annual Income,Spending Score,Cluster,PCA1,PCA2
30,1,151479,89,0,1.8424366844018294,0.9077558035076098
58,0,185088,95,3,0.3093447578997688,1.3624065500203704
62,0,70912,76,2,0.12368402777106345,-0.42193114615103255
23,1,55460,57,0,1.5830002742452718,-1.0094380474130624
24,1,153752,76,0,1.6854350524419082,0.6527648119268025
42,1,158335,40,0,0.31376372775062655,0.6485749441768718
27,0,163501,37,3,-0.17019550684052095,-0.3175773699082779
24,1,70476,17,0,0.543236652451762,-1.2709494154199859
83,1,47743,34,4,-0.5785626144203005,-0.14651135429898055
62,0,63448,3,1,-1.6080034781550776,-1.435923791063527
37,1,170566,75,0,1.2513474909174873,1.1534953487093718
63,0,89355,80,2,0.1312487921973335,-0.08759082316411795
25,1,87576,17,0,0.4590266784113091,-1.0055219475634412
32,0,159892,96,3,1.125360978354601,0.46905120217123686
51,0,135079,87,2,0.474096061406816,0.4012091389236641
64,0,32869,81,2,0.3162988370116049,-0.8616377325124582
19,1,198682,82,0,1.8162508398543742,1.2646809967564345
89,1,38708,97,4,0.8040930696798188,0.6332530354049527
65,1,87270,3,4,-0.9660550182390626,-0.3444977130035934
26,1,45518,12,0,0.45162618957901873,-1.6478945651206445
21,1,199879,49,0,0.9637402563414244,0.9136146362351011
70,1,163828,36,4,-0.5632483703074425,1.2649621551822907
24,1,109188,6,0,0.14955662953709775,-0.8542817808948996
39,0,48212,36,1,-0.1368689982853977,-1.7262284561711232
61,1,141596,45,4,-0.027530520174420425,0.8701516536350754
19,0,192492,57,3,0.4322972421705627,0.1775395913567729
79,1,109550,7,4,-1.325274415499674,0.317497188661744
61,0,38132,15,1,-1.20766744740598,-1.6696535066406868
73,0,170959,55,3,-1.0145336352755385,0.9780610176654899
58,1,80731,23,4,-0.27240263052322156,-0.3362928505679993
90,0,123085,25,1,-2.0398064582622397,0.27759183390893183
39,0,135748,95,2,0.9911345594038823,0.25838196258897256
35,0,71372,52,2,0.2798808685914113,-1.2802397367635843
79,1,164259,96,4,0.633986074419139,2.2057107900228115
57,0,105742,7,1,-1.5165291051168062,-0.8865463267642074
76,1,189412,87,4,0.4153032239221137,2.3904565254438235
40,1,64309,62,0,1.210905028043338,-0.4640539515508544
82,0,84966,66,2,-0.7083836207600227,0.07438221715433246
84,0,35701,5,1,-2.066497087221752,-1.3460362221485607
56,0,43376,52,2,-0.19867725402895386,-1.2397540177211275
21,0,118137,43,3,0.28872163662404293,-1.0173881445562276
55,1,77165,86,0,1.3371057723713096,0.332785156912332
24,1,119922,80,0,1.8944105393237416,0.2188838312402101
45,1,82425,39,0,0.4609506775362234,-0.3860231227074034
28,1,149778,15,0,0.12194506607793308,-0.07825417077920033
67,0,129484,80,2,-0.11138866577485508,0.5699884784391471
69,0,73479,77,2,-0.05142182854099073,-0.22591241443411753
26,0,81259,29,1,-0.06142396026334796,-1.6136316116193472
45,1,147126,1,0,-0.6690138888844878,0.0665790584318007
39,0,44774,12,1,-0.7029118355247026,-2.0736632385191927
27,0,198647,25,3,-0.5760556253243605,0.03568601273261132
58,0,85181,16,1,-1.2586860066645107,-1.047619989141262
46,1,87741,3,0,-0.4502415758543038,-0.7364800021983121
45,0,137494,68,3,0.17224659934732234,0.07367577469021205
63,0,56531,2,1,-1.6362483083527297,-1.5262451785168951
36,1,63564,23,0,0.38387482282520474,-1.0433632721223163
25,0,198265,29,3,-0.4240716204012939,0.03797018007175953
62,1,22655,39,4,0.19719012851627726,-0.883682977742817
36,1,125614,35,0,0.4658659525120951,-0.00722143865808313
48,0,170509,54,3,-0.3563296878685709,0.4345743796101068
50,0,101081,32,1,-0.7088222197467747,-0.7893521404534204
48,0,45667,95,2,1.0462193985345647,-0.8404500936528624
49,0,189732,2,3,-1.6988608868439243,0.08405708294446808
80,0,30718,49,1,-0.8822228399643328,-0.9543445145798904
33,0,134933,90,2,1.0369220803035104,0.058678040606830836
21,1,55978,34,0,1.08229935972014,-1.3298635931707044
38,0,36650,91,2,1.2523221437514087,-1.2289119562759478
83,0,173558,53,3,-1.343625486297663,1.2002060908116825
54,0,29187,61,2,0.1196255916208591,-1.3726957289287878
81,0,188612,45,3,-1.5318254632973856,1.2740015439005727
44,1,101492,55,0,0.8096468897968119,0.06441167844879908
23,1,169008,31,0,0.5790208522763192,0.29057065845096264
39,0,145660,81,3,0.6212323331925567,0.22607091259675138
75,0,118063,35,1,-1.3739879285102614,0.015314879136809827
19,0,95891,93,2,1.620431630154298,-0.7559266965848156
24,1,154402,79,0,1.7554565070928858,0.6993426071754241
44,0,112848,14,1,-1.017771247634467,-0.9707710735732394
55,0,127451,31,1,-0.9569061250474776,-0.3198997994607649
60,1,98827,27,4,-0.2909122970333632,0.014072158212555488
33,1,67969,27,0,0.5471386343147658,-0.9936345206530796
52,0,60785,9,1,-1.1824485921598173,-1.6092689061024774
72,0,66416,53,2,-0.6870777537760477,-0.5622111109064274
72,1,152544,59,4,-0.026673823807867886,1.431489016255504
72,0,35507,72,2,-0.12689872530200655,-0.7679061310717379
68,1,167873,24,4,-0.8110147886658658,1.1316704371311797
65,1,23002,32,4,-0.05409526394099383,-0.9027685793868053
81,0,111464,34,1,-1.539445761099756,0.034464310551060334
64,0,120469,20,1,-1.443404234936754,-0.3675573553882006
76,1,85934,48,4,-0.1783307395530994,0.42653127227658594
30,0,99419,4,1,-0.8324191362476636,-1.5808142326286643
68,0,194339,35,3,-1.4375341700286361,0.9587761272429505
70,1,187033,14,4,-1.169944060570886,1.3232432922516861
57,1,164879,9,4,-0.8624376330208376,0.671605847293526
90,0,34276,98,2,0.01267448729566262,-0.0846265624774796
65,1,97470,67,4,0.5399537972031931,0.5967473567176743
36,0,142836,40,3,-0.27422595617185963,-0.3868298706368215
72,0,62084,59,2,-0.5282683299580179,-0.5495642880241484
61,1,166752,93,4,1.0436439530694859,1.8263316359451245
46,1,43269,54,0,0.9251292645336042,-0.7383378443918514
68,1,114111,42,4,-0.1987492070622184,0.5868658026900149
31,0,75683,65,2,0.6872505801208733,-1.1409813448888875
51,1,196283,31,0,-0.27432176125573254,1.2680437894451058
37,0,132793,22,1,-0.701116132390704,-0.7331250843704811
25,1,141598,63,0,1.3858912109519388,0.33843664330127415
30,1,195148,27,0,0.20505464586891287,0.7614190727856628
21,0,175112,33,3,-0.14175049665943498,-0.32722439777103374
65,1,81473,10,4,-0.7783015900218906,-0.3403641826033963
21,1,172147,80,0,1.8020824686758075,0.902478943178239
22,0,106474,74,2,1.0462892933245913,-0.7778343916690147
70,0,198254,13,3,-2.0344145701867546,0.7832790360118649
71,1,148746,13,4,-1.093660204623426,0.7844914999543153
27,0,40263,77,2,1.2029464101212612,-1.5821015622838954
21,0,115816,55,3,0.5852048305712775,-0.901422071060541
53,1,149880,32,4,-0.15010018615675452,0.6591171706887144
51,0,88029,84,2,0.5586850956666829,-0.30865111678915025
49,0,193839,43,3,-0.7259856783408853,0.6523431699055762
56,0,54564,18,1,-1.0540801643171387,-1.5023989523830996
55,1,134714,96,0,1.3859698963438922,1.2797283175021643
84,1,187596,44,4,-0.8311761868791775,1.9979426696669491
38,1,129717,71,0,1.2639809106363302,0.5408339494304583
46,0,48265,62,2,0.2979632211733863,-1.2554293639007816
27,1,179234,97,0,2.0241452121714554,1.3409848477674642
53,0,156298,35,3,-0.9023167317704257,0.10020943332898437
65,1,156022,49,4,-0.08827265168241426,1.2100244692972761
22,1,158363,83,0,1.8929691035388012,0.7637094410187962
23,0,114512,25,1,-0.18678477995970158,-1.2509538051462412
18,0,96397,64,2,0.948165354930256,-1.1301110172430657
44,0,171517,76,3,0.2786080276622861,0.6384751493682025
38,0,181538,68,3,0.21610133366029108,0.5563844308635539
54,1,47403,42,0,0.4047595124568888,-0.6605072244032837
88,0,167725,51,3,-1.5084674921041823,1.1968916837927035
24,0,185297,95,3,1.2344913786168155,0.6519038616073048
70,1,160196,34,4,-0.5992709905662229,1.18818573356098
42,0,117940,82,2,0.6559691841660417,-0.09479944229199964
74,1,190938,65,4,-0.06469402540811134,2.0968689269611676
22,0,138220,20,1,-0.35886428912620455,-0.9951793230121486
78,1,94764,75,4,0.3874712719790287,0.9303001924752845
44,0,83991,1,1,-1.234427967758501,-1.544851642451772
70,1,82642,56,4,0.18852223120186445,0.35299213003105834
58,0,123333,91,2,0.41887021029688065,0.4299113672701121
38,1,70435,24,0,0.3305808982208135,-0.8907444210776426
88,1,189093,50,4,-0.8007124156531215,2.177854389111074
33,0,177848,29,3,-0.5738850930030147,-0.08600832248103364
59,0,96744,97,2,0.6246120094723909,0.14538204170528848
72,0,83218,32,1,-1.2483754182127251,-0.5830313867883421
27,1,39027,29,0,0.8550858812199098,-1.5084095963334168
35,0,139195,33,3,-0.403300133754503,-0.5468634936332908
37,0,144020,45,3,-0.18508964290985536,-0.2867761845408565
44,0,186527,6,3,-1.4557782673626678,-0.01696822578768435
29,1,48177,53,0,1.3476342791733982,-1.037352437188291
58,0,139447,35,3,-0.9823205211426499,-0.035748553055761786
39,0,119071,3,1,-1.1670405518049012,-1.1234548621311498
33,1,181795,1,0,-0.4577671177386094,0.31034816202148535
65,0,150797,44,3,-0.9941928520490476,0.3852517760221128
52,0,76398,31,1,-0.7050992372097611,-1.1126513675188763
45,0,58209,64,2,0.34018416102475985,-1.1094086652138673
82,1,122425,46,4,-0.511432180009708,1.049218401707876
59,0,46020,78,2,0.33644414568065506,-0.8158569272473634
34,0,61463,72,2,0.8213784446050998,-1.194298565796276
52,1,29917,3,1,-0.4209489831781992,-1.4371571225915365
59,1,194285,47,4,-0.10051048362891926,1.606222014777506
45,0,96402,43,1,-0.2923909380733804,-0.8244471498934209
29,1,146297,82,0,1.7184973077547814,0.7256937694858104
83,1,148435,71,4,-0.023770246928406253,1.7527309462459273
26,1,111030,96,0,2.25457753507902,0.3326030934244207
79,1,27136,48,4,-0.06410062701699751,-0.35102408993366563
49,1,197608,33,0,-0.17615057918401114,1.2698719027581655
19,0,55184,32,1,0.2882632133930886,-2.0959795663307994
48,0,92981,70,2,0.28700223002222147,-0.4748198027236199
22,1,40540,40,0,1.2508846597179601,-1.45499070501492
54,1,88161,40,4,0.22082396972499652,-0.10273389559344125
83,1,165910,52,4,-0.539185540315631,1.7663885402501178
60,1,167341,34,4,-0.3507722317785569,1.0804725618790163
78,0,90847,77,2,-0.3543702312849058,0.21122615635889766
33,0,35619,73,2,0.9587869434925833,-1.5722917621202228
27,0,41176,50,1,0.5502181730791872,-1.9046254419327107
33,0,120389,51,3,0.14694912500077492,-0.6339463000836287
55,1,74456,13,4,-0.410425976545587,-0.613235330683196
46,0,181085,64,3,-0.09648441377072484,0.6680740944112218
87,0,46613,76,2,-0.47611566204563055,-0.24465721601460957
79,1,83333,73,4,0.35020519844253495,0.7630230063161663
19,0,165788,44,3,0.20846646207616126,-0.3657640995609964
22,0,99687,51,1,0.5154681794738257,-1.1607140215749103
31,1,83755,8,0,0.09181265097007467,-1.0460909987380262
84,1,155012,80,4,0.1436457082466802,1.9795917539567447
27,1,56250,100,0,2.506130313072505,-0.37977062674749207
20,1,111933,39,0,1.0433933406991118,-0.48883501972835275
36,1,191350,99,0,1.786822006916578,1.7279041208118788
77,0,94946,92,2,0.020138747358262904,0.4352664768763185
67,0,63064,26,1,-1.18944110050104,-1.0506277032041578
26,1,82707,4,0,0.1352083237378161,-1.2157119109199686
34,0,135368,27,3,-0.5076920917508703,-0.6971272568072364
40,1,44192,70,0,1.4704368967576886,-0.6521944039186705
41,1,32923,95,0,2.0823170284619943,-0.4815807137695119
57,1,100359,18,4,-0.43088707945790894,-0.13884148133679236
35,0,28555,18,1,-0.39557076036853733,-2.314879698955055
85,0,142048,11,1,-2.303714338775811,0.269738701516528
63,0,111526,91,2,0.3220591945008138,0.36605675869961996
35,1,33041,15,0,0.32031232035108526,-1.6001005833862396
77,1,157332,57,4,-0.2269063038109836,1.5800005362320033
25,1,71927,39,0,1.040544850265047,-0.9557909667175901
28,1,194371,19,0,0.0696055018421986,0.6089122708829873
31,1,85563,28,0,0.5670370689305319,-0.7716717022563879
85,0,130091,37,3,-1.6382485844564623,0.4219612120537488
90,1,42161,94,4,0.6931692384964541,0.6663121446798347
28,1,159617,71,0,1.4366572195281717,0.7584007861076044
70,1,46295,54,4,0.2615100019930468,-0.19144131085934882
46,1,74147,48,0,0.6778653140210209,-0.37151276650942217
71,1,190491,75,4,0.2591119136545152,2.1518111633936883
81,0,124912,24,1,-1.8248805937189596,0.10241478887451032
35,1,84210,53,0,1.064183840433444,-0.3963549478447108
37,1,134784,6,0,-0.2897311879301946,-0.2155848949483652
71,1,185966,6,4,-1.3861189214838192,1.229546003070634
50,1,140875,83,0,1.1887822942118387,1.1013008311129682
65,1,177020,100,4,1.0689441217013345,2.1440524608664675
83,1,151188,88,4,0.3761179808247632,2.0033727820574008
39,0,33191,2,1,-0.904940307197196,-2.3635279168310706
32,0,163264,64,3,0.3441268279168208,0.11953489586777193
26,1,40345,23,0,0.7335501524165104,-1.5851261987511498
24,1,184070,21,0,0.2609772962906573,0.40257808345103285
65,0,44776,36,1,-0.8334174395083099,-1.229735422429734
36,0,119502,52,3,0.0922751300918313,-0.5712421234716107
41,0,113729,54,3,0.02348297605532407,-0.5239840071872792
83,0,194008,55,3,-1.3636425040238518,1.5173938145900365
61,0,60084,36,1,-0.7755028624359162,-1.0948494274650367
84,0,144269,1,1,-2.524508753418644,0.15621554582623945
33,0,109638,49,3,0.1346478855729492,-0.8124879767921074
89,0,88161,50,2,-1.294643611355582,0.06809010441385671
35,0,182663,68,3,0.2940447281706361,0.5095111434541634
89,0,91139,59,2,-1.08800466944145,0.22251862743035047
40,1,180570,23,0,-0.11492622471592756,0.7131635664013314
69,0,57994,35,1,-1.010446590816405,-0.969274360631713
88,0,172761,69,3,-1.0921240554785483,1.492597439661315
34,0,38774,84,2,1.1857303117880258,-1.369490620635388
88,1,80079,9,4,-1.424024637945601,0.1099352616345123
61,0,23888,59,2,-0.10145712261845159,-1.3264066509671668
60,0,189867,98,3,0.3111465233499701,1.5099779260549533
78,0,23342,91,2,0.20743893216439951,-0.5797478528194472
35,0,76836,29,1,-0.2917620793034654,-1.487992784274074
53,1,170065,28,4,-0.3136088600819399,0.8979445054047485
33,1,99420,64,0,1.3326505031574312,-0.08418404866423154
86,1,174987,71,4,-0.19393679880050643,2.19524364439384
90,0,117976,85,2,-0.5790359569735852,0.950281745852353
84,1,74475,54,4,-0.21361869776836623,0.5051785559588546
54,0,103099,49,1,-0.4154075918008639,-0.46527700442680175
20,1,188784,21,0,0.35419238024929006,0.3860241131968152
86,0,28187,37,1,-1.3259226399118689,-1.0137592926129997
73,0,145465,54,3,-0.9536469463439164,0.6011986236895078
35,0,120472,94,2,1.1268963294716092,-0.05635537874478514
88,0,37300,4,1,-2.2048103059726256,-1.2516673781982435
54,0,113062,65,2,-0.06360641281737092,-0.12399778700896191
19,1,150107,61,0,1.472797355019513,0.30930431100884037
84,1,22452,48,4,-0.1846463521344426,-0.31305626389453606
60,0,42834,32,1,-0.78704284913095,-1.4121359578801025
39,0,81494,66,2,0.47410464059484614,-0.8776050110954247
85,0,59981,38,1,-1.3805710237796278,-0.5678241601387753
60,0,91707,89,2,0.42166567530463117,-0.005065923511169902
85,1,31207,51,4,-0.16886242868441262,-0.12963345190737433
82,0,160112,44,3,-1.4881530912932541,0.8751537481670605
44,1,199826,4,0,-0.7451987383866975,0.836220380244113
48,1,124952,1,0,-0.6768194346645663,-0.18744059619136907
21,0,42522,48,1,0.6609923113723728,-2.0361520040593044
87,1,54581,94,4,0.7334763081738683,0.7808995337993895
41,1,68045,37,0,0.5696644209675297,-0.7003809586281338
52,0,141101,30,3,-0.9447600109568337,-0.2001584148032895
76,0,74629,27,1,-1.4489907509816915,-0.6840136169943816
72,0,70373,4,1,-1.8793227572252822,-1.1146529415336615
67,1,22820,19,4,-0.42076195474868305,-1.024973427941573
32,0,83620,77,2,0.9223221828967929,-0.8573933766938978
71,0,96598,33,1,-1.2416660964165984,-0.4003221859302308
38,1,55259,53,0,1.078960089553124,-0.7472510083852477
57,0,26527,59,2,-0.0013278842527068774,-1.3726224984942985
80,1,152277,50,4,-0.4601915699515224,1.4836939895141448
60,1,150622,51,4,0.11399908735547386,1.052764482385344
53,1,177668,26,4,-0.38706787781730084,0.9817710674755756
84,0,138972,90,2,-0.3653009144139659,1.1866505410964807
26,1,52463,75,0,1.944418619321684,-0.7656080394127902
34,0,139068,63,3,0.34622706674479187,-0.19680272433893262
67,0,193657,23,3,-1.6967803223099045,0.7788975178985578
31,0,154450,38,3,-0.2248967302760473,-0.3505915892579773
81,0,116964,89,2,-0.2343379724443806,0.7966650728394692
67,1,122895,41,4,-0.2248503393328454,0.6790183170154471
32,0,176367,2,3,-1.1914055510460773,-0.46373915568496216
32,0,118656,21,1,-0.5419189724903883,-1.0525655660520246
81,1,68370,93,4,0.8268512896642127,0.8396728787626103
77,1,105926,7,4,-1.2587374482148457,0.223722522585576
27,0,124703,17,1,-0.5221647096110615,-1.1207643002815217
59,0,147027,49,3,-0.6979344610332652,0.26759355799347734
37,0,110855,1,1,-1.1333273670772497,-1.3077290352175428
47,1,70702,66,0,1.0952378049861224,-0.17605688375699277
28,1,82523,10,0,0.225734748025559,-1.1017999045200724
63,1,42330,88,4,1.2834597330637303,0.02756048090803337
18,1,178560,90,0,2.1030300466623912,1.0554840606190432
55,1,129907,39,4,0.03042805715949045,0.5025764922456262
46,0,134580,1,1,-1.4574580732264717,-0.7797179083648107
72,0,107376,38,1,-1.1844981674349961,-0.16312341522880322
78,0,125187,95,2,-0.03567131550072413,0.925829093724119
62,1,186372,61,4,0.18103879705142611,1.730063559215543
60,0,127462,31,1,-1.0930961657993281,-0.21481750894147625
76,0,74630,37,1,-1.208369635288392,-0.5597122459475098
32,1,95027,5,0,-0.04516504686833071,-0.90126021794656
77,0,126515,52,3,-1.0475508224490322,0.38939325829736515
56,1,166446,89,4,1.084567190863696,1.667317525178364
64,1,158708,2,4,-1.200926960255811,0.6432862512770873
67,0,120643,87,2,0.0865077436544852,0.530608392251995
52,1,57458,35,0,0.2572792611453368,-0.6457431718844168
58,0,29260,83,2,0.5398334219430758,-1.014280597612205
50,1,190730,46,0,0.13234886477897673,1.3541099222814836
54,0,184263,13,3,-1.552104003118291,0.2475192114849216
23,1,142365,37,0,0.8121732635531821,-0.01571560003349559
59,1,193543,47,4,-0.09803804865538808,1.5956152133623243
22,0,129465,92,2,1.4028044685624188,-0.22546405438586503
77,1,65179,75,4,0.5132827967533584,0.48640114015978625
53,1,30343,26,0,0.10383708508765935,-1.1242222189013036
46,0,38876,73,2,0.5939354129170873,-1.2529282141976026
57,1,135290,39,4,-0.041970113789005455,0.6214958533208569
76,0,189305,39,3,-1.5423559055495877,1.1044106036333994
34,1,151112,35,0,0.43536484526973357,0.3152994084907107
89,1,66323,86,4,0.44738961132212945,0.8912903797625575
34,0,174069,15,3,-0.925397906098461,-0.2930455735855238
64,1,76655,16,4,-0.5906420771367866,-0.35564968106576333
24,1,143372,25,0,0.4928378012293803,-0.1294801372887509
55,0,111764,18,1,-1.2174468998903871,-0.705716790660129
84,1,142286,39,4,-0.8005099355166483,1.28809809098829
72,0,148326,95,2,0.050610764406633015,1.130688280039746
53,0,101061,61,2,-0.09263671107044401,-0.366250489084016
85,1,161924,26,4,-1.2059886188913929,1.4282327668256414
85,0,173245,84,3,-0.6511080986540034,1.622991748028089
45,1,196725,19,0,-0.40115983194277544,0.9993075790776926
43,0,20953,32,1,-0.2512111572217936,-2.081667399813694
86,0,109022,29,1,-1.7877743290074404,0.04233772084242101
19,0,129516,21,1,-0.22410701674149552,-1.1701282843545369
45,0,164003,51,3,-0.3251462000978542,0.2413307353895834
36,0,27840,36,1,0.012705035882628791,-2.080398792127901
51,0,145171,71,3,0.05546916356325863,0.34661375220861274
38,1,26427,39,0,0.8381576215823536,-1.3334029128650697
27,1,56203,32,0,0.8700406776868223,-1.2255946040668804
19,1,82173,10,0,0.4719770882633373,-1.2956681970333541
81,1,54017,17,4,-0.9540685579750878,-0.31008332154583523
72,1,54956,2,4,-1.0730579955000916,-0.6719561271977641
78,1,186007,97,4,0.6128121942496202,2.5080395518542926
53,1,160578,6,4,-0.8113707981153547,0.48889740545915716
83,0,178348,29,3,-1.937085028337796,0.9703895861510997
77,0,169719,55,3,-1.1193245131668494,1.0442754031708414
54,0,165825,98,3,0.5546414799233307,1.040390350147281
42,1,193045,89,0,1.377165546399955,1.7537569234844712
70,1,78287,3,4,-1.0722759482740136,-0.36798357872169585
29,0,118684,34,1,-0.14750845732076284,-0.9535471384782366
88,1,116405,39,4,-0.8231939802775255,1.0020723232975601
37,1,121849,4,0,-0.29475507158687203,-0.425346590916624
22,0,143719,41,3,0.12812370907769827,-0.6555689145696313
21,0,101576,83,2,1.3064027103629339,-0.7569773577305805
36,0,26334,57,2,0.5230345529404209,-1.8409240223826173
50,1,157555,17,0,-0.4549188664385011,0.51944473704805
53,1,74738,55,0,0.6537184006676441,-0.12916847318493396
70,1,129521,31,4,-0.5692454639769396,0.712404147893449
38,0,137145,59,3,0.14746224946690548,-0.1900665727590723
58,1,38318,60,4,0.7592331424770001,-0.48271944021120167
48,0,91467,69,2,0.2679846188658684,-0.5088909595890128
51,0,45879,15,1,-0.9611746264270281,-1.7687611601933524
27,1,52391,41,0,1.0993047320945883,-1.1682283204157287
33,0,119850,56,3,0.26905736299327393,-0.5795077026511504
76,0,170078,6,3,-2.2723498619996443,0.4194155827298972
79,1,117332,26,4,-0.8940185427680784,0.6648853943115215
52,0,174466,55,3,-0.4543751621608271,0.5875079672801965
85,0,101361,96,2,-0.12283245987691828,0.7445630414101843
18,1,98304,58,0,1.6004546455055613,-0.4894845216262215
41,0,144752,78,3,0.49760921121261076,0.21777505688287543
82,0,24320,23,1,-1.5409888388148152,-1.326979540044014
54,1,106714,20,4,-0.3222457966129112,-0.08609512790457487
22,1,194907,76,0,1.6027629015599543,1.1991006048404211
75,1,85799,96,4,1.0043471239956718,1.0001944196253014
71,1,63982,75,4,0.6806554123963691,0.3433801118664348
41,0,87073,25,1,-0.5855068624296063,-1.265460865701616
90,0,140436,10,1,-2.4585587893199787,0.33919169318355763
21,0,90740,56,2,0.6928235818168408,-1.2474517897068482
69,1,174694,43,4,-0.40378742359069797,1.4863062718779376
75,0,71474,91,2,0.1287492393421567,0.04533831276772088
70,1,56374,7,4,-0.9030093664859417,-0.6315124671377758
40,1,88459,95,0,1.9244949449048585,0.2913147666126742
23,0,133914,44,3,0.20575182809206605,-0.7374590867681468
41,0,182523,79,3,0.3958140530491257,0.770135700150213
34,1,183346,22,0,0.015145423032501406,0.6145073911686005
78,0,136769,33,3,-1.566135535980144,0.3208125287583237
40,1,20733,51,0,1.0914187101178023,-1.2236834529455416
20,0,41393,30,1,0.2588609492063706,-2.2969926707376653
73,1,36205,21,4,-0.5806215911484559,-0.6828689794982117
47,0,65662,57,2,0.09245138281104716,-1.0478998545851708
56,1,97772,74,4,0.9524607069730995,0.49920027968074443
71,0,197836,15,3,-2.012127530854971,0.8231462005152014
57,0,54469,10,1,-1.2734938484029454,-1.5822016176078761
60,0,124047,98,2,0.5304668332661723,0.5690888840775142
73,1,81323,70,4,0.44809949541931954,0.5710941172342006
82,0,39391,26,1,-1.5190199242626157,-1.074255271468795
48,1,101082,26,0,0.004279451476530439,-0.21794170601883286
77,0,109549,74,2,-0.4616442451234069,0.42029788137529944
59,1,194924,40,4,-0.27107682344518297,1.5283554901731213
60,1,178052,54,4,0.09478629862213206,1.4821591804622218
23,0,106726,22,1,-0.23302820769542504,-1.3995398684524596
45,1,198713,19,0,-0.40778409168317975,1.0277258017372364
63,1,92958,25,4,-0.4011729914647978,-0.03172688324152409
18,1,159187,56,0,1.3494601353311961,0.35597327952935115
71,1,93430,16,4,-0.8371531762141659,0.031042006790458192
24,0,42163,74,2,1.206120075267311,-1.6551824400677377
71,0,122521,66,2,-0.5339840329352274,0.3803913555609489
87,0,135385,78,3,-0.7237899604478262,1.0491853410360412
44,1,183922,2,0,-0.7403295500266442,0.5840171837345142
70,1,20908,68,4,0.6829768255297024,-0.3803435383603041
58,0,173955,56,3,-0.5919940676114773,0.718542047102397
88,0,94293,83,2,-0.49378483190145006,0.5449086543176911
26,0,21649,59,2,0.8590772117183217,-2.0928882164884723
69,0,180330,53,3,-0.9849611358554706,1.0032208911948683
73,1,37561,86,4,0.9789189614014141,0.14438087369430858
88,0,81898,73,2,-0.6931076200180037,0.24343653294768997
64,1,101560,75,4,0.7460556514786808,0.7336580699931933
85,1,44607,13,4,-1.1278857733030712,-0.4103729411188932
64,1,173348,84,4,0.7234112368851574,1.8717173280213488
63,0,127435,77,2,-0.06782577097771733,0.4194721077462731
64,1,170870,72,4,0.4429188993233353,1.6871501224617038
21,1,129790,7,0,0.18666271683514266,-0.6103049709794511
79,1,80187,83,4,0.601312503976404,0.8423383880725032
83,1,159614,8,4,-1.5769540667792643,1.1295248367762851
76,1,89407,16,4,-0.9599014343740693,0.07845874891507969
67,1,153531,59,4,0.10619075858335704,1.3406730165884408
85,0,198777,89,3,-0.6158716291182855,2.0501121779338853
59,1,78594,19,4,-0.388762341121547,-0.3955708315389423
55,1,85115,91,0,1.4309276215628568,0.508572995872408
39,1,193628,85,0,1.3606651722363015,1.6494209803160864
77,0,102407,100,2,0.18777733884883624,0.6413502420662937
34,0,89281,56,2,0.34368634145047294,-0.9955028987572695
86,1,82548,60,4,-0.15060560983702084,0.7371233915840272
40,0,103640,52,2,0.03620654894307137,-0.7140474822961606
68,0,91405,1,1,-1.9126685842934719,-0.9352291727874402
79,1,123445,66,4,0.04810998300606079,1.2494183041665894
29,1,137270,66,0,1.3635772620122248,0.39779456032216215
83,1,171348,63,4,-0.2926187304486776,1.9808398848089561
41,0,141119,40,3,-0.40465808906082346,-0.3064491338175787
82,0,127526,14,1,-2.1014458875071607,0.03647953999832487
75,0,185054,47,3,-1.3084608166188123,1.1220877177121116
78,0,107494,94,2,-0.0007785150172379884,0.6604810634136793
53,1,57688,10,4,-0.37227892407440655,-0.9321880303924601
78,1,149736,44,4,-0.5416379601383589,1.330828433442591
75,1,50256,78,4,0.6896567517063125,0.2683947408820968
66,0,134911,59,3,-0.6075527580894975,0.365578926212703
86,0,74521,6,1,-2.226248996960035,-0.7367102303846953
29,1,148755,82,0,1.7103069503896338,0.7608305860336765
19,0,161632,9,3,-0.6198708037296485,-0.8601783899724088
68,1,38528,98,4,1.4005995236238424,0.20242346781448628
84,1,22909,75,4,0.4635168769376345,0.029051602194709113
67,0,187832,10,3,-1.99018249029158,0.5340566393090618
46,0,95914,81,2,0.5963773619780715,-0.33814715283449615
55,0,153041,38,3,-0.8737380290597169,0.13290714875386356
84,1,76245,50,4,-0.3157663339070601,0.4807656641781622
67,1,129619,38,4,-0.3194428660792661,0.7378509714104237
69,0,198222,25,3,-1.7183279274036443,0.9109810818652361
65,1,119444,93,4,1.0923572993838815,1.2340094613499497
78,1,38448,48,4,-0.07456292045359027,-0.21030540980079987
40,1,97741,52,0,0.8588810572690846,-0.11043457904817101
72,0,164386,46,3,-1.1819629189410485,0.7512573894771264
54,1,91225,28,4,-0.07813499131837508,-0.20807887279333298
19,0,122126,46,3,0.4020784888554047,-0.9650497616723049
62,0,54526,76,2,0.1782841887903112,-0.6561670598830643
55,1,158515,50,4,0.19978958624919682,1.0482402206181574
26,0,154839,83,3,0.9927704766050427,0.10933591521627713
51,1,154021,71,0,0.8289981955757795,1.161061849624412
51,1,191537,41,0,-0.017883059552523884,1.3244873622199187
34,1,66604,91,0,2.064452770212891,-0.196724735859881
79,0,69881,29,1,-1.4667369757279072,-0.6640732668142776
53,0,85717,13,1,-1.1965059713228245,-1.1821691028148698
49,0,190332,53,3,-0.47367547654630887,0.7264980997604567
48,1,26077,52,0,0.8798288718487011,-0.9669828283985609
23,0,174708,85,3,1.056381454554757,0.3552632852586907
80,0,156773,67,3,-0.8691295489745069,1.0713133982481207
19,0,169276,95,3,1.4240287022881188,0.31796053246664285
79,0,95639,76,2,-0.4216308850743053,0.28828352600844404
75,0,124498,27,1,-1.5879296957315479,0.007872774951369635
44,0,120679,77,2,0.4720689214794265,-0.07581928364186627
52,1,152295,91,0,1.288767657344628,1.405948047384618
69,1,165227,27,4,-0.7572413353866863,1.1521173152443702
66,0,159783,32,3,-1.3401153206448242,0.38554609118159455
38,0,175705,31,3,-0.6547728520987108,0.013140210430130214
64,0,137245,60,3,-0.5368061325086564,0.36940186644811046
45,0,194383,4,3,-1.557310989597943,0.0914599504448543
73,0,59263,35,1,-1.1235977643257615,-0.8671941196672093
63,0,95665,99,2,0.5674095494047213,0.23875531822265758
73,1,48069,82,4,0.8476552379329151,0.24487664871396342
83,0,113215,70,2,-0.7334936506065918,0.5488981394367615
74,1,53856,23,4,-0.6185426751815439,-0.384707617190403
39,0,172160,6,3,-1.271752274481419,-0.3272678223936963
86,0,72309,54,2,-1.063880992239577,-0.17175254070361243
41,1,49545,43,0,0.7756833578650605,-0.8902640042772487
57,0,120031,39,3,-0.794143572020716,-0.284568133946559
69,1,167306,54,4,-0.11448280918127704,1.5174114776886352
66,1,89511,46,4,0.03393214312901256,0.2429565513325721
40,1,55208,16,0,0.13435821592589728,-1.165872210378673
60,0,108863,80,2,0.14793777684457396,0.12831867974358754
46,0,181242,98,3,0.7211155655542372,1.0928944496328121
88,1,169138,100,4,0.4689023300258863,2.5140354273009224
57,0,164003,55,3,-0.5556645507391392,0.5428656782541844
51,0,37102,43,1,-0.2581801324310601,-1.546223514072101
70,1,55667,22,4,-0.5397168840797565,-0.4551883334820991
64,0,176766,68,3,-0.4759953917612226,1.0337795041053706
81,1,196637,74,4,-0.05773653146892316,2.437088885692422
20,0,184387,40,3,0.023011857123196436,-0.12862343613138993
58,1,104660,47,4,0.2253616823998739,0.30405833043032376
77,0,139804,22,3,-1.8137047432057185,0.2064966982707597
41,0,174504,52,3,-0.22715166487761076,0.3199299468620407
86,1,52216,62,4,-0.0014107773935868575,0.32838848805003973
40,1,80082,79,0,1.5674090194685077,-0.02729277015223011
43,0,127348,7,1,-1.2072934614096025,-0.8714812673610682
56,1,48666,47,4,0.46640191055239466,-0.538339233372348
74,0,40689,75,2,-0.1264398052619575,-0.6145739181499336
82,1,135260,63,4,-0.14513841236858874,1.443981223864177
25,0,135621,44,3,0.14560253984262755,-0.6710877068279673
52,1,22771,1,1,-0.44526252460006793,-1.5641657546885193
36,1,185752,31,0,0.16922898411589757,0.8027292612072159
58,1,124853,30,4,-0.25098543066683515,0.3814268251751296
83,0,25680,74,2,-0.34556651917827336,-0.6526894045952937
49,0,123489,79,2,0.3746771591170189,0.09413179294772742
79,0,123362,7,1,-2.1743160100056764,-0.1730003242919964
36,0,133984,93,2,1.0305795665593098,0.14535334985406642
56,1,50427,52,4,0.5808462665514681,-0.45102241052892916
74,1,109479,75,4,0.4473617977566837,1.0567093232362046
29,0,79914,38,1,0.07792771523390622,-1.458044829395284
48,1,70861,79,0,1.380289102171834,0.008774210643190087
61,1,173781,57,4,0.15397445113579694,1.479376877578552
42,1,124496,64,0,1.0040180993677232,0.46313946189727495
20,1,190420,69,0,1.5037383771824864,1.005988503478463
34,1,100159,59,0,1.1826451631631276,-0.11477866060751113
33,1,54510,96,0,2.252294362396476,-0.3284484932823537
38,1,156178,41,0,0.45393627091555666,0.5462295568442482
51,1,59939,59,0,0.853741617199065,-0.33297359964992945
22,1,145127,53,0,1.2151997349019457,0.20164117272036514
67,1,64896,99,4,1.3640312370153558,0.5707945780801175
84,0,88812,51,2,-1.1365969909872051,-0.015100267522700586
26,0,154753,57,3,0.36743347482779065,-0.21503984254875133
69,1,159919,40,4,-0.4267426464342255,1.2378132879643005
19,1,45336,53,0,1.629407614302954,-1.2878142866761908
56,0,160231,12,3,-1.5505502323976776,-0.06647404830117691
41,1,144324,21,0,-0.06950567578857196,0.19115891781939104
22,0,131870,14,1,-0.4820799792686818,-1.1605240606073264
69,1,20104,39,4,0.015075630919307154,-0.773254152622177
57,0,77952,5,1,-1.4720543074637724,-1.308658474245302
24,1,199076,65,0,1.2697230348574486,1.1639501970680364
31,1,92650,2,0,-0.08220124829839028,-0.993510281381122
25,1,170959,70,0,1.4564938725930876,0.8451495863092316
55,1,83562,34,4,0.06454305541906116,-0.22206328786795576
54,1,172382,23,4,-0.4688722895482545,0.8899072150694969
39,1,60008,27,0,0.410281597496012,-0.9815260090177256
31,1,144867,81,0,1.6447384433382632,0.7347934013249638
72,1,196122,11,4,-1.326878412241386,1.4578533580304942
87,0,27167,33,1,-1.4460043314609143,-1.0570698919387163
71,1,168707,99,4,0.909197547258245,2.13870046690926
69,0,93861,12,1,-1.6833960622965491,-0.7424201528514088
37,0,55490,27,1,-0.32322083468372087,-1.776018702349065
47,0,114120,15,1,-1.0796392952494132,-0.8772042497167777
52,1,187849,59,0,0.40029913720579613,1.5164695889832793
49,0,99984,63,2,0.06799958446177275,-0.44072869773748513
74,1,184858,29,4,-0.9106827321018809,1.5625225786328472
34,1,160824,50,0,0.7639399422457012,0.6405619032579482
72,1,73969,65,4,0.37952237863533056,0.38284101775323415
36,0,138816,65,3,0.34073029624336937,-0.13357760028725466
28,1,145481,88,0,1.892821665971325,0.76761638323848
90,0,114829,2,1,-2.5657326840050305,-0.1262869756181254
47,1,87398,24,0,0.028982005132262303,-0.4593952769330757
86,1,61327,7,4,-1.3552042094428494,-0.22494977359521567
73,0,124554,15,1,-1.8224042770152866,-0.18244122186680328
55,0,83935,85,2,0.4874665404740218,-0.2708056129379662
67,1,60892,59,4,0.4148752646655061,0.01640957143882097
78,1,20413,44,4,-0.11071786838367914,-0.5178284121309179
64,1,108810,63,4,0.43314842520727487,0.6881514630412134
43,0,132743,36,3,-0.5274593642019682,-0.43392786556934326
83,0,104181,1,1,-2.363699944915206,-0.43782263757234985
34,1,125144,85,0,1.72501564417764,0.5655253295518694
77,0,32247,63,2,-0.46875139604447835,-0.8214407635886843
59,1,111425,52,4,0.29590141939870096,0.48389174522996675
72,0,38618,31,1,-1.1238251947739781,-1.233011769764946
57,1,63778,57,4,0.6294406440682516,-0.17704291200908837
71,1,193546,63,4,-0.039817058285403904,2.0463375322682755
31,1,30505,48,0,1.2317459709945253,-1.3101450867393354
81,0,72824,24,1,-1.6513169914261134,-0.6421769525189999
82,1,117130,58,4,-0.20503925343271368,1.1226715002591552
41,1,114443,14,0,-0.13837563367468558,-0.3229873631075619
58,0,126819,34,3,-0.9643049216577286,-0.22869301305906492
72,0,160849,97,3,0.05700748257691524,1.3345604851952626
80,1,95597,47,4,-0.3435141949974435,0.6361740334937835
23,0,73735,98,2,1.7056476525946302,-0.9265604959073057
83,0,163569,18,3,-2.1525264809436244,0.6224097617820019
35,0,195678,71,3,0.3228644868004371,0.7328451374881242
67,1,122477,19,4,-0.7528312972785974,0.39961148935325574
29,0,98005,38,1,0.017646285171706064,-1.199436144217316
66,0,140084,44,3,-0.9857265000533513,0.253095729376705
33,0,183148,84,3,0.7318891201735283,0.6733334636846848
87,1,140111,44,4,-0.7546423773829115,1.3821052918366847
72,0,38611,87,2,0.2236950378533332,-0.5371042073981941
61,1,195305,66,4,0.2988158472020727,1.8989182564521345
63,1,170688,73,4,0.4948184678998255,1.675992152440173
69,0,78140,41,1,-0.9332008641440573,-0.6067174500933455
31,1,153008,58,0,1.0641754032275605,0.5653077492166861
27,0,131134,99,2,1.4295268820012241,-0.009679898493091334
22,1,76090,13,0,0.48274169197750455,-1.2823828048555834
38,0,184355,71,3,0.2789020786244195,0.6339392324015268
83,0,31241,58,2,-0.7490955694947826,-0.772054895369898
50,1,91230,27,0,0.006708613209554294,-0.304376143472924
38,0,65547,61,2,0.4341604533628159,-1.1886940196877878
75,1,129187,21,4,-0.9449103702456817,0.6882676284348384
70,0,91037,11,1,-1.7252792703198927,-0.7742325939539161
85,0,153007,31,3,-1.85898217478137,0.6749704504918697
87,0,152894,70,3,-0.9746316534061535,1.2000447447639733
57,1,31879,43,4,0.3988577961295838,-0.8070372153303691
36,0,96992,80,2,0.841029663833761,-0.5450160728149017
54,1,174665,37,4,-0.13960529851511316,1.0965443341427703
43,0,56543,81,2,0.8092583935343982,-0.9639059255662563
87,0,24933,70,2,-0.5482499126406241,-0.6291424734140134
39,0,47123,26,1,-0.3738647645835464,-1.8660826573254312
74,1,134385,26,4,-0.8146878421622333,0.8037309465801851
45,0,71723,21,1,-0.7395312694789169,-1.4506620761185816
26,0,158873,77,3,0.8349540253235523,0.09242921791118927
44,1,163155,79,0,1.1816768883112478,1.2441658845151362
21,1,144965,36,0,0.8339086549576895,-0.03294763678816142
31,0,144207,81,3,0.843919327183936,0.03742037613334001
82,1,109643,16,4,-1.1907143323096137,0.4936400092079521
22,1,100009,28,0,0.7639773230923433,-0.7540329412130274
53,1,71711,100,0,1.7466147509670877,0.38685276594630774
69,1,192592,71,4,0.21032269989456367,2.090159858363032
30,0,196354,9,3,-1.0351062171365364,-0.13299644228052393
64,0,183627,18,3,-1.7019793240393986,0.5104212991629762
82,0,194775,74,3,-0.8817811137316715,1.743518423369937
57,0,167315,32,3,-1.1201367707862544,0.3043500476635449
22,0,140054,51,3,0.3809603862439969,-0.5836725758516762
56,1,97860,53,4,0.4468561397703844,0.23945536922558586
90,0,199124,11,3,-2.6300519560297597,1.1905583542424798
34,0,57864,62,2,0.5927463060476024,-1.3700329172903496
41,1,95094,78,0,1.4660940726474525,0.1958582793668
21,0,146016,85,3,1.2064480713227115,-0.09685544803550267
21,1,63732,88,0,2.355834099240368,-0.5478708775961996
47,1,40378,10,0,-0.15121581688354171,-1.3055424700103704
87,1,142648,72,4,-0.08934751854938518,1.7663752172185365
86,1,183401,24,4,-1.3529081831407759,1.7313715118940152
71,0,74309,26,1,-1.3358335291262278,-0.805941733239853
20,1,150191,99,0,2.359659680940426,0.8037809797786599
33,1,139770,8,0,-0.14929755175716872,-0.2033932424424723
64,1,195668,83,4,0.6249758155412812,2.178350355696981
84,1,196994,86,4,0.1481312056979676,2.6542916775704595
66,1,153493,46,4,-0.17926372543766092,1.1575716027424856
21,0,65829,71,2,1.1367667597747086,-1.417120946419174
71,0,68902,7,1,-1.7750031930466865,-1.1193795974326808
48,1,34334,72,0,1.3335644311241144,-0.6003758468407676
69,0,140446,31,3,-1.3814365430392532,0.15965230524216334
42,0,50311,98,2,1.266316420381652,-0.862688601433161
62,1,180947,48,4,-0.11369621997258432,1.4909406328714276
50,0,75689,44,1,-0.3354636251602709,-1.0031832575906945
82,1,168093,92,4,0.4432689047800853,2.2737575599278093
84,1,90479,96,4,0.7436766928746187,1.2559595451948322
34,0,67592,9,1,-0.7149781560862803,-1.8896938223638533
54,0,38854,91,2,0.8092873058379475,-0.8616458895397684
37,0,63136,78,2,0.8784864397331658,-1.0328559567306905
90,1,133348,62,4,-0.38067525857291673,1.572100779446695
39,1,190374,50,0,0.5293223318400266,1.167900672218008
87,0,131804,6,1,-2.4443536536708423,0.1031284251622084
39,1,119018,38,0,0.4783399351230569,-0.0012693202350134447
80,0,48706,31,1,-1.3752850674667616,-0.9209249392043731
68,0,140546,51,3,-0.8732901821873887,0.38867093626951715
66,0,112968,73,2,-0.19756176480734505,0.22590826754447785
85,1,129072,61,4,-0.2543361596887613,1.393622115494406
37,1,196133,55,0,0.6849062166222377,1.2703984090209937
53,0,127298,8,1,-1.4553711853040925,-0.6499172101100334
57,1,103755,14,4,-0.5384527469536942,-0.14001089724001117
89,1,62184,22,4,-1.0788151992341053,0.03668658143942508
63,1,88947,26,4,-0.36374540291119434,-0.07663494176545593
37,0,180052,88,3,0.7295324409650132,0.762731381237972
58,1,166959,29,4,-0.41535022988980536,0.9708983606685319
62,0,150808,36,3,-1.1050370312085245,0.2230243306763297
81,0,102709,6,1,-2.184021481570187,-0.43869118248523886
89,0,133661,2,1,-2.6012525394375188,0.1219292067279026
19,1,144231,36,0,0.8908157879116485,-0.08541009789145179
39,1,194799,46,0,0.41832791018283505,1.181440688466032
42,0,191997,89,3,0.5776392938166925,1.0508374846148278
58,1,100317,11,4,-0.6264149212602348,-0.20545781027242993
72,1,96935,89,4,0.8804955256278472,1.0094262287208027
24,1,180003,17,0,0.17827925980223483,0.2947259735296185
90,0,38784,64,2,-0.8204698439855299,-0.44276129963731414
25,0,143162,45,3,0.14453744805360005,-0.5508613045052966
84,1,95450,78,4,0.2939887053323723,1.1033026596250395
52,0,24667,41,1,-0.2921007548712932,-1.7278527603671257
66,0,67024,81,2,0.148028834447962,-0.3314260664269739
55,1,180936,58,4,0.3175796235564461,1.468175399785381
30,0,97533,99,2,1.4597975012380469,-0.4270471538861819
79,1,152325,95,4,0.6496891808156092,2.0226869771652445
75,1,87225,9,4,-1.0938371788386292,-0.06071864326636249
28,0,70856,59,2,0.6406520996916178,-1.3475100074093018
88,1,39342,67,4,0.1073378379806391,0.24846975184859865
42,0,40136,53,2,0.21741075272447075,-1.5674308544232016
48,1,71283,1,0,-0.49798774653189143,-0.9546325438347476
64,1,145973,16,4,-0.8216181519282072,0.6352428532975322
44,0,34010,57,2,0.2796117599729168,-1.5633164438616916
39,1,33550,11,0,0.11344378089580298,-1.5585992821544632
32,0,45918,4,1,-0.708608599674044,-2.303634621595967
80,0,136836,85,2,-0.36957301451330155,1.0100331005569845
34,0,46580,2,1,-0.8134007093635636,-2.2770588071300963
70,1,179860,41,4,-0.49635673601627117,1.5562812192602893
83,1,180766,80,4,0.08506090013658717,2.32675709990909
31,0,197347,72,3,0.4502883288754343,0.6851919633825697
18,1,132488,87,0,2.1843602650137495,0.3596041981461854
86,1,68477,32,4,-0.7774677665348213,0.1879763132066149
82,1,100445,77,4,0.30774366309589973,1.1203068619395922
86,1,96699,35,4,-0.7993195963719862,0.6286925567293469
34,0,51610,82,2,1.094834296456319,-1.2108589483143644
46,0,129463,22,1,-0.9350962614390016,-0.5918619525147044
54,0,113387,97,2,0.7053088803466293,0.2783666929224366
85,0,49379,15,1,-1.898680089889125,-1.0052387595849919
49,1,88212,96,0,1.7043043266443556,0.4890777230163505
73,0,190422,63,3,-0.8868871793002231,1.3557119399781212
60,0,173741,20,3,-1.5119903604723623,0.3100194871856046
62,1,153858,17,4,-0.7693681389323682,0.7184166758182141
21,1,33269,93,0,2.5776527740899384,-0.9211922876406718
65,1,162596,64,4,0.2507586460306704,1.4904296286995
83,1,74815,82,4,0.48622751191082175,0.8370576192664434
42,0,28411,7,1,-0.8503925696752536,-2.3067588799807197
90,1,163256,4,4,-1.8759541788005463,1.2787670270695324
78,0,45558,72,2,-0.3237739544970992,-0.4983182298268785
61,0,159298,70,3,-0.28797295207736606,0.7459789166833107
64,0,166158,55,3,-0.7534600173191791,0.7205662115417314
18,1,154195,30,0,0.7404705270581811,-0.03853316252527493
35,0,76966,71,2,0.7184274255845785,-0.9641287298960408
18,0,33355,2,1,-0.333642548211171,-2.801868753107135
83,0,119458,21,1,-1.9333558863327696,0.029134405891879513
58,1,30990,37,4,0.23021470695599242,-0.8733326005289751
20,0,45574,88,2,1.6405511419236167,-1.5163607331285225
78,1,160067,80,4,0.290185893357997,1.9259423192586977
71,1,129333,61,4,0.12602364104003688,1.103562948203403
54,1,112107,44,4,0.23728274093198198,0.28928614604279396
29,0,86306,9,1,-0.6411821111287308,-1.727104473396245
48,0,162071,67,3,-0.015401455159839837,0.475527376009931
36,0,129514,72,3,0.5401628141940004,-0.17954762643720837
54,0,185161,38,3,-0.9535351296785693,0.5710737046914474
67,1,114207,5,4,-1.0621488702705917,0.10739092004724261
19,1,120882,56,0,1.4498664142671513,-0.17060711300243606
35,1,181792,42,0,0.47434175971314596,0.8618523083943201
27,1,59681,34,0,0.9065764448269017,-1.1510195940600412
18,1,122518,85,0,2.1694566378307645,0.19222682319681297
63,1,114478,99,4,1.3077406438952865,1.1956233111902834
71,0,147895,83,3,-0.20947175064870044,0.9543976857293298
29,1,30192,79,0,2.0331860685607337,-0.9712994669889615
47,0,130569,49,3,-0.31632625741875,-0.2194916995408205
89,1,175733,34,4,-1.168425051625223,1.8090004716158454
66,1,48675,54,4,0.3625022601137034,-0.2413595324653647
46,0,187218,81,3,0.292141239574715,0.9670326266961645
89,1,65850,49,4,-0.4413447516041596,0.424666719417239
34,0,30409,78,2,1.0692288486963104,-1.5636395426666727
43,0,86441,81,2,0.7096345918650786,-0.5365175849852556
64,0,81651,73,2,-0.0387483261990679,-0.26373452736002817
71,1,154377,32,4,-0.6552369361666749,1.1011314174045568
42,0,89716,47,1,-0.09217055476247915,-0.9332629193079851
33,0,170368,3,3,-1.1745843802327067,-0.5160804275019293
24,1,149763,24,0,0.4474797608738844,-0.05055026290480221
85,1,75489,14,4,-1.206725938834944,0.04351026960237053
26,0,58208,78,2,1.194444592221741,-1.3341362314253737
65,0,183468,82,3,-0.18868372800391303,1.3245707099759987
86,0,197393,62,3,-1.2881766580153886,1.7157379668824781
69,0,64739,84,2,0.14613803650515989,-0.26384871767931084
23,1,94882,66,0,1.668203339912274,-0.33404689531990833
35,1,93920,74,0,1.5371402703441668,0.0034512028610546855
45,0,194577,22,3,-1.1248334153148454,0.3179498943831291
70,0,161459,45,3,-1.141810885894079,0.655017547571909
62,0,151015,74,3,-0.19135387888749206,0.6982742603950958
57,0,87265,99,2,0.758783444177577,-0.00723173512939176
52,0,197380,64,3,-0.3141654165166649,1.026919230206478
50,1,164703,73,0,0.8687600289440451,1.3176321702040545
35,0,87068,74,2,0.756953657365183,-0.7824357230890668
67,0,142820,12,1,-1.7920720979944564,-0.08452711163040748
20,0,57414,66,2,1.0717250250755128,-1.6205409142310139
23,0,35821,26,1,0.09948572479782128,-2.363403547882801
68,0,129922,70,3,-0.3807032607727544,0.47294756934808924
31,1,165920,39,0,0.5639645852907708,0.513737802981693
40,0,96771,51,2,0.03503245434097631,-0.8246677248465911
74,1,160882,5,4,-1.408290435262502,0.9214995382456918
34,0,55983,9,1,-0.6762955447551167,-2.0556430914054227
41,0,158601,18,3,-0.9922840416510609,-0.32997759849897157
66,0,180763,79,3,-0.27908834818053235,1.2696019444332405
32,0,24024,19,1,-0.2747184356179868,-2.430176123497507
85,1,103010,34,4,-0.8171803894383778,0.6854938312977114
42,0,49970,13,1,-0.7778551322449536,-1.9240033031355435
90,1,153585,36,4,-1.0737309880685977,1.5382398803888604
71,0,95374,36,1,-1.1654002440022824,-0.38053299695121906
84,0,33155,68,2,-0.5420794818270868,-0.5994224083429834
87,1,144187,83,4,0.17021123735772742,1.925090822265524
76,0,98844,84,2,-0.15811874733137743,0.37057325120804135
52,0,48968,100,2,1.0466095757980998,-0.6471791171986945
23,0,84346,17,1,-0.27876752768474206,-1.781602834664654
80,0,80553,8,1,-2.0348394060714403,-0.7515361514901475
84,0,71621,89,2,-0.16494156956981776,0.21144732928322008
55,0,135073,12,1,-1.439490014399389,-0.4470896641409212
79,1,93783,33,4,-0.6471132740520852,0.4152562040617111
70,1,198305,85,4,0.5009298329090462,2.3668134273069557
53,0,146455,68,3,-0.07545797116868254,0.3696522747994244
31,1,177879,20,0,0.06692928019734369,0.4485448355220801
64,1,171097,24,4,-0.7128348420245358,1.0938170947629178
58,1,166019,39,4,-0.171593586824413,1.081748249058145
48,1,55191,99,0,1.9137523590371135,0.033347583762907064
65,0,111980,58,2,-0.5279756219159989,0.004369301882491348
62,1,74749,94,4,1.3470409964752759,0.5445734518487945
20,1,56688,4,0,0.38529088670291683,-1.713560465800436
33,0,98626,82,2,0.965401897500916,-0.5597558507587932
46,1,115058,75,0,1.1912308551965614,0.5488801999164276
41,0,199456,9,3,-1.344979913746853,0.14218138041399508
68,1,139769,60,4,0.1488791971858414,1.1773605865692423
49,0,64643,3,1,-1.2579865574207687,-1.6916465304950572
86,0,154730,87,3,-0.5444571917427942,1.4165931656864028
70,0,134646,60,3,-0.6915300107399092,0.4581595279327965
55,1,169165,82,4,0.9343007135079283,1.5981993428834524
64,0,49198,70,2,-0.0027982856166060537,-0.7649324107582776
88,1,59948,53,4,-0.2981981073775092,0.3690281551366379
39,0,111425,85,2,0.8315573297297543,-0.21359949473828926
58,0,115529,38,1,-0.8304354783114649,-0.3403673847184395
49,1,195029,99,0,1.4205643206014187,2.053300108353376
20,0,188328,13,3,-0.6398060471693525,-0.40786241728267125
31,0,40699,100,2,1.6460071247191495,-1.2060686816880035
46,0,171943,78,3,0.2708520780341061,0.7113922024758013
88,1,121555,65,4,-0.21473084737623288,1.3988373564891117
25,0,127328,83,2,1.1116711790948663,-0.3049155547069208
87,0,178693,27,3,-2.09528221012254,1.034403942195522
78,1,133038,19,4,-1.0875592964058534,0.7814148265435163
50,0,56604,72,2,0.4018783886566666,-0.9279972408329111
55,0,189945,97,3,0.42297756040831047,1.393739172293636
85,0,133601,1,1,-2.51619234694021,0.02470276880843706
41,1,92549,8,0,-0.20979681003202996,-0.7105317249582443
31,1,152964,44,0,0.7274477896799497,0.3906768678369327
43,1,144656,17,0,-0.22132307458134678,0.18816000644957018
83,1,132512,7,4,-1.5107093246974561,0.7296762747738712
69,0,169335,10,3,-1.9830095734126845,0.31161425133504833
45,0,72217,45,1,-0.1636786632880275,-1.1453114222965162
36,1,134815,100,0,1.9992660032191727,0.9321717529469714
80,1,190903,21,4,-1.2867090363907143,1.6754155272072098
59,0,169200,89,3,0.19068017569112905,1.081702250500591
34,1,178957,93,0,1.7382036886424492,1.4342054009365917
23,1,187873,53,0,1.045534144512193,0.8336751487895109
19,0,105512,47,1,0.48150081861037386,-1.1901162005675778
61,1,118870,78,4,0.8422559759583229,0.9554335481624078
86,1,99837,41,4,-0.6654011284195599,0.7481221377941155
21,0,178843,16,3,-0.5632442073888527,-0.4851782276848818
80,0,101836,81,2,-0.3491985024353631,0.45999744861964603
83,0,39314,21,1,-1.6663062522105558,-1.116514505992652
32,1,62758,17,0,0.35110855487851517,-1.2133972290625465
36,0,65511,37,1,-0.08875691002027249,-1.5294676369219082
67,1,110877,22,4,-0.6419913407061146,0.27107699708708505
76,1,92593,65,4,0.2085422173016701,0.7330089117642047
47,1,184654,68,0,0.7636606593689469,1.4777307671403905
37,0,68561,48,1,0.1385363311487829,-1.328167457901486
69,0,132316,34,3,-1.2821590519090253,0.08072104870467267
64,0,143666,85,3,0.04335942777902682,0.7719069852827343
24,0,130987,92,2,1.34327162299506,-0.16173722735917417
66,0,34176,7,1,-1.5231385160331992,-1.7207086684479707
42,1,171128,75,0,1.1133214506098206,1.2664541184466729
72,1,188096,3,4,-1.4926343544596612,1.2436929852939185
51,1,156948,29,0,-0.1913776081183087,0.6808972452817026
47,1,106157,82,0,1.3620965145016146,0.5296274302589764
20,0,71561,32,1,0.20646236399665602,-1.8408872971577803
42,0,98960,51,2,-0.02672291700447572,-0.7514062124507276
46,1,68144,72,0,1.2753667207820345,-0.15903595203295726
82,1,138788,41,4,-0.6862679261169743,1.2209819951026688
27,0,166551,65,3,0.4933899730962109,0.0740258292282752
28,0,30736,4,1,-0.549097604349675,-2.604599536535434
73,0,117656,23,1,-1.6069197370274975,-0.1816176474053915
67,1,27210,71,4,0.8158571556544,-0.31592610598397397
44,0,161667,35,3,-0.6751308007154302,-0.011906436955962819
55,1,124649,58,4,0.5051348086712025,0.663559454695984
59,0,188031,33,3,-1.2195639328684609,0.6548815208014676
36,0,153529,63,3,0.24357988678050607,0.051885562945219364
51,1,177697,34,0,-0.1402035961588713,1.0396452612133562
72,0,90187,43,1,-1.0069100880553086,-0.3466945800103079
49,0,81804,85,2,0.6579513586308843,-0.4271780597242822
60,0,67828,12,1,-1.351574817173055,-1.3034238641599891
77,1,56428,76,4,0.5665046464586299,0.37373534752808985
74,1,22367,98,4,1.2910658921729532,0.09731395841953042
65,0,179989,67,3,-0.5380279451820636,1.0884082060724103
37,1,114596,67,0,1.245346834913469,0.2539812198414327
40,0,179075,65,3,0.0976596623324219,0.5258600357957594
62,0,121950,41,3,-0.8885664131413228,-0.12735379598355143
57,0,40925,23,1,-0.9155517976688099,-1.6142382816203402
20,0,167993,19,3,-0.42767266529011044,-0.6239765688574717
32,1,121633,40,0,0.7083660664364345,-0.08592585776314066
60,0,35782,58,2,-0.13792115619323214,-1.1897970579338977
87,1,105032,94,4,0.5653673905867775,1.502090555628678
26,0,38428,31,1,0.1294190726304447,-2.201038227940877
44,1,173937,91,0,1.4344992797541982,1.5474377786888902
26,1,186992,42,0,0.702090819488528,0.7473206032856995
80,0,74099,40,1,-1.2433356537624698,-0.4460766672373429
63,0,150185,13,3,-1.6836280262823076,-0.05075664576173701
71,1,115198,77,4,0.5581223105789939,1.1003641325982663
63,0,78296,34,1,-0.9387737238578782,-0.8173984582330766
28,1,80307,38,0,0.9068671856046292,-0.7854735466939601
55,1,53038,29,4,0.04594054193168206,-0.720543761796107
87,1,55792,84,4,0.4888166598822942,0.6739235580560221
36,0,39689,49,1,0.28603449728674135,-1.7494455527229669
19,1,153781,6,0,0.1371206735781873,-0.32175521653175587
52,1,116662,29,0,-0.0843703943001899,0.12599869425466603
38,1,76663,80,0,1.65732534640073,-0.10570827808601449
24,0,159414,79,3,0.9357375915182501,0.08305014482330239
72,0,120085,81,2,-0.19216098802418735,0.5529846500024742
63,1,102167,19,4,-0.5762331772314955,0.025342426628004434
37,0,175496,73,3,0.3837769198333493,0.5111732909136952
38,1,190821,38,0,0.26631421313676823,1.0041609830862035
71,1,84268,27,4,-0.5419373763019898,0.036788094392891116
39,1,162820,89,0,1.559570984603295,1.2587391288433472
80,1,33193,63,4,0.2494227006026676,-0.05702437444208878
80,1,80537,75,4,0.38041602533099944,0.768896944720713
51,0,183939,18,3,-1.3490201390441354,0.24207618014976767
33,0,163858,37,3,-0.33476913949462833,-0.1865640413302265
87,1,75396,83,4,0.3994312835358719,0.9417316899855177
50,1,67687,79,0,1.3364039043614868,0.005372278309108385
83,1,71541,10,4,-1.2353591429521864,-0.10461076825905936
71,1,108614,31,4,-0.5268114541373392,0.43452608827450734
19,1,59348,23,0,0.8608445689022475,-1.4603756480192702
85,0,126069,72,2,-0.782661219980116,0.799471968808347
62,0,31948,1,1,-1.551166505634388,-1.91106994562053
89,1,177512,62,4,-0.5006044438564721,2.1824348774927
90,1,84929,83,4,0.28597412629251434,1.1409598149730842
90,1,140063,79,4,0.006011099415925938,1.8793789322486671
57,0,38224,4,1,-1.363738185360664,-1.888994198873166
40,0,20442,23,1,-0.3843784131626139,-2.263785480456325
47,1,162352,86,0,1.2710976637929572,1.382643076798439
36,0,199934,38,3,-0.5126083822831311,0.40452180739683363
79,0,108865,26,1,-1.6688237777386348,-0.1440877638293255
71,1,152722,11,4,-1.1550336136674157,0.8164705300401507
26,1,141600,84,0,1.8639652096394914,0.6204531023781515
28,1,76394,96,0,2.3155275786935214,-0.12054437277010145
90,0,140857,45,3,-1.617776045581367,0.7802146045037249
36,1,162031,9,0,-0.281103520746031,0.19020883060974259
55,0,190813,22,3,-1.3845980806328468,0.4739940574191756
40,0,44095,17,1,-0.6075677778480237,-2.00024091500609
67,1,48217,34,4,-0.1444512008452714,-0.47549573075233426
45,0,94535,7,1,-1.152417877305542,-1.2985691661972665
83,0,125511,12,1,-2.170087227500217,0.0038029496954745754
66,1,55422,98,4,1.3987679992821038,0.4019511621651353
59,0,63061,79,2,0.3037238891361745,-0.5598291590968947
67,1,170005,51,4,-0.14120218747792876,1.4767372188814494
41,1,79851,57,0,1.0115742771148268,-0.28304144577319773
81,0,162193,50,3,-1.323481892265821,0.958488631056902
80,1,80468,35,4,-0.5818518494728196,0.2707622932933517
39,1,168654,91,0,1.5882562708840222,1.3669928775754805
75,0,96952,78,2,-0.2689583625700396,0.2479700820211262
71,1,46751,27,4,-0.4169261324987968,-0.49951294158200366
90,0,48500,87,2,-0.29940851724726114,-0.01801196441461634
83,1,122787,97,4,0.6873155979874593,1.709242246304371
44,0,56095,98,2,1.1925820682682153,-0.7380369932319357
78,1,120169,34,4,-0.6837415388674768,0.7838846221783845
66,1,45575,1,4,-0.9024777332325002,-0.9443951660482361
41,1,161614,7,0,-0.4639923025857643,0.26431549699322193
64,0,189594,84,3,-0.13374074404345304,1.4160135544807517
46,1,107928,5,0,-0.4693822453351575,-0.42305183202129615
44,0,39712,47,1,0.019987549058527867,-1.6060941107700442
27,1,42401,53,0,1.421341974305988,-1.1618896863446087
53,0,137028,21,1,-1.174980956098211,-0.3492548227250055
46,1,62957,15,0,-0.07890891181214911,-0.9416198319226072
59,1,135310,49,4,0.14412633661350863,0.7880388458324006
29,0,34703,26,1,-0.06017302701267632,-2.253475168209592
69,0,161582,45,3,-1.11499005949396,0.6357908085208555
83,1,151968,78,4,0.13289447737630478,1.8902357127696356
32,1,36442,27,0,0.6794211411896315,-1.4652942311199024
75,1,65116,50,4,-0.03360704410096298,0.13281285353247668
36,1,141308,9,0,-0.21205194398526747,-0.10602398034283221
69,0,44115,31,1,-1.0604498402963534,-1.2173878391323225
28,0,136112,63,3,0.51946088605147,-0.3649684476313467
31,1,161192,11,0,-0.09402959291336632,0.09814779417576702
35,1,131200,27,0,0.28198383486380163,-0.047784905850852585
41,1,59087,74,0,1.4898240321894691,-0.36857231734828494
66,1,121139,27,4,-0.5286426814986256,0.458929590658955
89,0,162578,75,3,-0.9410490597744026,1.442589925440792
47,0,76662,63,2,0.20017270283638158,-0.8160839221374391
43,1,59106,57,0,1.0262378056116443,-0.5376187253662522
49,1,93112,73,0,1.1345406958991708,0.2732623628398733
25,1,113464,1,0,-0.012234428114052018,-0.834315400108398
24,0,51686,31,1,0.13970314608353016,-2.053486719500741
37,1,156602,7,0,-0.33836899416275934,0.10872951789256571
75,0,111023,73,2,-0.43615688366472705,0.3869698090498862
58,1,49579,81,4,1.2270214502260692,-0.06074192967397149
74,0,78019,81,2,-0.10645327344831579,-0.006373779149999341
51,0,33185,58,2,0.11580846353986222,-1.4157859471856067
68,1,45630,20,4,-0.4999359040868755,-0.6654934841655892
58,0,147733,51,3,-0.624931372549168,0.2815581495733183
76,1,102849,27,4,-0.7400049338442365,0.40732631790399143
39,1,166452,34,0,0.22403425231141472,0.6270792163169858
86,1,119742,94,4,0.5435825445355501,1.6913832400860551
86,0,192901,27,3,-2.115394330625637,1.216520596584946
82,0,48232,25,1,-1.5725416650024124,-0.9603029395818881
74,1,28100,51,4,0.14102792853893328,-0.4048827490049607
33,1,64795,45,0,0.9908387975343228,-0.8152897346209127
43,1,75609,71,0,1.3081220131897813,-0.12770840396968505
30,1,28032,79,0,2.0131527759087047,-0.9811913997475107
36,0,145469,65,3,0.3185616845467347,-0.03847375956595564
63,0,117469,17,1,-1.4783645239833767,-0.4687131294449435
22,1,53048,82,0,2.219829150990952,-0.7541846184035722
44,0,100108,13,1,-0.999382450417692,-1.165316560205249
60,0,175868,7,3,-1.831889567415655,0.17885149923428223
41,1,188180,18,0,-0.2878265791349385,0.7807890791530832
88,1,126918,84,4,0.22458542993888286,1.711646245934948
73,0,178461,75,3,-0.5582823234327181,1.3338753643601267
84,1,37244,35,4,-0.546746891880663,-0.2631795888764835
76,0,124852,9,1,-2.0494639506832812,-0.189798565044225
28,0,127447,34,3,-0.1494771702350767,-0.8492661090290611
54,1,171757,85,0,1.0250818635390073,1.6515527869168907
45,1,48710,79,0,1.5357909824556448,-0.370826717924919
56,0,85585,91,2,0.5991125293832964,-0.15166180485950662
64,1,130835,65,4,0.4078833143768924,1.027853623785755
18,0,88033,82,2,1.409159234474108,-1.0259566615947169
45,1,168639,37,0,0.1255501696333969,0.8215382992675327
69,0,112028,59,2,-0.6129958289420374,0.10142420123459542
77,1,56662,78,4,0.6138498193320452,0.4019377648248893
32,1,146940,21,0,0.16685358880029316,0.039689241205609314
41,0,118767,25,1,-0.6911151562990093,-0.8123989195388549
79,1,101589,50,4,-0.26406226182621084,0.7381300716129598
83,0,62279,1,1,-2.2240773434854173,-1.0368067250372337
53,0,79103,4,1,-1.3910293154421327,-1.3885738117418767
69,0,30459,11,1,-1.4961952696228518,-1.6611728811221456
61,1,136238,89,4,1.049070563137639,1.3404228184397338
79,1,104565,48,4,-0.3221035482643633,0.7558142210853426
78,1,135766,86,4,0.5155344734919891,1.6531346711709451
85,0,63312,7,1,-2.1376061124089785,-0.9054978489307659
65,0,188207,28,3,-1.5038466752388648,0.7211639379053548
39,1,196640,78,0,1.1821917054763862,1.6054762074074242
33,1,138814,7,0,-0.17017448732757903,-0.2294878559255587
55,0,130471,76,2,0.1158408798544686,0.2825625827400237
59,0,25298,76,2,0.3573675007556317,-1.1369328585525762
41,1,191769,68,0,0.9033366719122391,1.4535287865060555
79,0,99659,18,1,-1.8306478152820223,-0.3751160956897752
63,1,135239,66,4,0.44450176868301333,1.0822519762575171
46,1,133902,94,0,1.5856267876623862,1.0543983749122159
78,0,186037,60,3,-1.0806165434215849,1.3606678124707954
69,0,157149,88,3,-0.06553363437389038,1.1068560302763315
82,0,136991,41,3,-1.4832984188684648,0.5073556906535495
31,1,123518,60,0,1.2105645884368796,0.16860913515922563
90,1,192338,59,4,-0.6494245054360227,2.378069663984376
48,0,45002,84,2,0.7837483674699504,-0.9866719730436925
83,0,150867,71,3,-0.8348922861799822,1.0995576919110983
57,0,74288,51,2,-0.35297295028282005,-0.7893143664482037
43,1,177446,14,0,-0.40277070917151897,0.619603018914798
65,1,129764,37,4,-0.28952711367742845,0.6855250027497323
36,1,46072,2,0,-0.06315102896689308,-1.5544121837619684
36,1,108956,70,0,1.3635580182357996,0.18965920666493025
20,0,148279,90,3,1.346450379254292,-0.023347604490638895
21,0,82673,96,2,1.6822016061417508,-0.865620286950536
56,1,179815,2,4,-1.053412652252118,0.7771282214531626
38,0,100452,99,2,1.2322256155065103,-0.2174403224434492
70,1,141868,82,4,0.6167975020699067,1.5227671272756635
49,1,135544,98,0,1.594713189028052,1.1905404274455327
82,1,94305,88,4,0.5928897884932358,1.1692520787558782
21,1,120726,37,0,0.938738419582167,-0.367012540361009
20,1,149016,1,0,0.005455336406411429,-0.43102885137147773
41,1,159943,90,0,1.5387585911606048,1.2720114836680867
77,1,58786,78,4,0.606772390917247,0.4323000912478623
30,0,76805,97,2,1.4807408490486587,-0.7482088544750758
27,1,55536,32,0,0.8722632034649155,-1.235129289436053
60,1,130383,98,4,1.3123728215097679,1.3475996516310942
80,1,94248,45,4,-0.3871440511653502,0.5920328243129844
44,0,157372,77,3,0.3498033467034434,0.4487027707075437
47,1,160934,77,0,1.0592606106137195,1.2505145675389313
37,1,142843,3,0,-0.38877209835540794,-0.13766857493442952
39,1,82780,77,0,1.537524740595415,-0.03456760685689533
69,1,81578,69,4,0.5321100692957895,0.4783705667079725
41,0,74248,74,2,0.636287404288192,-0.839786036354478
61,1,31667,51,4,0.4831410544521965,-0.6266980316213818
21,0,43644,41,1,0.48881655633748977,-2.1071141013273915
77,0,129433,13,1,-1.9957093026948962,-0.05361387712098788
21,0,141651,59,3,0.5953692221758365,-0.4823989999454941
45,0,98008,33,1,-0.5383667747942603,-0.9257766477944747
90,1,30106,81,4,0.42052619434914407,0.3324141598685299
81,0,109914,38,1,-1.438031191934346,0.06202207606671237
64,1,189253,31,4,-0.6048957465849816,1.440355900497141
66,0,118827,14,1,-1.636768913268787,-0.42363177632222815
75,1,129898,64,4,0.08740561618996143,1.2328657160659136
77,1,96453,61,4,0.0721997674361393,0.7594573298321359
77,1,191839,22,4,-1.1840734259262757,1.6382692149785023
30,0,32502,57,2,0.6658660855914408,-1.8786632549578917
69,0,82627,95,2,0.3512199199294407,0.1285738905170103
29,0,191760,88,3,0.9083653693409698,0.7622157685282078
59,1,143480,51,4,0.1650277844870001,0.9296854356775585
72,1,45842,74,4,0.6898069942040274,0.09262727928829012
27,1,122499,24,0,0.4566347191575172,-0.37733085985044484
80,0,24154,1,1,-2.015348136695964,-1.6447540765246318
50,1,109977,78,0,1.1714259945790426,0.5974740718353858
25,0,199600,37,3,-0.23602044582736217,0.1564835066237251
33,1,82063,53,0,1.1257992626294508,-0.4690160752548095
20,0,61127,16,1,-0.14376938523948765,-2.1888994033445566
19,1,36886,59,0,1.8019387190118215,-1.3340337821601087
79,1,189916,81,4,0.1875571329973167,2.386043927672773
41,1,40081,87,0,1.8659661365966873,-0.47868761927142606
78,0,98635,19,1,-1.775942599471417,-0.39831035518783275
61,1,193151,39,4,-0.34369276980789865,1.5325519779618606
31,1,169901,86,0,1.6816343099316884,1.154794980685261
48,1,85718,29,0,0.12766151753738428,-0.40028212891403847
48,1,31319,47,0,0.74204966124095,-0.9541926023059725
38,0,85370,61,2,0.3681077869473058,-0.9053266012873202
43,0,92020,25,1,-0.6564522279219572,-1.1527740725738507
61,1,171183,29,4,-0.5111171482187733,1.0942349644792793
28,1,123199,98,0,2.2076924696904943,0.5733849295757912
64,1,31629,29,4,-0.12779814252568542,-0.8377177765509367
70,0,153603,31,3,-1.45250795764489,0.36871505883986533
76,1,58100,28,4,-0.5668333345740386,-0.21992658705076565
52,1,25588,90,0,1.6869084715808471,-0.41774209812072505
44,1,182368,32,0,-0.013278088049457059,0.9346641677599838
83,0,185607,72,3,-0.9265877807251746,1.6085905520390613
51,0,181837,45,3,-0.6923300082237211,0.547603446749188
87,0,48210,46,1,-1.2033104052948689,-0.594689520173701
75,0,31056,95,2,0.35967674995124554,-0.48271734140029615
46,1,98252,84,0,1.4637925107445757,0.42049880487637853
22,0,81428,81,2,1.2981827495815228,-1.0488630181971634
24,1,154669,64,0,1.393630158633269,0.5167287260498284
47,1,87630,17,0,-0.14022816078342568,-0.5430798179471356
59,1,71744,51,4,0.40406093173933494,-0.09577212000906496
46,1,84357,64,0,1.0288434587208721,-0.02670271358005963
44,0,27595,95,2,1.2153602281898028,-1.1827272135652072
81,0,118427,39,1,-1.4423351068962473,0.19614310234565874
58,1,57070,13,4,-0.43418572536241384,-0.7988110969291555
66,0,25968,74,2,0.11639534668207885,-1.0053176382092577
66,1,37225,59,4,0.5209672878584916,-0.34289237740626594
59,0,72876,59,2,-0.21022978987192817,-0.6680990582083756
28,0,88657,64,2,0.7016492090930632,-1.030903299526106
50,1,48916,28,0,0.17176649393453858,-0.8968210141339243
81,1,95441,41,4,-0.5145997300411135,0.5803567957848381
27,0,177593,46,3,-0.0005897755676633764,-0.0042755437538737825
63,1,79629,97,4,1.3757368950229247,0.672603601458828
56,0,172023,59,3,-0.45890771743095377,0.6862404418740681
30,0,187248,23,3,-0.6678896817455156,-0.08916371851385999
38,1,149779,77,0,1.3415065356075682,0.9021900899972959
61,0,61869,90,2,0.5179213169185539,-0.39818285427222944
42,1,51495,76,0,1.5360157190955286,-0.43125662636585593
23,0,191209,89,3,1.0976478785622001,0.6408579407277726
18,0,170359,50,3,0.36484067581506013,-0.24683496394365878
23,1,42140,56,0,1.6033217025734323,-1.2122745648008746
90,0,154016,94,3,-0.4825636526536417,1.5773276117108113
41,0,161143,23,3,-0.8804420734071461,-0.2314964738964463
64,1,181359,82,4,0.6485927131266147,1.9613762013824647
46,0,31179,97,2,1.197081435372389,-1.0646669274803258
60,0,101192,54,2,-0.45212507496740323,-0.3044837474744775
74,1,198753,31,4,-0.9088576861468074,1.7860073599900206
35,1,112265,99,0,2.0775736006798473,0.5764084781304851
79,1,167629,52,4,-0.4359907491525161,1.7070214025586101
84,0,142021,10,1,-2.300456138766407,0.2359390227568309
89,0,140505,12,1,-2.3834331387359633,0.3440504458126293
86,1,119131,28,4,-1.0425028841372592,0.8623543653339311
72,0,47200,56,2,-0.5508603514375091,-0.7996154139246519
85,0,109068,2,1,-2.4103829382696165,-0.31356482966476557
81,0,121655,56,3,-1.0440296373808506,0.4535750064485222
38,0,193906,66,3,0.126764751708116,0.7083260990574819
33,0,167291,88,3,0.8809763674606503,0.4963743722636729
73,0,54654,27,1,-1.3007395694881823,-1.032508885347618
37,1,186282,5,0,-0.48539128266718734,0.5081441592665822
18,0,97203,48,1,0.5604805476045026,-1.3174486653346364
48,0,98016,35,1,-0.5719605746538378,-0.837849845416791
58,1,154233,32,4,-0.30075830326314995,0.8262678328316135
32,0,110999,32,1,-0.25171801709999714,-1.0253056831263456
51,0,34274,3,1,-1.2112546809653744,-2.083797741111978
86,1,115225,51,4,-0.4760513832622767,1.09237883684018
60,0,183866,34,3,-1.208853874914196,0.6287570600295722
62,0,24007,7,1,-1.3803314513318918,-1.950013346872201
90,0,153258,81,3,-0.7928496858790942,1.4049188931896786
45,0,48151,54,2,0.1330742023783646,-1.37747365059023
29,0,186921,16,3,-0.8080065136439032,-0.20182410715734803
51,1,188471,4,4,-0.8979772285618773,0.8207970764439176
71,1,144391,38,4,-0.47758769113524163,1.0329549852983757
70,0,125291,46,3,-0.99723223070457,0.15042901316118745
89,1,59951,13,4,-1.2879365724895857,-0.10709225552004666
77,1,197572,6,4,-1.588175601330989,1.521362443669412
56,0,158605,6,3,-1.6895068697301294,-0.1642897698784055
78,1,82824,22,4,-0.8480527575315744,0.1008978142694936
88,0,78240,18,1,-2.0043531785133313,-0.49243305925073955
64,1,49367,56,4,0.46278267579491966,-0.24858007858062026
41,0,86738,71,2,0.5224818585965142,-0.6985291003423347
28,0,20532,20,1,-0.13009750877426385,-2.5516051764490895
19,1,113294,97,0,2.461710796645456,0.23050034518434578
50,0,173091,59,3,-0.2990823594901642,0.5755973181701864
22,0,91559,49,1,0.49442678245088917,-1.3017602264343033
26,1,57946,80,0,2.0464608149818315,-0.6250856709261015
63,0,142120,28,3,-1.2958177857423727,0.02038575634015646
77,0,155931,47,3,-1.265880764930291,0.7477479283395527
60,1,137514,99,4,1.3126738999891334,1.4619651529022493
65,1,118898,97,4,1.1904264174530306,1.275919287001508
79,0,62097,55,2,-0.8151761690427166,-0.45219821947711963
40,1,40503,7,0,-0.03320492418958223,-1.4879367983491234
47,1,127556,87,0,1.4111046467672577,0.8976671185893741
45,1,90774,59,0,0.9143796815318996,-0.018101012133172605
21,1,124870,19,0,0.4918060974349481,-0.5314912921981271
55,1,193741,56,4,0.2267869040255201,1.6263639308073878
56,0,73071,89,2,0.5926858221095616,-0.355405356089502
39,1,56156,44,0,0.832178495060736,-0.8253018596581052
50,1,49112,74,0,1.2779858578569594,-0.3222986671688996
36,0,130987,4,1,-1.1009916475525547,-1.003643385224149
87,0,182091,14,3,-2.4194165448978517,0.9214047475038974
70,1,51841,94,4,1.2055278412846955,0.38498640168789144
38,1,93172,96,0,1.987314450806413,0.32914522782748495
85,1,50325,56,4,-0.11225372475485476,0.20579961374373829
85,0,101047,65,2,-0.8677219616079924,0.3547845127821596
55,1,183905,47,4,0.042999658942219555,1.3739011165438373
75,0,142861,45,3,-1.215993457073906,0.4940864047554615
45,0,20820,8,1,-0.8827280146346649,-2.339887583001287
52,1,44444,4,1,-0.44529228349160516,-1.2170666843032873
32,1,114698,87,0,1.8624092414426707,0.39908840316398064
65,1,163879,78,4,0.5833577596696489,1.6827718671593208
63,0,120803,9,1,-1.6819733790039622,-0.5204836584126997
22,1,186838,6,0,-0.05472133584488373,0.21374568000666555
65,0,40388,52,2,-0.4337969690084478,-1.0936020366955501
62,0,97287,5,1,-1.6726342854508203,-0.9273419107516585
79,1,83248,13,4,-1.0932582580314014,0.01608548446647322
23,1,37466,97,0,2.6054562796783274,-0.7695118245064925
34,0,149280,11,1,-0.9390476979487256,-0.6971161995788995
29,0,170268,5,3,-1.017203568486393,-0.5765925377960555
22,1,67063,13,0,0.5128207627403965,-1.4114226921532185
84,1,87495,34,4,-0.7382518297281769,0.44272374921348884
20,1,74329,96,0,2.5402538317196734,-0.31794337616894575
51,0,28876,9,1,-1.048893214449522,-2.086389260963639
40,1,172649,68,0,0.9942775336164829,1.159225659810337
88,1,118210,46,4,-0.6607713481099279,1.1148755361212228
51,1,68677,21,0,-0.08974737183118058,-0.6803558222813636
54,0,20970,7,1,-1.1523663751328663,-2.161306974227321
46,1,69139,20,0,0.020804130146518288,-0.7911053418871151
26,0,59456,94,2,1.5752852197151048,-1.117436898553772
54,0,23575,53,2,-0.05417409456790708,-1.5523482598644893
55,1,172131,98,0,1.3094167543644641,1.8394572806489655
84,1,164744,76,4,0.014967711920310703,2.0689947016203605
18,1,33775,13,0,0.7326631699660533,-1.9712107154798557
41,1,118905,36,0,0.37613022045306105,0.014227961755431093
56,1,124202,54,4,0.38314381086901245,0.6284398219617756
78,0,45603,59,2,-0.636735682175039,-0.659248159215409
70,0,68189,3,1,-1.8416464912744497,-1.2002716871430839
82,1,63234,19,4,-0.9638865199505451,-0.1324849823318843
89,0,34904,13,1,-2.007495214655362,-1.1530745342319348
42,1,90377,57,0,0.9492696770851478,-0.11158852306948937
23,1,159264,70,0,1.5499244014296276,0.6360009388018892
33,1,140340,75,0,1.4609869387240704,0.637478249821126
60,1,172766,79,4,0.7139610182563508,1.7173141319551577
80,1,131423,52,4,-0.34257859556621306,1.2104459644344594
20,1,43889,86,0,2.401059196025451,-0.8773666182086961
44,1,130050,5,0,-0.4886341066602128,-0.14879050182351777
45,0,104104,47,1,-0.22180516725717608,-0.664633148942107
50,1,75044,29,0,0.10876723927081576,-0.5108956658490135
20,1,195860,98,0,2.183422528872858,1.4441851748977934
22,0,53327,85,2,1.4880685060545151,-1.4008486278492869
54,1,180202,41,4,-0.06180548225727139,1.2254099185659597
64,1,122941,28,4,-0.4561233666914791,0.4551476544080058
51,1,71073,76,0,1.2257033253927134,0.03747363058288897
59,1,152253,21,4,-0.5860782705817257,0.6822331948006017
72,1,189546,59,4,-0.14996902446905472,1.960428188714471
79,0,140819,59,3,-0.9812377456930677,0.7228382026415857
84,0,79616,25,1,-1.7315783558252804,-0.4697023876762807
69,0,183887,37,3,-1.3818126124698822,0.8552084596709055
39,0,167940,17,3,-0.9930038244872901,-0.25087643479958144
63,0,39267,54,2,-0.3274754150428486,-1.1267392013629947
70,0,90451,25,1,-1.3864524195306045,-0.6086074873606376
43,1,36442,39,0,0.6686330262817082,-1.085314636688803
49,0,103063,32,1,-0.6881958092709068,-0.7820046964440659
74,1,137009,14,4,-1.1121806692590366,0.6920962219103745
83,1,197898,38,4,-0.9826477051734179,2.0496512746804725
37,1,184423,28,0,0.07423936323364623,0.7674302513885681
64,1,86981,27,4,-0.3603626825671652,-0.0713249600683694
45,1,61391,29,0,0.29041409661149686,-0.8109887176970202
31,1,197578,34,0,0.33816402392722517,0.9041415953592411
20,0,148564,82,3,1.153001166058904,-0.11870322444881164
72,0,173892,13,3,-2.0076987542246245,0.47699717323995305
30,1,46114,91,0,2.2416506723290435,-0.5735668770955539
29,1,41076,20,0,0.5772350040049601,-1.549007735773069
57,1,151123,72,4,0.6993330667852625,1.2579740494223015
62,0,46973,46,1,-0.518421632615517,-1.136997521655245
39,0,144125,78,3,0.5541598070477451,0.16684214800522443
69,1,69086,65,4,0.4774851657615452,0.2500840876182215
89,1,96022,54,4,-0.4215693309595258,0.9181153953694549
65,0,107478,59,2,-0.4889119611629293,-0.047557543022645664
47,0,149458,10,1,-1.3177020678024394,-0.4341952966817248
37,0,143768,96,2,1.0429347358479333,0.34348559399247064
82,0,193101,39,3,-1.718388707845169,1.2845840266411137
44,0,32358,51,2,0.14074175782821652,-1.6615038323348699
76,1,23825,38,4,-0.21200038444306438,-0.5855965439105894
42,0,32499,33,1,-0.2383907225665617,-1.9251750100006542
19,1,85326,83,0,2.2180293747432422,-0.34330078244545326
57,1,112064,71,4,0.8054199988650659,0.6872015999248372
56,1,136874,59,4,0.4612313771157966,0.8717280871785739
60,0,56182,28,1,-0.9277698008000267,-1.271042721918243
90,1,40000,35,4,-0.7193142866661738,-0.09787284170675993
76,0,99849,30,1,-1.4608395487561332,-0.2862106050732337
30,1,49997,15,0,0.39996623684969645,-1.4626416345370807
71,0,153562,91,3,-0.03585533120325528,1.1348364350987716
25,1,120657,50,0,1.1428574082800977,-0.122485650641169
74,0,129142,63,3,-0.7099253834951589,0.5007066653522644
41,0,173239,73,3,0.28237481063217473,0.5628497828351655
87,1,147692,71,4,-0.13021718975481836,1.8260498874161648
19,0,175102,66,3,0.7068048573203858,0.04080998603846769
35,0,74445,55,2,0.34182859016844536,-1.1990254457885674
78,0,56392,26,1,-1.4667466307619041,-0.9151680436255231
70,1,30425,65,4,0.5790776803451785,-0.28158528241195485
37,1,109243,11,0,-0.08431322054655488,-0.5185469026134246
82,0,28546,91,2,0.08117585620107377,-0.4214172566410081
80,0,79714,57,2,-0.8529839609072062,-0.1545228831101685
80,0,40730,17,1,-1.685582284504872,-1.208942813610031
73,1,64806,2,4,-1.1331100806482248,-0.5101665437887495
39,1,58394,85,0,1.8112814407140847,-0.28373290456353967
35,0,149263,2,1,-1.1827837323793784,-0.7882325717324524
72,1,79863,35,4,-0.36199049545119,0.09423381559014789
51,1,65449,89,0,1.5572549650886185,0.11865242102896824
79,0,20179,82,2,-0.025814244548289563,-0.7158359193829215
78,0,59920,74,2,-0.3235050097989514,-0.2681577392232231
70,0,25739,20,1,-1.2911363253696229,-1.5958013397015003
62,0,123784,41,3,-0.8946775260004282,-0.10113698493847965
72,1,20921,51,4,0.21941059168751284,-0.5494757156619521
33,0,57035,39,1,0.06930308319189617,-1.6887286578678038
77,1,164690,73,4,0.13357505456071517,1.8840415896517992
69,1,152869,11,4,-1.1010620807291993,0.7766018587573118
21,1,29017,23,0,0.90744982469862,-1.8519836531728795
27,1,182282,9,0,-0.10350623831110413,0.29082937361419436
31,0,97597,41,1,0.03673177057838462,-1.126012313924711
39,0,117142,74,2,0.5478206921946872,-0.26859144605406576
28,0,123614,60,3,0.4889184200344513,-0.5809119883881528
88,0,121740,14,1,-2.2455502909936103,0.07967941696793795
33,1,118693,57,0,1.0999933907039978,0.10432023208245637
82,1,156850,49,4,-0.5539531663708808,1.5786057896758532
80,0,188044,20,3,-2.1042632597163964,0.9341793519299777
89,1,67968,18,4,-1.1943379755126298,0.06965334044113058
65,1,93707,27,4,-0.4100052166946632,0.04580741630421982
82,1,68981,54,4,-0.14085066121062223,0.3846724631355308
18,0,145216,33,3,0.039558673206584676,-0.8175391766903323
81,0,35606,89,2,0.0367568585213195,-0.3663378241097937
53,1,38664,42,0,0.46110960938993706,-0.8064151954507527
23,0,92139,38,1,0.20057658126137037,-1.4091999700948767
52,1,69104,16,0,-0.23871308957246304,-0.7154104369760405
90,1,179804,65,4,-0.46328501200491645,2.273469876075118
71,1,153322,1,4,-1.3976573350468235,0.7007603822419638
57,0,71410,42,1,-0.5599451044575355,-0.9423134014033522
67,0,185087,68,3,-0.5854140164063054,1.2156822337894329
78,0,120260,93,2,-0.0673788369849456,0.8305408017083872
29,1,45087,65,0,1.6466798754045218,-0.9323791268843492
78,0,146974,6,1,-2.249825856275657,0.13111667976970848
21,1,86585,87,0,2.255622656547581,-0.23361867855359705
20,1,45952,67,0,1.9369985762393889,-1.0840217242190344
45,0,65057,95,2,1.063301573649294,-0.6262273866575444
57,1,79739,54,4,0.504069300811713,0.013831554612348397
89,1,113454,80,4,0.14596867209687478,1.4904501522554292
32,1,90214,71,0,1.5589938148185394,-0.14976677564180194
81,0,22824,10,1,-1.8215850880765228,-1.5309228898243827
63,1,78357,9,4,-0.7375197858024181,-0.43930575694455626
60,1,32191,98,2,1.6395606044221307,-0.05604326556502685
88,1,93534,40,4,-0.7229225593778332,0.6875628164039154
54,1,46319,39,0,0.33618419901684465,-0.7132889978381437
87,1,55612,20,4,-1.05058002407045,-0.12408680791845235
32,1,58499,85,0,2.0015463102049322,-0.4291270076646842
24,0,64324,5,1,-0.528031783730394,-2.1959744163402006
47,1,49759,52,0,0.8281482217779026,-0.6494364750772886
56,0,88066,83,2,0.3983459749454901,-0.21562586699053782
55,0,87740,50,1,-0.3673977533968576,-0.6514183587856837
88,0,70009,93,2,-0.17224311872539488,0.32205884966687065
75,1,146719,24,4,-0.9311418094264473,0.9761715981997637
54,0,85835,94,2,0.7249281880378832,-0.15277198058928224
67,0,103862,53,2,-0.67569902947104,-0.13185005828762839
80,1,198066,28,4,-1.1421399171451923,1.86481071035775
34,0,104458,65,2,0.5096767196959971,-0.6666911271372696
85,1,133883,46,4,-0.631303673269302,1.2759641718763384
34,1,81814,48,0,0.9790860597697145,-0.5137340292441801
45,0,195469,23,3,-1.1037432238976617,0.34312963550695447
90,0,147091,33,3,-1.9272978352852426,0.7201843988484774
20,0,124438,27,1,-0.09004250694014843,-1.1471604330433853
41,0,84442,98,2,1.179818421202461,-0.39577504058192403
39,0,101603,11,1,-0.9163354758734134,-1.2737281757539303
76,1,182291,22,4,-1.1250276418051053,1.48079668551475
21,1,37428,9,0,0.542549114518656,-1.9057513189658928
49,1,197959,84,0,1.0498645296424578,1.9087534943014046
71,1,134411,70,4,0.3256651254819107,1.288010720508147
56,0,165594,76,3,-0.028423939910987413,0.8056266838928214
44,1,23370,44,0,0.805272079412527,-1.1890487686182158
50,1,193064,63,0,0.533633251903992,1.5987622031159205
27,0,105000,81,2,1.0834845681135428,-0.6069790455443221
50,1,154562,93,0,1.3837999799216507,1.42124193823555
41,1,154487,92,0,1.6050635416612333,1.2188760302743418
40,1,49821,77,0,1.620117492080565,-0.4847275676291658
63,1,66491,14,4,-0.5776685950536016,-0.5467852722206538
23,1,198123,70,0,1.4204414490894013,1.1914857045600376
76,1,146540,98,4,0.8228448768770605,1.9143221875667755
79,1,84929,20,4,-0.9304224426606801,0.1271161320940675
50,1,180539,59,0,0.4791183084157404,1.3700039929659258
37,1,120883,82,0,1.585334451814429,0.5302837485075954
27,0,165136,32,3,-0.2959557512090174,-0.3563487781884122
53,0,66142,5,1,-1.3237792295662865,-1.5614210517562077
27,1,62648,51,0,1.305751598342422,-0.897318653797289
82,1,71027,38,4,-0.5326673005676138,0.21506046700464115
57,0,173176,64,3,-0.3696681083681685,0.7858509866710159
44,1,129040,16,0,-0.22058177023082134,-0.0265125474602206
50,0,79508,47,1,-0.2760016670471914,-0.9113049856780423
86,0,50624,67,2,-0.678812131371321,-0.32016382779019253
89,0,130925,23,1,-2.086824511574547,0.34382127331863915
25,1,86222,84,0,2.075722172786179,-0.19215380560012532
31,1,30888,64,0,1.6154688845419383,-1.1058108255983696
70,1,109471,5,4,-1.1280599700512586,0.10264539356145642
62,0,97013,27,1,-1.142347498661829,-0.6578271404739763
80,1,37201,31,4,-0.5339306798124253,-0.39744913667539783
43,1,190206,58,0,0.6134589767679827,1.3488688306739873
56,0,171382,37,3,-0.986145612035604,0.40364585583507684
40,1,137280,78,0,1.352755825878243,0.777917103559396
70,1,121668,87,4,0.8044186026157701,1.2961540769670536
65,1,175966,60,4,0.10995838766426531,1.6318373520348555
75,1,22880,90,4,1.0696262775427972,0.02620258060773305
81,1,195716,59,4,-0.41560431827280525,2.237492686398045
47,1,37878,99,0,1.9986720751926095,-0.23512469366430297
86,1,109073,60,4,-0.2389901619568516,1.116295099855853
52,0,37812,77,2,0.5303465056122367,-1.0925130805047636
26,0,45405,9,1,-0.42320293198547315,-2.3747344134665873
39,0,97520,43,1,-0.1327321862628828,-0.9343755295666301
36,0,32461,73,2,0.8876177542399053,-1.5544799669979814
70,0,121030,3,1,-2.017719181889491,-0.4449159006476439
51,1,110099,74,0,1.047539019014131,0.5704882261702319
65,1,31557,69,4,0.8077088840849193,-0.3206136939235641
23,0,185325,68,3,0.6119427475615445,0.2957440032490762
55,0,41874,50,2,-0.2145666179575302,-1.307067353002293
84,0,115451,54,3,-1.1531740707393296,0.4029871799889362
70,0,28186,46,1,-0.6736664650647521,-1.2376753688081106
78,0,56955,69,2,-0.43393749018059696,-0.37268559832523873
42,1,181116,46,0,0.3822293113565933,1.0487988651316869
62,0,42635,79,2,0.2900937930410926,-0.7888613624077497
48,0,26228,53,2,0.10036984904263045,-1.640333997796049
80,0,104334,37,1,-1.416269715094728,-0.05115707473948618
20,0,81952,29,1,0.09965094365463044,-1.7296353155532738
37,0,170729,84,3,0.664348040892871,0.5797453788122517
45,0,133976,32,3,-0.682279005462602,-0.4240470895064434
83,1,100949,91,4,0.6157078227641881,1.3224983977680418
66,0,99421,54,2,-0.6096079507162893,-0.20388992484185292
88,0,35045,25,1,-1.6919850290830611,-1.0228994740324364
80,0,100270,7,1,-2.1246013122723224,-0.4821126980513317
52,1,25196,48,0,0.6775919828155325,-0.9453514112194833
38,0,31020,51,2,0.30858420275865023,-1.806540438794718
68,1,97239,46,4,-0.04627985533017158,0.3953974074463488
88,0,167380,53,3,-1.4591930202419872,1.2168173652143142
62,1,154482,15,4,-0.8195722730015917,0.7024792660877569
43,0,69601,2,1,-1.1351856011982764,-1.7591112762292347
31,1,58824,8,0,0.1748857996562009,-1.4024766673120088
63,1,73933,10,4,-0.6987160306126038,-0.4901176011618439
48,0,181591,39,3,-0.7541929423103165,0.4065596323189993
32,0,139668,97,2,1.2168122707166424,0.19238024426140063
67,0,185347,41,3,-1.235966377386768,0.883823797100033
25,1,178760,93,0,1.9839362141215344,1.2425242251571682
75,1,82445,1,4,-1.2704091910354518,-0.2284778335316717
62,1,124146,53,4,0.1958839000695252,0.7411206572298453
90,1,175009,36,4,-1.145118382776053,1.844493402651465
31,0,192458,38,3,-0.3515440462787062,0.19272823309812254
66,1,89359,53,4,0.2028757392362336,0.32778468279570816
45,0,23655,66,2,0.5034472151100382,-1.5784965546978507
46,1,195123,98,0,1.4778806887367915,1.9792600914148906
32,1,100814,41,0,0.8017999717489489,-0.37110226963798093
48,0,182867,59,3,-0.2771958351235539,0.6733740523142812
62,1,100090,60,4,0.4444785549466778,0.48424396250901447
19,1,94252,91,0,2.380786406616264,-0.1162750171567703
85,1,187630,38,4,-1.0028948252179564,1.9448414592745595
47,0,59703,18,1,-0.8261278450628005,-1.617802645209141
29,0,198566,49,3,-0.0527484035963891,0.3747871289349579
75,0,152156,78,3,-0.4529048589026743,1.0371046714061543
70,1,35740,23,4,-0.44925523213164875,-0.7276137118497399
85,0,65777,48,1,-1.1592595585871546,-0.3606839559369467
34,0,182531,73,3,0.44202746974319657,0.5487827479298085
73,1,175324,44,4,-0.49074692597333386,1.591680791747071
71,0,69174,43,1,-0.9096615182582147,-0.668057915707292
62,0,154779,55,3,-0.6610824392260836,0.5159347463082399
64,1,93964,8,4,-0.8408173455739465,-0.20764925346052182
44,1,122787,89,0,1.556812461479588,0.7913972200775466
35,1,58812,48,0,1.0285008664685438,-0.8215598637483048
46,0,166076,57,3,-0.21490969905084867,0.3665212779675335
89,1,125040,36,4,-0.9513848708043384,1.1092075039113527
86,1,40589,35,4,-0.6123541969584628,-0.1733931944914691
87,1,69367,17,4,-1.1686007048585119,0.035253152069708464
55,1,114243,52,4,0.39543420781800087,0.4402346813326431
65,0,53749,98,2,0.6285550008081269,-0.33088758645442395
57,1,73586,41,4,0.21176006904475198,-0.2356980448183602
49,0,97156,49,1,-0.25945139975118736,-0.6551565267450903
80,1,102681,63,4,0.017880164968254713,0.9362982896254938
81,1,174829,47,4,-0.6347556107837711,1.7897710236253546
76,0,177531,51,3,-1.2143741566093744,1.0852471706901203
56,0,145172,51,3,-0.5619364515943445,0.20297894158925026
78,1,101668,38,4,-0.5258441594105213,0.5691298664154044
50,1,23835,57,0,0.9531503596776663,-0.8949183939177758
82,1,39352,11,4,-1.0768083261306662,-0.5733049820753618
74,0,28750,67,2,-0.27915715172359196,-0.8846701587269487
43,1,187053,76,0,1.057089165412817,1.5275138091990368
68,0,90369,14,1,-1.5964047231131475,-0.7884654700868412
26,1,162256,61,0,1.2417006551167364,0.6298678811472309
61,1,40536,77,4,1.0792120233823808,-0.1767703374284007
18,0,169153,70,3,0.8501081113095106,-0.015500437630965777
21,0,20897,37,1,0.4683625701261056,-2.481994581108097
87,1,109348,53,4,-0.43557428662522785,1.05421024807468
65,1,46096,15,4,-0.5401088646872367,-0.7839306359823739
76,0,199776,59,3,-1.0959976657234978,1.5026664508693766
88,0,89470,33,1,-1.6808362436530246,-0.14547093571228129
27,1,169405,64,0,1.2628359674717409,0.7903331148691879
34,0,46118,9,1,-0.6434241552485331,-2.196662088657131
59,1,137094,23,4,-0.48744173443665895,0.4903945148145283
33,1,159229,82,0,1.5664835882935462,0.9944952030450098
40,0,26512,49,1,0.22101916694130858,-1.8538691571003971
48,0,29548,55,2,0.13743209155443215,-1.5680175789261352
61,0,173538,98,3,0.338326075900048,1.2975418298843966
64,1,55150,5,4,-0.7836716730957544,-0.799776872440942
86,1,100165,35,4,-0.8108687333238178,0.678238612935573
76,0,173778,27,3,-1.7793673752278405,0.7333095009488134
55,0,49522,89,2,0.6983846548350582,-0.7130205090222014
32,0,138000,21,1,-0.6063755521777023,-0.7760453954654009
54,0,42083,57,2,-0.01959524063037914,-1.2380637790042086
29,0,28458,61,2,0.8028216460164458,-1.907741931058698
36,0,69321,50,1,0.21135948501216498,-1.3134309427685187
88,1,84624,30,4,-0.9338577947757296,0.43590835397179595
75,1,134809,35,4,-0.6267693365934307,0.9426353538764296
61,1,35349,77,4,1.0964957433388582,-0.25091788317037844
44,1,53498,89,0,1.7876919047154392,-0.19908076274795888
86,1,145243,25,4,-1.2016986039656508,1.1983361650625235
32,1,35564,6,0,0.17703540442415505,-1.738847996247656
31,0,105433,84,2,1.0453063834474379,-0.479563201922787
89,0,96250,94,2,-0.2628495807242149,0.7305845288276098
26,1,193927,42,0,0.6789825492170473,0.846455600339992
76,0,76357,25,1,-1.502873548407759,-0.6841694785275874
90,1,189570,1,4,-2.035822987395317,1.617636392682042
74,0,35999,59,2,-0.49581126674603,-0.8804762300930387
65,1,186952,51,4,-0.1432103143177767,1.6770225419046116
84,0,85278,71,2,-0.6435723740663656,0.18295577672187507
81,1,146214,90,4,0.49527820319065285,1.915157442386324
55,0,155461,46,3,-0.6893022075131184,0.26693042077142515
43,0,73171,15,1,-0.834269496740438,-1.5465053534230737
26,0,32328,52,2,0.6550563609394529,-2.0272341397337943
69,0,152344,75,3,-0.3623345674135197,0.8765959299125569
53,0,30726,49,1,-0.14702120496797358,-1.5208254084307027
83,1,151069,50,4,-0.5378583982855829,1.5293808018326185
77,1,136030,64,4,0.01251168540969347,1.3624919427206204
37,1,161532,92,0,1.6905114478256595,1.2356434267300815
82,0,109514,83,2,-0.3811190052010741,0.6365809759360017
31,1,119270,79,0,1.6819058961166962,0.3440299270291704
53,1,182101,22,4,-0.49808895645533924,0.995425442768507
58,1,122001,41,4,0.023204675602508395,0.47737360944844737
24,1,172084,23,0,0.3490410074074027,0.25609705965144375
75,1,127765,93,4,0.7923239323743378,1.5628072565995688
85,1,115776,70,4,0.0065297455127645305,1.315415751407575
40,1,122518,73,0,1.2816323958776585,0.5047525378604821
61,0,28718,82,2,0.4358849551719374,-0.9715021024217977
83,1,25375,24,4,-0.7446541437888404,-0.5905463200269429
49,0,103961,69,2,0.19912240154790153,-0.3093057118380299
49,0,73690,47,1,-0.22938470024579358,-1.0154576104536166
39,0,87152,39,1,-0.19443451821192523,-1.132299682233408
42,1,148897,40,0,0.3452123009045177,0.5136598609471077
60,1,107693,8,4,-0.7776413469069359,-0.09533487498446597
26,0,111258,91,2,1.3304872701427566,-0.4142196158655866
61,1,36267,12,4,-0.4706220560166856,-1.045661177847908
20,1,36980,99,0,2.736892613269857,-0.8145567493509032
28,1,52352,68,0,1.7218900164985236,-0.812225705744248
66,0,64187,65,2,-0.22751705022472662,-0.5708399645933518
41,0,41661,66,2,0.5523717253918833,-1.405042971838059
24,1,198879,100,0,2.1125650303664676,1.5961388721690903
57,0,97398,64,2,-0.11716652154303989,-0.2973864764551822
21,1,62056,81,0,2.1929816232566175,-0.658830050820727
69,0,84250,91,2,0.24956210581380472,0.10205965128614025
58,0,98907,34,1,-0.8712987154836017,-0.6276917207417492
66,1,54379,11,4,-0.6911892928383853,-0.6942559609611426
83,1,148085,39,4,-0.7926022370272606,1.3500090942991925
38,0,148411,87,3,0.7836710100740792,0.31898336549760603
74,1,179913,5,4,-1.4717040605741891,1.1935454112003052
23,1,23723,89,0,2.458750082397623,-1.0653960297101759
51,1,184446,78,0,0.8960554787643176,1.682984545605083
20,1,155731,55,0,1.2824521513141043,0.33611148324565004
73,1,176332,68,4,0.08339296919815524,1.904379014204451
63,1,178120,70,4,0.39786679834847205,1.7449455823094742
66,1,122141,79,4,0.7192656602930337,1.1195458570981773
71,0,77761,84,2,0.048285780970673944,-0.035730763597916944
25,0,24449,67,2,1.0694775041553393,-1.9744178992043067
59,0,72411,12,1,-1.3396152575949696,-1.2588954356750448
53,0,54721,20,1,-0.9247863855611621,-1.5382522689930604
53,1,68319,87,0,1.4451055286854104,0.17679133188934135
41,1,21275,74,0,1.615818252161384,-0.9090903431041482
28,1,121253,76,0,1.6848029950864614,0.27213552433624466
37,0,139264,94,2,1.0098177265014427,0.25424403647622923
48,1,65033,30,0,0.2206489184207166,-0.6835430267866762
84,1,78803,89,4,0.6141454429492395,1.002051565835781
49,0,174272,92,3,0.518273758985467,0.9816419141568179
74,1,88168,49,4,-0.1072509017116746,0.4289247244506482
67,1,62572,25,4,-0.40884582388637875,-0.38215108809585707
84,1,191921,29,4,-1.2065242888732814,1.8733374140707433
68,1,115685,31,4,-0.4686808606413021,0.47265016099270496
33,1,199974,89,0,1.5991533661898445,1.6639410669565098
59,1,136463,91,4,1.1509070800757812,1.326526563077996
22,1,27557,21,0,0.8369591566593239,-1.8767265847352634
31,0,97727,26,1,-0.3246380770842323,-1.3105845936943494
62,0,74599,55,2,-0.39391284869005955,-0.6302287812783759
70,0,29682,29,1,-1.0877128817701238,-1.4275782568930249
33,1,186172,41,0,0.4901459728792631,0.8700651591315995
60,1,140252,35,4,-0.23644591772744347,0.705667248557829
28,1,163852,96,0,2.024106799832215,1.1296572959212214
53,0,110477,60,2,-0.14807442230859733,-0.24407860084437374
66,1,142648,76,4,0.5787464876703593,1.3754048509883687
28,0,75203,53,2,0.4817926940345004,-1.3599424070823791
52,1,155333,13,4,-0.5982260240959676,0.47993670059147175
58,0,154845,96,3,0.4341805866496926,0.9425151832443541
36,1,34796,78,0,1.8031677889374083,-0.7710194786956955
55,1,196752,30,4,-0.4088696814620097,1.3462594183022216
29,1,120272,1,0,-0.14384222873714034,-0.6530558154259811
26,0,189551,89,3,1.0214805054007663,0.6801120567701928
38,1,102342,37,0,0.5370746443970442,-0.27306446632808007
76,0,23419,81,2,0.021019265869118956,-0.744904241911486
52,0,58278,52,2,-0.13940983517859024,-1.1106717442854919
86,0,163415,62,3,-1.1749577961142534,1.2300265133985915
35,1,38725,96,0,2.250430562768341,-0.5121231650326841
18,1,167412,51,0,1.2017412029902326,0.4114051344918683
65,0,139922,41,3,-1.03014335305534,0.1925088265009401
69,0,184363,34,3,-1.4555860371750324,0.8247266999930314
83,0,63152,29,1,-1.553237832635778,-0.6763234809961665
55,1,91443,70,0,0.904530609299718,0.3380281404451926
30,1,34334,78,0,1.9680912944651283,-0.9035337697381592
44,1,120812,55,0,0.7452702810520379,0.3405887719007001
76,1,125673,93,4,0.7720640553851119,1.5538873757227343
56,1,107804,97,0,1.4724690829679234,0.9284667971772932
70,1,162133,36,4,-0.5576004224905485,1.240732332542489
32,0,25239,58,2,0.6596683818979522,-1.9280882465037548
63,0,72368,36,1,-0.8708960114872945,-0.8772810952763709
76,0,52522,71,2,-0.3165799461444654,-0.45316740758443796
19,1,51450,21,0,0.8390367836799685,-1.598134030337569
68,0,124887,7,1,-1.8798600446925686,-0.3820357343880709
87,0,101328,50,2,-1.2840563147453652,0.2143407787181685
81,1,89859,36,4,-0.6163120455632831,0.43841923411741757
79,1,170260,8,4,-1.5035051341184575,1.197768098321067
89,0,145463,56,3,-1.3412062322257199,0.9617875990256628
76,0,47825,98,2,0.34875704283809644,-0.18473535617692655
27,1,159822,44,0,0.8135188027716677,0.4047711216179568
50,0,107783,1,1,-1.4770898936804022,-1.0788377866974628
29,1,75283,15,0,0.34294086211913555,-1.122166292711831
61,0,124481,6,1,-1.7119549053317282,-0.5471632290993155
34,1,81885,85,0,1.8691599359835502,-0.05285691090546934
37,0,133135,91,2,0.9580529716078471,0.12934459034650178
36,1,83653,29,0,0.46131048048608514,-0.6816211697789155
48,0,155979,43,3,-0.572600839003253,0.0901539805137589
44,1,71428,65,0,1.1504482716346058,-0.2410625361477766
26,1,195850,6,0,-0.1936731346912372,0.4265111815611313
76,1,109626,86,4,0.657097513369847,1.2374964732022824
68,1,193591,87,4,0.6192237033974182,2.282314756595376
75,1,30236,43,4,-0.08581972108049647,-0.4527935355811249
50,0,175589,26,3,-1.1014666795520336,0.20115857859393832
32,1,41946,4,0,0.10764490839052111,-1.6724754834058542
69,0,176349,22,3,-1.7176317439909397,0.5610230353573135
25,1,103658,49,0,1.1754377156751332,-0.3779130338058727
33,0,36545,15,1,-0.4399203993726734,-2.279919744436464
32,1,176119,22,0,0.09368802806616103,0.46922827024216357
79,1,78788,92,4,0.822536146536285,0.9341982186439156
75,1,35687,39,4,-0.20023290053127704,-0.42458697182369887
57,0,22928,24,1,-0.831521142349968,-1.8590745404040179
27,0,89134,87,2,1.2807266940672986,-0.7592093756576035
52,0,187024,47,3,-0.6887195160976547,0.6675934170909255
27,0,59789,38,1,0.19944803763765354,-1.7876993204740304
75,0,142387,88,2,-0.17972890535034572,1.0217450588595958
79,0,63075,43,1,-1.107184322330312,-0.5873623176366732
64,0,31419,44,1,-0.5691800421287813,-1.3422274912171195
24,0,97786,19,1,-0.3026570434246496,-1.5436372146200936
81,0,149116,23,3,-1.929593734052233,0.43597937162588724
28,0,105763,28,1,-0.2215980923396469,-1.2338085459509185
31,1,21434,17,0,0.5160358669227674,-1.8251038848993628
46,1,41481,16,0,0.01671419805240052,-1.2361879803604856
46,0,77869,88,2,0.8249426278715369,-0.5090973201878645
49,0,55991,73,2,0.45521410207627255,-0.9453163043988397
77,0,22709,28,1,-1.2791551779856725,-1.3927901014616977
72,0,106206,7,1,-1.9265353722154737,-0.5651383616619433
48,0,99453,29,1,-0.721123503527969,-0.8918803476750148
33,1,57225,80,0,1.858248533016179,-0.4884972142828436
72,0,145160,10,1,-1.9841475418584829,0.028990540604360283
84,1,37532,10,4,-1.1492676627309077,-0.5697803536754548
32,1,90856,6,0,-0.007204318697793508,-0.9484554573686443
30,1,187694,67,0,1.1923900790364446,1.1520133373580217
68,0,20866,77,2,0.1511218156005572,-0.9989939775161983
71,0,197001,15,3,-2.0093452084790973,0.8112099752029686
72,1,100164,78,4,0.605049209136103,0.9188686144387562
83,0,79505,77,2,-0.4527306840926871,0.15401866727366087
30,0,71792,16,1,-0.4516132476371136,-1.8265944079370047
38,1,193288,71,0,1.052154544460656,1.449573804908243
40,0,67859,21,1,-0.5905025603267758,-1.6108225416415023
28,0,182439,13,3,-0.8380285969886755,-0.3241648942832274
28,0,70650,33,1,0.01571495262706623,-1.6736011508479445
51,1,164173,63,0,0.6026709286285962,1.2067538166791745
40,0,125497,63,3,0.22806323774478443,-0.26488849294504657
53,0,174351,37,3,-0.9143466516104228,0.3831323282768928
79,0,120780,23,1,-1.7807133529319563,-0.011050384169917247
85,1,58960,28,4,-0.814775057340794,-0.018767905424623064
89,0,90809,13,1,-2.193777528934689,-0.3539192335368769
89,1,174494,34,4,-1.1642965517165909,1.7912891145357777
29,1,65528,18,0,0.4476330524838486,-1.2243267302461818
85,0,107755,50,3,-1.2510105117718062,0.2642439576878111
34,1,135433,47,0,0.7763585329857409,0.24031446675189996
75,0,161433,52,3,-1.1094405246383798,0.8465718808248808
56,0,29897,72,2,0.32748532220693616,-1.1838605611773363
56,1,135024,73,4,0.8042700308788628,1.0192844646764485
38,1,136575,49,0,0.711755428610507,0.3654366731117469
87,0,126377,11,1,-2.3059580003810116,0.08769364615613118
37,1,193293,74,0,1.1515558956730356,1.4659463927946794
52,0,62455,8,1,-1.212075681693156,-1.5978251630946374
21,0,116740,22,1,-0.21193472850900397,-1.2983609527223632
64,0,86896,73,2,-0.056225309266683926,-0.1887578785424702
34,0,49255,30,1,-0.14856568344964283,-1.8908161882235879
42,1,26956,80,0,1.7140324548465289,-0.732323871272862
41,1,45700,96,0,2.063804942708803,-0.2865063165548044
59,0,124437,54,3,-0.5023495874594509,0.006815743018716088
37,0,47436,84,2,1.0751754333343526,-1.1827133366621387
73,0,128733,10,1,-1.9566414412930329,-0.18484645386631463
34,0,197613,73,3,0.39177239660196045,0.7643781373418982
24,1,43191,90,0,2.3907120868081386,-0.7536895769443501
55,1,112316,53,4,0.4259176528610396,0.4251171540071461
69,1,188731,51,4,-0.2580608703561099,1.786393171981976
34,1,49960,34,0,0.7483532663137838,-1.1430850629378553
43,1,187473,8,0,-0.5805565712297915,0.6883655411261305
45,1,71012,12,0,-0.15070581626630186,-0.8847457007976335
26,1,169102,77,0,1.6038880602626238,0.9265899556929394
50,0,100904,58,2,-0.08260886972418746,-0.4687359362897299
62,1,21886,17,4,-0.3296212543948259,-1.16810730850033
39,1,43020,21,0,0.3225130276344305,-1.29893968657881
25,1,136088,18,0,0.32144119133852717,-0.29961999162701103
81,0,42908,8,1,-1.9366323280553375,-1.2686819228170558
34,1,47568,93,0,2.1760079457007886,-0.44398466798430963
60,1,143326,93,4,1.1489329347144646,1.47047475332788
75,1,107716,67,4,0.23350609417741305,0.9530627971481893
66,1,39049,35,4,-0.06260917853272847,-0.6151074979663486
89,0,21940,87,2,-0.18367666335558888,-0.41866900287442105
20,0,196164,64,3,0.5612681239524251,0.33801635565225924
35,0,76835,89,2,1.151987939714573,-0.7422846221571381
70,0,69382,77,2,-0.06500079970551306,-0.26349353094092387
37,1,160285,76,0,1.30966748820969,1.0189583887390932
65,1,186108,4,4,-1.2713329075732058,1.0808084046854438
57,0,138248,51,3,-0.5660955121521651,0.12498619758821383
86,1,152236,42,4,-0.8159385760612309,1.5095882946750354
65,0,127440,4,1,-1.878862255608131,-0.4457820551313288
31,0,167243,21,3,-0.6765861360595614,-0.3790052110527194
84,1,170291,47,4,-0.7013264708403938,1.7878558835010319
74,0,134579,13,1,-1.9311643731826227,-0.04300744958368609
41,1,178148,18,0,-0.25439872515318,0.6373828368389285
84,0,138555,19,1,-2.0723449987802605,0.29825133510023727
82,0,134939,74,3,-0.682400225488799,0.8881699469833974
60,1,20983,100,2,1.7250319241515346,-0.19140287224735011
72,1,151225,8,4,-1.2494634379518865,0.7787699802784429
65,0,56974,75,2,0.06437267542771956,-0.5706468716584339
30,0,54322,9,1,-0.5618381791842723,-2.1633269255703995
87,1,189593,23,4,-1.4248338085783474,1.8284417144023952
25,1,80819,2,0,0.12060515913509294,-1.2885430701179266
80,1,64344,38,4,-0.45593737023152947,0.07755776113192228
88,1,28821,84,4,0.5514566612036911,0.3093613423971047
76,0,179441,4,3,-2.351673415521279,0.5284011346804005
73,0,98804,19,1,-1.6403523407886176,-0.5008195671967001
79,1,40055,15,4,-0.9012089967542959,-0.576495878637126
71,1,180401,57,4,-0.14039097532121764,1.7838590809046886
54,0,188310,70,3,-0.1940297507534532,1.0138069274752357
61,1,23397,55,4,0.606947487528832,-0.6952018638281301
83,0,122923,79,2,-0.5492798938297441,0.7995312089817901
43,1,123492,22,0,-0.03048980784345626,-0.0522333087704079
82,1,166464,81,4,0.1840100399074981,2.113755415625611
37,1,169211,52,0,0.7024262870718143,0.8482655102957497
28,0,159110,40,3,-0.11060749961415557,-0.32207505846556184
35,0,152630,61,3,0.2256812529206099,-0.006807959326034229
65,1,103966,35,4,-0.2516899042552224,0.29188825745063485
58,0,23589,45,1,-0.3556430124596622,-1.567637755002875
85,0,97522,11,1,-2.1553482476283055,-0.36675515267805486
27,1,156155,3,0,-0.1608225396779397,-0.15722521787323224
77,0,138289,64,3,-0.7980338966310724,0.7068456740396639
67,0,112189,15,1,-1.6178185161102867,-0.48510747685119143
90,1,99822,56,4,-0.4133371847791632,1.0182783663003339
36,0,158700,92,3,0.9241603794518477,0.48623691147953085
64,1,68848,88,4,1.1678678283215032,0.42761713438207316
53,0,88212,3,1,-1.4454440650402938,-1.2707904518505642
68,0,110326,43,1,-0.965092995291714,-0.14275001680202198
53,1,195695,26,4,-0.44713605203272744,1.2394648802942827
58,0,37562,11,1,-1.2203258842051035,-1.7904714471563825
72,1,20878,82,4,0.9654896611888707,-0.16480045941292987
32,1,88808,88,0,1.9727403404893855,0.04142265169832304
38,1,87383,97,0,2.030666553353195,0.2588208715728346
81,0,196802,87,3,-0.548492866612389,1.913082336023033
43,1,172638,76,0,1.1051217127759596,1.3214531051561198
86,1,39459,25,4,-0.8492133462297723,-0.31383348575092845
52,1,102466,40,0,0.22761931080977044,0.05978435284897945
51,1,77602,43,0,0.4098872191067146,-0.27934244524053237
27,0,72109,66,2,0.832144741018275,-1.2635825780507735
69,1,145865,95,4,0.9435214676556899,1.7204919547372606
31,1,175266,79,0,1.4953203586802382,1.1444860618600528
34,1,87545,13,0,0.11780409775999286,-0.8668148350303881
48,1,171641,8,0,-0.6639557935373639,0.5669740380864923
52,0,29336,41,1,-0.30765843531794695,-1.6611099627829162
42,1,141977,33,0,0.19983347586577707,0.32773833378563616
84,1,35601,66,4,0.20466357379003428,0.09862385839101484
24,1,98324,40,0,1.003879932100991,-0.5870053049141686
36,0,152925,19,3,-0.8131550815555522,-0.5036116800768424
40,1,66985,16,0,0.095115807996953,-0.9975214013940438
34,0,55205,20,1,-0.40901626077027936,-1.9300487247398042
29,1,44290,1,0,0.10933911109957899,-1.7392094341973237
36,1,27305,34,0,0.7693811489877503,-1.4249655645026038
64,0,72189,97,2,0.5702788926555363,-0.10070370492549525
61,0,106352,60,2,-0.352174836404617,-0.13516490844279985
88,0,130826,84,2,-0.5914548222789084,1.0795722353855748
48,1,32916,29,0,0.30360425537079827,-1.1550804150655536
73,1,163246,70,4,0.17512201518132148,1.7421736217300643
32,1,63786,81,0,1.8876795988615092,-0.4032648043278645
76,1,98554,73,4,0.3811789927009992,0.9176503560340012
42,1,34632,66,0,1.3515808547818553,-0.7965982743167627
40,1,53210,42,0,0.766639361213714,-0.8712869838120796
80,1,166058,49,4,-0.530173996364155,1.668263031631507
18,1,112627,21,0,0.6624181965033055,-0.744601128414898
63,0,138351,5,1,-1.836695245617555,-0.31935192387433975
78,1,140540,67,4,0.042440469321502285,1.4852329865036764
90,0,182058,52,3,-1.5866257155933303,1.4561789339749593
33,0,21603,5,1,-0.6307562712121598,-2.617800926728929
81,1,180509,46,4,-0.6777445119665166,1.8585372378931386
26,1,177735,27,0,0.3719996067269046,0.42856227919758305
29,0,89885,4,1,-0.7734200018429748,-1.7380866337638279
19,1,40966,23,0,0.9220956466427463,-1.7231441434557528
36,0,169052,94,3,0.9377911357994025,0.6590749308232421
46,1,42394,10,0,-0.13070269857627206,-1.2977090000601585
76,0,91358,4,1,-2.058170060031324,-0.7307348343943298
63,1,121571,73,4,0.6584823339307294,0.97387050134923
28,0,89697,94,2,1.4200571450307087,-0.6431753951893407
23,0,170583,19,3,-0.5179948952811405,-0.5239977999691051
56,0,156770,20,3,-1.3465181978061507,-0.016518969171329067
84,1,135440,17,4,-1.3070720093520791,0.9168037707428266
50,0,91772,47,1,-0.3168668186851784,-0.7359925698346617
36,1,197750,37,0,0.27362484578060653,1.048811484507173
19,1,87765,85,0,2.2580272172707865,-0.2835781533959912
89,1,98876,67,4,-0.11826742671590802,1.120486183656384
57,1,40926,80,4,1.259022539833425,-0.2178492486053094
40,0,34644,40,1,-0.022639657123674148,-1.8494815565014342
90,0,109054,92,2,-0.38086964561317216,0.9097437743355111
29,0,50126,9,1,-0.5206259152495422,-2.2442932539909544
20,0,51082,7,1,-0.32686021669816834,-2.444349847656319
59,1,144986,19,4,-0.6099886251682881,0.5534948821493914
79,0,154154,86,3,-0.37598559153896155,1.2490355412708714
67,1,158573,14,4,-0.9934198187668485,0.8534559618933054
22,1,20199,34,0,1.1742886969537507,-1.8203351172729105
68,0,98684,89,2,0.18057203603860716,0.2625495334609529
54,0,126194,89,2,0.4701348278809484,0.3620115680059152
31,0,34553,46,1,0.3671143320487356,-1.9650752292360767
23,1,153922,20,0,0.3646023613104828,-0.06179769426646487
30,0,44829,10,1,-0.5061438945054694,-2.286599519617278
22,0,143583,100,2,1.548261119865934,0.07578073104786297
67,0,67979,53,2,-0.5561324740057849,-0.644793259340142
83,1,106391,43,4,-0.5574229379731238,0.8037131724684101
59,0,89423,28,1,-1.0113022108600227,-0.8168516048129789
35,0,172523,41,3,-0.3218535577091197,0.028985948384858486
62,0,111818,38,1,-0.9269926812437522,-0.3094756492089289
64,1,73644,91,4,1.2240743026486798,0.5334615046540684
64,0,168209,46,3,-0.9768562038180659,0.6380266431302899
40,0,192881,39,3,-0.5739671866851201,0.4000687595128122
33,1,114073,89,0,1.8853860301538627,0.4359965273803326
63,0,127043,20,1,-1.4380789314668903,-0.29456781960187245
41,1,22648,9,0,0.04718433702018426,-1.697329467102557
18,0,22036,55,2,0.9793833209885985,-2.3049510030896347
51,0,191216,97,3,0.5276651424988403,1.3279679280873016
74,0,153154,39,3,-1.367434986264694,0.5456663558434642
50,0,187197,72,3,-0.03327349880742637,0.9388141031196823
56,1,151648,8,4,-0.8151820861239595,0.449056564913803
66,1,150663,42,4,-0.2660835975895039,1.067402260139912
19,0,191192,95,3,1.3510019032585916,0.6312471359910663
88,1,171265,83,4,0.052753343956231394,2.333152608883097
59,0,82408,14,1,-1.3248015977223424,-1.0911320989491091
78,1,51724,84,4,0.7474478319685751,0.4269068994219244
52,0,131198,21,1,-1.128324003825543,-0.45357898606794134
33,0,127024,83,2,0.8948387245219427,-0.1413811234813453
66,0,86216,88,2,0.252515850867869,0.029922235622785842
76,0,95150,45,1,-1.0842452329074461,-0.16695163482645925
63,1,26230,58,4,0.6152335635699924,-0.5754483254673256
28,1,107082,66,0,1.4913980567178744,-0.05472430500324802
61,1,199363,3,4,-1.2306399275726188,1.1739183021340973
83,1,53211,4,4,-1.3186560042767346,-0.4412081756033974
53,0,49697,46,1,-0.282422237268082,-1.286923351162774
75,0,31898,23,1,-1.3756249215573886,-1.3655480003208287
48,0,107177,15,1,-1.0837350454777228,-0.9554685964494698
73,0,146108,59,3,-0.8354772772715171,0.6725337700070868
79,1,132708,71,4,0.13755675521614383,1.4439753213721285
44,1,149592,87,0,1.4193700254669417,1.1497140796878875
78,0,104986,70,2,-0.5699202262799713,0.3263405200361208
29,0,31416,69,2,0.9854647856011038,-1.7660280132710993
26,0,140235,35,3,-0.11356455437565734,-0.696004486860622
30,0,93767,48,1,0.24516159111051206,-1.114745762724361
76,0,92672,48,1,-1.0038008987454101,-0.16508822613671695
76,0,114130,66,2,-0.6421775795528342,0.3653680591660103
59,1,56097,96,4,1.5390086693244436,0.239847725780407
62,0,80104,74,2,0.044930267215027186,-0.31539001878542955
52,0,165429,15,3,-1.3867605614354985,-0.03882317348860625
63,0,119821,28,1,-1.2215147837548097,-0.2983757864592193
42,0,116540,19,1,-0.8552998654259905,-0.8978208549982603
80,0,118905,66,2,-0.7670111749182558,0.5175661515612782
77,0,189466,1,3,-2.484495956470205,0.6554061993468919
84,0,50108,84,2,-0.2135698398583954,-0.15822197543711117
31,1,153075,43,0,0.7030154792891112,0.37983489196840003
59,0,195896,82,3,-0.06671128286543365,1.3763174300409364
47,0,27095,12,1,-0.8618486598212054,-2.158502357952353
37,1,40150,3,0,-0.04658643159417197,-1.6056527497716997
87,0,32857,2,1,-2.2108998973174345,-1.3610219573635725
30,1,140216,7,0,-0.09315409077905103,-0.27240146140502275
22,1,31929,99,0,2.699261809590666,-0.8447901725964351
66,1,98311,26,4,-0.4766394314341653,0.120177348398437
39,1,80043,47,0,0.8247714167198752,-0.44655392359468943
86,1,135603,90,4,0.39448196875800473,1.8683995110295208
60,0,174351,64,3,-0.4552753848719389,0.865602499491347
72,1,175828,60,4,-0.08019652178058992,1.776759724075756
87,0,154901,17,3,-2.2566287969003676,0.5700130664740033
27,1,137377,51,0,1.0567454081308165,0.17092347956539775
71,1,36027,49,4,0.14818133552119286,-0.37937967371489945
28,0,68291,4,1,-0.6742354688118898,-2.067755295097228
42,1,24001,95,0,2.084815548870636,-0.5881346292362265
24,1,150027,90,0,2.034721436090919,0.7735182882744538
89,0,168614,76,3,-0.9370993070416451,1.5413025324402165
58,0,73485,73,2,0.15184585188402183,-0.5063765786485297
67,0,152453,43,3,-1.078234646827179,0.4384654094343804
86,0,187146,1,3,-2.721841529350398,0.8111071606222556
78,1,134947,61,4,-0.0832976376335937,1.330709473532882
34,1,150736,18,0,0.02755616208248907,0.09863650389741346
43,0,123366,43,3,-0.3277769370558992,-0.4809700077653059
45,1,162551,21,0,-0.23916298444771505,0.5356517442268209
90,0,99288,97,2,-0.22801591233661378,0.832283508347664
60,0,116720,92,2,0.4105066269095978,0.3897780481229932
67,0,81991,60,2,-0.4343850624876414,-0.35749243886806564
52,0,47406,76,2,0.4743156765502445,-0.9677967035159271
54,0,29398,37,1,-0.45857616100714554,-1.6679684919183693
46,1,148427,90,0,1.4409779276862393,1.2123166853561091
70,0,117045,46,3,-0.9697555476968368,0.032553427622658705
72,1,126003,11,4,-1.0932333072426899,0.45551062429582323
56,0,165783,2,3,-1.8096746249211908,-0.11139594730154721
71,1,70085,90,4,1.021256139856803,0.6170523824997224
40,0,189156,8,3,-1.3074908182076834,-0.0384696068876989
48,0,99430,37,1,-0.5285473064553103,-0.7927794689961175
80,1,125030,42,4,-0.5619007835630015,0.9947717165063997
61,0,113868,53,3,-0.545656183381223,-0.11472553906847219
51,1,71339,1,0,-0.5798663778397302,-0.8908770024208698
38,0,43468,3,1,-0.8878914089551568,-2.225175730516502
83,1,173203,52,4,-0.5634867104800015,1.8706411045640263
79,1,194818,63,4,-0.2619009380851268,2.232400695340652
46,1,96971,15,0,-0.19224773012709442,-0.45539376273663623
47,1,172003,86,0,1.2389393485240225,1.5206029695988683
27,0,107792,45,1,0.20793326966078599,-1.0145012130700926
28,1,137625,62,0,1.2933752568414276,0.3321694031069263
56,0,167222,87,3,0.23083825708420577,0.965614533314406
88,0,188402,95,3,-0.5186182208350931,2.0393300653685955
29,0,67197,3,1,-0.7218832489433317,-2.074837592738463
77,0,86419,13,1,-1.8523813809274163,-0.6684938718280308
90,1,118604,42,4,-0.8127953385042644,1.1127629073494358
79,0,179720,93,3,-0.2927375246086606,1.701499412350777
79,1,60062,42,4,-0.3181887646263352,0.04507690344511408
51,1,178931,18,0,-0.5293145519599232,0.858425822024343
28,0,76942,59,2,0.6203728015124929,-1.2605113639958303
53,1,118042,28,4,-0.14026184575847306,0.15428193125111267
87,0,63313,73,2,-0.603949443907883,-0.04321883261983158
56,0,119512,86,2,0.3657513818271062,0.27117707162996485
80,0,42513,20,1,-1.619336124766308,-1.146168918626368
34,1,27740,7,0,0.172707021512541,-1.7962924158176659
37,0,190729,45,3,-0.34072975770590347,0.3809233940328931
76,0,120275,21,1,-1.745463488137278,-0.10608174221248676
48,0,71907,72,2,0.4053482713808149,-0.7512127015382648
79,1,163469,75,4,0.131307110864349,1.933414974389042
72,0,22824,20,1,-1.335884542934882,-1.5955008979566978
86,1,68212,58,4,-0.15096118972292033,0.5073345678763215
42,0,192245,69,3,0.09556403177863412,0.8058084626744474
28,1,155256,58,0,1.1383768240515504,0.5344876127362027
34,1,162056,81,0,1.5057705554246166,1.0434631322891221
18,1,118228,20,0,0.6196925330064209,-0.6769642097155768
32,1,65636,84,0,1.9537025063854823,-0.3395331523431
77,1,195770,71,4,-0.018112205591884884,2.3034690638846493
70,1,158672,43,4,-0.37763083268061226,1.278258704055711
37,1,98586,86,0,1.7558805686831425,0.26126562593594993
28,0,43056,88,2,1.4310960068000167,-1.3844751675811304
44,0,44316,81,2,0.8227695791553319,-1.1177044214604308
24,1,56346,62,0,1.6731295600438156,-0.9136442357399064
32,0,178025,76,3,0.5836907035111448,0.4796861200024532
37,0,54165,37,1,-0.07818132441508123,-1.6706723429956314
19,1,73665,43,0,1.2943874651862877,-1.0071416899439551
53,1,65798,80,0,1.285068696303592,0.05375298454644697
22,0,193068,73,3,0.7336850236131374,0.4475877925556592
45,0,189649,57,3,-0.2662271477576109,0.6825094893019393
18,1,149899,57,0,1.404471334875802,0.23563113600823082
56,0,141924,16,1,-1.3932992847262544,-0.2784555972251472
65,0,25498,18,1,-1.202304785981611,-1.7290288679951347
53,1,44464,64,0,0.9711570834710733,-0.45007332032696035
83,1,100667,78,4,0.3038356991783572,1.1568940424189125
64,0,58197,48,1,-0.5621578421415266,-0.9097243476835872
84,1,167749,69,4,-0.16348242998136375,2.0249498645474038
51,1,33043,31,0,0.26961393292112623,-1.0654525218948692
64,1,26207,57,4,0.5640170801276989,-0.5672208059715528
40,0,59318,34,1,-0.2492311189896436,-1.5713419179448638
49,1,76998,80,0,1.3566716330407647,0.12991560995108162
72,1,171683,53,4,-0.23482198705052865,1.6305064906166151
45,0,51160,68,2,0.45992207239966815,-1.16045844819159
53,0,67671,76,2,0.37955953446231705,-0.6571259385178053
87,0,84557,60,2,-0.9875488387069646,0.09888841211621609
71,1,57776,29,4,-0.4055378946649705,-0.31705446758543904
66,0,89653,79,2,0.024501342437291754,-0.0328046282584106
83,1,199893,5,4,-1.783355967564551,1.6680222101556579
30,1,136991,27,0,0.3988409002565848,-0.06992829905089022
56,0,130365,39,3,-0.8013470495488,-0.15782984705364977
37,1,150893,63,0,1.0281510015630355,0.7231276710014122
41,0,95729,11,1,-0.9512239426480004,-1.3157262857443335
70,1,147532,65,4,0.1888627983434057,1.392445301587619
89,0,71424,95,2,-0.15606386013011067,0.3881285303346657
88,1,54709,91,4,0.6336317846549123,0.766428165034542
26,1,71104,11,0,0.34230805580447854,-1.2945744573614764
55,0,169139,21,3,-1.3364401000555226,0.15173810738658183
71,1,52721,32,4,-0.316506680547692,-0.35202896623656355
86,0,81031,11,1,-2.1276288912160823,-0.5815070195079909
54,0,73555,89,2,0.6455344297296108,-0.3904566526056072
52,1,160104,95,0,1.3589968910420078,1.5672916005615714
28,1,40934,72,0,1.8561859715383344,-0.9257298221221446
43,0,102757,7,1,-1.1253532344094608,-1.2230066765264769
89,0,146649,85,3,-0.6473472309701169,1.3391738483153666
87,0,97521,4,1,-2.3782433839381083,-0.41180038214203296
35,1,188659,38,0,0.35521029465250004,0.9103004231003945
73,0,165317,70,3,-0.6347971278095471,1.0838399154937788
19,0,179553,33,3,-0.10208709819068325,-0.3057108516997078
84,1,76615,49,4,-0.3410616640528104,0.4736260623885138
74,0,28809,18,1,-1.458413541255273,-1.4928334339854203
27,1,112143,11,0,0.1783303987028898,-0.686941842499494
61,0,62204,74,2,0.13180593934014978,-0.5922533911327362
41,1,138359,79,0,1.345992232887498,0.8267549967244452
27,0,189580,92,3,1.0663405307093314,0.7387977405243686
84,1,27593,86,4,0.712596107249389,0.23272460677100423
64,0,106798,60,2,-0.4353529955287322,-0.06583436358967566
88,0,43302,28,1,-1.647311031094687,-0.8675805219572823
81,0,157448,64,3,-0.9707967435588559,1.0646613291788318
28,1,46383,45,0,1.188343226356183,-1.1834121233083394
45,1,27858,98,0,2.062458853882782,-0.4327581237607384
86,1,74395,95,4,0.7187467531240386,1.0555819965244537
41,1,110240,66,0,1.1268764062803562,0.2632240497386406
34,1,103152,53,0,1.0282974515143137,-0.14656632863120297
46,0,197447,37,3,-0.8006906129503772,0.5663918253596331
85,1,54029,84,4,0.5491525469976596,0.6067516648014892
50,0,58267,74,2,0.4444619583263405,-0.8793674391394881
18,1,92870,47,0,1.3538745071481844,-0.7038786866626062
74,1,84161,17,4,-0.8638973194409826,-0.026073505899482104
84,0,27598,61,2,-0.6919999899775834,-0.7658600132283195
25,1,110272,4,0,0.07058904158855174,-0.8426585361766606
36,0,72942,3,1,-0.931641035678327,-1.8458184380486213
41,1,33166,98,0,2.1536946570135473,-0.4408209349305655
42,1,177137,46,0,0.3954878272052194,0.9919195351707593
81,1,101078,23,4,-0.9665069112388472,0.4372203007036047
25,0,121952,95,2,1.4183340076029334,-0.23262034148533117
26,1,94811,40,0,0.9611243238540226,-0.5952532017762107
24,1,191499,97,0,2.064968760852774,1.453356530391934
22,0,172849,90,3,1.2101187718675983,0.3698476309149036
42,1,80041,33,0,0.4062118215809077,-0.5576293918891536
71,0,151678,93,3,0.018547277349323068,1.1327622952562788
63,1,140920,23,4,-0.609113145449141,0.6290267655076297
54,1,161757,1,4,-0.9628422720562266,0.46459254098579666
45,0,184031,18,3,-1.185942629440049,0.11748125296715645
89,1,127370,93,4,0.412410636074722,1.850950909888369
53,0,160714,12,3,-1.4704676151743852,-0.12252464906440373
75,1,59182,76,4,0.6117893357634289,0.3711334300045215
57,1,161858,28,4,-0.3951848397783832,0.864566457676177
86,1,98918,55,4,-0.3254646808025279,0.9089870491431143
39,1,80927,3,0,-0.23692175005366867,-0.980780384263934
56,1,177710,90,4,1.0710966066131369,1.840763768024918
67,0,55805,42,1,-0.7802541059998193,-0.9555349197111959
35,0,47204,49,1,0.28822427338451234,-1.66300453427938
39,0,58698,8,1,-0.8455580898147415,-1.924336151323984
75,1,125398,25,4,-0.8360351785658026,0.6838191562569703
66,0,65088,100,2,0.611666274663083,-0.12295551057872724
52,0,84740,58,2,-0.08320979488471003,-0.6578283677925588
57,1,193597,33,4,-0.3806308552570963,1.380415211549673
22,1,48037,92,0,2.477150865184707,-0.7015291889913241
59,0,137121,37,3,-0.9536757918789287,-0.023156020762892304
41,0,35307,79,2,0.8863558145900498,-1.3342994442398
69,0,154674,67,3,-0.5625979713378447,0.8104733408088943
59,0,127921,49,3,-0.6342709265261404,-0.005524431007144798
77,1,42953,43,4,-0.18265567922020218,-0.2290355200868341
83,1,138089,11,4,-1.4330427933438477,0.8591136544215987
37,1,151578,100,0,1.916178954496887,1.1927818460367827
73,0,103224,44,1,-1.0535192031666543,-0.1269185044695946
80,0,195726,67,3,-0.9989257208396819,1.6281418827839331
22,0,48681,84,2,1.4794871028996441,-1.4796913507960128
36,0,139139,87,2,0.8690278058366759,0.14447121371665875
70,1,32284,24,4,-0.41367697162428496,-0.7645881116332058
57,0,49559,12,1,-1.209008236845104,-1.6275320661866761
72,0,40145,56,2,-0.527352226453328,-0.9004657966525587
73,0,144401,73,3,-0.49291511704108537,0.8221343154326851
35,0,134798,20,1,-0.7014605728173141,-0.7712912827067769
57,0,83374,10,1,-1.3698088523246688,-1.1690080934760336
38,1,146412,76,0,1.3286633476398315,0.8416305193551756
58,1,103436,93,4,1.3363126604225837,0.858281946924246
53,1,148873,6,4,-0.7723683030140307,0.32157582787869643
77,1,42635,27,4,-0.5665951807369947,-0.43244061398792516
82,0,104966,30,1,-1.6412740850140255,-0.08715364477514871
24,0,178004,7,3,-0.858702591998782,-0.5460749729696766
79,1,104869,76,4,0.3506319403479974,1.1081636780573554
30,1,178671,74,0,1.3908929347800474,1.110031582899221
42,1,123545,57,0,0.8387498344947407,0.36254407711750086
53,0,189419,62,3,-0.3629939554954137,0.9092452797760396
31,0,102578,51,1,0.2607589156946152,-0.9305224374228461
26,1,48776,89,0,2.293578382311673,-0.6443113576018279
87,0,170557,35,3,-1.8756725023487246,1.0175304544574795
49,1,112382,34,0,0.13189534680265758,0.06400511521269436
78,1,28023,3,4,-1.1226355574593123,-0.9186213829442038
25,0,193566,56,3,0.24127203282647958,0.3063736417180439
32,1,83037,70,0,1.5588460139790419,-0.2647898414211758
43,1,101871,33,0,0.30624090761484507,-0.2245871387309788
50,1,26811,22,0,0.1010483954470259,-1.2873815957940453
43,1,139631,19,0,-0.15645426892383385,0.14118564660022345
51,1,32218,59,0,0.9461113879554771,-0.7292419851354442
71,0,164876,44,3,-1.2044898711004526,0.7124194563779582
86,1,24665,27,4,-0.7517930348358361,-0.5004545343130922
42,0,131830,2,1,-1.3153095813562798,-0.8905401599012116
66,0,187560,6,3,-2.058295254588517,0.4594685919491911
37,0,39192,46,1,0.1882725503964335,-1.772851221871222
52,1,198962,48,0,0.09858236608963175,1.5386128134576917
43,1,99031,20,0,0.0028923536547455072,-0.42675779868931946
56,1,186643,47,4,0.006645629766800187,1.434025509029978
42,0,104019,39,1,-0.33232946264649244,-0.8282329028267816
29,0,191079,73,3,0.5496978731116867,0.5660503405810593
89,1,169653,30,4,-1.244415525308095,1.6723727670195512
20,1,61316,99,0,2.655802077534204,-0.4666765347419248
51,0,23876,14,1,-0.9119203775123835,-2.0957201259477722
77,1,151476,61,4,-0.11114361470483901,1.546004545826129
22,1,155741,37,0,0.7948334690581415,0.15450771368553598
52,1,115542,92,0,1.4352956042585518,0.8929970078150264
50,0,127292,25,1,-0.9645975988395065,-0.5016699780105995
86,0,99936,56,2,-1.1078126539078594,0.24802954123748958
37,1,65751,69,0,1.4562292531587666,-0.4193948084893997
50,0,46339,33,1,-0.5023527192764462,-1.5594537873784073
46,0,42984,63,2,0.3396226054364029,-1.318491920803798
20,0,159909,10,3,-0.6172977891788377,-0.8513947522862534
60,0,154753,81,3,0.01908911524429691,0.7967394587115454
66,1,97759,34,4,-0.28230054150301886,0.21171623523281785
58,0,129533,40,3,-0.8289736337204275,-0.11532446137440004
77,0,114109,56,3,-0.9099627302746542,0.26176579987337767
25,1,193099,61,0,1.166158675065538,1.0497798745414362
36,0,25679,27,1,-0.19665625020047195,-2.223148397683204
83,1,53064,29,4,-0.7166050627139129,-0.13259183263792934
72,0,90949,85,2,0.0011735153458465558,0.1862038389154276
37,1,58954,29,0,0.5163798992470201,-1.0137054166840689
22,0,87050,18,1,-0.23648446494869796,-1.751505779235761
48,1,180428,78,0,0.991135979836483,1.5625926872007068
69,1,34294,1,4,-0.946580090557963,-1.0427006861490684
51,0,42047,86,2,0.7600276468914684,-0.9411009019236685
62,0,177862,83,3,-0.06424937145208746,1.1939072887740856
58,0,52883,76,2,0.2926815761542507,-0.7635935861969992
84,1,42024,92,4,0.8088849146140962,0.5135862746034914
34,1,43908,39,0,0.8888314962322632,-1.1674541423273403
62,0,68465,71,2,0.011525507879594311,-0.5190542570952799
74,0,187688,34,3,-1.6028187322426273,0.9771822248653013
78,1,185488,73,4,0.03704289112387657,2.202331526016891
69,0,111978,66,2,-0.44439210934061174,0.18771041052030357
69,1,40871,23,4,-0.4391216757415619,-0.6752516887886237
29,0,28669,47,1,0.46524434120434655,-2.0787276178820213
74,0,177804,25,3,-1.7864460354408476,0.724033256332305
31,1,25148,63,0,1.610532823517853,-1.2002921479362125
79,1,77591,32,4,-0.6172219895999603,0.17136478955206347
34,0,113964,63,2,0.429876672641728,-0.5556614072590423
80,1,129865,44,4,-0.5298867067990432,1.088744879505694
61,1,107955,71,4,0.7101889807299018,0.7124039729501938
89,1,129756,54,4,-0.5339751549448368,1.4003388979836593
50,0,114366,31,1,-0.7771519133469121,-0.6118733591203307
51,0,119324,31,1,-0.8209032547072901,-0.5200143316723255
19,1,76012,60,0,1.6956285347174271,-0.7623035756615434
20,1,94345,25,0,0.7651244861483081,-0.9142552865905158
22,1,39157,69,0,1.9533038839479588,-1.1143280040211756
39,0,89863,86,2,0.9274670021384056,-0.5093970029089248
72,0,166995,4,3,-2.2012791076464806,0.26654701309933915
53,1,86365,13,4,-0.39564686969722723,-0.4849676161906073
34,0,173623,2,3,-1.2367235615769345,-0.46099428935525927
39,0,163949,98,3,0.96935270414144,0.698798013618822
72,1,40658,20,4,-0.5922913004132021,-0.652627593109642
77,1,77513,82,4,0.6406215100040966,0.7497151509624892
52,0,121475,80,2,0.32375846638485367,0.14072563910838445
82,0,73461,51,2,-1.0309842219037244,-0.2765109985528252
63,1,93886,30,4,-0.2839529773350619,0.04368230405088892
83,0,65820,3,1,-2.187751500069506,-0.9613311375517469
35,0,166709,95,3,0.996891421327107,0.6170257237960407
65,0,112163,93,2,0.3136001670028021,0.4419900316166571
47,0,161562,18,3,-1.1655345215707682,-0.16174040080349006
43,0,151202,87,3,0.6382176684780014,0.4638054241222925
51,0,76833,87,2,0.6681788747064075,-0.4314104772874862
81,1,141222,1,4,-1.6296454263225664,0.7376424204842708
41,1,175369,32,0,0.09173547051070914,0.7716592702469058
24,0,108217,20,1,-0.3133519695445466,-1.3820986073245454
61,0,148865,92,3,0.27616486826432496,0.8702719948089298
39,1,55406,21,0,0.2812413570385314,-1.1218832953005884
32,0,172282,17,3,-0.8168571584773743,-0.3357031287415279
90,1,69779,55,4,-0.3372926701135878,0.5763885604137566
66,0,180478,57,3,-0.8075124784328607,0.9920963358926381
41,1,57135,16,0,0.10070653818381185,-1.1173409660700422
43,0,120986,81,2,0.5945264164464338,-0.04270093419354129
86,1,157524,92,4,0.3695633986786293,2.206615004190263
26,0,118886,57,3,0.4869467163313522,-0.7277543255114497
19,1,177436,36,0,0.7801726567848255,0.38925141287823617
74,1,58274,2,4,-1.138575333267534,-0.5825556945893126
68,0,189877,25,3,-1.663290686777296,0.7707052937794673
84,1,147887,44,4,-0.6988609303239895,1.4303072553873664
19,1,138816,44,0,1.101358790074981,-0.06338721548029011
83,1,87975,80,4,0.39425188885482354,1.0003208329062259
38,1,141253,26,0,0.14273152908381825,0.14644784943908334
39,1,39053,57,0,1.2019795701490459,-0.9082140037738464
61,1,113273,93,4,1.2218425379070517,1.061855715618302
84,1,190035,1,4,-1.8739883595232076,1.498373455968249
42,1,35799,18,0,0.1926949181844973,-1.3764941142389033
81,0,117484,65,2,-0.8135693509575889,0.5058094279594446
24,0,98243,82,2,1.211754197784687,-0.7540958743323188
49,0,160054,49,3,-0.46903524741313335,0.24396287407984074
46,0,144493,29,3,-0.8167409507336003,-0.29000894357813345
32,1,78326,83,0,1.8873554257358178,-0.1705598249750146
68,1,133648,22,4,-0.74509778204427,0.6175707329025185
30,1,137054,91,0,1.9386274425542118,0.7264095658918102
48,1,138002,85,0,1.3009417269828643,1.043119035610755
22,1,150086,94,0,2.1852359749448116,0.7821064979641346
89,0,151633,20,3,-2.2280134408409946,0.6025535382121345
52,0,186878,12,3,-1.5304185935528714,0.2305015979394574
20,1,149480,20,0,0.46109568236752346,-0.18825058205094514
90,0,141159,93,2,-0.4637849970919837,1.3811096240470273
42,0,178577,63,3,-0.003267185134326687,0.5358537887500245
31,0,121543,18,1,-0.5964954673175747,-1.0695673779373729
52,0,133942,11,1,-1.3780917960718657,-0.5386409098308862
85,1,199358,49,4,-0.7772870665417188,2.2492076028920134
84,1,177779,48,4,-0.702214960131312,1.9073246571511897
89,1,139653,58,4,-0.47070339324844507,1.5915301618815014
79,0,123498,13,1,-2.030394509990527,-0.09648397482881178
85,0,147087,24,3,-2.0076931224259478,0.5033438039438505
39,0,27367,80,2,0.9913366678232619,-1.4773421074270026
64,0,158871,38,3,-1.1382404011774827,0.4051113870288646
19,0,134998,69,3,0.9126236366496511,-0.4951857832335511
78,0,158735,72,3,-0.700893594657932,1.1195334733618272
63,0,195002,30,3,-1.4239022038210725,0.8011850481739996
65,1,46819,14,4,-0.5665804341128474,-0.7860241449154735
74,1,187046,14,4,-1.2789100880873108,1.4073691631656937
70,0,188594,59,3,-0.895353805861203,1.2169110396507026
53,1,112950,11,4,-0.5323562387365894,-0.12979563031522612
51,0,76146,53,2,-0.1476550796374609,-0.8638071192342063
58,1,141177,84,4,0.9939930181213683,1.2859266676069219
31,1,40621,12,0,0.3317902065766169,-1.6129715486521803
69,0,41245,14,1,-1.45994820970464,-1.4697021759755702
25,0,66963,28,1,-0.010619702791253113,-1.8514049418523972
49,0,149936,16,3,-1.2293815086797608,-0.31082007931572325
87,0,69459,79,2,-0.4800540007538147,0.11920974933020204
28,1,105895,88,0,2.024727071445995,0.2017392392743521
32,0,197440,74,3,0.47087265355563535,0.7323638118793804
43,1,49218,94,0,1.9494962908570121,-0.2191043230569142
84,0,168601,3,3,-2.557461071100693,0.5288959961460157
21,0,37929,11,1,-0.2140137064178671,-2.561670572532047
88,0,198315,91,3,-0.6478993313531193,2.1313203864232464
38,1,163033,61,0,0.9123434660843538,0.8927951157819811
23,0,84413,38,1,0.22632056051406826,-1.5196422177144102
45,0,21049,23,1,-0.5225543989875434,-2.1501834410914187
52,1,109382,7,4,-0.5894863269246875,-0.2514996041770359
81,0,110129,40,1,-1.39062270873142,0.0899528906318563
35,1,106469,93,0,1.9525119146137364,0.41898310439515996
63,1,142758,31,4,-0.42273802854594533,0.7547304170081618
58,1,81287,37,4,0.06261893625020058,-0.15434299031415824
29,1,179469,50,0,0.8379659036630536,0.8021649054632279
44,0,31411,17,1,-0.6742258446381342,-2.097617143241088
20,0,58064,56,2,0.8289346975658133,-1.735536317998528
49,0,70578,92,2,0.863794880475146,-0.5006514361745183
78,1,48786,65,4,0.3000511573343044,0.14876309546371033
55,0,52157,62,2,0.03991850266573272,-1.0109286042546515
49,0,94900,4,1,-1.3347441463239933,-1.246697620157201
29,0,153186,21,3,-0.5752851336280338,-0.6219183665690365
24,1,58413,86,0,2.243740737375723,-0.5858077347128805
54,0,191369,57,3,-0.5170344959653861,0.8959617682556509
29,0,36674,54,2,0.6070078132157539,-1.877296145254954
27,0,177621,90,3,1.058064495389357,0.5429878480348393
20,1,164530,56,0,1.2771952492869336,0.4743208453800438
78,0,70148,68,2,-0.5019606285009973,-0.19652194600858672
59,0,144151,28,3,-1.193662616832279,-0.03452137859995419
71,0,198322,67,3,-0.7624998137986997,1.4763863085578823
21,1,30146,34,0,1.1683747508741256,-1.6991289491774075
29,1,144914,43,0,0.784670286836623,0.22120435254899842
89,0,196042,12,3,-2.5684892318963417,1.1379452304419369
80,0,122498,88,2,-0.24960970624603676,0.8423592251711809
77,1,166157,86,4,0.4414986128586291,2.06658537852787
67,0,167814,61,3,-0.6962953761068139,0.881765807636888
22,1,94078,38,0,1.0243645900834693,-0.7145288019651556
42,1,112577,42,0,0.5143598835117046,0.019327212299767183
54,1,147584,27,4,-0.2899925340423423,0.5851375960836067
84,1,154242,63,4,-0.2628501186338644,1.7572966664017473
37,1,33903,27,0,0.5517280130826657,-1.3966638861649172
82,0,102156,100,2,0.05246031421971495,0.7426872738648578
25,0,31189,51,2,0.6620198812865481,-2.0769297257356505
80,0,151334,26,3,-1.8375663701665708,0.483986530309894
34,0,171210,73,3,0.4797504297638791,0.3869504045049137
74,1,25323,34,4,-0.2587803282716961,-0.6558676619511572
43,0,195674,39,3,-0.664965837565135,0.5029493891657091
64,0,189881,82,3,-0.18282195279450936,1.3952587699835608
54,0,93144,93,2,0.6765112591302289,-0.060719405802184226
72,0,45601,13,1,-1.5802174129991688,-1.3569073555404727
55,1,145373,64,4,0.5804545684773764,1.0343788062289274
40,0,22026,29,1,-0.24528182668071677,-2.1665701438648615
71,0,72593,47,1,-0.8248042663212098,-0.5694688884233948
45,0,141184,43,3,-0.4416100526079803,-0.18429380626179415
34,1,185072,83,0,1.4772033110918494,1.397331519721595
83,0,101120,66,2,-0.7894414068153535,0.3262867279505511
65,0,128923,59,3,-0.5603693304451074,0.25899617173284173
27,1,108786,14,0,0.2617036686354569,-0.6976436338689763
77,1,81379,39,4,-0.4069456015984632,0.2705447318991859
69,0,130285,70,3,-0.40914349875931055,0.4991216203772806
54,0,26192,71,2,0.3702297466412469,-1.2912218201998196
19,1,26599,95,0,2.702464276395328,-1.0336517448321643
70,1,108388,46,4,-0.13789104522392462,0.5967410501387462
78,1,157375,75,4,0.17884374350495794,1.8253169625641548
71,1,144173,28,4,-0.7174857362230747,0.9055516251583847
22,1,192166,40,0,0.7456482374852944,0.7124848628804182
76,1,99097,88,4,0.7403063218498876,1.1118430904564933
26,0,28407,7,1,-0.41468840149463415,-2.6425762093673035
71,1,71852,12,4,-0.8615024137517737,-0.3271277575531217
77,1,144561,60,4,-0.11216443166706555,1.4347267387674796
46,0,83692,52,2,-0.06070833419951239,-0.8732917045742608
81,1,108514,56,4,-0.19722389714336455,0.9536643842938892
57,0,125458,99,2,0.6315196854928382,0.5387326401401968
51,0,167612,39,3,-0.7893052328452306,0.26968652432307233
25,1,42575,47,0,1.3308488712443036,-1.2759446415506392
52,0,96643,28,1,-0.8447453937097061,-0.8605376323494094
72,0,71997,41,1,-0.9944236674183115,-0.6315758736022593
39,1,79966,20,0,0.17534198105758003,-0.7832297350508227
48,0,43583,62,2,0.2591028642526414,-1.2803879761999497
77,1,124839,8,4,-1.2976954382774533,0.5065103072444277
52,1,69683,81,0,1.3234165222421423,0.10073229397982733
56,0,59446,47,1,-0.3725366882127098,-1.0721788243460761
90,0,148422,85,3,-0.6804857618309035,1.3855036810095258
52,1,24574,90,0,1.690287243903166,-0.43223710706276586
65,0,50861,29,1,-1.0221305190359629,-1.2297520272132567
90,1,196257,23,4,-1.5287311060655582,1.9866578269099664
45,0,143360,2,1,-1.4354209874434942,-0.6627651583285806
57,1,149403,14,4,-0.690557479664949,0.5125218130028654
79,0,36781,74,2,-0.2736337023031225,-0.5779419723713909
87,1,51043,67,4,0.09557934885037565,0.39474914054009747
33,1,61214,89,0,2.061518698975809,-0.31961656696614943
71,1,148310,90,4,0.7606008490151908,1.7352694184870388
19,1,127564,78,0,1.9569749562099394,0.19834284682242131
41,0,66860,50,1,0.08340645134194397,-1.2436855971256844
24,1,152594,54,0,1.1599198652244758,0.36277977261065647
57,1,170546,45,4,-0.015072759690857281,1.200048409928491
32,1,168934,39,0,0.5266908902761402,0.5778075825171468
31,0,181011,92,3,0.9859707793962009,0.7002449460137272
60,0,127852,51,3,-0.6131467979837937,0.039331646830286775
89,0,164054,51,3,-1.5234659474987915,1.1654001864272279
66,1,25316,11,4,-0.5943478135449397,-1.1097080762299105
49,1,75885,100,0,1.8416291811328724,0.3625795601608256
80,1,157103,97,4,0.6546625110874629,2.13683034133608
74,0,173618,77,3,-0.5212506415701049,1.3104876821489364
27,0,162585,64,3,0.4825427265693706,0.004903625098697043
87,1,180934,69,4,-0.2891084989812384,2.2763828935352985
79,1,109947,39,4,-0.5565990351632939,0.720890899997311
23,1,92523,56,0,1.4354393693235383,-0.49205559485330097
38,0,122033,46,3,-0.11499449587436034,-0.5676640076057012
48,0,34059,43,1,-0.16634845089958583,-1.6526778638783612
54,0,194032,12,3,-1.608717953636305,0.37473719258111243
44,1,135553,95,0,1.6586492529830141,1.0484579116886354
85,0,76818,1,1,-2.3269844290129584,-0.7870034370652323
18,1,57916,52,0,1.5906577446205694,-1.1413984055420932
28,1,100314,60,0,1.369575193824637,-0.22604430269484907
70,0,61890,37,1,-1.0025343284062027,-0.8677390811619425
39,1,149086,71,0,1.172210350403233,0.8386965013989265
59,1,42785,70,4,0.9577423211319936,-0.27359212297814306
26,1,77303,46,0,1.1638377951265628,-0.770955725856781
18,0,75022,95,2,1.7653252638593324,-1.0503741542402107
36,0,146184,44,3,-0.18913212352984027,-0.28925577987647955
62,0,107656,97,2,0.506559855155584,0.3643228070588059
60,0,25538,72,2,0.23308733472323132,-1.162231908305343
90,0,158153,77,3,-0.9054102051610292,1.4251775033260248
64,0,118811,62,3,-0.42725689482947293,0.13074745245298
52,0,173043,28,3,-1.0993195607956656,0.23159124651835628
32,1,173832,70,0,1.2563059419820566,1.0331138438772378
29,1,128469,24,0,0.3822805922393949,-0.25002040385511753
30,1,129006,43,0,0.8104470157696432,0.01478640111670532
90,1,24347,73,4,0.24721633018343603,0.15066028148265062
21,1,137238,24,0,0.5709066289539066,-0.29254867068781826
31,0,172777,13,3,-0.8875256608129886,-0.3993270026708803
73,0,47675,21,1,-1.4218593545115878,-1.2068451028486575
66,1,62725,40,4,-0.02118828944057642,-0.21451836647911968
19,0,179203,29,3,-0.19717063440500246,-0.3604288903809195
50,0,91959,49,1,-0.26936503604928885,-0.7084620119266943
39,1,56090,48,0,0.9286481942790834,-0.7765304913120897
81,1,122073,8,4,-1.3974014970722568,0.550910704933651
90,1,184985,55,4,-0.7211731870416643,2.223244576367157
50,1,42453,77,0,1.3723617966340007,-0.38020215432400184
77,1,32206,76,4,0.6472153202172177,0.02748474930904513
36,0,102044,22,1,-0.5714260169031798,-1.193663377720038
47,0,22417,20,1,-0.6537614320183749,-2.125944148529077
71,1,112988,65,4,0.2767369641588075,0.9196279550430263
52,0,93248,46,1,-0.4003088313942591,-0.6853520149328155
28,1,196498,2,0,-0.3465434842274562,0.4280294524651615
76,1,80972,13,4,-1.0039823145386044,-0.07940469190926903
31,0,47445,52,2,0.4685312761038261,-1.706213382667693
44,0,56760,87,2,0.9256793141378377,-0.865246681406874
86,1,129626,68,4,-0.11497571962189852,1.5095274420371474
72,0,171751,52,3,-1.062129333243496,0.9311114308949585
52,0,54960,27,1,-0.7299149719121861,-1.4688198485765729
86,1,132309,57,4,-0.3886026971708556,1.4111648229401563
34,1,69121,49,0,1.0454431367871961,-0.6827502412541059
69,0,150531,44,3,-1.102229217358444,0.46538937524496693
46,1,122155,80,0,1.2878950049708877,0.7124745057132286
84,1,170667,10,4,-1.5928898058590386,1.3333685767965346
31,1,131478,6,0,-0.11533112571147355,-0.3887538264554877
57,1,135246,46,4,0.12661361307678515,0.7078678318902457
38,1,68582,22,0,0.2886304318462487,-0.9420902500876216
36,1,179806,92,0,1.6568509168072283,1.4758830656938031
53,0,21829,14,1,-0.9595608774995094,-2.083011727830493
62,1,126098,74,4,0.6946909371563325,1.030027124136447
71,1,69428,84,4,0.8790706757192948,0.5330884002369292
32,0,133103,54,3,0.2040025300155701,-0.4359000744808251
20,1,23661,42,0,1.4097138017063415,-1.7133865983891483
89,0,148969,16,3,-2.315386445345407,0.514757145791394
55,1,78452,57,4,0.6350064319114715,-0.009249852620303717
59,0,173817,3,3,-1.894074485596808,0.07883285926307994
24,1,77422,89,0,2.252587753106136,-0.2767902262818858
66,0,159216,51,3,-0.8810395562770942,0.6135863385896576
53,1,24437,20,0,-0.020858067491809615,-1.2832200295041085
71,1,32974,33,4,-0.22664481066863498,-0.6218812660937829
49,0,34406,77,2,0.6233877476496299,-1.204156471973707
23,0,52133,44,1,0.4782561469200353,-1.9065087182168998
18,1,186928,55,0,1.2329612773410767,0.7400988550105092
47,0,131528,11,1,-1.2338946646981885,-0.678073798464301
24,1,115246,30,0,0.7068693055491091,-0.4693944113395848
21,1,83859,6,0,0.31564799546225886,-1.2793118400525605
68,1,38682,98,4,1.4000863767425435,0.20462487942895785
45,0,148549,88,3,0.6166588795716034,0.4802798322044452
66,0,124247,91,2,0.19797923039004733,0.6108569630828727
51,1,175388,45,0,0.13217716753550265,1.1433541656597788
45,0,135329,100,2,0.9494588777998572,0.44044600189411404
67,1,56289,95,4,1.296461037157434,0.3980437101736292
20,0,36956,16,1,-0.06322864973379756,-2.5344209626523155
27,0,118526,20,1,-0.4293948539300337,-1.1717776549809398
40,0,84640,93,2,1.0860771144991896,-0.47607320167009776
24,0,140497,68,3,0.7340844622553758,-0.32408189552426137
26,0,192599,5,3,-1.0099211659554308,-0.3203285869165737
57,1,73842,48,4,0.3793441591287915,-0.14503760206493557
90,1,146104,10,4,-1.6744269431756837,1.1081534804873514
77,1,75634,94,4,0.9356319057595511,0.871999561689322
26,1,198146,47,0,0.7852365478509729,0.9689092397312771
82,1,59440,51,4,-0.1812462137731015,0.21099888435270364
36,1,185148,43,0,0.45999092354890975,0.9432396447162005
23,0,73697,97,2,1.6817118284720614,-0.9395324089872428
22,1,28146,27,0,0.9793712051340292,-1.7937346543541852
47,1,158881,23,0,-0.2332705598823862,0.5500169663417185
54,1,149112,6,4,-0.800395357797463,0.3459773137118197
37,0,142577,94,2,0.9987784043083042,0.3016029759485971
77,1,24926,89,4,0.9842849549483893,0.08499121745924716
36,1,40274,48,0,1.063041077854916,-1.0655733511939778
46,1,173593,56,0,0.5389986076136627,1.1494855919089748
60,0,190389,66,3,-0.4605910776611743,1.119721210003149
86,1,133492,64,4,-0.22410748474242712,1.5150766200222512
63,1,31450,75,4,1.0069014448545617,-0.28954101918246483
63,1,57791,55,4,0.4378811076623941,-0.1615737212760309
89,1,163783,60,4,-0.5029826221641148,1.9613230463173599
27,1,197650,70,0,1.3130948331594134,1.268664263495907
49,1,114530,55,0,0.6300492878587207,0.3557133787195326
27,0,111483,76,2,0.9415701933519478,-0.5764488726104392
48,0,73728,83,2,0.6639673687130814,-0.5884659401582839
22,1,108290,65,0,1.626694472712256,-0.1757948530378722
56,1,185904,9,4,-0.9052648333279268,0.9511707028248553
80,1,28846,41,4,-0.26546634762475024,-0.39259578803453454
24,1,77953,99,0,2.491442843818342,-0.14491256850988418
78,1,92893,6,4,-1.2666030165551976,0.045973645300332946
72,1,179246,39,4,-0.5968970572607427,1.564616766063394
74,1,96944,8,4,-1.1230538457457138,0.04479958443264782
86,1,94557,52,4,-0.3831206284632437,0.8093609519379708
19,1,195200,89,0,1.9962904042390328,1.301907175776774
57,1,165877,30,4,-0.36045175096806165,0.946874998094894
67,0,171802,100,3,0.22885146542313856,1.4234933885717438
30,0,147995,58,3,0.3050916942570797,-0.2152759006518044
80,0,199278,40,3,-1.6604474294385603,1.3433421930740188
81,1,162194,72,4,0.00890687788074517,1.9198728974900288
86,0,171518,45,3,-1.6110195468763913,1.1345699015267574
71,1,106395,18,4,-0.8322292562356637,0.2412325491771205
39,1,110432,82,0,1.5656971102067587,0.42285796994942043
85,1,62283,26,4,-0.873972590323172,0.0038765676206276786
38,1,192313,15,0,-0.29209354376772334,0.7396286697790803
59,1,99825,61,4,0.551116044660727,0.429929498663551
87,1,49026,81,4,0.43917446708861674,0.5399182729755254
75,0,94679,4,1,-2.042005361724672,-0.7042465452435624
62,0,81913,94,2,0.5201513530528785,-0.04095642742317752
87,0,125927,89,2,-0.4275878522443224,1.0507001439768922
49,1,20172,83,0,1.6182101665848392,-0.6451191529390887
73,1,199819,42,4,-0.6204921587664963,1.9169764771403366
58,1,180230,74,4,0.623239186179704,1.7198975640378213
75,0,127455,96,2,0.06252590765273923,0.9077235624725305
21,1,173394,9,0,0.08949373229340012,0.03786641852278029
70,0,197585,43,3,-1.3103120367157337,1.14657698938024
33,1,192754,74,0,1.2622746196801309,1.374301414677996
36,1,36723,39,0,0.8583114421939286,-1.2281928408019798
38,1,105401,46,0,0.7434436843801031,-0.11747805798189666
63,1,71343,48,4,0.22428706863695502,-0.05485045251890436
56,0,106799,48,1,-0.5062602451853265,-0.38284463504063726
73,0,72355,89,2,0.1321501047245076,-0.008895331378095386
78,1,21007,58,4,0.22417707773072115,-0.3353353464137655
68,0,27469,62,2,-0.23181686168964377,-1.0910354950749592
69,1,91586,66,4,0.4265748519117996,0.5841476090375269
65,0,21582,62,2,-0.13050862346716863,-1.238144485345878
59,0,68421,99,2,0.7671126076006981,-0.23463444667627306
85,0,117987,79,2,-0.5872938916086063,0.7709416970068054
49,1,59693,74,0,1.2699593460452336,-0.19202954476446762
65,1,129290,69,4,0.4820505454486357,1.0764678730709825
88,0,48643,31,1,-1.5929205635876917,-0.7539454417509555
38,0,119351,19,1,-0.7557437521484497,-0.941577983059878
83,1,140289,54,4,-0.40568833746829597,1.4249968192861049
37,1,70304,41,0,0.7673096450498548,-0.7023140303218739
25,0,58838,37,1,0.23301579641548884,-1.8556924782870658
20,0,159591,13,3,-0.5440508398454098,-0.8186544014714539
18,0,30781,28,1,0.300557899697608,-2.5155173777738904
55,0,46628,71,2,0.27490381158772137,-0.9781066306167978
28,1,86802,47,0,1.1017870523140316,-0.5807699285599541
73,0,164811,33,3,-1.5234215306898435,0.6167445240882161
44,0,155221,3,1,-1.4236501714091012,-0.5017698811223037
31,1,66499,95,0,2.242744454654778,-0.21146589595731458
90,0,143090,84,3,-0.6867813288781701,1.2968546699619716
18,1,186313,2,0,-0.040299040680632066,0.0725859997520671
51,1,57208,51,0,0.670342085782882,-0.4714425795382746
47,0,81757,93,2,0.9050688816073575,-0.37039027691312404
45,1,99173,11,0,-0.26860416575087276,-0.49461627545882536
86,1,111575,19,4,-1.2338873687618686,0.6424838788690519
30,0,61552,25,1,-0.20093030911902623,-1.8611156168691252
33,1,148921,32,0,0.3977088690349885,0.22570819285025068
74,0,64333,5,1,-1.8895956468657096,-1.146595294089272
28,0,135113,46,3,0.11372811524766215,-0.590537062846825
59,0,46033,1,1,-1.5164074200956927,-1.772681580279577
66,1,165536,29,4,-0.6284540392667972,1.1184368204876542
65,1,63160,1,4,-0.9338424317755096,-0.7140046998271832
55,0,158379,29,3,-1.1080869025639906,0.09735485291884018
65,0,49872,80,2,0.20834963408232773,-0.6100255756920441
77,1,129233,28,4,-0.8310878893756909,0.8178961649924542
80,1,198030,96,4,0.49422628441677485,2.7094482125862216
64,0,58539,84,2,0.3029505840645367,-0.45740202431525656
75,0,52588,77,2,-0.1451945200662702,-0.39863670913070326
74,0,21106,64,2,-0.32587374086934434,-1.0312263489860567
88,1,104777,26,4,-1.0972598407775283,0.6742782525081994
21,1,189017,48,0,0.9758713273044372,0.745914935395155
58,0,179461,93,3,0.2799697222396334,1.2571118415752218
38,1,178665,23,0,-0.0541171761905333,0.6439618000996882
89,0,42551,12,1,-2.0570384010037897,-1.05619028979749
18,0,149997,93,3,1.4673744819235097,-0.0034728954798664727
20,0,69777,34,1,0.2605317602886507,-1.841531948938928
89,0,195422,7,3,-2.6867355397886756,1.0669388663784674
66,1,139596,43,4,-0.20514455192911352,0.9216295240074596
85,1,81952,5,4,-1.4448234502707844,0.024039714457481216
71,0,96766,58,2,-0.6406647734746156,-0.08720295557152512
71,1,21862,39,4,-0.04524359558302913,-0.7061537337707113
28,0,82048,26,1,-0.19070169430539963,-1.5976690549321946
81,1,45482,3,4,-1.2625031184765352,-0.6060920342144134
83,0,150462,93,3,-0.304168991329626,1.3671998328284183
39,1,65678,14,0,0.0785766801602382,-1.0620472349555858
65,1,59502,19,4,-0.48852952121472737,-0.5425786360119274
50,0,186731,76,3,0.06452904945325603,0.9818675192203167
78,1,31777,24,4,-0.6298330053082236,-0.6039555411721609
47,1,20686,70,0,1.3581470283660362,-0.8413148020529262
63,0,57010,21,1,-1.1806579442307055,-1.2832524859871606
88,1,188804,56,4,-0.6553747635304913,2.248295414313542
87,1,82188,9,4,-1.4038214070406745,0.1190981554817754
77,1,118381,81,4,0.48038187856715275,1.3214896242564373
38,0,175165,68,3,0.23733695102729133,0.4652831567140216
60,0,198680,45,3,-0.9935290465995718,0.9772372052201406
85,1,136417,97,4,0.5874374119086242,1.946051487798744
76,0,101868,43,1,-1.1547553221366413,-0.0957760420985375
31,1,148795,44,0,0.7413394088236849,0.33108151055944945
76,1,129497,1,4,-1.4544229013659393,0.46510989845900025
58,0,193539,53,3,-0.7294376910689641,0.9612068661863719
81,1,190468,44,4,-0.75905401056123,1.97604253868926
24,1,80771,35,0,0.9420564562932982,-0.9000668824052283
22,1,169490,10,0,0.09933410624754178,0.015472921590996159
21,0,178013,85,3,1.0998301443037397,0.36053784695313473
50,0,148235,73,3,0.1206151069427919,0.39428567227497446
22,1,132046,6,0,0.12785232597414614,-0.5694994185656201
30,0,42331,46,1,0.3684277599011714,-1.8748746571911517
89,0,110450,61,2,-1.1042263995195905,0.5234244821899819
33,1,87026,88,0,1.9514475054923501,0.03693418381165886
60,0,99372,21,1,-1.2401212896172675,-0.7406477815396133
34,1,122553,8,0,-0.11915907433310742,-0.42852319259777455
55,0,120333,80,2,0.24587171795880794,0.18735591354734624
85,1,142102,97,4,0.5684942948944399,2.0273178840862207
65,0,66640,29,1,-1.0747080816334675,-1.004193106013591
51,0,162512,16,3,-1.3257476375320436,-0.08907764198792924
86,0,82970,96,2,-0.08878207051360433,0.5026509014146887
55,0,174735,63,3,-0.34446397733098466,0.7537379791977463
57,1,51130,47,4,0.4309608829709747,-0.48213163817429305
18,1,94246,26,0,0.843978166029151,-0.9452117908876381
44,1,75424,92,0,1.7868191188046252,0.15163491243247673
67,1,95072,3,4,-1.0465135937710786,-0.19099903572442134
64,0,97599,72,2,-0.11595146229854959,-0.04818847895331464
62,0,61479,82,2,0.29949060900146873,-0.4822025092779745
87,0,158565,9,3,-2.461337252380879,0.5229598481086863
71,1,149941,38,4,-0.49608097159763787,1.1122915727030367
31,0,122091,43,3,0.003239649034190197,-0.7510160929455554
67,1,118041,78,4,0.6816342407147383,1.0694931483329047
73,0,189242,21,3,-1.8935779554521377,0.8168382609559626
57,0,37608,2,1,-1.4098104873986494,-1.9226572605643042
22,0,63281,42,1,0.4202154320276187,-1.792991813737892
68,1,108250,63,4,0.32609170394399467,0.7640863673637126
88,0,140273,88,2,-0.52668360540989,1.264330803007363
23,1,152694,17,0,0.2965068735256791,-0.11663793050966198
26,0,89642,94,2,1.4747017667353042,-0.685931632356097
46,0,80823,46,1,-0.1955231431329088,-0.9888759627540108
35,1,74396,6,0,-0.034049613047625577,-1.1207941641665466
74,1,83200,41,4,-0.2831964748585999,0.25847809663001
48,0,47526,39,1,-0.30747192515875704,-1.5098835371235007
69,0,162166,94,3,0.062123775202167865,1.2531456920137773
90,0,121646,29,1,-1.938761754706078,0.3067363311726771
29,0,25326,8,1,-0.46205171940637096,-2.6112350008212
79,0,182466,59,3,-1.120010655858368,1.3181770955500394
38,1,163723,10,0,-0.3171403823747915,0.26879449495734625
60,0,46015,91,2,0.622041910973724,-0.6333701932677868
26,1,59025,50,0,1.3209921112424168,-0.9825227232429611
60,0,50007,1,1,-1.5568799528119268,-1.694888715355209
38,0,33113,6,1,-0.7811999450269415,-2.3359130964189245
81,1,147161,30,4,-0.9516240038125076,1.1829722373297138
50,1,141602,44,0,0.24792449459536386,0.6269736122705407
46,0,166170,56,3,-0.2392853633573879,0.3554362891285721
74,0,49873,60,2,-0.5179786909978243,-0.6697203488453738
84,1,133518,38,4,-0.7953563292902586,1.1503318701529133
20,1,43448,65,0,1.897217321681224,-1.144673520508371
23,0,36931,11,1,-0.2651496030185161,-2.5339668446512564
49,1,150924,16,0,-0.4296553287401481,0.3912416667171131
41,0,72103,5,1,-1.0168738826520347,-1.7280293808175156
39,1,63567,23,0,0.3021727940154754,-0.9803653593809516
69,0,79077,50,2,-0.7197610599914119,-0.48146477840890806
85,1,128797,63,4,-0.20529493640897492,1.4145484385589582
86,1,48480,44,4,-0.4220859734068089,0.05126607697891654
20,1,136881,78,0,1.8986988924107173,0.3525132588644658
60,1,166704,99,4,1.2154092411247466,1.8792327180089257
67,0,65627,90,2,0.3420151352819943,-0.21855263672782646
87,0,48578,62,2,-0.8195375099083682,-0.3905696822419372
75,0,148001,36,3,-1.4496825703022238,0.4557037225589745
29,0,51298,97,2,1.5929639778363844,-1.1338133836489148
49,1,138043,77,0,1.0810748742226635,0.9652604741494077
78,0,128966,45,3,-1.25138564590771,0.3584140667310644
75,1,31086,62,4,0.36853442555476223,-0.20449744234379952
45,1,45188,48,0,0.8015909300440967,-0.8064632235608993
71,1,151895,42,4,-0.4063421600430815,1.1899385998882261
54,0,117461,24,1,-1.064824656205661,-0.5706916194720437
49,1,142600,51,0,0.44026682718650945,0.7072558470726389
33,0,120208,71,2,0.6288011348242423,-0.38795952114214693
47,1,91491,83,0,1.4350278694204128,0.3324074187987089
59,1,87480,78,4,1.001312659516826,0.4647472269731198
65,1,168977,49,4,-0.1314403000410347,1.3952146476445524
48,0,102761,18,1,-0.9968330577055744,-0.9813086663885983
61,0,21971,57,2,-0.14319433314624286,-1.3786673523364066
43,0,160387,71,3,0.22261300583793833,0.39624458069083973
39,0,33732,65,2,0.6091910357132502,-1.5727858065717655
45,1,54309,36,0,0.4824493023771695,-0.8252241088851096
31,0,45376,89,2,1.3657358946941531,-1.2759273088417704
21,1,152303,18,0,0.3763335332074265,-0.15176853994591244
46,1,73907,77,0,1.3764759221125475,-0.014511016974501778
45,1,129079,15,0,-0.27200484527467683,-0.017398745366413663
53,1,47072,25,0,0.02403156123301891,-0.8975118687354838
42,1,153326,41,0,0.3545167746648554,0.5894005948007144
43,0,116600,10,1,-1.0992924732972928,-0.9878365213445773
79,1,160046,34,4,-0.8438472695010827,1.3749065857675355
84,1,36386,30,4,-0.6642001545928075,-0.3375881345259548
56,0,121090,64,3,-0.16888049283989673,0.02030282567222463
19,1,54441,55,0,1.647193527539988,-1.1328019834574548
36,1,121285,16,0,0.02310426042254391,-0.3052494215496094
88,0,183667,1,3,-2.764710429765965,0.8033452897010708
28,1,156839,80,0,1.662475859161502,0.8305479763130661
58,1,53800,29,4,-0.03829056793587766,-0.6466960346691318
59,0,133796,56,3,-0.48541003336429983,0.16545894591326907
65,1,46971,7,4,-0.7355240302200685,-0.8708522763786096
73,0,186531,28,3,-1.7161074575965796,0.8650857929292738
25,1,37283,68,0,1.8537938044877955,-1.090590289807887
77,1,77335,80,4,0.5930897382647545,0.7223132469800431
81,1,172943,18,4,-1.326282126215288,1.4023783579062343
26,1,146587,50,0,1.029224791630103,0.2691656130321607
50,0,33827,76,2,0.5740239243761818,-1.2038769060990138
26,0,118245,51,3,0.3447079382321506,-0.8114895896844277
81,0,57494,46,1,-1.0708617666836375,-0.5878859047574575
77,0,152220,36,3,-1.5182021505375252,0.5579838426001467
35,0,99451,41,1,-0.07836869465538641,-1.0155695678013374
62,1,38651,100,2,1.611698626990329,0.10312909716414363
45,1,92288,38,0,0.4040235074932608,-0.257461422833548
55,1,129976,24,4,-0.33073853102417045,0.31713222475856706
50,1,27987,64,0,1.107752500089364,-0.7485650962943405
50,0,95350,68,2,0.17652218704453757,-0.4238426270505865
41,0,83963,21,1,-0.6713937402518148,-1.3596327748759565
53,1,151311,9,4,-0.70830468358229,0.39371286966417096
69,0,94574,14,1,-1.63764697615133,-0.7073704877407656
60,1,178237,86,4,0.8641680889509494,1.8825223771077368
86,0,161044,5,3,-2.5386166859664745,0.48769701731642356
57,1,57305,57,4,0.6510094736958355,-0.269573674219966
89,1,42499,42,4,-0.5319734701063898,0.003866008896130593
33,1,78890,3,0,-0.06675015142175478,-1.1358091122725853
71,1,78925,45,4,-0.09100983915037199,0.18412728437447962
50,0,108866,4,1,-1.4085112481177524,-1.0260703081432163
50,1,129258,89,0,1.3718662312133922,1.0098094487262463
66,0,118372,80,2,-0.04713144189815522,0.3901587556959556
19,0,49861,70,2,1.2203730037244003,-1.6997803264044247
55,1,141134,7,4,-0.7769799163471409,0.2653464731608302
77,1,193985,59,4,-0.30091370411955204,2.1288082105901265
41,1,176260,44,0,0.3775158866479948,0.9335405002730017
85,0,183665,56,3,-1.3595772700913622,1.4239405907547402
70,1,165881,36,4,-0.5700892180172262,1.2943095450817086
35,1,96924,77,0,1.5993179083810034,0.08367914707374327
40,0,106503,85,2,0.8207273597150474,-0.26297388775119385
67,1,109017,64,4,0.3748290881675453,0.7664942390443482
63,0,175382,35,3,-1.2382137343865947,0.5828630286211919
48,1,48666,69,0,1.2136211155924845,-0.4327877407386448
41,1,172226,22,0,-0.13841611595505016,0.6024433843125665
67,0,92224,7,1,-1.743792246537472,-0.8699344292317759
44,0,195608,89,3,0.5111456441257399,1.144426317243021
89,0,189396,60,3,-1.3913465955416018,1.6395194194829716
86,0,61405,87,2,-0.2334868495530407,0.0825234324359546
59,0,158468,66,3,-0.3269957144796089,0.6424293165746257
65,1,50335,53,4,0.36013916928706036,-0.25104374763016757
37,1,117522,32,0,0.3934114768131206,-0.13919672606550954
64,0,73380,82,2,0.20537366290812614,-0.2701091163642608
84,1,174075,23,4,-1.2914338975390545,1.5436587289433161
83,1,144095,44,4,-0.6589948439220177,1.3551160587346465
46,0,54786,22,1,-0.6862633416028996,-1.6593607520854916
40,1,138328,11,0,-0.26292003897924066,-0.03982527187163615
32,1,88225,48,0,1.012185176704967,-0.4640595683643528
38,1,167750,93,0,1.6666240767635172,1.357942711367663
60,0,190259,94,3,0.21359055216211967,1.4658666887889231
58,0,93912,42,1,-0.6621552048147208,-0.5996649884729375
22,0,124044,48,3,0.3621203348186783,-0.849819737322927
49,0,91104,39,1,-0.47990984155656624,-0.8659562203839627
62,0,49640,28,1,-0.9604324096739145,-1.3225898121584323
83,1,43834,80,4,0.5413351127990818,0.36933050774782206
75,1,73338,43,4,-0.22944086963729,0.16334440861990182
83,0,66852,76,2,-0.4346317815426201,-0.03928316474497853
48,0,181544,85,3,0.35283612740532283,0.977608323294955
31,1,48869,64,0,1.5555539879663802,-0.8487745772878815
30,0,135044,29,3,-0.3495648845408489,-0.7608414203587759
77,1,182711,70,4,0.001339538736152059,2.104363510336948
54,0,56587,99,2,0.9426983339213614,-0.5087251106884099
79,1,121454,11,4,-1.2686902238731974,0.537378277950785
74,1,45924,62,4,0.3463230678099876,-0.013375013167900433
89,0,172057,57,3,-1.405758256023763,1.3543743616764428
72,1,64175,95,4,1.1340305308846161,0.6156981855238558
26,0,109094,36,1,0.014263520474308356,-1.1287326564275182
44,1,89374,16,0,-0.08840979494768438,-0.5935332818734248
56,1,150601,19,4,-0.547006461158152,0.5708056086944022
70,0,68728,13,1,-1.6028180575430904,-1.0682796703261745
36,1,169536,44,0,0.5360744664528301,0.7324966761956069
75,1,83635,71,4,0.40999671777494,0.6585426075621446
82,1,41000,94,4,0.9148832526869292,0.4818357133555514
51,0,107312,97,2,0.8072435576190018,0.1285702650961886
54,0,145745,81,3,0.2124889405615017,0.542061117946517
25,0,38429,26,1,0.036334194080523546,-2.2841524805099005
36,0,129559,59,3,0.22720108651606072,-0.34047755582573874
64,1,141675,8,4,-0.9997962472210434,0.4743737954879071
57,0,104519,89,2,0.4606665529205572,0.11512505880885822
25,0,21151,73,2,1.2248415131989334,-1.9469901697677177
59,1,162139,8,4,-0.931831416823709,0.6619791855290569
68,1,113066,90,4,0.9597302105772275,1.168505618046997
68,1,85808,52,4,0.13618430686669628,0.306564872853729
33,1,174797,12,0,-0.16976203114546495,0.3470283712714293
64,0,114177,22,1,-1.3743136299376453,-0.43264332897479163
21,0,183227,66,3,0.6252700061866844,0.19892590975578495
57,1,90634,41,4,0.15495404286044,0.008001079879776824
85,0,72093,93,2,-0.09749522979404776,0.2888943527657812
25,0,44190,45,1,0.474324286598516,-1.9656542285799103
56,0,149625,58,3,-0.4083372800870035,0.35363499827733474
47,0,169125,34,3,-0.805736248333266,0.14523110314206394
25,0,116819,27,1,-0.20080845220946125,-1.1511480816047386
20,0,146953,46,3,0.29212120343964815,-0.5891657513156133
24,1,151512,62,0,1.356024780136716,0.4467423727199075
34,1,36302,7,0,0.1441773877613632,-1.6738996480052861
53,1,134546,57,0,0.5025557014209161,0.7506371617776806
78,0,156172,92,3,-0.2111044687873605,1.3314698466820651
46,1,158396,33,0,0.036200644877987624,0.6463860160439442
43,0,50497,7,1,-0.9512165070284105,-1.970057137385501
32,1,70777,77,0,1.7681349505977393,-0.35304412442572186
79,1,193072,54,4,-0.47264505504965,2.095583465239932
68,1,189131,37,4,-0.5690372688600752,1.5971242082280872
87,0,180380,89,3,-0.6090319244999736,1.8290992780212174
42,0,41184,39,1,-0.12295553870871419,-1.726451726173065
85,0,104387,34,1,-1.6247870393407953,0.017239477915690114
56,1,86520,70,4,0.8937039714076171,0.2886394525516744
72,1,140267,19,4,-0.9482631458396268,0.7588424622991152
48,0,145006,89,3,0.5708350023037632,0.5050168059071334
63,1,168399,16,4,-0.8691136560060743,0.9348348365683082
32,1,110848,23,0,0.3352414474533492,-0.45138417466186415
41,1,106700,59,0,0.970235006833886,0.1256192190506382
22,1,87382,100,0,2.5385480595107683,-0.039667450322031686
22,0,99689,55,2,0.6117112943549762,-1.11097060134718
54,1,101285,21,4,-0.28009325820423064,-0.1512733271383823
45,1,76627,32,0,0.3118332109337334,-0.5559057938205816
41,0,139304,65,3,0.2029508330085345,-0.021676651715349132
62,0,110070,25,1,-1.233979913089426,-0.49603629953737954
22,1,191573,93,0,2.0229337596148547,1.3627295023578097
77,1,59444,93,4,0.9655165259664643,0.6281367369409013
66,1,141861,96,4,1.0626177637929641,1.6127289322780984
26,1,177786,65,0,1.2862025701744473,0.9015822075406504
78,1,133974,68,4,0.0883816311330196,1.4038015080123736
73,1,137797,72,4,0.3080460929404526,1.4032406202315648
68,0,51064,65,2,-0.23825096022959996,-0.7164616641506718
54,0,65596,37,1,-0.5791923350932393,-1.150522403472618
18,1,79825,51,0,1.4935918256676923,-0.8406405737985898
26,0,117494,48,3,0.2750230279643627,-0.8595111678750079
45,1,91384,76,0,1.3214086480293783,0.20190689452367244
61,1,64012,79,4,1.0491120026509286,0.18367369508626025
64,0,28519,9,1,-1.4017024539275225,-1.8186874115780358
83,1,41285,28,4,-0.7014184353213475,-0.3133999390004113
84,1,163293,57,4,-0.4373838290288399,1.8121073851343503
76,1,157309,14,4,-1.2342841131188056,1.024252317096475
83,1,132382,72,4,0.05378276204468823,1.5356839353748013
45,0,71919,84,2,0.7757496557305432,-0.6648516996709178
88,0,128608,10,1,-2.364685088176862,0.12814182655462594
62,0,29444,77,2,0.2859229327715096,-1.0022825478130521
84,0,103265,49,1,-1.2328810485725505,0.1666462267502757
44,0,39622,98,2,1.2474721239541708,-0.9735165615773378
40,1,168821,20,0,-0.1479644505647184,0.5079268912240013
58,1,65036,20,4,-0.2922923005693789,-0.5979371246460128
71,0,35831,11,1,-1.5685567872226835,-1.5424107637336628
50,1,110401,69,0,0.9534511715598528,0.4916767326658572
45,1,116854,33,0,0.20185435965031231,0.03156307623339528
81,1,40201,40,4,-0.354595722076259,-0.2217211169188999
50,1,155599,82,0,1.1156576761819017,1.299349945648816
74,0,112347,42,1,-1.1592737247435252,-0.0003787144998115529
26,1,179171,1,0,-0.2584088856564318,0.12594332972622904
51,0,176532,83,3,0.23971980390068576,0.9440599945266043
60,1,79239,64,4,0.6646677774886252,0.19392621857140488
25,1,162736,3,0,-0.1282898835856796,-0.10512062728911807
43,0,123598,27,1,-0.7135491060059022,-0.6765129173289982
22,0,165667,67,3,0.6806138464461382,-0.0186784768333058
82,1,41749,60,4,0.0942643702810787,0.06996651996974912
42,0,91497,79,2,0.6718931678874221,-0.5100850932033998
53,0,27064,100,2,1.0923657118757197,-0.9393091727892482
39,0,188820,23,3,-0.9182038758076267,0.12217291810906031
56,1,29435,57,4,0.7711064082011546,-0.6889570062833934
42,0,30823,82,2,0.946253709218758,-1.340126556694135
27,1,95025,7,0,0.1391198943432483,-0.9813564393070761
38,0,192146,99,3,0.9266899652868773,1.093314460526458
70,1,33513,14,4,-0.6583965981227643,-0.871306779525531
75,0,131414,37,3,-1.3703502078576124,0.2310232454402649
73,1,57806,38,4,-0.24353721027010525,-0.1627972338843867
86,1,170067,37,4,-0.9956658781538661,1.7023367728103764
37,0,169807,37,3,-0.4635146467993026,-0.017583759094765367
30,0,192797,14,3,-0.902941633119621,-0.1216997945394449
31,0,57776,97,2,1.5169171326344968,-0.9992411283019538
41,0,76321,30,1,-0.4293676562636923,-1.3570158839743274
38,0,168448,89,3,0.7650301589841009,0.630267303582604
81,0,136365,69,3,-0.7802333787520381,0.8254258992885433
60,0,124147,67,3,-0.21580216722371834,0.1852284360234588
45,0,137608,74,3,0.3162414060598002,0.1498776367799006
73,0,150387,44,3,-1.2106721016257525,0.5472709499026623
79,0,158192,86,3,-0.38944070262133196,1.3067582691879922
71,1,192412,5,4,-1.431660228582636,1.3092620958883225
76,1,37583,5,4,-1.05190440504666,-0.7990749277793633
82,1,58787,85,4,0.6390527848625887,0.6242403862773973
42,0,57558,36,1,-0.24970304860146358,-1.5296734738582725
50,1,60462,22,0,-0.011080862362000485,-0.8063445682707577
72,1,181578,36,4,-0.6768549015223266,1.5606663048040876
23,1,55977,89,0,2.3512757998689513,-0.6043289504038812
85,1,22507,48,4,-0.21206029635840087,-0.2912850360942881
70,0,95628,60,2,-0.5615172509053546,-0.0995981238428904
60,0,34598,98,2,0.8285218682357008,-0.7095738919151924
42,0,168458,29,3,-0.7876725590599389,-0.03137216714277855
87,0,127097,8,1,-2.3805444630019856,0.06069983734793944
83,1,170103,84,4,0.21684110260899114,2.22404561839435
41,0,29921,43,1,0.038054614807829186,-1.8587251454223845
60,1,48106,61,4,0.6962194162313821,-0.288402422417087
25,1,180754,88,0,1.8569797377375423,1.2088846790172632
88,1,120893,1,4,-1.7525214482329634,0.5939368580589531
66,0,71941,3,1,-1.7452259053690018,-1.230577332547443
81,1,71080,54,4,-0.12061410907963718,0.39369240817665924
22,0,124942,7,1,-0.6274321473265759,-1.3465599468137057
61,1,115624,85,4,1.0215091594080041,0.996033319007522
31,0,167554,61,3,0.284875365073645,0.12258880148309728
77,1,39291,40,4,-0.2426407805823981,-0.31866949574317427
46,1,91894,61,0,0.9315419162959059,0.04375167875365388
77,0,26833,85,2,0.07866250093851604,-0.6254016796641477
84,0,157750,13,3,-2.280679760888848,0.4980693227757016
36,0,171879,80,3,0.5914969982504333,0.5254846516847104
30,1,72390,36,0,0.8306613557505864,-0.8815335130108982
44,0,149341,98,2,0.8818749637643231,0.5949034444500496
89,0,86202,53,2,-1.2159286488259753,0.07737255614198088
47,0,142102,73,3,0.22274304732630296,0.2436601413731462
63,1,173324,54,4,0.028848541860618398,1.477528013021343
83,0,155515,83,3,-0.5616306546728269,1.3151447884019352
81,0,168011,81,3,-0.5969323933572747,1.426946182581369
51,0,89063,60,2,-0.022258993865925777,-0.5921591930338604
21,0,101679,89,2,1.450434170424076,-0.68093273932764
46,0,21914,84,2,0.9151417691547934,-1.3586821953800983
43,1,189992,76,0,1.0472960570742615,1.5695264633219734
78,1,119372,92,4,0.7145359601816268,1.493356644093761
82,1,38100,56,4,0.01017350654341636,-0.03191032985524214
84,1,154764,69,4,-0.1202148179445682,1.8393308397817245
65,0,117343,20,1,-1.4602186971515443,-0.39125814281934473
24,1,43914,23,0,0.776119161797552,-1.5760777885747543
40,0,56978,93,2,1.1782502900218574,-0.8714981891994188
32,0,147952,2,1,-1.0967232872012143,-0.869928188316213
29,0,138993,91,2,1.156378817227951,0.045203926048040965
82,0,57620,8,1,-2.012885193313051,-1.0373906298654356
47,1,149722,50,0,0.44693436016742105,0.7546652604520051
33,1,187242,99,0,1.8822023990232688,1.6062257231522918
27,1,170020,53,0,0.996099819471655,0.662408682663577
90,0,138727,15,1,-2.33255196787865,0.3769052802982965
31,1,71009,2,0,-0.010090782985468182,-1.3028657927368459
37,1,118439,76,0,1.4491034907735518,0.4207748145885628
27,0,142090,49,3,0.18989790765214506,-0.4745005673233979
79,1,68983,59,4,0.06114693089403065,0.3838895628803623
42,0,72121,86,2,0.9048934889692568,-0.7000617466532733
60,0,20960,84,2,0.5370911293918404,-1.078529380354218
20,1,120530,76,0,1.9050575395755798,0.09392025072065338
45,0,103857,25,1,-0.7503559181685263,-0.941595552019398
85,1,156209,56,4,-0.46507219475131717,1.7193987526185357
53,1,144683,62,0,0.5890901984734975,0.957687904639377
25,1,74602,60,0,1.5369427627078338,-0.6565493011274625
67,1,30910,78,4,0.9719654154839363,-0.17603409439781909
69,0,79585,82,2,0.04854445473572028,-0.07648433532524772
75,1,85833,45,4,-0.22295085203404424,0.3668163571182416
71,0,150304,99,2,0.16750028249928656,1.18769337499315
22,1,172948,70,0,1.5315583131719892,0.8106270757498641
55,0,155192,27,3,-1.1455923173823686,0.026939653170515738
69,0,178038,2,3,-2.2045085947040097,0.3365929363809182
58,1,157780,46,4,0.02429688479621321,1.0509736810002912
43,1,199214,5,0,-0.6918663570896972,0.818915611558798
75,1,49753,38,4,-0.2711649818865731,-0.235943888731503
32,0,74035,69,2,0.7617610198210178,-1.0938394683068458
34,1,168635,65,0,1.0988494042953652,0.9386498299790125
81,1,77518,5,4,-1.3211261087139534,-0.12328382364859951
31,1,176896,71,0,1.2973894405799993,1.0683570563269738
24,0,47282,37,1,0.2987524827291803,-2.0418691280226304
88,0,86349,36,1,-1.598249354655435,-0.15279913525698885
56,1,60409,80,0,1.2213334725845366,0.03967290102007622
80,1,153831,10,4,-1.427867479744615,1.008759929322417
33,1,186592,95,0,1.788118499590701,1.5472192202870445
39,0,134944,53,3,-0.016809094847827406,-0.275116841322528
59,1,40259,59,4,0.7014723702368423,-0.44641677519060813
48,1,72012,88,0,1.5930158320868304,0.13708598677890632
87,1,171549,45,4,-0.8353352030836297,1.843936456179028
78,0,57075,46,1,-0.9877735748698799,-0.6568304878340185
61,1,105266,88,4,1.1282106197040371,0.8852530684632592
25,0,164325,49,3,0.1702695164726303,-0.1986239156162995
74,1,130880,3,4,-1.3564449824053566,0.4677671148476405
64,0,20543,69,2,0.0686212428720673,-1.1869809223533825
88,0,101571,57,2,-1.143659584548087,0.32580039739012645
59,1,149597,45,4,0.00027052181755088286,0.9425549746902921
54,1,54954,8,4,-0.43852446791386607,-0.9751426398563826
76,1,68178,46,4,-0.1672904601270358,0.1478539568708729
41,0,82803,11,1,-0.9081529258449491,-1.5005019125538197
39,1,84715,40,0,0.6407666264342702,-0.4667691946850205
29,1,192127,91,0,1.782348131763579,1.4926865165499679
49,0,199573,13,3,-1.4669654128104719,0.36144878684433757
81,1,178484,82,4,0.1952510484475632,2.2770235788494273
70,0,183598,65,3,-0.7343318526328974,1.2200660618056491
18,1,72866,15,0,0.6505320547444535,-1.387552122186135
30,0,175562,93,3,1.0554206377376356,0.6137958398011427
90,0,102626,15,1,-2.2122590096853227,-0.13915420472794976
81,0,44514,41,1,-1.1479230391678241,-0.8355769932031992
74,0,28980,33,1,-1.098046662497013,-1.3039583951511327
31,1,172219,36,0,0.4707882106518308,0.5664951331159526
44,1,90053,95,0,1.810260831548605,0.3980408437765499
32,0,20445,58,2,0.6756425776703355,-1.9966179041646457
47,0,149535,31,3,-0.8126473008296876,-0.17209173092534663
80,1,77981,63,4,0.10018359333243267,0.5832147384732187
85,0,133327,93,2,-0.3015344254398807,1.1642270722499273
30,0,126395,16,1,-0.6335571382836404,-1.0460510418006617
39,1,126426,41,0,0.5258429052037868,0.1419132781993196
26,1,47815,37,0,1.0455334234931744,-1.3043415339358986
54,1,148233,15,4,-0.5809044189926172,0.4452704822022274
38,0,33980,75,2,0.8762197946035453,-1.465938609379879
20,1,59274,94,0,2.5422940479873706,-0.5580102190377237
69,0,49782,89,2,0.316288818228619,-0.41551370893158984
56,1,126556,60,4,0.5196746629444149,0.7366622166255976
32,0,110857,67,2,0.5909407116657007,-0.5923307895915522
43,1,33278,51,0,0.9679251995856634,-0.9813991475502566
34,1,128016,94,0,1.9320077910879907,0.7184385952233372
58,1,32288,79,4,1.2365122926404184,-0.332772125594429
38,1,187068,1,0,-0.6114907876423751,0.4906501143287609
19,0,33037,76,2,1.420807303134548,-1.8657051521453936
76,1,69036,60,4,0.16672480561942352,0.3341208710699767
48,1,125023,25,0,-0.0995573406114076,0.11186332313120598
63,1,188891,21,4,-0.8170832885369367,1.2899090681823049
64,1,149621,80,4,0.7062227308274935,1.4828278652394598
39,1,146899,83,0,1.4682470399212852,0.956578088896816
43,0,155757,38,3,-0.5560199442895235,-0.08008806789809732
88,1,47127,14,4,-1.1939123099301021,-0.29896610625684295
44,1,104453,71,0,1.1847795912663768,0.305598141811245
77,0,151246,36,3,-1.5149566631194398,0.544060628882644
87,1,22866,58,4,-0.02709343551926546,-0.11989607905478418
31,0,150792,91,3,1.0626017476404037,0.25583924113918255
40,1,50027,77,0,1.6194310748237626,-0.48178282222279456
89,1,193167,10,4,-1.804015951893561,1.759928437431755
18,0,170203,52,3,0.41348537650475176,-0.2242075500861056
40,1,27323,54,0,1.141647356490107,-1.0921940668530126
56,1,117101,55,4,0.4308676582746527,0.5393605823422757
26,0,38363,72,2,1.1161958966450363,-1.6923903828990923
26,0,125880,17,1,-0.49885594043749465,-1.1249242351659965
39,1,167252,24,0,-0.019255893589160508,0.5142280446414894
26,1,49997,71,0,1.856385854541316,-0.8505740454720672
40,1,177037,60,0,0.787156621369345,1.1225219350091595
30,1,116314,18,0,0.2511771963431649,-0.4773619140448786
75,0,143867,60,3,-0.8584089006915201,0.694897668901982
69,1,157043,97,4,0.954399890730823,1.9051375454676835
70,1,160342,63,4,0.09805341819945058,1.550705307012693
53,1,36538,17,0,-0.13336741748981681,-1.1475238020505982
86,0,120223,45,3,-1.4400983178099738,0.401314000459715
39,0,186160,27,3,-0.8130906505497377,0.13386336614378014
84,0,132355,82,2,-0.5357518173838658,0.9926316551442592
21,0,63239,95,2,1.722895632082,-1.155855704408996
85,0,37248,26,1,-1.5935712179602182,-1.041934172523899
39,1,41327,100,0,2.229087448951766,-0.3412730177439449
36,1,39531,68,0,1.5467657405828636,-0.8276202951572563
30,0,178991,67,3,0.4183712250008659,0.3396665873923997
44,1,182804,76,0,1.044016676884382,1.4877598708389856
90,1,145731,61,4,-0.44599937758258884,1.7366855784664506
22,1,28911,9,0,0.5436981252719338,-2.006515807784159
39,1,48250,30,0,0.521648029440217,-1.1123190924208217
29,0,163619,53,3,0.15994906423616445,-0.07506123339686084
65,0,135754,97,2,0.3312418417348596,0.8289353906351167
21,1,96774,94,0,2.3901087727878396,-0.0009671866667495607
69,1,124624,76,4,0.5571126330760567,1.1807089509110267
86,1,125101,94,4,0.5257256994908687,1.7679895052935468
62,1,110433,36,4,-0.16748426392366902,0.3338069298949331
52,1,167707,93,0,1.2855378733066467,1.6511181626323983
54,0,68449,17,1,-1.0699477765195036,-1.358313261414955
61,1,178508,56,4,0.11416106279641414,1.534520070621716
49,0,94482,66,2,0.1585202573838604,-0.482093008022823
59,0,33677,24,1,-0.9217994832013862,-1.6634488499570013
86,0,170970,33,3,-1.897942881067479,0.9775918155510754
76,0,112308,52,3,-0.9729806791072664,0.16532088005553833
53,1,112830,56,0,0.5508536311476855,0.42778082675932183
39,1,37831,79,0,1.735425209168371,-0.652250780317717
38,0,23738,2,1,-0.8462110747235801,-2.519642432636544
49,0,25395,61,2,0.2684143879453799,-1.5318269630475403
79,0,179076,13,3,-2.215587220177745,0.6979968999056474
29,1,93689,35,0,0.7628587090679074,-0.610480567808109
77,1,70545,47,4,-0.17834582703409907,0.2151036562660488
40,0,52334,39,1,-0.10564735080252412,-1.6090338260660866
60,1,48997,50,4,0.4285636023920852,-0.4123814675733851
75,1,31232,6,4,-0.9794489721147605,-0.898418016305282
48,0,37643,97,2,1.121081239886983,-0.9302948004619531
19,1,146976,8,0,0.2079206574740903,-0.39417446387304805
34,0,24639,8,1,-0.5959159385793471,-2.5161305369701013
61,0,152029,73,3,-0.19156441851076417,0.6793555523540025
27,0,51953,13,1,-0.3760025691627699,-2.2104316953766894
73,0,20402,48,1,-0.6812963655796465,-1.2611342761704485
37,0,193712,88,3,0.6840156461692776,0.9579994504177322
26,1,170583,2,0,-0.20573017193591162,0.015607602634525496
19,0,132045,17,1,-0.32878373393801996,-1.1836913617496192
52,0,140793,53,3,-0.39029748721765334,0.08129903715016118
31,1,188489,18,0,-0.016549430213769697,0.5753561035975587
88,1,179156,91,4,0.21895912272629475,2.5453831727368565
59,0,134833,20,1,-1.3551134566438126,-0.2671507370891106
60,1,63097,100,4,1.5847029127293082,0.4106117299075856
32,1,48600,54,0,1.2885952036508077,-0.9559219669726504
86,1,82118,25,4,-0.9913583644721798,0.29597182633833874
72,1,185747,89,4,0.584563052758237,2.2789831657627397
58,1,174766,77,4,0.7136332384427699,1.6790764592157947
29,0,98531,7,1,-0.7300421995482713,-1.5772069731300409
49,0,37168,68,2,0.39762242197799275,-1.2765323802689839
57,1,47900,53,4,0.5860983076773719,-0.4537318568559893
41,1,184405,56,0,0.6391250854025375,1.199116794269082
61,1,32850,79,4,1.1529476072940263,-0.2617833745901444
65,1,174215,76,4,0.5007920508525348,1.8056663379467137
48,1,191809,38,0,-0.009284698804171447,1.2281344187973757
27,1,176979,57,0,1.0691613573839964,0.8116015873190959
77,1,80506,63,4,0.17346201619460566,0.5563542839226616
53,0,181040,29,3,-1.129134777973592,0.3793211237672694
78,0,173818,61,3,-1.0158388925192698,1.198427373871646
85,1,174206,73,4,-0.11597884400152939,2.1879517485014777
65,0,177888,45,3,-1.0604009407821917,0.7849430943377784
18,0,124274,98,2,1.6733988956214119,-0.30903657141657415
78,0,111665,52,3,-1.0252994792329875,0.19809929055410466
83,0,40526,23,1,-1.6222198952456495,-1.0743316954558961
76,0,123900,89,2,-0.12129618743528092,0.7908893179418345
35,1,46998,34,0,0.7309923359916363,-1.1644414899483932
20,1,136152,68,0,1.6605035619744672,0.21780521473100062
47,0,91085,29,1,-0.6660096240816863,-1.0324849180148927
90,1,72766,79,4,0.23025295442094956,0.9173763516051588
29,1,71559,69,0,1.6547217049091625,-0.5042502168185331
68,0,97277,62,2,-0.46442567655792455,-0.09313846921107202
70,1,72996,53,4,0.1484765515129981,0.17781758878381868
53,0,181849,57,3,-0.45808201127717907,0.7388894954490756
25,1,141681,2,0,-0.08219448690136867,-0.41852804622198475
49,0,92558,20,1,-0.9419411986756739,-1.0813169086878933
18,0,38303,57,2,0.9733045721226266,-2.0475587649173526
26,0,50066,92,2,1.5584489614207349,-1.2765232427473419
22,0,172552,48,3,0.2004857314547291,-0.15640366852557655
49,0,105730,88,2,0.6504143275083959,-0.047872623316941865
51,0,94191,85,2,0.5622150009511048,-0.20813735483243062
44,0,164564,18,3,-1.0938455211915796,-0.18178219730143022
77,0,186744,54,3,-1.2001163453128179,1.2752170379982433
21,1,109217,56,0,1.4342742695029673,-0.29538687662534235
32,1,145504,11,0,-0.06898593095363015,-0.10512528352156675
36,0,50824,28,1,-0.2563800283426569,-1.8512749170413165
44,1,132809,4,0,-0.5218898777113082,-0.12177963382762838
37,1,108494,79,0,1.554428784433374,0.31589834973765585
27,1,143565,85,0,1.8542493560199746,0.6819562597667195
34,1,180227,75,0,1.3008478868644062,1.2286431622164113
46,0,48972,2,1,-1.1481392764043732,-1.9910453403046204
87,1,170113,40,4,-0.9508624989296003,1.7612654695349812
85,1,43583,45,4,-0.35447544674379655,-0.027292255135042135
56,0,81251,96,2,0.7338661726649475,-0.15147227935508026
51,0,55473,15,1,-0.9931430107074299,-1.6316160755878897
56,1,177413,42,4,-0.08291110248927551,1.2399402228846832
26,1,112177,99,0,2.3229429247948965,0.3862854443379281
42,0,77552,70,2,0.5017976145915066,-0.8212855719076264
69,1,60363,95,4,1.228424614699979,0.49825107252585077
29,1,179407,72,0,1.3675462804596075,1.0747101904309622
62,0,98788,98,2,0.5601715632057386,0.24998451339533556
54,0,167059,3,3,-1.735402613623374,-0.1226969907551723
70,1,30218,91,4,1.2053909940459409,0.0386020753333321
33,0,113515,90,2,1.1082894822753309,-0.2474897123720933
24,0,176544,29,3,-0.3244639077992676,-0.2935139310995489
81,1,163567,42,4,-0.7175414699047855,1.5666385400735243
83,0,133374,20,1,-2.0037881492971903,0.21563325689205762
18,1,197622,26,0,0.49951665952812846,0.5325357874086204
46,1,151302,48,0,0.4207753943676546,0.7314087472215001
49,0,146540,58,3,-0.20744293948353504,0.16264022601927702
27,1,91704,38,0,0.8961216617465403,-0.6435398017089509
65,1,32329,52,4,0.3960749241461738,-0.5208660755726179
33,0,110345,71,2,0.6616658600856142,-0.5289499286326284
25,1,169034,21,0,0.2838484143113877,0.20862526791367025
35,0,190372,48,3,-0.21289150062957346,0.3711362257707517
33,1,57756,42,0,0.942106274212039,-0.9531975221088819
79,1,79969,28,4,-0.7213955562830033,0.15564318518435005
71,1,181114,29,4,-0.8165152326237147,1.446047517516557
29,0,70145,54,2,0.4954783374757782,-1.3988321962420875
87,0,138361,34,3,-1.7924539277127816,0.5448637706101391
35,1,93404,92,0,1.9719836516774083,0.2197917815637781
86,0,199141,32,3,-2.0158745517781083,1.3678641896960182
72,1,167283,74,4,0.28515069282855626,1.8286118758665666
22,0,115032,35,1,0.07933764158180572,-1.140218400427496
20,0,99672,45,1,0.42560484758464456,-1.2774707092168833
69,1,44988,100,4,1.399968223672678,0.34061082117714875
34,1,150561,15,0,-0.044048050806261084,0.058848776940181764
41,0,162207,25,3,-0.8358625622965757,-0.19142930569048128
85,0,113099,19,1,-2.014753163206707,-0.04465413642929974
51,1,69299,87,0,1.4963014034929645,0.1488302961575085
67,1,40579,31,4,-0.1911877827266588,-0.6219661517277615
83,1,149280,31,4,-0.9890836817939606,1.2676618156992616
34,0,147407,17,3,-0.7884319636184494,-0.649318265268141
39,0,175787,73,3,0.32834591719377615,0.5573031199052261
18,1,143504,60,0,1.4979675932849024,0.18150149733508
49,0,104303,4,1,-1.3660760951866802,-1.112282857748908
80,1,187766,38,4,-0.8671946064891641,1.8418605162054482
74,0,62089,87,2,0.09100210835221366,-0.1595189816225416
21,1,75949,47,0,1.3285653213196431,-0.8828073334233103
25,0,88106,58,2,0.640802572401248,-1.1763070525433976
49,1,80811,53,0,0.694280240441763,-0.15115311591872163
75,1,80555,28,4,-0.614425470207475,0.0800799477578005
32,0,98739,95,2,1.3050678272877707,-0.41755233959984545
22,0,95326,27,1,-0.047499108600291384,-1.5213429787291963
83,1,25186,30,4,-0.5996497039267938,-0.5186758067631303
50,1,75016,2,0,-0.5408254703991654,-0.8468710281550875
25,0,157147,37,3,-0.09456184484175705,-0.4503770600591709
68,1,89439,76,4,0.7015840444430745,0.6567585671601947
72,1,156751,32,4,-0.6903780727135695,1.1560524733474011
52,0,197076,97,3,0.48090822654799736,1.4327209378486407
33,1,163359,60,0,1.0233481367364465,0.7801014924128001
50,0,46454,88,2,0.8206985496113625,-0.8742309571934399
71,0,71975,69,2,-0.29337122935581045,-0.3048715570767402
59,0,69600,72,2,0.11349802594547141,-0.55335588808191
50,1,53912,1,0,-0.4945667997071686,-1.1609788962380134
35,0,168451,12,3,-1.0060960531242766,-0.38965532635526895
65,1,185861,26,4,-0.741136088094572,1.3507091367396893
42,1,195654,40,0,0.18941224422338931,1.1820455937903032
31,1,36849,8,0,0.24810919391947253,-1.716606668792626
47,1,187633,15,0,-0.5215753072981408,0.8615937128066963
80,1,128018,82,4,0.39064062535437877,1.534633124444429
86,1,180641,81,4,0.027847827801995576,2.4003539755485583
54,0,193374,81,3,0.05378327296808328,1.222911986684643
53,1,194303,65,0,0.49593760911662904,1.7042860035287641
48,0,169021,10,3,-1.410119059821069,-0.13355953787424682
41,1,146396,50,0,0.621401064838259,0.5812104313326135
26,1,176883,75,0,1.5298359247034239,1.0129610065129613
58,1,77666,48,4,0.3393714448034329,-0.06938896923258532
86,0,89618,30,1,-1.6990553771821857,-0.2226114349643841
25,0,69417,49,1,0.48651460874742397,-1.5553224448778427
71,1,125620,55,4,-0.005978856414032972,0.9759138107858991
85,0,142923,65,3,-1.0072579278500293,0.9533969333510935
67,1,87282,24,4,-0.5152450182582057,-0.04135329575407339
77,1,147360,12,4,-1.27648839235715,0.8781601440064931
45,1,61043,26,0,0.21938634093355647,-0.8532494590003792
89,0,176269,32,3,-2.021354275979313,1.1038667084046587
84,1,180961,65,4,-0.3037562129760465,2.1640989967458344
64,0,74184,4,1,-1.6741760566310295,-1.2280552264478595
56,0,189816,87,3,0.15555227892792087,1.2885930658947504
46,0,75480,16,1,-0.8995929554976372,-1.4381147383704618
80,0,51849,59,2,-0.7120094749323725,-0.5279923161707688
26,0,60873,42,1,0.3193164733399255,-1.7434738487890529
84,1,196453,92,4,0.29430855271726875,2.721130392858336
29,0,78823,24,1,-0.25531116594539305,-1.6476424507773222
33,0,155602,17,3,-0.7885080308926476,-0.5531567280074063
70,1,96953,45,4,-0.12385066800776717,0.42085038270729197
56,0,34007,84,2,0.602539635676032,-0.9759641104565367
87,1,21701,30,4,-0.6969599665680004,-0.4845534282349793
50,1,40260,44,0,0.5856084637161137,-0.8216981788579555
62,0,105875,45,1,-0.7387527631261283,-0.3074291713782959
90,1,160305,88,4,0.15512427666288495,2.2805942741758036
31,1,134749,91,0,1.9190773076800292,0.7144448754443105
23,0,147907,54,3,0.3997498842844921,-0.41314374617784844
62,1,121849,55,4,0.25166267525831426,0.7331427316939968
30,0,84733,68,2,0.7565128823634558,-0.9953115618537737
79,0,82390,87,2,-0.11279670007207267,0.23560643654369695
89,0,189514,55,3,-1.5120520099170434,1.5790626773122303
64,0,184800,94,3,0.12285789954483577,1.471770972986119
39,0,174532,16,3,-1.0390316214865591,-0.16907328941232877
89,1,130094,74,4,-0.05385251675379882,1.6537447199635227
37,1,24170,51,0,1.1616582371634518,-1.2375069763766302
57,1,150628,60,4,0.4122331300960655,1.1017535921191326
18,0,193366,13,3,-0.6021319258962856,-0.3778148274851142
25,0,42672,56,2,0.7440693413116727,-1.850638073568247
64,1,110253,55,4,0.23584061403432746,0.6093493148334187
27,1,199621,74,0,1.4027769986296705,1.346554303651525
60,0,72894,12,1,-1.368455350294226,-1.231005998972239
24,1,31376,66,0,1.8525824406379316,-1.2208725741913102
29,0,182099,65,3,0.38712077585938015,0.33825265173925
76,1,101794,100,4,1.0200689245610313,1.2995408748704844
33,0,170713,40,3,-0.2854235056128705,-0.05128651187513266
42,1,37000,65,0,1.3196279436696423,-0.7751767046407332
50,1,32658,60,0,0.9959383762711366,-0.7315085394154076
28,0,92602,18,1,-0.41836847454012943,-1.546230545870824
24,1,186920,60,0,1.1899160933460524,0.9280380902477795
56,0,27626,67,2,0.21474034873683964,-1.2784677731336158
68,1,92798,83,4,0.8588285580812013,0.7917760244571621
62,1,72708,51,4,0.3191567331053962,-0.019036826998172454
41,1,131781,27,0,0.11666380674598675,0.08643047598461213
22,1,140377,35,0,0.7979033112110426,-0.08997624729279888
29,1,94609,69,0,1.5779162788446157,-0.17475321867845459
30,1,78162,33,0,0.7392410097249225,-0.8363095849599284
72,1,113863,52,4,-0.06622110276261434,0.7915477859301696
21,1,96860,95,0,2.4138846550253286,0.012690880682633267
30,1,167920,27,0,0.2957816801806472,0.37219806344258
19,0,49337,9,1,-0.24569009570716413,-2.4654220084600493
59,0,175492,98,3,0.38627646328951654,1.2835040078700666
75,1,107235,46,4,-0.27020249526258067,0.6851840996239762
40,0,183235,87,3,0.6131718174871312,0.8587583067134897
48,1,27631,27,0,0.2730896337794666,-1.2554862743409014
27,0,127407,24,1,-0.3627376556661114,-0.9951099897863657
71,0,181441,63,3,-0.802500031215925,1.1853595984556886
75,0,57071,15,1,-1.6520040021668518,-1.1051326315713972
82,0,38671,52,2,-0.8909972316650586,-0.7614011874782094
76,0,132151,17,1,-1.8812855553305623,0.013969429486370968
82,0,163909,13,3,-2.2467409490569246,0.5441414737409389
20,1,51616,80,0,2.2309372159606045,-0.8414823214083041
39,1,156933,91,0,1.6273120799470395,1.1994425819052044
65,0,78395,26,1,-1.186064517209855,-0.8734429072523351
77,1,192417,76,4,0.11337262541343977,2.3176818672708723
85,1,151908,90,4,0.36738238715046706,2.0804925300653547
41,1,84488,12,0,-0.08668679058001437,-0.7760479271167812
72,1,23966,90,4,1.14769962483477,-0.021228207145581945
36,0,186432,79,3,0.5189421731860945,0.7210893416356579
85,1,31571,25,4,-0.7956988856342915,-0.4475765133963493
48,0,157398,3,1,-1.5398269122445576,-0.38670988856078514
20,1,86102,90,0,2.3566500835916093,-0.22422199240652532
67,1,71136,84,4,0.9823021202310738,0.4735640188586734
64,1,109955,49,4,0.0924589178813237,0.5305171947108549
59,1,83809,55,4,0.46010865162627174,0.1264104450587419
55,0,94197,62,2,-0.10016393168366167,-0.4099718232651114
54,1,46327,53,0,0.6730317689782654,-0.5391727321604745
85,1,52329,15,4,-1.1054915345021648,-0.2751304577885619
53,1,119006,41,0,0.16933777021017699,0.3296353951786167
84,0,51330,30,1,-1.5170137118886178,-0.8119038426252669
38,0,147919,85,3,0.73718552483297,0.2870928690025357
59,0,77933,45,1,-0.5639545608319143,-0.7698117535789082
40,0,22470,3,1,-0.8723848534390626,-2.48336961490476
32,0,50208,45,1,0.263656830392127,-1.7327325714825965
66,0,32249,7,1,-1.516717515771751,-1.7482549033900936
68,1,76073,87,4,1.0108080877901902,0.6024089766636737
40,1,116177,68,0,1.1824491614133192,0.35196516180745124
38,0,129954,25,1,-0.646699579448598,-0.7154371182156869
44,0,43876,57,2,0.24673703834372732,-1.4222831517293697
44,0,27833,100,2,1.3348794069175662,-1.1171814938960767
36,0,103793,40,1,-0.1441298932721592,-0.9449448944278448
74,0,152126,97,2,0.03161223310635831,1.2518362603371334
59,0,172384,92,3,0.25225803165891514,1.1645032732237013
87,0,48662,65,2,-0.7476300738624869,-0.3520827894205298
21,0,89626,12,1,-0.3622120039902405,-1.8102394218417706
61,1,75018,20,4,-0.40724558086275725,-0.3922905982630061
32,0,184478,96,3,1.0434374119674885,0.8205051369335782
56,0,187105,76,3,-0.10010122928515071,1.113123860768797
32,0,62958,76,2,0.96710805539701,-1.1651829075456777
76,1,25805,44,4,-0.07422331851307869,-0.48272043459619857
37,0,151485,78,3,0.5840967396300581,0.23008245058721813
51,1,27708,55,0,0.8648894817814405,-0.8434267271686181
21,1,114795,55,0,1.3916252448260171,-0.22807874018013052
63,0,171664,6,3,-1.9236358012042178,0.1692821416182268
73,1,39737,100,4,1.3085424895533802,0.3494884405419426
76,1,142531,82,4,0.4512042398984131,1.6581546893214314
49,1,188218,32,0,-0.16892439269679072,1.1232142661812212
65,0,77561,38,1,-0.8945361895775004,-0.7362203462844444
49,1,128283,13,0,-0.4264000751661605,0.030305151898059088
58,0,169983,3,3,-1.854068450045391,0.0030412776245950708
45,0,32207,87,2,0.9802622429983203,-1.195243875742463
36,1,180396,25,0,0.04270116410321816,0.6515936349418096
48,1,36002,7,0,-0.2360524601858073,-1.3843979810582077
76,0,142010,20,3,-1.8419496177567394,0.1921887803042759
71,0,158378,24,3,-1.6640866340395335,0.3709571698192279
57,0,39061,50,2,-0.2596547120285848,-1.305308833434918
22,0,72430,35,1,0.22129272883568066,-1.7492089043217967
48,0,86830,34,1,-0.5587498959665337,-1.0101810875754955
88,0,78811,41,1,-1.452819590544682,-0.19841040723806416
75,1,61014,64,4,0.3169355497704487,0.24817715988885639
47,0,199013,29,3,-1.0256389526844798,0.510332956833801
38,1,159767,71,0,1.1638506263309234,0.9703951118647037
82,0,84480,66,2,-0.7067642091735857,0.06743490517619455
19,0,147862,93,3,1.4472578862063348,-0.013007456223079156
19,1,89768,49,0,1.3851049635540351,-0.7023789817257757
37,0,177047,47,3,-0.24701476664965832,0.21019825271288858
38,0,55930,46,1,0.10526880473929377,-1.512598500796747
69,1,170584,33,4,-0.6307168474966127,1.3032672363903899
29,0,25380,25,1,-0.053170092740046866,-2.3991750477854348
54,0,120441,33,1,-0.8581923785367407,-0.41623450669432294
72,1,26017,55,4,0.29867987401452883,-0.426914173589295
22,0,181537,87,3,1.1089819563233134,0.45675543083470077
86,1,135625,63,4,-0.25527734704226834,1.5331388927541194
22,0,110987,61,2,0.7184396418437712,-0.8748947944766396
50,0,93941,100,2,0.9512153808070595,-0.0462654701029145
69,1,123623,47,4,-0.137362810861626,0.8059672545348117
29,0,150800,59,3,0.3470382126099344,-0.18373506228095265
35,0,131116,25,1,-0.5688794734746689,-0.7617814950423797
74,0,95112,31,1,-1.3665314842294176,-0.3834667656555483
67,0,135760,16,1,-1.6722975332708838,-0.13573413829487832
44,0,89947,3,1,-1.206149200435686,-1.4348539182847975
42,1,77641,34,0,0.43827136061650745,-0.5795083977448136
76,0,72216,36,1,-1.2243883360994916,-0.6066487953650098
39,1,124407,19,0,0.003196675549980156,-0.160379653325009
56,0,54366,66,2,0.10157694547516333,-0.9086513731465239
56,0,148363,74,3,-0.01913302485298834,0.5344541808091711
49,0,45933,84,2,0.7534154838432787,-0.9523784298260601
18,1,149468,53,0,1.3096577005925558,0.17975521199732944
54,0,84074,5,1,-1.4107615296147957,-1.2841002432292705
26,0,114811,91,2,1.318648238524217,-0.3634299050459902
20,0,134932,15,1,-0.4137591389448902,-1.1462944472853256
58,0,75788,50,1,-0.4092642564538036,-0.7593157437781427
50,1,160812,94,0,1.387036658416759,1.5230136496862534
21,0,83007,58,2,0.7667157754909606,-1.333136686257424
32,0,118829,65,2,0.5162521406887857,-0.503229416574361
84,0,37680,20,1,-1.712154686134846,-1.1313160391651509
53,1,169092,61,0,0.4836939730060276,1.2941829379165115
23,0,154729,60,3,0.5213928125570141,-0.24105182493312102
53,0,179044,68,3,-0.1840485147703099,0.8355081391112257
49,0,42181,76,2,0.5734180496076553,-1.1054424828207403
62,1,64403,62,4,0.6115169039443697,-0.0010400267100107701
22,0,152816,96,3,1.4212458527198775,0.15805053328536597
19,1,187782,15,0,0.24038717589143274,0.27614338775587255
74,0,132442,9,1,-2.020293406300311,-0.12327043992113727
28,0,150677,57,3,0.32655385160790845,-0.23133575719616709
69,0,26612,59,2,-0.3283792444418501,-1.1195873212440572
70,0,84672,74,2,-0.188136288693535,-0.08221092921111364
72,0,87335,12,1,-1.7433426626127677,-0.772753515635275
54,1,173654,11,4,-0.7618600868819659,0.7589458118102983
33,0,23519,62,2,0.734418734425717,-1.8819756013258813
50,0,89880,78,2,0.43537334551437235,-0.37774854783991296
39,1,37096,89,0,1.9784987670995668,-0.5384704414023463
23,0,163723,24,3,-0.3748243102971448,-0.5599171428942596
72,1,107356,59,4,0.1238981325047019,0.7855319510948154
42,1,136799,66,0,1.0111478845112898,0.6638667933178317
61,0,97921,21,1,-1.262517057196835,-0.7404046439432246
21,1,126892,47,0,1.1588169994104804,-0.15458323033220311
89,1,48856,32,4,-0.7937802213276022,-0.029548511210410702
53,0,161148,66,3,-0.17254173817942903,0.5548295404196293
53,1,66889,60,0,0.8001844549088127,-0.17922545303679296
66,1,179710,25,4,-0.7719333242082953,1.2713376278362256
90,0,164578,5,3,-2.659315117178052,0.6221551628703971
19,1,183183,2,0,-0.057100174404999045,0.048828032798469104
74,0,51067,25,1,-1.3641428127448627,-1.0876570279748154
82,1,161692,51,4,-0.5219624144651632,1.6726790168394416
46,1,136722,70,0,0.9987315271557524,0.7964209554431319
88,0,66746,5,1,-2.278865543442516,-0.8183116160378975
35,1,78354,5,0,-0.07130059910311952,-1.0766437343151278
80,1,170339,27,4,-1.0738125984347358,1.4560278479719286
53,0,40086,19,1,-0.9000832160063258,-1.7598865543875626
84,0,157124,17,3,-2.182344073011232,0.5388355579781837
59,0,155131,71,3,-0.19556419743597755,0.656870838050664
58,0,51452,21,1,-1.025984619384276,-1.46762847926927
62,1,34658,31,4,-0.035304897374310605,-0.8115311866725541
64,1,133768,83,4,0.8312342048426017,1.293497245724276
25,1,104780,10,0,0.23326372762935285,-0.8465937748059863
58,1,165893,38,4,-0.19523618415766808,1.0675183864842241
45,1,28387,25,0,0.30413769196818446,-1.3324917879299074
44,1,114146,41,0,0.43060798340028095,0.07129719109866456
44,0,159566,1,1,-1.4862531336946447,-0.46451604009010455
45,1,37672,97,0,2.0056949578475054,-0.3048968730369421
72,0,67758,17,1,-1.5577974744503407,-0.990460855321704
80,0,78107,45,1,-1.1363785772587123,-0.32663924765549646
26,0,61482,100,2,1.712909008005222,-1.0139032247311623
80,0,45574,15,1,-1.7498479759707284,-1.1645558271517191
22,1,93041,97,0,2.4475042433395644,0.003941156219618259
43,1,109186,97,0,1.8218628967749408,0.6754172004204786
24,1,185498,88,0,1.868402825576088,1.2557145832809733
28,0,23672,64,2,0.9181871966333913,-1.9598561161913124
32,1,104078,55,0,1.1277981505057642,-0.15044187268291068
19,1,90270,18,0,0.637496449776598,-1.0804928877732232
83,0,159797,79,3,-0.6721485827973837,1.3266406367222352
31,1,89407,33,0,0.6745406135416465,-0.6545786430951476
80,1,139941,30,4,-0.900335401117726,1.0587781899340791
73,0,45910,22,1,-1.391915713330695,-1.2196468595147754
26,1,177066,90,0,1.8901628179904137,1.2020075839146105
24,1,143701,85,0,1.9354882197874925,0.6209453354306246
21,0,65691,39,1,0.36722835968341677,-1.8168122836758571
71,0,141047,26,3,-1.5582127275945885,0.14807000914073554
46,0,193618,51,3,-0.4510576885503591,0.6856586341234853
29,1,161228,27,0,0.34531092213954695,0.2555517130108482
76,0,189013,40,3,-1.5173204809670928,1.112665206110897
76,0,75489,14,1,-1.7646681585833885,-0.8332932186829481
88,1,91691,72,4,0.05321677559562204,1.058935995165349
47,1,121198,41,0,0.32541782234200545,0.23505971728425545
84,0,185986,45,3,-1.6047673417763688,1.2994182155091711
37,1,114092,2,0,-0.3170326860965741,-0.5610893950684261
59,0,39898,70,2,0.16434384202086583,-1.0027998472959254
69,1,151278,27,4,-0.7107615571578636,0.9527180255673221
86,1,175981,98,4,0.452437080432236,2.5450278613725095
83,0,112428,81,2,-0.466184377518302,0.6743638521768585
85,1,32426,46,4,-0.2932365100488808,-0.174351530522705
83,0,81572,38,1,-1.3980535280009836,-0.30115341154674025
44,1,81482,100,0,1.959132678311188,0.3376629601217782
42,0,63706,40,1,-0.1739391592557883,-1.3920737173802635
41,1,136835,65,0,1.0141961607965262,0.6309676920367822
22,1,161922,22,0,0.41330094750760393,0.05643375650789798
86,1,67489,73,4,0.21238460664495806,0.6834299834421828
32,1,101052,82,0,1.787567162613972,0.14187692422967962
25,1,117776,66,0,1.5374563700129633,0.03519012017748779
53,0,171728,43,3,-0.7612318253257688,0.420209102127562
34,0,26978,62,2,0.6956622448514891,-1.8115445999174413
57,1,184121,27,4,-0.4934303301337265,1.1703846771568427
53,0,21521,86,2,0.7739614405376075,-1.1925476026623767
36,1,163146,91,0,1.688301634638885,1.22530164705706
81,0,82568,31,1,-1.515348080626257,-0.41588668250513855
25,1,21068,2,0,0.3197028169564693,-2.1426764816523227
80,1,166869,47,4,-0.58100123736067,1.6549987645757651
86,1,105604,37,4,-0.780867258613785,0.7808458838253924
59,0,169412,58,3,-0.5559620225306153,0.6994428290752424
47,1,162856,9,0,-0.5833899741828565,0.43283721014743026
81,1,133876,75,4,0.17545326017761362,1.5523565911281605
29,1,40923,91,0,2.2861783982565815,-0.6687566117264935
58,1,82986,95,4,1.4525794572751347,0.5908090536123956
41,1,52426,19,0,0.18858483787947056,-1.147369436028912
56,0,45336,1,1,-1.4323928981975125,-1.845600140166678
36,1,184430,51,0,0.6548829458326251,1.0324055813687483
40,1,74201,52,0,0.9373192234104915,-0.4469360686888412
26,0,110714,15,1,-0.4964458585605493,-1.3665778097828676
85,1,44717,13,4,-1.1282523067897134,-0.4088005042514134
30,0,72499,73,2,0.9175902942312204,-1.1080515931956216
32,1,125579,70,0,1.4170908540815172,0.3433429696363175
90,0,25955,76,2,-0.4889727056961583,-0.47700583162778554
39,1,149372,4,0,-0.44092643702860285,0.010061426940443402
75,0,109928,87,2,-0.09563398246906764,0.5453188214109174
56,0,34683,47,1,-0.2900233361243641,-1.4261629529769986
67,1,20221,94,4,1.3925815905231784,-0.12997275140899903
64,0,140592,1,1,-1.9676429889842355,-0.3160469175195881
59,0,86752,3,1,-1.603963230919595,-1.165750921347156
33,0,108023,47,1,0.09190437401819514,-0.8604316242160848
25,0,111089,16,1,-0.44640228227551026,-1.3697735313027053
23,0,48750,92,2,1.6445260672119284,-1.3582903337341696
25,1,92167,49,0,1.2137271365388083,-0.5421755069350546
83,1,94791,23,4,-1.0000192113772235,0.38931840501984544
29,0,54806,78,2,1.1240884408848875,-1.3198123871728145
42,1,31848,75,0,1.577419487150821,-0.7245368533949819
34,0,78571,48,1,0.18687381630626465,-1.2480307310603518
46,1,186220,98,0,1.5075465762965596,1.8519927693133238
44,1,62846,90,0,1.780605667377664,-0.053023511156779515
53,1,110564,27,4,-0.13940667769361326,0.03495610640708964
78,0,59085,68,2,-0.46509735611262065,-0.35466621023521094
22,0,82922,97,2,1.6782036749138507,-0.8286471446946524
31,1,75747,19,0,0.38318318139511454,-1.0238486189076692
58,1,131486,12,4,-0.7062114059799829,0.2525280311848947
19,1,60113,72,0,2.037355289406719,-0.8404333911353137
60,1,108776,85,4,1.0715582124934142,0.8771569672000917
21,0,64239,98,2,1.7917508438209344,-1.1042747009456662
33,0,166384,51,3,-0.00631185425470544,0.02354673373211592
64,1,119430,58,4,0.2774490592253315,0.777819557072949
24,0,23171,60,2,0.9325295208551025,-2.100672719311188
61,0,151290,76,3,-0.11691464556027882,0.7060777584305387
35,0,146747,36,3,-0.35627698932901364,-0.40162243239062057
89,1,192904,20,4,-1.5625151558323205,1.880455959996675
43,0,39329,12,1,-0.7936911378584682,-2.067558825993409
59,0,124797,44,3,-0.7441735994134577,-0.11232517612669932
83,1,44599,54,4,-0.08683752531573768,0.057119693384841574
31,0,66734,96,2,1.4630055335498169,-0.8836162953832729
77,1,103885,1,4,-1.3963112546658751,0.11997442555376472
79,1,168216,48,4,-0.5341964842485047,1.6656976670122032
77,0,156749,100,3,0.006703132202432985,1.4181626443625257
36,1,147928,82,0,1.5224478734202003,0.8959037853319084
62,0,145722,5,1,-1.8340256438645433,-0.23496936823908998
83,1,59717,55,4,-0.11315011008919341,0.2856584061156413
26,0,110765,55,3,0.4658819944501748,-0.8687004662065485
56,1,68412,89,0,1.4112284984043366,0.2659331991191685
32,1,170822,86,0,1.6513347475310751,1.188945575096759
44,0,88647,96,2,1.0359899236398227,-0.2975674547360838
28,1,74274,56,0,1.3600938873542747,-0.6479978243356537
73,1,127386,98,4,0.9683603857111774,1.5775630161971832
25,1,181174,1,0,-0.2378524497552865,0.13359096622846614
70,0,48965,35,1,-1.0075915332889387,-1.0773578283240668
31,1,60774,66,0,1.5640099579070699,-0.6537366083514787
68,1,116773,33,4,-0.4241813204732718,0.5130604063333928
82,1,165707,28,4,-1.088777116704182,1.4442126873200591
49,1,146536,34,0,0.01809003132289513,0.5522324676845486
48,0,74628,66,2,0.2519068970807888,-0.7868885770888158
29,0,34713,82,2,1.2872905595303359,-1.5573245928724109
69,1,118631,96,4,1.0583309394846496,1.3436138837271228
81,0,25446,70,2,-0.3865752266535951,-0.7477192558583612
37,1,90112,61,0,1.1825558561052432,-0.17058688279809162
83,1,140264,73,4,0.05158141644707023,1.660784891986659
23,0,129547,65,3,0.7256145479251583,-0.538881970457951
85,1,39629,90,4,0.741509781211258,0.4754776296675292
39,1,140407,84,0,1.5139416246599708,0.8762044315709087
73,0,85051,66,2,-0.46359075385578347,-0.11326780229209739
29,1,197175,75,0,1.3805284603438643,1.3659877520206625
53,1,65177,30,0,0.08401570536228983,-0.5765595171457985
67,0,162972,55,3,-0.8245359071388937,0.7379777500067966
30,1,191385,23,0,0.12134364410831594,0.6579126065707379
42,0,111066,86,2,0.7751239740849285,-0.14334762116236843
35,0,163604,93,3,0.9591127724550502,0.5477827042580192
77,1,97080,99,4,0.98448342826272,1.2407111094085521
46,0,118552,43,3,-0.39342813127331083,-0.4868305349389414
66,1,186886,43,4,-0.362720629959153,1.5976344282176251
58,1,174120,55,4,0.1864120044511488,1.3964103987737364
18,1,31004,9,0,0.6456467025804659,-2.060536660126236
44,0,173319,28,3,-0.8823938067897785,0.06765655863560402
79,0,57555,38,1,-1.2091032294540434,-0.7284135967060599
58,0,104897,15,1,-1.3484445807427867,-0.7782108305830598
49,0,32601,87,2,0.8700266767690714,-1.10567165531473
60,1,122978,96,4,1.288922299842811,1.2168886454552272
45,1,144351,65,0,0.880229217368505,0.8223480521935231
24,0,198041,15,3,-0.7329687743992168,-0.16021878918492366
26,0,102485,87,2,1.2634702026374038,-0.5893434339539081
27,0,106768,41,1,0.11509558408280109,-1.0788540012847712
79,1,181345,59,4,-0.31325702934304483,1.9900909383691046
80,1,168229,25,4,-1.1149067092996003,1.4010082346442922
21,0,25565,52,2,0.8137448935259158,-2.228835464155114
18,1,174301,55,0,1.2750359894849828,0.5595973975044453
40,1,159991,66,0,0.9883306519979886,0.9534236457720043
21,0,72166,92,2,1.6209624392349198,-1.0655314280225838
79,0,100096,7,1,-2.096790845458269,-0.5055850166445807
63,1,69467,35,4,-0.08227365151517153,-0.24324084756587688
41,0,57596,40,1,-0.12634921265348598,-1.500400447294966
42,1,76937,39,0,0.5609293988389695,-0.527428455613555
41,1,48815,40,0,0.7059284730225499,-0.9379853899749465
85,1,121775,73,4,0.05872767634511902,1.4384568630575536
69,1,175679,36,4,-0.5755066778285814,1.4133857759658073
39,0,67160,24,1,-0.4887553947998868,-1.6045135497069365
20,1,197042,91,0,2.0110468464816247,1.3740807704665132
52,0,133242,57,3,-0.26888685029461473,0.023073224104485205
86,1,69020,37,4,-0.6589648852018382,0.25788197146284875
90,1,115968,50,4,-0.6115123050625534,1.1745112629853818
54,1,90415,28,4,-0.07543597200764694,-0.2196577260902294
47,0,95167,66,2,0.21069910836013647,-0.5142710335356244
18,1,54340,65,0,1.9153851972197202,-1.0309436995996635
23,0,87266,66,2,0.89056246860415,-1.1308551100587074
27,1,179215,36,0,0.5563993908239432,0.5825620804216332
82,0,176612,56,3,-1.2543837769104809,1.2601637696885357
83,0,101586,32,1,-1.6091172985237518,-0.08962791664885826
40,0,166513,33,3,-0.6304804465039491,-0.05143089820245649
22,0,189414,50,3,0.19242436963828394,0.10949402361170997
46,0,193183,12,3,-1.3880435616988511,0.1947207640082262
54,0,76751,9,1,-1.290110616645888,-1.3390668234950793
21,0,146006,77,3,1.0139818342960454,-0.19642805777464384
58,1,92832,29,4,-0.16834997748691385,-0.08873825456485653
80,1,33566,23,4,-0.7143179723929314,-0.548840688638304
36,0,34352,52,2,0.3760053699788659,-1.788451207707085
53,0,36834,19,1,-0.8892471532921433,-1.80637350614251
20,1,139977,91,0,2.2011944229837224,0.5583434082598502
66,0,156388,80,3,-0.17380541488166093,0.9335929370969631
23,1,150013,9,0,0.11294073597920422,-0.25439216636733464
64,1,140349,88,4,0.92961772988154,1.4497153931245355
32,0,101020,59,2,0.43121924348659657,-0.8323791911190903
55,1,89694,38,4,0.1403602587264298,-0.0846922494797622
22,1,197456,76,0,1.5942693210376753,1.2355382555241115
51,1,113899,37,0,0.14456649619309972,0.16494659068619547
43,0,40561,5,1,-0.9662334263799934,-2.136948486394016
35,0,71191,15,1,-0.6098264741357824,-1.7426892919697747
42,1,100684,61,0,1.0111752685131463,0.08546364187986816
36,0,24247,13,1,-0.5287588775711808,-2.417620573354429
51,0,162562,64,3,-0.17091689414598935,0.5082150676407832
37,0,175983,53,3,-0.09909471950750427,0.26956074543993
71,0,174559,1,3,-2.271439939901167,0.3164023578431077
53,1,181621,70,0,0.6585078119118086,1.5851418656720897
48,0,35589,22,1,-0.6767579388999181,-1.8918095564889217
55,1,106105,72,0,0.9037999172161145,0.5724770952328837
76,1,65065,81,4,0.6852680049006042,0.5383587601030994
60,1,177525,95,4,1.0831025632806206,1.9842027906605912
25,1,177678,4,0,-0.15401601478050808,0.12090218645371395
77,1,119211,61,4,-0.0036326788275028925,1.0847802228330863
62,0,120080,60,3,-0.4251488930181869,0.08206022198518326
79,0,25506,15,1,-1.6557482620361506,-1.4724105006689907
77,0,57023,1,1,-2.0431796421853137,-1.2378506737405883
62,0,92947,91,2,0.41119737787529975,0.07948716241577913
65,0,37745,62,2,-0.18436572114531474,-1.0070963299906464
25,0,32913,1,1,-0.5468469371654424,-2.6737207323893504
53,1,96696,57,0,0.6286765420518527,0.20957593055850612
85,0,91566,26,1,-1.7745654536640814,-0.2654648473623901
88,1,109388,55,4,-0.41481335944691744,1.1006244678989778
73,0,152729,1,1,-2.2531610583770165,0.04631513278445746
36,1,170197,100,0,1.881368841179442,1.4379532188121453
60,1,116946,68,4,0.6352732095166854,0.782658112329359
30,1,38755,72,0,1.8089853117351788,-0.9149083482458411
90,1,62889,29,4,-0.9399579096807239,0.15475043495479784
85,0,49008,97,2,0.07567659968806517,0.008611864270735169
75,1,35172,57,4,0.2346071486793589,-0.20823209824036212
28,0,150670,10,3,-0.8043577282686062,-0.8155850793418752
37,0,103573,98,2,1.2249942935527391,-0.20623971703199812
74,0,181613,42,3,-1.3900765291594421,0.9897704860715845
29,1,31828,76,0,1.9555473816328126,-0.9851991651552309
58,0,120684,49,3,-0.5829256777470595,-0.1299614913732082
29,1,58293,100,0,2.4448614316275052,-0.3085961669211924
64,1,194506,97,4,0.9657219689515315,2.335741611056911
69,0,195270,78,3,-0.43318192804691424,1.5275040979754932
68,0,184312,65,3,-0.6822496332121907,1.188302587830638
59,0,127095,30,1,-1.0887050441039392,-0.2534774471097472
47,1,57911,36,0,0.4159856417896694,-0.7317639301824376
27,0,48624,41,1,0.30883852087659713,-1.9100155396733494
84,1,196985,62,4,-0.42933747995675287,2.3558740408459187
37,0,135173,16,1,-0.8534212528821397,-0.7736755142102193
41,0,77644,10,1,-0.9150249501030258,-1.5866779092552463
69,1,192924,74,4,0.2814037695341973,2.132191881576576
35,0,36635,72,2,0.8768777071821877,-1.5282268523005649
85,0,81933,17,1,-1.959029119636367,-0.5150258008614099
56,1,134755,7,4,-0.7829549837251428,0.19514443909412515
57,0,187034,56,3,-0.6083442216925844,0.8845197812792333
60,0,189822,46,3,-0.9399506597754755,0.8630418603628047
50,1,148776,61,0,0.6330814083081272,0.9408131152740876
90,0,191530,65,3,-1.3053757987551429,1.7531532421617166
20,1,162450,73,0,1.693187625594114,0.6558755231867017
87,0,90117,34,1,-1.6316990047167734,-0.1447784497052599
34,1,97134,28,0,0.4467890458164783,-0.5433106105786054
90,1,81591,41,4,-0.7135259292760041,0.5712377835870952
90,1,85698,7,4,-1.5453340793922559,0.20737079930126612
28,1,98079,99,0,2.315457834330714,0.22672623618249202
27,1,144694,69,0,1.4654882730925358,0.49923585811329413
41,1,81760,48,0,0.7886512520259689,-0.3676108872317495
64,1,28976,6,4,-0.672394251228982,-1.16150237000082
29,1,173133,56,0,1.0034529011831812,0.7861647875961484
65,0,34875,20,1,-1.1854252100933649,-1.5701283572495395
57,0,165206,71,3,-0.17467397772851248,0.7589217414981809
77,0,110780,8,1,-2.053867443636168,-0.3823998232868452
25,1,184044,69,0,1.3888306035141178,1.0197693915196309
73,1,104467,9,4,-1.096828281847199,0.1437836695377681
25,1,23787,19,0,0.7197043368782372,-1.8925206717817065
81,0,37455,5,1,-1.990649597830479,-1.3839180296520897
33,1,124731,88,0,1.8258098226392598,0.5759226573418827
34,1,112385,100,0,2.1284668682293746,0.5695675620542172
82,1,26622,19,4,-0.8418908471056348,-0.6558491513516048
43,1,197565,38,0,0.10768899087981608,1.2054907047758674
79,0,186610,54,3,-1.2541311958449102,1.315271542729057
83,0,148063,9,1,-2.3174205908518286,0.2888949744401763
83,1,82039,7,4,-1.3425271004130368,0.008170765571086671
54,0,55842,94,2,0.8248685413547573,-0.581518334828561
39,0,102743,26,1,-0.5591974239202095,-1.071001397605207
79,1,115713,14,4,-1.1773731736483146,0.49259749119883217
35,1,75384,42,0,0.8289062619550669,-0.659237347921926
47,1,97933,33,0,0.21044009651408271,-0.19694034112072192
24,1,69375,65,0,1.7019026689571348,-0.6901101133773574
74,1,68263,68,4,0.4162614496077345,0.38053057055576833
64,0,128838,6,1,-1.8081649959672728,-0.42192540616697877
44,0,141216,1,1,-1.4251086838775326,-0.7268270993469567
18,1,184846,96,0,2.226458992651642,1.2199139258549603
71,0,56779,58,2,-0.507423186835005,-0.6588123466616476
63,1,59980,46,4,0.21402508824390162,-0.24214059616281597
82,0,109525,94,2,-0.11646876595224238,0.7734540034056339
57,1,63250,36,4,0.1258886643907322,-0.4455934689221337
72,1,119344,38,4,-0.4213586937074754,0.6958961199397408
27,1,73025,95,0,2.3299217324516337,-0.20211754253995662
38,1,20968,13,0,0.23072411456626468,-1.734585064166178
50,1,173657,58,0,0.47798753140752115,1.2591979169675203
86,0,160727,16,3,-2.272873510502928,0.6198813239448432
50,1,84830,59,0,0.7980324308978095,0.001855264333006859
24,0,58127,48,1,0.5273025056663722,-1.7501253639868546
55,0,183439,68,3,-0.25315454858423864,0.9403041581403654
31,0,150415,48,3,0.029172832254411075,-0.2839843563669996
37,1,126411,65,0,1.157852916762322,0.3980178190561215
81,0,152430,11,3,-2.2293857257470635,0.3342081145793585
53,1,115955,22,4,-0.27768237456963407,0.049876269711082534
73,1,139278,76,4,0.3993609984875699,1.4741261688865912
80,1,132966,13,4,-1.286155407229051,0.7477833681726094
25,0,196738,18,3,-0.6836703617796767,-0.12057388640786643
47,1,167905,16,0,-0.43177674774859454,0.5920130156811326
64,0,40703,81,2,0.29019498851747655,-0.749651637786672
43,0,147922,1,1,-1.4202232205916394,-0.6519506393196528
49,1,111951,17,0,-0.27573006964126584,-0.15344400781434273
90,0,137820,28,3,-2.016717950514479,0.5255130225980309
36,1,146696,100,0,1.9596770545392213,1.1020092295153998
28,0,103324,5,1,-0.7669072752805925,-1.554534034949523
75,1,56812,94,4,1.0528104724078926,0.560971300049904
48,0,193948,64,3,-0.19380686181088289,0.8939191624750766
52,1,60679,63,0,0.9202949481164705,-0.25169554816296325
76,1,180896,25,4,-1.0481919964251907,1.4981414499088617
56,0,71302,81,2,0.40608078874656317,-0.48012266082770594
38,1,168838,58,0,0.8208131600126973,0.9384907748931951
66,1,49966,29,4,-0.24336062971019604,-0.5336225320090434
26,0,138160,24,3,-0.3713372925660412,-0.86238214791642
39,1,143369,67,0,1.0950103162144418,0.7072578384653156
86,1,172915,84,4,0.12577914139946522,2.327197850778903
77,0,127920,78,2,-0.42660889038887917,0.7326239635915374
79,1,176687,13,4,-1.4046084621982202,1.3517848341068548
30,1,50033,87,0,2.1323423047104053,-0.5672600704379371
36,1,173820,40,0,0.42554987408306155,0.7440211142771339
56,0,99861,23,1,-1.084703098085792,-0.792740207152416
70,0,155227,59,3,-0.7841708708722344,0.7399337582216351
71,0,44385,56,2,-0.5142497488214403,-0.8608405122180285
30,1,154736,61,0,1.1578355071900828,0.6063104164001012
72,1,97183,28,4,-0.5881399724554235,0.2548201944987632
67,0,199357,50,3,-1.0660874120602317,1.1959534430441339
86,0,172190,50,3,-1.492946509359561,1.2063195993821265
68,0,52796,51,2,-0.5808964235251776,-0.8657048375609337
76,1,169290,100,4,0.795163977157446,2.2643881367560694
47,1,134635,29,0,-0.008105246491715077,0.2779955366877059
42,0,81701,8,1,-1.0038989385587254,-1.5325559844732133
20,0,127394,77,2,1.103229977716524,-0.4834693851187287
57,1,184296,21,4,-0.6383881202792913,1.098314035564442
30,1,149293,41,0,0.6947233549018436,0.2799292288885632
82,1,136170,32,4,-0.8941064321692075,1.071699629107018
87,0,153333,22,3,-2.131091804746462,0.609742231755239
55,0,154048,62,3,-0.2995948017656218,0.4455910763306301
65,1,172864,6,4,-1.1790773862183173,0.9163444210741314
46,0,189588,15,3,-1.303877246586095,0.1806167910527422
33,0,92753,49,1,0.19091077577250973,-1.0538570359502517
27,1,147644,48,0,0.9503471709919148,0.28040289597383644
21,1,27671,42,0,1.369121312576297,-1.6350791177626958
66,0,105122,18,1,-1.4948523938294265,-0.5698282846630905
81,0,21891,69,2,-0.3987919755714346,-0.8109662640558103
80,1,109634,56,4,-0.17372519698126496,0.9486896412144478
74,1,44143,76,4,0.6891318051132512,0.13516771109230225
44,1,129072,34,0,0.21243560791442162,0.19766162581867475
80,1,41363,83,4,0.7034481545447887,0.3083389525023342
31,1,83785,14,0,0.23608735598144276,-0.9710899066198679
60,1,74964,32,4,-0.09108563138231827,-0.26490303978313073
84,1,60196,71,4,0.24302224220742194,0.5123499851620065
73,0,143715,91,2,-0.05750527486485128,1.0360447644311217
66,1,95982,2,4,-1.0463775926433436,-0.2114044113493136
57,1,115110,47,4,0.21777167864951283,0.4324548234743935
72,0,30409,78,2,0.03446310443209466,-0.7662091867393633
60,1,29074,49,4,0.4708870362865885,-0.7096070816518236
27,1,174674,27,0,0.35496855654273485,0.40579065900631317
77,1,133729,78,4,0.3570531264679924,1.5036013290618278
83,1,192037,31,4,-1.1315552480517401,1.878868026088647
58,0,137039,1,1,-1.7924198924818724,-0.49274668453823345
73,1,157561,85,4,0.5550018039193639,1.8473378396919746
67,1,78813,65,4,0.49953496413584153,0.34716037261225696
42,0,33096,36,1,-0.16819266541747485,-1.8793548434245457
20,0,179133,33,3,-0.12791828417686893,-0.2907296921908498
48,1,181112,83,0,1.109169031882043,1.6345139236234376
55,1,116542,6,4,-0.7190988020059839,-0.09862193850181782
79,1,69505,6,4,-1.2159020105305152,-0.26737001312058434
23,0,148711,68,3,0.7339450846516665,-0.22764875553187117
31,1,91553,2,0,-0.07854590979978694,-1.0091917654140792
76,0,51875,72,2,-0.2903616180368982,-0.4499874877247158
46,0,38181,88,2,0.9571879098520023,-1.0764325419745644
77,0,113603,54,3,-0.9564015657992816,0.22967517504971904
29,0,106404,74,2,0.8559077995425393,-0.6319399677463994
56,1,169958,2,4,-1.020567919726381,0.636223583246362
28,1,126691,21,0,0.34324844936843907,-0.3337078338022215
79,1,76524,67,4,0.22851895257613694,0.5911169185194137
54,0,119827,56,3,-0.3027102252801742,-0.13915128820858869
65,0,23667,35,1,-0.7871421082032839,-1.5439147649157272
65,0,93921,7,1,-1.6949855036383032,-0.8876460355637633
87,1,106323,82,4,0.2723162829235553,1.3714007551011353
31,0,101223,46,1,0.14496171791757181,-1.012035538737203
30,1,50922,8,0,0.22844690996816333,-1.536419823286018
79,1,112011,38,4,-0.5875389810033324,0.737966825966851
63,0,144879,93,2,0.2590477987915079,0.8676913270333505
41,1,121559,68,0,1.1372850000680665,0.4498852186355603
42,1,138358,55,0,0.7412662127712936,0.54943672841132
52,0,29078,76,2,0.535386819670028,-1.229793275399283
58,0,21242,42,1,-0.42000985504853394,-1.6384739626525255
84,0,161911,10,3,-2.366732057396508,0.5202641981583995
50,0,72543,21,1,-0.8784169974188897,-1.33401522718301
37,1,92328,32,0,0.4773609737445822,-0.49934194824083
40,0,146492,59,3,0.06185554450887099,-0.01448230493211613
51,1,77019,62,0,0.869016297436138,-0.051530915922284426
20,1,147745,99,0,2.367810052834304,0.7688157017981553
40,1,121061,92,0,1.7436737493645835,0.7200703415225727
25,1,44559,72,0,1.9257990595340864,-0.9368659079979038
38,0,43230,52,2,0.291961430522969,-1.619571238887838
35,0,149517,33,3,-0.4376943032919542,-0.39931173594123476
34,0,119301,57,3,0.2677184656048318,-0.5539418751248019
89,1,157605,13,4,-1.6133316734400083,1.288860015906037
40,1,63731,46,0,0.8278318784040634,-0.6711757144114432
75,0,31424,77,2,-0.07467347723633241,-0.7011735624338106
35,1,189120,59,0,0.8589855265446105,1.1778932230123387
71,1,21016,35,4,-0.13867439898485312,-0.7679620332361954
22,0,185102,73,3,0.7602287122912362,0.3337147735888972
31,0,127619,47,3,0.08106945439548453,-0.6222791624478871
54,1,21173,13,1,-0.20564981025812806,-1.3958944637762898
39,1,76804,22,0,0.2340030423004183,-0.8035727323173076
42,0,135193,65,3,0.18941851156049386,-0.05945789655074399
42,0,53606,26,1,-0.4771589478791005,-1.7104539182088947
71,0,65032,70,2,-0.24617385732189245,-0.3916922055593146
19,1,62031,47,0,1.4294031587089595,-1.1237335005343576
60,0,57625,64,2,-0.06633004158299008,-0.8029817349945014
68,0,94345,91,2,0.24315500558851583,0.22538146171243442
77,0,115894,83,2,-0.2662245600231289,0.6228572674172875
64,1,174870,71,4,0.40552796411839614,1.7319009372988878
19,1,180429,62,0,1.395823178146909,0.7551823885865707
79,1,179534,48,4,-0.5719094479013698,1.8274871257952578
20,1,64695,16,0,0.6473599183770653,-1.4499568653290127
73,0,94598,40,1,-1.121026092695065,-0.29994097510773854
36,1,70343,89,0,1.9494077192652104,-0.1261635737464178
71,1,48514,23,4,-0.5190504437792499,-0.5240258975269905
80,1,178191,44,4,-0.6909148638487299,1.7795592800313962
65,0,54449,22,1,-1.2025232884168404,-1.2654629488885702
35,0,181867,87,3,0.7538835486151029,0.734277863201746
29,1,179900,23,0,0.1868437497169932,0.4727508933587287
87,0,169811,59,3,-1.2956880641265969,1.3051554563188639
79,1,79110,60,4,0.051464970046308185,0.5410825264694209
46,0,44427,52,2,0.0701274599186839,-1.4345801918614705
42,0,176184,15,3,-1.1502907652549046,-0.0949318261560067
56,0,61919,91,2,0.6779705429730387,-0.4899644494574718
64,1,67360,72,4,0.7878269102535401,0.2074870301632426
51,1,42581,87,0,1.5853290552757218,-0.2331003240727135
80,1,85231,27,4,-0.7902223076971463,0.2394191487222191
84,0,97325,63,2,-0.8762140133516103,0.2557365425391299
26,1,23515,12,0,0.5249428832752537,-1.9624248232584383
59,1,167647,43,4,-0.10799918078099102,1.175720154529857
80,1,108549,89,4,0.6239508338385562,1.3433270470975043
89,1,117993,8,4,-1.6016518566855393,0.6604676669628302
22,1,97641,72,0,1.8306153598129498,-0.24102008337414635
35,0,56234,13,1,-0.6081128058834568,-1.9813552365384344
49,0,133755,74,3,0.2201573645375418,0.17873949924230093
60,0,65378,62,2,-0.1402888777092267,-0.7170109408316563
55,0,37514,66,2,0.18496055310936851,-1.1705337106109321
45,0,89210,62,2,0.1887601385580208,-0.69111048654948
24,1,126757,82,0,1.9197603708760258,0.3414467554664092
83,1,31894,95,4,0.9420573284366358,0.38508024747258746
54,0,42261,86,2,0.6776225402119075,-0.875086769372865
40,0,26528,18,1,-0.5249699352496918,-2.2389303751259826
81,1,138687,3,4,-1.5730736059535881,0.7262623133624205
89,1,184970,61,4,-0.5495178590323962,2.2766173894912023
75,1,50377,86,4,0.8817531231237304,0.3695540823693311
37,1,154590,53,0,0.77520769647335,0.6516887684630875
28,1,159032,1,0,-0.2457646234587517,-0.11997125221507307
26,1,188741,78,0,1.5625109491881783,1.2197558236771577
30,0,161681,11,3,-0.8714466404611633,-0.6037854225575083
30,1,39154,55,0,1.3985942335284107,-1.1204927203637125
74,0,63368,19,1,-1.5495059216088092,-0.9863879472484922
53,1,192621,91,0,1.1271658036610013,2.0033884123692087
43,0,92948,54,2,0.038266460965951654,-0.7790759024824179
46,0,133156,49,3,-0.2977157811194135,-0.20349585276032717
60,1,27289,76,4,1.1265208842409524,-0.39954833789793887
90,1,160259,49,4,-0.7831577921792777,1.7952171126191776
84,0,43919,31,1,-1.468256906475168,-0.9054144952349372
52,0,44697,16,1,-0.9604042902059753,-1.752243992095319
61,0,189569,1,3,-2.04914832540841,0.32111842218594716
62,1,25079,86,4,1.3200479680544834,-0.2648829291543944
30,0,173612,68,3,0.46035715727925447,0.27520313218926473
39,1,191965,82,0,1.294019157785037,1.5883624710060376
73,0,91143,54,2,-0.77263938214963,-0.17532788099445512
62,0,103913,24,1,-1.2375264789868772,-0.5964785870910321
27,0,56856,11,1,-0.4404648558623706,-2.165201310962184
22,1,148013,16,0,0.31527277214264965,-0.21696598364436676
32,0,74091,17,1,-0.4896727076876172,-1.7393317510570354
35,1,181214,100,0,1.8718895239115712,1.5744549091640427
89,0,100973,8,1,-2.3479574470083704,-0.2707696050648755
39,1,91412,84,0,1.6771989717329627,0.17582675591480681
86,1,68024,51,4,-0.3187718641441567,0.41764617700461176
63,0,112683,69,2,-0.21116985654913178,0.1091643680036162
27,1,111957,46,0,1.0211357408632447,-0.25459592371169215
73,1,86274,63,4,0.26316504292668597,0.5548671178350227
44,1,76772,78,0,1.4454531905896892,-0.0030974951333509857
90,1,145535,22,4,-1.383781628033876,1.2491641848178066
74,0,69978,56,2,-0.6812207951145427,-0.432036604578416
41,0,138043,81,3,0.5921517561199438,0.15915682569710052
39,0,104324,100,2,1.216155404077662,-0.12867682772502756
30,1,146739,46,0,0.8235458199451043,0.3055636418849348
50,1,92073,17,0,-0.23672481396307196,-0.41661263528204195
34,0,45638,42,1,0.15223594139475669,-1.7933762800029354
60,0,76835,82,2,0.3027838892275078,-0.3046603413108152
34,0,33138,54,2,0.48263681134680786,-1.822917796271581
20,0,173853,39,3,0.03404999187149462,-0.2916344161301237
65,0,31842,90,2,0.5090522524814772,-0.7434751969863329
54,1,92756,66,0,0.8311364306725288,0.2860974788576442
75,0,160958,17,3,-1.9500433337562764,0.40477704595158703
54,0,39775,32,1,-0.6134658211958706,-1.5817740538757024
65,0,64430,33,1,-0.9710943115482052,-0.9860699617028175
50,1,143240,70,0,0.8680900420883567,0.9735350247476473
85,0,150066,53,3,-1.3198086170026109,0.9063607741734744
71,1,88487,13,4,-0.8928698285182843,-0.07690371093171462
75,0,109379,20,1,-1.7059884475250295,-0.29525247835979845
70,0,104816,48,1,-0.880882130786873,-0.1174012521659994
48,1,48128,14,0,-0.1080206654330548,-1.1240573054231027
19,1,48739,43,0,1.377443953259385,-1.3634558841148703
89,0,161866,15,3,-2.382423275374479,0.6866895134464642
83,1,74697,53,4,-0.2111901962878152,0.47493830247190705
75,1,193450,5,4,-1.5440416817700442,1.4080402194311188
88,0,68208,52,2,-1.1528022019574944,-0.21326324259961615
26,1,72229,32,0,0.8438707582863131,-1.0174898567222
45,1,102743,64,0,0.9948097299705874,0.21513795201236866
21,1,134170,75,0,1.8083142649697328,0.29745872403802687
20,1,146525,15,0,0.3506298807598195,-0.2926354923468262
49,1,96273,30,0,0.0893227307337264,-0.21598594705591415
65,0,169694,80,3,-0.19091196079429298,1.1028156091730532
87,1,108559,40,4,-0.7457570240498994,0.8813583882545301
37,1,65659,66,0,1.384348474093732,-0.4579960603557148
75,1,123855,70,4,0.2519163017865787,1.2210539982185755
79,0,162280,26,3,-1.846809106729427,0.619473284138236
21,1,47491,57,0,1.6640153142524625,-1.165323969754681
50,0,130182,19,1,-1.118602101859919,-0.534930018737477
89,1,40270,26,4,-0.9095452853234275,-0.2268566018572682
90,1,90478,91,4,0.4599837362054483,1.3197117684301385
28,1,176107,73,0,1.429835407321098,1.0189807826566868
75,1,76065,95,4,1.0127195606593005,0.8486193441173296
27,1,55453,66,0,1.6906628922152787,-0.8137397055616918
76,0,77485,8,1,-1.9156937439941828,-0.879332882678252
76,0,120509,75,2,-0.4468711866211545,0.5684134711488558
48,0,61024,69,2,0.3694244273553692,-0.944070010104345
61,1,112779,37,4,-0.12400830129473518,0.3587864180642102
67,0,109008,37,1,-1.0778452489061265,-0.2571479245168154
73,0,199307,73,3,-0.6758686408371808,1.6070090303949043
33,1,39254,34,0,0.8112576484125139,-1.3171110641519852
86,0,133960,38,3,-1.6543087995174928,0.5106818221303301
61,0,67182,5,1,-1.5450900569214552,-1.378674300986152
50,1,161998,21,0,-0.3734737080498734,0.6326717220801226
67,1,153051,81,4,0.6371639626291506,1.6072430414597518
24,0,123331,33,1,-0.05090188844849242,-1.0044725827166896
52,1,172945,13,4,-0.6569113674299718,0.731698137955596
25,0,25372,15,1,-0.18484517365255673,-2.6075165204626334
52,1,181678,29,4,-0.301011677641299,1.0553946522188893
19,1,107143,7,0,0.31658665245081163,-0.9760111509653246
27,1,99261,50,0,1.1596901485933153,-0.3863688975135809
81,0,103323,69,2,-0.6701333836099665,0.35309445405884804
31,1,195708,31,0,0.27220775885536885,0.8401240457622074
85,1,86093,24,4,-1.0014353191313359,0.31938025979367834
19,1,59552,98,0,2.6648481745099475,-0.525306421127189
35,1,58755,40,0,0.836191239204352,-0.9218043328762782
21,0,145607,4,1,-0.7412471178403353,-1.1094273711530966
39,0,139523,38,3,-0.3930035559838139,-0.3960911972429167
82,0,103619,92,2,-0.1449141394053493,0.6641710232693321
82,1,58066,63,4,0.11208146006640536,0.34050220978932993
69,0,109989,57,2,-0.6543265205119165,0.04741952443051426
45,0,131178,99,2,0.9392280739550968,0.36867924485104714
27,0,78411,38,1,0.1373972504717539,-1.5215000536903194
46,1,176139,8,0,-0.6244823260571448,0.5893023923527849
90,1,104119,9,4,-1.558590220351201,0.4955542103149251
74,0,180671,56,3,-1.050063442722476,1.150306615166474
57,0,126214,4,1,-1.6569316534482763,-0.6311876536954867
32,1,165888,12,0,-0.1128454733694244,0.19869027051967353
37,0,78546,25,1,-0.44817114304708366,-1.4712933501585574
81,0,61087,72,2,-0.4572105188850565,-0.21337800068105137
26,1,176202,8,0,-0.0800787001685674,0.17050278250126966
19,0,23611,91,2,1.8131525625410274,-1.8140180825584087
27,1,198953,48,0,0.7793792922090157,1.0138589253694672
58,1,33000,40,4,0.2957044748630314,-0.8073137676460582
66,0,25812,67,2,-0.051521955662544326,-1.094548592901337
47,0,72337,78,2,0.5755208048304855,-0.6914786665412335
73,1,66815,21,4,-0.6826178641131314,-0.2453026839204328
24,1,177579,59,0,1.196979005825587,0.7820809028208945
81,0,57123,13,1,-1.86368622698936,-1.0033366568137005
64,0,162806,11,3,-1.8010383127343967,0.12578663659390255
77,1,47524,68,4,0.4036743078882797,0.14702406961290276
77,1,184843,70,4,-0.005764546659492829,2.1348401958048284
86,1,161701,5,4,-1.7377875734443298,1.185027157866207
35,0,192100,75,3,0.43103660061048465,0.7314128851196948
70,1,104221,32,4,-0.46088031726766876,0.3631723759897285
41,1,146420,42,0,0.42882153564299463,0.48212384753432974
48,1,52016,64,0,1.0821462809549773,-0.44704342876670833
47,0,173042,85,3,0.40839651128078763,0.8350882389528744
64,1,62370,81,4,1.0210162050909826,0.24801394445174743
66,1,191531,5,4,-1.2925712411637074,1.1917432592353303
43,0,110098,59,2,0.10143278218379702,-0.47177516187857954
52,0,124538,79,2,0.2894897300615839,0.17208215081076342
68,0,107958,7,1,-1.8234505410983513,-0.6240337682932072
43,1,85786,54,0,0.8651494401431372,-0.19351743344921876
28,0,173353,63,3,0.3953693080874882,0.16738720129423512
20,0,113065,26,1,-0.07620872132555287,-1.3221648178768057
26,1,174278,86,0,1.8032029966891254,1.1124386262978019
32,1,114375,19,0,0.2272392718961993,-0.45068096120472073
26,0,92056,100,2,1.6110326914543567,-0.5768515448554679
37,0,82340,95,2,1.2235579184977081,-0.547049039947311
37,0,118759,51,3,0.04345777492574054,-0.5733069180175235
64,0,53577,32,1,-0.9317625522080077,-1.1746260179837504
28,1,44336,36,0,0.9786020782960168,-1.324532112473709
19,1,66473,53,0,1.558976538783374,-0.9856633951496468
39,0,176537,24,3,-0.8532129690585384,-0.040982392849350034
83,0,91826,3,1,-2.274406680556907,-0.5895784723183031
50,0,78735,81,2,0.544697186301199,-0.4997788694269628
48,0,68126,85,2,0.7307588091141622,-0.6436884461215926
47,1,197727,28,0,-0.24239797072078406,1.1674594367350208
41,1,35491,86,0,1.8571981345758892,-0.5567298289037986
18,0,193054,6,3,-0.7695294171143984,-0.4692757835528921
32,1,134564,24,0,0.2802792725149055,-0.09993807841660053
57,1,195489,61,4,0.28681322265719505,1.7554649389358479
44,1,163902,97,0,1.6123117987933173,1.47856089743265
27,1,128146,90,0,2.0259395783873306,0.5236870336710256
40,0,100908,90,2,0.9596828096026592,-0.28081020670033097
49,1,185119,97,0,1.405460766062084,1.8867804262408112
20,0,132282,64,3,0.7741307802585149,-0.5751692076963091
56,0,196386,88,3,0.15772267818916116,1.3949391391417587
20,0,98366,16,1,-0.2678542989582578,-1.6565723441802014
20,0,153841,59,3,0.5819813250913187,-0.32912941463401724
90,0,110247,83,2,-0.601406870916251,0.8149391983577275
52,1,91009,89,0,1.4448552338027834,0.5050145788753204
89,1,188894,22,4,-1.5010284546197323,1.8479909039699824
54,1,96484,5,4,-0.6490948540790552,-0.4187623708295806
20,0,59384,19,1,-0.06577416119274182,-2.1765292574039266
38,0,173923,55,3,-0.0713363348569359,0.2859557159759779
37,1,61851,31,0,0.5548516296210908,-0.9474357323136458
75,0,86566,8,1,-1.918722071897153,-0.7705060811939988
19,0,58808,49,1,0.6852491623565738,-1.8328868895050083
86,1,140891,51,4,-0.5615736420636934,1.45927124266505
52,0,120656,5,1,-1.4781958838202565,-0.8031349393609701
23,0,99386,81,2,1.2111138143452618,-0.7711705427742765
22,1,41234,94,0,2.5479441848353988,-0.7739198465713893
46,0,41662,59,2,0.24777789239495743,-1.3871045834412854
48,0,49800,18,1,-0.8203605123778323,-1.7383798385576523
76,0,24709,60,2,-0.48859051270581233,-0.9874667058692745
42,0,157568,54,3,-0.14982462434260865,0.12367427339237012
65,1,170242,83,4,0.6824676874366596,1.8358737305858481
88,0,176916,86,3,-0.6969074636187624,1.7632806980928488
74,0,41069,33,1,-1.1383286926789784,-1.1311475834151064
65,1,171478,100,4,1.087410745182884,2.064830232506714
30,0,96382,27,1,-0.2688632499171535,-1.3383675098693253
42,0,118403,36,1,-0.45244604855362586,-0.6599014629327593
87,0,171292,14,3,-2.383432952877416,0.7670343317592244
24,0,145039,99,2,1.4648857496089702,0.12613538833744023
34,1,55135,98,0,2.2711059978503716,-0.27367176829918605
63,0,179803,28,3,-1.4213821618981346,0.5590597424968844
32,0,111167,35,1,-0.1800904793530062,-0.9856180203334084
83,0,36752,51,2,-0.9358960106466849,-0.7802767616255425
46,0,106482,34,1,-0.5697714144551712,-0.7712281124929448
67,0,62717,55,2,-0.4904739552906886,-0.695155505894877
70,1,39347,96,4,1.2952842706852061,0.23124357853666846
67,0,105638,64,2,-0.41692998662151065,0.03025343346474726
68,1,86403,27,4,-0.4673594256235403,0.004352636403087543
30,0,35329,67,2,0.8970706228006445,-1.7139645512974033
34,0,189397,49,3,-0.15834955882665444,0.3486424154227532
78,0,100970,41,1,-1.2543493205610552,-0.09150024138965318
90,0,187044,67,3,-1.2423030071821763,1.7138838229630207
31,0,173685,14,3,-0.8664887833574982,-0.37391854345723974
53,1,187471,15,4,-0.6844195683198188,0.9851879983463657
36,1,190186,72,0,1.1410145885268277,1.375689774128923
87,1,173899,41,4,-0.9394154703337092,1.8278145951541378
38,1,46621,46,0,0.9393058511512116,-0.9577311404406307
21,0,87985,81,2,1.3035646991356857,-0.9761164953812642
45,0,59071,59,2,0.21699964743057548,-1.1592300162082
62,0,71258,89,2,0.4353428955101208,-0.25541191844264227
60,0,36803,46,1,-0.43007259075287835,-1.3243464762270725
37,1,151560,77,0,1.3628027027272096,0.9066642630033465
47,1,50157,95,0,1.8615071625891728,-0.10931268507822386
42,1,119926,19,0,-0.06356411549517527,-0.16147998525436494
85,0,138927,90,2,-0.39238164637734047,1.2069922808353835
80,0,150500,70,3,-0.7760398095233186,1.0189277350098112
74,0,119365,81,2,-0.24422321470925912,0.5846623546938048
55,0,50390,97,2,0.887991930665916,-0.6011828917167181
35,1,117442,33,0,0.47220184636445267,-0.1698816276309762
72,0,185281,22,3,-1.829086295548189,0.7516599370961952
90,1,22404,51,4,-0.2756831407884143,-0.15054623911505555
75,1,153498,92,4,0.6825159765767395,1.9182287118089143
63,1,79785,35,4,-0.11665449256219941,-0.09574626939627465
36,1,64153,46,0,0.935348432586949,-0.7490833122585989
43,0,29536,1,1,-1.025746553777001,-2.3442643756238324
65,0,62316,30,1,-1.036237538704237,-1.0535754621695332
66,0,165294,50,3,-0.9253546422569631,0.6880419153415958
53,1,166203,97,0,1.3595684873515506,1.7003185020227776
76,0,104389,34,1,-1.3797176062602718,-0.17159701662165636
61,0,87586,41,1,-0.7468306744336971,-0.639568082750739
79,1,175576,92,4,0.5000266637625176,2.317771123458749
26,1,188458,83,0,1.683766163793583,1.2778539105466797
37,0,181940,68,3,0.2419924978533818,0.5411459635036536
88,1,192737,47,4,-0.8850420047735638,2.1926588112166177
44,1,135684,3,0,-0.5555321749846805,-0.09311055968057845
81,0,73387,3,1,-2.158504316866601,-0.8951317946827686
43,1,151306,27,0,-0.002857242094258415,0.4075080386952872
42,0,23990,63,2,0.511835652134223,-1.6739489206417462
51,0,194926,56,3,-0.47125726841402765,0.8714249228815509
33,0,27486,50,1,0.4324508666692745,-1.9744123013318255
33,0,128944,63,3,0.40719215348692456,-0.3625091050360332
22,1,36422,55,0,1.625543012332656,-1.3274264091317296
55,0,154234,8,3,-1.599586594776197,-0.22290028717306248
47,1,47559,70,0,1.2686028975793742,-0.45716847532761906
58,0,182201,50,3,-0.7638454193087539,0.7618453869411708
88,0,133049,16,1,-2.235108375979842,0.2661976370587232
30,0,139494,82,3,0.9109167432874744,-0.038507697947743606
30,0,117896,1,1,-0.9661740999804885,-1.3539738463837812
82,0,113484,52,3,-1.1402833201755544,0.30804171585600726
70,1,73664,93,4,1.1087484848759206,0.684514873698638
54,0,160624,43,3,-0.7514626133911901,0.2824637571622943
31,1,110888,77,0,1.6617108582356421,0.19935282249396047
62,1,31903,8,4,-0.5795611295718117,-1.1367738579450093
54,1,86123,31,4,0.01105283256137777,-0.2437252308332898
54,1,168190,97,0,1.325716882253115,1.7497074391682157
43,0,98369,62,2,0.2127025825724327,-0.6021536937438856
78,0,164115,1,3,-2.4272539937702646,0.31400169028176744
89,0,184962,63,3,-1.3043846295625483,1.6134220416928013
72,1,110965,3,4,-1.2356244057488348,0.1411145486977189
51,0,154496,58,3,-0.28841466189685006,0.31834031491292086
86,1,116350,22,4,-1.1776109198599694,0.7480280566481647
68,1,187641,75,4,0.35030049552306286,2.0481157255458244
71,1,96079,23,4,-0.6775428555258947,0.15591009885187446
47,1,25500,27,0,0.3074210645331429,-1.3069336742946767
35,0,151609,84,3,0.7825195800777521,0.26445724275002497
18,1,52474,28,0,1.0312924810833621,-1.5174801286395212
41,0,23927,62,2,0.5152138085574374,-1.7082632151035277
45,1,135370,71,0,1.054529679181072,0.7685379751038618
59,1,184806,98,4,1.158259390412929,2.1045849298905073
72,0,95231,1,1,-2.0343399953059538,-0.7965969220943386
59,0,193896,34,3,-1.2150443871701055,0.7511497032159918
58,0,135561,89,2,0.3300001255095226,0.5798517521781567
88,1,80155,41,4,-0.6542796462527473,0.5087403162931611
47,0,166807,21,3,-1.1108241702936124,-0.04947762913605439
90,1,197312,56,4,-0.7381858176222285,2.411886277305811
26,0,155760,96,3,1.3025133738457437,0.2840746992774026
86,0,147795,58,3,-1.219159820137439,0.957025647749961
21,0,47994,74,2,1.268382500794586,-1.634784019310221
70,0,38599,63,2,-0.2993022964722952,-0.8775347474975916
87,1,40832,26,4,-0.8569565832666334,-0.2607928976855242
19,0,41156,35,1,0.40719356365254383,-2.2592220287264326
42,0,174547,60,3,-0.06202606537757462,0.4409592970279339
37,1,149000,100,0,1.9247691665747353,1.1559296438153024
71,0,161860,52,3,-1.0019406310685233,0.7687357573807925
41,0,25990,79,2,0.9174012009086345,-1.467484846915336
33,1,111360,83,0,1.750051410093956,0.3226422705762812
21,0,109633,17,1,-0.30856555705727196,-1.4620982073252986
49,1,155667,100,0,1.5757857753939717,1.5030537252632874
67,0,109035,42,1,-0.9576229923085315,-0.19461842465712303
67,1,186580,76,4,0.40512899987008383,2.024392555465069
90,1,169562,58,4,-0.5975945257470661,2.040060755515758
18,0,182836,74,3,0.9007644568202028,0.2298112442694072
47,1,132443,84,0,1.3226332292477598,0.9302400772974387
81,0,144966,19,3,-2.0120152043643706,0.3269407866135562
37,0,49997,64,2,0.5853929717089926,-1.3946782997436036
28,1,90005,19,0,0.4173658097230002,-0.8829872392205891
49,0,146773,5,1,-1.4835288974749938,-0.4927505704789574
80,0,172268,57,3,-1.1613852365678592,1.168525497187308
50,1,84102,67,0,0.9929577744075833,0.09087825217942011
82,1,176073,73,4,-0.040507884464715566,2.151685262507269
81,0,179600,11,3,-2.3199194969476595,0.722600020846861
81,0,59089,97,2,0.1510081816211697,0.06877851826891639
58,1,189470,54,4,0.1112014776699578,1.6034081085736052
85,0,149588,78,3,-0.7166547428572569,1.21024551165589
18,0,97711,73,2,1.1603489488605008,-0.9994691755673568
62,1,41646,69,4,0.85578313155654,-0.23934767151396705
65,0,196423,46,3,-1.098099388499793,1.0623274141247452
29,0,157989,56,3,0.25089624885179934,-0.11825528840072061
24,0,145388,17,3,-0.5093976332708915,-0.8880297228917827
36,0,56886,99,2,1.4318542239136867,-0.8821811099821342
66,0,195960,68,3,-0.5944135080189358,1.350125461332993
63,1,176809,15,4,-0.9211992519027554,1.0426260749108176
56,1,97396,96,0,1.4830873702678862,0.7672569721358545
48,0,31536,55,2,0.13080783181402786,-1.5395993562665917
18,0,150276,70,3,0.9130085897398987,-0.28534489897110726
38,0,137292,45,3,-0.18990179949842018,-0.3619671319416563
69,0,175644,20,3,-1.7634074871170056,0.5260877292915779
22,0,70141,60,2,0.8304810770202055,-1.4712121956303434
55,0,125051,11,1,-1.4301579264252793,-0.6027816652655673
64,0,149382,2,1,-1.9728699019079534,-0.17796620931071533
50,0,45351,29,1,-0.5953103612682412,-1.6232919598910018
71,1,124488,42,4,-0.31501867578490234,0.7981588069153353
27,1,76976,4,0,0.12707404091123164,-1.2766508623491564
54,1,91736,12,4,-0.46483682247540653,-0.399633510665872
68,0,178734,61,3,-0.7599128324431931,1.058850913302297
89,0,98404,66,2,-0.9437754267017233,0.41337188840346323
71,1,45477,78,4,0.8145036755621574,0.11613946896437506
77,0,159979,59,3,-0.9906198598596332,0.954758096462318
47,1,132117,36,0,0.16872215170091664,0.32900198061941344
46,1,198445,14,0,-0.5544339842134054,0.9827362450162099
74,0,111587,21,1,-1.6620526519764902,-0.2722456837151777
55,1,67413,94,0,1.562100190276158,0.29281114210295056
23,1,101684,40,0,1.0199146776260155,-0.5599595154194764
28,0,117463,79,2,0.9666007570331759,-0.43269435432560793
25,0,78656,29,1,-0.02551976763971648,-1.671826195222672
62,0,193367,58,3,-0.7174750519953563,1.10483172227002
50,1,160764,61,0,0.5931359225093513,1.1121801440681554
83,0,96168,17,1,-1.9520005299691845,-0.3535081940619309
29,1,34530,99,0,2.499980216328423,-0.6607141225552884
30,0,129537,62,3,0.46284579244198426,-0.429415976548406
59,1,190989,91,4,0.9692197628699039,2.105969223407103
58,1,54618,34,4,0.07929597968050031,-0.5728592842441986
52,0,146520,79,3,0.2162430109400713,0.48631221645567474
79,0,92771,49,1,-1.061760366543709,-0.08828929723983488
90,1,112244,92,4,0.41151920034838707,1.6432828474791699
30,0,61249,76,2,1.0272640078916602,-1.231582877247084
57,0,24876,35,1,-0.5733252245886429,-1.6945123291861284
83,0,160302,69,3,-0.9144557525292369,1.2095724752657704
44,0,92913,49,1,-0.10915981613143405,-0.8207347520205096
89,0,42887,59,2,-0.9272230894645952,-0.46723795192995615
83,0,57385,22,1,-1.7024585950390487,-0.8457630108103275
53,0,88225,76,2,0.3110710864219399,-0.363308962388904
29,1,145532,5,0,-0.1317618666342249,-0.24225230066366943
27,0,156127,56,3,0.3115620161051426,-0.18684237483598537
36,0,44116,78,2,0.9690940891768259,-1.3257295953650639
71,1,114072,80,4,0.6340616149779381,1.1215542198773962
48,0,75110,100,2,1.0684239365588535,-0.35742238566785345
69,0,146283,63,3,-0.6308879096786274,0.6408101671149117
50,0,21399,3,1,-1.1411229249345836,-2.288829338376686
79,1,142483,66,4,-0.015326967163867165,1.5215642412854968
37,1,149552,19,0,-0.026128192412520842,0.15709510096723608
61,1,29919,56,4,0.6092778286751526,-0.5895419448505674
38,1,194055,18,0,-0.22571076700232012,0.801816474657592
27,0,125297,81,2,1.015852475582866,-0.3168358537330781
74,0,173057,77,3,-0.5193813207882304,1.3024682541247894
23,0,115820,76,2,1.036041487532981,-0.5983920128559285
88,0,27301,27,1,-1.6180561820602772,-1.1087416142697604
71,1,76483,8,4,-0.9731832526657678,-0.31064299589872674
89,0,68531,5,1,-2.3120440597745726,-0.7718102447763768
51,1,96795,93,0,1.549056029012409,0.6164545792047514
39,0,39990,4,1,-0.879470519231102,-2.241479608306956
87,1,25623,75,4,0.37278146374348076,0.1308029362791433
43,1,93081,77,0,1.3942778357101375,0.19662399580831075
23,1,48219,42,0,1.2461915023102805,-1.299377892184459
50,1,44117,48,0,0.669006245951762,-0.7168479938653661
33,1,189782,79,0,1.3924899119726315,1.3939605675779445
55,0,177366,91,3,0.3205176619775929,1.139351623357263
26,0,107765,99,2,1.53462593265767,-0.3647219729153693
45,1,65328,47,0,0.7104195359809455,-0.5309930356225931
54,1,46042,14,4,-0.264453922561102,-1.0279663701837156
28,1,121122,57,0,1.2280530522976056,0.034117450259991654
18,1,152260,13,0,0.33785662301343683,-0.27748178599494433
69,0,133594,53,3,-0.829231053749065,0.3351353508445556
23,1,86973,69,0,1.7667444319466117,-0.4098189832418261
45,0,153939,31,3,-0.77286061382452,-0.15110709543671844
75,1,117615,81,4,0.5373956394444984,1.2685697269735166
19,1,110430,64,0,1.6771933179960856,-0.22058754424123428
71,1,125320,35,4,-0.4862281152640927,0.7230511942693468
86,0,23178,80,2,-0.27454691217083715,-0.5509279220908722
85,0,81196,44,1,-1.3068873361729203,-0.18998602222462693
36,1,22155,10,0,0.20904290564963887,-1.7968731824609034
50,0,39320,34,1,-0.4549021059244845,-1.6473608467876042
81,0,53286,32,1,-1.3937144217005424,-0.8220406690116269
25,0,112577,13,1,-0.5235478150577676,-1.3857888717997655
25,1,33184,30,0,0.9530792733486813,-1.6214758948742098
85,0,125608,79,2,-0.6126879979876914,0.8798829821619263
21,0,149589,44,3,0.20798216120684299,-0.5553568518852962
48,0,167585,27,3,-0.9962725704720478,0.05720104304747471
48,0,111534,61,2,0.00861935628180966,-0.3214652512518694
54,1,164655,17,4,-0.587499646862494,0.7048784268695948
46,0,93061,20,1,-0.8619252239044982,-1.1370816118388511
59,0,43250,40,1,-0.5686987764016167,-1.327744635978408
68,1,183399,12,4,-1.1514986616231802,1.204468262136132
39,0,168737,82,3,0.568399384599243,0.5683825801300189
31,0,184991,19,3,-0.7838495376311405,-0.1501570851584173
76,1,22148,14,4,-0.7839110895912486,-0.9078580414983689
69,1,188363,22,4,-0.9546455479032877,1.4207001350340764
79,0,23962,43,1,-0.9768550108482028,-1.146477983070638
82,0,29126,86,2,-0.0410689988182645,-0.47526976396833476
65,1,34978,76,4,0.9647468061214841,-0.18470995402856252
48,1,198395,42,0,0.06501972084014716,1.3719953329840768
23,0,70889,71,2,1.065444864427898,-1.3028188317820886
29,0,98705,64,2,0.6409373636689741,-0.8662833297556279
85,0,137115,20,1,-2.0707149749269016,0.31108042399999963
37,0,160406,93,3,0.9153075455872429,0.5440376947892146
89,0,98075,33,1,-1.7367398361568909,-0.0014784786670149687
44,0,113260,28,1,-0.6822698552058043,-0.7908796761277355
75,1,187096,42,4,-0.6325589178137047,1.7770727298283977
74,1,28763,71,4,0.620067626883074,-0.14683109082572512
89,0,25087,25,1,-1.686034429654772,-1.1442628858146875
52,1,172373,3,4,-0.8956298411153384,0.599234390078443
70,1,70813,64,4,0.4204374677590366,0.28332764818753614
73,0,128719,39,3,-1.2587838929104254,0.175385938687246
74,1,117265,92,4,0.8304794524346747,1.3792972931751841
54,0,133866,57,3,-0.3254274497619316,0.07396324834029581
22,0,175014,55,3,0.36071915907029184,-0.03420871913887591
23,1,98802,65,0,1.6310789745158019,-0.2904396709318007
60,1,141640,93,4,1.154550893427906,1.446373584613599
69,1,67323,96,4,1.229295486144943,0.6101721492121054
28,1,113061,78,0,1.7602246330366604,0.17988927758409398
69,0,95824,38,1,-1.0643134546504533,-0.3912129041749301
48,0,123152,41,3,-0.5113421397846174,-0.40396148061729564
89,0,97696,12,1,-2.24078830210268,-0.26789909836865583
31,0,28385,60,2,0.7245410912238067,-1.8792441462270897
87,0,199070,3,3,-2.740679547219857,1.0274017416568222
45,1,112804,57,0,0.7928481309621258,0.2719577925479328
88,0,37037,94,2,-0.038313927384141376,-0.1368432463032571
74,1,39397,9,4,-0.907237741366012,-0.7653992026130735
82,1,66052,28,4,-0.7567144384194794,0.019656359786457103
80,0,80283,81,2,-0.27738126391175466,0.1518998867579058
39,1,92169,34,0,0.4715543158408168,-0.43478740029210106
28,1,20859,45,0,1.2733923237475708,-1.5482746560860992
37,0,144999,26,3,-0.6455382417911902,-0.5089269411361774
56,0,96999,83,2,0.3685801237075467,-0.08792969847056718
43,0,139733,77,3,0.4358093348284424,0.1755703622003482
18,1,32786,4,0,0.5193966361889113,-2.097206720956193
86,1,137215,10,4,-1.5358849954098481,0.89714624924834
57,0,155103,73,3,-0.0928846534785586,0.6393579778937226
65,1,94107,63,4,0.4549099464002614,0.49895884274813057
58,0,135343,88,2,0.3066640834560047,0.5643067605877983
60,1,37753,22,4,-0.20771846491241697,-0.9211169184565675
78,0,71989,19,1,-1.68715486051628,-0.7792117440138864
29,0,172954,33,3,-0.3524051959211363,-0.190192675202799
82,0,24895,85,2,-0.051033232854557936,-0.5481801114604778
44,0,186198,23,3,-1.045620437738308,0.18961678797312886
90,0,109271,65,2,-1.0312787253215836,0.5772706577797331
63,1,74553,30,4,-0.21953305099641207,-0.23268062284898694
73,1,191889,100,4,0.8015533708300437,2.5244831156399568
45,1,59624,64,0,1.13848752461168,-0.4012430051590866
25,1,103982,55,0,1.3187327766403854,-0.2987092467873591
44,0,57588,14,1,-0.8336381524359052,-1.7607061762726206
21,0,60047,39,1,0.38603485967076173,-1.8974925898581827
79,0,29209,51,2,-0.801839099908306,-0.9720430835588466
88,1,63758,82,4,0.386917404160377,0.7839241711560405
23,0,44672,88,2,1.5618646840721702,-1.466299687342332
44,0,179507,88,3,0.5407337054207336,0.9018357368691974
30,0,57237,23,1,-0.23467708963801986,-1.947655441949424
39,1,53716,31,0,0.5274970920583015,-1.0217545673710648
51,1,199540,64,0,0.5088861932095438,1.7247495669517725
43,1,27643,56,0,1.1070139343775085,-0.9998072617239319
53,0,34337,91,2,0.8515691811291511,-0.9472008746372412
82,1,196114,48,4,-0.7088480731480618,2.127451274465823
55,1,67198,31,4,0.04688257539620886,-0.4932708370763689
86,1,196756,5,4,-1.8545951313919515,1.686134197770782
70,0,123170,11,1,-1.8323503660132585,-0.3148951952018491
73,0,29477,44,1,-0.8077851573539808,-1.181123065069871
19,1,183327,29,0,0.592106009042705,0.38646160125570367
62,0,170520,90,3,0.1286521861911028,1.1759552286264987
55,1,88747,47,4,0.3600777818684725,0.013628867128930813
51,0,170897,94,3,0.5231832073820741,1.000224126052684
66,1,25442,39,4,0.07898079289126005,-0.7599031080070925
23,0,195494,15,3,-0.6972511806415124,-0.21761285947389497
87,1,82684,90,4,0.5435838874556644,1.13291373321274
38,0,122624,54,3,0.07553577791831424,-0.45978607223014417
51,1,195036,34,0,-0.1979792700214819,1.287504196170008
83,1,183369,44,4,-0.7898606271436664,1.9165331999473774
71,0,107708,58,2,-0.6771248590276859,0.06921162810087139
81,1,74960,5,4,-1.3126025390882219,-0.15985012825781092
50,1,98129,52,0,0.5852814188916473,0.10496192829492992
71,1,37801,21,4,-0.5314783038660975,-0.7020243687721579
25,0,184111,42,3,-0.06409697487759765,-0.0027863611149103436
79,0,176926,2,3,-2.473110049172691,0.5305471228038404
36,0,77248,51,2,0.20900819389728428,-1.1876867165290554
39,1,57224,75,0,1.5745555763470087,-0.4247449910475373
86,0,30718,100,2,0.1815777790129614,-0.19457036993292445
88,1,59822,78,4,0.30378285961058993,0.6779446905949884
57,0,178635,70,3,-0.24348349698389038,0.9384589856396077
46,1,173612,24,0,-0.23106293572674563,0.7520385509086037
78,0,126182,21,1,-1.8196076913312322,0.020328136304193025
19,1,62692,50,0,1.4993879600112727,-1.0769984615989878
35,0,105050,92,2,1.130159434735649,-0.3016684427987002
23,0,195225,96,3,1.252703187648292,0.7852671345877783
20,0,90718,75,2,1.1773140168450267,-1.0326058417309618
25,0,95895,87,2,1.3126595680905082,-0.7045317065630678
72,0,130429,1,1,-2.1516240467862104,-0.29344571426203997
37,0,143793,12,1,-0.9783939288708183,-0.7001684737887627
40,0,178757,58,3,-0.06971783615005567,0.4343133104443007
34,0,81885,53,2,0.296143385898473,-1.1385139586242412
43,0,159120,93,3,0.7562085903745259,0.6515645345193637
59,1,62665,23,4,-0.2394351810068046,-0.5735591543641227
76,0,131186,65,3,-0.7230727074995834,0.5967528352924291
45,0,83790,49,1,-0.10599153907901883,-0.930161938490528
41,0,140699,75,3,0.4389269697892972,0.12255178290667532
89,0,109211,86,2,-0.49853678007119456,0.8164308155255601
64,1,170505,32,4,-0.5183626671891559,1.1847841863727606
21,1,88548,17,0,0.5647105651609843,-1.075567361073198
41,0,164841,75,3,0.3584828658391763,0.46765879067664395
38,0,66871,85,2,1.0072473977908605,-0.871478614956557
58,1,188669,9,4,-0.9689395072943411,1.0326660664540674
29,1,111284,29,0,0.5598553431286593,-0.43353438911416836
44,0,113243,58,2,0.03966013432621127,-0.41826146059938935
46,1,62125,3,0,-0.36488592318317903,-1.1026576639925096
72,1,145564,49,4,-0.24404005583502994,1.2074236734073476
63,1,175391,68,4,0.3588352713766205,1.681077437882111
27,1,137158,73,0,1.5868489281764868,0.4412244682768199
18,0,168998,48,3,0.32125080511842335,-0.2911477116918191
50,1,157466,100,0,1.5425606093454334,1.5497552248533966
58,1,147471,3,4,-0.9760373888686049,0.36917332924129936
82,0,23624,90,2,0.07351411888541387,-0.5042053666370466
56,0,37718,55,2,-0.10763676998035553,-1.2833483293821637
56,1,193105,81,4,0.8032365760619588,1.9489750865193858
86,1,118673,75,4,0.0899581327509698,1.4399565679943838
90,1,197140,35,4,-1.2429240329474258,2.148424697891155
70,0,97831,30,1,-1.2907312604537302,-0.4409677303502295
89,0,144452,64,3,-1.1453378980184943,1.046765135658469
48,0,169584,52,3,-0.4013723640213526,0.3964941998094117
47,1,119353,53,0,0.6203149259288615,0.35783015395194573
44,1,133713,44,0,0.4375956747166368,0.38829124291196576
73,1,167553,44,4,-0.46485300120337325,1.4805952744999322
27,0,113815,24,1,-0.3174474452075726,-1.189406007084411
77,0,109642,1,1,-2.2185126015818595,-0.4856683507413349
55,1,89345,38,4,0.14152316951586694,-0.08968116281385709
43,0,77300,81,2,0.7400935246050362,-0.6671870886728242
84,1,87892,51,4,-0.330513121115655,0.6596868462996685
26,0,100489,11,1,-0.5586246840422264,-1.562457794521922
77,1,169901,42,4,-0.6297244245676091,1.5732422764130993
58,0,155674,64,3,-0.3385799760014437,0.5566469955408797
45,0,138700,85,2,0.577289620771722,0.30220343019267476
45,1,176737,9,0,-0.5751818131132077,0.5892944292097473
50,0,43731,26,1,-0.6620996569915566,-1.6837357893346723
33,1,196473,56,0,0.8167584496403926,1.2037473385801607
78,1,169890,47,4,-0.5366062247916294,1.6562135801759885
65,0,77696,74,2,-0.02873801399202874,-0.2868570632030985
79,1,52788,17,4,-0.8955120243312393,-0.36962174855278457
48,1,158263,14,0,-0.47500398862693094,0.4503093709394806
88,1,67350,26,4,-0.9725484880088605,0.13926375578851535
61,1,120338,54,4,0.25986574521478095,0.6781294501039361
44,0,188542,77,3,0.2459410850794989,0.894274199428856
34,0,75665,21,1,-0.4531290445041172,-1.6251467597719416
38,0,190038,40,3,-0.48597016237386,0.3298871028123765
75,1,94826,22,4,-0.8063528606049204,0.2095099432926252
18,0,39706,52,2,0.8483173801986842,-2.0896465854998074
36,1,148986,83,0,1.542984932484815,0.9234564766375668
21,1,73499,93,0,2.443601481657109,-0.34610924056148057
60,0,148427,20,3,-1.4276410088282003,-0.05184112066333014
86,1,20367,41,4,-0.4005973449336804,-0.3878920245569491
40,0,131652,91,2,0.8813024769903919,0.17110031049627625
83,0,53030,80,2,-0.29232540375837657,-0.18715217411761487
76,1,196497,19,4,-1.2445511098883997,1.6465836366595783
19,1,182394,88,0,2.014899121547793,1.1064182270242764
24,1,187756,52,0,0.9946308805948483,0.8405589495076191
41,1,145307,26,0,0.04753107159784267,0.2673543235455439
67,1,145292,62,4,0.20583145107762105,1.2601836180640835
68,0,177663,23,3,-1.6707170308327821,0.5712502067335077
59,1,116324,100,4,1.4345747002690505,1.15050033095331
79,0,135158,66,3,-0.7939374861502897,0.7289158368052123
75,0,26876,52,2,-0.6610801031647485,-1.0769043698794378
65,1,84206,98,4,1.3300868596763242,0.792429996376242
42,0,171671,20,3,-1.0149406720268086,-0.09730108428138846
78,0,48877,71,2,-0.35889571420746325,-0.46330222868745574
53,0,106267,43,1,-0.5431077474250622,-0.5155480777096476
72,0,83133,29,1,-1.3202795221360006,-0.6215325744903629
33,1,109882,90,0,1.9234134007765171,0.3885153903459794
63,0,163949,48,3,-0.8873057944733813,0.5810028575837262
22,1,173057,95,0,2.1327562313477166,1.1229029081523763
56,0,68028,9,1,-1.315505866116445,-1.4217910483532088
68,1,27551,78,4,0.9559273378363061,-0.20306558901189758
53,1,53828,17,0,-0.19097981734474131,-0.9003653162440058
53,0,113496,4,1,-1.5056310082246902,-0.8969299828034073
56,1,37165,90,0,1.5394097782505212,-0.16831022779275376
24,0,29176,87,2,1.5622061337099953,-1.6792568555785086
86,0,159995,25,3,-2.0538723937211403,0.7212758398854283
82,1,96254,36,4,-0.6648516471082491,0.5508200050069539
55,1,118524,35,4,-0.027892170344627282,0.2901430357561939
23,0,137847,70,3,0.8182701542046626,-0.3580909232831666
30,1,90332,9,0,0.12119040285371134,-0.9606298706932321
64,1,162276,45,4,-0.1781308481050448,1.2287248128207964
75,1,37053,96,4,1.1667747725398103,0.3033761692419492
83,0,57511,57,2,-0.8606928751317154,-0.4089570892711284
84,1,188514,52,4,-0.6417355171786117,2.1104950310031048
34,0,103243,94,2,1.211536147328215,-0.3236268862004652
20,0,164068,15,3,-0.5108438631885619,-0.7297988057317758
49,0,190610,7,3,-1.5814742665838968,0.15875152620620847
77,1,94757,48,4,-0.23496073478503793,0.5736400132955848
52,0,92926,6,1,-1.3617336791788013,-1.1871032711553802
18,1,96028,76,0,2.0411625626250767,-0.2983029328031743
62,0,155428,81,3,-0.0376214224759177,0.848358521858642
64,0,165306,93,3,0.1637518528414349,1.1806778626908516
21,1,179719,8,0,0.0443556120298895,0.11585283078624115
31,0,92593,82,2,1.039965948143206,-0.6879668842327679
64,0,156475,59,3,-0.6249452950004956,0.6318637130281748
31,0,101506,59,2,0.45683050938079695,-0.8464168885074604
30,0,126846,77,2,0.8327492060981502,-0.2814528860298191
80,0,104540,80,2,-0.3822710067431371,0.4862220981817956
55,0,165332,92,3,0.38467887019782787,0.9797557376716021
25,0,156599,14,3,-0.6461720716303408,-0.7440709298177369
32,0,76868,81,2,1.0410704538577675,-0.9041975801294253
87,1,28007,91,4,0.7498367999566136,0.3637412535276272
89,0,68635,3,1,-2.360515490088761,-0.7951809924258294
25,0,188784,44,3,-0.03154309425149361,0.08887103122500446
63,1,150714,18,4,-0.762060178158663,0.7068872881526536
19,1,153793,68,0,1.628952264565531,0.4489961942664068
69,0,84036,74,2,-0.15878638123558525,-0.11228748264777763
90,0,24141,82,2,-0.3385535665996264,-0.4283644993608333
90,0,187055,46,3,-1.7476510009442419,1.4530382067006264
38,1,176170,88,0,1.5182553805144157,1.416162068049803
52,0,61569,87,2,0.6918097166812687,-0.628622525604716
59,1,179314,57,4,0.1899991717189744,1.516500433279768
51,0,27849,16,1,-0.8770340110621935,-2.0140691500372743
25,1,178079,44,0,0.807145595318173,0.6237827382447414
85,0,44920,4,1,-2.148509047787193,-1.2056954160232605
67,1,156630,79,4,0.5771134062596784,1.6335470039420463
31,1,53273,96,0,2.3108775530211707,-0.38810127933421057
60,1,142123,81,4,0.8641921408302001,1.3041335205503866
21,1,63824,78,0,2.1149030961447255,-0.6708428247460204
85,1,62152,9,4,-1.2825976435488464,-0.20928409122237374
20,1,188379,43,0,0.8849156750996461,0.653666254114135
78,0,155183,73,3,-0.6649954503804079,1.08118676503947
67,1,66006,73,4,0.7347090166015224,0.2635154975287783
24,0,66141,48,1,0.5005988751031931,-1.635566190750647
83,1,77996,84,4,0.5237529194648348,0.9073870497310873
84,0,72895,82,2,-0.33762380724078794,0.1426580538683777
60,1,180343,36,4,-0.3459716003364707,1.2911920148483762
35,0,78300,65,2,0.5696077053388484,-1.01963160485745
87,0,116747,60,2,-1.094809865388863,0.5590406190632498
34,0,186138,24,3,-0.7490512907939947,-0.008662290912134019
32,1,132762,84,0,1.7300304443460566,0.6200250037155078
66,1,125170,49,4,-0.012700682527763291,0.7899838219775498
66,1,134453,25,4,-0.6211314514359227,0.6243942159132088
89,1,166749,41,4,-0.9700521486632481,1.7675762175009693
38,1,92407,59,0,1.0995530676810283,-0.14165253765696179
50,1,120912,64,0,0.7981150069419456,0.5797866847107265
42,0,38957,72,2,0.678525776126973,-1.3481390739505712
29,1,145488,90,0,1.9136925531956281,0.8135588720025341
79,0,120072,84,2,-0.31054507845000034,0.7369800049699339
22,0,148402,26,3,-0.2484172928092953,-0.775056602906221
90,0,118293,1,1,-2.601337601493241,-0.08919821678975212
21,0,152598,55,3,0.46264269688337495,-0.37562777233653355
35,1,113673,100,0,2.0969444168324194,0.608964377650852
50,0,195210,46,3,-0.6855973615693536,0.730212583443005
33,0,142281,17,1,-0.7441208256602908,-0.7435788326592061
24,1,53101,9,0,0.40863272447545834,-1.6187526270117285
38,0,121078,8,1,-1.0261852204862265,-1.0536065080233297
32,0,37599,87,2,1.3162942451559305,-1.3909710012393335
67,0,111626,49,3,-0.7978194085091218,-0.070579435671287
88,0,182816,81,3,-0.8368792109011546,1.7854769556290893
43,1,165259,38,0,0.2153365437839915,0.7436802916776729
18,0,37113,57,2,0.9772697980235727,-2.064569672847361
57,1,53126,92,0,1.507119981421298,0.10569278627832024
73,1,45519,77,4,0.7358399266698471,0.14628116506653058
75,1,50834,14,4,-0.8522656811816561,-0.5187801055873809
44,1,32417,2,0,-0.23549631462928458,-1.5817287036065961
26,0,93896,58,2,0.5942789050328134,-1.0725546844249998
62,0,48610,91,2,0.558933697850302,-0.5543049593428614
69,1,108965,91,4,0.970227012684719,1.1432960296343626
62,0,155367,37,3,-1.0961657333869455,0.3006233990096851
79,0,192106,66,3,-0.9836952043075045,1.5429806979801015
21,1,84817,95,0,2.4540134075674254,-0.15946236654517443
30,1,89268,6,0,0.05254844696155045,-1.013125746515823
52,0,75279,65,2,0.11675253056024917,-0.7060712799600515
41,1,119806,17,0,-0.08405847286501862,-0.20903779552773902
72,1,92930,72,4,0.4847791153771859,0.7408872023812864
78,0,136822,33,3,-1.5663121384782535,0.3215701574308368
60,0,130388,25,1,-1.247220625233551,-0.24756293396626938
58,0,144006,41,3,-0.8531369994131183,0.10399405336072276
46,0,39034,39,1,-0.22471418502871335,-1.6732456820259551
34,0,115238,91,2,1.0993800023264266,-0.1894459160919809
79,1,72784,63,4,0.14473131199560574,0.4879392345585984
44,1,155165,71,0,1.0158009896791627,1.0305201274806448
79,1,25787,93,4,1.0232044215498513,0.18898395886694921
84,0,119028,12,1,-2.175715754127212,-0.06788575195502926
31,1,135603,55,0,1.0499836628373846,0.27921922928966914
68,0,183505,46,3,-1.1367470611195003,0.940621174459691
30,0,21969,26,1,-0.0449724552305831,-2.414521168574787
82,1,115237,14,4,-1.257479115729848,0.5487481561263533
32,0,32101,96,2,1.5511762582771382,-1.3577058863024625
73,1,130627,81,4,0.5484994150586199,1.4126046947827433
71,1,22412,100,4,1.4207328686607834,0.05985961518086301
90,1,149207,61,4,-0.4575818357604789,1.7863745834788112
38,1,85765,59,0,1.1216850260289988,-0.23659913469151284
87,1,193476,88,4,0.1262864701465721,2.6918147309051097
72,1,191005,12,4,-1.2857654960857268,1.397135161548084
49,1,151751,88,0,1.3000850301393436,1.2979304813814978
24,0,139031,52,3,0.35397023749008444,-0.5438975123695959
79,0,131941,14,1,-2.03446517637002,0.03663640980719285
45,0,89157,70,2,0.38143629930885453,-0.5924384542889866
89,0,198252,77,3,-1.0117943120518567,1.9774029116783456
51,0,120437,3,1,-1.498360361052122,-0.8521079428150761
42,0,140330,9,1,-1.1751955100347622,-0.6820327213704852
33,1,57209,32,0,0.7033044974615265,-1.0853038979706984
42,0,106261,40,1,-0.3157376367471888,-0.7837550728747954
61,0,67375,66,2,-0.07792402490735856,-0.6177642244135804
21,1,175011,54,0,1.1669157052113357,0.6202730832228951
21,1,182021,11,0,0.10887240013602384,0.18604576880828627
50,1,146849,25,0,-0.2267456035676841,0.46583340613343505
63,0,118705,85,2,0.1537632176239655,0.39410746092383997
70,1,163535,95,4,0.8574121837299099,1.994067504543473
83,0,87367,67,2,-0.7195522798356843,0.1421179424903656
51,1,96458,22,0,-0.1582546251623524,-0.27080103634241576
20,1,91685,10,0,0.41305126055597696,-1.1387102832716864
59,0,42039,26,1,-0.9015378028682155,-1.5190576430340605
40,1,127737,12,0,-0.2035670836792287,-0.17879364483208504
74,1,194539,81,4,0.3083061175937177,2.347204113916223
40,1,152822,65,0,0.9881561941776448,0.838514939037538
72,1,195104,23,4,-1.0347369740495571,1.5924456609655095
44,1,27788,15,0,0.09273986307381264,-1.486326506950132
83,1,128091,74,4,0.11620578970951662,1.4992020178957286
44,1,166976,59,0,0.6876959522025332,1.0502124710066214
22,1,171656,92,0,2.0652372007737227,1.065589657563052
39,1,143668,90,0,1.647450241531879,0.997392282951132
62,1,153884,74,4,0.602104578430541,1.4272246768618362
78,1,117116,47,4,-0.36075678639117886,0.90181555068165
52,0,142234,33,3,-0.8763479715244755,-0.14667619221837044
24,1,20026,60,0,1.7460273635246402,-1.4576917148537505
32,0,143755,56,3,0.2166336495813737,-0.25877359095307817
18,1,63246,68,0,1.957896647636906,-0.8663473700063785
20,0,160676,79,3,1.0404551627122325,0.017150246691446686
34,0,77401,27,1,-0.3145389406583073,-1.5257586013272333
86,1,197577,16,4,-1.592643911453848,1.8345860785373107
54,1,127967,36,4,-0.008064281849319831,0.4165732916391429
67,1,70531,15,4,-0.6759906355221423,-0.39266520945964756
54,0,76222,79,2,0.39602321092393783,-0.4766192821757879
77,0,188027,82,3,-0.5306430047315716,1.641561183090826
79,0,129447,17,1,-1.9539675282462903,0.03827110040712
24,1,77592,37,0,1.0007741636204355,-0.9206528926421418
89,0,103601,38,1,-1.6348409217687943,0.13965856968605228
77,0,61071,16,1,-1.6957314027698844,-0.9935543827679455
85,0,39275,95,2,0.059983259447497474,-0.15537762397324895
37,0,126192,67,3,0.40368922410200164,-0.2681937485517183
26,0,90805,67,2,0.821140499041771,-1.004881791851549
51,1,128859,20,0,-0.31434361927726345,0.16750997518080482
22,1,87507,3,0,0.2040744003707562,-1.2434652290580552
32,0,90962,91,2,1.2347319656670042,-0.5784384565971684
31,0,139838,88,2,1.0269144843199725,0.06196699604954714
42,1,150043,69,0,1.0392045870643538,0.8904743150122733
18,1,171868,95,0,2.245640835048606,1.0219662576369488
77,0,185057,98,3,-0.13574748408678644,1.7979647095348856
83,0,72073,20,1,-1.7995257014367663,-0.6606572195931898
67,1,151492,69,4,0.35360940439256444,1.4358128311838696
47,0,60792,79,2,0.638052605096466,-0.8440843556069161
46,1,116392,92,0,1.5958473649274139,0.7792376001374121
61,0,155498,82,3,0.013438451203901693,0.8408028617517015
78,1,88742,33,4,-0.6030853665154228,0.32221070152278924
78,0,38056,21,1,-1.5259610545692264,-1.2394225126369158
67,0,111918,23,1,-1.4244159526313804,-0.3895517285644304
18,0,133434,8,1,-0.5227433777912054,-1.2966791504936743
61,1,175113,36,4,-0.35577527658857955,1.237414798606528
47,1,110661,31,0,0.11990395042380618,-0.03985251590595105
64,0,49405,97,2,0.6461979741069303,-0.42639826482239535
49,1,89964,10,0,-0.3709038033778578,-0.5547465011787021
85,0,59481,46,1,-1.186405404223985,-0.4755419395124948
82,1,132057,12,4,-1.36165030752321,0.7643306328113714
46,1,155922,86,0,1.3197538896291274,1.2697419850874319
23,1,168057,13,0,0.1490656948058407,0.05325948988830441
72,1,182599,80,4,0.3784905716870975,2.1221245130419586
78,0,33358,44,1,-0.956870512590421,-1.0207195865765215
42,1,39919,33,0,0.5399032447723063,-1.1311685918620917
71,0,98489,93,2,0.195779546631196,0.3724318903073574
19,1,50425,4,0,0.4333906480639123,-1.8240743124489969
60,0,158062,92,3,0.27275001413907773,0.9807570024443436
30,1,124233,43,0,0.8263512369673041,-0.05344306405130311
65,1,67252,65,4,0.5925189885431995,0.13992723910711719
83,0,153609,16,3,-2.167463429352668,0.4551753356387644
33,1,27062,95,0,2.3196920188999037,-0.733243083977022
37,1,122064,49,0,0.7873385372244475,0.13701865116343048
63,0,146967,59,3,-0.5660327957835586,0.47496297878896104
82,1,65665,21,4,-0.923862020442154,-0.07287671232732976
19,1,34054,74,0,2.1723119619554105,-1.1880862698080188
78,0,88937,60,2,-0.7570674383947962,-0.027365095095435547
88,1,134197,24,4,-1.2434157774044385,1.0699762249227183
62,0,34325,3,1,-1.5109620715052818,-1.8522335991691021
42,1,138545,35,0,0.2593942102121913,0.3035357187535191
69,0,123136,35,1,-1.2275077216058496,-0.03807724771019487
59,1,60468,20,4,-0.304301841986552,-0.6422511299217554
62,0,163073,22,3,-1.4827797419113848,0.22434913476756216
29,0,87548,1,1,-0.8378201656579048,-1.8087798926073437
49,1,191629,81,0,0.9987695313926352,1.780980777168373
74,1,170243,40,4,-0.5972968676200748,1.490318682250124
57,1,183870,14,4,-0.8054057495203386,1.0052234631067303
69,0,167470,24,3,-1.6399209378105306,0.4589562056237211
47,0,133448,74,3,0.2756416811388083,0.13238095216095475
24,1,114340,29,0,0.6858257638484071,-0.49477428079199853
22,1,165070,57,0,1.2449969929000972,0.5364388072609502
25,1,66762,14,0,0.4561941439844325,-1.3403417155017174
86,0,184844,67,3,-1.1260496275267855,1.5984950481473927
62,1,91478,75,4,0.8341114665520056,0.5475670649153496
43,0,146764,61,3,0.02738206428135263,0.07721834592751899
68,0,35105,3,1,-1.6769451920216585,-1.7151735360915603
51,0,47082,34,1,-0.5079967190716299,-1.5154189740994781
40,0,138943,51,3,-0.10548982019238859,-0.22182401961607515
28,0,181957,33,3,-0.35517361826085103,-0.08248087440639494
87,1,149886,28,4,-1.1722129923604185,1.3229784279671688
51,1,189855,53,0,0.27647090804958074,1.4495878644276017
45,1,92399,54,0,0.7886527583894616,-0.05701536921944154
47,0,157226,39,3,-0.6457750975384569,0.037279856805722704
65,0,53578,38,1,-0.8146218931217076,-1.079054468036874
79,0,139904,21,3,-1.8925617552091671,0.23746749744849543
39,0,34988,53,2,0.31625655234123223,-1.7039759279207791
86,1,88935,24,4,-1.0381358890577623,0.3809913198636181
85,1,185863,25,4,-1.3098187467341194,1.7580092062144534
79,0,77675,11,1,-1.9258315453864319,-0.7763757044122943
45,0,21120,73,2,0.6803312593869693,-1.5277331237365719
83,1,78803,96,4,0.8098132339010107,1.0680675097856533
62,0,36232,49,1,-0.4104439693614483,-1.2532527114744603
70,1,21416,50,4,0.24816010117730744,-0.5967984761079352
48,1,76637,94,0,1.7219794337243768,0.2777720553158788
65,1,108649,1,4,-1.0854173569924364,-0.06374487560184558
40,1,92677,87,0,1.717940493500713,0.2521809121072099
87,0,65959,40,1,-1.406826918115416,-0.41554192986528876
63,1,78500,67,4,0.6576255179971987,0.2836034527474655
37,0,178614,43,3,-0.3484859818993673,0.1828835001676651
36,1,109364,3,0,-0.24998528815394827,-0.6372318923587116
78,0,20895,17,1,-1.565028277656817,-1.5344517893108764
85,1,92571,22,4,-1.0711456989351302,0.38712508117437155
42,1,153754,6,0,-0.48909494116611185,0.16051403712136808
65,0,88674,29,1,-1.1481280711304835,-0.68921970657678
43,1,171199,28,0,-0.045080712310586676,0.7043048063553221
57,1,30100,3,1,-0.5577121490182536,-1.329616112606734
32,1,152904,90,0,1.8072894995088278,0.9825247347314217
90,0,65726,87,2,-0.3568076612554121,0.22823164903271526
26,1,155839,59,0,1.2149579963152124,0.513280217017455
70,0,60936,15,1,-1.528729268635226,-1.1548079648329443
90,0,54803,8,1,-2.221344023777506,-0.9097792336214661
50,0,64767,24,1,-0.7803190776911283,-1.4078860959833386
28,0,195815,26,3,-0.5697872868036763,0.028616627818448113
64,1,128861,19,4,-0.69241153555235,0.42791497909001175
38,1,102107,77,0,1.5003554844730376,0.22072454139279166
84,0,117908,65,2,-0.8966742033843756,0.5748254854390729
84,0,69528,3,1,-2.2273376881725873,-0.887340710870557
72,1,128390,33,4,-0.5718132987078312,0.7630640718859023
36,0,134279,19,1,-0.7510243234471125,-0.7701540239952764
62,1,41793,62,4,0.686856196062348,-0.3242472773801702
57,0,39270,63,2,0.05246065650747229,-1.140748004370571
50,0,127482,33,3,-0.7727311438818911,-0.39952428976103693
65,0,52721,63,2,-0.21020514450874153,-0.7805874903069571
82,0,36272,42,1,-1.1236279173495607,-0.9199816822361401
47,1,118790,58,0,0.7425031348639005,0.4119256742497011
20,0,126932,100,2,1.6582056483370031,-0.20421334477974976
24,0,153939,69,3,0.7133565149693032,-0.11950140270160799
36,0,183600,94,3,0.8893154161296835,0.8670368539877479
69,1,60244,53,4,0.21819845646327093,-0.025455738165434914
29,1,171852,54,0,0.9595964606780775,0.7429956302970641
23,0,168712,9,3,-0.7523849417015247,-0.6750305977631329
77,1,110848,73,4,0.3129831999041998,1.1143766276622935
47,0,64428,54,2,0.02437588776187859,-1.1028258601120486
45,0,149856,64,3,0.03480512056760119,0.20067425836720768
22,0,75872,4,1,-0.5361122254029178,-2.0852958613656942
70,0,199375,52,3,-1.0997145331458673,1.2840231942279523
26,1,77308,63,0,1.5728826958005728,-0.5595962219710745
87,0,133949,43,3,-1.5611905997415132,0.5936531258932195
81,0,157229,80,3,-0.5850678922027287,1.2603900721904988
42,1,190190,90,0,1.4107412012212108,1.7253737469496904
55,0,23714,32,1,-0.5871792775041571,-1.7903791220418537
50,1,35162,45,0,0.6266580695422621,-0.8821447726087102
80,1,57600,60,4,0.09590824981722826,0.25458465384056733
46,1,150864,42,0,0.27786019537946804,0.6505753438130529
37,1,178854,56,0,0.7665444079100886,1.0358258745177749
19,0,133719,91,2,1.4462592066575088,-0.2400373679723886
54,0,173500,35,3,-0.9868665823166738,0.3670949790081013
85,0,116362,71,2,-0.7743787506268452,0.6482828550769385
19,0,43405,7,1,-0.2740488339725191,-2.575076655492301
89,1,184818,59,4,-0.59713626595949,2.2495871524047057
86,0,162032,100,3,-0.2559765688499399,1.682547582941968
58,1,69914,27,4,-0.14010928116951876,-0.44120574369721094
84,0,197577,88,3,-0.608704849292234,1.9995446042146086
73,0,148812,22,3,-1.7347977937165506,0.25132494537070665
35,0,50167,71,2,0.8077249792984087,-1.3472172354559522
40,1,71718,25,0,0.29590687473784055,-0.8180053629009411
58,1,122586,48,4,0.18969249734922744,0.5727370679236978
80,1,191221,1,4,-1.7690175470111815,1.431387146909771
64,1,185947,41,4,-0.35325530143417844,1.5173841013553255
78,1,145480,75,4,0.21847934190139104,1.6552793576671379
39,1,117959,56,0,0.9149926590312683,0.20730913829460532
77,0,45973,61,2,-0.5626130004953804,-0.650086647521688
20,0,121981,88,2,1.3859536499794165,-0.4241317900964626
80,0,130610,5,1,-2.273822801696603,-0.07326343547243656
37,0,38115,2,1,-0.8668863239470638,-2.335109943423447
48,1,54314,73,0,1.2910510662410783,-0.3023354245673621
71,1,60186,27,4,-0.4616931997082191,-0.3074612205402703
43,1,123717,42,0,0.4500093602020412,0.19955719170013542
84,1,178866,36,4,-0.9945863147829435,1.7737187009785025
76,0,52792,24,1,-1.448414523982797,-1.0334570478002196
43,0,157587,82,3,0.4966298417317784,0.49293469875605705
50,0,183806,98,3,0.6036492932703217,1.2134865609917367
21,1,41548,70,0,1.9966299010596298,-1.0887052462242932
28,1,106930,51,0,1.1309678676301034,-0.2433277411058802
51,1,44627,20,0,-0.03367226794238741,-1.0365764086515201
64,1,74069,34,4,-0.14890120200946194,-0.16889950523288647
41,1,136407,52,0,0.7028105271111476,0.4632762841180888
21,0,61801,29,1,0.1395658688042178,-1.9967064454284453
61,0,121453,5,1,-1.7259276828628438,-0.6028768352134752
38,0,39535,52,2,0.30427362355153736,-1.6723908227545448
23,1,52568,7,0,0.38951453374182576,-1.6722142229784585
45,0,189817,15,3,-1.2774096251821945,0.16290530934671466
34,1,35191,93,0,2.217249627193235,-0.6209124053370106
18,1,47694,17,0,0.7825331345417679,-1.7225254417547078
66,0,78476,64,2,-0.2991921949211244,-0.37900912312435575
29,0,114252,55,3,0.3725708504817089,-0.7558991894079153
54,0,180926,21,3,-1.3484851517298881,0.29924685581083743
87,1,48004,72,4,0.22601789335746744,0.4134505364389447
47,1,117548,22,0,-0.11960638099690926,-0.05326204167073658
69,0,120863,56,3,-0.7146224665093804,0.19043334860457015
31,0,166091,48,3,-0.023061521714692317,-0.0598978078705193
45,0,25111,54,2,0.20984630721685285,-1.706827699924174
48,0,169492,64,3,-0.11231647136252912,0.544323562192484
49,1,156693,69,0,0.8264312293710759,1.132430336657289
58,0,34333,34,1,-0.6561302303342726,-1.5507693414748263
46,0,31543,28,1,-0.4644401471858831,-1.9170444164842113
89,0,25875,26,1,-1.6645976974865813,-1.1205698122746612
51,0,90904,21,1,-0.9668287780653031,-1.0505619148729015
19,1,56279,93,0,2.5554419878909,-0.6342371034581479
39,1,136139,24,0,0.0844164370462512,0.06947142411514405
72,0,73784,33,1,-1.1928777287676668,-0.7054605828790264
80,0,72858,60,2,-0.7579515939768151,-0.21524246174612086
69,0,44052,29,1,-1.1083648061353666,-1.243145831844222
36,0,49206,66,2,0.6633842477340282,-1.4021131444421011
24,0,147781,100,2,1.4798115142053552,0.17776065859615256
69,0,182159,65,3,-0.7023062507224603,1.1785107192363828
82,0,33489,55,2,-0.8015428379768389,-0.7981911359672424
66,1,188928,61,4,0.06359918174835728,1.85054131152956
56,0,25773,25,1,-0.7897079089013469,-1.826961906808628
85,1,198971,13,4,-1.6422455472305193,1.7962420098960779
68,0,176364,25,3,-1.6182637140046183,0.5775385720498846
53,1,171195,87,0,1.102310083487306,1.6473914698788739
61,1,51732,84,4,1.2103426921585618,0.0702760992361936
82,0,43516,11,1,-1.8937016017355521,-1.2017195031876913
43,1,187893,27,0,-0.12476961187402275,0.930514835699671
53,0,132353,58,3,-0.26909282599707224,0.04377879222225998
62,0,36644,45,1,-0.5080665830014155,-1.297078051128221
31,1,146830,51,0,0.9163241432152887,0.3899930234703963
69,1,133637,11,4,-1.0369786987737388,0.5016827147993946
35,0,112981,72,2,0.6224834747169435,-0.43686989698592554
67,1,28146,100,4,1.510549187561462,0.05788642315236646
29,1,64520,22,0,0.5472416111968946,-1.1890211394380386
57,0,24860,57,2,-0.04389812543195742,-1.4213094797101753
83,1,196495,15,4,-1.531408967134011,1.7437352819974048
21,1,41085,46,0,1.4206739990679595,-1.3936127587473415
79,1,142798,39,4,-0.6660625948876505,1.190492023029837
30,1,190791,13,0,-0.11730152287972222,0.525134371320089
69,1,127189,89,4,0.8613775207527614,1.378948518700668
63,1,180819,39,4,-0.35706238879398927,1.3982375289697817
70,0,185367,69,3,-0.6439765983962611,1.2950685360773497
24,0,167055,22,3,-0.4612825098636125,-0.5161590065569799
44,1,128538,79,0,1.297024976557513,0.7493200023192533
79,1,113974,11,4,-1.2437659467815354,0.43045257096216094
60,0,34808,89,2,0.61126011945416,-0.8184303355359998
90,1,154969,61,4,-0.4767815262153126,1.8687416855735242
41,1,178534,92,0,1.524935989358667,1.5626250243860325
73,1,35515,65,4,0.48042514383955565,-0.14586931198995742
83,1,61689,7,4,-1.2747184053842504,-0.2827300549126702
65,0,122104,42,3,-0.9467091476829429,-0.04976864865292948
78,1,188556,18,4,-1.2966145240183118,1.5626093008245427
52,1,168189,27,4,-0.30418956537434255,0.8377135923907778
64,1,58171,8,4,-0.7215506811432169,-0.7193059152578247
42,1,69347,59,0,1.0674691050490843,-0.38735244713714234
63,0,180254,14,3,-1.7597591761356348,0.39150482702079
38,0,87274,66,2,0.48207564941374453,-0.8159656105161778
84,1,169056,96,4,0.48184849487575176,2.379208379158084
89,1,119554,85,4,0.2459549481092208,1.6397924620806184
31,0,27639,14,1,-0.37984560526540356,-2.4616286775295135
44,0,54231,79,2,0.7416066939552753,-1.0008280954113016
47,0,95601,89,2,0.7626891971257855,-0.22220678016699208
56,1,117356,39,4,0.04501885050471551,0.3441464550326929
40,0,181526,55,3,-0.1511318179903904,0.4366097120130731
53,0,145689,37,3,-0.8188413534819181,-0.026587539865880777
23,1,70705,21,0,0.6659540529820246,-1.2389460666595098
36,0,144991,34,3,-0.42578134907698195,-0.43059664861458646
18,0,150978,45,3,0.3091083201308375,-0.5860275831961095
47,1,147362,90,0,1.4172959607808184,1.2180776468692907
60,0,21441,29,1,-0.7879460845690471,-1.755232461693568
64,0,80514,8,1,-1.5990186135996165,-1.0878538016982022
80,1,86719,56,4,-0.09736960746850629,0.6211224519571853
21,1,166481,18,0,0.3290906989018672,0.050904277391616126
85,0,127834,99,2,-0.13885640727647391,1.160277538739988
32,0,79382,18,1,-0.4832405236135112,-1.6512688301146328
79,1,63302,39,4,-0.40117217621401924,0.05410619378282249
36,0,86262,79,2,0.8527208946128032,-0.710828849413872
54,0,131333,77,2,0.16426171243046472,0.2863284680789374
53,1,181089,93,0,1.2137167311146966,1.863397264368127
66,1,68055,75,4,0.8032370644259805,0.2966781137724858
40,0,45047,80,2,0.9051940626714234,-1.2036236088146555
53,1,142230,87,0,1.1988250147653796,1.2333402529102242
68,1,123077,82,4,0.7338727729174673,1.2121820069352627
56,0,100638,13,1,-1.3279166051664326,-0.9059201610820217
64,0,87969,24,1,-1.2388604711206839,-0.7824261448589014
35,0,168770,83,3,0.7012745792573899,0.49734298134085625
64,0,166360,40,3,-1.1150697778094163,0.5370231631762614
54,1,62459,69,0,1.004277083606349,-0.10970839623824664
52,1,54904,47,0,0.5545388396597314,-0.5331078055716644
73,0,117314,7,1,-1.99077926760175,-0.3853658184412055
64,1,111075,98,4,1.2677867348607228,1.1555341342125873
23,0,161090,6,3,-0.7991748375446054,-0.8212723006487449
81,1,96670,16,4,-1.1202560282634508,0.2872075136431255
88,0,61898,56,2,-1.0355267291882997,-0.25374910880399765
21,0,37921,46,1,0.6281985179186486,-2.1267801649950506
70,1,27402,68,4,0.6613380213273959,-0.2875125836565441
44,1,32642,3,0,-0.2121835974340075,-1.5660836478519438
74,1,84453,12,4,-0.9851825231498397,-0.08404293884348317
28,0,71174,15,1,-0.41915508568702226,-1.8898273705057604
46,1,89088,54,0,0.7724547388567512,-0.08336070956407446
61,0,60457,55,2,-0.319559293317673,-0.8533719922803282
90,0,124884,18,1,-2.2142380603012746,0.21630737081615198
81,0,176130,35,3,-1.7308583567472315,0.9712857679172011
25,1,168864,6,0,-0.07652179656947813,0.019764523959995912
36,1,101200,66,0,1.2931521820403105,0.029073282160489898
18,0,62820,90,2,1.6856715999878047,-1.2869438255686865
64,1,101123,20,4,-0.5759226739300483,0.04383228825069401
74,1,148827,100,4,0.9178105570019665,1.9299019760299765
39,1,70277,75,0,1.5310613799730162,-0.23815391440014277
48,0,58049,32,1,-0.5109729648111154,-1.4464594617445214
57,1,194861,59,4,0.24078090609047964,1.7216303386773484
86,1,41545,77,4,0.3950829746571597,0.3622784312732763
60,1,85106,16,4,-0.5098791353561675,-0.3187836824675094
68,0,156840,58,3,-0.7591466744557658,0.7085926743014918
70,0,191676,100,3,0.0809368283128192,1.7705448739830216
74,1,189400,61,4,-0.15581899996669596,2.0251685701111746
73,1,35680,24,4,-0.5066848924356198,-0.6530876689703969
26,1,174939,11,0,-0.0036828949726234166,0.18973447113635666
85,0,47416,5,1,-2.132763581029772,-1.1575866863954574
90,1,99030,54,4,-0.4588230332385212,0.9820994056212278
63,0,162740,98,3,0.3198449808366031,1.1851557277533535
37,0,36869,64,2,0.6291370772784229,-1.5823414924370072
23,1,51281,23,0,0.7788020920409868,-1.4917524124619583
31,1,46379,54,0,1.3232265254390092,-1.0086559061816363
85,1,190209,31,4,-1.1799254828895445,1.8947070030602724
67,0,126435,41,3,-1.0396643704316888,0.041683790400323405
51,0,83434,83,2,0.5499337542589141,-0.3867648008245901
39,1,22302,30,0,0.6081099468164797,-1.4832426545786852
21,1,35279,78,0,2.2100185359283473,-1.07889019185702
26,0,167553,14,3,-0.7099028201353185,-0.5664997982114708
90,0,86980,47,1,-1.3901263863834972,0.03490673692600004
53,0,35965,96,2,0.966456709434801,-0.8617852709154115
23,0,158737,50,3,0.2674132173369134,-0.30804501960066194
64,0,20790,26,1,-0.9668869170199679,-1.7178845143567703
69,0,79025,75,2,-0.11802667007614472,-0.17149042178516188
19,1,47715,80,0,2.2711665037266124,-0.9182316600478903
25,0,28054,81,2,1.3943394291035638,-1.7488829479600492
85,0,185856,51,3,-1.4871901746287042,1.3931171360956853
55,1,27583,93,2,1.6707561888850617,-0.2889826603474855
64,1,99977,32,4,-0.28335472404467227,0.17659484646718748
22,0,98358,57,2,0.6642712391065266,-1.1051396722104336
63,0,39757,51,2,-0.40129548946448046,-1.1570208327122806
61,1,185593,62,4,0.23492764282360107,1.710371545467781
78,1,25999,56,4,0.15941823211920095,-0.28883271762466256
20,1,117979,43,0,1.1194971065505823,-0.35269334107291606
51,1,134953,91,0,1.3737840050556933,1.1370612184196178
43,0,164350,71,3,0.2094078039510057,0.4528951925619517
80,1,91407,70,4,0.22388362869759668,0.8621387589058118
52,1,81644,71,0,1.0429365559378188,0.1474262848310736
38,1,188302,51,0,0.587519612141549,1.1297253778370524
74,0,107686,78,2,-0.2774946891404585,0.3804263211594165
76,0,173331,56,3,-1.0800670177569056,1.0873522101967494
40,1,64387,2,0,-0.2331015644153497,-1.2086614078605546
86,1,32984,17,4,-1.020137410609701,-0.5058224986560396
22,1,40022,51,0,1.5172975918252798,-1.3256796693898043
41,0,170275,37,3,-0.5739967901013835,0.0730462824983629
35,1,44682,52,0,1.171833538015385,-0.9738316963498844
26,0,159629,52,3,0.2308738210937759,-0.20748154276068642
84,1,129494,94,4,0.5655490398447005,1.7888168970954272
73,0,36251,22,1,-1.3597307410809136,-1.3577211113601124
36,0,155936,6,3,-1.135999884882405,-0.6221429935658729
42,1,22084,88,0,1.922766114434892,-0.7025388686885956
40,0,160682,47,3,-0.2741766126470449,0.039217559573263915
72,1,134799,30,4,-0.6653562068334132,0.8173938388876415
43,0,76676,81,2,0.7421727691110785,-0.6761070941756184
49,1,190582,58,0,0.44882203378436436,1.4801537619836944
82,1,131353,23,4,-1.0946176006112047,0.8909828206423851
60,1,187287,91,4,0.9543246032760759,2.0740345847426105
34,0,171141,4,3,-1.1803283437060657,-0.47161676780459655
33,0,199666,67,3,0.2677875576832708,0.698168272175053
72,1,114215,48,4,-0.1636437890462312,0.7468647534396016
51,0,27386,65,2,0.30356855600224575,-1.4116810065466368
34,1,38340,81,0,1.9180074357283672,-0.7250423176847589
70,1,159689,52,4,-0.16445759833643378,1.4046549661892245
46,0,45606,44,1,-0.1263006708863225,-1.5171561885512164
37,1,99759,5,0,-0.19708603844233846,-0.7286917960511624
52,0,180821,74,3,-0.018364350470701892,0.9144973782945774
23,1,189853,24,0,0.34112564308650983,0.5015464915219976
87,1,31997,19,4,-0.9959543935151959,-0.47408912122175717
55,0,78884,69,2,0.11929797525065663,-0.5418683767825276
44,0,149908,15,3,-1.117197266625202,-0.4285740904220665
58,1,69143,17,4,-0.3781646624563238,-0.5765141728164411
64,0,71667,16,1,-1.3770397666530507,-1.1148909495524093
67,1,179013,39,4,-0.45996728529039643,1.4563610120479191
34,1,123893,56,0,1.0313732308914167,0.1872099130222914
57,1,83129,12,4,-0.5178492756488778,-0.45971452000633267
71,0,97846,96,2,0.2701094358115209,0.40052640492278496
87,1,80996,69,4,0.043897170000916114,0.8477811147880898
69,0,105588,30,1,-1.2893478580265718,-0.35106735079818724
35,1,149244,60,0,1.0159196923565637,0.6202992712869353
42,1,189145,32,0,0.018601472012059098,0.9895705549443345
46,0,90562,76,2,0.4938986582565593,-0.47679689196082264
80,1,170778,98,4,0.6331581792342302,2.344741541341668
22,0,49483,8,1,-0.3519310628311186,-2.412808635407587
84,0,83248,78,2,-0.4683710517053823,0.24093812239294746
23,0,45452,77,2,1.2945787358421212,-1.5918654642467234
48,1,62794,39,0,0.44467154396950087,-0.6036908959305638
82,0,86162,16,1,-1.915491078476131,-0.5299564864632699
31,0,103668,54,2,0.3293142363990243,-0.8776548947043055
58,1,20169,82,4,1.349081620845331,-0.4687256608989816
26,0,38329,43,1,0.4184982901475091,-2.0533089297220988
65,1,81595,97,4,1.3147245870185744,0.7426773554778918
22,1,187638,78,0,1.6751089903449656,1.1200485328944871
86,1,52645,84,4,0.526533527203501,0.607952559398979
24,0,115890,13,1,-0.5073564597702689,-1.3594149416939056
33,1,153653,37,0,0.5022534887721197,0.3554951059962368
28,0,146665,95,2,1.2542952292029679,0.18360407121444322
54,1,134934,52,4,0.3537199364612614,0.7150250467390792
66,0,159230,91,3,0.08141158527004584,1.1109347715832791
20,0,135205,23,1,-0.22216925016355932,-1.0429622839448465
65,1,72139,6,4,-0.8434493367453688,-0.5235074287158646
35,1,48162,38,0,0.823363524404804,-1.0980874184478313
26,1,144451,52,0,1.0844670950793522,0.26348916327507793
41,1,69332,57,0,1.0466248748056282,-0.4334092949461038
52,1,74709,56,0,0.7051081544854413,-0.13813932647260646
46,1,99802,30,0,0.15925570249963877,-0.22849434147056497
28,1,118953,87,0,1.9571537696773829,0.3759730827081882
43,1,105699,42,0,0.5100475453140153,-0.05800796719305045
20,0,44018,11,1,-0.20707232348417237,-2.4956140538432434
70,0,162373,70,3,-0.5432953264160506,0.9788007588682504
70,1,127739,96,4,1.0007512893100476,1.4947966657209557
38,1,135164,2,0,-0.4144778511274122,-0.2388826614152484
60,1,102332,33,4,-0.15821671807727924,0.13874796046246118
60,0,57161,48,1,-0.4497830531993303,-1.0084738814651566
33,1,106513,72,0,1.5015153157669525,0.11663920045999317
49,0,34494,2,1,-1.1815888377589745,-2.1350515937266605
65,1,113562,63,4,0.3900835011036994,0.7770657450828475
41,0,187260,57,3,-0.1493439969297169,0.564418982050369
23,1,44899,90,0,2.412251498878006,-0.7502589302230813
74,1,176026,62,4,-0.08719274745463917,1.8464175444034876
78,1,129877,65,4,0.02984600310436283,1.3079492592891815
23,1,80038,84,0,2.1507893739419504,-0.32252336604673126
25,1,49266,98,0,2.535738322749765,-0.5464335069181119
47,1,134507,30,0,0.016383709983422614,0.28859449958580974
45,1,176667,14,0,-0.4546363406228463,0.6504373256499346
33,0,113749,55,3,0.2653241982298959,-0.6791494768904495
29,0,196824,9,3,-1.0094416372806425,-0.14726285775870945
61,1,27884,90,4,1.4341818207521098,-0.19605596793366512
70,1,94432,17,4,-0.789198840802987,0.03680917541525513
31,0,145353,85,3,0.9363504938040088,0.10351713978285981
85,0,44370,91,2,-0.05324368435560527,-0.13226003771421221
61,1,26701,29,4,-0.02968540988220803,-0.9711179763135549
87,0,82084,98,2,-0.06493559780228869,0.5358280617909297
49,1,147897,22,0,-0.27519432492273577,0.42254330879994756
47,1,125862,15,0,-0.31574676181297323,-0.021415357566873898
73,1,189278,54,4,-0.2966189169992802,1.9154386319934444
77,0,51519,40,1,-1.0864042928807547,-0.8318100995886233
38,1,67499,100,0,2.1691098135924327,0.011867588304824024
89,0,180446,98,3,-0.4471511965189185,1.9838711274243541
83,0,104980,24,1,-1.8129260809006877,-0.14054075277980735
24,1,95679,65,0,1.614254515933194,-0.31409757372110453
58,0,140611,8,1,-1.635885120958789,-0.35468441767060055
23,1,135582,67,0,1.556648394636292,0.2601834532642314
36,1,183368,71,0,1.1396705556718352,1.2657985704897785
47,1,113488,35,0,0.20673381894346668,0.05027394205478229
51,0,41354,9,1,-1.0904714403251583,-1.9080177406689796
78,0,167469,19,3,-2.0053059269216127,0.5856634569585518
66,1,104575,22,4,-0.5937616265634916,0.1600056500945997
44,0,90429,93,2,0.9578647468114494,-0.309380100332789
62,1,91838,1,4,-0.947709011423796,-0.3670111416941188
49,0,54127,85,2,0.7501745159926395,-0.8228174704628051
24,0,106437,71,2,0.9197638925549613,-0.7736794063685737
90,1,134160,88,4,0.24224262219249756,1.90685462053709
32,1,132095,76,0,1.5397534118714258,0.5110606574133284
56,0,84892,50,1,-0.38513854569607064,-0.671145169406288
55,0,31488,68,2,0.2531648134953243,-1.2318172459543446
79,0,161995,16,3,-2.086483899602669,0.49111216699714394
33,0,124814,71,2,0.6134533781017564,-0.322117301036585
59,1,190086,21,4,-0.7121424651283631,1.223051413049348
50,1,100127,73,0,1.083935178338586,0.3945259597097503
42,1,58643,54,0,0.9828239215140127,-0.6025083873066663
63,1,126502,84,4,0.9067385299588424,1.1810743414370481
52,1,81767,19,0,-0.20872042378540745,-0.4971082409180148
72,1,77644,14,4,-0.8599078558022387,-0.19848938444024541
74,0,96671,89,2,0.02389553396033384,0.35968399498512205
52,1,79560,61,0,0.8092562516324779,-0.006651322533619579
72,0,53790,65,2,-0.3562570363756611,-0.5935537821323679
55,0,93665,16,1,-1.2052637024105213,-0.9892972501162561
38,1,117959,93,0,1.8325337934307555,0.6461863107432528
81,1,188011,37,4,-0.9193040987898219,1.8539190637056262
80,1,95048,7,4,-1.3041826509504608,0.13117783937196503
76,0,58221,92,2,0.16974162753826988,-0.11069802301923026
25,1,199654,25,0,0.2780685992470158,0.6960493427640869
39,0,86789,4,1,-1.0354105250616754,-1.5724934904779952
59,0,42301,20,1,-1.046785487680488,-1.5898846300130907
20,0,91523,8,1,-0.4375521422192384,-1.8538218731510627
41,0,60947,38,1,-0.1856400450688274,-1.4773557175925387
89,0,57261,59,2,-0.9751190198008985,-0.261763337992191
74,1,43075,90,4,1.029564738998553,0.29390268522989677
71,0,176424,91,3,-0.11203431821790448,1.461645995683521
32,1,86714,23,0,0.4156588944226232,-0.7963768233869252
44,1,170771,99,0,1.6375483381770028,1.6016098475997065
62,1,179663,53,4,0.010894449361263332,1.534729544246884
82,0,159102,46,3,-1.4366627578981774,0.8855733339807252
55,1,97725,76,0,1.0279728837793922,0.5024008261586557
42,1,191267,23,0,-0.2050312951918422,0.9080459230564482
71,1,180209,4,4,-1.4150607812051959,1.1223929601457368
33,1,107515,75,0,1.5703638632606753,0.16824879368454998
68,0,124816,21,1,-1.5427492370452864,-0.20904876427886443
89,1,181540,82,4,-0.03277733808097322,2.488588808936203
66,0,63608,28,1,-1.115898208154797,-1.0389788822836963
81,1,152833,93,4,0.5454102180073882,2.047061380016643
54,0,78763,81,2,0.4356811769456866,-0.4154385753037536
51,1,60032,30,0,0.1556208311305965,-0.6920766966350275
26,0,69855,70,2,0.9631358019788313,-1.2670734178535
35,0,100972,11,1,-0.8053101965865811,-1.3666882828870512
19,0,92598,59,2,0.8132811873212414,-1.2255757974101922
61,1,177518,3,4,-1.157849709248106,0.8616466351332289
48,0,27878,37,1,-0.2901272697624495,-1.8156067666498659
26,1,110005,100,0,2.3542427398763652,0.36766567126213523
75,1,148505,75,4,0.29009170346064533,1.6355663434233072
35,1,91405,54,0,1.0642716630660363,-0.2810745742142947
74,1,158548,14,4,-1.1839512580661633,0.9999936554435264
22,1,33486,67,0,1.9240754616824802,-1.220251687213316
74,0,30698,97,2,0.43622521688795346,-0.4839625027931684
74,0,162821,5,3,-2.2177697380694004,0.2612789077684309
34,1,147588,43,0,0.6396068035854281,0.36435391014191093
21,0,177996,9,3,-0.7288590130128424,-0.584286944880857
57,0,59952,31,1,-0.7864525362373495,-1.242819927255174
29,1,102041,27,0,0.5425292628112311,-0.5905193858575609
54,1,82254,14,4,-0.38511674636367743,-0.5103201534093763
72,0,61856,13,1,-1.634381065957052,-1.1245440711688035
20,1,116319,85,0,2.135651110903075,0.14558287700703765
28,1,69330,9,0,0.24563299678277808,-1.3028209720699764
70,1,178952,4,4,-1.3836416256090212,1.083439285848119
79,0,88779,16,1,-1.842519210893695,-0.5555018119973893
64,1,145346,77,4,0.6482802206226758,1.384431127767073
51,0,102610,59,2,-0.09146170358879237,-0.41093515298004607
64,1,59907,7,4,-0.7513976907685408,-0.7069187101294973
50,1,87390,45,0,0.45262797008459876,-0.1355517479293165
25,1,34998,77,0,2.077969707676448,-1.0113957234599933
20,1,82728,86,0,2.2716428861373417,-0.32216775006281717
59,0,176564,44,3,-0.9166675903498303,0.6276779085898926
48,1,152927,41,0,0.1924622267007608,0.7096069936349958
50,0,173841,85,3,0.324042112876812,0.9094648766625473
45,0,95291,99,2,1.058807957910775,-0.14432113572392022
69,1,44520,47,4,0.12621808362791123,-0.32480068663111583
40,1,28577,90,0,2.003716886879647,-0.6268348123652134
48,0,41916,90,2,0.9384059665211071,-0.9562137289170518
74,0,171375,69,3,-0.7062762488179366,1.178994603999956
22,0,30460,48,1,0.6739536967633435,-2.1875918446522595
71,0,148385,48,3,-1.0532900580812297,0.5263974106480176
48,0,38915,29,1,-0.5194034652157987,-1.757263830252198
88,0,151941,1,1,-2.6589955079731755,0.3498259073586791
89,0,45126,77,2,-0.5015597059104347,-0.21151497713717132
42,0,171015,63,3,0.021930326011013895,0.42775590155109744
86,0,133856,6,1,-2.4239604917773834,0.11147651081450467
38,1,70033,63,0,1.2703557579903912,-0.4117713660358432
79,0,41772,94,2,0.19098456940295497,-0.25802207089713325
81,1,128864,54,4,-0.31315748173533187,1.2197077895443946
28,1,31329,74,0,1.9363158987305815,-1.0381747351811035
81,0,182358,70,3,-0.9094252489807163,1.495319050959687
78,1,93245,6,4,-1.2677759237124522,0.05100544327626817
43,0,125512,96,2,0.940381901256273,0.20842830971233187
67,0,172473,40,3,-1.2171310757408107,0.6873627964658205
74,1,196097,18,4,-1.212819350666381,1.586466958064555
40,0,183790,16,3,-1.0971110900520369,-0.015746275326477894
20,1,144570,63,0,1.5121415299705772,0.2759959816519141
34,0,90159,49,1,0.1723236243314141,-1.069952946895039
55,0,165677,23,3,-1.2767794020309333,0.12710664593606114
78,1,99948,20,4,-0.9532369145971111,0.32082593466100146
55,0,58520,86,2,0.5962148812829637,-0.6216812961122338
24,1,78839,89,0,2.247866135373665,-0.2565343804526237
83,0,149464,97,2,-0.20459375384263845,1.4026483724426961
54,0,124060,52,3,-0.4130648793970451,-0.12835588903834788
44,1,154418,95,0,1.595788760023896,1.3181308344614155
68,1,197695,17,4,-1.0788224624882756,1.4709714134691774
80,0,171199,80,3,-0.6043869675256367,1.4391045449939213
54,1,175562,23,4,-0.47946843943481665,0.9353649354202755
70,1,167599,62,4,0.049809759667299704,1.6420145480078914
24,1,39271,8,0,0.4306535353325959,-1.8288795335124013
76,0,128381,55,3,-0.9543505514061156,0.43236861900543677
81,0,25613,51,2,-0.8443181419789902,-0.9814774555118053
32,0,119089,59,3,0.3710111201217249,-0.5740849933146184
19,0,105107,90,2,1.5175354538741312,-0.6614711997011153
69,1,132249,13,4,-0.9842288230336558,0.5066988357411744
67,1,163293,22,4,-0.8166478792136755,1.0203574593218077
55,1,117969,72,0,0.8642676146204624,0.7420715588308834
75,0,43631,90,2,0.1974630842748904,-0.3651027557692609
69,0,84971,99,2,0.4396592036677206,0.2117959211414461
86,1,83428,23,4,-1.0438483346490075,0.28984070470870976
70,0,26895,99,2,0.6059448786436824,-0.5974085559989091
78,0,104682,98,2,0.10484119287673838,0.6699986895951544
73,1,171972,29,4,-0.8405143227224259,1.3573337376813912
59,1,26369,56,4,0.6755682188871489,-0.6822587897613399
58,1,54054,96,4,1.573046873288806,0.1896582753206156
59,0,117094,84,2,0.2439915322829277,0.2747096631729098
63,1,168509,46,4,-0.14760684604500002,1.3092685019345631
30,1,103191,6,0,0.006155303920479551,-0.8140981237347248
54,1,199791,20,4,-0.632389772396417,1.244429474953737
69,1,180335,93,4,0.7805383118693017,2.188379074249714
68,1,154414,81,4,0.6053916020367573,1.6477119731023957
59,0,98346,84,2,0.3064621668971629,0.006709241431903595
23,0,27978,18,1,-0.06687999585732224,-2.5749479574671152
70,1,70065,99,4,1.2651154628238719,0.7076398440705777
53,0,77980,28,1,-0.8097886669976044,-1.1063379798717639
83,1,174248,4,4,-1.7219661281194476,1.2890012892070446
75,1,147324,67,4,0.10152738200541465,1.5192544284858132
27,1,182070,60,0,1.1243848555424512,0.9216629473720596
87,1,81749,29,4,-0.921109709584901,0.3613968552249864
70,1,66880,76,4,0.7222920433468807,0.3762503741343376
53,1,50035,79,0,1.3135305001578126,-0.18400592618002953
44,1,141273,10,0,-0.4057182947575706,0.07378448138438802
83,1,181849,69,4,-0.18323468124303044,2.205522671830575
56,1,56627,99,0,1.6911220111300331,0.2217551072558899
54,1,84902,84,0,1.2904309276874038,0.3975422236188537
47,1,90622,47,0,0.5716754718276258,-0.12744830665291107
28,1,178726,45,0,0.7473601243318752,0.7084152617177955
28,0,161469,58,3,0.31465602922730435,-0.06463669799916265
78,1,181166,58,4,-0.30949234669755327,1.9541184377561625
64,1,145384,72,4,0.5278413760557013,1.322830795147255
88,0,156579,30,3,-1.9766389939529225,0.7765580845260204
36,0,120287,20,1,-0.6803388191646483,-0.957739285922077
78,0,150538,35,3,-1.563890642576735,0.5424961551582019
53,1,94305,4,4,-0.6386659262218894,-0.4833246326694275
76,1,23670,47,4,0.00507809759515527,-0.475953881856042
46,1,66452,60,0,0.9922553348520244,-0.33236738143042865
79,1,161200,2,4,-1.617690771999116,0.993684234263433
52,0,106927,11,1,-1.2880745038751746,-0.9248171096033037
46,1,117824,35,0,0.2195164128051941,0.09127153502820386
52,1,20719,90,0,1.7031325765486682,-0.48734387182762495
47,0,41704,69,2,0.46103171358078043,-1.241232112922754
38,0,119914,48,3,-0.0598088385094103,-0.5730974443923552
54,0,155750,14,3,-1.4330327464764656,-0.1476420118298218
62,1,105203,83,4,0.9808776420396148,0.8431939622679907
69,1,25398,28,4,-0.2672515187534908,-0.834292838437444
70,0,56505,7,1,-1.706464191621486,-1.3175782417641588
43,1,50793,95,0,1.9683106425344095,-0.18416117847410074
66,1,169287,5,4,-1.2184515059194654,0.8737679348696944
22,1,135615,70,0,1.6559564464157082,0.27695629780784464
84,1,31648,32,4,-0.6002876681231699,-0.38045986363924067
74,1,72353,76,4,0.5951326264025848,0.5384262931977953
67,0,194288,26,3,-1.626695557329416,0.8252037104155235
34,0,184616,13,3,-1.0086666927854064,-0.1671348829886927
68,1,39133,12,4,-0.6707866617694759,-0.8577969844441963
38,0,28414,38,1,0.0044559321087847955,-2.005366096689511
53,1,153857,90,0,1.2322697595720826,1.4368329526527128
50,1,28524,50,0,0.7690889233077619,-0.9148906520376782
52,1,92915,99,0,1.6791286559319631,0.6565476974908191
85,1,195358,11,4,-1.6783314778188108,1.7197371910064223
53,1,38917,13,0,-0.23754431629546552,-1.163231111537698
64,1,69788,10,4,-0.7121350598920461,-0.5283848719380961
76,0,55120,34,1,-1.2155472575932804,-0.8758914895658443
30,0,181165,70,3,0.4833145248005475,0.4080297806959227
26,1,199667,84,0,1.6704788462863447,1.450513934959494
65,0,181003,38,3,-1.2392176161705082,0.7424706941323019
20,0,33073,100,2,1.9709553439982737,-1.5459165442777814
75,1,181651,62,4,-0.13316661459311047,1.9478112572206656
80,1,194677,86,4,0.2647744436982414,2.5372304017230576
35,0,168378,87,3,0.7988305504452403,0.5414542186068863
31,0,26930,14,1,-0.37748313033786507,-2.471763747884451
47,1,154852,18,0,-0.34015766181142104,0.43027935426698954
28,0,27512,59,2,0.7850796219190239,-1.9671073127187837
35,0,37024,91,2,1.3327679623387374,-1.286520699026041
59,1,187235,7,4,-1.039516810521389,1.0082948017876332
83,1,130979,11,4,-1.4093514016163453,0.757477053259952
27,1,181196,24,0,0.2610491185626932,0.46173574751737245
30,1,23360,62,0,1.6196588914361367,-1.2592651114561995
72,1,70168,100,4,1.2343733440157865,0.7635109431234054
19,1,160324,6,0,0.11531859536819475,-0.22822381267793668
80,0,197688,65,3,-1.0535882349555155,1.6313310233142753
24,0,142818,30,3,-0.18802229601321285,-0.7631943670522198
34,1,155250,72,0,1.3118869788456293,0.8343138062843325
26,0,33800,22,1,-0.07172186698405572,-2.379053303969567
56,1,123404,57,4,0.4579901790532421,0.654318630082118
38,1,184691,33,0,0.1664279008025973,0.8543898268426107
52,1,116319,65,0,0.7830205358908717,0.5685290244027816
20,1,142674,67,0,1.6147090135576065,0.2986077184753116
46,1,85841,81,0,1.432960150060849,0.20579891873294284
80,1,183058,86,4,0.3034903762554633,2.371138183875354
89,0,28987,59,2,-0.8809065852434586,-0.6659367924569451
81,1,93355,88,4,0.6232859824494185,1.1346869328065903
58,0,81454,55,2,-0.30783183923052426,-0.6161774121391921
66,0,94700,7,1,-1.7248119046288877,-0.8555253141993758
90,1,186274,80,4,-0.12390717354082471,2.552388367893543
29,0,72606,44,1,0.24665353592690747,-1.4879395712186394
45,0,154639,1,1,-1.4970664430963223,-0.5139619075060765
67,0,64571,61,2,-0.3522770419123675,-0.5940805515377813
63,0,147842,30,3,-1.2667593017297918,0.12703847844358296
58,1,25386,6,1,-0.4970478661902029,-1.338731047602163
89,1,105551,73,4,0.003865323579672144,1.2904767574509337
76,0,109149,87,2,-0.12026893643975779,0.5551681187795461
73,1,86205,55,4,0.07089540113376436,0.454451110139688
65,1,25638,39,4,0.10555837434115319,-0.7780863207733638
33,0,177704,44,3,-0.21246859562391593,0.09836382896001657
41,1,64788,83,0,1.6873896042479062,-0.17521883442136027
53,0,165482,39,3,-0.8366691666560719,0.28120844734943484
31,1,144137,95,0,1.9840451197827922,0.8983600451099052
73,0,26619,86,2,0.21236072988030455,-0.6999721139648334
55,1,60789,49,4,0.501362155245649,-0.36116998982872056
30,1,21427,28,0,0.8079767618591415,-1.709473174647281
32,0,88366,59,2,0.47338392294086007,-1.0132666104017172
47,1,99072,41,0,0.39914436711875856,-0.08122881116899298
41,0,25285,98,2,1.3769367981959701,-1.2414172930319294
83,1,77738,44,4,-0.43788518416648087,0.40655066586778343
88,1,61989,52,4,-0.3290614143976134,0.3857752988520684
55,0,108382,10,1,-1.39867721949017,-0.8534917378278316
50,0,55459,55,2,-0.0033678922466890897,-1.1556529086179532
58,1,170537,23,4,-0.571647233263034,0.9474731978037096
54,1,131633,34,4,-0.06840473288549989,0.44412090873480786
64,1,96704,17,4,-0.6333853584796255,-0.05662291203002973
29,0,23029,12,1,-0.35814805465440086,-2.5943555111237973
26,0,120732,37,1,-0.0004532776308340353,-0.949940128231533
36,0,38405,92,2,1.3249980683210294,-1.2333657519157293
18,1,45918,12,0,0.668138760381782,-1.8100566878073288
36,0,196341,34,3,-0.5968858448867204,0.30344547088619583
38,1,58860,46,0,0.8985240025783705,-0.7827760966125863
65,1,50433,88,4,1.2019981886273572,0.1853619172518548
69,0,177756,87,3,-0.15826112969396736,1.38900192746112
78,1,115868,13,4,-1.1747214199531726,0.4613994807107833
37,0,165713,62,3,0.15168818268875825,0.23461069008940608
34,0,119152,33,1,-0.30928372288507144,-0.8543607951352261
72,0,58667,11,1,-1.6718798165302184,-1.194987860678355
77,1,120689,81,4,0.47269133959288057,1.3544822087122856
63,0,98775,50,1,-0.6220131461973689,-0.3257942762841709
38,1,55064,94,0,2.0661700895064747,-0.24046149782321205
86,1,160737,46,4,-0.7480151712070905,1.680823905236498
49,0,73104,64,2,0.18162948488826622,-0.8125463810104607
62,1,87248,5,4,-0.8361647895366412,-0.38290981324336215
56,1,87299,16,4,-0.4082637703082193,-0.37137504674824084
90,1,114072,58,4,-0.4126950423491617,1.2468378302752827
46,1,45131,55,0,0.9429872970231259,-0.6992920690729771
24,1,83054,51,0,1.3194483368896204,-0.6685723480987031
49,0,90438,13,1,-1.1033142122224329,-1.1986230089047933
63,1,73551,26,4,-0.31244404327172537,-0.2967189236901695
47,1,150658,59,0,0.6603774964426723,0.8799036372558289
28,0,56000,5,1,-0.6092179050819545,-2.2310249651005463
59,1,182526,66,4,0.39585839694334035,1.6742739583598096
76,0,170188,12,3,-2.1283417267967435,0.4955602652971319
80,1,164557,4,4,-1.6079824955043678,1.0875145730825526
32,1,174133,10,0,-0.18844371381773287,0.29169414594433724
51,1,38437,6,1,-0.34992065595452293,-1.2990636262815525
55,1,158851,26,4,-0.3788286817045375,0.7547543177052575
21,0,66263,61,2,0.8946961707478698,-1.5352040443991943
19,1,37552,28,0,1.053783737127027,-1.7098033277869502
59,0,49944,8,1,-1.361002238135988,-1.6297733488839838
84,1,180844,1,4,-1.8433628206529584,1.3669892082500075
81,1,50054,12,4,-1.0611755799961078,-0.4288774715000763
56,0,103537,68,2,-0.014141965613274863,-0.18090038326920263
25,0,160888,14,3,-0.6604635454867764,-0.6827601868666394
63,1,32307,80,4,1.1243580396893118,-0.21514676841360691
48,0,191089,100,3,0.6819676888564651,1.300483572999746
58,1,187267,80,4,0.7441657080919711,1.895062884614441
82,0,195230,22,3,-2.134544358160036,1.1037297979845149
65,0,168541,40,3,-1.1495678146933845,0.5891853071607093
87,1,61148,15,4,-1.1893388787243173,-0.10709388692550881
30,0,161602,65,3,0.4281886154305872,0.0662354931718236
71,1,122446,40,4,-0.35633937098696394,0.7441112454694137
28,0,118567,33,1,-0.14395036627683325,-0.9886333564931445
83,0,98399,84,2,-0.34725069513624063,0.5111070949006119
48,0,191777,46,3,-0.6196968297022402,0.6391682395640065
57,1,119201,67,4,0.6853888607008438,0.7395093323965439
55,1,83067,73,0,1.0046278025909816,0.2555803432767925
88,0,98401,8,1,-2.3121565501855197,-0.3285210473691833
76,0,29183,7,1,-1.7788080026686266,-1.5822329136858573
58,1,51740,11,4,-0.46455040143648285,-0.8998602258321087
67,0,198541,59,3,-0.8468063969795536,1.2961471890131895
25,0,75708,45,1,0.36930244630774023,-1.5151081814051166
88,1,150677,87,4,0.21760486329156922,2.0885644372798415
83,0,58758,67,2,-0.6242235842052889,-0.266844296979895
24,1,49936,19,0,0.6598033403388384,-1.5397088479870469
85,0,26245,35,1,-1.340345869893877,-1.087362375364084
36,1,105676,37,0,0.5804267025904577,-0.267375353095846
64,0,69159,12,1,-1.4649325822839734,-1.2004573405974515
58,1,121725,17,4,-0.5533743333164536,0.17513923960011465
60,1,51672,97,4,1.5505850791562261,0.2100065960490141
83,0,40674,86,2,-0.10677902815110925,-0.28920747327767815
46,1,100954,83,0,1.4307266706820132,0.44669486467730113
35,1,95736,19,0,0.20765467270448656,-0.6541682128593362
82,1,51017,26,4,-0.7547408646038987,-0.22012458547005187
87,0,76830,46,1,-1.2986757542739285,-0.1855700370166924
29,1,56372,11,0,0.30970485359176003,-1.442211610459333
62,0,97887,63,2,-0.2790117616820711,-0.1978999406192891
83,1,31182,18,4,-0.9083784484504801,-0.5821081940043795
63,1,21884,93,4,1.4719005357706298,-0.2025691100314859
79,1,113513,81,4,0.44214129645109357,1.2938721641631672
69,1,143345,73,4,0.42254463142740756,1.4110372880255921
23,1,154698,68,0,1.5170139836846992,0.5458730986876138
50,0,105524,34,1,-0.6755019509213281,-0.7009825706545996
63,0,70211,1,1,-1.7058941903821727,-1.3431199193414918
87,1,113264,58,4,-0.32831065484173355,1.172332538640089
75,1,79062,11,4,-1.0185121724439992,-0.15255033848072297
26,1,190876,18,0,0.11165018052928338,0.5045529367893288
47,0,110131,9,1,-1.2107221268642718,-1.0087987741835944
57,1,74256,59,4,0.6426515529674709,-0.002403737708082188
46,0,128303,19,1,-1.003418333561002,-0.6457301368761867
47,1,152023,98,0,1.5942644955677359,1.3841357463415989
29,0,156546,3,1,-1.0196050716522764,-0.7976043048071013
55,1,174785,8,4,-0.8650467293745767,0.7588122083007438
31,0,91332,55,2,0.3944817456462221,-1.0415678343352286
58,0,162408,58,3,-0.5053931583186946,0.5783364758921135
74,1,22767,61,4,0.39942258621176835,-0.35683027115024424
35,1,43752,10,0,0.16430973121201084,-1.5091316552186795
88,0,178726,71,3,-1.0638752772591857,1.6027238177538106
53,1,75830,22,0,-0.1439809550104179,-0.5237058149036963
84,0,146760,84,3,-0.5356261539577689,1.2234068256142931
28,1,196147,79,0,1.5074343389896643,1.3800224358500286
37,0,84467,76,2,0.759284042864872,-0.7527892735983887
84,0,190750,85,3,-0.6581437826069554,1.8646673314166915
43,0,83083,36,1,-0.3619861555960945,-1.1438116368333908
82,1,159483,86,4,0.3275838117268,2.076106392146229
44,1,142217,72,0,1.0830077579611326,0.8578587209142883
86,1,148577,86,4,0.2550012309435112,2.004146461641949
22,1,42018,94,0,2.545331800712422,-0.7627126601704427
79,1,144612,98,4,0.7475771768192029,1.9497166858435635
19,0,77762,37,1,0.3333427731064498,-1.711086213757141
40,1,174465,9,0,-0.43145784314955943,0.45189141362344276
76,0,152961,24,3,-1.7821899132869,0.3984468483686968
84,1,70925,93,4,0.7366456839643869,0.9391513268295058
23,1,159692,68,0,1.5003733633911485,0.6172617324711953
20,0,75068,90,2,1.5903984073502366,-1.069890109082105
62,1,98904,26,4,-0.36969267021687774,0.044714175136181776
35,0,149637,76,3,0.5965909676037386,0.13683807724729008
53,0,53042,95,2,0.8854916069133292,-0.6301003022961101
64,0,85779,80,2,0.11593378515517004,-0.11772430687131577
85,1,99122,38,4,-0.7079753176205207,0.6796301659391116
61,0,185039,46,3,-0.9512437948323936,0.8156544557551699
32,1,96424,10,0,0.07049220175926739,-0.8191467316464378
61,1,62451,80,4,1.078375890820231,0.17378809406528675
70,0,105072,71,2,-0.3282989241973847,0.17211851245343845
59,0,126248,26,1,-1.1821325153831572,-0.3153000414558447
62,0,20299,13,1,-1.2236012720199043,-1.9284465184871276
84,0,77693,5,1,-2.2064195796860666,-0.7457655954284662
71,0,70664,32,1,-1.179313273538408,-0.783474327376132
35,0,136714,19,1,-0.7319073645116886,-0.7563309990680279
75,0,185565,68,3,-0.8048521908569938,1.3903952616547282
20,1,168609,81,0,1.8651646407174873,0.8433473538179618
56,0,144014,85,3,0.2600452689572936,0.6090015288041505
51,0,130752,10,1,-1.3642940922601985,-0.6176552959709334
57,0,92206,3,1,-1.5676752726505565,-1.1297566612144028
32,1,198910,94,0,1.7502416460310453,1.6898898427004176
21,0,28488,52,2,0.8040050991490538,-2.1870515281219927
90,0,197290,41,3,-1.902067499722938,1.5372027716961827
74,0,197458,41,3,-1.4669364566305227,1.2038441617751126
89,0,23423,36,1,-1.4158028850411633,-1.0313337833725882
83,0,186831,61,3,-1.1953531913922153,1.4893717021270432
42,1,77128,84,0,1.643102978592829,0.034593709331776794
76,0,65549,11,1,-1.8037341942261387,-1.0126704548305427
19,0,115080,43,1,0.3533692903913617,-1.103057613324568
85,0,146284,16,3,-2.197516986226185,0.39243535387824174
20,0,48990,56,2,0.8591703780911797,-1.8652480646849954
37,1,34488,86,0,1.969462963472093,-0.6550076316251241
78,1,64331,95,4,0.970126654874282,0.7438382430986032
40,1,129432,8,0,-0.3054648106224848,-0.20427865265878647
44,1,178753,97,0,1.5628264459740295,1.6908541694230323
40,0,171288,11,3,-1.1757651171418135,-0.2566044108389894
47,0,90228,84,2,0.660280467978996,-0.361156711786201
27,1,99084,97,0,2.291214839029304,0.1952501665992519
64,0,41946,78,2,0.21386582577364938,-0.7691692240340279
45,0,170465,10,3,-1.3332386124219862,-0.17587275836794578
27,0,55949,9,1,-0.4855675102220574,-2.203024182911837
78,1,30520,8,4,-1.010643643698135,-0.8207835279692839
50,1,52364,59,0,0.9062131234189189,-0.46224232966333983
66,1,26206,40,4,0.100497496001991,-0.7365531116017889
40,0,129268,69,3,0.3598724720877157,-0.1364102524519625
84,1,38668,80,4,0.5313181807001992,0.3164681638652351
67,1,142973,5,4,-1.1580007091501034,0.5185974557738152
49,0,115408,75,2,0.30535426276842687,-0.07109996775608493
34,1,20177,45,0,1.1122807664809282,-1.4321137084654247
32,1,131812,63,0,1.2278846204082006,0.3454420071835857
30,1,135158,56,0,1.10275957965921,0.26430170566680045
45,1,80696,66,0,1.1163979266246604,-0.0751638656391654
80,1,51535,30,4,-0.6057557700260856,-0.20497502557879657
23,0,180170,14,3,-0.6702521786112542,-0.44909631761106583
86,0,81353,12,1,-2.1046393899135714,-0.5644753603338334
83,0,147066,11,1,-2.265973575050628,0.2995003937018159
19,1,33663,37,0,1.2833043649754428,-1.6535377499430342
73,0,168970,91,3,-0.14165803127526894,1.3970619743238628
68,0,189376,64,3,-0.7231859468697405,1.248263155640535
78,0,141901,77,3,-0.5244884188033164,0.941036991198098
73,0,146136,46,3,-1.1483823588651576,0.5113608276481277
33,1,83963,6,0,-0.011466675056395235,-1.0260050600706636
88,1,50628,80,4,0.3825432844118379,0.5713749734681585
55,1,167896,53,4,0.24071827842861002,1.2196266185028322
89,1,111601,3,4,-1.7006651528969807,0.506951251998513
51,0,48264,35,1,-0.48787284321013885,-1.4860937175977518
73,1,155910,20,4,-1.0035557724617843,1.0158709967184858
39,0,54929,30,1,-0.3036255345183491,-1.7047819887903182
52,1,33583,71,0,1.2030817004969587,-0.5395999723320637
49,0,26174,26,1,-0.5763669029202363,-1.9556960176315645
26,0,107427,45,1,0.2363801718925538,-1.040703853860511
81,0,166019,48,3,-1.3843554829189348,0.9883234290507192
54,1,23293,77,0,1.3272825558392918,-0.570152029411718
26,0,82436,26,1,-0.13753320291518994,-1.6340926599871912
47,1,178174,39,0,0.08744191518864604,1.0246674198830696
21,0,189753,64,3,0.55539968449781,0.26735688540592384
21,0,109002,35,1,0.12666101837564106,-1.2474015398931224
60,0,41161,65,2,0.012592469781103535,-1.0259039417977562
76,0,88487,46,1,-1.0379808552031626,-0.24976971673726697
86,0,152809,66,3,-1.0433675246303824,1.1281298400788184
85,0,135134,32,3,-1.7753647026656516,0.4319067569042604
22,0,160872,2,3,-0.8674675364622577,-0.895088424455489
24,1,22040,98,0,2.653689370296925,-0.9566109358664758
48,1,71670,14,0,-0.18646549581967337,-0.7875272260212056
44,0,167902,82,3,0.4350283195719308,0.6613714016503269
18,0,163052,2,3,-0.7658088538204338,-0.9478656221841952
52,0,40147,79,2,0.570690888890788,-1.0342771190391005
28,1,90034,30,0,0.6819560707649268,-0.7458569038999149
60,0,159371,99,3,0.43682537911917085,1.0864699544837337
43,0,155017,5,1,-1.3476148513536919,-0.5008136309007045
51,1,32838,24,0,0.1018599045841891,-1.1553839257370075
87,1,143811,52,4,-0.5744716727717846,1.5344260110394652
72,1,87735,47,4,-0.09947162722525363,0.3559076071787554
75,1,102879,6,4,-1.2181855604551757,0.12576729500674438
45,1,32992,24,0,0.26473082258671377,-1.279092570321585
27,1,44516,84,0,2.1602303232239493,-0.7463660777317559
71,1,34152,20,4,-0.5433818332589883,-0.7666150957472717
26,0,159912,100,3,1.38492817991267,0.3931418740509604
76,0,111191,81,2,-0.27144779949042064,0.5097860192924609
43,0,99734,54,2,0.015654676962740654,-0.6820708426395297
30,0,65085,3,1,-0.7420764834804409,-2.0840433712275663
51,0,189673,33,3,-1.0071898583421475,0.5104736398366913
76,0,55717,37,1,-1.1453492004441936,-0.8300713229897356
25,0,144827,90,3,1.2217994790864557,0.03223151446426402
51,1,56385,7,0,-0.385663147702498,-1.0300704014146824
72,1,50265,100,4,1.3006925802397635,0.47899993427386167
70,1,102169,21,4,-0.7187296942779868,0.19712349718803995
68,1,149776,36,4,-0.46196402848894413,1.0221204740690408
90,0,131035,97,2,-0.3338008087041263,1.2861030831829383
64,0,40645,53,2,-0.38336020225592005,-1.098484554127775
18,0,150752,45,3,0.3098613798397567,-0.5892582262147498
31,1,109777,8,0,0.005104156520979876,-0.6741096154147673
37,1,73406,39,0,0.7088485111633668,-0.6828287258921962
34,0,173420,60,3,0.1595746566443019,0.25696889164450787
37,1,146401,83,0,1.5243677919402667,0.9074892196183003
88,0,113576,55,3,-1.2317866059943432,0.4725530239213713
58,1,42386,48,4,0.4569287303373681,-0.5737123572751871
24,1,82341,82,0,2.0677599285368893,-0.29347466186069404
43,0,82131,83,2,0.7721209298594179,-0.5732711051959839
62,0,75070,64,2,-0.17892027540309405,-0.5116375239598073
84,0,199785,42,3,-1.7229346359590876,1.4593871502443236
24,1,111260,40,0,0.9607755940718814,-0.4020867292985479
78,1,28829,46,4,-0.09063612267122366,-0.3726652816548504
55,1,153425,93,0,1.2514352159213014,1.5099137058105951
64,0,57010,50,2,-0.5100777230452169,-0.9018349557385035
85,0,185497,37,3,-1.822868169555476,1.2139833673226943
35,1,199728,55,0,0.7273885908155275,1.2798184860933388
50,1,144488,49,0,0.35862021266287053,0.7303721758040936
27,1,180316,85,0,1.731790518132853,1.20730741719171
27,0,138560,84,2,1.0438458678064193,-0.08995672930698095
24,1,31828,78,0,2.1398256585991797,-1.06526679675452
90,0,22268,88,2,-0.18793783226935015,-0.3805665650500747
53,0,83592,84,2,0.5190083687075079,-0.3301074833380224
26,1,161313,64,0,1.3170301810788125,0.6536739315786227
69,0,177523,21,3,-1.745606100711783,0.5653765175808808
72,0,46197,31,1,-1.149079352003618,-1.1246708695955903
25,0,125683,46,3,0.22684206386261838,-0.7882928151312057
87,0,21933,57,2,-0.8510653269837897,-0.8336003142705065
27,1,161449,91,0,1.939032344026726,1.0121781503574578
71,1,167815,22,4,-0.9406384475598201,1.1689389469218723
44,0,184628,79,3,0.3071079025219267,0.8631814519410548
63,1,145225,59,4,0.24279007886998957,1.1379997007470724
29,1,69464,56,0,1.3488907196077142,-0.6957711907198516
72,1,39801,72,4,0.6618114573027085,-0.01858550973082769
47,1,64626,52,0,0.7786095549969215,-0.4369144849970913
70,1,33031,57,4,0.3778946105816426,-0.3437624844663044
18,1,49874,12,0,0.6549568833530902,-1.7535061401005108
63,0,176522,51,3,-0.8570132376518004,0.7980185143865409
43,1,170294,68,0,0.9204326499113177,1.1885162440651809
37,1,40908,34,0,0.6968236076999103,-1.2095272941513022
55,0,163559,77,3,0.029650051854119088,0.7679803000945634
22,1,193689,9,0,-0.005362373472702473,0.3489660299393057
50,0,67370,20,1,-0.8852423719604846,-1.4203913522130251
85,1,115809,89,4,0.46360623631699216,1.5520329271837097
24,1,128149,97,0,2.2760587279325586,0.5477758435297223
74,0,98413,55,2,-0.800032146193113,-0.03799038195152196
87,1,49732,78,4,0.36463465418412416,0.5127243358387454
85,0,176663,53,3,-1.408433081950062,1.2865617138494687
33,0,88778,58,2,0.4207179661650274,-0.9988208178390927
57,0,44933,74,2,0.2982777387881124,-0.9230803116737056
30,0,103046,9,1,-0.7241925210310822,-1.4668231625605432
44,0,115291,84,2,0.658459511550811,-0.06583914707076716
88,1,128310,18,4,-1.3681742403134185,0.9112500170515689
86,1,118154,28,4,-1.0392474003513563,0.848388266974588
52,0,181948,35,3,-0.9605549991295117,0.44588811169753106
64,1,28610,50,4,0.38757287603473844,-0.6198711611738073
79,1,169963,5,4,-1.5747028280492956,1.1562363959289943
61,1,157453,5,4,-1.0428657795988021,0.5996772708575576
66,1,28903,7,4,-0.7025499164584399,-1.10814716993596
41,1,101360,12,0,-0.14290636318569905,-0.5348647014066117
20,1,40581,47,0,1.4736465111235293,-1.409373680326404
58,0,98897,93,2,0.5484188478562987,0.10545907983304013
79,1,44139,55,4,0.04768040578708699,-0.020967281546753185
26,0,198386,31,3,-0.4035805951540565,0.08554228522574706
24,0,82038,19,1,-0.250182776627926,-1.7687529945207423
86,0,99471,41,1,-1.4671998886200033,0.054951807502846776
90,0,64827,68,2,-0.8109985338829849,-0.020764893354669304
21,1,113604,59,0,1.4918435819759313,-0.19538911252424906
49,0,63694,69,2,0.3332969825171467,-0.8849176694999189
38,0,98444,21,1,-0.6379541752650311,-1.215583636812076
30,0,146712,93,2,1.1515523749160377,0.2013885341030401
65,1,109888,49,4,0.0654514926152775,0.5505444470762617
75,0,126358,5,1,-2.1235012289733968,-0.2389703146733771
76,1,89436,73,4,0.4115612866210224,0.7873096346005419
55,1,143508,5,4,-0.8330152649765793,0.27442510450391455
81,1,177419,99,4,0.6078613203098189,2.4730875604787395
41,1,107429,20,0,0.029370542972199556,-0.34867941003056224
49,1,175088,68,0,0.7410743892551107,1.3829559579251207
52,1,33236,61,0,0.9636134992252787,-0.6688473720711899
19,0,119378,79,2,1.205295839568733,-0.5941847422494199
35,1,40311,13,0,0.24796289944346822,-1.5210342165596922
36,1,74815,72,0,1.5254449056848673,-0.27352489712569755
78,1,134250,10,4,-1.3081598320384429,0.6868818532973884
42,0,28782,40,1,-0.05756810936953115,-1.8913081279244761
54,1,104586,67,0,0.8157798650270658,0.46763462413141227
64,0,80213,92,2,0.4232297169583462,-0.04814512096628209
86,0,129626,2,1,-2.506115392281054,0.0012943353530975967
83,1,193265,7,4,-1.7131457693698813,1.5981331566829466
63,1,191730,13,4,-1.0190427428676327,1.2310625733108895
54,1,78624,13,4,-0.397083586086079,-0.5746392776528344
25,1,77675,72,0,1.8154524873191829,-0.46347664160281316
64,0,84559,13,1,-1.492184825632275,-0.9678874715336582
88,0,159832,37,3,-1.819041275318577,0.910060284477962
78,1,151697,82,4,0.36620064913203515,1.8311515837573527
36,1,64463,17,0,0.2365045759130138,-1.1050844201505774
35,0,162251,70,3,0.41018490436416544,0.24258145560562408
66,1,67066,100,4,1.408093653222917,0.593258167261427
21,1,50714,5,0,0.4020287544511414,-1.7655443656020668
21,0,109876,95,2,1.567495430113572,-0.4891853572394152
74,1,56371,23,4,-0.6269229635352244,-0.3487559924475702
84,0,98623,76,2,-0.5677273263333098,0.4358644965915269
51,0,140376,73,3,0.11957158102142887,0.30292721490035995
67,1,159662,37,4,-0.4436122703080225,1.1548833620637493
32,1,55710,34,0,0.7836549162914946,-1.1028595181435201
24,0,192159,36,3,-0.2080578888182812,0.01670158299589167
21,0,142508,41,3,0.1593895870340043,-0.6938650243590303
78,0,70697,54,2,-0.8406641907538694,-0.36267596318456286
64,1,148441,92,4,0.9989039728814678,1.6151043975150958
82,1,24443,32,4,-0.5218183697868386,-0.5254244971921819
19,0,29856,13,1,-0.08452723609648809,-2.6941857472242132
79,0,157180,84,3,-0.43419348410740577,1.2674344347739268
40,1,151026,49,0,0.6091415698722796,0.6139820115897643
53,0,121080,64,3,-0.0871551391719266,-0.0427951512334343
53,0,116704,44,3,-0.5538226662805941,-0.3539237011304187
59,1,64743,5,4,-0.6794833378503641,-0.7675711295486335
55,0,196475,49,3,-0.7537785497241523,0.8905067771014405
72,1,62376,15,4,-0.7849705630747265,-0.40431491402981135
32,1,115641,16,0,0.1508334703324378,-0.46986976519796747
64,0,181326,75,3,-0.3227527573727062,1.1859651130190945
34,1,39806,11,0,0.228751409276872,-1.5740955558692455
86,1,101754,100,4,0.7478954346588922,1.5088191733110277
87,1,58309,19,4,-1.0836292035199833,-0.09796222252059684
71,0,22897,98,2,0.5679735825595916,-0.6460031869416096
82,0,169737,1,3,-2.55490989698283,0.4783075465566297
28,1,130893,61,0,1.2917446614423331,0.22350755920053866
76,1,153207,2,4,-1.509365083568748,0.816470225420583
19,0,162907,92,3,1.3730636568199241,0.1896303149896867
88,0,66353,87,2,-0.30443554716799737,0.19522452044433355
28,0,28983,81,2,1.3095518547608294,-1.6726479757706274
80,0,92241,75,2,-0.46160145472189845,0.24826582343381504
54,0,44337,24,1,-0.8211665227764241,-1.6159904694501392
30,0,152074,69,3,0.5561868587453658,-0.02025129884664782
51,0,149230,50,3,-0.4633672625072358,0.1436338126694737
69,0,140510,55,3,-0.8041511241278537,0.4588561604004443
21,1,22396,52,0,1.6273227071379937,-1.586197536832399
77,1,94198,91,4,0.8015870473600184,1.1000836025475755
43,0,67415,28,1,-0.5022780168605622,-1.4672134872179703
48,1,40506,36,0,0.44675055826362803,-0.959581317893069
26,1,60435,66,0,1.701292934873635,-0.7635076197119799
22,1,198504,30,0,0.4839047965935931,0.6787987400422214
37,1,132372,52,0,0.8251783517482496,0.32165640337677565
49,1,37297,89,0,1.7055222356494208,-0.325747076733961
19,1,51263,94,0,2.5962183596633697,-0.6935115169985994
70,0,149608,73,3,-0.42857344700776767,0.8336127306874075
88,0,165768,77,3,-0.8763229638432045,1.4920630004644486
18,0,40415,49,1,0.773767570926374,-2.1167976379947473
79,0,115675,54,3,-1.0177670787998507,0.30126418641380875
63,0,192299,45,3,-1.0539588046936366,0.9489766001252249
53,1,107056,77,0,1.0754046474871906,0.6062450460463898
20,1,182740,38,0,0.7833932905660091,0.5109138842517476
68,1,139554,2,4,-1.246026193786155,0.453422145473052
26,0,136152,84,2,1.0791002965219125,-0.14536381119068256
32,0,118163,38,1,-0.13121467475867138,-0.8483249127118178
34,0,50101,57,2,0.49830134992876357,-1.5431476135757098
79,1,188574,13,4,-1.4442174036138067,1.521708079958964
69,1,94647,25,4,-0.5701850114298803,0.11832722631364592
30,1,111705,21,0,0.33872228377824015,-0.5059608959424033
30,0,32482,70,2,0.9787445102042346,-1.717375953554025
89,0,134951,67,3,-1.0414920667956638,0.9482355977999349
41,1,22761,93,0,2.0680531688193304,-0.6517027057966672
52,0,77796,65,2,0.10836557796135704,-0.6700910654559917
44,1,25522,82,0,1.7124742532652062,-0.6859952961062846
46,0,134459,53,3,-0.20580775774845722,-0.13515479285449533
37,1,146621,60,0,0.9701984949904001,0.6247738181708659
67,0,35167,62,2,-0.230236864028741,-1.0019785134791106
37,1,102451,15,0,0.0345683353186532,-0.5659229012734902
18,0,164134,15,3,-0.4566024283192726,-0.7708253623443042
35,1,185772,85,0,1.4957650373503073,1.4531803607507716
62,1,20560,61,4,0.7335447105704981,-0.6401991850622315
84,1,146813,7,4,-1.5855926875641706,0.9550923717933628
90,1,91393,67,4,-0.12056383073706574,1.0345026013924274
85,0,33097,93,2,0.03244422334317834,-0.2685488116364098
19,0,151040,9,1,-0.5845769610886212,-1.011589765430097
40,0,84883,93,2,1.0852674087059713,-0.47259954568102874
22,0,82804,25,1,-0.053899158893179484,-1.7252008890040993
53,1,140798,45,0,0.19297393351013567,0.6908642639734752
66,0,150801,98,2,0.2779351601857812,1.0774441762088693
29,1,59836,94,0,2.295345297757155,-0.3611114118343902
75,0,36346,52,2,-0.6926353042420265,-0.9415318504700434
89,1,103458,84,4,0.2755263487911853,1.397273356109862
36,1,25435,76,0,1.7862348990874686,-0.9296912713514752
48,1,95997,32,0,0.16559796361675566,-0.21605892823848352
68,0,172285,56,3,-0.8587361976661019,0.9045196901430129
27,0,91356,40,1,0.1423878129023729,-1.3115954089159259
59,1,116521,63,4,0.5436078151968506,0.6934542406190044
41,0,196067,28,3,-0.8765008993854506,0.32988147473089563
29,0,22687,87,2,1.4476748898960863,-1.6670912890466605
52,1,54107,43,0,0.4609447622502216,-0.5942156558870892
63,0,43898,83,2,0.35490442383564524,-0.7001070883599478
23,1,158637,53,0,1.1429520810164484,0.4157500191746156
69,1,158387,79,4,0.5167975118799482,1.7006331279128986
56,0,83213,53,2,-0.30735657749609846,-0.6578601511063972
64,1,184903,54,4,-0.036964783273007416,1.664033445011017
62,1,147706,88,4,0.9595646588316705,1.5129128110646886
27,1,159416,72,0,1.4886200984341726,0.7469712133544182
30,0,133314,82,2,0.9315092609915482,-0.12685006013887967
77,1,133202,67,4,0.09412226248377263,1.3593521431956543
61,1,95213,25,4,-0.35422557297968604,-0.04146194619120516
35,1,132442,97,0,1.9622164732986898,0.8399788690348632
40,1,24610,23,0,0.40475161689043665,-1.5162660140727098
18,0,99390,24,1,-0.02430547929263631,-1.5844747442320357
25,0,63185,46,1,0.4350930624822295,-1.6816942637107555
72,1,172675,34,4,-0.6953139035257395,1.4085415674692692
67,1,44126,56,4,0.3985542979302004,-0.2605445197762001
67,1,192467,22,4,-0.913859224116369,1.437396306338669
63,0,63096,68,2,-0.07000233767507487,-0.6121045845922753
78,0,137972,1,1,-2.3401423124858636,-0.05970937359571945
51,0,60530,86,2,0.6984400247677801,-0.6768886235452272
76,1,59433,76,4,0.5837222955087265,0.3957064544050062
21,0,158464,74,3,0.9002829165277544,-0.055628557942130924
66,0,140622,38,3,-1.131893850704835,0.1862141294469874
29,0,132862,62,3,0.47899716225821304,-0.40287050787518486
74,0,178435,55,3,-1.0666752613574144,1.1059145544981686
90,0,144443,91,2,-0.5228525772927343,1.4031965967483535
89,1,79964,84,4,0.3538112372927237,1.0614294309774106
60,1,101701,85,4,1.0951329799297123,0.7760206868599158
21,0,96378,96,2,1.6365348658287526,-0.6697089481431704
38,0,70322,7,1,-0.881122450285946,-1.7915861760563472
68,0,138383,14,1,-1.7563932579098132,-0.10211107231253613
30,1,199577,51,0,0.767795349605833,1.1230200818216636
32,0,37986,52,2,0.4728191463518026,-1.8204436490238316
52,0,190380,3,3,-1.758649689952828,0.1687039012981355
18,0,113986,72,2,1.0820562086689105,-0.7792487012000444
33,1,169335,3,0,-0.36812398050669726,0.15709136481111963
81,1,169318,15,4,-1.3863905161138999,1.3132732928325919
38,1,74515,46,0,0.8463596231839898,-0.5589897406089884
90,1,162294,11,4,-1.704311563382597,1.3520163052357719
72,1,53022,20,4,-0.6334896643117729,-0.47588568920491614
18,0,143144,77,3,1.105210401635863,-0.30029503418986925
74,0,157709,86,3,-0.25167789999952656,1.194928795019154
47,0,135656,7,1,-1.3438994459414466,-0.6687793617584729
44,0,83132,48,1,-0.10063076970533127,-0.9729816869173138
30,1,53249,87,0,2.1216261984100333,-0.521287734385074
68,1,184801,23,4,-0.8914834049190679,1.3612254685390766
59,1,149396,39,4,-0.1434343902282191,0.8651094579872333
69,1,102447,89,4,0.9438208982663845,1.0252645825626279
65,0,70086,72,2,-0.05150545052478906,-0.42049851990472326
61,1,76128,70,4,0.7921780021242906,0.24501210004921747
88,1,149967,74,4,-0.09284111181896343,1.9168418730281545
81,0,196456,90,3,-0.47515261784599777,1.9454224301806557
22,0,70150,26,1,0.012327965342674465,-1.8936596006701005
44,1,105072,23,0,0.027719657857017636,-0.28213129268706766
88,1,95295,60,4,-0.24754153165490164,0.9613102534967216
67,1,128956,72,4,0.5008894537824823,1.150949524528983
73,0,119262,60,3,-0.721960669013622,0.30120211267496877
59,1,125271,99,4,1.380699754533035,1.265967920185243
30,1,92566,13,0,0.20999622007863322,-0.8789802769362761
32,1,178936,100,0,1.96117213164958,1.4789361430270735
31,0,80035,73,2,0.8652487407929943,-0.979340363526136
42,1,178241,94,0,1.546806513364721,1.6042790489660508
47,1,100674,37,0,0.29755652757784523,-0.10804324289274547
85,1,60717,63,4,0.02155597059641921,0.4413529663951168
22,0,168991,42,3,0.06797675136457197,-0.28187998408983556
42,1,33593,76,0,1.5956673779852257,-0.6871635791078817
61,1,196322,55,4,0.030740185914440357,1.7767403662531316
74,0,36826,40,1,-0.9557533829912777,-1.104799808541604
44,0,42504,4,1,-1.024000862865363,-2.100617231612196
27,0,100880,13,1,-0.5390333318985648,-1.5110260716023023
42,1,150202,84,0,1.399611451293884,1.0791778152791998
51,1,124506,54,0,0.5182842330000241,0.5278604188357244
25,0,198210,90,3,1.0439207780190503,0.7953351262521952
34,1,65473,22,0,0.40791271095034554,-1.0704730713808777
66,1,22850,49,4,0.32824210250149544,-0.6726683623909029
83,0,92363,91,2,-0.15870088961627388,0.5118241488341938
72,1,153799,38,4,-0.536166978091595,1.1884262314762444
34,0,37726,48,1,0.3229743641416836,-1.8319051297168163
33,1,38323,36,0,0.8624847441217294,-1.3055621827698578
59,0,124921,14,1,-1.4664601260642978,-0.483413839429406
87,0,103401,33,1,-1.7000253661943048,0.03268603674721638
57,1,157282,79,4,0.8472476371270453,1.4330171724369358
25,0,119538,5,1,-0.7392422787697245,-1.3857118687825298
42,1,174653,63,0,0.812826381045158,1.1676990812095827
25,1,34685,80,0,2.151199996396847,-0.9785838982421265
73,0,166579,62,3,-0.8315018247908379,1.0024503938949492
19,1,116195,59,0,1.5376714072654818,-0.20032109558781014
43,1,85925,29,0,0.26312515556116234,-0.5022481354595946
21,1,115102,14,0,0.4040420471408127,-0.7332672241134596
78,0,190013,67,3,-0.9254279494312595,1.5045052111062631
63,1,121991,87,4,0.9939570693785454,1.1538762578396418
21,0,78417,89,2,1.52794600648106,-1.0134602521577702
85,1,37262,86,4,0.6531471362929123,0.39192681678898406
79,1,132813,80,4,0.3537688853768458,1.5573346523861735
62,1,62921,48,4,0.27958088270395287,-0.19622694641190885
40,0,125113,46,3,-0.17971878846161332,-0.4816657565832514
56,1,150661,1,4,-0.980330394583132,0.34794656443194466
50,1,60473,81,0,1.4085667264031771,-0.07289357520308584
42,0,85379,21,1,-0.7033427033423174,-1.3184062145607995
27,0,191560,10,3,-0.9133775441406506,-0.25205242042431336
19,0,196060,95,3,1.3347811304133763,0.7008346148173528
59,0,123585,46,3,-0.692010177252002,-0.104793156196952
44,1,56878,50,0,0.8379939838256785,-0.6354836633228969
85,1,127096,33,4,-0.9215003393041623,1.017371618136701
40,1,192041,50,0,0.4965370059754589,1.2127152475671414
83,1,28074,38,4,-0.4167733157597272,-0.377962530618473
36,1,92887,92,0,1.946475681583989,0.23338633765313133
69,1,142761,5,4,-1.2117556541189405,0.5575369598167798
86,1,166303,36,4,-1.0071862134470857,1.6361021345647155
48,1,186704,72,0,0.8258489096727056,1.5777351122309793
71,1,108984,33,4,-0.4799194499383178,0.46467260933473636
57,0,190138,34,3,-1.1480609154560948,0.6554595231376212
70,0,89373,37,1,-1.0941110539824257,-0.4748728772624294
28,1,141724,27,0,0.4375313189244322,-0.0442406478404362
83,0,36133,22,1,-1.6316443254197974,-1.1495578136074183
84,0,156911,91,3,-0.40101341705848825,1.4555151120378298
34,1,72008,21,0,0.3620748449396091,-0.989484734188592
58,1,30206,75,4,1.1471999927794094,-0.41224889749814025
64,0,124129,73,2,-0.1802902302498191,0.34348341133820415
55,0,156999,36,3,-0.9350514598968014,0.16462887098865664
68,0,39824,39,1,-0.8264214664613444,-1.2002825202781484
40,1,148703,70,0,1.1221934310990407,0.8417778638738566
52,0,130183,98,2,0.7278663488018534,0.4889221965895932
83,1,34383,45,4,-0.2693585638088201,-0.20077517551182078
68,1,70914,36,4,-0.1991861755474137,-0.10520240086904471
66,0,171962,53,3,-0.8753859014479136,0.820646302121974
76,0,85637,34,1,-1.3172336431556133,-0.43965461788511634
74,0,107984,55,2,-0.8319238916535805,0.09882592039983126
69,1,135510,80,4,0.6170889255152755,1.3860378517355731
38,1,89005,60,0,1.134951393567677,-0.17785501388730116
89,1,139033,95,4,0.42167297968602424,2.042529517716316
57,1,76232,93,4,1.4541904012724152,0.448419005349378
47,1,55907,98,0,1.9145347919503808,0.010169001299005075
89,0,186921,89,3,-0.6852886934260292,1.964572110846826
18,1,100605,45,0,1.279975649228853,-0.6181652003508034
33,1,75666,35,0,0.7139908448703615,-0.7841771636383296
70,0,61947,16,1,-1.508035599808137,-1.127927132916118
27,1,145874,15,0,0.16218435021175867,-0.15504639406062676
41,0,114595,2,1,-1.2306497707640391,-1.1578974366405723
60,0,51126,36,1,-0.7184230306521896,-1.2438879773668519
50,1,159151,3,0,-0.7971111610596848,0.3682574598743587
65,0,120063,90,2,0.2150890640719168,0.5176334656130538
42,1,181359,5,0,-0.6051406304818374,0.5426955088390967
87,1,109238,6,4,-1.5661426578733413,0.4684885532257862
68,0,77449,67,2,-0.2780441256214325,-0.3144338239314776
27,0,110460,58,2,0.5118549487090894,-0.8147892725772659
30,0,47903,87,2,1.336421408786659,-1.285646570131336
23,1,50324,50,0,1.4316769424777176,-1.169857507560135
44,1,77902,12,0,-0.14643346353988262,-0.8072389827374544
24,0,96189,58,2,0.6410997028589034,-1.0817465419113699
22,1,159601,71,0,1.6000945983736885,0.6322620118187404
90,0,29295,8,1,-2.1363482403478113,-1.2744130483094107
57,0,180383,27,3,-1.283993172907287,0.4290120094370121
21,0,71007,46,1,0.5179519093819202,-1.6538197450183632
90,0,100307,54,2,-1.2660964708803553,0.3124155641778614
45,1,125257,69,0,1.040102545530722,0.5991164322267658
71,1,100487,47,4,-0.11473217721425187,0.5172109153949925
44,0,59113,53,2,0.0997157070722243,-1.2541868862886985
84,1,183605,69,4,-0.21631656601951788,2.251609491554306
46,0,184069,11,3,-1.3817370410508418,0.05200851448059496
80,0,82796,82,2,-0.26169244323863267,0.20025162935613763
26,1,21797,96,0,2.5519128315656876,-0.9429719883557801
71,1,165788,77,4,0.38955022794969174,1.8235421428328247
75,1,128818,70,4,0.23537897729380883,1.29199949070314
39,1,29942,65,0,1.4248380974635528,-0.939025000110005
52,0,94024,40,1,-0.5472692272259321,-0.7488314332765313
73,0,181908,49,3,-1.195391714376393,1.0600034198024255
78,1,85594,17,4,-0.977594961057696,0.07835109548562769
84,1,35469,8,4,-1.1905183833582467,-0.6241281076142589
26,0,42709,43,1,0.40390359313394236,-1.990697352635177
69,0,121401,70,2,-0.37954092152905317,0.37212590100736914
78,1,126375,99,4,0.859638219044083,1.680464646346149
62,0,154165,71,3,-0.27403739944065064,0.7060170114775934
84,0,116635,58,3,-1.0608695247782784,0.4696271491017671
18,1,70757,7,0,0.4650599430674398,-1.517129686332913
82,1,181696,47,4,-0.6848679741986922,1.9089189781644407
80,0,71682,26,1,-1.572156140366429,-0.6546293003128191
72,1,196907,54,4,-0.2948090028785747,2.0035092668269647
74,0,23613,35,1,-1.032038270908304,-1.3558216041702804
57,1,45311,58,4,0.715037397011837,-0.4285977646810885
39,1,56921,66,0,1.3590032064622626,-0.5409347084230459
70,1,103631,28,4,-0.5551641440565871,0.30502356596128816
19,1,122084,36,0,0.9646123072631243,-0.4019988188375828
25,1,197758,3,0,-0.24498748148730887,0.395514681555213
56,0,87304,58,2,-0.20067606716862557,-0.5372362564336343
36,1,42631,36,0,0.7664379274938711,-1.1810248089875803
31,1,129939,17,0,0.15448390357640576,-0.27403786393670687
81,0,85423,100,2,0.13544739926382549,0.48250602719345015
23,0,32494,68,2,1.1211943775342443,-1.8889568957854723
69,1,151224,76,4,0.4684781717607882,1.5609527752288612
51,0,59785,63,2,0.1474862261325464,-0.9733985847846431
88,1,39244,48,4,-0.3495220648542092,0.010923408832589517
29,0,41207,58,2,0.6881530805698561,-1.7627826209676705
75,0,137428,83,2,-0.28351713325595196,0.8887132078143558
68,1,116301,97,4,1.117387907418478,1.3017505101478963
87,0,129942,22,1,-2.053150124873325,0.2753706793259733
90,0,48566,83,2,-0.3958782164656086,-0.0667833327606318
58,0,86353,9,1,-1.4310283678296856,-1.1178673423786767
34,0,32737,64,2,0.7245974403276539,-1.7043629672313172
79,1,171376,91,4,0.4899591339254432,2.2453039172656233
81,0,86700,27,1,-1.6253661903599383,-0.4065350662768564
86,0,196379,66,3,-1.1885481065667076,1.7509577884069407
27,1,22205,77,0,2.0661361972116485,-1.152300112414874
79,1,180739,81,4,0.2181360221510843,2.25485980828312
44,0,79243,45,1,-0.1598594792360022,-1.0658606004729076
47,1,43932,73,0,1.3528758406155172,-0.4717298844627336
25,1,146064,79,0,1.7560090678997187,0.6011369019869658
37,1,148565,69,0,1.1802828516789676,0.7644214346330499
86,0,198190,18,3,-2.349579930122225,1.1802678515998635
38,0,146501,96,2,1.006597367285543,0.4035385120755443
85,1,196970,3,4,-1.8762024177121446,1.6433508776223014
21,1,45105,55,0,1.623840869226809,-1.2242889701316302
66,1,26593,10,4,-0.6226653788941843,-1.1038822213031576
18,1,179356,86,0,2.0041278979417823,1.017147955120848
46,0,177899,21,3,-1.120553396756921,0.08809617726185179
39,1,108600,78,0,1.47555177969429,0.34695491819907226
60,1,128413,65,4,0.5248764252507789,0.9092913854739405
74,1,138838,60,4,-0.011402661551947772,1.289962108917167
69,0,64926,98,2,0.482389156520136,-0.08717366837183363
25,0,132717,22,1,-0.37409476130501323,-0.9860316076952013
21,1,46599,1,0,0.31949065984779895,-1.8740826297929272
34,1,87243,93,0,2.043805981314199,0.12316472035441543
31,0,168381,27,3,-0.5360034228954608,-0.2881653912148556
47,0,187847,49,3,-0.5071835760358911,0.5992904722365078
35,0,119967,71,2,0.5751428214109746,-0.34943456863697264
30,0,171616,98,3,1.1888814174482218,0.6195317789835886
49,1,63871,24,0,0.05291549871851882,-0.7537409143927548
44,1,172988,81,0,1.197037016291232,1.4095848608204657
55,1,122859,99,0,1.4976595441808633,1.1475486306795633
49,1,162667,28,0,-0.18003510712140747,0.7082509411603948
20,0,79139,17,1,-0.17972513283423616,-1.9189913061184254
43,0,65825,15,1,-0.8097917240779582,-1.6515155464094953
19,1,28268,23,0,0.9644069394916666,-1.9046605374853718
24,0,67154,81,2,1.291284112695968,-1.210938125340567
86,1,56321,56,4,-0.15946380938009166,0.3124967272685071
75,0,75781,53,2,-0.7999751144216246,-0.36538452586192094
78,0,120074,68,2,-0.6683201817200236,0.5171642634986394
84,1,105542,47,4,-0.48557486423504315,0.8622766586606005
54,0,138240,82,3,0.2615589654999002,0.4472067465591824
40,1,183516,99,0,1.7040031454881572,1.699858063552125
22,0,172605,29,3,-0.2568773218936006,-0.3917914845689543
18,1,173614,4,0,0.050140473854074954,-0.08408727392491364
70,1,132145,82,4,0.6491957301664614,1.3837780030710656
86,1,102588,21,4,-1.1558166933400287,0.5388732020292066
20,1,23370,81,0,2.3491187958666715,-1.2328268115992556
72,1,89520,12,4,-0.947605033432342,-0.05358079750813604
54,0,173815,91,3,0.35958070683155796,1.0676054929323853
61,0,108829,37,1,-0.9138647340758581,-0.3856167643456722
74,1,146467,77,4,0.3722381363751598,1.6103057825998348
57,1,149352,53,4,0.24804780506997992,0.9965123711399866
33,1,89616,71,0,1.5337557466561926,-0.13733010488213834
75,1,63741,69,4,0.4281610753322834,0.34930283740487034
86,1,190217,46,4,-0.8462461456271702,2.102236985721075
59,1,83689,8,4,-0.6704263983957834,-0.4594541985962862
25,1,46110,64,0,1.7281313791197084,-1.0141242090994458
22,1,150509,71,0,1.63039025710596,0.5022929572812309
90,0,86142,29,1,-1.8204580737084353,-0.200789110127338
69,0,167066,90,3,-0.05045340469279641,1.273475776553191
47,0,66463,60,2,0.1619696869485432,-0.9991635323639179
21,0,142033,5,1,-0.7052756668654826,-1.1480885668489498
51,0,47147,64,2,0.213660036406707,-1.141628578360829
46,1,180210,62,0,0.6613246210203814,1.3186470626279445
73,0,32672,48,1,-0.7221815099532684,-1.0857360910433873
66,0,103401,63,2,-0.4063077956532063,-0.03513793145067979
62,1,58316,66,4,0.7280493133724628,-0.03833813453759239
53,1,174633,54,0,0.29679356817595015,1.2863899180792708
36,0,109945,87,2,0.9663057931914861,-0.2728535309124715
40,1,155505,48,0,0.5701545479391444,0.6655800742407919
81,0,146165,62,3,-0.9813252937603762,0.8785147759839963
49,1,28487,23,0,0.14675688022187056,-1.2719796776357812
50,0,163343,16,3,-1.301285953936857,-0.09818360556465829
67,0,100594,19,1,-1.4829327753692425,-0.6011417870976691
66,0,89068,26,1,-1.2488589392625924,-0.6998886370984492
29,1,43020,51,0,1.3166931458885194,-1.1359285517451168
88,0,33649,35,1,-1.4467089381094071,-0.9185680512025578
85,1,60511,78,4,0.3831790595770798,0.624838835238133
80,1,88041,39,4,-0.5108362348404623,0.42873225464553044
35,1,71435,79,0,1.732375271044368,-0.25582564964929405
65,1,106008,13,4,-0.7878678838113339,0.0476468360975366
83,1,179916,32,4,-1.0671041451647973,1.7180284857896162
50,0,195746,92,3,0.41948908066708257,1.3095951898166036
87,1,99328,11,4,-1.4128090989415423,0.3889698244296017
30,0,27091,25,1,-0.08610203199927165,-2.353731497689309
39,1,157172,42,0,0.4474559083463079,0.5938523851571539
44,1,159974,19,0,-0.2514703165750166,0.4529714122861944
75,0,134962,54,3,-0.9731110175760832,0.49302951133943324
31,1,165408,70,0,1.311606420294266,0.8917087602230062
79,0,71262,11,1,-1.904462643115198,-0.8680487737863647
88,0,176235,8,3,-2.5715089810882494,0.784106690298273
65,0,47682,38,1,-0.7949756982376917,-1.1633370841337896
47,1,163619,20,0,-0.32124549113361434,0.5804599878383787
48,0,50071,62,2,0.23748405278596982,-1.1876427907798703
41,0,93945,26,1,-0.5843427641953287,-1.154797738509345
30,1,110022,68,0,1.4752651508586196,0.054130077966570066
38,0,138138,83,3,0.7216521264774821,0.12241722648910587
56,1,116906,92,0,1.321827879101641,0.9964352624378081
67,1,148317,92,4,0.9176251236426798,1.6762868604185521
63,0,183694,37,3,-1.217785447923132,0.7265394915134603
90,1,73294,82,4,0.30068092802983926,0.9622101714189393
32,1,38503,9,0,0.23942963043037127,-1.659549219274842
48,0,108231,45,1,-0.36537375925655885,-0.5675405637841161
84,0,64258,42,1,-1.2713420555577941,-0.47795513465504397
75,0,168035,87,3,-0.2892536307264477,1.375951449216798
27,1,61765,5,0,0.20182140265021137,-1.4816615837437555
66,1,43242,28,4,-0.24501788209013747,-0.6421700168705233
46,1,179141,73,0,0.9295735526835173,1.440081619035048
36,0,154498,93,3,0.9622244034231662,0.4385985307584296
50,1,182015,91,0,1.2441983284604219,1.7888218804834077
49,1,77640,18,0,-0.1373391661307964,-0.6314869489258833
66,0,73571,57,2,-0.4512852470106269,-0.5361264658497209
55,1,61253,50,4,0.523878495138131,-0.3421084576074528
38,0,64839,90,2,1.1343304948338744,-0.8383822742799631
45,0,113145,2,1,-1.3347409029081243,-1.0946849760640458
23,0,199168,59,3,0.3492541712946259,0.38176966703146564
29,0,28939,39,1,0.2718451098480463,-2.1742976610493963
84,1,161602,39,4,-0.864873215770999,1.5642180049177372
34,1,30892,30,0,0.7156404010355248,-1.4653746769416693
56,1,119350,1,4,-0.8759983036717646,-0.09964044245586443
29,1,162839,21,0,0.19556820393199997,0.20400851997936503
89,0,119882,47,3,-1.4725292068801143,0.48425188950330383
27,0,109439,46,1,0.2265077085105627,-0.9785288370831108
20,1,78786,51,0,1.4425925460938827,-0.8135229360229507
41,1,183487,15,0,-0.3443762620905163,0.6764170815842735
87,1,155116,8,4,-1.6708888892207576,1.1491665012430086
73,1,81250,92,4,0.9777165255645375,0.8434821585151867
67,1,196553,47,4,-0.325913157544056,1.8065228789408811
20,0,119650,30,1,-0.0019009695586284278,-1.1783181985707183
42,1,91625,76,0,1.4022976389232833,0.14239693265198997
23,0,155356,85,3,1.1208646912229179,0.07862875562715932
28,0,155271,17,3,-0.6512517109069292,-0.6628133803229997
90,0,32550,32,1,-1.5696956246716383,-0.9295942291136031
76,1,94996,53,4,-0.08821421069924305,0.6182150184788209
28,0,80391,95,2,1.47512832278222,-0.7637748465615032
59,0,154689,72,3,-0.17002895446260705,0.6629812084361438
58,0,32969,64,2,0.07028812834780554,-1.1974063301328006
27,1,109563,51,0,1.1494250662895713,-0.22667432981716812
73,1,82969,93,4,0.996051051586694,0.8804837659063373
59,1,184613,14,4,-0.8623428715777501,1.0578145781355417
81,1,66185,41,4,-0.41711515108474134,0.16214576855767382
90,1,43278,24,4,-0.994923877165604,-0.18773000683874694
84,1,150813,98,4,0.5907612971372203,2.1432842873601228
37,0,148692,9,1,-1.0669053318615862,-0.6674239765133367
78,1,128860,15,4,-1.1698874672850281,0.6719759848740089
81,1,186378,23,4,-1.2507369695167574,1.6565736170310967
50,0,95457,45,1,-0.37727058005086944,-0.7081733500073412
26,0,38916,49,1,0.560917002867426,-1.970345589102247
81,0,170260,97,3,-0.21942722059235364,1.6579546909470366
81,0,134635,95,2,-0.14884524232258559,1.1238421538595422
32,0,148042,83,3,0.8520348490730943,0.13808366788568976
60,1,198779,78,4,0.6032200681291181,2.07673815373627
86,1,130741,93,4,0.48287008321235664,1.8361839243367926
52,0,183564,93,3,0.4296820880717071,1.189853680533168
45,0,187268,91,3,0.5598297587409659,1.0710494375265873
74,1,186796,80,4,0.3100442981491243,2.224090145709635
43,0,172913,1,3,-1.503496296634116,-0.29470727790886303
88,0,123663,19,1,-2.1316457388566823,0.16931201047073605
49,1,67806,46,0,0.5691773814595416,-0.4240589916130512
81,1,154158,39,4,-0.7583768626512354,1.394851885531673
59,1,71741,18,4,-0.38998974968533556,-0.5059623559995577
62,0,53063,52,2,-0.39433959059552204,-0.9753694530195649
53,1,42380,19,0,-0.10470878818993634,-1.0391556942735574
58,1,29815,82,4,1.3169399661894254,-0.3308372425016194
86,0,96008,74,2,-0.6616000702435011,0.41559598728711333
61,0,76061,93,2,0.5428191672412844,-0.15802378575623507
51,1,193825,88,0,1.1054279486600762,1.9413433070449115
82,1,47593,63,4,0.14697878011733798,0.19079192512464255
27,1,151700,72,0,1.5143307564608122,0.6366719145410192
52,0,171508,23,3,-1.214516976503658,0.14750506669357766
86,0,176569,32,3,-1.9406618803191518,1.04520014448917
75,1,99729,41,4,-0.36550380689111966,0.5157431876562731
29,0,195193,27,3,-0.5708829392418923,0.05313892906001462
79,1,170915,70,4,-0.013816097966667272,1.9777111173536797
29,1,109472,63,0,1.3840162718645146,-0.036860653820466056
41,1,126673,23,0,0.03743450989024083,-0.03630260465540616
18,1,102168,50,0,1.395079765503882,-0.5336787638688479
54,1,79232,75,0,1.0927620598281855,0.20463188199094595
85,1,38006,43,4,-0.38401708853422384,-0.13187221954951794
71,1,20328,26,4,-0.3529439016663519,-0.8896552796478833
60,1,131638,21,4,-0.5446172405430297,0.4085292403207883
53,1,160179,72,0,0.7780800743893502,1.3034884507916942
60,1,78609,15,4,-0.5122927795676341,-0.4240862294297357
59,0,164348,42,3,-0.9240872701601045,0.42819423178270616
48,0,115053,54,3,-0.17154349663926516,-0.3581625196895111
32,0,113053,27,1,-0.37887442084033934,-1.0580875364294435
59,0,46098,86,2,0.528683798370124,-0.7153122656265074
81,0,123853,62,3,-0.9069789741789374,0.5595673997366456
79,1,78283,39,4,-0.4510907049720658,0.2682578002529534
66,1,187787,48,4,-0.24541064851905955,1.6726576537334747
30,1,177421,70,0,1.2988083089109814,1.042448151665902
39,1,102248,77,0,1.4726549777049773,0.24372512892579654
35,1,182100,99,0,1.844874818501209,1.5746914657709357
77,1,39712,42,4,-0.19591871463627444,-0.2877939357716592
82,1,21920,81,4,0.6656483698456251,0.047516192234743265
68,1,154854,75,4,0.45955079940064597,1.5794294748725597
65,0,198757,78,3,-0.33587832965091957,1.4934103092085695
52,0,192155,3,3,-1.7645642075781889,0.19407731438701348
67,0,127141,68,3,-0.3923308398884651,0.3873510817623182
73,1,183346,55,4,-0.25279032091986364,1.8430701078110705
22,0,79487,78,2,1.232463065214681,-1.113895504317752
85,0,127132,98,2,-0.16057970198876664,1.1378138249327188
31,1,182918,1,0,-0.40704773646369,0.2844312942173762
61,0,154156,43,3,-0.9205251867410961,0.33689953492004104
39,1,128979,78,0,1.4076464531099346,0.6382702902206193
70,1,67687,46,4,-0.0022703230437461654,0.01492511429061894
35,1,109220,46,0,0.8124103405903228,-0.12584093701864632
72,1,128589,37,4,-0.4762266119800305,0.8156235835944827
21,1,29300,28,0,1.0268190579091205,-1.7857946638761433
69,1,115680,71,4,0.4666029137547117,0.9907120006211789
58,1,83069,17,4,-0.42456780186521215,-0.37744366539350255
53,0,33125,6,1,-1.1897000927077703,-2.0209664173539412
76,1,187669,34,4,-0.8541984598002109,1.7068190448534075
70,0,179729,47,3,-1.1545638763395432,0.9410424316129367
75,1,68720,70,4,0.4356328816594108,0.4329057555958758
82,1,23154,74,4,0.4930994170788884,-0.02184487840463714
21,1,118564,25,0,0.6571931312769005,-0.5470625636468032
24,0,78425,32,1,0.07466796450764075,-1.6588271991610102
65,0,71226,80,2,0.13719548795728095,-0.30477269507238075
26,0,170380,65,3,0.5078619531190975,0.10777591773067649
74,0,197092,16,3,-2.0672780192965496,0.8878945450549433
84,1,147479,37,4,-0.8659385377719417,1.337473990780697
79,0,99047,33,1,-1.4676718845233918,-0.19743394837582065
34,1,30862,17,0,0.40292858255302294,-1.6273767223762088
71,1,153991,97,4,0.9101081739625635,1.903479588568443
19,1,163634,76,0,1.7886604042542118,0.6891017753163986
73,0,188584,55,3,-1.0732622962034186,1.230008288477589
69,1,176095,47,4,-0.31220594823511366,1.5560482300838876
72,1,199200,52,4,-0.35057444957694045,2.0114300128403597
51,0,148185,45,3,-0.5801974182920888,0.06655212434528687
68,0,24123,85,2,0.33276865052606996,-0.8530058904251772
26,1,148883,89,0,1.9600095846091319,0.7867062559690547
36,0,20534,65,2,0.7348604223070008,-1.8244046690076352
46,1,32859,15,0,0.021381314378337884,-1.3718671486262985
45,0,38460,84,2,0.8872391459992489,-1.1431441101164226
78,1,171733,39,4,-0.7352468850069117,1.583129384213575
23,1,187936,33,0,0.5640753251562145,0.5860015739356418
73,1,20101,93,4,1.205534935570465,-0.018206788500190047
43,0,185780,39,3,-0.6319978165029821,0.3615158403762109
39,1,56603,71,0,1.4803750453588715,-0.48333694237499447
42,1,101310,8,0,-0.2662202136624065,-0.5643092665372795
55,1,95344,47,4,0.3380957690377647,0.1079321945358765
44,0,37345,17,1,-0.693998660181172,-2.012791321680861
39,0,175586,57,3,-0.05598344266789928,0.35557052703590897
61,1,96810,66,4,0.6270132632640042,0.4909439904301373
71,1,97701,27,4,-0.5866977792662004,0.22881122567339757
31,0,76034,33,1,-0.08391722792467289,-1.5336824855255922
38,1,104243,52,0,0.8916769510472059,-0.05945928403251962
76,1,59132,39,4,-0.30558519250576655,-0.06845848647479856
41,0,172535,20,3,-0.9905889484776148,-0.10593531679787367
77,1,108307,61,4,0.03270078606654556,0.928908844624001
48,0,112458,55,3,-0.13883419369552716,-0.3828290272647943
48,0,109890,47,1,-0.32277686109646164,-0.5189679416131469
86,0,42202,57,2,-0.8913734426008658,-0.5648423884829473
74,1,41021,77,4,0.7235971366702654,0.10296780143372963
27,1,46708,23,0,0.6851171787949313,-1.4731828640412439
28,0,152010,85,3,0.9958605860588627,0.13572313192708818
56,0,174259,40,3,-0.9235447944278261,0.48205835020985716
32,1,24099,12,0,0.3596128587896214,-1.8281665567811332
43,0,93598,13,1,-0.9504596547730547,-1.2793612423653327
32,1,74847,29,0,0.5995758620756362,-0.8914419259270102
26,0,131295,71,3,0.7824726338577864,-0.3763672453463568
54,0,179683,16,3,-1.4646555472387852,0.21933478112518692
45,1,102344,52,0,0.7073899095112299,0.06028980324809123
67,0,37636,81,2,0.21872257610766732,-0.7305390085286059
43,1,55653,73,0,1.4227427414750489,-0.3881196262584902
79,0,109515,84,2,-0.27536786010017744,0.5860689503337166
78,1,98708,25,4,-0.8287928586579203,0.3652438207834495
33,1,46692,31,0,0.7142859861255253,-1.2480718649990035
33,0,116523,1,1,-1.0432911280845858,-1.310645689366527
56,1,187929,47,4,0.0023605200956935625,1.452408725498878
36,0,156110,50,3,-0.0778321038258367,-0.07279254920759573
68,0,113082,93,2,0.22884591388612596,0.5180820549999443
28,0,137486,27,3,-0.3513654625462097,-0.792760755866993
69,0,134896,75,3,-0.30419569218687287,0.6271788529690389
69,0,79438,45,1,-0.8412761801600719,-0.5384478645905809
81,0,189264,32,3,-1.8468097893970683,1.1217486070444078
36,0,196881,64,3,0.12318815235384384,0.6840259349162349
55,0,142633,92,2,0.46031472122772565,0.6552762426268453
19,1,121354,40,0,1.0632945358917476,-0.36271925121889975
75,1,64541,43,4,-0.20012818707374044,0.03759234386336074
32,0,84029,45,1,0.1509611117401082,-1.249265414255022
78,1,192185,94,4,0.5200390064459864,2.559067201434324
67,0,143930,20,3,-1.6032711958342114,0.03076986678353132
67,1,168201,44,4,-0.3036281517681323,1.3639483009384006
48,0,71787,52,2,-0.07550076953829546,-1.0015022395443955
36,0,187668,50,3,-0.18298722902084594,0.3783252931917361
64,1,162928,8,4,-1.0706138489629007,0.7781828931656116
63,1,196575,86,4,0.7213715921631958,2.207616925896752
37,1,128374,66,0,1.175374404868654,0.43850737731695444
89,0,113177,15,1,-2.2201855578188736,-0.009313928741921268
76,0,137065,88,2,-0.1892260263227177,0.96665271360131
31,0,27515,48,1,0.43869070051179865,-2.0408251837603033
29,1,96569,39,0,0.8495119750894586,-0.5195964811748627
31,1,139838,57,0,1.0839970131648453,0.36461546392089184
71,0,130366,96,2,0.1617488086696963,0.8653959224722579
83,0,86307,3,1,-2.256016695895292,-0.6684719184239469
75,0,133022,22,1,-1.7366449327316564,0.067578799217309
48,0,142634,30,3,-0.840945444989033,-0.2621844002888995
81,1,137223,67,4,-0.028198912436847707,1.500771895608379
28,0,95943,55,2,0.46080936075261875,-1.038609167926124
26,0,127827,40,3,0.0480926468255229,-0.8112318274292105
38,0,47149,71,2,0.7360892928809135,-1.3274041570478272
84,1,198913,79,4,-0.026700251053767707,2.5947226001512935
83,0,38507,68,2,-0.53268232453289,-0.5439012166662944
53,1,30658,49,0,0.6562236964434032,-0.8338590563256721
41,0,137245,72,3,0.37824878692508707,0.03589114241793305
48,1,198044,72,0,0.7880626393225122,1.7398390583875296
35,0,190707,9,3,-1.15244310818456,-0.10879458627214898
83,1,105975,25,4,-0.9891607810377253,0.5740497650339489
51,0,26805,8,1,-1.0660548333144237,-2.128422666330725
25,1,24222,82,0,2.2341888847849023,-1.1032938188674275
80,1,56168,72,4,0.38942918676787364,0.3832588762016133
83,0,107882,46,1,-1.2932221155078352,0.17437455832619983
47,0,132029,55,3,-0.17681648773372907,-0.124048928145425
26,0,85584,59,2,0.6460379529141225,-1.1789450244673907
34,0,134892,87,2,0.9376406855049408,0.04179083701830998
80,0,67881,79,2,-0.2841811689173431,-0.05024263784338287
29,0,80770,43,1,0.19538764219126228,-1.3836648735070394
38,1,197828,22,0,-0.1420330864677815,0.9054658896786512
81,1,179225,67,4,-0.16815472612722024,2.101185471134608
27,0,89552,23,1,-0.260662599203736,-1.5486714030252333
28,0,174651,51,3,0.10229487556602503,0.036797464930986526
41,0,83624,41,1,-0.18901525505662517,-1.1159045870714004
57,1,61814,57,4,0.6359849328661158,-0.20511805753390897
28,1,61346,47,0,1.1866095653682225,-0.9446604094559992
46,0,66899,99,2,1.1261829054550665,-0.5291963767345536
90,1,152529,95,4,0.3494719755170086,2.256438235841978
79,0,101741,62,2,-0.7788377241573914,0.20150898087896918
86,0,175749,81,3,-0.7588697454844288,1.6424850156008044
20,1,103849,45,0,1.2147048885342426,-0.5298225889077472
79,0,27386,24,1,-1.4454506495008095,-1.3336777565660678
79,0,100921,40,1,-1.305479168815597,-0.08364438878983
28,0,164277,16,3,-0.7053232518766892,-0.546502393134873
30,1,177638,18,0,0.04683810966280661,0.3992573446944782
49,0,39337,72,2,0.4866448271722941,-1.1958119537519023
20,1,104469,73,0,1.8863874264031588,-0.17295594966188357
70,1,170964,42,4,-0.44265172853315315,1.4415426689396424
74,0,109031,24,1,-1.581348412251199,-0.2714972757132847
49,1,41639,8,0,-0.25800386801395786,-1.2704040220570423
58,1,173644,51,4,0.09174831568516516,1.3398912051352294
86,1,43576,81,4,0.4845652127710665,0.4410261642657014
23,0,172659,63,3,0.5338351885791254,0.0525415073159586
86,1,117516,10,4,-1.4702455121974618,0.6155513960439405
46,1,194768,90,0,1.286564034009139,1.8747557478641081
63,1,67733,34,4,-0.1005581956982404,-0.2804568781662291
35,1,145212,25,0,0.18716924334763022,0.12765754607159116
32,1,126696,9,0,-0.05444025854622587,-0.39884081333263166
86,1,57958,80,4,0.41258018067232594,0.6341864296317484
82,0,136040,71,3,-0.7582562268225973,0.8666224876889309
56,0,167902,65,3,-0.30080137148275554,0.7019034845657856
26,1,25215,54,0,1.5299009556721335,-1.4161178063172843
58,1,123614,66,4,0.6193910813790566,0.8111489422935918
71,1,34031,61,4,0.4435815896215304,-0.2587677640198404
28,0,67996,63,2,0.7464317494706743,-1.3386785354972726
56,1,89534,56,4,0.5467867269313563,0.15772231608785842
21,0,136970,19,1,-0.3515309031698614,-1.046461640762098
59,1,95773,39,4,0.03524402026458719,0.09857507485207356
73,0,23355,89,2,0.2954241124105287,-0.7093444814372646
30,1,68669,40,0,0.9393099630932686,-0.8850099333070515
18,0,38922,94,2,1.8615524451484633,-1.5788480520024692
72,0,103866,68,2,-0.45092907364079143,0.15956278231675355
77,1,169226,80,4,0.28689765989177163,2.0358841214308003
83,1,171322,77,4,0.04434213168134174,2.154470124545768
58,0,67243,16,1,-1.1989143913610036,-1.3040415575853719
43,1,108064,16,0,-0.12345648897014368,-0.347346972574507
78,1,136031,14,4,-1.2178445632730768,0.7620558661364504
88,1,154634,61,4,-0.42120391018108255,1.8219828818350012
83,0,72979,53,2,-1.0084839267251668,-0.23755870640874957
72,0,62560,30,1,-1.2276653189845221,-0.9031924457342939
71,0,74314,81,2,-0.012415726751777153,-0.1222913399223651
35,0,123485,86,2,0.9243570858074975,-0.11271456438945958
86,0,78621,43,1,-1.3496002427251172,-0.21823903805438477
90,0,142186,94,2,-0.44314464222658795,1.408219174053669
45,0,49408,19,1,-0.7132998430928418,-1.794509752241024
63,1,124153,31,4,-0.3607438874643449,0.48877416319487954
56,1,177754,18,4,-0.6615460310560392,0.9465257943748504
27,1,185402,16,0,0.05453465262981775,0.42243035444454685
83,0,35230,25,1,-1.5564480843619548,-1.1251799679514884
27,1,65877,43,0,1.1024926161954496,-0.9505901452294576
81,0,167561,54,3,-1.2451189472875925,1.0849383806564181
79,1,193603,4,4,-1.6775366512328769,1.4817386660143839
85,1,99548,92,4,0.5899772163552819,1.3568699963782371
37,1,74710,89,0,1.9076256623648822,-0.04275282074096281
47,1,184298,65,0,0.6926595606718533,1.4353556667921237
19,0,120235,40,3,0.26400486401349954,-1.0666536266120983
79,0,46274,67,2,-0.47370265567146846,-0.5292416240242678
81,1,130342,96,4,0.6925403218800436,1.7628413429893621
80,0,174799,27,3,-1.8916921823309494,0.8318446115211809
71,1,33776,91,4,1.1663046243337352,0.11044826992250395
90,0,85382,79,2,-0.6148034214484719,0.40978216143772955
51,1,147793,76,0,0.970062879072886,1.1341768712469595
46,0,71958,28,1,-0.5991078823007921,-1.3393168164915312
43,0,120087,50,3,-0.14841379356022533,-0.4408419679804356
70,1,141137,17,4,-0.9448256271086117,0.7044515744665508
56,0,90140,82,2,0.3673727078793933,-0.19840699221486324
51,0,108061,29,1,-0.831498447360927,-0.7058749872548917
49,0,170516,25,3,-1.0813945888735748,0.09522693225876025
72,1,76818,15,4,-0.8330930777482267,-0.19786824821033136
88,0,30834,39,1,-1.3410792338476132,-0.9090933096629232
47,0,57900,98,2,1.1048755545227675,-0.6492797056251296
84,0,23631,100,2,0.2596538868818039,-0.3378482075734779
29,1,91078,65,0,1.4934322246394647,-0.2749432725910584
75,1,171337,99,4,0.7915113548823441,2.2602360403886728
49,0,69765,95,2,0.9386912304984634,-0.47498705126337765
88,0,198025,66,3,-1.2484941353371901,1.8164571806296996
67,1,92831,22,4,-0.5818598561611772,0.013111581536722514
35,1,105288,69,0,1.3789484766530569,0.10381186759165276
53,1,123067,77,0,1.0220540324451317,0.8351203795483767
71,0,54499,24,1,-1.3179490698677747,-1.113980733425597
35,1,105177,9,0,-0.06442834463312759,-0.6434973211539902
77,0,72340,41,1,-1.1317199728752998,-0.5217476827193044
74,1,144559,73,4,0.2823460471807349,1.533316319922864
46,1,86596,70,0,1.165757504895946,0.07987576981321536
31,0,140461,49,3,0.08640322545450475,-0.41384689037667927
20,1,190934,96,0,2.151711675266031,1.348911177762675
55,1,73912,94,0,1.5404447254608222,0.3857135712097779
84,1,37095,88,4,0.7290591678119055,0.39341197759328106
21,1,87700,28,0,0.8322230977282302,-0.9509736360505215
53,0,79435,23,1,-0.9349491292970501,-1.1476824666623198
74,1,102794,40,4,-0.37254852997896387,0.526143279753371
82,1,26591,48,4,-0.14397665263872808,-0.29585977176847267
54,1,113570,94,0,1.4355300846391692,0.9316349372115662
81,1,141943,34,4,-0.8379872089288871,1.1580963807552225
78,1,100710,50,4,-0.23390264857504273,0.704579862187227
50,1,52504,33,0,0.28012306193274766,-0.7833874444097281
49,0,78902,36,1,-0.5114386158649129,-1.0776684764791866
82,0,191379,71,3,-0.9426525597070202,1.657686885956775
37,0,100007,83,2,0.8759399710412964,-0.44364587554895696
25,0,197402,26,3,-0.4933833329372281,-0.011652424747527403
59,0,27013,79,2,0.4238402448313926,-1.0751310154506277
62,0,53432,73,2,0.10974219657632547,-0.7090917821240585
30,0,107667,69,2,0.7041564273027768,-0.6550440622482299
32,1,175533,14,0,-0.09685890633954278,0.36142180926967377
48,0,25096,31,1,-0.4252319733625538,-1.9299473702162453
78,1,60116,48,4,-0.14676335307686994,0.09943606333148736
26,0,178406,66,3,0.505180781866239,0.23493533715087148
42,0,109286,37,1,-0.3980046419746179,-0.7777991818689792
78,1,71947,19,4,-0.8839965942926552,-0.09187372501290593
40,0,25196,21,1,-0.4483442135939449,-2.2206850332532238
30,0,81000,22,1,-0.33792076390211895,-1.62039490154858
27,1,125376,15,0,0.2304861993862087,-0.4480628568751746
20,0,194737,3,3,-0.9017860687660684,-0.440533603597313
79,1,101183,93,4,0.7719757055601524,1.2667607775988088
44,0,87238,25,1,-0.6677486951014813,-1.200147182300872
78,0,184136,98,3,-0.15990927664744764,1.805784133856404
48,1,161711,23,0,-0.26993114433754256,0.6114564878442971
79,0,51357,43,1,-1.068138509635112,-0.7548697286651087
55,1,187976,29,4,-0.4036894182547733,1.2083788384219372
19,1,45172,59,0,1.7743287510998547,-1.2155864013970419
67,0,151505,18,3,-1.676636914136609,0.11419617219718187
26,0,117118,3,1,-0.806534109107417,-1.424177885733828
89,0,36569,20,1,-1.8446060853229471,-1.0422726046941557
30,0,198420,11,3,-0.9938654928770149,-0.07860580369987946
29,0,159853,82,3,0.8703087366358729,0.23153676709502624
50,0,155693,80,3,0.2642012500195921,0.5878978452064834
81,0,171275,15,3,-2.195929797127703,0.653309970206373
65,0,107148,94,2,0.35437320665266586,0.382729912956819
72,0,59255,92,2,0.27521892268638337,-0.17985715393095303
29,1,61457,96,0,2.338068816576274,-0.3130819951267322
70,1,193902,70,4,0.15466449701868912,2.1174424537165373
24,1,170276,37,0,0.6919397120210239,0.4042538221350833
81,1,73615,81,4,0.5206249692175101,0.7655050361806583
87,0,123469,74,2,-0.7803341666030329,0.8291327131796387
35,0,44882,6,1,-0.7387236635331272,-2.2306316745787274
90,0,191626,70,3,-1.1853834586173506,1.8166690887837373
45,0,199200,26,3,-1.0439880389952685,0.433749957925623
26,0,199302,36,3,-0.28632059555305056,0.1607799339507986
49,1,187044,94,0,1.3268590957010757,1.8770119485718295
50,0,182878,80,3,0.17361749697990878,0.9765041746831877
61,1,151494,38,4,-0.2289489831981305,0.9246414286306467
61,0,155509,83,3,0.037464242636827974,0.8533888130550752
18,0,161596,63,3,0.7068518483706882,-0.21052780374320665
41,1,180683,53,0,0.5793399113966917,1.1086251257759345
77,1,34265,54,4,0.1109806945768071,-0.21651365907362466
60,1,55136,75,4,1.0096688212546143,-0.013907505071754846
89,1,148942,7,4,-1.7288401639951843,1.0904512194519436
85,1,129083,53,4,-0.44687237129014984,1.2943496982481475
56,0,164406,30,3,-1.1313378382084178,0.21692381535925193
54,0,114239,17,1,-1.2225256706407874,-0.7037506781249682
75,1,107531,37,4,-0.48775080658822334,0.5775570157359258
66,0,103972,80,2,0.0008511236258998877,0.18431247486224056
36,1,182253,76,0,1.2636980962852962,1.312003316688908
81,0,56893,92,2,0.038013298955635405,-0.024756577641354298
37,0,74895,78,2,0.8393040100111265,-0.8647624555971035
36,1,50475,27,0,0.5237387547393696,-1.1807541340052918
76,0,91118,47,1,-1.0226852249975298,-0.1997311782266478
68,0,154900,75,3,-0.34362079531340234,0.8921486353940332
56,0,176917,26,3,-1.2692758032564089,0.346052236247652
87,0,152559,22,3,-2.128512741849544,0.5986779941604268
80,0,183996,88,3,-0.45452858225981063,1.7214657931372785
26,0,44064,35,1,0.2068890087503086,-2.0707574503369557
40,1,108798,72,0,1.3032866732481538,0.29619806822728906
89,0,52534,87,2,-0.28561962235857097,0.018668574613542592
67,0,130163,46,3,-0.9317742995982969,0.1571186434104032
24,0,82622,97,2,1.6247419567343273,-0.7909655901456718
51,0,152663,81,3,0.2711293488162319,0.5779980739308566
47,0,179472,51,3,-0.4311521596488238,0.5044282623320953
19,0,179590,40,3,0.06622672674403453,-0.21818098780062928
30,0,75754,89,2,1.291743351654669,-0.8626624349328208
19,0,61026,91,2,1.6884811952436298,-1.279175124406086
83,1,184054,76,4,-0.022144898117767604,2.324043836899618
79,0,133717,33,3,-1.5831965752677661,0.29816956249257515
56,1,103759,89,0,1.2934479606558105,0.7712143441628715
83,0,27560,90,2,0.033168206828201485,-0.42695570717598985
68,0,170243,91,3,-0.009746435949313279,1.3103343105122471
26,1,199724,37,0,0.5393540105630565,0.8671794851730468
36,1,43692,19,0,0.3538409841220387,-1.3771459701393463
73,1,82150,44,4,-0.18027973429706193,0.25976958546925427
64,1,196143,44,4,-0.3150422891785225,1.7004208269399639
49,0,177239,92,3,0.5083873512139482,1.0240548249369312
85,0,25633,96,2,0.12950252081791844,-0.3379596776853413
68,0,145432,87,3,-0.02332292110224956,0.9059491971453755
39,1,62376,88,0,1.8702002628424128,-0.18952456711089471
45,0,138670,21,1,-0.9626068815718976,-0.4936627036897817
59,1,130542,69,4,0.641262792829951,0.9684550073999759
83,1,130318,14,4,-1.3349615342291155,0.7853142600243374
37,0,70093,12,1,-0.7328164928206192,-1.7537011750002067
31,1,94134,70,0,1.5491001269027043,-0.12714456062020232
73,1,50045,24,4,-0.5545508336684707,-0.4477417089581526
79,1,98854,6,4,-1.31369647688923,0.152170438003631
26,1,123879,37,0,0.7920788496027763,-0.21701573495425286
29,0,102557,90,2,1.2537255917126435,-0.48807305160033754
39,1,103007,66,0,1.205439004049651,0.11785915952852287
61,0,187229,89,3,0.07614398226921637,1.3813946718135415
46,1,189744,65,0,0.7017434984411014,1.4922205772464776
80,0,56638,79,2,-0.24671811445991587,-0.21095998058042864
54,1,88668,73,0,1.0131952613563249,0.3146609602262314
48,0,165405,70,3,0.04567658241707063,0.5604726308250588
45,1,195316,67,0,0.7585324783251951,1.575744057891378
57,1,112615,3,4,-0.8326622458389074,-0.15007403878770675
31,1,44723,9,0,0.24593450530270125,-1.5916200712256758
69,0,189922,61,3,-0.8244232976379365,1.2397670469721105
70,0,95890,5,1,-1.8858247300155637,-0.7794317840365864
43,0,196847,89,3,0.534247821697745,1.1411526649565804
24,0,192090,72,3,0.658420039778781,0.46314871043209316
18,0,171281,41,3,0.14520645573816332,-0.345513452567688
58,0,123647,59,3,-0.3521743092122496,0.03668131605070967
57,0,111248,11,1,-1.4386259930581833,-0.7581238836400349
60,0,51945,92,2,0.6263448687027001,-0.536172843613388
18,1,125550,62,0,1.605917412113284,-0.0502913739655933
52,0,84116,21,1,-0.9714410072975177,-1.1266105551105086
73,0,96024,25,1,-1.486714371254847,-0.4659870896023428
70,1,51306,2,4,-1.0064343930275115,-0.7661024601698817
39,1,26660,95,0,2.1576474673036268,-0.6130795697845809
86,1,52584,60,4,-0.05076188807571599,0.30879158888253855
49,0,84513,70,2,0.2879879667678133,-0.574883842391827
55,0,174092,91,3,0.3314270313891039,1.0925501842288197
22,1,51283,65,0,1.8166487861032152,-0.990703112168955
62,0,37219,62,2,-0.1009209922127326,-1.0775704652928468
55,1,26766,40,4,0.398168959629732,-0.9593830814898451
47,0,173520,72,3,0.09399197451452039,0.6803479928699687
83,0,199536,94,3,-0.4436271313068885,2.0811355116696086
22,0,186699,99,3,1.3805308768110685,0.6796900959608522
61,1,196963,93,4,0.9429771970245393,2.258194274158136
54,1,165878,58,4,0.3949854032357794,1.2319380781415064
74,1,80683,81,4,0.6876882690039138,0.7196461867909832
81,1,98518,80,4,0.4135826751827568,1.1090617404808385
22,1,106793,12,0,0.3563730868288954,-0.8559157929973794
89,1,62790,74,4,0.17041266310946568,0.6916420751557203
87,0,20204,91,2,-0.02718096442421873,-0.43574010388588763
85,0,161048,13,3,-2.318899778723536,0.5661988484053759
19,0,27179,36,1,0.4778290860959205,-2.446592867444031
19,1,108259,32,0,0.9144291231624609,-0.649340373785066
89,1,114549,78,4,0.09419510828030209,1.481245631293908
29,1,38415,90,0,2.270472916970431,-0.717036879921658
22,1,58663,99,0,2.6101808438462153,-0.4626308342763978
47,1,165496,69,0,0.8515599090331659,1.2162981519644944
65,1,147552,90,4,0.9265106628342388,1.598523842782993
65,1,68278,78,4,0.9019120129102877,0.3161669856326551
81,0,150919,19,3,-2.0318513302369197,0.4120382109054386
57,1,81446,87,4,1.2924420453160368,0.448380267168164
55,1,186061,8,4,-0.9026197438779965,0.9200012820980332
83,1,135441,75,4,0.11577713333820404,1.6166980980212298
52,0,143599,46,3,-0.5680845367207662,0.034409518835127904
49,0,64527,92,2,0.8839575543630667,-0.587149758766519
67,1,24259,92,4,1.3310015898776268,-0.09710743872512961
62,0,128779,98,2,0.4602378741340763,0.6787022778733874
25,1,113666,41,0,0.9495902743831907,-0.3342795295594474
45,0,147168,54,3,-0.196862581683814,0.0379625431119893
37,0,58622,65,2,0.5807158590152377,-1.2589562468359508
22,0,44900,20,1,-0.047910607549480386,-2.3291775818595295
67,1,104163,50,4,0.054128984354011284,0.5231049819138887
46,0,90855,82,2,0.6372970150225923,-0.39803624624132605
73,0,144824,1,1,-2.2268206291778734,-0.06668589846488412
29,1,144737,82,0,1.7236954190198874,0.7033937557288246
50,1,119074,82,0,1.2373634543601042,0.7772294312424659
79,1,150043,54,4,-0.3292671514430826,1.4804890473236874
28,1,88794,3,0,0.03640189369322022,-1.0991576615094931
19,0,97023,87,2,1.4722849986749473,-0.8143171374301423
70,0,151623,77,3,-0.33903789493216735,0.9121317455900174
84,1,95750,20,4,-1.1026327287816304,0.38672608204477704
63,1,101642,4,4,-0.9354204845872892,-0.1685929999434456
90,1,99695,88,4,0.35708422780267546,1.4141815601944518
82,1,60756,43,4,-0.37813084537510755,0.13038128630700038
74,0,170885,15,3,-2.0040155269469655,0.5008399012015694
50,0,123230,49,3,-0.3735638420564228,-0.26144680026342343
50,0,82040,11,1,-1.1506866136224307,-1.3225438221633103
39,0,34676,59,2,0.4616708432837967,-1.633863684972421
67,1,152454,56,4,0.03759212028507202,1.287991307317875
88,0,54320,85,2,-0.31246500541513983,-0.0016431932105912504
64,0,174276,92,3,0.10980026828548492,1.296474234176894
64,1,44076,44,4,0.19166359912331754,-0.4733587833059069
86,0,92657,37,1,-1.540744584310191,-0.0921683394637214
55,1,47901,94,0,1.6271165665612528,0.01388943157326671
59,0,112795,67,2,-0.15074523392161762,0.00196794193303866
77,0,125652,64,3,-0.7559258632611082,0.5262012677274656
88,0,78378,72,2,-0.7054409932270476,0.18068984557171155
42,0,22584,82,2,0.9737070673682504,-1.4579020780683694
69,1,32595,75,4,0.8397020995870547,-0.14726332468101294
83,1,184965,76,4,-0.02518046181168527,2.3370664731384734
88,1,197594,37,4,-1.1418505720860204,2.137801970189898
60,1,182454,38,4,-0.3048808215942118,1.346225923056626
43,0,90928,81,2,0.6946833577326873,-0.4723764556726944
72,1,155702,9,4,-1.2403189060766289,0.8551968684014952
70,0,58144,82,2,0.09275781804683764,-0.36199586119177307
62,0,173584,35,3,-1.2049919004606622,0.5361758239116964
84,0,47508,38,1,-1.3117787810363837,-0.7671092153968757
78,0,142083,5,1,-2.2575908893920977,0.04877171107268686
22,0,52436,38,1,0.36010252256156056,-1.997734624457287
87,1,69215,34,4,-0.7590326609353852,0.24436835969910276
26,1,34912,19,0,0.6554037954076615,-1.71250511559054
69,0,112604,21,1,-1.5292880332634402,-0.3626328369638374
65,1,62245,94,4,1.3070138250967518,0.4287852927577098
89,1,25165,5,4,-1.3645249137756585,-0.7037836334726095
81,0,53894,62,2,-0.6738670087971752,-0.440488153099873
62,0,151970,91,3,0.21452550531097264,0.9232139008635819
37,0,120972,95,2,1.0948313579890068,0.005190787911583254
30,0,153909,24,3,-0.5327376014079198,-0.5533120356691249
27,1,81091,40,0,0.9796103685254711,-0.7703939544262699
69,1,106210,12,4,-0.9215261272818526,0.12204573183086061
39,1,193413,54,0,0.6154457903672498,1.2610576448687933
26,0,73695,25,1,-0.13246956399915785,-1.7714729190460048
42,1,180614,11,0,-0.45828353045094544,0.6066180684818294
90,1,118810,30,4,-1.1022310931401533,0.9665631613562972
75,0,130970,42,3,-1.2485585215126678,0.2868198565310212
32,1,26638,36,0,0.9286512742515738,-1.4935828721045576
21,0,195440,9,3,-0.7869845597490659,-0.33492704745979274
28,0,31080,74,2,1.134127280185255,-1.7296725644405984
21,1,25943,60,0,1.8080032265078134,-1.436063934363477
55,0,102501,67,2,-0.007521653894580725,-0.22912359656787326
78,0,83823,82,2,-0.21065317819355284,0.17296245301313695
42,1,100080,39,0,0.48381408537208,-0.19660203357642533
28,1,37215,48,0,1.29107946075127,-1.277181465922594
39,0,151618,32,3,-0.5776802475909577,-0.2977668619229646
77,0,102121,7,1,-2.049077038773815,-0.5186079021353557
61,1,168806,18,4,-0.7678835853821945,0.9235402494782188
26,1,164842,1,0,-0.21066290083739111,-0.07888801458393077
21,1,54890,84,0,2.289046948194818,-0.7239810424468495
82,1,131714,55,4,-0.3258222638610145,1.293861916275868
67,0,53466,40,1,-0.8205851607879473,-1.0138280606993126
71,1,121694,7,4,-1.1478942925798625,0.3232141438994452
32,1,58373,33,0,0.7507190290105596,-1.077220958686522
67,0,89258,87,2,0.19108641163868453,0.08196356419879051
69,0,188323,50,3,-1.0837821261886988,1.0801937490883162
65,1,106672,55,4,0.22054226760519308,0.5791443567231537
21,0,169040,56,3,0.43191838177979086,-0.128162637673523
32,1,116193,91,0,1.9536774972733064,0.4701740801475953
34,1,133486,2,0,-0.29996383947226835,-0.3468095085506541
20,0,132564,26,1,-0.14118178001677179,-1.0434289407950967
68,0,179747,10,3,-1.9904729565040238,0.439467538915807
75,1,174758,82,4,0.371050602160736,2.0978507974846545
45,1,170222,31,0,-0.024099249141186625,0.7695948495788729
85,0,133098,4,1,-2.4423289549247027,0.054798566709748
41,1,186948,60,0,0.7269012767422557,1.2851835061355945
76,0,67693,60,2,-0.6318184707951171,-0.3730155575806352
23,1,74168,96,0,2.4590982710173015,-0.2572898238481871
67,0,132670,16,1,-1.662001274418847,-0.17990531939044638
31,0,56828,17,1,-0.40491959766241303,-2.0070892844535733
89,0,105171,27,1,-1.9047592468574546,0.02538574846628851
57,1,78388,95,4,1.4951312344974113,0.5040961831852331
18,1,123286,44,0,1.1803373316242696,-0.3063717207737145
60,1,47297,39,4,0.1695413182245124,-0.5733985483991384
86,0,172196,97,3,-0.36203159736044055,1.7905546266472214
60,1,75268,61,4,0.605712302011633,0.0998751248055078
41,0,96396,29,1,-0.5203224623574639,-1.0824748632758958
77,1,111222,66,4,0.14329987257848292,1.032721959695344
37,0,29087,57,2,0.48663054192591404,-1.7805852066872747
61,0,88326,21,1,-1.2305453407938274,-0.8775640234293007
71,0,98099,70,2,-0.35635715552910996,0.08099661168571691
36,0,62608,31,1,-0.2234584267850705,-1.6455379210425154
44,1,144756,12,0,-0.3691991882305204,0.14843096579429443
67,1,130584,68,4,0.3992149790538173,1.1245067597011802
44,0,137062,9,1,-1.218767488320161,-0.6867783724822315
34,0,64679,90,2,1.2437863443733574,-0.9246094926441482
80,1,84232,7,4,-1.268142412845726,-0.02343558934313647
74,0,192404,32,3,-1.6666579120149363,1.0197394666050916
85,1,197693,73,4,-0.19424040764482692,2.5236956094696352
81,0,84477,1,1,-2.2435824461285163,-0.7614589839128328
70,0,36514,21,1,-1.3029775016659275,-1.4293452934749244
34,1,168610,68,0,1.1711200417052827,0.9755785808135536
53,1,27971,52,0,0.7373644442300592,-0.8349832776841413
25,0,57471,70,2,1.031631485810156,-1.4650862287370028
38,0,48723,43,1,0.05709607801479056,-1.6529078282277763
55,1,50783,77,0,1.208451827924191,-0.15620075198140254
72,1,66829,75,4,0.6439381818569133,0.4050626463394421
19,1,116956,95,0,2.401383674099699,0.25799078275755705
62,0,108048,18,1,-1.395679474651557,-0.6119415014541613
61,0,154999,81,3,-0.008961264397376208,0.8212410087089628
61,0,187474,76,3,-0.23748416992989083,1.2233237185477015
22,0,141199,74,3,0.9305813358368958,-0.2814446623668791
46,0,35070,24,1,-0.5724423227430331,-1.916341203027068
76,0,33989,40,1,-1.000761506119792,-1.1033843661089524
70,0,46226,39,1,-0.9022150703451883,-1.0667966758578098
37,1,69911,52,0,1.0333060618314447,-0.5712161346200767
32,0,176930,14,3,-0.9045321986940771,-0.30654664650007846
83,1,84393,39,4,-0.5803726840162801,0.4395395582671803
21,0,23452,93,2,1.807345904637262,-1.7494635346096794
76,0,72628,13,1,-1.779197400589679,-0.8866195797346614
61,0,146043,92,2,0.28556811825799744,0.829931841717767
29,1,192395,73,0,1.348331116836585,1.272800807455108
49,0,129740,84,2,0.4741602846158835,0.24563262974554773
38,1,106437,85,0,1.678426951842487,0.3820510353820473
70,1,61107,53,4,0.18809215717379618,0.007865753170482688
76,0,184007,79,3,-0.5622045287202406,1.5258246308083614
33,0,141693,65,3,0.41283581194828756,-0.15540625686187645
75,1,46958,72,4,0.5562714233708201,0.1466779789191756
47,1,125028,82,0,1.2992160288068615,0.7993861223154373
90,1,126699,11,4,-1.5857046592278232,0.8431900297999326
58,1,144996,29,4,-0.3421668210978037,0.6569398977552761
58,1,97464,21,4,-0.3762839276498759,-0.12195402849635142
36,1,135051,71,0,1.3006687236180694,0.5751128238895973
47,0,190660,58,3,-0.2999948338917962,0.7513603399517819
23,0,162166,3,3,-0.8749475358132578,-0.8431771319585475
20,1,143215,29,0,0.698533433527408,-0.16594964054459213
37,0,21130,77,2,0.9943931371323712,-1.6457554193959993
29,0,109388,70,2,0.749714966560359,-0.6389988744623607
65,1,144713,49,4,-0.05058967713300176,1.0483636644397427
34,0,109808,18,1,-0.6390850409799873,-1.1743627738367128
21,1,135534,1,0,0.023148335897670784,-0.6027674224355353
77,1,99790,9,4,-1.1901666543422476,0.16086655037468367
34,1,58774,41,0,0.8874210511370689,-0.9300890318945049
66,0,145334,53,3,-0.7866581406996817,0.4400022211469627
47,0,153678,35,3,-0.7302025056593088,-0.06315321007730988
55,0,29445,15,1,-1.0153372334452493,-1.919743190728797
65,1,118697,63,4,0.37297305152272553,0.8504699570329258
61,0,154733,79,3,-0.056199809347404525,0.7925811552325328
57,1,140182,60,4,0.44704048283664055,0.9524292692310086
87,0,22453,59,2,-0.8046731411756438,-0.8013095611182595
76,0,68285,60,2,-0.6337910873777727,-0.3645529882574714
44,1,192435,15,0,-0.455884127609459,0.8672827014129704
50,1,167627,48,0,0.25745578290481386,1.0487127107021434
59,1,147923,94,4,1.1849082893576588,1.5276320177580385
70,0,185767,12,3,-2.0168687999892567,0.5923501541750583
51,1,54340,83,0,1.4498968464273203,-0.11472165340562983
70,0,160668,96,3,0.0880095069482557,1.2775743854545856
37,0,78344,79,2,0.8518739639251847,-0.8030307047446802
64,1,123827,12,4,-0.8440747438256996,0.2689535967655114
72,1,26739,93,4,1.2106469831935551,0.055697619645399085
73,1,141141,28,4,-0.7618440954434509,0.9041795658714132
72,1,120390,18,4,-0.9060929895849921,0.4622744127288955
83,0,196264,59,3,-1.2749099934962584,1.5993578957204884
51,0,187418,2,3,-1.7456117100952915,0.09294874793795545
38,1,38899,93,0,2.0959714066482418,-0.4839669505562963
69,0,158698,44,3,-1.129442662680316,0.5821356652150328
54,1,97346,45,4,0.310530647498335,0.09070812092424846
80,1,84073,50,4,-0.2329274797430044,0.5087259521542352
60,1,99196,31,4,-0.19589207114855503,0.06906179962542272
52,0,175776,52,3,-0.5309275771192454,0.5689481380339417
52,0,26462,65,2,0.27941675980940206,-1.4039044668669587
27,0,72634,65,2,0.8063329318686199,-1.2685064733453366
55,0,91670,96,2,0.7263794647153673,-0.023518927610027517
37,1,134151,11,0,-0.167309730412747,-0.16249001629355142
63,1,129029,45,4,-0.04011709034813929,0.732477907698835
42,0,138499,66,3,0.20246495900718678,0.00022968637395564263
80,1,104754,14,4,-1.1680871194915825,0.35692490392251514
73,0,117114,75,2,-0.35386659793242553,0.45692732336666037
86,0,125424,20,1,-2.0589898070226966,0.16494398411463532
48,1,175553,17,0,-0.4604290541370839,0.7347539795959507
58,0,163808,97,3,0.4283772165151646,1.0830689057993543
59,0,196272,44,3,-0.9823370626656691,0.909401415719813
25,0,58138,55,2,0.6684722883082045,-1.6419821576172176
41,1,156506,81,0,1.333649093522552,1.1110216104500183
71,0,148373,41,3,-1.2216871860810934,0.43922491876427544
50,0,42873,58,2,0.11075753721514908,-1.2982821531689879
41,0,124497,79,2,0.589163799375433,-0.059339042325977726
21,0,155004,99,3,1.5133731802837145,0.20562884555096936
62,0,113217,91,2,0.3436552526549804,0.36924439245045987
45,1,80036,87,0,1.6239084679579143,0.1764043731050984
85,1,27594,34,4,-0.5658850309965622,-0.39256888504641707
64,0,109707,58,2,-0.4931710297522936,-0.0491079711183942
69,0,62022,24,1,-1.2885552732702132,-1.0484103653036108
67,0,93647,28,1,-1.2432225165921769,-0.5885899541696906
83,0,63544,70,2,-0.5679837886520539,-0.16114287551403414
64,1,61636,10,4,-0.6849715964092614,-0.6449167386989604
84,1,82272,86,4,0.5303989752848187,1.01435438383397
68,0,124768,96,2,0.2620940634590845,0.7224181526986269
39,0,196771,88,3,0.6193613281567472,1.0436975089472995
54,1,40395,38,0,0.3318612485522335,-0.8104005782088617
38,1,131100,71,0,1.2593725850724575,0.560603769318863
55,0,127744,91,2,0.4858642499244447,0.43001105755652635
54,0,133179,58,3,-0.299075836750131,0.07657137297547983
65,0,193799,19,3,-1.739041907885021,0.6892425417461483
68,1,110443,63,4,0.31878435906939373,0.7954350405490138
80,1,157396,92,4,0.5333739752559998,2.078875203272692
36,0,184450,18,3,-0.9422626914861595,-0.06539427635438028
81,0,89054,83,2,-0.2857130992050084,0.32312270921825686
44,1,79503,79,0,1.4604156085347384,0.04837053143861339
43,0,179885,85,3,0.49451750621159296,0.8489680695246968
66,1,79860,87,4,1.0526506944431593,0.6145736708138017
68,0,144086,16,3,-1.7272714635677213,0.004270047059234711
74,0,125599,59,3,-0.79436945222904,0.40034507287229915
47,0,133351,58,3,-0.10903421947387415,-0.0678649731245634
56,1,152658,47,4,0.11988781652617624,0.9482139913817972
57,0,25854,65,2,0.14528930295056472,-1.307670707447397
39,0,81853,32,1,-0.3452147139947279,-1.2950492079204732
37,0,199065,27,3,-0.8016303378167918,0.2763687817273677
74,1,132940,20,4,-0.9542475936863419,0.7085025983939914
61,0,175612,3,3,-1.95451700063556,0.14646218869724326
45,0,51682,9,1,-0.9615015377144209,-1.8862902698922916
45,1,71341,10,0,-0.1999269741668033,-0.9049001003090592
73,1,119515,49,4,-0.18447227155621487,0.8560413376740335
22,0,111347,28,1,-0.07682060008681811,-1.2798959888044492
87,1,51906,24,4,-0.9419813985668553,-0.12734880500540371
87,1,58243,56,4,-0.19309882650914792,0.36095649717407086
55,1,146336,88,0,1.1547444091661283,1.3464337590587019
68,1,112427,100,4,1.2024838847382628,1.2836582655012592
43,1,51444,54,0,0.9795811946727971,-0.6844322234764021
19,0,125481,72,2,1.016522781834175,-0.5939440391819004
21,1,37889,71,0,2.0328845824559787,-1.1285815067722897
40,0,25947,32,1,-0.1861597450734327,-2.073233794129637
24,0,113186,19,1,-0.353971731554542,-1.323496053172926
66,0,190008,3,3,-2.1386396250723783,0.45717633684104525
27,0,31729,94,2,1.6404443057265148,-1.4928060439564592
19,1,125007,87,0,2.18205719674738,0.27364920564345596
72,1,176652,85,4,0.5186189287319638,2.0992563961168864
32,0,63507,9,1,-0.646905080280161,-1.9900584284028227
47,1,50076,53,0,0.8511543836934428,-0.6324762903061983
61,0,162313,85,3,0.06291736998989308,0.9755085959822571
84,0,121137,53,3,-1.1961829646577102,0.4718391635404009
71,0,198640,48,3,-1.2207458796375763,1.2447866358770694
57,1,51885,39,4,0.23594557215084322,-0.5707686642441431
76,0,118544,3,1,-2.172819589975204,-0.3545429176536378
68,0,61153,65,2,-0.2718687451998911,-0.5722406136415502
75,0,154393,3,1,-2.265042175791223,0.1369292480915102
42,1,102612,6,0,-0.31868352685838763,-0.5705547472118161
53,0,25621,32,1,-0.5390722803522141,-1.8050888034450163
67,1,122426,90,4,0.9557722204672289,1.2813206912224036
61,1,154706,52,4,0.09722246593418815,1.1445584917938176
54,0,98706,39,1,-0.6413940250093267,-0.6523614911279566
33,0,101709,59,2,0.4016927335305375,-0.8015450090099134
56,1,189599,97,4,1.1999181144234725,2.0977165569546345
67,0,193335,81,3,-0.30008558149857334,1.4951596081053242
61,0,67124,21,1,-1.159897677304868,-1.180644082195719
84,0,180514,63,3,-1.1534099608085981,1.444913365891624
47,1,150348,64,0,0.7817226783584346,0.9376157623487879
20,0,129496,67,3,0.8556014081831489,-0.57770862223551
44,0,155067,12,3,-1.2065750214934874,-0.3921129241871429
69,1,196765,44,4,-0.45326825684253946,1.8142372895140721
58,0,56352,41,1,-0.5610631245210674,-1.1490094119308365
80,1,48557,66,4,0.27041530323135704,0.19988829415287196
90,1,199510,8,4,-1.9005071726262046,1.8467284592961402
51,0,73812,92,2,0.7985574410065941,-0.412451773537597
45,0,115036,82,2,0.5839536357714811,-0.07335674749394104
83,1,139649,28,4,-1.0291793433219143,1.0927016976612236
23,1,140858,76,0,1.7556301188022099,0.44746161193043893
52,0,145711,96,2,0.6280002594152329,0.6860356875220308
37,1,100220,1,0,-0.29487192608999163,-0.7718166865548641
78,0,129519,24,1,-1.7585396501221395,0.10531627576116119
71,0,157444,53,3,-0.9631635328595558,0.7180382722084123
43,0,23080,32,1,-0.25829858200440925,-2.0512621887488804
61,1,147784,79,4,0.7699734277147376,1.3811844338363972
38,0,124786,52,3,0.02020683928131321,-0.45373795557711166
65,1,61718,87,4,1.1403327402388943,0.3342509373580396
72,0,180320,75,3,-0.5372460618763322,1.3394645380540264
57,1,192225,100,4,1.2361246173246785,2.1935260456619465
21,0,56001,48,1,0.6160786307682936,-1.843471308270579
38,0,168113,72,3,0.3570848587700172,0.4141904890944584
39,0,95722,100,2,1.2448183227330734,-0.25164139076194536
63,0,171851,36,3,-1.202385564683793,0.5448165127917173
90,0,58292,29,1,-1.7276584591358701,-0.5989015352119882
79,0,176212,93,3,-0.281048438507384,1.651352971158786
37,1,154787,42,0,0.5098643757225041,0.5177890761610536
39,1,76361,11,0,-0.02920771998269178,-0.9466211482119511
32,0,108177,89,2,1.1292445854443363,-0.3572095020698364
67,0,57281,28,1,-1.1220465459083027,-1.1084375825585018
29,1,104305,8,0,0.07779888638139558,-0.7943012208645953
51,1,130211,4,0,-0.7038477655458041,-0.012022668095820782
43,1,179511,11,0,-0.4818388766973444,0.6118358245316997
71,1,85894,93,4,1.0407659479258948,0.8803262729676693
52,1,24536,22,0,0.05416761941403089,-1.2779324304566335
77,0,92892,97,2,0.14729515109860525,0.4680483301794163
34,1,176394,95,0,1.794868808444391,1.4224250371575649
52,1,175430,54,0,0.3213685439397352,1.2767979285616844
79,0,20167,74,2,-0.21827381732974388,-0.8154371188832894
49,0,177274,61,3,-0.23766506130656284,0.6392652096430015
33,1,151472,43,0,0.6538955168649937,0.398890217078052
85,0,121332,34,1,-1.681249856896706,0.25946622991064155
35,1,74287,83,0,1.8191218364988826,-0.16534181967322442
52,1,114769,82,0,1.1972468872169586,0.7576599889345694
25,1,42852,6,0,0.34336563723727465,-1.7815619719023716
25,1,167891,57,0,1.1539050425871191,0.6397196935710238
44,0,177245,39,3,-0.6307888275427993,0.26049404370690254
38,1,128353,96,0,1.8700870454104557,0.8320534226893549
77,0,78587,90,2,0.026524051503972138,0.17655910968759855
20,1,170181,2,0,-0.04100659376454142,-0.11604899557113117
68,0,171516,58,3,-0.808048905819032,0.9183843421845196
38,0,93190,20,1,-0.6445096478755532,-1.3031176471717811
53,1,135891,46,0,0.23338710391856918,0.63314799241989
84,1,124635,32,4,-0.9101317528721503,0.9487781999638603
30,0,55931,54,2,0.5156104507145102,-1.5810346199151921
58,0,76232,76,2,0.21487984543055874,-0.42982241875349825
41,0,196302,47,3,-0.42009749734760193,0.5693862163909476
41,0,47889,4,1,-0.9602523106558842,-2.086594327608279
26,0,119716,9,1,-0.6708162949478387,-1.3124675402003239
41,0,105450,73,2,0.5082560699592702,-0.40618587907016107
30,0,198464,64,3,0.2812974671526271,0.5807446747282813
42,1,150812,49,0,0.5553932891486544,0.6528929258715016
42,1,149441,58,0,0.776523632275572,0.7451530131000907
74,1,151990,18,4,-1.065849418890721,0.9559626588470085
90,1,88824,100,4,0.6820570700298176,1.4079264044451205
20,1,36192,12,0,0.6460856298848797,-1.9071186779207507
36,1,135153,64,0,1.13189173364114,0.48956994839578866
27,0,61283,19,1,-0.2627166043856874,-2.0024882135534234
70,0,110393,75,2,-0.24977936945668208,0.29789640266412215
28,0,79377,51,1,0.4197595247145551,-1.3251329906350804
88,0,80695,46,1,-1.3387850856261263,-0.10933531407919059
64,0,42087,15,1,-1.302538024753978,-1.550162225714958
32,1,165658,38,0,0.5135444791512722,0.5185488460108509
68,1,23195,36,4,-0.040180616919470044,-0.7873398088623812
42,1,165206,60,0,0.7721176089577301,0.99536922120442
42,1,72149,63,0,1.154382276633891,-0.29758336119174533
74,0,183288,83,3,-0.4090975984790072,1.5232914233807764
87,1,171197,90,4,0.2486477192451994,2.3981965009512547
38,0,121511,42,3,-0.20950490700047553,-0.6248407657524266
65,0,174240,7,3,-1.9626182592165384,0.2605044804281224
30,0,181168,44,3,-0.14231903588862418,0.08492626730549159
20,1,102213,6,0,0.2817208946353611,-1.0379286106397627
88,1,68920,25,4,-1.0018423652816155,0.14927801073500982
34,0,165876,1,3,-1.2349720525311045,-0.5841654370843011
65,1,58145,97,4,1.392862862125456,0.40746240509243237
62,1,177622,27,4,-0.6079282527215771,1.182407294882556
38,1,107142,4,0,-0.2729802219034622,-0.6145963907321608
36,0,46333,75,2,0.8895194390149133,-1.3313239678949176
88,0,170410,99,3,-0.36241689178450864,1.831851403837863
79,1,59245,85,4,0.719218705151027,0.567832413498834
42,0,115995,56,3,0.036826598313040894,-0.44574938311743617
24,0,84119,51,1,0.5128813092402242,-1.3412867042321215
18,0,176073,5,3,-0.7370090879262678,-0.7244458588665539
60,1,107860,34,4,-0.15257424706075653,0.23019876811025208
81,1,40334,87,4,0.7758960103519202,0.3643293601841032
56,1,65377,83,0,1.2769668218235093,0.14797599075758533
24,1,72949,65,0,1.6899936627638728,-0.6390202100648784
26,1,145557,5,0,-0.05015313725745911,-0.30484995674785753
34,1,21368,62,0,1.5173737697444154,-1.2038004761721641
22,0,82063,64,2,0.8870052904397769,-1.2510737984902602
54,1,102634,63,0,0.7260343892272977,0.3900161867074498
37,1,129401,47,0,0.714765864102239,0.2170427749910793
28,0,76744,74,2,0.9819692335123068,-1.0769111361079065
63,1,181807,83,4,0.6983930444614274,1.959224006147409
50,1,32986,36,0,0.41734676529824905,-1.0251088013732148
49,1,73069,60,0,0.8885146471272881,-0.17482312831168959
22,1,182989,98,0,2.1718489239713135,1.3021657852550632
62,1,167112,37,4,-0.3322831963183231,1.1564551758014292
22,0,152178,79,3,1.0143101856553622,-0.06235763002865577
29,0,104245,70,2,0.7668520731221795,-0.7125174454573465
72,1,122386,37,4,-0.4555574554560226,0.7269524391492372
25,1,92364,6,0,0.1783855827770648,-1.073793842969115
59,0,132106,36,3,-0.9610276417922459,-0.10727355465598212
26,1,189799,11,0,-0.05319823689536374,0.4021563970522598
63,0,121518,98,2,0.45720173889442267,0.5958921591056174
69,1,27630,77,4,0.9043709778882172,-0.19337999169355263
89,0,196335,84,3,-0.8369695195453328,2.0370005788587378
77,1,141964,11,4,-1.282570703557643,0.7885962605996781
83,0,135850,21,1,-1.9879760400876525,0.26345608890759176
81,0,87235,43,1,-1.2421497594486124,-0.20002798328264618
29,1,57179,61,0,1.5101380697283766,-0.8092402609729856
79,1,81923,16,4,-1.0166558612338956,0.0344308905035262
39,1,139499,26,0,0.12134539465381947,0.14235963820959585
56,1,50931,38,4,0.24229264981585855,-0.6178196973325107
43,0,146669,39,3,-0.5016751692660848,-0.19757123529652726
60,0,34740,21,1,-1.0247595413567998,-1.6645545053482707
56,1,32454,39,4,0.32792272398550254,-0.8695174988106454
88,1,159396,3,4,-1.8326932753623306,1.169190061551964
90,0,185890,100,3,-0.4443970599025523,2.107534882083749
60,1,198814,33,4,-0.4797065713336605,1.5179466318095787
73,0,63286,87,2,0.11424423507366387,-0.16339301889474708
56,1,153276,39,4,-0.07467099349695545,0.857618566667904
57,1,59849,64,4,0.8109696672577196,-0.14620654462296223
87,1,50007,38,4,-0.5987794707961028,0.01950712334241167
55,1,123166,55,4,0.4378890121508875,0.6050740238963566
70,0,158287,31,3,-1.4681156199306313,0.4356722796332765
51,0,148730,65,3,-0.10076452948045919,0.32291698661213497
63,1,104561,40,4,-0.07889893833646826,0.3205672307657519
60,1,27152,87,4,1.3916642776354482,-0.26479095275909786
81,1,86401,28,4,-0.7972891238450226,0.2895578760230924
43,0,54734,38,1,-0.21939892228003566,-1.524199792110902
87,0,69403,38,1,-1.4664276379331,-0.39116777626581023
22,1,58421,33,0,1.022865861931852,-1.2863848980821577
63,0,30851,50,2,-0.3956820503184852,-1.2967597470723138
46,1,105748,11,0,-0.31774354936488935,-0.3796424260588675
67,1,125617,51,4,0.006704070749971293,0.8422160582115228
21,1,36266,79,0,2.2307921756979767,-1.0523524370749164
74,0,20484,69,2,-0.203488936700561,-0.9779742266444947
58,1,74360,76,4,1.0241358960228657,0.23135596872486405
31,1,93069,99,0,2.250459736144047,0.2180639124086198
83,1,60001,10,4,-1.1969064480808256,-0.2695736905383004
74,1,119337,6,4,-1.2457949568214066,0.3400474307764365
20,0,120517,51,3,0.5005214205555121,-0.9049216771297127
79,1,111290,65,4,0.06454948849842093,1.0632353226934494
51,0,20513,44,1,-0.17884110574123682,-1.7709325809520375
73,0,193441,62,3,-0.9210093022288359,1.3864394769335082
54,1,117208,57,0,0.5330973656802837,0.5237775310681505
50,1,145901,34,0,-0.007024748303035543,0.5641402278615145
84,1,110259,23,4,-1.0787911613249501,0.6314166277152358
27,1,85050,49,0,1.1829804981632768,-0.6019421535279792
48,1,104511,23,0,-0.07933373128365678,-0.20621068324518196
80,1,31682,9,4,-1.044914480345802,-0.74977415034681
52,0,60370,89,2,0.7439298212488484,-0.6209046722269941
69,1,158270,39,4,-0.44531042103879054,1.2018123222160915
30,0,65587,65,2,0.7481223674300425,-1.3062874689288115
51,0,139360,71,3,0.07483212802577836,0.2635462009638406
61,0,24408,60,2,-0.07912738159189639,-1.306544605431546
50,0,111746,48,3,-0.3593601908325794,-0.4380379168449369
36,0,150456,76,3,0.5666312817089206,0.16953059383621577
52,1,168710,34,0,-0.13748848778085,0.9321621785067673
84,1,181748,39,4,-0.9320021577881945,1.8522026697563498
60,0,170644,56,3,-0.6354227646248249,0.7131817161242724
36,0,79681,91,2,1.163398930860904,-0.6557589673314926
61,0,101186,20,1,-1.297458882286484,-0.7061605663569283
79,0,167980,32,3,-1.7214275368931555,0.7755263493346698
41,1,183916,36,0,0.15950559772498107,0.9435524453165871
32,1,163926,44,0,0.6636903841941255,0.5683623584881062
25,0,124128,88,2,1.242646195341498,-0.2885156345868395
74,1,73784,67,4,0.373802355919317,0.44702389880601345
87,1,173737,26,4,-1.2998123381954219,1.639068210245371
46,0,118881,5,1,-1.3088973013110718,-0.954418408648897
82,1,102299,79,4,0.34969079734785874,1.1716669858301845
20,0,174346,83,3,1.0911548258168007,0.2622760951438448
26,1,108167,90,0,2.1197427334099888,0.21710460452835142
58,0,22007,35,1,-0.5909960423131333,-1.7145393322996152
85,0,51780,63,2,-0.751683166749394,-0.374338785634053
47,0,59577,57,2,0.11272734886756629,-1.1348842031180286
78,0,21068,15,1,-1.6137296244308081,-1.5568361901980008
86,1,155176,43,4,-0.8016725717408016,1.5640439512952113
61,1,44810,2,4,-0.7397128272542579,-1.047827088933442
80,0,172624,59,3,-1.1144465826523562,1.1984718899189486
75,1,194899,49,4,-0.4901223570359182,1.9756166365715475
37,1,105227,20,0,0.14563058687280206,-0.46409677460741705
52,0,141057,59,3,-0.24680249889605108,0.15964513133186756
61,0,68551,31,1,-0.9240281684474921,-1.0359582113940642
88,1,37231,68,4,0.13843439358315177,0.2307219664902264
80,1,37722,85,4,0.763705302515823,0.28114870742200554
31,1,50525,29,0,0.707850425575445,-1.2601070215739083
51,1,94572,71,0,1.027089552370193,0.3112454920352785
49,1,186065,22,0,-0.40237478054232867,0.9681503120541999
81,1,94520,23,4,-0.9446548511897671,0.34347447364058364
74,1,69314,40,4,-0.26098906513553555,0.04755067681498364
23,0,24378,91,2,1.7016741145798011,-1.7191138716618581
63,0,48828,3,1,-1.5865185231383756,-1.6239299362656932
23,1,194117,91,0,1.9391012726617864,1.3952232727716893
90,1,190087,63,4,-0.5456741183239211,2.395606718189998
77,1,157808,36,4,-0.7338037345847636,1.325802039454864
33,1,116072,45,0,0.8199775466748105,-0.08229114140491238
85,1,197227,9,4,-1.7326841045323016,1.7215969076397133
52,1,127792,61,0,0.6485413141077397,0.682819359214418
45,0,140535,99,2,0.9080494027322784,0.5024364427511215
40,1,104603,45,0,0.6675789184766961,-0.09934406159504122
51,0,115927,64,2,-0.015523356422773164,-0.15842668976757096
89,0,39726,98,2,0.02174509657448726,-0.027704472500672126
79,1,44446,76,4,0.5519687845604964,0.24442410675071902
87,1,90963,12,4,-1.3608734485621239,0.2818218557146979
26,1,195309,37,0,0.5540653318678277,0.8040675872646542
72,1,51151,63,4,0.40742986269214193,0.03180301668222498
85,1,69778,21,4,-1.0192590731618743,0.048873159735324544
52,1,123064,95,0,1.4824187123622163,1.0378092226392932
77,0,44057,90,2,0.1415822450835294,-0.3170431178949138
73,1,141401,6,4,-1.2920842325159605,0.6344646672651426
43,1,174640,76,0,1.0984508033190736,1.3500714561442517
77,0,95361,45,1,-1.112178988257915,-0.14295040565051267
56,0,183360,11,3,-1.6516813409296758,0.2517235377907385
62,1,124319,73,4,0.6765563384905262,0.9921678239084891
76,0,94649,87,2,-0.07195315865511888,0.34789234988448586
48,1,85745,54,0,0.7291326697667903,-0.0891784767218296
36,1,26094,15,0,0.31622989861319895,-1.6784221096413854
31,1,179665,50,0,0.7828514526710347,0.8469367207964811
68,0,168410,30,3,-1.4714477868898368,0.5259806297336131
57,0,137295,75,3,0.014578675449370783,0.40965215916261355
33,0,161229,29,3,-0.5185085474166068,-0.32357494339599957
67,1,170967,28,4,-0.6978439194013267,1.2046286188491968
26,0,55154,4,1,-0.5760000191777325,-2.297517160449169
63,1,128913,1,4,-1.098478134515846,0.18395656641613814
82,0,135004,61,3,-0.9954285956188554,0.7275259152071359
48,0,33467,15,1,-0.8381242882014655,-2.0091442464670486
74,0,145004,32,3,-1.5087153004982548,0.3421621255274462
69,1,145758,94,4,0.9198155599929239,1.7065336948949954
77,1,141816,95,4,0.7391678122416264,1.8304920580654567
83,1,149042,83,4,0.262956492028937,1.910552430177803
34,0,25206,43,1,0.24438031525881218,-2.07302057308037
42,1,165526,63,0,0.8432386640686339,1.0372297058506024
51,0,143089,46,3,-0.539154476711152,0.006134120355759075
72,0,142164,94,2,0.04708085912221097,1.0301745180830264
60,1,114997,49,4,0.18458106562524174,0.5186519452978495
48,0,175411,90,3,0.49358425925487487,0.9520813585757805
55,0,83406,46,1,-0.44920611314952147,-0.7630872018308898
62,0,94853,43,1,-0.750150997327772,-0.48984476073302025
84,0,180172,23,3,-2.1147681661410234,0.9428762120567902
48,1,66952,58,0,0.8880030290246502,-0.3081073376239378
83,0,20431,19,1,-1.651510670607714,-1.4113021518497257
66,1,159620,48,4,-0.15155475108044417,1.2700137514943604
61,1,84065,72,4,0.8138558345649421,0.38332798271144103
30,1,30034,10,0,0.34617317652207114,-1.8101538743065606
30,0,146883,36,3,-0.22057677060022135,-0.5046033754597317
43,1,31721,73,0,1.5024870996779438,-0.7302247090996337
85,0,32345,9,1,-1.9862953821108378,-1.3233100016542956
71,0,139525,51,3,-0.9515801174487407,0.4370308912627066
24,1,124964,55,0,1.2760488576053473,-0.019759071122408375
39,1,131728,32,0,0.2916139881133233,0.10584636666221199
72,1,46755,28,4,-0.42010769368826695,-0.46604204507641595
22,0,54065,78,2,1.3171722861002735,-1.4772999592729397
49,0,47299,27,1,-0.6226955481869558,-1.6412879570557561
88,0,76522,97,2,-0.09769545413085023,0.4648762375687896
70,0,177666,41,3,-1.2920643760932444,0.8369798472076293
41,1,94531,64,0,1.1310958307322712,0.013808354948664722
87,1,27888,91,4,0.7502333225467082,0.36204016273462636
69,0,50253,52,2,-0.5755910684375803,-0.8686430019778093
33,1,172582,58,0,0.9444910803796294,0.8870857610774201
89,1,78986,22,4,-1.1348015232573814,0.2768691655066528
43,1,41157,71,0,1.4229203012060834,-0.6201956308643484
46,0,102417,51,2,-0.14716477477540385,-0.6180487727039898
58,0,123443,65,3,-0.2071198875111156,0.1083374061053203
89,0,49704,97,2,-0.03556526756814648,0.10250113864373038
59,0,172319,42,3,-0.9506476194512326,0.5421387251525355
88,0,51082,24,1,-1.7694847240944624,-0.8060811812511257
40,1,159325,45,0,0.48523850524007495,0.6829003953343026
57,0,103385,20,1,-1.195863509974171,-0.758666161353979
77,1,182205,53,4,-0.4060359685123336,1.8858422712639022
62,1,193096,69,4,0.35113316290250135,1.9256119973934038
77,0,149169,22,3,-1.8449100714093836,0.3403682552157417
35,0,181096,79,3,0.5639530568914789,0.6238268493157675
75,1,195597,26,4,-1.0458844085913752,1.6997341880573436
42,1,158249,37,0,0.24186295594995685,0.6100594615942375
48,1,106875,45,0,0.4421629160711361,0.10101398209078782
44,1,59655,86,0,1.6949886914865282,-0.14835330566080962
63,0,175154,75,3,-0.274956219168842,1.076752100506358
62,1,193150,93,4,0.9284519030399592,2.22467290374555
74,1,119504,47,4,-0.2597911852513691,0.852011688120542
65,1,35541,25,4,-0.26431386276671986,-0.810526024691106
24,1,64761,45,0,1.2360281870286567,-1.0046408448603432
52,0,36336,63,2,0.1983904916361848,-1.287614230922981
80,1,116394,21,4,-1.038435913152393,0.6103182675794822
29,0,185438,38,3,-0.27369119062445474,0.05040815245867025
43,1,147660,33,0,0.15366634561616702,0.42996114967839455
53,1,186780,14,4,-0.7061795163807757,0.9628815282258444
41,1,97526,48,0,0.7361170070223402,-0.14223779948005852
80,0,112881,91,2,-0.14537734880092895,0.7421714811614863
43,1,64896,99,0,2.01756749655065,0.06715435328392219
74,1,128055,76,4,0.40952673301224307,1.3346797331283227
19,0,104254,75,2,1.1594410827330521,-0.8600953471137778
21,1,175851,47,0,0.9956796087512987,0.5452798296218144
66,1,162407,67,4,0.29634507406730803,1.545999028479943
69,0,35322,93,2,0.4607210902353867,-0.5725028521356087
57,1,46608,92,0,1.5288387565661445,0.012518754439837415
30,0,37141,32,1,0.04884724928319863,-2.123066994207732
44,1,131186,35,0,0.2294539455072723,0.240309711052139
20,0,151694,49,3,0.3485109445101458,-0.4841075994773578
83,1,118241,23,4,-1.078157486484105,0.7245333554053048
32,0,138004,99,2,1.2704818122959365,0.1934509781538675
27,1,121053,45,0,0.9667643088589591,-0.13699839726835467
20,0,108059,4,1,-0.588901900755724,-1.6671565577935168
67,1,128065,95,4,1.0572946050008658,1.424073061084791
60,1,164297,20,4,-0.6775034775086562,0.8629570386589052
29,0,69181,40,1,0.16181627672553756,-1.5866143677862172
19,1,182411,76,0,1.7260931380844073,0.957516748595195
51,0,78773,21,1,-0.9264067987338925,-1.223973111594693
87,0,64116,10,1,-2.1225591596005744,-0.8147486233346564
63,1,110330,96,4,1.2493749541195276,1.0990420235558054
72,0,166251,13,3,-1.9822380053934228,0.367769990472563
53,1,119788,88,0,1.2976669550671678,0.9249632497997503
41,1,58526,14,0,0.04794666607591122,-1.1223142023699813
29,1,193791,65,0,1.151179915426112,1.1933267998584811
47,0,124410,1,1,-1.4508010638057451,-0.9041118348371138
63,1,119076,78,4,0.7871082037402459,1.0003483123017956
21,0,121126,32,1,0.014075029557699693,-1.1113765301855025
85,1,106279,8,4,-1.4536966625582135,0.40907739799081594
59,0,107131,93,2,0.49375147283919824,0.2441481361707156
45,1,36736,96,0,1.9847513798249785,-0.33070558890775936
29,0,29510,11,1,-0.40380598604442197,-2.514139097484638
42,0,77673,46,1,-0.0761042470019727,-1.1178448741524183
81,0,52460,21,1,-1.655648981025617,-0.9705640241812227
67,1,50725,26,4,-0.3453077225934353,-0.5390738311068023
50,1,180916,34,0,-0.12369902134642383,1.0646754725415517
18,0,162524,78,3,1.0646963103163294,-0.010831540284535408
89,1,77965,38,4,-0.7464003095713728,0.46113341426633114
27,0,177789,88,3,1.0093798092283952,0.5205319727446476
86,1,189950,14,4,-1.615354701902309,1.7007016088652573
51,1,26612,7,1,-0.286455861358908,-1.4556718819190018
85,0,167107,45,3,-1.5690908765814062,1.050530173774311
63,0,76076,45,1,-0.6666895190754238,-0.7124173094120568
67,0,176467,45,3,-1.1101273495205717,0.8066000877190787
26,1,109273,25,0,0.5519984950045472,-0.574951252593849
59,0,35579,58,2,-0.11001405782360996,-1.2136839280649365
53,1,45252,35,0,0.270720472191548,-0.7992414752857089
49,0,142491,96,2,0.7204217266479402,0.5770511438471895
47,0,88666,44,1,-0.297012547774308,-0.880633619969447
82,1,190846,91,4,0.34339067434788184,2.5865802709090664
38,1,68076,26,0,0.3865662650111645,-0.8996086292115253
80,1,149308,74,4,0.1272001768233812,1.7395414717718243
53,0,154709,67,3,-0.12702375593885293,0.47521351176623494
56,1,38922,51,4,0.5951198923500342,-0.6279137196033252
72,1,174353,66,4,0.06909302775256315,1.830247020870669
33,1,20355,35,0,0.898293878321821,-1.574841305248997
43,0,118067,28,1,-0.6710566910914263,-0.7431491943853777
41,1,24540,87,0,1.9177506540140028,-0.7008443588850903
51,0,111152,48,3,-0.3846115874853494,-0.4255440665628195
25,0,94591,95,2,1.509504214221244,-0.6237425699500031
63,0,175848,84,3,-0.060706709222978036,1.1985311162017265
60,0,196751,63,3,-0.553977376024282,1.1733791176160557
59,1,144505,98,4,1.2925472635507724,1.5284869462877613
57,1,29942,38,4,0.28499989370913764,-0.8968699371617557
61,1,130682,20,4,-0.5927248535940772,0.40341963620421
51,0,197622,92,3,0.3860073411778948,1.3573973952139484
74,1,34763,70,4,0.5760124464664605,-0.07349051476163639
54,1,181039,6,4,-0.9067800362340261,0.8023699670575155
42,1,127438,78,0,1.3310892216036179,0.6791969072948135
67,1,85001,70,4,0.5992280133588739,0.4977606319314297
44,1,177202,25,0,-0.16450145613883607,0.7738158611945077
37,0,167290,56,3,0.0020587566498098332,0.18258147111706555
40,0,30236,78,2,0.9064212410232967,-1.4402025008137511
33,1,141224,95,0,1.9392902379723214,0.8986890766159346
70,0,154535,97,3,0.13250785967144563,1.2023325902689077
67,1,144356,53,4,-0.007611685197630259,1.1349452412602596
50,1,187499,41,0,0.022802729010483868,1.2457796249362896
72,0,70162,1,1,-1.950807013700222,-1.1549552841929775
27,1,60218,46,0,1.1935364323666535,-0.9941987517711075
62,1,110632,2,4,-0.986270478896309,-0.08592444782826796
89,0,98546,58,2,-1.1367481463644764,0.3159721005175668
78,1,102023,70,4,0.24297117007530394,0.9719231927652064
77,0,108695,33,1,-1.4453588484632343,-0.10148695895024785
77,1,191668,78,4,0.16399327480839293,2.331832416924648
42,0,183672,76,3,0.2925674323496099,0.7702594044917005
90,1,111388,89,4,0.34218416295421195,1.593760306824177
61,1,63507,34,4,-0.032015290604698016,-0.38283706237169546
80,0,189058,46,3,-1.4820184677173611,1.2718207589042902
59,1,77784,87,4,1.250182923337338,0.4380024330947176
42,1,45542,17,0,0.13616760285423526,-1.2496478000386622
32,0,192698,34,3,-0.47582421231110655,0.1674291833453559
33,0,70888,6,1,-0.7709174890592541,-1.9008490280782995
88,0,124456,98,2,-0.23335497433745828,1.1625157525106444
89,1,143761,14,4,-1.543139323303208,1.1033903963100273
40,0,180554,86,3,0.59804279341179,0.8080050241721979
76,1,89849,57,4,0.025186003479363017,0.5943540984278844
51,1,188921,1,4,-0.9716640180792756,0.7899436498700939
29,1,87765,30,0,0.662285979476934,-0.7573069786453303
60,0,141610,94,2,0.3756949848134919,0.7704350418250758
39,1,48968,93,0,2.0351895866494303,-0.3190467882929357
65,1,197091,80,4,0.5208161932477661,2.1823908573265545
55,1,95985,30,4,-0.07310168283961613,-0.09419281647353954
30,0,130651,36,3,-0.1664897564622725,-0.7366378775772915
87,0,54598,27,1,-1.681782455351177,-0.7395192675308575
34,0,136010,36,3,-0.29326931142950274,-0.5760915749037675
73,1,58691,23,4,-0.6074228105001293,-0.33657687879086867
90,1,139544,17,4,-1.4841311054102582,1.101380016979484
19,0,105480,47,1,0.48160744653376064,-1.1905736367472082
81,0,117544,96,2,-0.06783349008463214,0.8919570569116524
27,1,83700,51,0,1.235603753244338,-0.5963828271228885
45,0,132214,53,3,-0.17109646501771553,-0.18823180919820423
28,0,51410,64,2,0.82576077979268,-1.5633447177353688
74,0,184890,35,3,-1.5694330084099044,0.9496138565254872
21,0,184254,40,3,-0.003775648050864542,-0.10953964588647082
88,0,165955,38,3,-1.8153814172525273,1.010016546090757
34,0,53044,88,2,1.2344307013290916,-1.1157878438149187
55,1,122059,6,4,-0.7374821224223874,-0.019757082157400723
25,0,162754,97,3,1.3305016306027464,0.37549679253800644
19,1,99373,81,0,2.1230981589358664,-0.16735800970153872
40,1,145892,89,0,1.5887464785942693,1.0377403991853327
41,1,152245,59,0,0.8184734827510324,0.7766795565903291
76,0,71885,15,1,-1.728596743930361,-0.872383260797205
66,0,159949,59,3,-0.6909824438944485,0.7234941470123248
18,0,119127,47,3,0.4633646468125381,-1.016476410381931
46,1,94753,91,0,1.6438887212135338,0.4574819709262892
37,0,37988,33,1,-0.1205273561468156,-1.9516354571459544
41,1,68507,61,0,1.145623655081806,-0.3954877409856988
77,1,158435,12,4,-1.3133916502167966,1.036475946800479
19,0,173411,89,3,1.265875706623439,0.30249761810351355
36,1,55230,22,0,0.3875822878406612,-1.1749255147714548
22,0,62132,75,2,1.2181047186942133,-1.3992692802140965
28,0,86321,87,2,1.2628692774768813,-0.7784358654567369
58,0,43250,2,1,-1.45584100062142,-1.8210205347766975
69,1,33642,4,4,-0.8722202122741854,-1.014734825459162
62,0,81765,50,1,-0.5381030631914415,-0.5899352048855049
30,0,126410,18,1,-0.585482230559547,-1.0209792033582081
51,1,86760,13,0,-0.34250170316525846,-0.5212911570813099
27,0,129231,59,3,0.47337012005651063,-0.5340313609655245
74,1,29586,14,4,-0.7542340625721908,-0.8435027382285261
77,1,151333,26,4,-0.9528526885278733,1.1089556113165013
70,1,199188,72,4,0.18517578648741492,2.2178626078724983
33,1,192951,30,0,0.20287062113679694,0.8302543710273097
63,0,155217,13,3,-1.70039526723488,0.02117519348515555
65,1,28695,62,4,0.6488083055116914,-0.44852659555564567
48,1,43439,9,0,-0.2127085664422371,-1.2532295387027104
41,1,63185,18,0,0.12867208598167795,-1.005999523125403
29,0,195578,28,3,-0.5481033616635491,0.0710711657128196
18,1,66760,27,0,0.9596273327547821,-1.3256921718123655
58,1,157457,88,4,1.0359958412247015,1.5683621544604307
67,1,21820,14,4,-0.5377420560507987,-1.1014118466381546
68,1,181235,29,4,-0.7352263870171093,1.3848221699712602
46,0,37051,71,2,0.5518916471095591,-1.3038737865504046
81,1,194032,36,4,-0.9634292537811581,1.9275598322625975
47,0,150026,39,3,-0.6217838147764292,-0.0656432836111348
62,1,27726,62,4,0.7337291647586595,-0.5253333629696055
78,0,135516,52,3,-1.1047739355048096,0.5390464880655585
42,0,101640,32,1,-0.49283945643833965,-0.9492413771225657
26,1,175253,72,0,1.4630799502061667,0.9523742282631563
71,1,124557,12,4,-1.0371219356924215,0.42628392517888863
75,0,148453,60,3,-0.8736900149618894,0.7604539913952749
40,1,182466,8,0,-0.48218060090045295,0.5538360457950497
44,0,160042,56,3,-0.1644047610675433,0.22586724199631933
52,0,129451,70,3,0.05655700866479103,0.13045453071502278
42,0,141616,55,3,-0.07260815975270364,-0.09192895453679727
84,1,51847,100,4,0.968653032509682,0.753434547802441
67,0,117639,88,2,0.12057988474401048,0.5000952785058097
39,0,153457,5,1,-1.2334940301660369,-0.6070536821237229
77,1,27968,94,4,1.0944608618893854,0.19061978236849855
29,0,104851,66,2,0.66858302769668,-0.7535695782720976
44,1,47633,62,0,1.1575487946957297,-0.6184953431947545
78,0,39675,58,2,-0.6410453041492269,-0.7564169191085808
65,1,101813,1,4,-1.0626389668589336,-0.16146467947540635
60,0,61319,46,1,-0.5117629085575823,-0.973893183107673
18,0,149072,13,3,-0.45453888719333424,-1.010992269377376
64,1,126885,31,4,-0.39707792390412927,0.5488127863973395
47,0,47269,86,2,0.8515500125663358,-0.9503930728262524
59,1,86825,84,4,1.1478698685131925,0.5299563258710634
60,1,80844,59,4,0.5390074967983038,0.1547259638728669
36,0,185635,7,3,-1.2108981493715725,-0.1851706266103233
34,0,75092,98,2,1.4015885099314993,-0.6763272398832614
38,0,172499,52,3,-0.13877872661099547,0.22831368313254422
88,0,66400,25,1,-1.7964637333890854,-0.5746834923976355
24,0,42559,77,2,1.276987889060171,-1.612235544494933
73,1,113302,67,4,0.26935421226248124,0.9909439815219183
74,0,38764,73,2,-0.1681503588089021,-0.6669489785640812
82,1,182065,1,4,-1.792969987393411,1.3424732387460168
79,0,116437,79,2,-0.418745036685735,0.6228745758569051
81,1,136409,89,4,0.5038872205592956,1.7625674303547971
22,1,77115,29,0,0.8643253828119701,-1.0688712303607815
74,1,150146,45,4,-0.41001897570261253,1.2651780046446999
35,1,29835,3,0,0.04224576804631286,-1.795074462032478
59,1,74621,57,4,0.5388490836918847,0.019926497215592618
52,0,183866,54,3,-0.509759559437287,0.7094511374300235
19,1,133544,57,0,1.4317375226136317,0.022823372941724433
85,0,192066,21,3,-2.229755999458669,1.1090271162064502
52,0,80445,28,1,-0.7907716717403557,-1.0920861085261118
46,0,124249,27,1,-0.7974103502642138,-0.6042519219501162
34,0,55173,86,2,1.1792117227380832,-1.1102114582221303
78,0,135818,70,3,-0.6726562304631428,0.767080279110086
64,1,58805,72,4,0.8163332191464772,0.08519432651515706
82,1,47744,97,4,0.9645987521779349,0.615526511062552
72,1,50299,16,4,-0.7206660735824404,-0.5645254795818505
46,0,47138,47,1,-0.059218148373693394,-1.45797030860153
67,1,81694,80,4,0.8508717906322828,0.5747745379090008
32,0,85579,28,1,-0.2632652395859786,-1.43839637878681
67,0,172842,42,3,-1.1702357394191836,0.7174950226454362
80,1,108084,6,4,-1.3716826460217446,0.3050971954323052
48,1,58243,23,0,0.07483691744321713,-0.867606219468399
79,1,98861,36,4,-0.5918464582997547,0.5251317306667
83,1,55675,40,4,-0.4606183422402577,0.04144788442667909
80,1,92178,93,4,0.7747507921450787,1.1590203870411777
83,1,107576,71,4,0.11237695062349444,1.1686564192608746
87,1,98387,79,4,0.22657267357870736,1.2206704597028992
82,0,65066,71,2,-0.5217621569959104,-0.1479423689702418
54,0,179884,55,3,-0.5268899574005275,0.7069276491768981
50,0,31896,9,1,-1.031725547238513,-2.064203730877521
86,1,172259,49,4,-0.7142205535267747,1.8828156425145741
25,1,104415,87,0,2.087288200562955,0.10519908025029227
44,0,104606,69,2,0.33312656987032285,-0.4050105606748938
69,1,178392,53,4,-0.1754851651711784,1.6634558165527429
47,1,172572,85,0,1.2129809259797109,1.5163080490512972
43,1,185231,99,0,1.6165965227772348,1.7873288119037205
18,1,157683,64,0,1.5469712059830993,0.43390344001972536
33,0,129144,34,3,-0.2912851697003686,-0.7200826497954917
47,1,88136,43,0,0.4837093494993749,-0.21270021032445713
47,0,38392,12,1,-0.8994916488993479,-1.9970130916621807
57,1,179869,75,4,0.6757352047026391,1.7061808103864826
30,0,64859,50,1,0.3896114809632339,-1.5031247562647922
70,1,124273,73,4,0.4588641962852967,1.1593903343323355
28,1,131797,70,0,1.505294425640971,0.3482884998247321
56,0,187781,50,3,-0.7279773084880508,0.7996408020312191
35,0,92954,93,2,1.1945272345574458,-0.4621506110823949
55,0,20759,8,1,-1.1548315299620813,-2.130909477053626
29,1,133159,23,0,0.3425904924364281,-0.1954061213946514
57,1,71441,24,4,-0.19015408925276656,-0.4776485932168547
53,1,177914,82,0,0.9596093277907335,1.6812952346375314
61,0,79495,14,1,-1.3695564795328132,-1.0908030674430798
76,1,132844,25,4,-0.8880768409695033,0.8112438466712454
50,1,23476,75,0,1.3874705977617916,-0.6763335189587403
39,1,133573,42,0,0.5260906697214591,0.25650749756029
33,1,44144,15,0,0.33777711801974986,-1.4833545426680936
27,1,30729,29,0,0.8827358346031466,-1.627028515663845
51,0,50984,80,2,0.5858737984735585,-0.887919799580999
90,0,135048,63,3,-1.1652957392954293,0.9208923801194447
20,0,127639,77,2,1.102413607678094,-0.4799671393684328
44,0,144268,45,3,-0.37653075168056377,-0.1363359885831634
84,1,84503,81,4,0.4026527858432433,0.9841027243994529
75,0,153540,44,3,-1.2756396391632316,0.6343127272098941
52,0,164728,26,3,-1.1197378508913105,0.08787189898424777
66,1,114597,98,4,1.2015896440816898,1.247850722466183
70,0,89933,85,2,0.05902030687465168,0.12971022147914368
52,0,127119,19,1,-1.1628571652795143,-0.5367452193234655
74,1,118528,40,4,-0.4249761470592058,0.7510589313254316
77,0,106575,34,1,-1.414232303757269,-0.11936339823414117
45,1,153516,35,0,0.12781697023829122,0.5804994045170399
31,0,55746,46,1,0.2964966576632286,-1.6621238243951793
30,1,50503,3,0,0.10953084543205649,-1.6045529163461838
86,0,186656,91,3,-0.5545887589303894,1.9226863546179884
60,1,59911,23,4,-0.2574891928309663,-0.5919422462070626
54,1,29211,66,0,1.0428761616604516,-0.6222707097241905
84,0,40151,93,2,0.03617010796224021,-0.18869773315562463
67,1,35676,41,4,0.0657740622256663,-0.5677668752092605
45,1,39272,74,0,1.4469273317015834,-0.5678853392378123
32,1,49356,33,0,0.7807647785473935,-1.2061178971780226
63,0,58367,53,2,-0.41518140159592903,-0.8661356892626793
37,0,27605,54,2,0.4193814132829931,-1.839056342606289
53,1,121212,50,0,0.3785491107760151,0.47302827036152517
29,0,179678,76,3,0.6598747372856079,0.4403605295569657
42,1,198701,79,0,1.1176946131254346,1.7103216920679
72,0,107678,49,1,-0.920817575864463,-0.022090577500656468
44,1,162996,12,0,-0.4299771045609903,0.40916958818366683
62,1,97798,57,4,0.37992844561448497,0.41419397329310403
64,1,20073,76,4,1.0416427710421243,-0.4187601589385792
64,0,178924,12,3,-1.8306830201136897,0.3686202299381545
53,0,105336,47,1,-0.4437557621526655,-0.4791417810942684
41,1,190929,8,0,-0.5376110319942903,0.6957986297932057
27,1,58901,18,0,0.5241763839540059,-1.3610289228045473
45,0,93664,95,2,0.96797954226411,-0.21729373694851062
52,1,147040,68,0,0.7528417316617199,1.0449681745785313
80,1,185702,93,4,0.4631173575567638,2.4959348015337026
70,1,28984,46,4,0.12669281816996958,-0.5383296500918304
63,0,37911,40,1,-0.659831283731601,-1.320124966107598
20,0,191237,28,3,-0.28856252010587463,-0.1798479953287508
54,0,84348,91,2,0.6576957200079915,-0.2113145909113636
87,0,61611,53,2,-1.079527066864559,-0.3161228717564441
57,1,110355,47,4,0.23361592164026854,0.3644826661574272
46,1,137625,93,0,1.549158850419264,1.0951895078194736
23,1,84822,63,0,1.629537158982224,-0.5151395171411173
59,0,131351,60,3,-0.3810132144666658,0.18022279327988114
48,1,52147,82,0,1.5148337789622426,-0.2214540623070811
55,1,196701,48,4,0.024424262859517768,1.5692471164902002
77,0,45672,48,1,-0.8744218137517005,-0.8159626056024729
84,1,22021,9,4,-1.121645553773358,-0.8039369544873414
54,1,142048,79,0,0.9797012253462803,1.1522939330720772
78,1,112461,54,4,-0.17680864218987308,0.9222738347424098
69,0,180033,96,3,0.050713630166856365,1.5334097391675836
20,0,97870,83,2,1.3459822342208037,-0.8309391946505433
36,1,134277,77,0,1.4476224552045305,0.63862083199454
60,1,45989,76,4,1.0642101915117974,-0.1322340704263785
39,1,189918,97,0,1.661776684483044,1.7455314646396878
29,1,178722,93,0,1.8751401248580073,1.3259210571598896
87,0,86759,99,2,-0.056450826202986956,0.6150853362754456
61,1,143455,21,4,-0.6112236108568447,0.5984368538964636
44,1,130487,72,0,1.1220935561276026,0.6901797713184913
28,1,53485,11,0,0.34655536903544915,-1.5044659401568785
90,0,82028,5,1,-2.3842483960661944,-0.5578872317701011
40,0,193499,99,3,0.867720248439905,1.1546254527294755
60,1,29136,43,4,0.3263057759954833,-0.7832930447535446
20,0,192017,84,3,1.0563353320306428,0.5273096380807885
33,0,177777,87,3,0.8219732850342513,0.6338417827597091
65,0,65942,80,2,0.1548024238065245,-0.38030684423386346
79,0,131876,12,1,-2.0823734779638214,0.010849827334066817
51,0,130215,19,1,-1.1459427393865491,-0.5134732783107249
20,1,36354,18,0,0.7899204947122773,-1.8302306615616164
36,1,40912,94,0,2.1677876435855565,-0.48473266699780704
26,1,76081,68,0,1.697283434145888,-0.5149925024006514
61,1,129890,17,4,-0.6622731468350258,0.35481196790847813
63,1,30166,23,4,-0.24006723836225158,-0.9541884419546808
43,0,44765,26,1,-0.4749303294015314,-1.8158499483459194
67,0,174195,67,3,-0.5731829817651176,1.0475536865310833
69,1,111702,80,4,0.6964201005150468,1.0457053340904976
73,0,166818,60,3,-0.8804230916568143,0.9810094551283125
66,0,108135,59,2,-0.5183318431956017,-0.01718079709309931
19,0,192622,93,3,1.2981120783690634,0.6268314000350517
20,0,179513,61,3,0.5445639631174481,0.06270617570778521
60,0,25568,89,2,0.6420489323320954,-0.9505150324043002
19,0,85998,60,2,0.8593356413013572,-1.3074933018423527
34,0,151374,71,3,0.4977215242100841,0.07853973742321971
65,1,153334,43,4,-0.22369057480746726,1.0970275845085613
43,1,156185,93,0,1.5690066872968378,1.2975474639056261
40,0,99924,39,1,-0.26422306561431474,-0.9287404576718855
76,1,36833,76,4,0.6590282664006464,0.07264215254098128
20,1,110967,72,0,1.8406728489288384,-0.09249652305229551
59,1,153452,22,4,-0.5660110408045339,0.7118014642727573
20,1,121508,50,0,1.276175159345717,-0.21524575407166166
84,1,93207,45,4,-0.4925980214552228,0.6610918910604131
81,0,38769,11,1,-1.8506533382450057,-1.290562310826258
73,0,55772,45,1,-0.8713408764928785,-0.7928104717225136
53,0,84357,51,2,-0.27760138287844544,-0.7293192510173838
67,0,151148,53,3,-0.8332617790106561,0.5440976664000832
48,0,30204,86,2,0.8811820073543097,-1.1733502011283101
73,0,93586,12,1,-1.7914024385024931,-0.6624112075540757
59,0,177734,71,3,-0.27088016469571496,0.9799780245565293
53,1,145358,14,4,-0.5681563338017886,0.37075898345541775
74,1,175332,33,4,-0.782691153032314,1.4760643763756027
41,1,188779,86,0,1.3464237245723218,1.6345038305710975
23,1,106476,32,0,0.8114475878461193,-0.590888108452819
74,1,66052,76,4,0.6161283309419647,0.44835425045243166
60,0,93265,99,2,0.6570986761006423,0.14149257665084727
80,1,27878,17,4,-0.8397395277004729,-0.7047222152673764
68,1,57587,2,4,-0.9729021001535002,-0.7182863337698034
71,1,104444,28,4,-0.5851038372157699,0.3376303132665332
40,1,158712,87,0,1.4979037772242558,1.1961433534165413
46,0,25446,99,2,1.2643093838348345,-1.121762062803997
41,1,141079,36,0,0.30224373379122765,0.3312026444781253
65,1,143639,34,4,-0.40794764917819076,0.8465803484115073
52,0,189172,25,3,-1.2252507006499846,0.4248672530828532
86,0,194526,41,3,-1.783934802917855,1.4137516842145676
52,1,152120,43,0,0.13435342928430347,0.8068684776792239
29,0,72609,53,2,0.4632055425934048,-1.3760383180271665
62,1,107749,70,4,0.6595822757244764,0.7180155292937048
71,1,132108,71,4,0.3574014486247442,1.267518318071992
88,1,104651,31,4,-0.97652776942124,0.7346206356340336
39,1,70748,82,0,1.6979290636968007,-0.1444200723148259
28,0,45489,76,2,1.1342396151209284,-1.4988402144481106
21,1,87256,78,0,2.0368247992447492,-0.3358851822116029
44,1,25705,47,0,0.8696789074726687,-1.1183840995359269
41,0,144512,27,3,-0.728775763223106,-0.4195198029122703
21,0,33327,98,2,1.894753417812573,-1.5461580504687076
62,0,136620,91,2,0.2656735873105732,0.7037874834470871
45,1,85920,45,0,0.5936795777183657,-0.2614902692636323
75,0,66605,6,1,-1.9003344621252183,-1.0807036083523742
63,0,40331,69,2,0.02991587822839872,-0.925098834140894
35,1,120834,87,0,1.7602713046913423,0.5497568187076491
77,1,66506,5,4,-1.1755100646559256,-0.36463908642997034
82,0,100247,86,2,-0.2780528906680095,0.5413964401410155
49,1,51850,13,0,-0.17171594803420848,-1.0622954580299504
27,1,97874,71,0,1.6696231430610131,-0.14519303697529704
78,0,186983,1,3,-2.503452973520549,0.6408970201501977
69,0,77069,7,1,-1.7477552834072843,-1.0446033261956311
86,1,70550,54,4,-0.25500147150172975,0.4910411682840701
38,0,141689,31,3,-0.5414273695385539,-0.4731144485170676
69,0,39629,89,2,0.35011985904568377,-0.5606496317999724
84,0,194923,23,3,-2.1639203066997275,1.1537399959858272
71,1,194664,77,4,0.2933318555835378,2.2363211154268767
31,0,45400,37,1,0.11440879510890493,-1.9218770277715906
65,0,81842,36,1,-0.9569258960162703,-0.6998813776115062
56,1,170603,76,4,0.757903775030554,1.5651681448723502
84,1,146422,68,4,-0.11648069594826511,1.7076542380876785
22,1,89477,59,0,1.5450070266063272,-0.5192966877185078
56,0,144361,61,3,-0.318609652345105,0.3156728695779986
28,1,98829,32,0,0.7007749420097701,-0.5952760136713491
26,1,36056,65,0,1.7584643070997488,-1.1244312218039625
28,0,142610,94,2,1.2437445415880468,0.11320962271026774
28,1,174612,7,0,-0.15330442496815147,0.17731523344227074
90,1,51669,49,4,-0.42132259841142,0.24293602680437815
69,0,146437,25,3,-1.545773958260367,0.17072068929760195
56,1,152468,8,4,-0.8179144266607459,0.460778367016834
30,0,118777,32,1,-0.22317391176692417,-0.9560901204479291
86,0,41441,45,1,-1.1775870346769104,-0.7248652840292945
89,1,107147,97,4,0.576045930658929,1.6115803697090239
38,1,80057,73,0,1.4775790088053848,-0.14419240660033775
80,0,50736,47,1,-0.9970501598511624,-0.6930470096930513
66,0,26894,40,1,-0.7048133214250049,-1.4146566377264789
22,1,149580,96,0,2.2350469185465465,0.7997307036069793
60,1,109477,31,4,-0.2301496236591669,0.21602746721232713
90,1,57593,38,4,-0.7057489853258954,0.19090311577558616
30,1,136839,96,0,2.0596560728224196,0.7854797046430471
89,0,158349,54,3,-1.4322688536877188,1.1211340153773592
87,0,75279,3,1,-2.3281927577206685,-0.7421758243630677
28,0,78147,64,2,0.7366698176804117,-1.181142494773491
75,0,24986,91,2,0.2836529550423149,-0.6192020971904558
90,0,159688,52,3,-1.5120861329007529,1.1364024546520286
22,0,197759,63,3,0.47742958865324986,0.39035800134710635
32,1,93319,72,0,1.5727100189090053,-0.09295246372040629
65,1,151151,96,4,1.058893022265374,1.7245433638105634
54,1,81088,79,0,1.1828274193981139,0.280878010876017
79,1,149476,83,4,0.37043306074055277,1.8328163708980088
48,0,67238,62,2,0.1802815040115632,-0.9422425752887325
47,0,75139,100,2,1.0955579824839217,-0.3779928434965715
43,1,91489,95,0,1.8327065809672602,0.3975832829709594
81,0,129911,41,3,-1.4324763133385003,0.3851629265437981
68,1,48204,95,4,1.2961705709449904,0.3034546097803745
74,0,171863,70,3,-0.6838398798679944,1.1983992133559465
62,1,78303,66,4,0.6614501788495953,0.2473736442834813
88,1,171175,68,4,-0.3078834367331013,2.1454354553784984
44,1,37272,9,0,-0.08323665640949025,-1.425326104911904
55,1,70941,23,4,-0.15808911777016393,-0.5391947598732231
78,0,120114,31,1,-1.5587639235431072,0.05787387690802189
77,0,84375,94,2,0.10348750498774877,0.30901270914476453
77,1,93426,18,4,-0.9523990230443851,0.1817522987003048
80,1,166569,28,4,-1.0371880514291392,1.4145648556758388
54,0,134882,35,3,-0.8581866715244543,-0.18494472052220473
27,0,94844,85,2,1.2135753844247872,-0.7024430225880416
19,1,50949,73,0,2.091953305748201,-0.9590029694603659
58,0,96710,29,1,-0.9842902660265302,-0.7212411115326334
52,1,142603,7,4,-0.7001827720132039,0.2233906246824673
27,0,99691,59,2,0.5718010218329405,-0.9563021342869094
67,0,108711,13,1,-1.654354283250366,-0.5596824868580307
78,1,94657,4,4,-1.3206057703950753,0.04633239946921128
66,0,39141,64,2,-0.16812315222051957,-0.9412982520545071
49,0,175531,6,3,-1.5552916345920687,-0.06922968618066659
75,0,128387,42,3,-1.2399516488217903,0.24989617990647356
40,1,44301,16,0,0.17070167718776322,-1.3217864732295987
49,1,189610,30,0,-0.22168759692729711,1.1182553247618954
50,0,52460,19,1,-0.859622868689043,-1.6459567297762265
78,1,108224,63,4,0.05387156432537391,0.9735647941328444
60,0,147695,43,3,-0.871765665104145,0.22355530191001674
18,1,87967,4,0,0.33552677867621067,-1.308400913825274
74,1,73377,67,4,0.3751585298198927,0.44120588239633823
18,1,52790,65,0,1.9205499872587677,-1.0531007645505146
39,1,159386,22,0,-0.041170306734826384,0.3769270985028211
35,0,137738,46,3,-0.0856334489571212,-0.40611793567095517
30,0,37051,3,1,-0.6486637583484018,-2.4847860543450917
28,1,79191,49,0,1.1752727270302394,-0.6647108496756888
52,1,101744,24,0,-0.15497401317426385,-0.14939587281994646
42,1,31025,97,0,2.109535609250417,-0.46286997257408496
80,0,87195,64,2,-0.7094744566503403,0.03941807207544998
40,0,150858,68,3,0.2638695002461008,0.1597875123758496
22,1,153985,72,0,1.6428702437096605,0.5644106699102174
78,0,59716,18,1,-1.6703221645564312,-0.9670815213994138
19,1,25215,39,0,1.3595790263127363,-1.7494434861322288
90,1,62660,5,4,-1.51669352836216,-0.1468120755047026
58,0,24204,44,1,-0.38175471264384253,-1.5712751110422278
53,0,50336,5,1,-1.2711116996584242,-1.7873659347324367
61,1,181502,25,4,-0.6417511005147692,1.1920290070629918
65,0,34362,85,2,0.38034307960681496,-0.7695956359235621
70,1,148488,6,4,-1.2340069529816167,0.6728174580731556
64,0,38309,32,1,-0.8808877042620858,-1.3928802551899422
84,0,135810,58,3,-1.1247629757452062,0.7437314848647174
39,0,158158,88,3,0.7480245783359376,0.4917292838200607
71,0,57522,50,2,-0.7023985121838663,-0.7476209112988589
39,1,123225,56,0,0.8974457013889297,0.28258597960504583
40,0,51222,53,2,0.2349321964774344,-1.4509278266754841
80,1,132789,78,4,0.2784932892755675,1.553119169384707
79,1,121091,94,4,0.7297022535047366,1.5637719684680456
25,1,26349,78,0,2.1308516808759244,-1.1226034382691175
66,1,71830,75,4,0.7906583015889451,0.3506412880882688
73,1,105352,31,4,-0.570403425158373,0.4298662064464418
33,1,60461,14,0,0.2593444286787142,-1.262533683315016
36,0,35885,19,1,-0.4231634517683704,-2.176684507075315
22,0,155064,73,3,0.860319011125373,-0.09567485027798703
49,0,121427,36,1,-0.6531371296781383,-0.46977867839212206
64,0,186449,93,3,0.09330078458621974,1.482914523501076
19,0,177973,20,3,-0.4096341266341376,-0.48986996208509836
22,0,176932,83,3,1.0280766017968312,0.34121267514324904
87,0,97760,48,1,-1.320292190850919,0.1384792294561186
47,1,136532,85,0,1.3330706246940822,1.0011205517424717
25,1,34961,88,0,2.34277988881036,-0.875208850259807
42,1,32955,7,0,-0.06251541772199777,-1.5538645384864462
38,0,72096,7,1,-0.8870336357887011,-1.7662270578480825
48,1,62247,88,0,1.6255540093328305,-0.0025035224114566827
26,1,95490,99,0,2.3785460547185013,0.1477467715412474
85,0,155387,35,3,-1.7706628474569002,0.7587070968183899
41,0,109544,93,2,0.9758632556427838,-0.09908848550617029
37,0,115342,59,3,0.24734319612261046,-0.5227228641406838
71,0,39243,65,2,-0.2805539713479106,-0.8224864197827685
63,1,41737,39,4,0.10637588747105521,-0.5899230565104094
43,0,106966,13,1,-0.995003469767886,-1.0882672783247005
86,0,33440,87,2,-0.1403040408808043,-0.31723290391924247
41,0,92938,65,2,0.35744802975078055,-0.6844730862386846
61,0,66817,62,2,-0.17231447961966362,-0.6754555982623901
50,1,109349,2,0,-0.6552272358253728,-0.35608489205342514
63,1,72264,79,4,0.9671539719462857,0.34360506864148604
58,0,90629,9,1,-1.4452765240922454,-1.0567424328755541
24,0,185815,93,3,1.1846404495438108,0.6344511945318216
30,1,115531,55,0,1.1440967052623856,-0.028692623750056236
60,1,91541,88,4,1.2011746799497895,0.6680708226771165
20,0,94393,24,1,-0.06211621759254253,-1.6139362439244411
47,1,124718,17,0,-0.26380992398871445,-0.012911285755411792
55,0,123298,17,1,-1.2799420468077034,-0.5532683452811944
33,1,105037,8,0,-0.033562937288626436,-0.6998973307895157
67,0,101993,87,2,0.14865183025334824,0.26400886881110724
33,0,191496,98,3,1.040946787602267,0.9666690336785472
54,1,192422,19,4,-0.6318978056955935,1.1266617920965802
78,1,139042,67,4,0.04743198898504634,1.4638192553447247
44,0,180018,19,3,-1.1212776991605966,0.051559595315489516
65,0,109264,20,1,-1.4332984786189857,-0.5067464832954269
20,1,126192,70,0,1.7418163926917865,0.10028561905426607
52,1,119738,16,0,-0.407431785596422,0.008396548005509968
53,0,97931,35,1,-0.7078307316355279,-0.7341398634363937
71,0,109147,93,2,0.16026578389818347,0.5247867278855334
36,0,36759,54,2,0.41610984042979693,-1.7291860148372533
23,1,103963,31,0,0.7957587671729975,-0.6392398510510509
31,1,40717,69,0,1.7030296753571175,-0.9031629059656167
33,1,153238,96,0,1.923320561767384,1.082856479922578
35,0,178067,8,3,-1.1343875232283689,-0.3019105848428135
51,1,108264,45,0,0.35584256532971653,0.18382459936239764
38,1,74907,58,0,1.1338027685015881,-0.4042416560090052
90,0,113291,29,1,-1.9109218703343085,0.18730260364728207
54,0,168058,39,3,-0.8724833919693458,0.33901706917619656
22,0,157777,30,3,-0.18340616311265656,-0.5913272666886011
74,0,144715,10,1,-2.0371261022601597,0.06459933746439021
52,0,95486,12,1,-1.2258892443602012,-1.075936131085187
89,0,138842,57,3,-1.2950818036708815,0.87956990210062
88,1,77020,5,4,-1.5100814540207073,0.016492391371457978
81,0,24578,48,1,-0.9130567294267204,-1.033558779796606
39,1,126012,83,0,1.537845084789406,0.658000917523635
42,0,149499,6,1,-1.2779350765524546,-0.5882490838756174
54,0,117469,92,2,0.5713949319616493,0.27457485750342026
21,1,34532,98,0,2.6937565271467188,-0.8409943153427524
34,1,140062,77,0,1.482807480891037,0.679346697610346
36,1,98195,25,0,0.3166049744256389,-0.5234598463645936
48,1,176066,45,0,0.21161002085065686,1.090091066616175
53,1,116677,27,4,-0.15977594318309585,0.12234071159712435
80,0,36028,38,1,-1.1646033035988241,-1.015154482305342
45,1,135225,22,0,-0.12404695733901819,0.15745854420024577
80,0,69993,81,2,-0.24309372229769022,0.004805565245480233
66,0,104690,28,1,-1.2527884690477995,-0.45171659692184357
86,0,90675,98,2,-0.06633118562839851,0.6376503717745914
20,0,24590,100,2,1.9992217400635903,-1.6671800165216986
25,0,36176,25,1,0.019779021529884137,-2.3287875541486347
71,0,54358,12,1,-1.6062285779594383,-1.2651408029916038
31,0,92921,11,1,-0.669560567564437,-1.5657164041719893
84,1,197748,48,4,-0.7687541164472743,2.192779128121221
68,1,28729,62,4,0.5670029809011812,-0.385085541515264
74,0,32222,35,1,-1.0607245144219561,-1.2327569769690683
80,1,99124,89,4,0.6553560893985715,1.2085977973157151
25,0,124079,16,1,-0.489686554925335,-1.1840830321339582
82,1,108959,80,4,0.3515613055745737,1.2792995983324036
23,1,45397,39,0,1.1834074179591814,-1.3770041681254992
39,1,111325,100,0,1.9958455307883758,0.6593400354364982
63,1,82626,60,4,0.4754400666543808,0.2555831768421894
79,0,98777,80,2,-0.33583730668506007,0.3828556918399611
69,1,124618,63,4,0.24432084365101472,1.0190499826112103
48,1,66390,23,0,0.047690114573461784,-0.7511458271106021
71,0,164102,63,3,-0.7447243573533142,0.9375006634990368
89,0,145181,55,3,-1.3643290184324643,0.9453277350760434
89,1,54900,30,4,-0.862044459920463,0.03199233198404418
40,0,84926,93,2,1.0851241274339203,-0.4719848658146502
70,1,50592,92,4,1.161564772856205,0.34227468056843763
21,1,27016,66,0,1.9488025276412935,-1.3461532817654873
40,0,58154,55,2,0.25995881213695227,-1.32697829902978
71,0,152966,45,3,-1.1407418460833412,0.5545961358883656
58,0,105976,87,2,0.3804560832400342,0.13208029399591495
66,0,184456,67,3,-0.5801432143429754,1.1732484471392104
63,1,91905,26,4,-0.3736018215792607,-0.03435068491086366
84,1,86398,59,4,-0.13303537168980997,0.7377599555961771
60,0,30632,36,1,-0.6501345099681628,-1.5368472606589458
58,0,140440,32,3,-1.0578166532350177,-0.058839859456481056
84,0,93929,76,2,-0.5520863428215101,0.36876432699198114
73,0,82617,50,2,-0.8404794839386245,-0.34692086357125385
45,1,81369,70,0,1.210405187237294,-0.015828580519808583
64,0,87528,77,2,0.0379185683727892,-0.13000868352826495
64,1,193293,89,4,0.7772642754196877,2.2189722599397865
23,0,119636,89,2,1.3361378898297835,-0.3822695494188582
86,0,106843,15,1,-2.117387860791589,-0.16281273064705348
75,0,166904,34,3,-1.560794573483545,0.7010624355618142
26,0,84902,35,1,0.07081178577313045,-1.4869831158447853
21,1,173096,7,0,0.0423618152667584,0.00874912886671977
75,0,136916,81,2,-0.3299359760449444,0.8565368137070165
78,1,101892,6,4,-1.296588787885126,0.1746132759407913
78,1,184801,12,4,-1.4284770723229365,1.4343597784212738
74,1,71700,35,4,-0.3892517335810158,0.019514723875552042
82,0,115466,7,1,-2.2296976023518984,-0.22291767351629233
63,0,135684,82,2,0.024999773554684693,0.5995341160097712
20,0,60198,2,1,-0.4775480702809325,-2.3761812540672156
62,0,150802,27,3,-1.3215790415072042,0.11108019284301658
19,1,184602,3,0,-0.03776601160109139,0.08154117600558398
32,0,59840,26,1,-0.22562462539751693,-1.8311897261297136
69,1,82941,86,4,0.9366299474710726,0.7091425184667471
78,1,46567,31,4,-0.5106779851774215,-0.3055333035828186
65,1,168585,38,4,-0.3948210005770425,1.2528952706611949
66,0,106578,40,1,-0.9703301791485335,-0.27558337092413543
21,1,47596,99,0,2.6742881222056525,-0.6418172873919841
90,1,179771,76,4,-0.1984881593614279,2.4097139287977587
19,0,187817,33,3,-0.12962375940532164,-0.18757795831013696
21,1,86714,88,0,2.279255257513018,-0.21934593133783598
75,1,141896,58,4,-0.09694785952441615,1.329803447966361
74,0,131560,10,1,-1.993292029380372,-0.12344981700557646
25,0,34683,45,1,0.5060027762122098,-2.1015556585720025
63,1,164510,92,4,0.9725907722089077,1.8238238247261547
25,0,198973,12,3,-0.8354923244932659,-0.16319707393655525
46,0,173632,78,3,0.26522412295284714,0.7355362558319224
53,0,176748,64,3,-0.27264774039366985,0.7529722627562355
87,1,67420,38,4,-0.6568017217315454,0.26842387946445895
66,1,130613,38,4,-0.2955243184688309,0.7310750733736873
35,0,31722,8,1,-0.646748040477129,-2.39389488821851
80,1,71752,3,4,-1.3228073018512403,-0.25155052986552606
50,1,59735,1,0,-0.5139697496409584,-1.0777398064258799
55,1,184639,50,4,0.11274121529430672,1.4216796817639887
51,1,74226,21,0,-0.10823732017097103,-0.601033529757316
35,1,178489,41,0,0.46128531589863553,0.802207610111461
44,1,27291,46,0,0.8403317162382206,-1.108141126499617
67,0,170788,55,3,-0.8505797774261169,0.8497065368815406
84,0,41664,58,2,-0.8110569608960606,-0.6020743453693751
35,0,118616,40,1,-0.1662912691778462,-0.7540368884611476
74,0,102884,85,2,-0.09305672291609465,0.39878325776999873
75,1,151709,18,4,-1.092143769919118,0.9729308067611364
31,0,193415,27,3,-0.6194197802099884,0.06969265006231258
85,0,69662,83,2,-0.33001928755516297,0.12985642182821994
84,1,61377,70,4,0.2150245606283377,0.516803531549868
82,0,158238,23,3,-1.9872200339433166,0.5873622819483084
62,1,36927,67,4,0.8233825285703044,-0.33166262836210064
83,0,91132,57,2,-0.9727221692625666,0.07165109183375572
49,1,120442,64,0,0.8269117820473263,0.5520830814558957
24,1,79963,8,0,0.29506280225587006,-1.247192251589795
76,1,161005,38,4,-0.6691009635118066,1.375375178642815
35,0,147536,76,3,0.6035917571986025,0.1068045330784265
39,1,194586,50,0,0.5152874314242405,1.22811070936187
50,0,72823,23,1,-0.8312251021853431,-1.3051552453779915
33,0,187427,83,3,0.6935685227615604,0.7220725502130219
37,1,86544,50,0,0.929757976965374,-0.358306800609774
52,0,187010,95,3,0.4663244831351733,1.263971254360377
78,0,91514,73,2,-0.4528425361893613,0.1710460112615671
49,1,169529,79,0,1.0242845514184555,1.4402065003778228
31,1,192704,71,0,1.2447152464269255,1.2943305290644298
22,0,143564,19,3,-0.4007335971133889,-0.9312161886304847
82,0,81799,77,2,-0.4331438958698402,0.16582611403441266
82,1,127846,28,4,-0.9626196227245811,0.9029942124141365
44,1,180998,57,0,0.5928480394603034,1.2257978717351998
54,1,161673,44,4,0.07212275185105708,0.997826198529177
64,0,126216,91,2,0.24587963594042855,0.5970335642777442
33,0,149389,76,3,0.6518786889712607,0.09132292812213752
87,1,127569,25,4,-1.170037346510722,0.9666734544668732
48,0,102154,46,1,-0.32106200539929586,-0.6419818456554407
31,1,74330,78,0,1.807589041241428,-0.31081071535600757
18,1,136812,43,0,1.1112045964761255,-0.12544787321278272
73,1,60491,99,4,1.215325172210245,0.6337356851769086
19,0,151267,44,3,0.2568522144355228,-0.5733400609489393
67,0,34006,42,1,-0.7076171653151748,-1.2671490222038453
33,0,167094,59,3,0.1838218969478745,0.13312575990067374
79,0,29862,92,2,0.18254526007529454,-0.45313151423660336
32,1,138114,38,0,0.6053244642064511,0.12481065439391717
90,1,59942,3,4,-1.5557617086826758,-0.21052297624531802
49,0,121484,75,2,0.28510828581536024,0.015755726851252004
34,1,70128,20,0,0.3442767906569924,-1.0287878173585083
27,0,131480,3,1,-0.8816207314530876,-1.197889800996916
89,0,165180,57,3,-1.3828432488634208,1.2560684676977305
72,1,57032,77,4,0.7247078765894811,0.2898731162027003
89,1,112898,18,4,-1.3440502441928934,0.7119223264035481
55,1,95754,85,0,1.251102500469812,0.5860839850191734
23,1,65730,15,0,0.5381566942565212,-1.3846353434111909
77,1,177364,31,4,-0.9192789481724679,1.5432091866484108
57,0,65758,54,2,-0.25236261011025735,-0.8739635752310755
53,0,38434,4,1,-1.2555152211853409,-1.9699323114103735
84,1,195236,95,4,0.3705510802733444,2.7410196460016425
71,1,168018,78,4,0.4061820393202654,1.8678484342174495
65,1,191419,43,4,-0.3505944642507756,1.641448112671897
43,1,90764,28,0,0.22293856948992563,-0.4455039157877241
51,1,165010,14,0,-0.5791778522904262,0.6097119585379686
30,1,70070,91,0,2.1618263431836082,-0.23111871711968743
39,1,24489,24,0,0.4564479259879707,-1.5265519963768197
31,1,93186,100,0,2.2741323225807544,0.23216512105701956
45,0,140207,40,3,-0.5105419031668491,-0.23554602747101466
60,1,159556,30,4,-0.42108143641847673,0.9194720858367856
39,0,53511,91,2,1.168908547013751,-0.9669009648860184
76,0,25970,12,1,-1.647789668828119,-1.5660188270137507
19,0,189450,48,3,0.22587155610320447,0.022196195981018223
76,0,159563,69,3,-0.7213785715590624,1.052113492926872
62,1,58542,32,4,-0.09082686891053486,-0.4576835504842303
29,0,167778,8,3,-0.9367192488530868,-0.5749006676736745
89,1,154733,19,4,-1.4593871486265007,1.3223773644839567
32,1,92927,89,0,1.9830777722575328,0.11273197256175939
90,0,42784,78,2,-0.49692410746661086,-0.21157987055074295
87,1,197965,99,4,0.37601546436646516,2.892700233761782
84,0,84573,28,1,-1.6759083532376438,-0.3615565416255195
84,1,80367,92,4,0.6811213375384817,1.061694881965098
40,0,159478,70,3,0.2832714929469656,0.3078667984970613
19,0,187598,65,3,0.641104208456254,0.20701010656754337
80,1,77432,70,4,0.27045004211417106,0.6623678023328141
72,1,150406,12,4,-1.1504846504113437,0.8167773035225286
59,0,135279,8,1,-1.6453489207051024,-0.4099197117350207
67,0,148470,67,3,-0.48746412772995645,0.6798178827500192
18,1,52316,70,0,2.0424416372818874,-0.9977329998781621
69,0,172882,77,3,-0.3826448119290225,1.1950416031848947
26,1,37110,92,0,2.404638258976141,-0.7737893119884863
64,0,69601,60,2,-0.31140803095940717,-0.5975610377682657
22,1,40750,67,0,1.899870923073679,-1.1164136744371975
82,0,58771,96,2,0.10077467434759822,0.07278904798372092
32,1,99768,73,0,1.575283605005552,0.01166392897237426
25,1,165471,14,0,0.12728365368485167,0.07069165497155844
36,1,66093,49,0,1.0010714490763966,-0.6840651210186236
18,1,185930,81,0,1.8619103000230561,1.0489789621905552
88,0,150127,11,3,-2.4123265897502812,0.4481820700921345
70,1,42008,53,4,0.2517323668226802,-0.26515217166584526
64,0,120398,38,1,-1.0100436481631097,-0.14485555481249085
58,1,124852,69,4,0.6874532479378018,0.8661321273429234
30,1,38160,14,0,0.4153461273534006,-1.6442788439751432
29,0,183423,93,3,1.056457499413787,0.705182886936984
49,0,182973,7,3,-1.5560268462431182,0.04958152296127219
21,0,72101,84,2,1.428679468951575,-1.1658902561954647
66,1,32205,2,4,-0.8338648092108668,-1.1230890122334691
75,0,50172,35,1,-1.1477667926773705,-0.9551788605910893
86,0,160365,49,3,-1.4776066043271272,1.0248539285114258
73,0,35219,42,1,-0.8750430949198789,-1.1238992758206787
50,1,106503,25,0,-0.09230778491257781,-0.11090784709691676
63,1,99277,51,4,0.2033948901102713,0.38174886538715336
41,1,113228,55,0,0.8522331313366188,0.16922136922875236
63,0,167831,77,3,-0.20243019576311538,0.9969281050072973
46,0,20805,11,1,-0.8377213759314429,-2.2818308739941027
51,0,92350,60,2,-0.03321168087131251,-0.5451719204574422
23,1,173806,76,0,1.645843343185087,0.9184493383824693
89,1,176239,79,4,-0.08730109049220212,2.3755255239544137
76,1,55527,85,4,0.8132995694414413,0.4517290192784934
59,0,161482,53,3,-0.6498505141742793,0.5239408877274355
41,1,74770,90,0,1.8225654698675735,0.054473617178502784
62,1,144721,55,4,0.1754503670176066,1.0600952410848807
85,0,41079,5,1,-2.1116479200765816,-1.2481733448429053
35,0,35413,94,2,1.4103233462015126,-1.2722636288444353
38,1,22820,85,0,1.9570490477747733,-0.8132439968730047
49,1,27352,43,0,0.6317877350113066,-1.0396302147995333
64,0,49625,69,2,-0.028283546750889097,-0.771257204352959
42,0,49967,39,1,-0.15222157155578203,-1.6008997897451123
65,0,60507,59,2,-0.3323988302441519,-0.7190023803171198
81,1,182261,9,4,-1.5738928476907934,1.4237196869127517
77,0,76187,21,1,-1.6257875441717662,-0.7153294293318694
27,1,31464,52,0,1.4337229544644388,-1.3306615032305635
48,1,81011,98,0,1.8036545085728073,0.390012693585623
40,0,114260,13,1,-0.9376159396129505,-1.046955447229703
90,1,149798,37,4,-1.0370497949787016,1.4965338751223418
63,1,73406,7,4,-0.7691473363440995,-0.534937126095011
49,0,94595,16,1,-1.0449785115501262,-1.1019130673447943
53,1,112142,66,0,0.7937705793164068,0.5422330250635248
45,1,59331,73,0,1.3560258395695053,-0.2935730366291957
44,1,61049,5,0,-0.25871431473484263,-1.1351515590323489
52,1,143726,87,0,1.2210708368276846,1.2337403849414408
40,1,111650,15,0,-0.07777589297435462,-0.3714692664108168
41,0,123433,87,2,0.7852087360807681,0.024880865634315567
84,1,115240,4,4,-1.5525749148748453,0.4664739833349517
33,1,176295,21,0,0.041808452225306006,0.4803004709800136
82,0,164264,92,3,-0.346990714836344,1.531084058072155
90,0,81917,5,1,-2.3838785304569465,-0.5594739635181943
46,1,160125,4,0,-0.6673714937736307,0.3106693437424545
43,0,115891,2,1,-1.2894295566224787,-1.0974012526325216
81,0,38550,62,2,-0.6227389195332097,-0.659828801232687
29,1,139987,69,0,1.426711219236937,0.47391987379878986
40,0,109334,93,2,1.0037936788706467,-0.12307541980150334
37,1,151080,37,0,0.40190433031438977,0.4026544156438563
75,0,189233,57,3,-1.0817613091727005,1.3061130999619877
34,1,145685,95,0,1.8971949615470445,0.983443548399054
55,1,153863,26,4,-0.3622080541466217,0.6834514532053568
78,1,95379,6,4,-1.2748866733533086,0.08151071850537568
86,1,110672,80,4,0.2369306696282256,1.38772676628928
74,0,54931,7,1,-1.8101421405624476,-1.2561383463837004
46,0,30666,13,1,-0.822454547384422,-2.1160116410315966
83,1,31400,10,4,-1.101604409431277,-0.6784215709636534
38,1,55579,52,0,1.0538313655376657,-0.7551053542055688
68,0,165854,94,3,0.07706558451247762,1.284880202349682
79,0,101285,31,1,-1.5232540644784365,-0.1902994207961658
48,1,112481,13,0,-0.3465151962680844,-0.21656756092222432
34,1,113910,15,0,0.07807757482027687,-0.46507289242346317
63,0,148155,1,1,-1.9656131547715445,-0.2289197448065555
46,1,134682,61,0,0.7889670542373453,0.6554010304420564
50,1,168003,66,0,0.6893269108736488,1.2778043229120666
71,1,57016,17,4,-0.6917548188636208,-0.47706306825117284
85,0,89644,98,2,-0.035665089741143186,0.6019273404956139
75,1,65060,13,4,-0.9237309021538862,-0.32784984159703223
30,1,27341,44,0,1.173269705273669,-1.4260739288333102
75,0,33113,96,2,0.376885018532629,-0.4408840643617987
65,1,47669,72,4,0.8262090590044425,-0.05300845462974098
18,1,155478,97,0,2.3483792141214583,0.812530579615715
49,1,77732,95,0,1.7151625267719386,0.3268386665707431
78,1,102785,29,4,-0.7461281433955562,0.47323887951099847
25,0,69128,18,1,-0.258458196048796,-1.944743601490531
43,0,162351,85,3,0.5529429439823417,0.5983216328484219
74,1,87306,22,4,-0.7540646211283877,0.08102743171295487
43,1,29109,16,0,0.1396312513737296,-1.4759992714096435
76,0,127749,38,3,-1.3613062112062657,0.21204622497509568
44,1,53425,60,0,1.0901242509995397,-0.5605568099148898
25,1,123290,51,0,1.1581463742405191,-0.0724185223693229
36,0,143345,61,3,0.22938933383517066,-0.11855091645543184
66,1,32120,57,4,0.48985288419810924,-0.4407251581711922
59,1,126119,54,4,0.29506409939171074,0.7187981361972884
88,0,183223,88,3,-0.6697982713305963,1.878295925355145
60,1,69588,51,4,0.3840143105968827,-0.1056068732451603
30,1,188396,2,0,-0.3740079818362382,0.3541823484679863
61,1,94917,73,4,0.8017580848279877,0.5508847347452526
45,0,40547,40,1,-0.17846256426911722,-1.6601738294076838
41,1,179983,11,0,-0.42895028360602494,0.5766129894482328
20,0,189858,96,3,1.3522787221157317,0.6455914822358546
52,0,28486,12,1,-1.0026370297691112,-2.0336931321865
86,1,68918,51,4,-0.32175078175377514,0.4304258002730382
21,1,65904,36,0,1.0973496002977814,-1.1631151929683239
81,1,173605,92,4,0.45213292245734815,2.331565932502651
31,1,191313,14,0,-0.12220912357901595,0.566010015983445
81,0,47985,66,2,-0.5579277171929212,-0.47524177217825997
56,0,144568,17,3,-1.3780469721144972,-0.22823122526655312
23,0,195994,80,3,0.8651416688589544,0.59740057591351
64,0,108519,29,1,-1.1870233667626848,-0.42652281016932464
90,1,146966,78,4,-0.04105298771375854,1.9656277855067035
44,1,37623,38,0,0.6134046672219866,-1.0598760809344332
18,0,151485,62,3,0.7164804952567172,-0.36749204924244994
77,1,70558,14,4,-0.9724498224204629,-0.19485786163462868
29,0,62771,93,2,1.4584847560532526,-1.0195230488372784
59,0,157713,41,3,-0.9260410814519655,0.32091899129582346
60,1,168246,17,4,-0.7628493640238788,0.8821213993515514
46,1,179885,49,0,0.34959577870660147,1.1524280274124368
34,1,194596,23,0,0.0017214884984238523,0.7877535056865661
76,1,53986,52,4,0.024373692584548523,0.019553256904510936
28,0,115664,22,1,-0.39896410694958384,-1.166847178696881
71,1,176045,11,4,-1.232748709203356,1.1498700305877017
53,0,195010,8,3,-1.6809958711905386,0.3180177459880576
85,1,109674,4,4,-1.561258997931393,0.4078936872069836
34,1,57524,91,0,2.0947084434738925,-0.3265222518300291
29,0,51953,37,1,0.1470347506341286,-1.8701726938446532
21,1,88923,6,0,0.29877412658629954,-1.2069225646260373
42,1,141941,56,0,0.7533896622561697,0.613083993265946
67,1,43843,18,4,-0.5148756130727884,-0.7368808604215886
66,1,99424,81,4,0.8430863790930176,0.8196664694356299
89,1,126557,63,4,-0.30675369169444877,1.4664679434508574
35,0,20594,39,1,0.13626760810993377,-2.1676783835696076
50,0,61258,68,2,0.29012091092273823,-0.9111836969244068
36,1,169152,72,0,1.2111024554180068,1.0750112553055644
53,1,53397,47,0,0.5323296709460907,-0.533665181289629
30,0,172046,5,3,-1.0503587599602087,-0.5301912306988289
52,0,89469,77,2,0.3582190481625064,-0.35408243265565154
19,0,129406,5,1,-0.6087395997603022,-1.37056004308803
59,1,87812,14,4,-0.5397900712101068,-0.3259441601272669
84,0,25404,70,2,-0.46812730994606166,-0.6853646127446018
77,0,185285,10,3,-2.254002348820885,0.7074976720516797
75,0,197593,1,3,-2.4571147619265696,0.7296106753594035
37,0,169376,67,3,0.2597948414915295,0.3491163758596115
30,0,113931,60,2,0.466722008265498,-0.6773592986351964
79,0,189531,80,3,-0.6382407616552063,1.680173287033223
79,1,139893,49,4,-0.4157583309017881,1.2732524710140158
30,0,102177,50,1,0.2652633295586026,-0.9696684015319744
41,1,140817,100,0,1.8431132159357517,1.1228946732214538
52,0,37708,78,2,0.5547554911448344,-1.081571040471937
72,0,42096,96,2,0.42864459360630547,-0.3754281799106798
31,0,146446,12,1,-0.8238499852602809,-0.7881542117203222
52,0,43098,89,2,0.8014822428968679,-0.8678058501825442
57,1,88037,6,4,-0.6785780020878699,-0.46412749165526307
28,0,93851,74,2,0.9249666120942504,-0.8323686134535759
57,1,136826,3,4,-0.9133362662488309,0.19601931574459008
71,0,122918,57,3,-0.7518688886440597,0.2742080546148571
26,1,109450,88,0,2.067342730543518,0.21058752112215923
27,1,110046,91,0,2.110313442334574,0.27737840218416254
30,1,83713,30,0,0.6485570627951489,-0.7942448255245314
47,1,132027,63,0,0.8187080518383867,0.6632905470131001
89,1,37541,3,4,-1.4538881527086804,-0.5517276062337739
51,0,153503,67,3,-0.06854386111493883,0.4160038670133951
24,1,35667,44,0,1.3089105173412925,-1.432964809044754
43,0,42869,29,1,-0.39642529059609255,-1.8056669191391477
67,0,139270,85,2,-0.023684593687624853,0.7720217182055218
36,1,196138,20,0,-0.1300653338658232,0.8144801074756485
41,1,140517,70,0,1.1222395092697866,0.7457449805386431
54,0,139377,53,3,-0.44004055656906244,0.10302750493452884
77,1,116321,1,4,-1.437749531392066,0.2977455608626592
70,1,62410,86,4,0.9778110792108782,0.4366393339584635
73,1,71087,87,4,0.891268663699708,0.6360597487575406
72,0,118485,63,2,-0.6199535979234777,0.30639610392168554
28,0,111520,89,2,1.2270280094955717,-0.39336175364509746
59,1,26537,3,1,-0.6003011511349304,-1.3385787534994487
83,1,57331,15,4,-1.0676974568152877,-0.2455974836930894
58,1,167554,7,4,-0.9467066280352705,0.7059722470677676
32,1,20254,54,0,1.383047551035868,-1.361124652841573
51,1,30908,11,0,-0.2045208809472222,-1.3445462443371066
89,0,164722,21,3,-2.247565148847207,0.8020879381782393
51,1,172919,32,0,-0.17240760391136245,0.9464869064090287
65,1,119988,3,4,-1.0750754056568428,0.1232021909073432
74,1,168815,37,4,-0.6647259308837109,1.4326194698842365
22,0,199844,59,3,0.3742323338937172,0.37044799695965136
53,1,25800,91,0,1.683033828889363,-0.3812978664475392
84,0,48440,3,1,-2.157069886660693,-1.1887911532470419
78,0,72640,78,2,-0.269639830218838,-0.03661202735360495
78,1,105524,2,4,-1.4049408363158888,0.17681745186234726
60,1,193472,77,4,0.5968411980167054,1.9884465147040522
63,1,76263,60,4,0.4966423627953227,0.16462485149879152
26,0,60083,64,2,0.8513226353935288,-1.481335236907912
66,0,91958,95,2,0.4018199163362859,0.19900439342161053
42,0,103616,43,1,-0.23473683810997792,-0.7842789092474995
38,0,192064,42,3,-0.444596153210105,0.38370594616848275
76,1,134588,19,4,-1.0382627314836266,0.7616018727613514
27,0,62238,6,1,-0.578710563634939,-2.150409801583712
19,0,83366,84,2,1.4456044627580937,-1.0468284448179395
47,0,26284,44,1,-0.08914807537697403,-1.7723768623978362
86,0,140935,59,3,-1.1722390142798056,0.8713914743583032
23,1,36045,91,0,2.465816557211679,-0.8643970955579633
78,0,25103,61,2,-0.5203022791921961,-0.9274357965579321
76,1,142986,84,4,0.4978130136759383,1.689516275233804
18,0,64650,27,1,0.1636397943789185,-2.043792773893496
49,0,58797,97,2,1.0233628408024664,-0.6069158865984723
68,1,155941,25,4,-0.7471934569514262,0.9735326292680909
86,1,167263,51,4,-0.6494483794248311,1.8362558342030173
68,0,70664,30,1,-1.1457461306596775,-0.871286770708908
21,0,69810,41,1,0.40162823623315447,-1.733074255195795
32,1,23992,68,0,1.7074663036775164,-1.133688482475726
32,0,79773,85,2,1.127640416814173,-0.8129561214808425
79,1,189170,28,4,-1.0852666769630277,1.716658443053969
45,1,198667,63,0,0.6511167563466727,1.5739313723605537
75,0,192837,18,3,-2.032205625526169,0.8729122526444628
58,1,74376,60,4,0.6390834655557236,0.03272536494866609
61,1,74052,14,4,-0.5484014191150618,-0.4806716986353562
70,1,95052,15,4,-0.8393896463817871,0.020814586162344002
20,1,189657,58,0,1.2415938941332443,0.8583657257875146
50,0,112825,96,2,0.7920417983920683,0.17396422493501792
38,0,141650,33,3,-0.49317252719374505,-0.4488145336277406
33,0,91399,67,2,0.628546475849443,-0.8494955672016015
86,1,165861,64,4,-0.3319649613707703,1.977787610599093
39,0,25673,60,2,0.5157323878857392,-1.750131787518708
41,1,102346,51,0,0.7922435104069767,-0.03605035207334029
86,1,175864,29,4,-1.2074817511526286,1.6857745347935538
34,1,172338,32,0,0.2924498764934623,0.5814364215419744
45,0,155114,68,3,0.11353459903247153,0.3255515710992439
31,0,148434,25,3,-0.517662462840008,-0.598162790044643
70,0,167537,55,3,-0.9214390792764521,0.8661889081067312
75,1,59926,67,4,0.3927482335103712,0.2699104526312977
25,0,87063,30,1,-0.02947047760539898,-1.5392204262887517
48,0,121304,90,2,0.6738754170889063,0.17862825322370982
56,0,199929,91,3,0.21810430214145166,1.4828720240050983
51,1,130702,71,0,0.9066999626212963,0.8277195285993147
35,0,131224,85,2,0.8745073441793333,-0.014515190938577113
62,1,102780,98,4,1.3498880468374166,0.9949880807909829
63,0,146794,55,3,-0.661706117699111,0.4227751339763305
72,0,151788,25,3,-1.6452961787661133,0.3101676235597104
63,1,141277,57,4,0.20782040935465362,1.0567060968519104
47,1,62244,82,0,1.508420014491742,-0.09810366211956016
21,0,150414,3,1,-0.781327075988185,-1.0531405876608566
39,1,131096,26,0,0.14934522091066915,0.022239756414755084
90,1,176216,76,4,-0.18664246349767674,2.3588956282169353
63,0,145975,92,2,0.23133334763391972,0.8709298085690685
77,0,74636,92,2,0.08781415748281571,0.1449374516170996
74,1,75736,4,4,-1.1486359686474814,-0.30808107408395463
44,1,93599,16,0,-0.1024880129573464,-0.5331374112815882
35,1,107838,56,0,1.0576397818474952,-0.02130938586017929
50,0,74274,53,2,-0.11418666863869643,-0.9115521451090974
54,0,97746,63,2,-0.06069651254954996,-0.367795593717851
76,1,170937,13,4,-1.3037567247727448,1.206634242479979
19,0,190828,8,3,-0.7412179001112609,-0.45525376319867733
38,0,64886,81,2,0.917611882037085,-0.9495687834407633
82,1,190851,76,4,-0.017562657989005533,2.4002211310627466
46,0,44358,34,1,-0.3627666296901431,-1.6592832757230633
50,0,77240,9,1,-1.1828173146775933,-1.4160166643411338
75,1,193544,63,4,-0.14873310396274128,2.130248979973081
78,1,27270,79,4,0.7086193342637643,0.015196350817429509
89,1,98776,85,4,0.31518979161330546,1.3427734326943037
18,1,77950,1,0,0.29671731647411,-1.4888788557801045
74,0,33349,92,2,0.3070795359519264,-0.5082103123700353
63,1,171624,82,4,0.7082616041750768,1.8012305292439972
74,1,135680,66,4,0.14349485032682927,1.3193911216396392
65,0,125759,16,1,-1.584511620128632,-0.3206672580430323
22,1,80538,90,0,2.3207286588092124,-0.26178868940675837
74,1,188696,78,4,0.2555883756348527,2.226393003641943
50,1,86503,65,0,0.9368324584677871,0.1003428452990677
66,0,27965,51,2,-0.4436951321383604,-1.2626310368065872
69,0,182211,97,3,0.06751871191293357,1.5769726967603088
34,1,192137,1,0,-0.5194586072088146,0.47917082669231864
44,1,181602,18,0,-0.3475999090756534,0.7497123825773178
55,1,174671,8,4,-0.8646668673975113,0.7571825919108102
84,0,100580,41,1,-1.4164338576286022,0.028834811370149312
80,0,72354,57,2,-0.8284595385282447,-0.2597332044251784
75,1,35220,30,4,-0.41523880230866594,-0.5431210496198138
53,1,169594,96,0,1.3242068148135664,1.736363734566369
62,1,41169,45,4,0.2798738792813513,-0.5444553123656037
86,1,121956,74,4,0.05495632945441581,1.4744579534317221
24,0,144183,5,1,-0.7941317629099441,-1.0543995454305028
70,0,64108,78,2,-0.023364740300737315,-0.3264560236796461
70,0,125959,15,1,-1.745393876834576,-0.225311942704427
73,1,53760,85,4,0.9008794625278674,0.3635149371349986
89,1,102897,57,4,-0.3722903395298848,1.0536788224368179
34,0,144092,32,3,-0.4164493054562409,-0.5102751802523483
86,1,110239,61,4,-0.21881297213366718,1.1453916382677642
72,0,189609,49,3,-1.1938217130833078,1.1491032860401147
34,1,91418,8,0,-0.015413437000367423,-0.873594300497616
75,1,49367,42,4,-0.1736290034343578,-0.19174688218179234
27,1,186366,18,0,0.09944737600097181,0.4610680345891665
58,1,35397,12,4,-0.3860310769076955,-1.121052752081136
71,1,141087,71,4,0.3274823197469323,1.3958720511001814
47,1,127726,41,0,0.3036657259711004,0.328376697928873
24,1,184336,47,0,0.8857145159988586,0.7295269197264826
24,0,138878,7,1,-0.7283299629227971,-1.1053764718516164
57,1,133938,34,4,-0.15777730793386632,0.54002563664834
69,1,49332,31,4,-0.2748152068568259,-0.454873042985196
85,0,36989,20,1,-1.7370828668948497,-1.1202087923025383
66,1,175112,51,4,-0.1309886601453019,1.528756164807843
70,1,85351,50,4,0.03512084237310833,0.31714471591314597
56,1,59125,66,4,0.888737691068164,-0.15268363232035834
81,1,65901,74,4,0.37789184952780436,0.5682333738121056
77,1,31070,98,4,1.1803743966924407,0.2846773324979313
33,1,29761,63,0,1.5407003869758518,-1.0923798449333402
35,1,110275,24,0,0.2795211660461727,-0.3841914055372222
33,0,157711,77,3,0.6482112094270743,0.22271363220391455
22,0,159699,56,3,0.43581306156027855,-0.24070610811727405
88,0,119743,24,1,-1.998271594333848,0.1754196165491317
61,1,56613,85,4,1.2181410465010611,0.1524781191270806
78,0,54573,72,2,-0.35381303978872125,-0.369449881096605
83,1,173694,45,4,-0.7335598961506015,1.7906589376288509
49,1,25850,56,0,0.949604365325951,-0.8995279264648032
64,0,137746,83,2,0.014960704042401754,0.6624238768178441
26,0,36617,27,1,0.03920376754325372,-2.2766410871983425
43,0,46724,64,2,0.4329149441140742,-1.3155553877923847
47,1,29524,73,0,1.400885063120419,-0.6776905243413561
34,0,181487,12,3,-1.0223029259333327,-0.22429227204481117
62,1,149996,76,4,0.6631847606852169,1.3965035962699848
83,0,141849,55,3,-1.1898423210259912,0.7717871366729709
23,0,145036,18,3,-0.4569316038514091,-0.9016178226176003
26,1,70328,30,0,0.8020802337968285,-1.0695218400016246
22,0,158702,93,3,1.3294456447171483,0.20490407772626953
86,0,161795,16,3,-2.2764322174459624,0.6351482564400103
75,0,92610,66,2,-0.5432396235945812,0.03675721899800582
77,1,110646,43,4,-0.4082170547771374,0.7386278332796014
41,1,180634,45,0,0.3870036271516535,1.0084950156928687
90,0,89325,65,2,-0.9648162078255554,0.2921449690638109
54,1,181298,35,4,-0.2098321573228122,1.1665048620185485
56,0,158331,43,3,-0.7982834112172801,0.2916556146486642
73,1,39626,39,4,-0.15889677651439504,-0.41024945582032596
26,0,139542,1,1,-0.9293785159838907,-1.1284868980910225
58,0,114392,90,2,0.4246002737340802,0.2896721320886081
74,0,121217,84,2,-0.1782069714304978,0.6484225964397963
30,1,163177,55,0,0.985334391584668,0.6524012579584982
33,0,156307,66,3,0.3882026169681738,0.06592783603974321
81,1,106952,54,4,-0.24014401119622797,0.9064783655424248
37,0,135736,42,3,-0.2296736735878719,-0.442481098392574
60,1,47636,24,4,-0.1925249430627246,-0.7549831981205654
31,1,132124,26,0,0.3637652187169666,-0.13094518124668092
58,1,58085,38,4,0.16399328973242497,-0.4735841026908556
35,0,34055,43,1,0.18766368483912185,-1.925540165165421
25,1,94854,19,0,0.4829003796492075,-0.8766263912254828
21,1,23783,43,0,1.4061390500493824,-1.678228905971173
76,0,46497,22,1,-1.4755637017422332,-1.1483007364951545
53,1,160262,52,0,0.2965546125812549,1.0561007735500942
31,0,64246,63,2,0.6772351768006518,-1.3293293096981946
56,1,110555,11,4,-0.6060678375375212,-0.10107684128492028
52,0,85535,99,2,0.9007014036888616,-0.1368869254232051
32,0,107445,36,1,-0.14362587423248974,-1.0263948583600524
46,0,74801,17,1,-0.8732679994666832,-1.4353922546903701
37,1,59338,61,0,1.285098597177276,-0.6104975387964767
78,0,102653,49,1,-1.0674577246539547,0.031987703615793894
34,1,199104,91,0,1.6229465249394668,1.6973469454225663
42,0,32595,91,2,1.1569111909955294,-1.2029376596974648
25,0,160939,100,3,1.4087367674771125,0.38683770707446785
21,1,119951,78,0,1.927881050646903,0.13148593944522424
71,0,81565,78,2,-0.10876428211147393,-0.05592528344409895
53,0,69089,22,1,-0.9245374335986494,-1.3080060091057244
68,0,117794,7,1,-1.8562252990493655,-0.483429322579289
35,0,169897,9,3,-1.0831016367570887,-0.40627105183809414
18,0,142765,2,1,-0.6982100825158152,-1.2378658651893046
31,0,113776,6,1,-0.8593642084171239,-1.3297402070615678
68,1,122630,12,4,-0.9490089029890616,0.33578266213724134
69,0,149905,43,3,-1.1242057533887804,0.44401207236431994
58,0,188905,33,3,-1.1952455305453253,0.6463902370911168
72,0,162029,85,3,-0.23567375947705926,1.2022839529196265
51,0,194002,59,3,-0.39599105278146246,0.8955025760445983
20,0,130428,87,2,1.3337447655463195,-0.31581164117125576
83,0,134078,78,2,-0.6105121662794482,0.9465618946082262
47,1,122945,99,0,1.7152184014818594,0.9808979154802548
60,0,90526,26,1,-1.0903331091380792,-0.8049567573630844
31,0,196047,77,3,0.5749323121709753,0.7287521566682107
40,1,47634,12,0,0.06334593341614571,-1.323856466611465
21,1,92523,41,0,1.1289640525609546,-0.7204562278357047
86,0,76216,97,2,-0.04221446965218944,0.41853198536805686
43,0,80044,71,2,0.4903257323587137,-0.752249012435769
25,0,184370,60,3,0.3681640114361203,0.22463275006323868
30,1,135739,79,0,1.654259846401801,0.5584673064856103
50,1,58093,88,0,1.5849342916762035,-0.019914437746721803
50,0,165504,44,3,-0.6347382170035359,0.2807114447065355
45,1,97779,18,0,-0.09552207336720203,-0.4275423857175973
77,0,43020,100,2,0.3856621040416879,-0.20757983292480578
61,1,83995,19,4,-0.461220490276948,-0.27639416261266947
80,1,143615,14,4,-1.2975767360770205,0.9124382594418899
78,0,54295,14,1,-1.74850850703655,-1.0942888996714426
26,1,59024,72,0,1.8503692285600146,-0.7091054505578063
72,1,161619,97,4,0.8574600652446004,2.033505947254366
21,0,128580,61,3,0.6870482863199152,-0.6443899692106791
49,1,165478,74,0,0.9174707561867492,1.3201544009295978
29,1,163339,22,0,0.21796458741067187,0.22358466790271705
83,0,138454,19,1,-2.0447777769164337,0.2758225427917702
76,1,60232,84,4,0.773559487799387,0.5065577249481613
51,1,141914,27,0,-0.18940736642533385,0.4411305949058071
46,0,119368,28,1,-0.7570838150435322,-0.6615965266077517
34,1,79037,13,0,0.14615379689045543,-0.9884356792896414
32,0,117748,9,1,-0.8276427425433748,-1.2146898090485494
62,1,51146,5,4,-0.7158684992207078,-0.8989835931502218
50,1,179691,50,0,0.2653819453511754,1.2460235656560854
68,1,53095,100,4,1.4001853831877935,0.4355144089438995
84,1,186731,57,4,-0.5154821186644513,2.147150796952448
20,0,191467,10,3,-0.722452914373847,-0.40027690988692155
86,0,73202,70,2,-0.6818574612211409,0.039872109550213905
29,1,121587,65,0,1.3917724960579785,0.16117924004476178
29,0,167546,50,3,0.0746764844182703,-0.05621136007771064
40,1,174623,69,0,1.0117623683741508,1.1998724617579177
89,1,154321,78,4,-0.038330071999053694,2.0497816230521377
77,0,150741,73,3,-0.6229634842846421,0.9967038959880061
83,0,196056,74,3,-0.9132802402703862,1.7828151748022776
86,1,49136,17,4,-1.0739578549391828,-0.27493158698755593
35,1,50086,23,0,0.4560158487873152,-1.2570146823969364
27,1,49330,18,0,0.5560681294144734,-1.4978452251559005
71,1,59179,40,4,-0.14552597008346407,-0.16028296630188119
50,1,85933,35,0,0.216858424905398,-0.280666465149375
71,1,189806,51,4,-0.31610425711865936,1.8437301873744536
87,0,124501,75,2,-0.7597104723506662,0.8563137375893474
89,1,164485,83,4,0.048114457743170094,2.2572183276903974
75,1,79830,6,4,-1.141383466513235,-0.20371540825272066
56,0,49328,44,1,-0.41100960603162096,-1.254100549242865
39,1,21407,81,0,1.8382768804098215,-0.8621724842798082
78,0,94998,19,1,-1.7638236695539873,-0.45030083597895926
72,0,43793,25,1,-1.2854435979487286,-1.2336080082900847
86,1,134904,14,4,-1.4319346809413964,0.9138256106171546
87,0,33592,48,1,-1.10647654747956,-0.7787946697478969
57,0,92082,39,1,-0.7010140773101731,-0.6840957522119411
31,0,68879,14,1,-0.5172623415301284,-1.872107801030735
85,0,51059,67,2,-0.6530309272242231,-0.3349305640898487
18,1,98373,60,0,1.6483496186089395,-0.4636407596306416
77,1,138717,36,4,-0.6701901819167263,1.0528984736634437
21,0,141726,38,3,0.08980797256699734,-0.7423297438486276
80,0,23897,96,2,0.271440473064838,-0.4677006372628355
53,1,122639,19,4,-0.37214161641182136,0.10813712888152115
79,0,65904,21,1,-1.645984682377217,-0.8203536679469845
58,0,79966,44,1,-0.5675605333905346,-0.7741639782748935
63,0,67595,52,2,-0.46999267378418497,-0.7466512385783661
90,0,38788,6,1,-2.216104969808205,-1.1635691618791584
76,0,57541,9,1,-1.8251754459617757,-1.1520012740163215
27,0,63285,45,1,0.3562360504787807,-1.65072346453302
45,1,120290,7,0,-0.4352183779446983,-0.24246611201105378
48,0,176570,24,3,-1.0983990264302663,0.14835442250946715
33,1,157631,22,0,0.12806163332224124,0.2259295268271632
47,1,121010,52,0,0.5907311539893988,0.36908806351181056
74,0,182315,42,3,-1.3924156792287397,0.999805492262228
81,0,73818,28,1,-1.5583793421699534,-0.5782530107227248
55,1,97390,92,0,1.414088261357796,0.6964713630191623
71,1,189470,83,4,0.4550135690877993,2.23664575122036
67,1,198187,65,4,0.10176616018663584,2.053597450962527
24,0,84614,8,1,-0.5234532170580585,-1.868645165843373
54,0,34297,71,2,0.34322289292093666,-1.1753618128277874
21,0,41802,52,2,0.7596412187749378,-1.9967294876344865
38,1,89221,77,0,1.5432932163718551,0.03652070980784369
42,0,140543,8,1,-1.199967696931396,-0.6914166194164457
46,1,150955,72,0,0.999430315670053,1.024737406447652
83,0,153152,48,3,-1.3959424163109024,0.846361218930443
86,1,134432,30,4,-1.0453628025659925,1.1059377488336184
79,1,165252,38,4,-0.7649445206607088,1.4990405647076719
27,1,170276,42,0,0.7305599034870648,0.5293523883177369
57,0,71548,83,2,0.42615529866807117,-0.43076369559703687
51,0,195477,38,3,-0.9062172740384737,0.6555846650002983
19,0,179839,71,3,0.8113328164444878,0.17066837358752102
42,1,24861,17,0,0.2050792304655538,-1.5452802260054719
20,1,132064,69,0,1.69818772396872,0.1717964503998329
38,1,126345,95,0,1.8527155028213862,0.7909205948009166
83,0,171625,10,3,-2.371869618908973,0.6381396590709683
39,1,190939,7,0,-0.5072454430406648,0.6415428522496982
23,0,103527,60,2,0.6920041542210886,-0.9729783021031124
59,0,181811,33,3,-1.1988381302601538,0.5659673633857933
72,0,127005,89,2,-0.022719718203856206,0.7513348847805716
36,1,147736,46,0,0.6568396288232613,0.44572569405559564
35,1,116927,80,0,1.6048527942412143,0.40690576683450974
36,1,156946,72,0,1.2517743439448552,0.900527942537764
55,1,92391,7,4,-0.6145622641708199,-0.4314288925806817
86,0,156836,42,3,-1.6342846571222616,0.8874063415101713
75,1,190088,8,4,-1.460651751224448,1.3972669536585693
21,1,183620,80,0,1.7638530260190377,1.0664841084563788
73,1,20584,82,4,0.9392386277543495,-0.14801814494677656
69,1,102857,9,4,-0.9825408545292521,0.03682887428407712
56,1,127361,56,4,0.42074252512035387,0.6984547650529235
49,1,118586,1,0,-0.6828378196364442,-0.2574567968100991
39,1,164040,31,0,0.15988399769192227,0.555313841427461
42,1,179744,39,0,0.2183638701006681,0.942185335613649
21,1,171186,28,0,0.5540375098573088,0.24244876684416805
28,1,189125,24,0,0.20739804094037312,0.5960648652679448
84,0,86886,21,1,-1.8520526662960788,-0.4154934360829848
33,1,122082,14,0,0.05401570158442234,-0.38166884503346393
36,0,25346,1,1,-0.8211702176940824,-2.5510549909597553
85,1,104180,45,4,-0.5563920802897113,0.8389346253983347
31,0,52532,14,1,-0.4627921332925082,-2.105786214418842
78,0,124908,34,3,-1.502550784970719,0.16368965741879032
87,1,30679,19,4,-0.9915626559207025,-0.4929297738702876
32,0,116094,63,2,0.4772406064525693,-0.567183330285405
40,1,181508,73,0,1.0850704833593243,1.3480075452480411
33,0,182479,46,3,-0.18025459150360734,0.1914792991225037
65,0,135105,24,3,-1.4231540797500617,-0.08763764289669933
50,1,106245,29,0,0.0048016818460903015,-0.06488109582868419
23,0,151865,29,3,-0.21499977652917504,-0.6672822991254495
22,0,60483,65,2,0.9829749410553335,-1.5471286145119378
30,0,31205,57,2,0.6701878486112116,-1.8972037151135395
46,0,153569,43,3,-0.510109068561911,0.013733299502322344
51,1,21903,33,0,0.3548586683133334,-1.1998400766954775
26,1,147065,52,0,1.0757569265876938,0.3008559811986426
33,1,195964,65,0,1.0350165030810785,1.3083296128975457
56,0,134320,30,3,-1.0310875974892009,-0.21315196277707787
31,0,96291,89,2,1.196080872217954,-0.5481034624078401
20,1,63447,56,0,1.6140161986527717,-0.9706485716695682
57,1,94321,39,4,0.09454361724953732,0.035848889468324284
60,0,127990,33,3,-1.046730636972029,-0.18241239674432166
18,1,125705,36,0,0.9797773687880251,-0.3712220655027797
39,1,116003,23,0,0.12744961305579788,-0.23079899953395994
54,1,104176,12,4,-0.5062884276920209,-0.2218051958345238
86,1,31231,49,4,-0.24429796667077103,-0.1331627806393952
42,0,25836,43,1,0.024435658172036755,-1.8961347233618295
87,1,108721,31,4,-0.96285883094636,0.7718157903642768
53,0,119358,64,2,-0.08141722404467502,-0.06741093564979941
31,0,194205,27,3,-0.6220521570685997,0.08098560574693998
86,0,162754,74,3,-0.8840059256927085,1.3697220887126091
59,1,55851,99,4,1.612015705830251,0.27361730799937534
62,0,53573,35,1,-0.8051005344115383,-1.1793670933893432
44,1,198292,50,0,0.3667851976438218,1.3860125837478652
41,0,65824,66,2,0.47185764686703996,-1.0596357715752078
80,1,124874,16,4,-1.187004536757845,0.6693953170984296
77,1,130890,46,4,-0.40348521046493324,1.06529951926821
40,0,65323,39,1,-0.14892829132974306,-1.4233576217779529
48,0,73190,96,2,0.9785718328356988,-0.43458338691218545
63,0,36426,95,2,0.668551381325547,-0.6577739449041543
45,1,60403,38,0,0.5102682367803788,-0.7132536911934788
46,0,163084,75,3,0.22818401785444595,0.5474677322713486
78,1,174674,59,4,-0.26379776195886784,1.8737447804302552
85,0,85905,67,2,-0.7691420715472249,0.16318884576651457
89,1,113407,65,4,-0.21481138986450904,1.3033476786172096
36,1,20200,32,0,0.7449309905390423,-1.551388106494435
51,0,157796,72,3,0.03746356044615489,0.5395153275700754
22,0,118941,22,1,-0.24649940784508878,-1.2459129111256464
19,1,67752,47,0,1.410340085280965,-1.0419524885447962
22,0,194231,24,3,-0.4492500292753878,-0.1447939345055612
51,1,64703,56,0,0.7656800507600852,-0.30215891125731953
33,1,59271,42,0,0.9370581084641958,-0.9315407779795014
29,1,69693,95,0,2.2865630100130088,-0.20777806601096382
63,0,157509,99,3,0.36133775896932785,1.1228079148810097
60,1,93999,87,4,1.1689218778030512,0.6907789316083568
44,1,103649,66,0,1.0671463939335173,0.23196151971490006
67,0,152561,4,1,-2.0170298625506407,-0.04471034050777403
65,0,122892,48,3,-0.8049601916067994,0.03606796297022599
32,0,157585,81,3,0.7721115134824091,0.24964229834661458
79,0,165909,67,3,-0.8723411436207978,1.180926418166114
53,0,75713,65,2,0.08807571186867855,-0.678882292407305
89,1,80758,12,4,-1.3813304923308303,0.17791261778743223
72,1,134071,82,4,0.5883167070663445,1.4532799618655914
49,0,95736,74,2,0.346841333888865,-0.364737566800547
55,1,71500,71,0,0.9950455752095191,0.06537404398773664
50,0,153446,64,3,-0.11331058699054045,0.35691792660204263
45,1,110773,7,0,-0.40350656710494603,-0.3785104908092805
89,0,169051,17,3,-2.358239686734238,0.8142556458873714
26,0,129536,26,1,-0.29447617765012035,-0.9608037830935819
67,1,66690,22,4,-0.4947548391219878,-0.3605708925795375
41,1,117147,3,0,-0.41207258579836525,-0.42104978971167056
40,1,83742,35,0,0.49646588034115985,-0.5218366422385308
61,1,185151,15,4,-0.8945344637193745,1.1199039502552215
84,1,119461,69,4,-0.0025808935906987164,1.3346786694850132
59,0,67143,45,1,-0.5280009579149313,-0.9240535153980599
81,1,192614,59,4,-0.40526807394949843,2.193149966735116
80,1,147822,4,4,-1.552219423695683,0.848289746016426
36,1,166832,77,0,1.3391452037715017,1.103990670365484
78,0,139751,14,1,-2.033258376440971,0.12729441803174815
75,0,163724,66,3,-0.7802001905860854,1.053323358943062
80,0,173946,55,3,-1.215101427863635,1.1676548916234295
88,1,34491,22,4,-0.9593080504300193,-0.3801665567554213
86,1,174907,34,4,-1.0839806859108896,1.7342378721296088
67,1,143862,96,4,1.0287195089780465,1.6623179977521247
59,1,96747,54,4,0.39293520457035996,0.2989289028189636
89,0,149787,84,3,-0.6818658764888246,1.3716024760637544
75,1,80189,5,4,-1.166642143310321,-0.21101225372911708
77,0,126242,7,1,-2.129451168149213,-0.17380108685826962
26,0,20375,38,1,0.35801099550475685,-2.372102754339153
52,0,94822,29,1,-0.8146151536628861,-0.8741399023298804
64,1,156776,36,4,-0.37636617680725526,1.0382446008971753
47,0,192594,63,3,-0.18612693510353254,0.841150177141328
85,0,92315,26,1,-1.7770612134958534,-0.25475798178291426
67,1,50014,92,4,1.2451827721642905,0.27105721147433776
25,1,28858,97,0,2.5796778361080994,-0.8505921380940749
49,0,21186,65,2,0.37868907111971073,-1.5422792850830582
88,0,141544,94,2,-0.38654406455236595,1.3570718419668162
43,1,74693,38,0,0.5171135597042401,-0.5509498659602599
19,0,158701,98,3,1.5314532331896187,0.20407829282926088
49,0,95948,85,2,0.6108218164939234,-0.22499126832761102
32,1,37342,53,0,1.302045795165732,-1.1292824405355237
33,1,63846,26,0,0.536814531037042,-1.0650010210389695
26,1,32132,75,0,2.012164004020959,-1.0562372571648915
76,1,104955,53,4,-0.12139881973077539,0.7605777345081937
47,0,191564,17,3,-1.2895673087726853,0.25470589974468394
72,0,94387,42,1,-1.044967447781415,-0.29908478905043345
53,1,164601,84,0,1.052094765605425,1.515844904263891
21,0,76909,45,1,0.4742232769806787,-1.581880067254393
89,1,188429,21,4,-1.5235414623896086,1.8289150768681013
36,1,150448,69,0,1.2012391422928135,0.7703536854616727
64,0,140031,27,3,-1.3401501038810066,-0.0009199475114633337
65,0,52366,67,2,-0.11277246185730712,-0.7359473424582295
50,1,181111,59,0,0.4772123342852015,1.3781806646768204
70,1,110110,22,4,-0.7211276351093493,0.3230678517560916
54,1,74109,49,0,0.4842089596165354,-0.19174718942404242
62,1,185374,65,4,0.28061403453841377,1.7655120988298207
75,0,159735,67,3,-0.7428459087298104,1.0087297877926262
40,1,199559,45,0,0.35117388431682245,1.258040621935948
52,0,71025,11,1,-1.1684446380804088,-1.4380319133874726
28,0,66067,32,1,0.006923625748027364,-1.751543296316023
22,1,100939,66,0,1.6752513507693554,-0.26844781281073515
35,1,137136,68,0,1.2487645911207645,0.5466465177522599
25,0,40422,38,1,0.3184426111061766,-2.10651829204778
87,1,79762,32,4,-0.842301447622331,0.3702790502959339
29,0,58375,47,1,0.3662603070753478,-1.6540838943788034
55,1,112801,59,4,0.5686762420867518,0.5066224168044254
54,1,133707,21,4,-0.3881273373306832,0.3121952921109725
37,0,100222,5,1,-1.0016471282830208,-1.4100116703138792
43,0,123836,74,2,0.4165927535486642,-0.08896147776158256
38,1,59349,42,0,0.8006448154977541,-0.8255007304591113
25,1,97507,9,0,0.23343581056001597,-0.9629891491242517
19,0,176022,6,3,-0.7400073823724169,-0.6917611807947058
86,0,41990,96,2,0.0477683138736028,-0.08315330612459183
34,1,41824,50,0,1.1604625323403237,-1.060528889742891
70,0,83328,96,2,0.3457158692837021,0.1720083188101745
45,1,67072,18,0,0.00679741549023988,-0.8664952847148811
30,1,74822,91,0,2.1459920965606702,-0.1631894444445615
70,1,155001,88,4,0.7174114045769904,1.7850740400718892
37,1,168979,27,0,0.10163821997660494,0.5342314075777831
61,1,36897,72,4,0.9710253936370695,-0.29093294606388326
41,0,39199,18,1,-0.5944219382688917,-2.036814933506419
53,1,111839,2,4,-0.7452162535558192,-0.25753561122640417
84,1,85271,83,4,0.44821860524514157,1.0199386079438362
35,0,47274,34,1,-0.07294564692175445,-1.8484345068858257
49,1,20184,61,0,1.0887963959185771,-0.9183791819374953
30,0,73663,74,2,0.9377741482996165,-1.0789836445449372
49,1,140505,15,0,-0.41900038809152135,0.2298745979889263
87,1,86632,32,4,-0.8651931299244323,0.46848488011035216
73,0,100868,96,2,0.20557840633540644,0.48569555286965455
62,1,145143,15,4,-0.7884535799856784,0.5689793760387246
67,1,165729,19,4,-0.8969522642262664,1.0178936656463005
49,1,61459,26,0,0.10907746800697918,-0.7633627511991504
68,0,116811,37,1,-1.1310764790801113,-0.12461996172353791
45,1,36255,92,0,1.890104351672024,-0.38729625694933345
57,0,48228,34,1,-0.6751993964617428,-1.373126984717413
57,0,171804,70,3,-0.22072176746341665,0.8408106561691142
45,0,78355,77,2,0.5858670011682413,-0.6598508013591189
26,0,135620,91,2,1.2493100992193515,-0.06596773436065856
47,1,182361,5,0,-0.7446328047360726,0.6619440260463166
26,1,176887,1,0,-0.2507983176246998,0.09329382240510378
80,1,186578,74,4,0.0030119673038300782,2.272311672235196
88,0,70573,69,2,-0.75162111063326,0.03183217953383795
74,1,175675,77,4,0.2749134993038679,2.027830655557553
81,1,170998,71,4,-0.04449157432263575,2.033296318794238
88,1,138602,58,4,-0.4399706549090728,1.5555212329902546
31,1,193109,41,0,0.5214923933238451,0.927258727214103
42,0,43227,92,2,1.1455465082318592,-1.0385257813986128
72,1,96795,9,4,-1.0440335597345791,0.01312833610485299
35,0,132749,15,1,-0.8149452775059065,-0.8627250311668702
18,1,159461,12,0,0.28979956334721274,-0.18697305831409933
75,0,51141,32,1,-1.2231829538271983,-0.9786132441265312
80,1,154378,95,4,0.6156176556251882,2.07301937643117
56,0,182180,99,3,0.46974570452517994,1.3285818489299375
57,0,93714,59,2,-0.22520320577108846,-0.41219235471827015
35,1,105487,96,0,2.02797139335744,0.44223165448262713
43,1,63393,84,0,1.6616390051033652,-0.14076146652748425
76,1,39456,35,4,-0.3362721272396767,-0.3994393878915919
65,0,161702,13,3,-1.7764654372950086,0.15584751299641084
52,1,94952,84,0,1.3114044504600149,0.49923575505103435
69,0,78444,37,1,-1.030463608542594,-0.6520866368533592
85,1,88057,88,4,0.5320168580925947,1.142892692782552
70,1,131238,92,4,0.892842413185861,1.4950996225209223
59,0,95755,8,1,-1.5136501068319943,-0.9749105731011146
24,1,176337,85,0,1.8267410664233907,1.0874730591312582
50,0,107393,10,1,-1.2592283628298109,-0.9725544215870768
38,1,24558,68,0,1.542196257398789,-0.9996875238494635
26,0,166657,43,3,-0.009106339614362573,-0.21887549035897524
38,0,30017,71,2,0.7931752173641158,-1.5723040517174942
69,1,177719,58,4,-0.05293042274949727,1.7159788999830186
23,1,190171,99,0,2.144749386717144,1.4382453348040127
34,0,198461,96,3,0.942382986608793,1.0623604712845
57,0,45627,77,2,0.3681525800444331,-0.8758735416780924
79,1,123737,97,4,0.7930727914344631,1.6388823454211183
88,1,104796,22,4,-1.1935729302334013,0.6248350247733517
54,1,34322,32,0,0.2077225604479393,-0.9717856338741133
42,1,20573,39,0,0.7487411573943754,-1.3331451065101878
89,1,33241,62,4,-0.019875783389738496,0.12009815650930454
32,0,88184,44,1,0.11305369753126428,-1.202298892922753
68,1,128151,36,4,-0.38990687713771544,0.7129936808031321
47,0,39897,40,1,-0.23075803953659754,-1.6274954830734116
42,0,180533,90,3,0.6399011921516005,0.899389680878835
23,0,94356,71,2,0.9872499432367172,-0.9673608684262005
85,1,144166,61,4,-0.30463121830126744,1.609389043473857
40,0,109242,42,1,-0.22308444971073388,-0.7582546372658582
66,1,100441,39,4,-0.17092507042392147,0.31219864312122647
82,1,149707,82,4,0.26390886319510204,1.8866448088026149
57,1,126129,40,4,0.012617906184659312,0.502969159637645
55,0,180178,23,3,-1.3250985119381782,0.3343967097117349
46,0,32540,84,2,0.8797346343451676,-1.2067847939815528
31,0,51663,23,1,-0.24333451571372078,-2.0063500971223
33,1,103943,77,0,1.6303910947719067,0.14204489536654955
48,0,170601,88,3,0.4614868794257705,0.8584655675918227
70,1,172772,3,4,-1.387111552686538,0.9826682160403569
59,1,126220,13,4,-0.691832681036691,0.21066490685758818
88,0,168673,23,3,-2.185374798219051,0.8624394173487333
24,0,46059,76,2,1.2412630151581503,-1.5746321699644754
49,1,95089,5,0,-0.5082931556407261,-0.5436287761178875
54,0,126248,67,3,-0.059418891934758654,0.08935192399327349
90,0,30160,100,2,0.07451439350446928,-0.11860687584919817
34,1,99627,62,0,1.2566051867342045,-0.08509741424399034
45,1,155437,61,0,0.7470395270338321,0.9311062682077536
85,1,114615,18,4,-1.240848788784567,0.6525265989508136
26,1,110519,57,0,1.3178449032485715,-0.1594211876174608
73,1,22723,57,4,0.33055009796070034,-0.42815908573024763
65,0,93194,69,2,-0.2006914740452459,-0.12745854153894196
54,1,66184,92,0,1.545301156876188,0.2294003092292577
57,1,58599,76,4,1.1038841578941025,-0.014930653990267854
52,1,159633,58,0,0.470255863870507,1.1006965299774796
90,0,59055,14,1,-2.091137540407982,-0.7744251555533114
85,0,193187,24,3,-2.161303974555041,1.1623378002240077
40,1,35302,11,0,0.08037522460973923,-1.5125696419531862
23,0,151776,47,3,0.21842078845137428,-0.4448378064007818
46,0,67249,43,1,-0.2224802452260468,-1.2202007950508913
67,0,84892,20,1,-1.4065493414307968,-0.8131712948734733
61,0,58141,74,2,0.14534435348766617,-0.6503334910651934
41,0,94375,6,1,-1.0670244725476496,-1.397225092178077
22,1,136361,91,0,2.158782023365155,0.5486231386946225
51,1,167632,72,0,0.8077071195693203,1.3680581772707388
64,1,77692,71,4,0.7293369747084401,0.34275302904480737
41,1,157947,21,0,-0.11489918204789167,0.3858980764164536
76,0,142742,71,3,-0.6172040476430946,0.8365167213612402
72,0,65312,39,1,-1.020273317361471,-0.7519945657364405
82,0,151755,7,1,-2.350616999595123,0.295829249065283
30,1,77679,33,0,0.7408504249435419,-0.843214012296226
74,0,132028,53,3,-0.9601663371515103,0.41767461463642985
72,1,151873,75,4,0.36056114696609753,1.6207564732298905
32,1,79651,81,0,1.8348154737199025,-0.17647652339544176
69,0,159431,33,3,-1.3965720011478906,0.45589802892180936
51,1,172965,13,0,-0.6297473324014512,0.7109990262013568
23,1,177955,47,0,0.9342074678273429,0.6173262771655347
45,1,155176,76,0,1.1088458827578138,1.11380591861703
28,1,154078,87,0,1.8401129631473525,0.8780807642557048
64,0,153893,30,3,-1.3141526530983498,0.2345218104020917
73,0,84848,5,1,-1.9307234646438216,-0.8743208276708038
37,0,95614,25,1,-0.5050438116835124,-1.2273083278481514
73,1,186064,21,4,-1.0799701527366075,1.4593475343531563
60,1,121594,55,4,0.30697372148407726,0.6875275184045502
30,1,173492,56,0,0.9750259916870482,0.812281659102886
42,1,175395,86,0,1.3637901760482094,1.4641661578071583
31,0,91128,49,1,0.2507868299682696,-1.1190562356801281
21,1,26533,89,0,2.503848172836495,-1.0671974339193908
66,0,180034,93,3,0.060214996141390614,1.4331828830987952
89,1,77030,68,4,-0.021411431487198825,0.820628929391528
22,0,29748,78,2,1.3981995115064159,-1.8249085711502626
78,0,187325,8,3,-2.3361554459806113,0.7327868226363792
31,1,176929,24,0,0.16634457579925116,0.4846795294058036
60,0,48128,22,1,-1.0453075540221575,-1.4607459360787438
47,1,25179,17,0,0.06786622807371105,-1.4358094071378533
43,1,155992,79,0,1.2327755600174968,1.1207866453144684
25,1,102626,20,0,0.48106556753823165,-0.7530978714811046
26,1,148595,85,0,1.864719456793251,0.732874499885877
59,0,117788,11,1,-1.514879429861633,-0.6226653456950397
33,0,101277,31,1,-0.27061624338827606,-1.155724210700448
25,1,92652,78,0,1.909921955741103,-0.1748099689553812
75,1,160740,72,4,0.1771358490334559,1.7731780848790202
62,1,51530,59,4,0.58222398390454,-0.22234414769686145
51,0,54168,78,2,0.5271394305333919,-0.867262314941018
38,1,165420,32,0,0.20657879075809477,0.5664844749241431
57,1,198713,66,4,0.3963826832839287,1.8636951721167478
21,1,43764,11,0,0.5695616752512528,-1.7903215401658066
58,1,81115,40,4,0.1353793956831762,-0.11951558692979455
64,0,67203,91,2,0.4425181872786972,-0.24655022536392399
86,0,88322,64,2,-0.8766138237109421,0.18143845872585965
24,0,37671,4,1,-0.4632831646986067,-2.589404576947174
61,0,106746,17,1,-1.3881728183197102,-0.6639671529960103
80,0,78304,23,1,-1.6664087906070544,-0.5972547237404146
22,0,150201,86,3,1.189334905518236,-0.0036176556850704296
35,1,106478,57,0,1.0862339133730243,-0.028321715877848767
38,0,28378,90,2,1.2558230171653033,-1.3595879163270521
58,1,90778,96,4,1.450678002712042,0.7146234709690427
20,0,119175,16,1,-0.33719243826312334,-1.3591101734948696
74,0,199904,25,3,-1.8600859450298488,1.0399501178896038
85,1,21751,78,4,0.5123321317793282,0.07076926266071672
25,0,99825,14,1,-0.45699414280654155,-1.555648481765885
22,0,75650,87,2,1.4618104226875932,-1.0568865926819364
56,0,121032,80,2,0.21631188677669047,0.21833304446265758
60,1,54041,26,4,-0.16574229878993052,-0.638567072558151
71,0,43250,46,1,-0.7510922374797204,-1.0013522778805553
56,1,55279,31,4,0.05936746725454476,-0.6426665097416003
30,0,30192,87,2,1.395436632258641,-1.538823200676192
42,1,127647,72,0,1.1860181392894547,0.60761229164327
27,0,67832,50,1,0.46139711289799185,-1.5235811043005227
64,0,136898,72,3,-0.2469005485853444,0.5135860342747524
61,0,46349,67,2,0.016199629784564223,-0.9058996765754054
39,0,177971,85,3,0.6098178988017142,0.7376676305645161
58,1,128774,71,4,0.7225095526408896,0.9470540643421355
29,0,115847,98,2,1.4019412405337919,-0.1986644273145482
26,0,75325,98,2,1.6186575452094372,-0.8408766076323921
34,0,183733,29,3,-0.6207253120190036,0.019102059295642033
36,0,57765,94,2,1.308613064235203,-0.9317594480060386
90,0,185231,10,3,-2.607821221448454,0.9795308702631593
38,0,75760,42,1,-0.05705696566081937,-1.2788458486984888
59,1,79056,81,4,1.1015697946931697,0.38161327553527397
79,0,78942,86,2,-0.12536998610873681,0.17388898057188706
63,1,128368,90,4,1.0448954578658936,1.2823208343615053
18,1,136671,25,0,0.6785504196949187,-0.35118018847854443
21,0,128040,6,1,-0.6345868304604126,-1.3356881236563638
70,1,111303,64,4,0.2855198234486898,0.8621273642262249
44,1,198632,50,0,0.3656522759578371,1.3908728431564392
62,1,82241,39,4,-0.00135772907513602,-0.031908221509640365
58,0,102055,24,1,-1.1224126852626826,-0.7069785127368593
21,1,191584,29,0,0.5101313177250328,0.5464644492139966
69,1,20089,15,4,-0.5623730619997784,-1.0717575586303987
77,1,21428,13,4,-0.8328050835772735,-0.9095940537901723
58,1,21390,21,4,-0.12279603253341946,-1.2094227762841316
28,0,160208,41,3,-0.09020372545377424,-0.2939505719353653
69,1,167246,98,4,0.944464688565057,2.0634169199833643
88,0,136767,39,3,-1.6940609778517617,0.6052062783619332
75,0,195114,81,3,-0.5238588474594558,1.6884702756487213
37,1,81134,59,0,1.164346763297268,-0.3237837361789192
19,1,95919,66,0,1.77367063869257,-0.4031631415897908
60,0,184577,35,3,-1.1871605693053557,0.6513494277623626
39,1,121555,92,0,1.7692583582779373,0.7061470031791099
56,1,67269,50,4,0.47660176806077753,-0.2351254464704149
77,1,78047,74,4,0.44634259827985523,0.6579189562770662
88,1,173538,71,4,-0.24356990810592286,2.216500381117964
43,0,117409,84,2,0.6786327533522851,-0.05654759929798304
50,1,83489,28,0,0.05656501908293034,-0.4026041066850335
23,0,186959,67,3,0.5824356144420161,0.3066731305548317
46,1,90304,88,0,1.5865260003421315,0.3565979242271619
66,0,92434,95,2,0.4002338259759074,0.20580875659361386
55,0,56735,79,2,0.43372560666324944,-0.7341986113236273
50,0,167115,19,3,-1.2416673860613032,-0.006977193040838235
82,0,198038,80,3,-0.7482791611049749,1.8647348645113875
56,0,175692,53,3,-0.6155079439613136,0.66411611314507
56,1,22437,71,0,1.1312988291390706,-0.614990674183572
46,0,58559,70,2,0.45616190932162287,-1.0088482019328957
44,0,143346,75,3,0.3484148088097344,0.22334535999000832
58,0,124143,84,2,0.24773407751501875,0.3544892672506278
73,1,25044,78,4,0.8281275818059537,-0.13397780787728214
51,0,194947,94,3,0.4430456587116904,1.344016004806215
25,1,110883,30,0,0.6941766789977395,-0.5107779660895696
51,0,110730,95,2,0.7477294729890694,0.1525727517997174
37,0,117091,33,1,-0.38410825063635284,-0.820867515980027
60,0,80113,92,2,0.5324856391414788,-0.13351464649365996
41,0,69338,49,1,0.051087006743088914,-1.2206915905821751
60,0,106506,15,1,-1.4082673209768533,-0.7132403489429987
64,0,105494,44,1,-0.8160070241561692,-0.2833342097756309
60,1,148311,99,4,1.2766969722139097,1.6163069788856952
85,1,160457,17,4,-1.4176623980629446,1.2954038084160742
62,1,181297,67,4,0.34232398796559305,1.732089285802027
43,1,155566,23,0,-0.11330186352148691,0.41868939964209123
57,0,157043,17,3,-1.446845879102953,-0.028917580247225856
90,0,47873,54,2,-1.0913799541658893,-0.4371222059079033
47,0,33486,80,2,0.7531019897530462,-1.221991658021222
77,0,172617,75,3,-0.6477321088467547,1.3342761195211432
64,0,40200,11,1,-1.3925000885231253,-1.626851495899046
34,1,71357,62,0,1.3508042928012214,-0.4892136891862905
85,0,104903,62,2,-0.952757960720872,0.3726194495777547
66,1,85785,20,4,-0.5792759323629924,-0.13345257186542317
30,1,185655,61,0,1.0548096083402034,1.0482938300874372
29,1,43314,22,0,0.6179026031762777,-1.492158377726911
75,0,39903,91,2,0.23394768213104183,-0.4059653630795858
85,1,182437,1,4,-1.875901569444694,1.4107459624337455
55,0,70873,43,1,-0.47963195487533594,-0.9795310634091666
55,1,130457,67,4,0.7023438436108151,0.8584424898485482
28,1,46665,18,0,0.5377175586783922,-1.514956072624243
23,0,61812,66,2,0.9753783174131292,-1.4947170011935256
41,0,196615,17,3,-1.1430137951709454,0.20099928552418342
76,0,153845,10,3,-2.1220097366127275,0.23708161619822724
89,0,134922,24,3,-2.076080560848488,0.41338661874723437
44,0,41636,87,2,0.9760743364285189,-1.0814424558047282
75,1,191059,97,4,0.6776703432868425,2.51730226061393
82,1,160341,44,4,-0.685897830295811,1.5663656798142866
89,1,95490,58,4,-0.32354686260685833,0.9602253493496015
52,0,50965,5,1,-1.2459769272968586,-1.7993594641930835
38,0,29963,8,1,-0.7225788692553733,-2.356084555118048
60,1,23695,70,4,0.9941218641967879,-0.5254963845224421
36,0,24782,32,1,-0.07335511231508333,-2.1738273675103414
42,1,36649,98,0,2.114858196496779,-0.37004685638740253
46,1,135858,2,0,-0.6346357640609611,-0.06108193933744725
66,0,28466,68,2,-0.03630296427684566,-1.0441812721366086
39,1,163642,83,0,1.4124573111317538,1.1959172750078502
52,0,137804,64,3,-0.11565088015131006,0.17528742277943596
55,0,161020,10,3,-1.5740734892162267,-0.10103781209692254
70,0,163807,36,3,-1.3661967128068997,0.576723558702663
33,1,73929,71,0,1.5860267539739603,-0.3615738970653666
53,1,163989,8,4,-0.7746117787606841,0.562514658464895
22,1,75179,95,0,2.4588977277618467,-0.2762514165311207
69,1,125416,54,4,0.025099806777241784,0.9185989287911127
57,1,117811,34,4,-0.10404016666953034,0.3094920969951928
56,1,91362,93,0,1.431006063726736,0.6437155396644051
77,1,135888,47,4,-0.3960767144673169,1.149174040190871
29,1,172085,5,0,-0.2202397181870191,0.13731966426533293
88,1,66408,2,4,-1.546908303272335,-0.17249100454837668
56,1,115749,14,4,-0.5511875480074678,0.01045689147122913
51,1,104579,57,0,0.6568707745113129,0.28029245570133543
18,0,148747,89,3,1.375289856054444,-0.07105632671318544
30,0,164769,3,3,-1.0742357933207127,-0.6590724921561739
33,0,132489,51,3,0.10663044147014526,-0.4609782446608542
71,0,34307,36,1,-0.9619175128316241,-1.2534784713729186
31,0,153272,9,3,-0.9187823885124969,-0.7278634795027733
37,1,46107,63,0,1.3773108009382886,-0.7747756889598142
69,0,184609,1,3,-2.250466417128556,0.41809588927528835
29,0,129464,12,1,-0.7128025242066794,-1.0728798930309875
55,0,134494,63,3,-0.2103760315494914,0.17849768843180708
90,1,63430,35,4,-0.7973859193209386,0.2370562110664306
33,0,128286,36,3,-0.2403013189413793,-0.7074902421285822
49,0,59612,78,2,0.5634607100284889,-0.8314110036143992
42,0,44088,12,1,-0.78231803185901,-2.020514498520497
23,0,79923,19,1,-0.2159046598359431,-1.8199716763847023
59,0,133097,56,3,-0.4830808796628197,0.1554668243644658
78,0,140622,36,3,-1.506786870035663,0.4131768266118334
29,0,45640,16,1,-0.3372408997686227,-2.221419135106521
30,0,82107,71,2,0.8374503706711558,-0.9955637954948224
32,0,137902,96,2,1.1986343544569604,0.15470677748141784
74,0,195052,92,3,-0.2317346857797607,1.803314767467063
35,1,167849,42,0,0.5208015452063336,0.662538788000953
78,0,47534,28,1,-1.3891057991562175,-1.016934680866233
76,1,188252,92,4,0.5394807100528374,2.4360180020153477
56,0,40829,40,1,-0.4789396751309731,-1.4253075700431008
72,1,72448,88,4,0.9380267670953913,0.646958779522567
88,0,99849,40,1,-1.5469832307078748,0.08989658349112228
61,0,46985,62,2,-0.10623182410070098,-0.9589516705883787
86,0,177592,28,3,-2.0403204208712853,1.0101089768902285
85,1,90620,33,4,-0.7999578351336458,0.49595155288041
49,0,34403,12,1,-0.9406611667859379,-2.0120653516962266
42,1,141065,72,0,1.1413077181643316,0.7994209997145748
59,1,176222,95,4,1.1146749965166636,1.9445915518547545
63,0,176015,71,3,-0.37407495585883,1.0393451622480372
60,0,50956,81,2,0.3649534453623771,-0.6870262643229765
25,0,103374,90,2,1.3599259574662237,-0.5603341716051795
35,0,48223,15,1,-0.5332942821249144,-2.0710141098995507
49,1,101153,39,0,0.2896239754515559,-0.03436856111263383
73,1,86181,57,4,0.11910026163948553,0.4789654482382168
19,1,83819,87,0,2.319300662636601,-0.31512833706342286
86,0,31651,9,1,-2.011213566503024,-1.3122456394335236
27,0,174025,66,3,0.4925481335217745,0.1932944745498445
53,0,145994,100,2,0.6960763703635057,0.7607809785686492
22,0,98757,99,2,1.6735644030136003,-0.5774302949473815
28,1,83001,19,0,0.4407039964542836,-0.98310858303721
58,1,34142,78,4,1.2062720925476058,-0.31869812455371405
56,1,134123,53,4,0.3260233777149113,0.7578306249112113
68,0,28690,64,2,-0.1877604938281898,-1.0487240306126822
82,0,101431,61,2,-0.8835592433730842,0.24760388837169758
61,1,54457,99,4,1.5621993297815135,0.29566026315723887
70,0,138993,45,3,-1.0669514194313414,0.33386875971008684
32,0,38284,100,2,1.626823523331609,-1.219605809002983
30,0,159664,100,3,1.2768318363963684,0.47353678112485675
72,1,186601,84,4,0.46140519614489944,2.229047455723499
31,0,31703,28,1,-0.05651312459325829,-2.2295323760836814
71,0,122454,81,2,-0.17282410899677825,0.5658642128092349
32,0,163735,26,3,-0.5718155035309692,-0.34602310479507337
47,0,189995,33,3,-0.899340091898678,0.43113655392819034
79,0,126912,38,3,-1.4402092570270915,0.26303643800116044
86,0,168096,3,3,-2.6102397041460192,0.5636471001692384
88,1,89322,41,4,-0.6848252141804566,0.6397814868766796
51,1,45967,89,0,1.6221713776955382,-0.159840443082312
74,0,112312,9,1,-1.9532177782448086,-0.4110263866699347
26,0,96389,79,2,1.0912832637898628,-0.7759146871065209
42,1,137592,59,0,0.8400683978137271,0.5882016803279188
56,0,79190,26,1,-0.9436374573557602,-1.0509435614632134
21,1,125204,62,0,1.5253782940929919,0.007717625441676647
19,0,119233,59,3,0.7245301017147686,-0.844831652270887
89,0,41305,94,2,-0.07976610414649173,-0.054847686478534004
45,0,51139,100,2,1.229990279985288,-0.763039996952446
36,0,98116,17,1,-0.6786496632154041,-1.3119572068528083
51,0,184081,43,3,-0.7479321809144007,0.5548237436125236
52,1,69376,58,0,0.7710032539055519,-0.1895165095508966
27,1,169202,71,0,1.4319495018318598,0.8744322074210379
20,1,36508,96,0,2.666278040795041,-0.8585900558503303
34,0,100619,72,2,0.6909058518509398,-0.6345682204959326
25,1,87495,97,0,2.3842921628696256,-0.012383223563064606
54,1,148763,24,4,-0.366108440939396,0.5647051374769896
69,0,128572,50,3,-0.8846844683673224,0.22606033755391994
24,1,145311,8,0,0.07731525420962286,-0.31305039326190565
27,1,176041,2,0,-0.2511475745992081,0.11461407038925693
35,0,93281,25,1,-0.4428086146828198,-1.3026283030523522
69,1,105635,91,4,0.9813229809621568,1.095694077191566
47,1,96373,94,0,1.6834473394562117,0.5389108097364678
34,1,95077,93,0,2.0177021328200704,0.23515081508020177
54,1,179570,34,4,-0.22813669424151609,1.1293746007018772
76,0,107992,64,2,-0.6698499005613867,0.25276866672738757
44,1,132573,73,0,1.1392051931534168,0.7324275998947789
20,0,199493,81,3,0.9592370490846324,0.5968920426970812
76,1,170225,75,4,0.19048732298122487,1.967036159714002
42,1,40555,29,0,0.4415342356686318,-1.1717918782584393
81,1,96520,91,4,0.6849271487467153,1.2172163527980449
53,0,50750,1,1,-1.368740977543603,-1.831162684624971
44,0,140502,46,3,-0.3399195331653905,-0.17774180135679943
85,1,84321,84,4,0.4482158890216402,1.0397721883441904
18,1,183255,84,0,1.9430110623384425,1.0480262793994475
72,0,199890,33,3,-1.6130783820993684,1.097209631761006
63,0,66104,100,2,0.6899728705374643,-0.17138693997498392
49,0,117891,6,1,-1.3632280875916145,-0.8931866047400647
56,1,189223,25,4,-0.5313250317512517,1.1974747334469171
48,0,196392,69,3,-0.08163834555159619,0.9909993887774836
78,0,104133,40,1,-1.2889512691449085,-0.058714241625928955
27,0,38446,10,1,-0.4031829234704989,-2.440798770672469
30,1,122627,24,0,0.37451617502205814,-0.31254608703239845
67,0,191800,95,3,0.04190345364365431,1.6472188729964363
74,0,181333,58,3,-1.004144418324359,1.1846272413658312
32,1,66481,45,0,1.0124515163015186,-0.81217357527314
34,1,134851,21,0,0.15267426402098422,-0.09115155179740078
38,0,23266,36,1,-0.026515190279546505,-2.103813557320816
58,0,117250,40,1,-0.7880451717529297,-0.29090847994943625
67,0,31520,39,1,-0.7715208428618353,-1.3399722182587654
18,1,56951,30,0,1.0644994577402103,-1.428624532899843
29,1,39260,34,0,0.920160365599428,-1.400965332334337
48,0,95805,61,2,0.06103031274902241,-0.5463094284208627
80,0,104237,86,2,-0.23688670490402527,0.5564629950556744
37,1,45299,15,0,0.2250058064874588,-1.3829039180935234
49,1,33186,61,0,1.0454721377974823,-0.732517144201387
75,1,44854,47,4,-0.03827891020626198,-0.19411614030717397
28,0,35151,62,2,0.8318128716778055,-1.8206225968627434
48,0,94061,8,1,-1.2084680388506963,-1.2299612038918926
77,1,198877,12,4,-1.4481493526420632,1.614589508569722
48,1,52682,65,0,1.1039895320810804,-0.4250943306615232
40,0,103899,18,1,-0.7827795933859191,-1.1329211671825543
51,1,131602,92,0,1.4090123926894442,1.1015877811005643
33,1,121449,34,0,0.5373738308257281,-0.14214335212926277
47,1,183100,67,0,0.7447763331168273,1.4430878150504596
83,0,193441,19,3,-2.228001202643602,1.0618551430836791
32,0,170629,24,3,-0.6429120463387917,-0.272331613079184
66,0,90147,68,2,-0.2418316187274878,-0.16245874101824923
87,1,56361,52,4,-0.2830775508913245,0.28433870139305
67,1,142134,63,4,0.24041673904844535,1.2274690927034266
47,1,53533,33,0,0.35838634021325283,-0.8316330403580099
36,1,137813,13,0,-0.10415639635150435,-0.10626975762034509
83,0,147773,84,3,-0.5117709166768447,1.2169025303092122
76,0,195401,81,3,-0.5520458441279682,1.7135579157512901
85,1,98531,63,4,-0.10444491362070736,0.981899581912207
59,0,73995,28,1,-0.9598942232971669,-1.037393022917323
78,1,53593,99,4,1.1021567665421235,0.6400546455378543
73,0,158862,76,3,-0.46891360769932494,1.0661387068336983
67,0,106001,76,2,-0.12939020974834312,0.18458696652694043
50,1,32089,79,0,1.4550208048840783,-0.5034968817685712
78,1,22357,84,4,0.8453022765341951,0.007109140446666822
27,0,189193,27,3,-0.4964288486455948,-0.07460037335371629
19,1,87054,82,0,2.188209022098765,-0.3310279363620333
58,0,91894,44,1,-0.6073060918329602,-0.6036546423176329
30,1,69163,69,0,1.6354747931921108,-0.517515741401857
18,0,145042,98,2,1.6041973733433856,-0.012160490836394068
72,0,119322,40,3,-1.1761788145211458,0.03250064381275119
87,0,145549,74,3,-0.8539074337399174,1.1447636771246683
51,1,145794,56,0,0.4954748965301437,0.8570272525681515
23,0,130727,92,2,1.3713686523532151,-0.18643890568517985
65,1,50599,7,4,-0.7476129710340458,-0.8189904495130043
51,0,67410,37,1,-0.5035447730583161,-1.1875465181393399
65,1,149442,43,4,-0.21072195362554902,1.0413919091610044
32,0,87455,78,2,0.933605937484998,-0.7901438019246819
36,1,89943,20,0,0.22378942626105447,-0.7035647392699322
32,1,60873,30,0,0.6702013881511952,-1.0787698800027685
79,1,97564,6,4,-1.3093980387277002,0.1337300420122774
34,0,104821,64,2,0.48440471440848776,-0.6739307930912122
45,1,65120,49,0,0.7592375070461409,-0.5091089555569396
69,0,63517,37,1,-0.9807250144052626,-0.8654663197703636
28,0,21275,70,2,1.0705489632091263,-1.9195486993220028
54,1,34550,65,0,1.0010235142862962,-0.5583790497455938
56,0,109347,28,1,-0.9959993892168105,-0.5949954315700772
51,0,20317,57,2,0.1346237724501843,-1.6121611785361385
37,1,38115,43,0,0.9226922291723283,-1.1375945271550425
58,1,158883,59,4,0.3334333357226519,1.228314133333065
38,1,57409,62,0,1.288358028984889,-0.6046586465166925
58,0,35775,33,1,-0.6849975959134804,-1.5425848312468537
84,0,180069,87,3,-0.5744284914908276,1.7368411268176578
21,0,185670,12,3,-0.6822423875452652,-0.4373019082033455
52,0,22847,93,2,0.9652108369140386,-1.107576647019066
72,1,146391,81,4,0.52320251178084,1.6169641834066995
82,1,164821,56,4,-0.412076402190875,1.7795512363620636
63,1,39260,14,4,-0.48693156437404966,-0.9360491662055768
42,1,22098,98,0,2.163343912534316,-0.578051664193749
78,1,144363,69,4,0.07782665416256782,1.5647397303221569
82,0,50888,22,1,-1.6535791169882876,-0.959621859522436
37,0,173170,60,3,0.07871565485384943,0.31635019959066923
89,0,32602,95,2,-0.0267041963263003,-0.16682732484078466
56,0,35992,3,1,-1.3531326550053888,-1.9543140893855258
24,0,98423,17,1,-0.352904495087749,-1.559388790902576
85,1,175132,30,4,-1.153749515142928,1.6667543804346243
79,0,89767,76,2,-0.4020646611328295,0.20434398704625137
58,0,62710,99,2,0.8133730372832714,-0.337257519226208
21,1,134082,21,0,0.5092354735531571,-0.3749494367537516
28,0,94246,42,1,0.15365219065404737,-1.2244407793432885
55,1,70878,32,4,0.05868280898831864,-0.42823696880223805
83,1,185551,89,4,0.2856786965019712,2.5070164721940924
62,0,143546,17,3,-1.5380256076951553,-0.11693053705445261
18,1,84470,39,0,1.1893647787844923,-0.9233853447486132
57,1,39376,92,0,1.552936667251559,-0.09086182215665062
19,0,117315,13,1,-0.3759513470804006,-1.4439697836522767
87,1,158903,82,4,0.09711327630863725,2.1230255777564637
56,1,143796,80,4,0.9434777648515931,1.231680110734034
90,1,150073,28,4,-1.254528131729622,1.388606598741409
28,1,179800,49,0,0.8400312037795682,0.7734827939631468
75,0,26405,40,1,-0.9482600107964858,-1.232781750047884
27,0,61369,36,1,0.14605839435724977,-1.7899708243380272
58,0,158264,56,3,-0.5397097318032864,0.4942410753967149
60,0,155391,77,3,-0.07928655810458926,0.7561447620764248
40,0,45477,100,2,1.3850101455827244,-0.9489026578183546
54,0,196335,30,3,-1.1832678259289182,0.6313750397331583
69,1,108032,31,4,-0.4704108038194674,0.38423644902446163
48,1,40070,10,0,-0.17742020060158106,-1.2889602838728056
71,0,179021,45,3,-1.2275603005784286,0.9270492502718687
52,1,138383,38,0,0.05981457361273594,0.5483561646090986
32,1,50325,36,0,0.8497232860871089,-1.1549800350137098
65,0,91499,36,1,-0.9891042040208398,-0.5618357155273961
23,0,73217,44,1,0.4080016738985645,-1.6051154553628686
88,0,160729,20,3,-2.2310917505830523,0.7115947629055897
66,1,128990,45,4,-0.12167917000842342,0.7948754354544347
46,0,171423,47,3,-0.47335100644016537,0.31866892844140526
22,0,62702,61,2,0.8793311818666186,-1.5651231048971903
86,0,199852,73,3,-1.0316834549056464,1.8876048620938417
48,1,24252,52,0,0.8859099956043539,-0.9930709855181116
63,0,75266,74,2,0.033820398901430127,-0.3635636418268042
48,0,52659,75,2,0.5416723016427403,-0.9890744407361196
18,0,134677,87,2,1.374047931555392,-0.29704271217771266
85,1,30738,27,4,-0.744798337940448,-0.43462673371410343
85,0,73406,29,1,-1.6418667727973066,-0.4877737564528088
22,1,99698,50,0,1.2943873984177507,-0.4850470815180428
23,1,57250,78,0,2.0823471151942248,-0.7228473511658403
69,1,21176,33,4,-0.13287107320369354,-0.8325022863043111
79,1,121747,53,4,-0.2590438549699048,1.0635723978688114
58,0,66856,75,2,0.22205938220129753,-0.5762799270018542
62,0,168957,5,3,-1.9114475126111699,0.09717218281447727
82,1,101765,84,4,0.47178237472732854,1.22617705766573
42,0,52034,36,1,-0.23129640332681908,-1.6086383943669837
18,0,104410,65,2,0.9455275012712733,-1.0031374312708456
19,1,31929,8,0,0.5912713669078385,-2.03875759380891
44,0,82006,64,2,0.28812031685429007,-0.790218400622048
22,1,57765,36,0,1.097239068706053,-1.2584762169147052
68,1,90950,14,4,-0.7953223692729591,-0.09222174046367998
21,0,182886,62,3,0.5301564808689126,0.1443365250000944
61,0,65003,60,2,-0.21439489877585607,-0.7262439269284444
21,1,128818,68,0,1.6577106716850396,0.13395156967844862
57,1,105826,62,4,0.6096437766459633,0.48617176610848856
20,0,76751,6,1,-0.43645491664899294,-2.089843264806234
65,1,146599,93,4,1.0018735100223732,1.6221869444082504
66,1,118442,61,4,0.2984671757433957,0.8429523566097518
25,1,168328,20,0,0.2621384480895182,0.18610437458394694
60,0,128484,66,3,-0.25431602774682466,0.2347966256273761
41,1,130650,25,0,0.07230754785000752,0.045405550777545794
32,0,124729,38,3,-0.15309339178859818,-0.7544647266038891
31,0,54681,14,1,-0.46995286477245224,-2.075066515980533
75,0,21729,89,2,0.2463807888063454,-0.690617938581722
41,0,160708,19,3,-0.9752423791999691,-0.28742957742980135
69,1,34791,54,4,0.32707341793123484,-0.37687462680301376
22,0,111388,15,1,-0.3897689992743345,-1.4408830977154332
39,1,131377,87,0,1.616218026135452,0.7844077824813107
67,1,40763,73,4,0.8188217875406699,-0.09733017379660139
19,1,41136,7,0,0.5365300692943052,-1.9195733356174791
53,1,49427,63,0,0.930557314196713,-0.3915565354590218
36,1,151554,24,0,0.11474379951918308,0.22687198067198885
52,1,84358,66,0,0.9135809512776238,0.12407905273285436
72,0,162086,30,3,-1.5592981534530719,0.5195198422001727
40,1,64674,19,0,0.1750036776838143,-0.993270747641855
41,1,196125,81,0,1.2016337280018894,1.6773704854743903
47,1,175683,57,0,0.5288662386684162,1.2127756093742246
50,1,142981,32,0,-0.045419839857172115,0.4975417612369818
41,1,140104,60,0,0.8829912280900918,0.615554118679029
70,1,174219,58,4,-0.0684986711097045,1.6869318272024434
87,0,168171,32,3,-1.9399093921559685,0.9461367464639043
28,0,29610,16,1,-0.25659629691641567,-2.471551080706672
18,0,197840,24,3,-0.35235294983730514,-0.17714374783764406
32,1,40661,21,0,0.5209882472260611,-1.4795563755115013
29,1,153986,93,0,1.9575635096359953,0.9723228903055302
32,1,121334,3,0,-0.18094808582327027,-0.5500622088817186
26,0,41406,20,1,-0.14519088108723432,-2.2951838572569
75,1,77846,47,4,-0.14821229921804172,0.27750056089184866
62,1,28875,16,4,-0.37697190406861236,-1.0806290955095368
58,1,74472,97,4,1.5290740387044133,0.49395985530271314
89,1,192938,77,4,-0.19106909545025796,2.5893783200852045
38,0,58332,37,1,-0.119296956794242,-1.5901205661128668
29,0,162462,49,3,0.0675545509647559,-0.14131524073312868
89,0,177771,68,3,-1.1601111119960203,1.572771093284594
46,0,187128,89,3,0.4849406888619647,1.0651757483739606
73,1,75923,36,4,-0.35203016508323826,0.07132570295627932
33,1,96489,79,0,1.703353626238998,0.060348270507126794
69,1,184664,13,4,-1.1588820294186108,1.2559650030952834
45,1,91512,42,0,0.5028590137617527,-0.2188394197230838
73,0,175061,98,3,0.0064831234037108785,1.5711330454567825
73,0,100389,59,2,-0.6831359638552477,0.018986123240655205
61,0,84674,57,2,-0.3521284169000506,-0.48233545323109916
80,1,59668,50,4,-0.15160702754754843,0.15985939078292866
53,1,42670,92,0,1.6508833653104804,-0.12771452288197094
51,0,68306,42,1,-0.3862181310051935,-1.1125947670265572
69,0,41980,31,1,-1.0533357585328909,-1.2479074092420435
52,0,143270,71,3,0.03457285115631779,0.3404241935289478
24,0,187721,90,3,1.1061020895123135,0.6244111141311843
58,0,134970,31,3,-1.063652387362679,-0.1494615640286917
20,0,82303,7,1,-0.43089241657501043,-1.9980493800237202
36,1,51897,78,0,1.7461851602549867,-0.5265627253250453
22,1,104951,76,0,1.9025073226906422,-0.08680967562330574
19,0,69803,76,2,1.2982984834083389,-1.3401395715112014
34,1,198525,50,0,0.6383155878830341,1.1794931972657183
41,1,179070,89,0,1.4509626372971667,1.5330009575449655
64,0,138007,41,3,-0.9965316607845246,0.1441491207596705
55,0,133091,79,2,0.1792980529719468,0.35730129279714656
31,0,86030,80,2,1.0137097792421343,-0.8066416009321079
58,0,108673,75,2,0.0827200111930048,0.02148909561088621
64,0,142009,90,2,0.16919297884485168,0.8103639061893727
57,1,179645,78,4,0.7486689345111183,1.7402648799789469
73,0,187448,15,3,-2.0319747961868093,0.7166209994356739
37,0,31029,36,1,-0.025151780588023184,-2.013827408485093
40,0,195393,10,3,-1.2801483773371087,0.07554497873165571
80,0,193324,95,3,-0.31717350845592585,1.9418093928159437
51,1,191263,28,0,-0.32978184011920153,1.158997365915697
22,0,92838,85,2,1.356413009775283,-0.8360435999311682
63,1,180900,76,4,0.5329781661937879,1.8592575961146267
53,1,150557,55,0,0.40108019681567625,0.9546550800464159
27,0,177897,39,3,-0.1700398543109717,-0.08693085336376496
22,1,151431,92,0,2.1326293804767795,0.7764756971559764
75,1,194593,27,4,-1.018476512713524,1.6978108355380632
51,0,189743,48,3,-0.646486435200698,0.6979048957290204
43,1,151256,7,0,-0.4839395315957775,0.15821914233209788
74,1,39459,7,4,-0.955569222530755,-0.7893703352482909
25,0,143137,44,3,0.12055830633715543,-0.5636473841372588
40,1,142367,30,0,0.1808079686660034,0.25405719564198903
25,1,112584,58,0,1.3622571923297457,-0.13845856090056385
24,1,177246,38,0,0.6927772622399293,0.5163178476274723
53,1,173244,21,4,-0.4926387913170299,0.8563869775585329
63,0,43037,65,2,-0.0753506246693588,-0.936131717667395
80,1,131504,62,4,-0.10222404968138044,1.3358909259304073
89,1,51936,97,4,0.7600157518498046,0.8223457161597016
84,0,63855,51,2,-1.053437207113327,-0.3718576029926329
28,0,100392,21,1,-0.3721383752948292,-1.3975873030421522
24,0,55846,54,2,0.67927774601983,-1.7081597409663845
62,1,40125,7,4,-0.6310202864185955,-1.0316700571578294
69,1,138211,71,4,0.39152685932259457,1.3127899557228757
41,1,148235,96,0,1.7221457513192895,1.1792192671455406
51,1,46389,91,0,1.668890111519056,-0.12895058823018343
50,1,107491,71,0,1.0112725379060201,0.47493604531396233
30,1,29750,62,0,1.5983666279848372,-1.1679208243362382
33,0,138090,78,3,0.737653231857796,-0.04533751269600981
18,1,165348,73,0,1.7379924892436724,0.6553320684714705
84,1,151158,7,4,-1.6000707602865332,1.0172036280588135
20,1,39133,44,0,1.40628409031201,-1.4673587903045604
83,1,181635,21,4,-1.3375189565217274,1.6058856017812568
46,0,144521,68,3,0.12160109631546738,0.19511091012745035
20,0,77741,33,1,0.2099322910741729,-1.7401162273500186
77,1,122587,4,4,-1.3864412772954702,0.4246034056364295
63,0,190919,65,3,-0.5681115798657704,1.1778238172111772
75,1,54413,20,4,-0.7198166792984042,-0.3930464821720795
29,0,102174,51,1,0.316566448188648,-0.9782675879236972
18,0,133865,73,3,1.039879388169064,-0.4826520618685976
33,0,24069,14,1,-0.4224112825238394,-2.4706913825865224
55,1,153877,30,4,-0.26600492473674126,0.7333664120004486
42,1,64118,65,0,1.2292674428445503,-0.3875281321651301
27,1,33419,44,0,1.2347090965173027,-1.4021446725642708
63,0,30125,81,2,0.3526728589226593,-0.9218478942822796
67,0,142612,38,3,-1.1657554521710882,0.23564595123426585
73,0,171219,68,3,-0.7025882049923792,1.1433508856411234
71,0,98963,35,1,-1.2014216768162225,-0.34165737804616414
41,0,23563,3,1,-0.9032575409278799,-2.4467603010277483
67,0,192757,98,3,0.11090194665463976,1.6981851965933878
71,0,124078,17,1,-1.7182319421304526,-0.20635818853857127
72,0,21542,61,2,-0.3450525257089864,-1.104249922621485
78,1,142334,20,4,-1.0944722633681252,0.9267287443427961
72,0,166225,10,3,-2.0543387045504424,0.3301122007267358
82,0,144106,27,3,-1.8438806981512637,0.43506185958550203
18,0,190347,96,3,1.4051106691227517,0.6106116601228164
60,1,53136,70,4,0.8960208425583359,-0.10464080438178887
46,1,147084,36,0,0.14608095013998917,0.5219684493944479
68,1,173025,46,4,-0.2988080991361469,1.478749229617455
48,0,36389,77,2,0.6440108260028921,-1.196794733083739
88,0,188189,60,3,-1.360094046075719,1.6012804892160264
56,1,62564,48,4,0.44415451535806033,-0.3272402749899602
25,1,164167,14,0,0.13162874156286325,0.05205113065161654
28,0,175202,14,3,-0.7898515809086414,-0.41518823766615676
28,0,192538,70,3,0.499879649365636,0.5286354391797007
76,1,94624,1,4,-1.3382217897325799,-0.0333954731739264
82,1,158904,65,4,-0.1757982296978216,1.8068267963218978
34,1,63835,36,0,0.7502449547209744,-0.9198861791929512
47,0,174933,99,3,0.738969694375417,1.0361217648256746
36,0,156567,63,3,0.23345689830397276,0.0953134102488878
57,0,114715,45,3,-0.6320553395585424,-0.28598747358791715
45,0,66961,8,1,-1.0364754837905974,-1.6803074966159777
53,1,173817,21,4,-0.49454809757017465,0.8645779441500412
64,0,160201,11,3,-1.7923581333461909,0.08854847259585896
32,0,187512,78,3,0.6002037459127488,0.6401590676155281
46,0,105299,86,2,0.6854176152302424,-0.1418461601941159
38,0,81568,25,1,-0.4854714950425609,-1.407109211578196
38,1,98995,87,0,1.7513494978383084,0.30052594908998603
56,0,172607,93,3,0.35726944554131584,1.1171647111176024
76,1,165228,23,4,-1.044109189000115,1.2493118452240373
39,0,42009,4,1,-0.8861980747722872,-2.2126182443483953
71,0,30186,33,1,-1.0203731699177407,-1.3496737972308335
26,1,133162,58,0,1.2664580958661913,0.1766865017295684
22,1,49634,76,0,2.086830348877737,-0.8775595865176539
72,1,126729,20,4,-0.8790904252202127,0.577747076170822
64,1,191347,56,4,-0.010312091781841011,1.781007070917356
46,0,43245,95,2,1.1087511544471769,-0.9170423132316606
51,0,184981,80,3,0.13937936565919593,1.0275513179797866
64,1,121831,49,4,0.05288662981440154,0.700283196876216
72,0,130859,36,3,-1.3108712921510515,0.14770585098364858
28,0,198353,23,3,-0.6504315483220627,0.027610911965512932
80,0,141526,56,3,-1.0830115682008037,0.7166435697519273
51,1,124167,58,0,0.6156636016897651,0.5727292847742674
71,1,44569,51,4,0.16784323378531285,-0.23241538828153702
74,0,50234,69,2,-0.3026195842242166,-0.552701528394285
69,0,146040,1,1,-2.1219497803440226,-0.13324336110495857
64,1,98568,28,4,-0.3749095424194099,0.10673852921632968
32,1,115928,84,0,1.7861233962927194,0.3793849834686497
53,1,163823,91,0,1.2231242704638998,1.5917244404630058
38,1,162986,2,0,-0.5071841662670138,0.15882950701222515
67,0,63804,17,1,-1.4084688742636744,-1.1519078600998356
19,0,128210,83,2,1.2721163118403414,-0.4182175262049046
19,0,169831,88,3,1.2537422607707456,0.23889323789072808
47,0,149570,9,1,-1.3421377103158838,-0.445022977669644
38,1,64984,24,0,0.3487442985452319,-0.9686658153015718
90,1,59247,73,4,0.13092525123971893,0.6495516148921405
28,1,134401,73,0,1.5688049127201427,0.4227984917920397
85,1,108707,76,4,0.17445918890297066,1.2889374860508347
33,0,159207,76,3,0.6191639092271514,0.23167006598501347
68,1,102064,90,4,0.996390223486648,1.0112333415377934
79,1,42240,20,4,-0.7881774607400973,-0.48311802641360335
55,1,140057,98,0,1.4162912548240854,1.3809632798530924
30,0,150059,5,1,-0.977095380225667,-0.8444927707468074
78,0,138708,61,3,-0.8988480678283272,0.6965341155333311
85,0,68162,23,1,-1.76876779054184,-0.6373083560895083
80,0,88886,81,2,-0.30604751468977176,0.27487874467543705
79,0,162936,63,3,-0.958684522240006,1.0887129076358164
77,0,20219,62,2,-0.45273507012305947,-1.0058082952239162
87,0,178249,68,3,-1.107242511640336,1.537634027484808
85,1,96795,88,4,0.5029007707627895,1.2678013595828994
45,1,89023,75,0,1.3052133447201693,0.1557279737786854
30,1,67020,73,0,1.7388653110627819,-0.49843484008998223
59,0,157931,28,3,-1.239579266340715,0.16246207625342024
64,0,84889,19,1,-1.348909757402658,-0.8885979152314639
22,0,168650,37,3,-0.051199218734790226,-0.3488980764621521
52,1,138022,66,0,0.7347659237579783,0.8911995259731655
65,1,199543,50,4,-0.20922751482946297,1.8445806760919652
87,0,154350,88,3,-0.5463592178516226,1.4445748280364248
52,0,185776,13,3,-1.5026841496596481,0.22717734712005885
18,0,186738,61,3,0.5749507322515491,0.12401666940696278
78,0,114975,93,2,-0.049768569013096314,0.7549923576662911
59,1,41046,81,4,1.2282237749410403,-0.16173513658205288
78,0,67046,17,1,-1.7188090680388082,-0.8747287541194333
39,1,172947,80,0,1.3092645759396673,1.2916450162661475
56,1,190186,100,4,1.2701494927986177,2.143393774724609
64,0,45821,99,2,0.7062651910894318,-0.45277370170775727
54,1,66618,91,0,1.5197925708836642,0.22317557979887023
70,0,147449,83,3,-0.18075494648585982,0.927037159609222
57,1,22756,92,2,1.6083165449605727,-0.32844273795223
44,0,121178,76,2,0.44634374751752315,-0.08111484583237935
43,0,108176,51,3,-0.08466243642050832,-0.5986795833506418
52,1,134564,91,0,1.3478495232687269,1.1524855192274928
38,1,98098,85,0,1.7062135222525632,0.2628460259464675
39,0,22991,75,2,0.8856058124384526,-1.6020400430745998
79,0,128346,64,3,-0.819363956522508,0.6066816948331227
27,1,25706,22,0,0.7310359729811328,-1.7858326543015977
53,0,23895,84,2,0.7179260919081691,-1.183468971319292
81,1,76163,30,4,-0.7150499630432805,0.16806430353581808
42,0,47894,4,1,-0.9874996487495507,-2.0655378438387033
31,1,73736,56,0,1.280194536874303,-0.5927334420061666
88,1,47369,18,4,-1.0984689044743525,-0.24579191468188424
30,0,160576,11,3,-0.8677646449817132,-0.6195812656353733
20,0,146396,23,3,-0.25945903424548306,-0.8829882749997003
69,1,54026,52,4,0.21485515004477584,-0.12677001343650787
75,0,168173,44,3,-1.3243985892544468,0.8434897152265435
38,1,148057,76,0,1.3231820059532293,0.8651455979643049
48,1,153857,80,0,1.1277986991593634,1.207620829653914
22,0,127337,41,3,0.18271054160652267,-0.8897476487792091
71,0,69684,94,2,0.31582378307392606,-0.026903438146514087
56,1,115662,67,4,0.7244119200835388,0.6679347405390277
54,1,108472,64,0,0.7306439022360108,0.48589840734541095
56,1,146780,60,4,0.4522858153639641,1.0257618821520595
46,1,117312,51,0,0.6062215760848314,0.2828118780201295
52,0,99971,53,2,-0.2542735782021686,-0.502246579252194
62,1,198478,50,4,-0.12398677181233456,1.7664016001391138
82,0,166585,39,3,-1.6300341448287907,0.905540972294809
52,1,150286,33,0,-0.10015990567249657,0.6563645904678937
22,0,58853,49,1,0.6034071843973994,-1.7692885917778787
76,0,184939,79,3,-0.5653100669888809,1.5391474595400991
65,1,92110,75,4,0.7503135326232047,0.6195564575625759
27,1,44794,41,0,1.1246188675311333,-1.2768265284361269
90,0,147332,8,1,-2.529661996373013,0.4129117746606738
30,1,156374,96,0,1.9945630577173905,1.0647301974268404
34,1,190158,8,0,-0.344427223100729,0.5378822112746768
59,1,56846,4,4,-0.6772320104136585,-0.8928865093696934
23,0,138174,11,1,-0.6025036920012882,-1.0867102467034915
40,1,49651,45,0,0.8506857199126601,-0.8848763410654793
89,0,76892,71,2,-0.7517825812970015,0.16800395473000362
57,1,81124,72,4,0.9325783170712583,0.2573467013612449
28,1,158552,77,0,1.5845805987929313,0.8177489839540326
79,0,151627,99,2,-0.054753535553333885,1.3744855769768127
61,1,184076,53,4,0.023420469782341174,1.5768278430275413
50,1,140568,19,0,-0.3501912101699641,0.3014750153005854
58,0,75209,80,2,0.31453838598269235,-0.3947312511545568
72,0,135424,100,2,0.21391403417509663,1.008399268448112
20,0,117363,74,2,1.064467165230905,-0.6641474554021476
86,0,155307,62,3,-1.1479409460261256,1.1141236213847192
82,1,162516,85,4,0.29341503908170546,2.107034057430204
43,1,42840,12,0,-0.0023719032533827543,-1.3294310961728315
27,0,86926,85,2,1.239959131217806,-0.815629887285358
60,0,156946,85,3,0.10803154949605834,0.87780296236335
35,1,122545,60,0,1.1048840338098103,0.2386402537883689
18,0,53619,85,2,1.5960182361761597,-1.4806145601761913
47,0,71919,41,1,-0.3133968248391247,-1.157316108452812
26,0,59049,26,1,-0.05960485153247616,-1.9684070328940033
79,0,37902,69,2,-0.39768123565221875,-0.6240609492868398
89,0,23500,91,2,-0.09262499549433283,-0.3466541586509319
28,0,46311,74,2,1.0833757207757493,-1.5119472378171044
46,1,94776,59,0,0.8738138493827021,0.06009210944837214
58,0,128144,5,1,-1.6665308827765886,-0.5701848171283894
44,1,122820,59,0,0.8348291579858791,0.4190077226390158
18,0,34929,89,2,1.7545453868056184,-1.698071048375114
27,1,140867,26,0,0.4435551806966814,-0.08990507750929891
89,1,91699,20,4,-1.2252876875085703,0.4337425675122219
70,0,122694,31,1,-1.349515380021069,-0.07312540604133594
51,0,189372,11,3,-1.5355606746327826,0.23273931320627395
58,0,36048,4,1,-1.383718164051,-1.8991148497215302
81,1,80277,2,4,-1.4025067693282298,-0.12113037088596172
90,0,142343,80,3,-0.7805420124179722,1.2364615636772194
86,1,173081,98,4,0.4621002359891638,2.5035727075934977
51,1,21515,62,0,1.053962430550524,-0.8449539694913482
39,1,131075,96,0,1.8337863301967297,0.8919490970856805
36,0,87591,56,2,0.2948562736930633,-0.9776912282609879
54,0,42225,52,2,-0.1403806259483608,-1.2981774440402274
18,1,60358,12,0,0.6200229099534932,-1.6036386117490755
55,0,187576,7,3,-1.7347486714816103,0.2412909146240425
80,1,38794,50,4,-0.08205230027330343,-0.1385319471422774
60,1,64171,43,4,0.20956486049997822,-0.2824719024612387
66,0,118931,24,1,-1.3964910062038887,-0.29785803257217086
86,0,50949,94,2,-0.030209062115273595,0.020057114058076857
28,1,185745,22,0,0.17053572578492165,0.5228907535612242
44,0,50337,58,2,0.24927063896900395,-1.3174952204692278
27,1,122134,19,0,0.3375387200006952,-0.4446920293574841
83,1,99598,26,4,-0.9438493903987112,0.4953200189785887
52,1,179906,73,0,0.7636404140062283,1.5769272589033878
67,1,97207,8,4,-0.9333154516265882,-0.09833592753157122
30,1,167479,10,0,-0.1118104150372178,0.15460599160940838
27,1,37149,93,0,2.401340073495467,-0.7398180946614276
75,1,124144,54,4,-0.134045798151957,1.02632589684985
42,1,184301,15,0,-0.3743192873723049,0.7090381237701319
76,1,134957,75,4,0.30800462304389,1.4628843102387616
61,0,129391,23,1,-1.3192540660393495,-0.2656873358046249
73,1,26781,47,4,0.07640389661030768,-0.49443753636711596
42,1,116773,9,0,-0.2936823807348761,-0.3308388199948388
44,0,52823,5,1,-1.034322591253406,-1.9406796509453539
83,0,175458,41,3,-1.6387058566278403,1.0782218725777322
79,1,154154,9,4,-1.4257755226472537,0.979963458777428
65,1,79560,12,4,-0.7238023499137431,-0.34285287398367925
29,1,172550,51,0,0.8850833047544315,0.7156873341153764
76,0,176627,36,3,-1.5722985894975559,0.885893984366172
83,1,27017,54,4,-0.028252145659908665,-0.194212897560879
63,0,44903,61,2,-0.1778181445782131,-0.9591723009091961
35,1,143873,50,0,0.7931920750566097,0.4192343913458241
89,0,104684,76,2,-0.7240767088504754,0.6274308148222026
62,0,29237,72,2,0.1663004582429651,-1.0673851261831662
62,0,137838,41,3,-0.9415071771028637,0.09976326720298079
68,1,57604,46,4,0.08578882415218443,-0.1711801856678383
78,1,118335,76,4,0.33299225481843137,1.2796735310315976
76,1,124799,100,4,0.9434134440137474,1.6283946033829577
56,0,82586,67,2,0.03160689032002909,-0.4928211346182702
65,0,106533,77,2,-0.05263909923178342,0.16265053189690667
78,0,35800,2,1,-1.9756302368206782,-1.5078172080167551
68,0,72175,72,2,-0.14015828709029457,-0.3276814862036967
73,0,191600,70,3,-0.7223753062587653,1.459552262657149
35,1,100175,95,0,2.0216091838580565,0.35386854104734206
87,0,97807,76,2,-0.6467003467288583,0.4871549021104741
71,1,194974,73,4,0.19604911844936607,2.1910376979505437
19,1,134579,82,0,2.029849895256354,0.34833626479229346
77,1,63580,2,4,-1.2379476082560177,-0.4437520299548096
66,0,164334,3,3,-2.0530907092901147,0.09016957197126753
31,1,41970,23,0,0.5919820657788386,-1.4569719709217488
74,0,136978,26,3,-1.6263463531533489,0.15285916802412203
29,1,26172,22,0,0.6750218488855383,-1.7372012212027124
76,0,142948,37,3,-1.4360135874739755,0.4168854078023334
88,0,187239,6,3,-2.656300547806063,0.916550141335452
68,0,28898,96,2,0.5815446576806935,-0.6480320517130578
70,1,159603,4,4,-1.319168385308678,0.8068476408584278
63,1,86569,88,4,1.1360499611041,0.6599517043665555
50,0,171859,47,3,-0.5837265218188595,0.40884153385490324
80,0,62970,84,2,-0.14750489089212404,-0.05830125845291862
85,0,93068,85,2,-0.35988605970420656,0.4892998126999393
24,0,121573,16,1,-0.45410557819446984,-1.240891012317778
45,0,142788,46,3,-0.3747674429229715,-0.124078694907939
83,0,107117,70,2,-0.7131743669561966,0.4617279574559286
88,1,88015,62,4,-0.175158789521226,0.8821009378640396
69,1,81847,1,4,-1.1050325168333377,-0.3629362283375651
60,0,84991,29,1,-0.999702476169999,-0.8467927987086661
78,1,148063,30,4,-0.8729375459610609,1.1329111915435235
19,0,165585,90,3,1.3160153429183112,0.20305459003926082
47,1,86161,87,0,1.5490378620358871,0.3059305355955108
62,0,166010,72,3,-0.28944394692520137,0.8877685799605632
71,1,89110,19,4,-0.7505710722121777,0.0065742453902211465
58,1,38632,96,2,1.6244348681160268,-0.030797373500047763
59,0,84890,58,2,-0.2743243556400464,-0.508789070134984
45,1,114074,3,0,-0.5107556829531766,-0.38103792037077727
18,0,175422,16,3,-0.4701529835123719,-0.5970360423630272
43,1,88937,50,0,0.758400142685782,-0.1981890951027335
31,0,198216,73,3,0.47145515911255237,0.7100429222522856
64,0,192101,76,3,-0.3345939336690112,1.3524211592456703
79,0,191658,74,3,-0.7897028551273652,1.6360062523982812
19,1,51308,84,0,2.3554439663302014,-0.8171553235372523
25,0,40636,23,1,-0.04320713485533073,-2.289889801845889
57,1,156684,36,4,-0.18544487916305744,0.8900344063151808
33,1,36334,7,0,0.17130143731861366,-1.6944272211921638
79,0,39800,45,1,-0.9815042791162708,-0.895218248681527
86,0,168695,27,3,-2.034736970828743,0.8704987164557162
50,1,76619,83,0,1.4028911643725115,0.1827689824149688
73,0,188968,42,3,-1.387353613444737,1.073924323617019
32,0,190592,95,3,0.9990023695738096,0.8954753293876005
38,0,199337,30,3,-0.7575800183014453,0.3385281214706123
51,0,194318,49,3,-0.6376684513408125,0.775732682152191
59,0,42004,30,1,-0.805171399450649,-1.4698431333890278
72,0,79579,78,2,-0.1293773640969187,-0.06332990697590728
23,1,183097,81,0,1.7351968159622064,1.1134066122451853
69,1,152819,23,4,-0.8121461372198209,0.925031606126149
27,0,150865,29,3,-0.32059036384588685,-0.5976371422728693
85,1,110912,84,4,0.35961141680982417,1.419887358736504
22,0,86645,50,1,0.5348632777175634,-1.359576562152183
41,1,114174,54,0,0.8250184985699064,0.17031561867245254
52,0,25673,73,2,0.474545362798132,-1.3157534667379662
79,0,141582,68,3,-0.7672181522070066,0.8456035650992824
86,0,36598,5,1,-2.1239473561604627,-1.2912436955052775
54,0,71638,76,2,0.3391103266043238,-0.5794331377577314
76,1,156853,73,4,0.1869195769032983,1.7510276009176644
54,0,184475,35,3,-1.0234366279157368,0.5239812937407415
52,0,116156,50,3,-0.3803913169224147,-0.30817005937334385
58,1,101334,70,4,0.7898805521634709,0.5423738326923749
88,0,112521,54,3,-1.2523336614267757,0.4450432172575531
81,0,46443,73,2,-0.38435247066358647,-0.41028352476782287
18,0,22123,75,2,1.4603423219537015,-2.0551331961437476
50,0,85357,32,1,-0.6564279238925912,-1.0141248432193464
46,1,92047,80,0,1.388218552387433,0.28208424020340284
34,1,58327,31,0,0.6482860621259727,-1.0607659196949764
54,1,197013,55,4,0.21905243155826765,1.63972306319147
82,1,59523,57,4,-0.03714811125984268,0.2867576051433751
60,0,100512,91,2,0.4404512253234162,0.14565791552353038
26,1,80663,59,0,1.4654536453316271,-0.561351727979445
86,1,69644,71,4,0.15707899286619795,0.6893780359309212
81,1,184311,21,4,-1.291974361653673,1.6021686835698392
70,0,132818,79,2,-0.22825243976621845,0.6681739308872962
53,1,180459,16,4,-0.6369922798260979,0.8973810031014632
43,1,108039,43,0,0.5263128231979468,-0.012129238940945957
49,0,172335,10,3,-1.4483923916174508,-0.06520129415475724
88,0,136703,55,3,-1.3088486054995394,0.8031507278686855
24,1,106157,65,0,1.5793405352692322,-0.16431581465335002
81,1,50213,38,4,-0.4360818231690818,-0.10345818745026579
89,0,121903,38,3,-1.695825429700826,0.4012834746734587
34,0,55110,38,1,0.024424296945904964,-1.7076900012988174
38,1,157866,31,0,0.20768720014099815,0.4460722391534977
51,1,160731,17,0,-0.4927323653152772,0.5858302872428832
57,1,190817,93,4,1.0723791324825636,2.0863979004418245
46,1,169659,22,0,-0.2660159446290523,0.6706734726103749
68,1,132533,90,4,0.8948637798093954,1.4467840589490755
23,1,76221,1,0,0.16632516905641606,-1.408669657528223
23,1,85850,25,0,0.7117388352429829,-0.9727352693022697
28,0,137796,53,3,0.2732251437673348,-0.46518294484455114
19,1,148469,76,0,1.8391920435717324,0.47231991081339264
67,1,126116,75,4,0.5825400163278316,1.1476381864366556
28,0,152379,27,3,-0.40099076451494264,-0.5798670988908459
24,1,44381,98,0,2.579246419159917,-0.6372490080813351
32,0,127137,93,2,1.1623173199640258,-0.03646373517227504
65,1,107650,3,4,-1.0339636769460239,-0.053168046101432866
53,0,51690,46,1,-0.28906315762151547,-1.2584336541001633
72,1,186362,81,4,0.3900142391029227,2.188344856407006
32,1,135861,70,0,1.3828299694482997,0.4903229321038353
73,1,110112,82,4,0.64092035509896,1.1317739266143927
87,0,70957,77,2,-0.53317040998054,0.11576606525590213
25,0,154146,82,3,0.9982478702699347,0.06601584596802064
67,0,23168,24,1,-1.1046276265817416,-1.6457936753917077
18,1,171118,20,0,0.44345656838369335,0.07909202592992225
30,0,45778,55,2,0.5735039363131654,-1.713741835166949
59,1,190834,13,4,-0.9071344510902536,1.1343143228152035
68,0,106261,47,1,-0.8552981377726239,-0.1511438760292028
62,0,33654,13,1,-1.2681017694208596,-1.7375383878944703
57,1,199676,83,4,0.8022354105015467,2.088749171630141
89,1,148616,10,4,-1.6555665576809095,1.123077211221836
69,0,43185,79,2,0.09764638324342136,-0.6341041125047937
84,1,111536,32,4,-0.8664842788582894,0.7615295588082469
42,1,142568,72,0,1.1362995378877583,0.8209062052765939
22,1,73815,61,0,1.64531962042213,-0.718325692653148
26,1,48172,64,0,1.694029864825835,-0.9636631559079988
81,0,50143,57,2,-0.7816804408106326,-0.5562517883640623
32,1,56124,1,0,-0.011785260259809813,-1.5070887889182032
74,0,51239,12,1,-1.677527719993744,-1.2467715075254375
46,1,169298,62,0,0.6976847428952765,1.1626613253739517
66,0,21343,87,2,0.4446181958947529,-0.9098582620303395
87,1,181956,97,4,0.38123452560013116,2.6389960747877703
75,0,131443,38,3,-1.346384394631591,0.24386650459468084
24,0,93204,78,2,1.1322949844691383,-0.8758426082100089
41,1,87935,34,0,0.4312011679926569,-0.4533419060764423
61,1,160189,49,4,0.00676510334161135,1.1856511993474999
24,1,171996,13,0,0.10870978638081093,0.1305520339912016
69,0,58172,27,1,-1.2035392668929685,-1.0661595328155251
62,0,68110,57,2,-0.32416581553760115,-0.6981308463458171
58,1,114147,33,4,-0.14312439170397087,0.26567195617738537
80,1,177638,19,4,-1.2906333195874655,1.4609365206365115
75,1,83092,7,4,-1.1281904056718852,-0.14465680007501308
24,0,77789,18,1,-0.2600870324573145,-1.8419206498639276
64,0,44706,6,1,-1.5278268568929803,-1.6245823019379586
76,0,24796,98,2,0.4254924943279205,-0.5139321618241228
27,0,187286,56,3,0.20773640782986239,0.258571810198579
87,0,188693,97,3,-0.4442323014695736,2.0473622814938537
51,0,55449,15,1,-0.9930630397648899,-1.6319591527226125
47,1,170478,85,0,1.2199583907163338,1.4863745690467278
69,0,166319,16,3,-1.8285852229439363,0.3430731371046308
35,1,131731,57,0,1.0020878212078184,0.33266690425366546
87,0,125254,82,2,-0.5937824472017277,0.9540787360076579
24,0,45257,56,2,0.7626864818562208,-1.8346708165489807
61,0,76806,25,1,-1.0959095092482212,-0.9925262176297694
53,0,188316,85,3,0.19411760571540715,1.1793383016417958
85,1,179665,37,4,-1.0004169134440541,1.818554027571785
53,0,82634,28,1,-0.8252963656051706,-1.0398096054967563
66,1,117768,49,4,0.011963689000643407,0.684173115676775
43,1,160048,98,0,1.6764469215784417,1.4149121257985222
56,1,82746,55,4,0.5453427303981884,0.048259958867117515
71,0,110685,45,1,-0.9998563701859402,-0.049805711329016476
29,1,73030,86,0,2.058881713843015,-0.2719344179535055
56,1,60266,59,4,0.71649862570377,-0.22337412685678987
45,1,58690,42,0,0.61222594193054,-0.6880259912178195
18,0,93831,67,2,1.0289029158816059,-1.1295055580473072
74,1,149404,31,4,-0.7444207676713491,1.0805692965967566
19,0,93812,91,2,1.5792342234886525,-0.8105031686134349
47,0,22917,33,1,-0.34261571116061623,-1.9572235092062147
70,1,91180,97,4,1.1466328044384388,0.984618832990374
18,1,116357,36,0,1.010926050907391,-0.5048506094773331
44,1,89390,93,0,1.764345139273094,0.36370592269657925
66,1,83642,49,4,0.12567570504744247,0.1963460198620973
25,0,131052,22,1,-0.3685467771662943,-1.0098325839165994
32,1,191370,16,0,-0.10150484248500476,0.6126672487781716
35,1,30204,30,0,0.6907022239077034,-1.4542245454372167
82,0,116446,77,2,-0.5485919477942806,0.6611008426486991
72,1,44734,79,4,0.8138112099592476,0.1389320896517139
19,0,80135,97,2,1.7691823330582306,-0.9314420050638688
73,1,29929,29,4,-0.3672096314214975,-0.6731539892952326
49,1,38434,80,0,1.485171609212269,-0.421352166026098
29,1,197430,82,0,1.5481158825505097,1.4566338998934736
25,0,74139,63,2,0.8076545527449284,-1.3138201119883588
64,1,122365,84,4,0.8932928436985536,1.1429214297057035
86,0,53294,31,1,-1.553956910866166,-0.7294299707508044
40,0,35472,71,2,0.7205371335879995,-1.452355459238095
35,1,36425,5,0,0.06841196963702707,-1.676013783556575
34,0,135947,11,1,-0.8946205072450987,-0.8877098427980606
68,0,117804,50,3,-0.8215734946670306,0.051148053741756114
21,0,165503,98,3,1.4543267802634396,0.34328208949498074
41,1,107443,50,0,0.7511972367034341,0.024381946796800915
56,0,109190,88,2,0.44827044092773854,0.14848272917116057
73,1,50841,68,4,0.5015443671272668,0.11050015114169186
38,0,51000,31,1,-0.23924050253778723,-1.769502876470455
51,0,78604,68,2,0.20509123472124943,-0.6422396884369527
80,0,32817,80,2,-0.14328117708467827,-0.5390496240568532
47,0,25894,18,1,-0.7134721118820517,-2.1010982638693547
67,0,178100,58,3,-0.8027569235752267,0.9915168267769823
90,0,161951,8,3,-2.578374296747746,0.6218886343487349
84,1,137534,66,4,-0.13498967979076543,1.5557439239620616
30,0,42229,28,1,-0.06435636966166307,-2.1000494721129894
89,1,22809,57,4,-0.10542730427359785,-0.0911695761333604
66,0,190512,50,3,-1.0093841101309646,1.048530214651639
81,1,73258,47,4,-0.29630858558628437,0.3378257048363779
78,1,107979,95,4,0.8246861673747014,1.367781192114575
47,1,197178,19,0,-0.45713063844449425,1.047753178728603
60,0,100950,39,1,-0.8122553730206488,-0.4943737228323204
29,1,179754,65,0,1.197952920444248,0.9926695606874493
90,1,191323,97,4,0.2683305007093426,2.8358512495935035
85,0,155227,19,3,-2.155128824345415,0.5575605940542242
61,1,191155,40,4,-0.31297940830505716,1.5164481038740354
61,1,98064,64,4,0.5747098919531033,0.484012355486155
30,1,20206,16,0,0.5232959461817821,-1.8760717152758164
63,1,107302,62,4,0.44134149879592405,0.6331810660929932
72,1,135782,54,4,-0.09113300859677806,1.1297346893296851
56,0,178824,78,3,-0.024383032423031966,1.0196053696420488
20,1,103133,43,0,1.168965798756841,-0.5649151386602309
34,1,184492,56,0,0.8294499331002904,1.0534653833168952
39,0,113582,32,1,-0.4509396321553353,-0.8414869409362413
69,0,92532,53,2,-0.6924074353081793,-0.2518410369050281
51,0,132330,59,3,-0.1904923874342729,0.01390869885176011
55,1,55608,29,4,0.037376986834680485,-0.6838059186195342
41,1,44268,40,0,0.7210796345112915,-1.0029842121243144
20,1,52204,54,0,1.6033543635470178,-1.1562233296398656
78,1,186166,8,4,-1.5292751988062663,1.4041574599921334
31,1,86494,21,0,0.39549774931336373,-0.8453641217216444
36,0,115850,42,1,-0.13618040596755682,-0.7477341036381971
32,0,159946,60,3,0.25893303159662634,0.022389651525833505
34,1,199919,50,0,0.6336706089704971,1.199420260840871
33,1,34123,57,0,1.3817909994796467,-1.1045978213972156
56,0,74342,93,2,0.6847004734039047,-0.28752173236330064
24,1,80891,69,0,1.7597797241546762,-0.4757754377663358
34,1,20765,82,0,2.000631935307546,-0.9638461368495593
79,0,164813,61,3,-1.0130638059343433,1.0906869833140151
85,1,44316,8,4,-1.2472283495327254,-0.47667628946053703
56,0,21370,30,1,-0.6547243491598932,-1.82775872806653
78,0,143537,69,3,-0.7224393296391904,0.8649937549486996
34,0,114383,82,2,0.8856669641201025,-0.31352640756611505
44,0,176557,22,3,-1.0375578884770225,0.03937113636220816
20,0,60196,75,2,1.2790170630203888,-1.468914187814757
23,1,79516,79,0,2.032216518034245,-0.39212883181008257
65,1,123161,28,4,-0.4840871111454006,0.4792775375094735
43,1,85785,48,0,0.7207781035761998,-0.2681039740295872
35,0,74402,65,2,0.5825963192564018,-1.0753530494886876
35,1,177543,4,0,-0.4258729530350926,0.3288224712359794
39,0,70546,98,2,1.2805829518944487,-0.6363867203194755
39,1,81673,61,0,1.1562142838146283,-0.24925136156200042
75,1,186467,49,4,-0.46202589922349924,1.8550822032389167
55,0,161285,37,3,-0.9252704926038289,0.23832543691453958
79,1,180099,50,4,-0.5256672076104867,1.8604211485751103
81,1,64584,44,4,-0.3395930884480244,0.17654578754541397
90,1,121122,74,4,-0.051187390214865014,1.5464760604661354
51,0,122671,55,3,-0.2545571943108539,-0.17388038346008022
75,1,29075,24,4,-0.5391375775853399,-0.705535336689234
84,1,112241,81,4,0.31022636900253203,1.3806141228553968
86,1,131452,31,4,-1.0113706324190073,1.075767712222156
64,0,189450,51,3,-0.9273215961807004,1.0038077403237622
30,0,39129,94,2,1.5340945660014078,-1.3240688993173868
66,0,167376,60,3,-0.6916676737064106,0.842090932945062
33,0,32694,30,1,-0.06615172349373624,-2.148538715429482
37,0,21615,43,1,0.17465393509446173,-2.0613984612637535
75,0,154668,24,3,-1.7606471690944268,0.40186320020935196
41,1,39666,14,0,0.11079049842200014,-1.3919156507396941
26,1,89932,76,0,1.8436297621851616,-0.21756445009071526
81,1,177853,19,4,-1.318580403428358,1.4849949293349118
57,1,78617,48,4,0.36343327368591904,-0.07677954713570025
80,0,164700,53,3,-1.2324175118132457,1.0106270102381967
19,0,134116,60,3,0.6990005657536845,-0.6196522364842486
26,0,55298,33,1,0.12133105383315283,-1.9350261767586825
28,1,67047,81,0,1.9857362569664232,-0.4405892361134287
64,1,142915,67,4,0.4157561628615606,1.225393196829512
29,1,116859,8,0,0.035967419187715656,-0.6148432896433135
36,1,103135,16,0,0.08358228571848851,-0.5647015046837711
19,1,73031,70,0,1.946186040021333,-0.6806295386039868
63,0,51888,100,2,0.7373423255020454,-0.3746029627758236
37,0,50157,65,2,0.6089222768736492,-1.3799624112288253
77,1,131461,58,4,-0.11663851509377982,1.2226063874980013
57,1,20575,32,4,0.17183721746847108,-1.1053423295677194
77,0,87295,41,1,-1.1815518664455946,-0.3079677431451232
55,0,192499,86,3,0.14978042667550642,1.2935325135975093
38,0,187157,71,3,0.2695654710828638,0.6739934878804206
84,1,195881,75,4,-0.11284703443923157,2.501665691664803
55,0,107923,94,2,0.6240975864395147,0.18395835176716316
20,0,199963,99,3,1.3907949575285188,0.8273273736846688
46,1,70557,78,0,1.4117009776236926,-0.04997015941294156
47,1,71987,53,0,0.7781442452769446,-0.3192611611848421
70,0,138921,33,3,-1.3554608439828075,0.18369503690640837
88,0,23477,83,2,-0.2578172374464852,-0.46739761120455614
55,1,159702,47,4,0.12364702237129647,1.027922121056448
65,1,182311,91,4,0.8347518579595353,2.1078283056426117
90,0,95957,8,1,-2.3584741974981283,-0.32148771685544475
58,0,62434,54,2,-0.26851731204909196,-0.9004947490236831
90,1,137873,23,4,-1.3341884598463611,1.1520655171741598
79,1,173980,85,4,0.3369076179703,2.2079555406832987
62,1,134389,80,4,0.8114389773208797,1.223118225002336
34,1,85450,95,0,2.097905366709646,0.12239141464774692
68,1,143164,95,4,0.9797522082946932,1.6608964728338174
86,1,28578,79,4,0.48641549805023127,0.20177412959189023
53,0,166806,94,3,0.4823535660012795,0.9837137881960663
55,0,182541,87,3,0.20702414836602354,1.163612800065376
78,1,73774,100,4,1.0589736450153142,0.9409683388145637
75,0,60479,8,1,-1.8317969894786787,-1.1434166317571322
58,0,65322,50,1,-0.37439026126111186,-0.9089259642785358
25,1,187386,28,0,0.3911344137201978,0.55796587024813
28,1,78304,52,0,1.2504156541263887,-0.6401042859299437
50,1,43097,26,0,0.14303122581472394,-1.0048603396568556
80,1,193458,66,4,-0.21241259447705402,2.271230789922743
86,0,88528,52,2,-1.1660495783468312,0.035238712732720924
38,1,39786,31,0,0.6011442374382505,-1.2418672636829653
37,0,74619,37,1,-0.14633656019487462,-1.3782848549280753
50,1,192481,80,0,0.9446374406702343,1.801716317200917
39,0,122431,87,2,0.8430088778930915,-0.03141262347338009
53,0,179038,18,3,-1.387150761114202,0.2139869889962535
52,0,169213,2,3,-1.7121810955366632,-0.14630454426343797
61,0,104479,25,1,-1.188119338119553,-0.5969439864137003
25,1,153857,61,0,1.2969178303638,0.48882016950833584
47,0,142183,4,1,-1.4378355445345175,-0.6127627988443464
43,1,43556,26,0,0.3321165239031055,-1.145194055020838
47,1,56055,73,0,1.3124805182649533,-0.29843304678584964
62,1,125042,6,4,-0.9380365865200605,0.16977961227808486
24,1,137805,27,0,0.559512617339257,-0.18420232243058893
54,1,185368,44,4,-0.00683189329425453,1.3365433946649325
65,0,120561,15,1,-1.591253691605081,-0.40740075508838397
54,0,158343,68,3,-0.14230092218751197,0.5605748248986551
87,1,185443,43,4,-0.9297566041323124,2.017692112189084
62,0,27893,68,2,0.07452905189884805,-1.136312276194149
90,0,145939,87,3,-0.6240872118374287,1.3748669076795752
36,0,43404,55,2,0.4180303304955995,-1.621767825544236
51,0,100259,74,2,0.27730878838138895,-0.25811180305288534
76,1,190908,58,4,-0.2874925301623445,2.0514091459593993
86,1,61752,22,4,-0.9956836898264718,-0.03244383508511097
55,1,160907,64,4,0.5286933759183019,1.2564354816782972
25,0,30546,4,1,-0.46677246861265403,-2.6702705919515144
39,1,123784,7,0,-0.2834767494456699,-0.3184298553466998
45,1,103930,39,0,0.3892933808976951,-0.07861171511510896
21,0,110598,4,1,-0.624592837532582,-1.6098768465494528
66,1,73495,8,4,-0.8270734829163401,-0.4582811460042634
68,0,71313,53,2,-0.5944724482542832,-0.5761491180083834
81,1,94200,25,4,-0.8954636823927182,0.3637575270775305
64,0,32546,6,1,-1.4873082460060003,-1.7984080501975401
69,0,86735,44,1,-0.8896531235964561,-0.44656682837084427
90,1,52625,88,4,0.5139272388594308,0.741321529719246
72,0,154752,96,3,0.05326098932311384,1.2349758904784172
60,0,126673,97,2,0.49765423452165325,0.5941985329518144
68,0,169632,36,3,-1.3311449720246267,0.618021219543007
54,0,188647,22,3,-1.3501500255879664,0.4220463366439294
38,0,29812,38,1,-0.00020237529417550896,-1.9853818535919043
68,0,186743,70,3,-0.5700377993590279,1.2851969806850698
26,0,161672,27,3,-0.3774948249297129,-0.4889947920830487
83,0,182004,94,3,-0.3852083577813515,1.8305176647545607
29,1,166866,67,0,1.2890222061514587,0.833294554574526
49,1,37617,81,0,1.5119563981628286,-0.42060237587066274
22,0,127065,27,1,-0.15325734798695717,-1.0676377629388296
66,0,45829,100,2,0.675839623928901,-0.3982606163132074
60,0,169662,22,3,-1.4502737427999712,0.2765680843965839
74,1,49289,32,4,-0.38676286820637074,-0.3381339684024078
36,0,144986,95,2,1.0420444432130704,0.32748304159652175
83,1,107969,20,4,-1.1161172574217173,0.540410218894044
69,1,34551,74,4,0.8091220229884466,-0.13173124581772586
36,0,171142,37,3,-0.440732352997458,-0.019485102842314583
81,1,104805,73,4,0.22419650688872472,1.1119327015812333
46,1,76323,84,0,1.5368626273679789,0.10702636790398018
34,0,80153,13,1,-0.6605831690118388,-1.6604209965117738
65,0,42523,90,2,0.47346185092853055,-0.5907915771540475
43,1,197928,8,0,-0.6153939130738191,0.8378185179397757
23,1,39238,3,0,0.337681948951273,-1.9124798120222823
75,1,122810,86,4,0.6403974864151271,1.404975169843531
85,1,122186,90,4,0.4664197352411592,1.6556200884723216
47,0,68927,57,2,0.08157200250298881,-1.0012270693822485
27,0,36897,94,2,1.6232238960995482,-1.4189301009461373
46,1,27800,62,0,1.1691734273760237,-0.8600356916683405
22,1,26270,10,0,0.5765607058555405,-2.031839879867661
86,1,182585,66,4,-0.33956649026761004,2.241712609211723
73,1,78364,62,4,0.2654596879572674,0.4293659045659882
47,0,55091,58,2,0.15173769565894235,-1.1865823299333504
65,0,167925,17,3,-1.7009514571447713,0.29451938552042856
40,1,83498,77,0,1.507901599083787,-0.003318873209928329
56,1,98022,1,4,-0.8049307927344694,-0.40452165617957786
58,0,130004,63,3,-0.27710683349119425,0.17726870257693003
32,0,69150,10,1,-0.6416458033633096,-1.8969637094844845
63,1,168907,20,4,-0.7745565951634774,0.9918114663864452
79,1,63283,53,4,-0.06423463894224078,0.22783649768392847
89,1,68960,5,4,-1.510455223298297,-0.07773933700646034
42,0,31626,12,1,-0.7407931199450674,-2.198657300725341
44,1,175105,94,0,1.502794694895352,1.6014203220952803
82,0,142302,6,1,-2.343180889383735,0.14827103500969135
71,1,34610,20,4,-0.5449079454124617,-0.7600680404263105
82,1,173473,92,4,0.4253420851606814,2.3506640176281834
21,1,143193,14,0,0.3104393910202409,-0.3317097328009673
64,1,38031,78,4,1.0299294028496817,-0.13719527764894868
18,0,98403,21,1,-0.09320400862544657,-1.6358699142473907
69,1,157059,42,4,-0.3690878862183501,1.221787344643078
59,1,95554,77,4,0.9503466568157061,0.5677353854295089
76,1,114313,54,4,-0.12851837829460905,0.9067779349055074
70,0,196954,21,3,-1.8375832525464422,0.8641253521473833
59,1,193354,54,4,0.07102883598824895,1.6799144342427628
21,0,186776,84,3,1.046568309127198,0.47337517815219254
39,1,151439,23,0,0.009372516395352028,0.2757543898843405
70,1,72095,29,4,-0.4260198807773156,-0.13335108144792185
29,0,196555,54,3,0.07426471887190218,0.40818366210443413
55,0,46289,35,1,-0.5902146109861595,-1.4303860693432877
34,0,43247,37,1,0.039890822637360705,-1.8896988776328294
20,0,133550,78,3,1.106779875736581,-0.3830413924456897
53,1,149683,4,4,-0.8231922118879399,0.3082972659423412
49,0,65372,42,1,-0.32198032831839274,-1.196505965479443
76,1,20496,52,4,0.13596647865403516,-0.45918229484001094
32,1,190513,29,0,0.2141625687488746,0.7619897351085786
29,1,50206,94,0,2.327433638451367,-0.49877111214193726
77,1,186429,28,4,-1.0216719739391533,1.6355061565594795
34,1,57780,23,0,0.45760917493864134,-1.1680148803235415
40,0,172351,13,3,-1.1311822739086372,-0.21655153751363768
82,0,75432,47,1,-1.1338016146861916,-0.2980506193302137
58,1,96512,81,4,1.0706349399663135,0.6101597021571914
78,0,64046,36,1,-1.2516262493710764,-0.6814679512438998
58,0,69015,3,1,-1.517630694779224,-1.4402842281544699
25,0,53087,19,1,-0.1809451725469714,-2.161619073794296
18,1,103070,48,0,1.343949301350236,-0.5456421967887656
44,0,53827,7,1,-0.9895431527864855,-1.901470175576196
70,1,134442,55,4,-0.00814416456209121,1.0810382381912684
86,0,154075,4,1,-2.539457568307986,0.37564728670464764
21,0,130106,50,3,0.4172765746259118,-0.7592917651774348
53,1,176769,22,4,-0.48032207872101546,0.9192051393375786
30,0,53170,55,2,0.5488728860108172,-1.6080740776723084
21,1,165394,91,0,2.0892711852305217,0.9426613981784787
78,1,144384,90,4,0.5830680200012467,1.8260427827641816
77,0,146241,62,3,-0.8726558251558707,0.7956611494445861
35,0,198983,33,3,-0.6025210801122954,0.3077988284838032
34,1,80840,37,0,0.717644654590304,-0.6643730267445669
69,0,195575,57,3,-0.9395095658550962,1.270861176613454
55,1,43900,20,4,-0.1401725247304929,-0.9630287493914677
45,0,129383,33,3,-0.6429121215524014,-0.4772747685474046
35,0,39410,82,2,1.108255514766895,-1.364271482431976
23,1,179976,38,0,0.7109112450066312,0.5343578623356895
39,1,29969,44,0,0.9194367897397938,-1.1996418982825838
71,0,188475,13,3,-2.0290604207049103,0.6644744078594216
85,1,134267,17,4,-1.3303941070160692,0.9210208851497549
22,1,20994,22,0,0.8828903221030237,-1.9581151785847262
30,1,62539,6,0,0.14161275209297192,-1.3952136104327928
34,0,81746,12,1,-0.689953685104528,-1.65007795931117
47,0,26328,38,1,-0.23366935746117415,-1.8463201333505994
62,1,141148,41,4,-0.14951818585400484,0.8350177260202536
62,0,77454,53,2,-0.4515509482929058,-0.6142743123602209
54,1,43311,16,4,-0.2072290061613796,-1.0421482739058026
54,0,177125,53,3,-0.5658215206942038,0.6426306583311311
29,0,152539,50,3,0.12468164836406861,-0.2707346334437913
75,0,80248,1,1,-2.0661068347446077,-0.947822090226172
50,0,103647,25,1,-0.8858095598244867,-0.8396724301156823
19,0,179522,11,3,-0.6313575875848944,-0.5795855605644931
57,0,53070,24,1,-0.9319579819351118,-1.4281982489533347
43,0,167500,50,3,-0.3063997226707828,0.2369212065451845
59,0,45565,44,1,-0.48016286110776746,-1.2449371568917622
82,1,75553,70,4,0.22224974552926463,0.6774777403931533
79,1,191411,8,4,-1.5739828593545195,1.5001191181761995
23,0,141271,43,3,0.15717495729933148,-0.6447203577116029
20,1,159038,63,0,1.4639323801093251,0.48281431436734384
37,1,91584,95,0,1.9957740942035291,0.27303124043018856
31,0,184523,39,3,-0.30104120861979783,0.09172706304700351
32,0,35894,33,1,0.022603495992993654,-2.086493983983065
22,1,96652,56,0,1.448911712564674,-0.454017042166864
89,1,68715,43,4,-0.5952659515594264,0.3910493066750253
48,0,184065,19,3,-1.2436855092689685,0.19335101462416412
50,0,153306,16,3,-1.2678414393420694,-0.2416613222818804
88,1,175388,74,4,-0.17754700058195,2.280232033102729
61,1,115609,43,4,0.010936460420288875,0.4738131759000356
41,0,121739,76,2,0.5261664591775602,-0.13605044590775703
75,1,38489,22,4,-0.618631069359872,-0.5958207458274444
89,0,195013,11,3,-2.5891229225165255,1.1108070906740686
38,1,68921,60,0,1.2018737439833105,-0.4649533961278797
23,0,35933,47,1,0.6044238674793688,-2.100799661304952
57,1,129001,57,4,0.4121096113477342,0.7553120862421194
52,0,186731,10,3,-1.5780536610929943,0.20354283525602837
51,1,176688,58,0,0.4406571903085914,1.3235107094734027
19,0,116554,6,1,-0.5418527152484925,-1.5418491411154949
29,1,69845,62,0,1.4919958495844334,-0.6157525955063714
43,0,136467,44,3,-0.3473686305333813,-0.2812640692318398
75,1,82772,94,4,0.9663085695603598,0.9320664007751291
83,0,87193,61,2,-0.8633471591918119,0.06505838756386993
72,1,41724,20,4,-0.5958433431110246,-0.6373892503757018
88,1,165909,75,4,-0.12189936561962895,2.157159567384439
71,1,139774,78,4,0.5002945101995303,1.464103826171099
63,0,157359,37,3,-1.1300339990984103,0.3500838105581905
50,1,89085,44,0,0.4229175774861143,-0.12375063290614048
31,0,147347,60,3,0.32814512178820604,-0.17869655868956177
65,1,58255,79,4,0.959372322570184,0.18531810486064718
88,1,136166,41,4,-0.8409151655282927,1.3094108743332453
71,0,37596,41,1,-0.8525646401742698,-1.1443190709521445
43,1,92862,60,0,0.9859460092737766,-0.017794612528674418
72,0,87830,36,1,-1.167493388544484,-0.46738856693259606
68,1,79811,78,4,0.7817906104552559,0.5439848718471263
81,0,32955,32,1,-1.3259690370012671,-1.1126698867637281
78,1,100301,28,4,-0.7619135956242473,0.42530168845055677
22,1,123217,57,0,1.3844563203222002,-0.06184483105387435
52,1,104060,87,0,1.3532428121108215,0.6667196505282365
20,1,167081,25,0,0.5227592162901361,0.12549714970956036
37,1,60583,12,0,0.10189031023507202,-1.201707085647394
33,0,30671,50,1,0.4218380561696832,-1.9288831065779795
83,1,198970,45,4,-0.8177826271357416,2.1519763400144742
20,1,83044,44,0,1.2599672545670941,-0.839656287687251
54,0,21480,63,2,0.19343115010722722,-1.4580089585834142
76,0,30327,6,1,-1.806682395711295,-1.5783082778806932
63,1,52566,73,4,0.8884154543465229,-0.012547735382054915
73,0,79269,51,2,-0.8052610926726911,-0.38235141624846675
24,1,143443,95,0,2.176972355235704,0.7415443323986122
69,1,67771,56,4,0.26530490395390627,0.11942795106189902
80,0,145101,1,1,-2.4183583695041513,0.08416884903059921
77,1,59524,3,4,-1.2003700741851515,-0.4893033581063469
64,0,111693,61,2,-0.42760129090271454,0.01656778462979981
80,0,45165,38,1,-1.1950489078483584,-0.8845421581402273
35,1,21589,35,0,0.8397206840649435,-1.5152314038389805
26,0,147475,17,3,-0.5708131281105482,-0.8162262883184913
69,1,131998,45,4,-0.2133942272486933,0.9008294644392241
68,1,182635,39,4,-0.49926691084937586,1.5291220789963518
62,1,179491,21,4,-0.75853065856143,1.1345521810493437
18,1,185527,100,0,2.320439596283429,1.2793635700192245
63,1,141200,88,4,0.9540127710246099,1.4408953271600753
29,0,55737,85,2,1.2894233482099868,-1.2195029000053093
37,1,113179,35,0,0.4800702196350431,-0.16399326971985595
77,0,87884,18,1,-1.7369507166370153,-0.5854083336461938
68,1,21753,13,4,-0.5888119260984352,-1.0938133018893736
73,0,175068,9,3,-2.1350977870160883,0.4650781317413779
51,0,52455,99,2,1.0381586969705923,-0.6307465854827197
59,1,99007,14,4,-0.5770931837824539,-0.16591297165966704
79,0,169284,88,3,-0.3782757170020967,1.4901745001856583
29,0,117490,90,2,1.2039670048396771,-0.2746075993996524
45,0,171563,49,3,-0.39846193656116424,0.32454261759403225
46,1,67191,43,0,0.5807313349592715,-0.5330914941397265
89,0,144817,35,3,-1.8443650214357505,0.6915502462002302
48,1,87953,96,0,1.7323980238799046,0.46439033957095815
65,0,126775,74,2,-0.19227525936391093,0.4147213824245333
23,0,178822,16,3,-0.6176355877754045,-0.44350840144474807
69,1,121702,76,4,0.5668490953303129,1.1389393097585188
41,1,164463,88,0,1.4755725074190396,1.3117669288076401
84,0,147735,20,3,-2.078871439520255,0.4419070467483563
61,1,74488,21,4,-0.381417111100073,-0.38743817737151004
77,0,20853,64,2,-0.4067227462919792,-0.9718879256817355
19,0,95853,87,2,1.4761835821237768,-0.8310421477478815
80,1,150729,14,4,-1.321281456294946,1.0141320401259908
47,0,116844,46,3,-0.34278020899840655,-0.4529750588103326
24,1,156470,65,0,1.4116914506017468,0.5549025136512821
31,1,159140,95,0,1.9340532843274172,1.112826138953532
85,1,56196,23,4,-0.9258772943662127,-0.12042249352333484
26,0,67031,62,2,0.7800461579649911,-1.4068718216388962
76,1,67594,48,4,-0.11721961096204578,0.16436316182586827
28,0,178785,21,3,-0.6333534627342221,-0.27696872711177584
50,0,31252,19,1,-0.7889552124644484,-1.9491225578263258
58,1,80369,64,4,0.7153638339053037,0.16810941493158982
53,1,92354,64,0,0.8115817318775316,0.23450851225127647
76,1,87030,92,4,0.8767648244608869,0.9890615965604661
43,0,46697,57,2,0.264567797953298,-1.4029423028853285
55,0,48132,23,1,-0.8851050503278038,-1.5531850957722049
90,1,87855,82,4,0.25216189076624423,1.1703579280314202
57,0,53950,21,1,-1.00707758417302,-1.4529048768633739
78,0,168069,68,3,-0.8282454061871783,1.2032470585412889
22,0,179238,50,3,0.22633204927528291,-0.03597068151078191
58,0,138580,54,3,-0.5222451199931687,0.18800323016826567
74,1,105593,70,4,0.3399982022950142,0.9390158790891991
73,0,154476,28,3,-1.6092962674664693,0.4068633948650561
55,0,158827,34,3,-0.9892674695834528,0.1659024975167961
26,0,42568,62,2,0.8615598732715857,-1.7565674860857832
69,0,45626,21,1,-1.3061091253696786,-1.320075350691654
32,0,45638,73,2,0.9526330845853379,-1.4500563626205512
64,0,195458,30,3,-1.4526523292099716,0.828688523100242
48,1,95478,42,0,0.4079517830650906,-0.09919089511060704
66,1,72612,29,4,-0.31881987824198443,-0.20990066563679952
87,1,187078,11,4,-1.7052028576037535,1.6433455982600524
47,0,110143,22,1,-0.8979503301748648,-0.8470540366000973
54,0,93348,65,2,0.002083052234102902,-0.4058070634225632
32,1,162066,82,0,1.5842610339414234,1.0140647699788663
75,1,194004,74,4,0.1144210122360696,2.2735404088381532
89,0,27181,83,2,-0.29739009705914354,-0.3934643640458202
86,1,108169,60,4,-0.2359779231211748,1.103372527781292
62,0,112548,61,2,-0.37598890076943087,-0.01318011117871462
23,0,179706,52,3,0.24566682797829495,0.016561747216073758
89,1,63275,46,4,-0.5049518702389005,0.35057127898772156
43,1,102575,12,0,-0.20141624711306583,-0.4755264027282507
44,1,146124,47,0,0.4684280354003634,0.6029911290554013
45,1,114766,72,0,1.1472471781333313,0.48643496256091384
52,0,50597,34,1,-0.5469398075117847,-1.4441874593766848
31,1,32632,9,0,0.2862231997298785,-1.7644594727229292
68,0,192283,62,3,-0.7809973168480902,1.2649609583505896
63,0,141862,72,3,-0.2362105277200828,0.563560812273422
71,0,28492,42,1,-0.7981665511891377,-1.2620309564403893
71,1,132360,77,4,0.5009364224176165,1.3456928736863367
88,0,84496,59,2,-1.0386387014902363,0.10657272614867784
80,1,36767,77,4,0.5743879213516732,0.16806743550315184
73,0,75648,52,2,-0.7691330319353642,-0.4216844713331522
49,0,103842,27,1,-0.8111037566888066,-0.8330125225293156
45,1,45316,52,0,0.8974141974769116,-0.754918648375874
47,0,189487,14,3,-1.3548338244651332,0.18772930986066586
32,0,99791,55,2,0.33906464304280826,-0.8996624298595266
87,0,46674,13,1,-1.9922529427647908,-1.0267938081446162
40,0,195890,30,3,-0.8005555466403991,0.3312236867290581
83,1,123185,53,4,-0.37275815719964767,1.1680684736569886
79,1,167263,13,4,-1.3732065387608108,1.217069879205679
88,0,129964,33,3,-1.8157672164537946,0.43338595984886136
44,0,42331,85,2,0.925633621654281,-1.0963649290116304
87,0,156140,42,3,-1.659196177269236,0.8984421139697166
60,1,81070,32,4,-0.11143157201356,-0.17761849875739016
65,0,171578,68,3,-0.4859390171627767,0.9806026728492877
55,1,112017,58,4,0.5472261814281376,0.48298652278685295
30,1,27871,59,0,1.5324403520164336,-1.2320670278587929
54,1,88486,48,0,0.4122405881308238,0.0013416015389373821
47,1,169589,31,0,-0.07645137049296626,0.8025162088835738
37,0,38663,33,1,-0.1227765389057557,-1.941986412731874
40,1,157831,11,0,-0.32790642616088284,0.23896778473252667
56,0,73361,24,1,-0.9723394042495165,-1.1591258357922793
75,1,124972,76,4,0.3925689895254018,1.311593625563557
48,0,142716,97,2,0.7709651213238546,0.571711190235334
80,0,124883,32,1,-1.6050537264300286,0.18044488890321864
88,0,34694,6,1,-2.1480019048986327,-1.264062421843649
67,0,129921,17,1,-1.6287788245938102,-0.2067732385802013
68,1,88066,75,4,0.6820966039992985,0.6247029884612987
38,1,128892,87,0,1.6517290282915946,0.7278999947903733
61,1,192834,38,4,-0.3666989317234388,1.5155917931907703
56,1,123311,98,0,1.4448603025007971,1.162566218466726
32,1,142748,30,0,0.39738384979827746,0.09162347022364915
48,0,101905,38,1,-0.5127318651231668,-0.744970931861197
69,0,120028,54,3,-0.7599650336966874,0.1536397080590857
34,0,35601,27,1,-0.17525621573431377,-2.123284610969545
85,0,176416,64,3,-1.1429231550689243,1.4197466621208301
79,0,75862,42,1,-1.1738546188727421,-0.4170023868490828
37,1,56955,68,0,1.4614761588181198,-0.5575612859819532
74,1,57160,45,4,-0.10017822307623797,-0.06404576407778799
65,0,173110,32,3,-1.3572918411321788,0.5550689557505669
65,1,89819,12,4,-0.7579865957270266,-0.19620169377027075
79,0,127489,5,1,-2.2361925695631477,-0.1388627672335298
42,1,128399,36,0,0.3172643709526057,0.17092856766605657
28,1,165059,3,0,-0.21772243684095116,-0.008958591524543572
44,0,156125,65,3,0.0652091662138358,0.2817325631830586
51,1,77516,80,0,1.3004842385696667,0.1792903768418663
73,1,97823,68,4,0.3449945828598252,0.7821022321229141
35,0,130322,42,3,-0.15717220683859498,-0.5618436007668218
34,1,40961,74,0,1.7408368289073344,-0.7745763889132806
23,1,161123,82,0,1.832479322884463,0.8117196132618073
36,0,43369,96,2,1.4047071908320161,-1.112691134084048
39,1,169978,55,0,0.7175965284166341,0.9384858253091616
55,1,168156,36,4,-0.1692096347359469,1.0120552579796906
87,0,26910,24,1,-1.6617099789855292,-1.172602044806006
86,1,193658,13,4,-1.6517726573063436,1.7412783185633127
66,0,106793,29,1,-1.2357334781062845,-0.4092257553751273
38,0,105406,7,1,-0.9980266397891371,-1.290064584613982
42,1,182941,59,0,0.6889599697616174,1.2364602212673732
55,0,110060,69,2,0.015415720891077202,-0.09621117877753467
27,1,152967,93,0,2.015420297532618,0.9157863882274059
84,0,149370,78,3,-0.6886976626485473,1.1861442183156492
29,1,199735,98,0,1.9254344564495038,1.6884429215734948
23,0,39713,81,2,1.4099515666033828,-1.6241889536208234
83,1,190792,49,4,-0.694282749338843,2.0847876368241636
82,0,170900,49,3,-1.4037878060570728,1.0915104583081146
63,1,197241,82,4,0.6229026193813462,2.1674224859188076
49,0,140339,24,3,-1.0049035697788173,-0.3485783876300196
42,0,93963,76,2,0.5914888191966561,-0.5121200404605036
48,0,164474,45,3,-0.5527823309766586,0.23644640655828897
84,0,184883,32,3,-1.9139037927028075,1.1220777631763972
69,1,183609,26,4,-0.8425548579087756,1.402457103064227
51,1,133730,30,0,-0.08994994067439085,0.3614274148151898
61,1,92378,4,4,-0.8500903458055392,-0.3429907926794852
74,0,99707,51,2,-0.9005936919714285,-0.06920763690421781
32,0,128874,88,2,1.036217199089734,-0.07377706562983732
49,0,160692,70,3,0.03415019877774395,0.5140858678603657
51,1,85340,47,0,0.48035303350910874,-0.1190138285871342
29,0,93688,47,1,0.24859306149541996,-1.1492887752759577
76,0,24282,44,1,-0.8721668128585686,-1.192429941757232
35,0,180119,98,3,1.0243949915276023,0.8460061956723152
86,0,188775,64,3,-1.211335535835103,1.6174021009889967
84,0,175643,94,3,-0.39124340336625846,1.7605729385388982
79,1,113350,35,4,-0.66418802751732,0.7198215482583864
30,1,124808,72,0,1.5222461651350734,0.315209013183581
30,0,136571,13,1,-0.7396521522654109,-0.9378724595280472
43,0,189861,72,3,0.14846446893508422,0.8300005995083625
89,1,47776,50,4,-0.35705752284466813,0.17872975482632564
42,1,82906,26,0,0.2282281768440504,-0.6036755122479932
19,0,29948,60,2,1.0461011133585303,-2.1087213602263613
71,1,183393,83,4,0.47526287816347174,2.1497757617324096
58,0,49552,60,2,-0.08121823995115438,-1.0100691553864225
78,1,181901,11,4,-1.4428763615475992,1.380475917025636
49,1,74499,62,0,0.9318746013641221,-0.12952403380120087
65,1,171758,49,4,-0.14070693300786788,1.4349687106305635
23,1,147090,6,0,0.05049319601129462,-0.3334622252503335
37,1,65954,93,0,2.0330515070279547,-0.11820396492584902
33,1,124266,20,0,0.19111301450281715,-0.2758765800739289
90,0,99604,10,1,-2.3225015590784355,-0.24449687202493206
45,0,82183,99,2,1.1024854210280886,-0.33169843080505473
57,0,192371,59,3,-0.5539404256951657,0.9980976819631062
54,1,172180,57,4,0.34992392179220305,1.3095957081508576
19,0,21467,29,1,0.32842505694932855,-2.6152461788244525
59,1,81644,29,4,-0.15830086725344497,-0.22768436950165413
31,1,173859,100,0,2.0053199956000527,1.3853760247860676
70,0,38225,84,2,0.20725525779568932,-0.6218781728978803
56,0,29303,44,1,-0.34428385084973173,-1.54035553352725
39,0,74111,66,2,0.4987057017937419,-0.983144114664544
72,1,74095,59,4,0.2347278624974518,0.3100699270107742
29,0,91152,75,2,0.9307917783083582,-0.8375367792461499
62,0,66915,41,1,-0.7051830455290744,-0.914072550544906
54,0,99822,56,2,-0.23605111255040176,-0.4251203748807046
65,0,113409,91,2,0.2613234526727478,0.4349440376277672
35,1,63277,28,0,0.5323740434016698,-1.0063073741417563
21,0,50898,18,1,-0.08879089102183563,-2.2892793125398017
70,1,137820,54,4,-0.043462519506199705,1.1168976372868848
76,1,72212,79,4,0.613328435073505,0.6156668566141923
71,1,145789,8,4,-1.2041193419859182,0.6800779998972073
40,0,56986,41,1,-0.07302349560169756,-1.5176766262190542
88,1,94505,22,4,-1.159282056496731,0.47772640838031283
50,0,178650,10,3,-1.4966654233539496,0.046055886285702945
25,1,140391,31,0,0.6199148499262868,-0.07653592133118944
42,0,191493,95,3,0.7236933522995779,1.1182051104854027
23,0,80052,25,1,-0.07195983496255283,-1.7435553910858121
83,1,53941,94,4,0.8445315765641531,0.6878107727407473
18,1,34192,57,0,1.7900212452294029,-1.4183866151325095
34,0,143044,69,3,0.47735321595352653,-0.06539403332009076
64,0,107598,47,1,-0.750830475774079,-0.2159716581150495
79,0,44678,94,2,0.18130142111039219,-0.21648114783444042
18,1,197471,39,0,0.8128315922022868,0.6919504594521247
88,1,157828,10,4,-1.659031393645244,1.2337766420664513
34,1,46206,77,0,1.7955471801844898,-0.6623136172458454
19,1,176774,21,0,0.4214418502260317,0.1933575876627432
41,1,81225,80,0,1.5604321706309892,0.022459995372079954
66,1,186904,20,4,-0.9162168381426405,1.3120314608862733
74,0,149127,84,3,-0.27120651335941304,1.0473927143612536
26,0,119523,46,3,0.22013726163393796,-0.8553642703435645
52,1,101347,97,0,1.6029073085563632,0.7522247155901983
78,1,45056,28,4,-0.5778304822647732,-0.3644189910396228
39,0,157558,24,3,-0.7899726141223549,-0.3122849320120637
28,1,117957,11,0,0.13172676039191533,-0.5828463972463734
68,0,69264,93,2,0.3748528622286989,-0.10829102372031425
28,1,45712,78,0,1.9846397584171878,-0.7828566368513138
40,1,65317,75,0,1.5203580306173312,-0.2880715128763585
85,0,35602,95,2,0.0722221457787373,-0.20788272046645984
67,0,67521,82,2,0.14320453681381423,-0.29090779377895415
56,1,192065,42,4,-0.13173336291000162,1.449388813632988
73,0,32300,84,2,0.14530605179336264,-0.6436203124330616
60,1,24445,81,4,1.256309664839906,-0.3780594402794685
24,0,101300,31,1,-0.025616784882474947,-1.3442605127449119
62,1,55768,76,4,0.9771640095880413,0.04952558582558905
67,1,147070,40,4,-0.3294668481105494,1.0121683482290338
30,1,51346,77,0,1.8873427799130358,-0.6727779683587324
90,0,134134,92,2,-0.46443928056756834,1.2682593801208981
80,0,137216,15,1,-2.055210355814858,0.14545562202628837
50,1,66886,47,0,0.569074701557865,-0.40379656479429343
69,1,106722,17,4,-0.8029199501480884,0.19150824878807735
70,1,186236,49,4,-0.3251027914983645,1.7468550389846687
20,1,85807,95,0,2.477945283668284,-0.1662954441043646
37,0,191250,88,3,0.6922193320248486,0.9228054543474123
48,1,83498,70,0,1.121619065767555,0.077560248405756
18,1,90740,75,0,2.0347203821831528,-0.3863229691037366
37,1,48146,8,0,0.04708213995750669,-1.4292073463034052
38,1,92025,25,0,0.2827028159423797,-0.5696892410165788
33,0,175785,30,3,-0.5429484792855821,-0.10306995356996014
31,0,102290,57,2,0.4060932356946395,-0.8600671173397655
63,0,147609,88,3,0.12963888016961975,0.8445728130249465
18,1,194614,2,0,-0.06795899043168642,0.19124780372433575
52,0,58373,67,2,0.2212102848977134,-0.9228831163778265
65,1,65699,17,4,-0.5573035745662814,-0.47885067608361415
27,1,73966,65,0,1.6049128616318247,-0.5615272883814728
63,1,149728,23,4,-0.6384624813613548,0.7549360739509188
50,0,62689,61,2,0.11691553000265147,-0.9777286760829371
59,1,176497,64,4,0.3678228745707515,1.5632327079080532
52,0,129892,64,3,-0.08928712609392644,0.062186327365800334
25,1,77793,51,0,1.3097479564382926,-0.7227927056395682
76,1,146253,37,4,-0.6440079356120874,1.152068392216539
29,1,111137,45,0,0.9453442816571659,-0.23677641469833266
43,1,81242,89,0,1.7224761726197302,0.17653139562515735
60,0,74484,11,1,-1.3978158700190977,-1.2207058464134757
49,1,56232,41,0,0.4874311445915481,-0.6516514779162788
21,0,38953,84,2,1.5391326690898652,-1.6397369587701858
32,1,158271,20,0,0.10503486277196163,0.1892358258200129
71,1,97613,29,4,-0.5382796629137057,0.2524106914126654
80,1,197820,63,4,-0.2991346476284873,2.2962989363087445
67,1,168401,33,4,-0.5689814688867958,1.230091493278207
58,1,181505,84,4,0.8596151776731671,1.8624106129862317
38,0,57721,42,1,0.0030511940258772094,-1.536711200084557
61,1,116230,39,4,-0.08738256684429814,0.43297546629448624
50,1,38225,17,0,-0.057296675883952215,-1.1863633665552282
80,1,194409,86,4,0.2656674525566057,2.533399373718652
42,1,63280,50,0,0.8711230898643835,-0.5859378563685906
69,1,20729,31,4,-0.1795065039620655,-0.863749513171776
31,1,20368,27,0,0.7602123574364953,-1.7160551514670448
37,0,194052,13,3,-1.1218006341359978,0.03070663857936899
85,1,165946,8,4,-1.6525144220806998,1.2620100395536822
53,0,137158,15,1,-1.3197888007265133,-0.4219687339450117
32,1,193966,67,0,1.1170296510913595,1.2836408472986114
90,1,185177,93,4,0.1925599471184557,2.6982800828767215
29,0,113866,68,2,0.686668831968239,-0.5998438143085723
47,1,101891,27,0,0.05287688655063605,-0.21493344935243214
43,0,34222,87,2,1.028009370908833,-1.2084097100393727
81,0,139164,25,3,-1.8483075603157602,0.3185741349940602
25,1,106378,18,0,0.42043855395794943,-0.7243208946526828
88,1,60062,20,4,-1.0926386471470626,-0.03948957982208096
71,1,193302,62,4,-0.06306646515117015,2.030420873781967
84,0,96737,28,1,-1.716440292615047,-0.18767361384348416
22,0,64512,100,2,1.8117353864320844,-1.054529773938434
24,0,131393,31,3,-0.12589035045993277,-0.914084670444288
32,0,52858,47,1,0.3029515950498396,-1.6699937226236963
63,1,25031,95,2,1.5095392354932413,-0.13272570550769947
42,0,128692,84,2,0.6682670914712616,0.08375652929709254
40,1,75580,89,0,1.823034683255892,0.032638753492265256
84,0,56115,16,1,-1.8698321454998161,-0.9175047455226587
78,1,88972,31,4,-0.6519766442779464,0.30064110883063166
37,0,98444,60,2,0.3277118486976374,-0.7518490491301771
59,1,174551,71,4,0.5427442986328443,1.6224158235506556
71,0,131685,36,3,-1.2863929479428355,0.1385284130038521
83,0,55147,42,1,-1.2137524090153744,-0.6291808012907174
90,1,64354,32,4,-0.8726521349535037,0.2129785579033831
84,0,133653,40,3,-1.5506995933530452,0.4891806902822357
88,0,43637,7,1,-2.153738632581044,-1.123794596900918
32,1,52417,12,0,0.2652538108375246,-1.4233641275693873
24,0,165069,58,3,0.41158309776883956,-0.09711516525676643
42,1,122350,51,0,0.6983570523191728,0.2708894490846703
55,1,32478,59,0,0.8363223261554105,-0.6415852787099142
68,0,47230,51,2,-0.5623498291010879,-0.94527014305541
87,0,90128,42,1,-1.4392360998127132,-0.0451915450855053
34,0,91810,7,1,-0.8438003909176259,-1.5683578189005138
22,1,163256,13,0,0.19229389291710214,-0.03635524130338892
23,1,109241,99,0,2.4144180692075463,0.28136064675730743
46,1,68360,39,0,0.4805863045066859,-0.566095609169104
83,1,57493,63,4,0.08676008883891283,0.35329625256432967
55,0,135875,96,2,0.5790829849243354,0.6083862699076372
74,0,175763,100,3,0.025038185416956654,1.6270104762471858
59,1,102666,25,4,-0.324598527799716,0.023107780287839524
19,0,195841,20,3,-0.4691724933552361,-0.23444903528393043
77,1,125028,36,4,-0.6245767555654212,0.8572158529458935
39,1,103766,1,0,-0.36114898781156474,-0.6791570211665456
32,0,37131,36,1,0.09066899467434465,-2.0315250938143468
88,1,48802,10,4,-1.2957433944212415,-0.3247370116958134
73,0,185166,25,3,-1.7837464445843834,0.8082871580420335
82,1,21217,39,4,-0.342631828789274,-0.4845388287347985
49,0,79583,11,1,-1.1152689108992515,-1.3786513531970712
36,1,148482,2,0,-0.40439370503067695,-0.09047346013830519
22,1,180292,98,0,2.1808356586392565,1.2636124922405823
43,0,22647,77,2,0.8259542422554926,-1.498160029306343
74,0,108354,11,1,-1.8919043474077242,-0.4427481089047277
73,1,98545,10,4,-1.0530330069938407,0.07155809416152874
58,0,99693,90,2,0.47357914391728073,0.07955168195147082
52,1,107181,42,0,0.2600332422864293,0.15204213017465928
47,0,155153,67,3,0.03488084650797888,0.355650382559559
29,0,100122,60,2,0.5399659668101406,-0.8957423143928691
37,0,106891,12,1,-0.8554319404702152,-1.227678158186384
68,1,150170,56,4,0.01797201083616688,1.2763268093632578
22,0,118166,87,2,1.3201418979778203,-0.4491254485203931
51,1,69631,55,0,0.7251969057769291,-0.24414244721085182
78,1,109758,36,4,-0.600925920854925,0.659918035344983
73,0,116009,43,3,-1.120182835463873,0.04341283655676891
55,0,168890,57,3,-0.46936238938940966,0.5956121563123618
72,1,170913,87,4,0.5858668699300444,2.0420754915095345
63,0,167017,27,3,-1.4028400870414912,0.3638566913566559
54,0,147973,80,3,0.18100252661410596,0.5614814043366633
33,1,54368,97,0,2.2768299685880953,-0.318049658712838
69,0,106250,6,1,-1.869052397949809,-0.6398931226311017
33,0,135502,95,2,1.1553383264487418,0.1289553657590144
27,0,68813,72,2,0.9875020858166574,-1.2361262588529576
55,0,134888,84,2,0.2936224525572103,0.44513273134264975
70,0,99298,88,2,0.10000231301575822,0.3008679012740032
84,1,160227,83,4,0.198456023202011,2.091425679205776
77,0,157948,41,3,-1.4169763249158078,0.7020084568371313
32,0,119304,22,1,-0.5200157431573803,-1.0308737757978816
49,1,166394,19,0,-0.4090159311076775,0.6496695926570997
41,0,42296,32,1,-0.26786729503690165,-1.8185417816137948
46,1,186875,79,0,1.0481775851395159,1.6252104713992441
38,1,141392,63,0,1.032578820960457,0.6082970196595088
57,0,184659,37,3,-1.0576168813539415,0.6144239951063931
29,1,64513,9,0,0.23445315389445845,-1.3506944026184686
43,0,149607,81,3,0.49915773534476837,0.3664328438440807
89,1,108664,26,4,-1.1374424788270545,0.7508274628191972
23,0,198635,71,3,0.6397795300226236,0.5232949870640053
27,1,189616,40,0,0.6179917627269929,0.7809579641486551
51,0,182163,6,3,-1.6318516266752552,0.06754398078076625
29,1,81943,63,0,1.4757462750806059,-0.43038442222819806
28,1,177007,42,0,0.6809007087465376,0.6465562390933933
30,1,54161,13,0,0.3379663887558096,-1.4279751668959166
42,1,176396,8,0,-0.5164159716442959,0.5090361392044096
81,1,177624,89,4,0.3665537873597169,2.3517309348382387
59,1,29709,19,4,-0.22587152753519724,-1.0943760703275642
39,1,160373,56,0,0.7736640108272907,0.8136122046335766
79,0,167263,24,3,-1.9115379632374947,0.6658472590018177
74,0,90992,60,2,-0.6549922404272427,-0.08192915290082332
82,0,194138,94,3,-0.3984096559999422,1.9829867367516845
26,1,165318,40,0,0.7261863552842616,0.41263594563647993
70,1,148272,64,4,0.16233458283349567,1.390594805624948
43,0,156235,69,3,0.18832308933419312,0.31203482115053355
32,1,133813,15,0,0.06621969355757427,-0.2225319023069358
35,1,198077,48,0,0.564452811766631,1.1692166848841479
86,1,143383,36,4,-0.9308139633212977,1.3084634709043859
55,1,142187,7,4,-0.7804886414510874,0.28039898244679556
58,0,63102,44,1,-0.5113676177656966,-1.015232844940155
65,0,137547,34,3,-1.1906666753376107,0.07155753172760981
72,0,54321,58,2,-0.5264635069504945,-0.6729641538430055
58,1,34532,86,4,1.3974721229840537,-0.21369346018146107
32,0,191929,90,3,0.8742350977418526,0.8524440466846575
73,1,178243,41,4,-0.5726607262045442,1.5961214254078613
27,0,124667,53,3,0.3442032589400082,-0.6738454417850763
55,0,186167,18,3,-1.4653668181324897,0.3578652116225722
84,0,142478,61,3,-1.0747942349361568,0.8763358716450957
79,0,33139,26,1,-1.4164954612890097,-1.226581893163624
58,0,85198,46,1,-0.5368693093010936,-0.6745157476720587
55,0,25879,95,2,0.9215406982944097,-0.9764221256663023
50,1,181446,41,0,0.04297206714361624,1.159252712583062
88,1,167408,77,4,-0.07876932784259791,2.2034450086572557
34,0,177645,85,3,0.7470575581744034,0.62808245265199
21,1,52069,95,0,2.5631337586633807,-0.6275911168745146
68,0,131101,42,3,-1.0583802872095716,0.14179742032582643
89,0,31221,81,2,-0.358976761949907,-0.36057046160072403
56,0,117398,66,2,-0.10845340661596486,-0.007616458319390126
33,0,126877,57,3,0.2697049822236467,-0.4666288689637943
65,1,78770,66,4,0.5782020451507576,0.31700438162948813
38,0,46488,45,1,0.11266826160201773,-1.6599994711655908
76,0,112960,18,1,-1.7932763456203509,-0.24793491674976886
57,1,156527,71,4,0.6572638314417281,1.3227948766407729
85,0,145035,99,2,-0.19617224821947893,1.4061637801719833
60,0,42942,40,1,-0.594903160119656,-1.3111624498408432
25,1,165924,26,0,0.4145235395234939,0.22631172728896237
51,0,190106,65,3,-0.2386344344195777,0.9143819668743427
70,0,60968,60,2,-0.44602588138703847,-0.5950586859051517
64,1,50080,33,4,-0.09302935759962473,-0.5242481038856227
21,1,126899,72,0,1.7603547940920032,0.15623452424773673
72,0,113439,2,1,-2.0709488389314465,-0.523887028267971
41,1,163419,90,0,1.5271761329827147,1.3217004886804473
86,0,99435,68,2,-0.8173939231032484,0.3900122974496598
76,0,182902,60,3,-1.015708984091011,1.2738833430146057
50,0,166829,24,3,-1.120402175088081,0.0510780091868435
49,0,143120,60,3,-0.14792219060839087,0.13860914955452133
73,1,150034,54,4,-0.1658530974558066,1.3544503371991174
90,0,35329,24,1,-1.7714551516459842,-0.9892984168218256
55,0,105104,44,1,-0.5696313990141574,-0.4777742975134506
21,0,189356,38,3,-0.06890102714902681,-0.06146458022988824
55,0,133588,76,3,0.10545465369207412,0.3271197256121549
63,0,147968,71,3,-0.280618913132915,0.6384166456825369
71,0,193125,57,3,-0.9858072204320695,1.277808737843512
49,0,143225,28,3,-0.9182702964929012,-0.25760853171309256
53,1,55317,95,0,1.6809293450592295,0.0903589550862395
73,1,77081,100,4,1.184107702960997,0.8833164621707102
56,1,185952,61,4,0.3458223534297013,1.598149653158844
46,0,46098,8,1,-0.9941880873456539,-1.9575565814879277
51,0,182621,3,3,-1.7055650731735001,0.03680491325184989
89,1,46568,64,4,-0.01615809179454927,0.33546344567803665
27,0,132615,60,3,0.4861566619399482,-0.4732287773529756
50,1,171962,85,0,1.1333214883273597,1.5705431999766157
62,0,67798,69,2,-0.034376855905493414,-0.5534463576977042
43,0,136699,38,3,-0.4925163516674788,-0.35251990262927374
45,1,139937,53,0,0.6061878691715838,0.6101059577662342
64,0,36374,5,1,-1.5241260561227357,-1.75611595482587
47,1,161578,85,0,1.2496142819082845,1.3591501315870012
87,1,155707,17,4,-1.4562961706464925,1.2694731442351914
83,0,47967,10,1,-1.959826001716361,-1.129536687827332
26,0,128251,70,3,0.7685531702883642,-0.43230956955033184
82,1,146331,18,4,-1.2648383569093866,1.0429480043875465
49,1,31762,74,0,1.3630288625488716,-0.5912998551788075
28,0,65617,89,2,1.3799824334713149,-1.0495396584444043
67,0,98211,92,2,0.281566141856577,0.2720891684141592
35,1,24424,74,0,1.7687094629594262,-0.9899858202514353
26,0,82714,11,1,-0.4993962047234708,-1.816549297426039
32,1,61820,78,0,1.8220432175598136,-0.4686546624637894
22,0,112695,24,1,-0.17756208048584882,-1.3103413202040184
48,1,117827,28,0,-0.003392051995031773,0.04628348508667976
22,0,105060,87,2,1.3638126968499222,-0.6364741538403007
53,0,54823,99,2,0.9758068756786954,-0.5549262894570481
26,1,136259,95,0,2.146448969074764,0.6808199288045862
75,0,158661,68,3,-0.7152047642695506,1.005805793630404
70,0,60618,11,1,-1.623919432772932,-1.2090685673345254
47,0,99335,70,2,0.29306060046536936,-0.4049751406722514
81,1,113921,39,4,-0.6243022453601653,0.8196687742881873
65,0,147775,13,3,-1.7300589657635146,-0.043237289307141116
19,0,180981,52,3,0.35034108157840155,-0.04915231746780702
29,0,159853,7,3,-0.9343746219834178,-0.7006163041519109
78,1,22286,57,4,0.19585284813626486,-0.32948090172578554
32,0,57718,74,2,0.9364434882884156,-1.26494549719342
29,1,195789,46,0,0.6873358836094289,0.9857425266082682
55,1,26155,73,0,1.1942655643343865,-0.5579699021960122
51,0,85108,73,2,0.3037313332008373,-0.48712224684392896
52,1,145711,88,0,1.2385190182366883,1.2745444305757696
32,0,139885,9,1,-0.9014059406687921,-0.898244036908553
38,0,121763,11,1,-0.9562803901264534,-1.0065283919532373
70,0,95332,28,1,-1.3305291756249242,-0.5015480522364989
30,0,140510,82,3,0.9075313067199439,-0.023984099244475914
57,0,100223,41,1,-0.6800159978811124,-0.5428637139045732
28,1,181716,4,0,-0.2491631583047903,0.24157994247035938
50,0,99891,24,1,-0.8973565520985529,-0.9057927093164355
45,0,54656,63,2,0.32796074786170876,-1.1726270836500894
80,1,175712,62,4,-0.24953052584022983,1.9678390080899124
22,1,140892,10,0,0.19462614852927293,-0.39333207419251653
54,0,121547,7,1,-1.487501270460151,-0.7235707667681162
75,1,49087,46,4,-0.07644622997836123,-0.14603461828705563
26,1,165405,62,0,1.2552702458125458,0.6873111678156184
50,0,159125,76,3,0.15651562610999672,0.5872430450053489
43,1,175153,62,0,0.7598671974800116,1.1834028232661913
72,0,22890,78,2,0.059517334305384306,-0.8736923940719122
72,0,29327,61,2,-0.3709931001954287,-0.9929642770457581
39,0,108144,11,1,-0.9381308898381943,-1.1802253616613378
62,1,72948,81,4,1.0402303671277116,0.3572551728478309
31,1,150277,44,0,0.7364012031218342,0.352266523628586
84,1,90429,43,4,-0.5314662744193883,0.5965232974829907
28,0,115021,5,1,-0.8058831134010698,-1.3873268164139698
82,0,55574,52,2,-0.9473201000715242,-0.519774820469023
47,0,47455,12,1,-0.9296906760760502,-1.8674585886624615
54,1,45245,85,0,1.4466353586486786,-0.15692114925220352
79,0,160595,69,3,-0.806509354530198,1.1298208378194794
54,0,105059,96,2,0.7089963526264508,0.14689021955697892
65,0,98567,45,1,-0.796093643564582,-0.3489411308018818
84,0,85901,38,1,-1.43970896424229,-0.2182858640045964
32,1,33093,99,0,2.423076444071099,-0.618300837897295
77,1,194181,12,4,-1.432501704885052,1.5474607492089496
76,0,104926,10,1,-1.9590056308577792,-0.46220964853125224
66,1,42224,1,4,-0.8913117903803399,-0.9922973109839153
88,0,70127,50,2,-1.207321434801277,-0.21068878193565257
59,1,197442,47,4,-0.11102999469554715,1.6513509528741752
42,0,30070,26,1,-0.398734110228117,-2.046898228327111
45,1,161619,64,0,0.7986276794293184,1.056763343009994
69,1,185593,7,4,-1.3063522400089769,1.1946727014854257
79,0,80019,40,1,-1.2358311421083883,-0.3824359833722127
79,0,166384,77,3,-0.633299454042665,1.312003562623762
83,0,128653,5,1,-2.3489938701988913,-0.03828348873343867
57,1,139908,82,4,0.9773272696256319,1.221944039508691
34,1,138659,62,0,1.1265457771831684,0.47286036586028496
82,1,57118,61,4,0.0671154227335579,0.30209324773452534
62,0,101199,79,2,0.09495136475284484,0.04830402583847862
58,1,126689,68,4,0.6572696939292884,0.8799631154132097
20,1,83848,72,0,1.9310366818765363,-0.480159390408512
62,0,167342,98,3,0.3317412300851777,1.2299557589699537
19,1,56304,95,0,2.6034835743889353,-0.6090223162095599
37,1,188935,56,0,0.7329532799206442,1.179932565981989
77,1,119521,24,4,-0.8949760937541625,0.6293494540081008
89,0,121326,69,2,-0.9479670067279511,0.7783252646748973
27,0,116993,69,2,0.7547730843226512,-0.584685033746697
83,0,114297,99,2,-0.039288108599981816,0.924797721142666
55,1,61054,23,4,-0.12514442156625188,-0.6805282444984273
48,1,175504,51,0,0.3578573424446806,1.1566295894111696
28,0,60015,5,1,-0.6225963773443908,-2.1736310194375346
82,0,78861,65,2,-0.7121034570329773,-0.02531673660742048
53,0,45912,93,2,0.8611247515297671,-0.7568802163032776
20,1,59213,27,0,0.9303135070997607,-1.3916056170690747
43,0,142719,69,3,0.23336005847468824,0.11882521477911048
33,0,65131,73,2,0.8604493411491169,-1.150421245456015
58,0,99536,90,2,0.47410228716639713,0.07730738569515876
38,0,73313,76,2,0.7692198609297426,-0.8912493625943289
61,1,111416,19,4,-0.5525906242516089,0.11558575868880959
21,0,174101,65,3,0.6316165123059637,0.05604212166079231
26,0,119793,53,3,0.38767470200149573,-0.7645036992615516
81,1,119625,92,4,0.6320009007204381,1.559928276988489
43,0,199438,69,3,0.04436539639421014,0.9296165482935189
64,1,102037,24,4,-0.4827184548654212,0.1066126395978929
81,1,175890,69,4,-0.10891720767357224,2.078369459521996
87,0,81583,58,2,-1.025763995640386,0.0315180219385569
41,1,107012,82,0,1.5226316145574474,0.41593949698442945
66,0,191159,71,3,-0.5062286530435399,1.3187818623576852
51,0,142292,98,2,0.7147483536484085,0.6410338965713804
68,1,158927,17,4,-0.9496427333051805,0.9167874818468534
33,1,104791,73,0,1.5313156756757946,0.10445212366025391
84,0,146219,31,3,-1.80913304905231,0.5569517915212464
60,1,94320,51,4,0.3016042543093179,0.24793411408674523
82,1,155935,16,4,-1.3449649519790277,1.155378622565892
78,1,30522,68,4,0.43309637895208597,-0.07503248121050737
55,1,33877,46,0,0.5188489044691672,-0.7831599397478299
19,1,169643,41,0,0.9264521121600672,0.3399949463407306
58,1,151576,79,4,0.8390300512353148,1.3724355930230845
20,1,183579,5,0,-0.01346303809277609,0.11275993773778194
38,0,34443,60,2,0.5137403501131844,-1.645750693905238
51,0,192563,92,3,0.40286454944082506,1.2850795941904927
22,0,55089,31,1,0.18282528781714066,-2.0468112595061787
66,0,180344,94,3,0.08324448291517154,1.4500430037055911
40,0,196243,62,3,-0.03173355290936219,0.7339884233176333
59,0,167317,86,3,0.12476722821314883,1.0174988674555827
62,1,56762,67,4,0.7572898766835242,-0.04812367139427161
63,0,160806,70,3,-0.34745914792824306,0.8095056153814133
84,0,54190,57,2,-0.8768575734383673,-0.4354453784218957
86,1,43348,68,4,0.17251315456452035,0.2761937324696985
31,1,87948,44,0,0.9440890730210588,-0.5387190901272907
50,0,192718,53,3,-0.5088565985644736,0.7815906942706623
28,1,75181,63,0,1.5255087656219142,-0.5480314143028715
83,1,163782,49,4,-0.6042821177551813,1.6986829114548134
90,1,156090,63,4,-0.4323919460932749,1.909623661974456
19,0,68240,45,1,0.5575708028119555,-1.7477724060254283
39,0,101927,90,2,0.9835180541479484,-0.2872287327217312
39,1,81267,16,0,0.07475711042102377,-0.8143469258392244
76,0,132193,90,2,-0.12486703542389771,0.9218654704858213
81,1,61694,31,4,-0.6427750362778322,-0.02633961644359934
61,0,191940,5,3,-1.960799008980488,0.40472641458694625
50,1,171115,33,0,-0.11510333246820438,0.9121426400324784
25,1,156197,99,0,2.203493565166582,0.9945610795755959
31,1,110987,39,0,0.7470080763972238,-0.2715228737570891
35,1,150687,20,0,0.04861364817271897,0.143778479347114
43,1,184317,96,0,1.5474547484941983,1.7369771681731476
83,0,20410,11,1,-1.8439402542857157,-1.5110320052756152
45,0,186283,81,3,0.3224874516918099,0.9326819039560784
22,1,134145,89,0,2.118041117496509,0.4920882680219603
62,0,101526,95,2,0.47886087716618486,0.2518377736650909
47,0,74189,69,2,0.3527877107301602,-0.7768629161947521
25,0,56862,19,1,-0.1935239353840067,-2.107655899478513
90,0,169086,90,3,-0.62902851944997,1.7430366320890358
24,1,73381,57,0,1.4960546275454267,-0.7322744825728735
60,1,154684,80,4,0.798274903996689,1.4712628083193369
79,0,33190,84,2,-0.02104360220965583,-0.50498781248804
66,0,61900,99,2,0.5982266367489013,-0.18095629759103934
74,1,132807,49,4,-0.2559935227136398,1.0670339001545512
90,0,75743,80,2,-0.5586226468692169,0.2844225148212874
73,1,133788,67,4,0.20109234855930108,1.283788905769105
31,1,72106,16,0,0.3231281054581961,-1.1131824020711272
24,1,144494,28,0,0.5612864940104026,-0.07615515839057976
55,0,110007,97,2,0.6893407772737217,0.2510350058154755
50,1,27778,93,0,1.80625981238011,-0.3911202054604031
23,0,47196,6,1,-0.4196660654753873,-2.4493734332372963
80,0,110248,29,1,-1.6284754464383735,-0.06604681172453515
62,1,183757,53,4,-0.0027472605870340542,1.5932527854783582
55,1,110694,45,4,0.23882279747498317,0.3025011967191197
72,1,58418,24,4,-0.5552200187665081,-0.3490356829482235
67,0,63216,79,2,0.08536199028717163,-0.3897333776697443
40,0,147312,23,3,-0.8071248081651751,-0.4501939770276149
32,1,89822,6,0,-0.0037589039233579015,-0.9632363639229541
27,0,115244,41,1,0.08685251287572528,-0.9576905932051485
48,1,70975,79,0,1.3799092401947686,0.010403827033123673
29,1,148440,10,0,-0.0211394552640466,-0.1385392497566206
82,0,150327,38,3,-1.5999229402846806,0.6607060956646734
63,1,133461,30,4,-0.4158217294610677,0.6094022043282689
56,0,164272,34,3,-1.0346415546528736,0.2647231318235526
90,1,122988,83,4,0.15915687203695766,1.6850086762404703
65,0,122431,98,2,0.39969815599401876,0.6509134038387158
75,1,199903,7,4,-1.5174189793823303,1.525142499262979
55,1,32371,35,4,0.259180188516062,-0.9414038137345735
72,1,133122,40,4,-0.4191437894075188,0.91770840026514
63,1,77957,59,4,0.466935302319444,0.17641167164135416
86,1,96470,3,4,-1.568554773306147,0.22770038533683978
30,1,131087,25,0,0.37038886255826636,-0.17918268942596507
37,1,118418,41,0,0.6069878979926054,-0.0145301444862237
51,0,165109,16,3,-1.3344011599394028,-0.05195383703479324
51,0,183010,100,3,0.6271958749471117,1.2479502606231883
45,0,70807,82,2,0.7313300865050529,-0.7056050221463285
77,0,113367,23,1,-1.701550973093611,-0.1589883528904564
59,1,116568,10,4,-0.7318583679899223,0.03540459632666786
80,1,93013,15,4,-1.1049022231948578,0.20151741825659597
85,0,93411,92,2,-0.1925918642868752,0.5812039100667341
49,1,125538,69,0,0.9302435091559328,0.6870733311451784
69,0,176551,52,3,-0.9964314893096025,0.9367718297400057
42,1,195290,19,0,-0.3146862035614873,0.915839397297864
53,1,156346,79,0,0.9592892138086578,1.335697126716712
62,0,56391,96,2,0.6533186757622358,-0.38093295520645876
42,0,101681,14,1,-0.9261000795338088,-1.1723720241166788
84,1,122021,13,4,-1.3586080352307122,0.675265937324405
74,1,94262,63,4,0.20931737007062132,0.690039633541789
54,0,73206,18,1,-1.0617362389738805,-1.277883806720136
64,1,86099,65,4,0.5569491512716237,0.38835784466234696
74,0,50069,55,2,-0.6389440109365211,-0.7290620903282663
86,0,37052,100,2,0.16047211442758874,-0.10402659612731659
82,1,73208,56,4,-0.10681065390231481,0.46995433872184583
65,0,89837,18,1,-1.4166902223185682,-0.809310544206219
25,0,173590,40,3,-0.07716460250476594,-0.17804021528229502
40,0,70004,51,2,0.1242233801314197,-1.2072987942268723
33,1,118946,77,0,1.5803992593165317,0.3565109892101764
37,1,59108,67,0,1.4302396540661617,-0.5392131156378158
35,0,43640,88,2,1.238535304833747,-1.2292318917373173
83,1,109089,3,4,-1.528910796027294,0.3451324556984717
63,1,104417,11,4,-0.7762300113473535,-0.04192375292473427
55,0,66762,75,2,0.30406463416815804,-0.640578673879043
51,1,177457,36,0,-0.0912789971702893,1.061071905099379
88,1,131354,16,4,-1.426442111088768,0.9299062184056665
45,1,33008,44,0,0.7459264042568312,-1.030289699899253
63,0,102515,90,2,0.3280225065204219,0.22481688187517426
56,1,169303,88,4,1.0509848717972288,1.6957292914743718
76,1,156442,2,4,-1.5201445001986311,0.8627141642051018
59,1,195182,43,4,-0.1997491767327174,1.5693296922212696
53,0,92287,53,2,-0.2559002255795531,-0.5911034325194543
54,0,198390,74,3,-0.1313677674939296,1.2076141545253394
19,1,93871,54,0,1.491745488410238,-0.5815835484856513
23,1,109140,41,0,1.019132816258484,-0.44094817794894925
78,0,156877,90,3,-0.2615785047876567,1.3166903222812976
48,1,33847,100,0,2.0089356287176923,-0.25933364043399576
67,0,182454,68,3,-0.5766405375851362,1.1780438131342126
75,0,38845,28,1,-1.2784609533921867,-1.2040979266160456
37,0,187576,29,3,-0.7152226916351476,0.13699231359266423
59,0,125785,30,1,-1.0843399634902924,-0.2722037407133699
60,0,166922,100,3,0.4357269661040849,1.2068393056125388
51,0,150951,15,3,-1.3112874128675507,-0.2667694643766786
83,0,36157,85,2,-0.11579027512213333,-0.3662061566252684
84,0,192697,2,3,-2.6618143421925353,0.8609167317911396
64,1,31900,18,4,-0.3933880403493633,-0.9705596476875753
20,1,147352,48,0,1.1419348931572801,0.1293337252691513
46,0,77447,31,1,-0.5452105689394607,-1.2235660939544135
65,1,75248,26,4,-0.3725600102951056,-0.23049049255612447
33,1,135928,34,0,0.4891280276158118,0.06483222427291502
34,1,169561,3,0,-0.39610771769625364,0.18130701719626818
83,0,84200,79,2,-0.4202501101639115,0.24599054698707162
55,0,196992,29,3,-1.236750152743181,0.6493230780460789
27,0,188913,25,3,-0.5436207438791416,-0.10346035515873456
39,1,114981,68,0,1.2136650575305379,0.3138834752272539
48,1,93636,58,0,0.7990886694104913,0.07333725666542684
87,1,97351,62,4,-0.17903680868868455,0.9945729339047235
75,1,47415,23,4,-0.624311150957984,-0.45579593385514205
57,1,171435,86,4,0.9685252193577656,1.722333571075509
34,1,37092,70,0,1.657479032142956,-0.8795981124732315
23,1,95247,81,0,2.0279237868850015,-0.14239864964661078
77,1,164974,5,4,-1.5036175134074994,1.0429492178154638
63,1,142457,82,4,0.8054496242195294,1.38429174639143
43,1,191137,27,0,-0.13557901760735852,0.9768874284097108
87,1,62580,38,4,-0.6406742483192935,0.19923665729534912
88,1,191434,43,4,-0.97695002814452,2.1243177513107856
36,1,177452,68,0,1.0871960586631961,1.1439439339307163
26,1,88645,83,0,2.016355317450008,-0.14896100812384777
83,0,136083,100,2,-0.08781928690915977,1.2486546978039665
86,1,137574,32,4,-1.0077074422303518,1.1757096789543378
86,0,109487,68,2,-0.8508884195371237,0.5337044373760836
87,0,156956,95,3,-0.3866056158913004,1.5688282402314626
50,0,55784,76,2,0.5008605083198152,-0.8900042124694388
32,1,190590,67,0,1.1282788970086657,1.235381330347596
24,0,82462,47,1,0.42215285727173424,-1.4146881518751155
50,1,170894,91,0,1.281254863959937,1.6298485131812035
68,0,30615,76,2,0.09457450753466017,-0.8720618940322765
53,0,199085,14,3,-1.550199602119782,0.4508416301876312
42,1,50761,88,0,1.8272108344672997,-0.29260457733662026
24,1,142332,18,0,0.32786609526831706,-0.23134776644312227
77,0,50543,54,2,-0.74627791427519,-0.6717599964345913
76,1,94064,55,4,-0.03698378286742173,0.6297496049803349
26,0,162928,47,3,0.09956892470916638,-0.2224662697000359
72,0,135599,53,3,-0.9176039920156803,0.4267516145740522
51,0,156083,42,3,-0.6787018569777623,0.14216696858045666
51,1,114524,69,0,0.9124821525753488,0.5715995348016297
73,1,99877,32,4,-0.528097609109824,0.36403044270441554
78,0,56411,98,2,0.2656860831831042,-0.020029492496807775
46,1,50699,77,0,1.4538078235488165,-0.34626660625150574
31,0,86355,83,2,1.0848141737400088,-0.7647096418828585
78,0,47615,66,2,-0.4750027993868495,-0.543485906104762
89,1,51862,95,4,0.7121374393594556,0.7964304797610544
44,0,104017,49,1,-0.14615970554664992,-0.6620043976887339
50,1,27992,34,0,0.3858624960286187,-1.121354850390048
30,1,158028,79,0,1.5799901656402966,0.8770859004788515
26,0,185652,19,3,-0.6498986832704126,-0.24563321590546608
69,0,171061,66,3,-0.6412639092612891,1.0322948418049136
56,0,150332,86,3,0.2630553631152048,0.7117452921365687
39,0,111255,81,2,0.7358740114463843,-0.2657444549090795
62,0,25745,87,2,0.5388729021064066,-0.9308722350359544
26,1,129654,63,0,1.3984594058754207,0.18868359862070644
21,1,84208,95,0,2.45604267023438,-0.16816794883876696
86,1,41732,67,4,0.1538354199139627,0.24066449778173363
82,1,135686,73,4,0.09406655121723004,1.5743579191717658
21,0,57764,19,1,-0.0876068000519229,-2.1787019546312116
56,0,153120,21,3,-1.3102935055132545,-0.0562665757938046
67,1,164008,40,4,-0.38590634080821923,1.2542950360596912
30,1,126857,45,0,0.8657326368127684,0.00892411791164772
51,0,146804,78,3,0.21846492081906033,0.45695824556676135
44,1,168086,13,0,-0.4228751638431109,0.4943592381227655
88,1,176496,48,4,-0.8068625567505718,1.9729243627901625
37,1,85797,74,0,1.5097457473101075,-0.07069609362900311
66,0,187933,47,3,-1.0729779002752822,0.9743775946996678
59,0,23985,11,1,-1.2023163330662894,-1.963568031878718
69,1,71899,91,4,1.0937354691926793,0.6134419848161347
18,0,57598,75,2,1.3421352725116282,-1.5480223063815226
44,0,187771,76,3,0.2244477068270088,0.8708241388592582
24,1,191252,92,0,1.9454795712284632,1.387682156797282
18,1,81589,94,0,2.522399086999389,-0.28098997688154914
83,0,132385,4,1,-2.385491796545466,0.002636298099339935
89,0,158465,83,3,-0.7348444812438701,1.4832247424106688
58,0,85858,5,1,-1.5256287462661584,-1.1746581387488388
87,1,72279,7,4,-1.418928293702615,-0.04740723175017644
18,0,175403,81,3,1.0939692376205241,0.210558349985996
75,1,143295,66,4,0.09089005920274201,1.4492316468775877
33,0,81113,5,1,-0.8290508874855296,-1.7671125814223743
25,1,104329,82,0,1.9672625391991045,0.04182618243440623
18,1,98953,81,0,2.151728327910955,-0.1943468689256969
39,0,116118,33,1,-0.43532745030214776,-0.7928064160839001
90,0,161435,21,3,-2.263843139322457,0.7760856749683291
30,0,154879,22,3,-0.5840946498987629,-0.5643034167073276
32,0,49514,55,2,0.5065937712964833,-1.6183661424620743
67,1,21711,77,4,0.9785551665534418,-0.3199614087775938
69,0,175170,45,3,-1.1602669414620752,0.8300296462964472
43,1,30713,70,0,1.433658544919856,-0.7819200716078714
84,1,140681,60,4,-0.28985053832087826,1.5261576675528412
73,0,110860,45,1,-1.0549008466032361,-0.00533408848864599
63,0,46593,30,1,-0.9293852200113848,-1.320303888787862
79,1,40015,19,4,-0.8048259327237001,-0.5273528433951609
52,0,56972,69,2,0.27400347823167237,-0.9180528288840218
23,0,96096,66,2,0.8611398259946079,-1.0046313142419223
48,1,89884,51,0,0.6431536799564586,-0.06729808871262746
46,1,53948,81,0,1.5392315363288136,-0.25010770867189547
44,0,76513,81,2,0.7154852276151927,-0.6574521503491031
29,1,195390,42,0,0.5924156214027958,0.9303240387769974
27,1,71972,42,0,1.0581208841312815,-0.8758915555070909
81,1,101703,87,4,0.5714069781542992,1.2415918885510655
89,1,82614,17,4,-1.2672026879793112,0.2665874542891291
32,0,49764,92,2,1.396071197563874,-1.1549302404935555
74,1,77763,73,4,0.504918508760234,0.5784754744666956
81,0,108379,52,2,-1.0960421567921186,0.21408134095782444
75,0,117015,39,1,-1.2742460848929817,0.050048674720415014
68,0,171512,2,3,-2.155532485097679,0.22231953613101957
73,1,119151,44,4,-0.30357160283564283,0.7886944630476075
51,1,115385,9,0,-0.5341334918837095,-0.1618150299877374
32,1,168204,57,0,0.9622473458470312,0.7910890567685914
55,1,34048,63,0,0.9273406727906082,-0.5694274856802903
66,0,175832,21,3,-1.6582794489434007,0.47824884636400855
27,0,181259,25,3,-0.5181166774540639,-0.21287337137409953
34,0,126097,29,1,-0.42867509350897276,-0.8047976797413022
61,0,190463,19,3,-1.619003236949399,0.5576147825536385
30,1,99249,31,0,0.6208516507724531,-0.5597308526973086
33,0,195074,22,3,-0.7997213504822994,0.07323433764991713
82,1,35512,92,4,0.8850450519845824,0.3785279933156728
38,0,142703,71,3,0.4176916494027491,0.038528865090006255
70,0,126787,68,3,-0.47284330092791044,0.4452457221246805
44,0,34899,4,1,-0.9986600704479713,-2.2093297986775013
45,1,82409,3,0,-0.40524402063934284,-0.8336853149957485
75,0,52380,23,1,-1.4438734567701452,-1.072760255596096
88,1,147319,88,4,0.2528565757835609,2.052990935796494
89,1,165859,76,4,-0.12490099218838398,2.1898585403369006
69,0,125313,20,1,-1.5956984242426153,-0.19338790686409635
79,0,133531,60,3,-0.9328907913601359,0.6310858203473703
78,0,121975,16,1,-1.9259016754364282,-0.10195396451973056
68,0,139627,21,3,-1.5921013049603405,0.0026727124869795
40,1,117461,25,0,0.1434855903790311,-0.16411463899978643
66,0,170484,28,3,-1.47202214377625,0.4888007781596457
25,1,52022,74,0,1.9490563180899048,-0.8053257987464568
88,0,54847,39,1,-1.4210934939815811,-0.5658303414920899
75,0,78309,52,2,-0.8324611651507714,-0.34167577528773907
49,1,151192,82,0,1.1575730179864634,1.215367397418823
27,0,168979,95,3,1.2071729228569545,0.4815950278565127
27,0,133316,10,1,-0.7193013950862708,-1.0846434468742365
37,0,143521,92,2,0.9475079910052128,0.2902399280144445
45,0,85127,56,2,0.05799052646811068,-0.8240487297939613
69,1,190077,34,4,-0.6716074686706061,1.594346051805044
18,1,183449,40,0,0.8836170601629261,0.5039363511069208
61,0,38144,18,1,-1.1355200985324785,-1.632195845223448
88,0,136044,46,3,-1.5232147397366076,0.6818720329947879
51,0,192726,1,3,-1.787361061668666,0.15639726661753509
57,1,175440,38,4,-0.19981728119495817,1.1830066023343462
23,1,99013,1,0,0.09037943062417524,-1.082860738586415
81,0,123255,71,2,-0.6884243618263318,0.6628774296794335
31,0,157379,11,3,-0.884342526491489,-0.6442969895900725
20,0,102502,40,1,0.2958627167021727,-1.2991597351639421
66,0,140527,82,3,-0.07282972866729648,0.7317192509202458
54,0,133056,50,3,-0.4911655439223373,-0.024616558272981426
87,0,179578,84,3,-0.7266717860780447,1.7554912456860994
77,1,129030,46,4,-0.39728746241807616,1.0387110413271885
49,1,169172,7,0,-0.7070219050857798,0.5402362796017606
69,0,37190,42,1,-0.7726879986534348,-1.1796641035975965
40,1,75620,23,0,0.2347800427666828,-0.7870841539805012
65,0,28909,60,2,-0.20304797536331862,-1.1582633103243638
71,1,123179,63,4,0.19465441311953988,1.0404496681414686
19,0,27943,68,2,1.2452815774359582,-2.0379529349233274
22,0,176337,41,3,0.019436533920501663,-0.18929849872004
32,1,136114,32,0,0.46761404072858226,0.021648647467257323
35,1,34826,19,0,0.4106142606260281,-1.5248693910247235
39,1,110523,32,0,0.36227164797010036,-0.19727657674604682
41,1,126486,61,0,0.9524305185179729,0.43331514210165967
80,1,56583,40,4,-0.38195187712444617,-0.008527392075830358
62,0,111487,36,1,-0.9740146382244013,-0.3390646699252333
64,0,48803,35,1,-0.8436676645429695,-1.2055836551824952
40,0,185002,100,3,0.9200957390032939,1.045590559773596
30,1,47659,7,0,0.21525718124941948,-1.5954927263443395
26,1,175105,38,0,0.6454499817777521,0.5276825269670872
45,0,193234,93,3,0.5880752048377224,1.1811901104996962
63,0,80552,100,2,0.6418303631283289,0.03514549512817676
48,1,139281,48,0,0.4063694852511485,0.6015400061002047
52,1,82233,7,0,-0.49902253029881416,-0.639591317951656
33,0,95162,77,2,0.8566321462995832,-0.6714168552869216
41,1,141697,24,0,0.011435144641733744,0.19089238929772886
72,1,144989,42,4,-0.41056119880780734,1.1122031637382317
33,1,32887,64,0,1.5543466164915951,-1.035265340519062
89,1,44334,79,4,0.3522225418307491,0.4899592966369714
64,0,178878,5,3,-1.998966855944955,0.28096171211355503
86,0,170871,23,3,-2.1382374487454063,0.8518895462040854
64,1,183784,43,4,-0.2979230306745716,1.5113216898216795
63,1,147498,80,4,0.740527504600323,1.431494824330592
87,1,27992,15,4,-1.0788590216051803,-0.5810549485451376
88,1,90129,58,4,-0.27845267583632793,0.8626054850143747
36,1,130729,28,0,0.28038503191210423,-0.02110407763665476
79,1,101037,68,4,0.170901075920841,0.953956034613599
47,1,173335,6,0,-0.6904946213141959,0.5453471412459208
38,0,63101,8,1,-0.8329987481676052,-1.8823808013494612
53,0,151602,70,3,-0.044483516657745296,0.46808544055011575
89,1,58117,73,4,0.16192122726495217,0.6124133904324311
79,0,65840,90,2,0.014537263399304003,0.0363122852409367
52,0,176456,41,3,-0.7978803130887107,0.44195287306820524
74,1,126914,67,4,0.1967666818711884,1.206510905798741
40,0,193756,3,3,-1.4431308061024872,-0.034856694148946744
81,1,36800,26,4,-0.6801374000360744,-0.4443399125180133
36,1,157873,100,0,1.9224339201737792,1.2617831101319577
90,0,50107,44,1,-1.339448363883235,-0.529474518783709
85,0,41604,38,1,-1.3193366066521584,-0.8305211811721906
51,0,93170,100,2,0.9265537698555226,-0.03630181368937814
26,0,33557,13,1,-0.2874741642251522,-2.494385328508269
51,0,166937,50,3,-0.5223691574887946,0.39675326369187597
75,0,63767,23,1,-1.4818163368828132,-0.9099844500507133
21,0,131000,73,3,0.9677338869928758,-0.46065186672661435
57,0,79675,72,2,0.13438824565293653,-0.451304984634393
40,0,167065,67,3,0.18580334439170737,0.3790359348614474
61,0,116015,24,1,-1.2506211492820811,-0.4444669512735388
72,0,68396,62,2,-0.47711335350129036,-0.422048878742159
86,1,109773,50,4,-0.481947095596843,1.0020144401190114
89,1,150508,32,4,-1.1324971484561617,1.4235546929082559
36,1,30218,38,0,0.8559244549633088,-1.3336097468091137
78,1,178483,8,4,-1.5036745008256194,1.2943298922389783
65,0,66784,43,1,-0.7383136803464405,-0.8281327365724921
45,1,61167,8,0,-0.21415084833819706,-1.075193630903576
28,0,64744,26,1,-0.1330426447339933,-1.8450276690673755
87,0,21582,52,2,-0.9702079758570934,-0.9007613554489574
34,0,87838,62,2,0.49286926306023926,-0.9415581657827263
49,0,90918,90,2,0.7478946171092371,-0.2347509797301476
86,0,190057,76,3,-0.9268579796366996,1.7848726293349526
75,1,140661,65,4,0.07560442536492654,1.399150223725128
89,1,177263,29,4,-1.2938354231201066,1.7687281008712983
86,0,161267,68,3,-1.023425728067372,1.2738933555406506
52,1,33285,24,0,0.07313976829874265,-1.1280091047362863
70,0,184351,36,3,-1.4346518396212184,0.8703975860254298
67,0,170704,92,3,0.04001057779162351,1.3083679487251663
23,0,36903,91,2,1.6599392789416907,-1.5400704919783663
35,0,105724,44,1,-0.027083765417031294,-0.8886116588632731
32,0,64444,21,1,-0.36127794178274386,-1.8275196338685076
79,0,100083,72,2,-0.5326886170610079,0.30209514498812334
55,1,115200,99,0,1.5231802712189701,1.038064140061131
67,0,81437,91,2,0.3133967216652992,0.01987813338748234
40,0,128959,22,1,-0.7700328067618362,-0.7249766285429332
36,0,153708,62,3,0.21892099205247065,0.04201563895840149
54,1,180950,33,4,-0.2567974682191619,1.1366728283318157
24,1,52905,75,0,1.9974071760911782,-0.8012597209146606
88,1,158945,7,4,-1.734940708940736,1.2124579008618
90,0,197720,73,3,-1.1335020794325505,1.9410682140919937
39,0,193187,35,3,-0.6440059178482312,0.333743153147517
40,0,194962,46,3,-0.4124642203567334,0.5168173593857873
39,0,105090,62,2,0.29923009646115023,-0.5900178386069044
18,0,24205,56,2,0.9962183918381282,-2.2615166994224305
53,1,150477,91,0,1.2675947787614026,1.4009449637958695
86,0,180949,60,3,-1.2815081234481835,1.4558155348416146
46,0,92405,35,1,-0.49880267975121084,-0.9600284392718887
83,1,176042,19,4,-1.3670072843504613,1.5010769192769655
80,0,129805,76,2,-0.5627068635059753,0.7976674264141679
55,1,155792,70,4,0.6901118517367022,1.2578894130402432
73,1,96054,34,4,-0.46723401482452726,0.33423852935243853
88,1,108267,80,4,0.1904830695339895,1.3953175971469431
46,0,95938,71,2,0.35567294321962606,-0.46209115186603145
25,0,76270,73,2,1.0411782472877948,-1.1590706452348334
53,1,54445,48,0,0.5529000512367639,-0.5062554387901049
54,1,44762,55,0,0.7263714304195817,-0.536686805087276
21,0,166369,28,3,-0.23292997262455334,-0.5143480770575777
71,1,149255,5,4,-1.2878558132825215,0.6923379332535561
25,0,24968,73,2,1.212122801212453,-1.89242661046617
63,1,83295,72,4,0.7619602140101622,0.414290943372099
86,1,52720,73,4,0.2615967254105672,0.4723088916621038
35,1,51287,20,0,0.3798266351929332,-1.2771326536300576
25,1,139904,92,0,2.0893467253123528,0.6746536364242346
35,1,51658,99,0,2.2795235554518207,-0.2899613512090263
19,1,99115,55,0,1.4983342822468184,-0.4941924869320809
86,0,132316,9,1,-2.346641688619622,0.12674851751966532
29,0,45975,9,1,-0.5067942743127121,-2.303631303417395
20,0,182868,4,3,-0.8381746607757965,-0.5977708339817541
78,1,78209,13,4,-1.0492370147399508,-0.07693142831122175
86,1,100333,64,4,-0.11361763125547261,1.041072673760782
46,1,147245,20,0,-0.23945463810499928,0.32541060330720045
47,1,84294,61,0,0.929635370619631,-0.04390440454207645
74,0,30533,46,1,-0.7904096667432011,-1.1201852465423052
36,1,89961,73,0,1.4990390214784481,-0.04458592773772115
82,1,140183,94,4,0.5843933362721816,1.8996448572396039
25,1,129451,92,0,2.1241774029111684,0.5252292493718164
54,0,93094,14,1,-1.224255272485132,-1.0433020515462972
25,1,136986,34,0,0.7034480617439341,-0.08792386697011749
81,1,182228,91,4,0.39933758444562373,2.4424019804158257
78,0,62668,7,1,-1.9448454830863584,-1.0615988176113864
77,0,131599,34,3,-1.4976153398457381,0.23835169423689245
42,0,151728,24,3,-0.8522383717722359,-0.3326690578889669
35,0,81953,78,2,0.8702472436204024,-0.8058392069603727
40,1,121933,68,0,1.1632694636941205,0.4342464946184834
75,1,102362,62,4,0.13103405470111248,0.8143844682606358
74,1,32419,72,4,0.6319478314177239,-0.08214029968631721
90,1,172379,36,4,-1.1363549003227014,1.8068978666380853
75,1,72045,87,4,0.8336151352820415,0.6917242631182442
61,0,146186,12,1,-1.6399039578018808,-0.16232059968457546
67,0,198975,60,3,-0.8241900934088964,1.3147798748160535
52,1,111417,81,0,1.1843537174101342,0.697314841501651
32,0,114626,94,2,1.228067950667245,-0.20287827891055257
32,0,163837,38,3,-0.283406042657678,-0.1954205355729913
79,1,23577,16,4,-0.8222398356737204,-0.7996182137689694
64,1,71289,21,4,-0.4524496833259116,-0.3702124723544199
35,1,123490,100,0,2.0642329692109156,0.7492972206331145
87,1,88607,35,4,-0.799586737726189,0.534003392171798
24,0,149635,59,3,0.48707352284892097,-0.30531364502816555
42,0,40473,90,2,1.1065982843251536,-1.1027512978413125
68,1,32000,7,4,-0.7673308551299921,-1.0219059059430815
75,0,156039,93,3,-0.10490681925728204,1.2790423070775774
37,1,97245,96,0,2.0009733929134756,0.36638326719956854
81,1,92604,41,4,-0.5051464982083534,0.5398022194844736
31,0,139822,89,2,1.0510302430632563,0.07416698557635766
47,0,125233,12,1,-1.188856508112853,-0.7556313643093583
41,0,41995,95,2,1.2490696951076594,-1.0398359608310166
66,0,78363,21,1,-1.333500790675058,-0.9150588721485865
73,1,136063,71,4,0.28976154875738375,1.3660245896312126
68,1,93221,54,4,0.15960817155280646,0.4373902380745036
84,1,188500,17,4,-1.483874434817799,1.6752901360926125
42,0,33986,77,2,0.8154019815085423,-1.3570553873969142
19,0,171318,18,3,-0.4355837402554725,-0.6098598078008761
20,1,189069,76,0,1.6766771882941063,1.0736770730860696
88,0,177007,69,3,-1.1062722480629328,1.553293502746034
33,0,29111,93,2,1.4617212930431824,-1.4167486928200548
27,1,114316,99,0,2.2885848370603736,0.43784720333661103
57,1,96090,51,4,0.3773984297388979,0.21028102467303159
82,0,198992,47,3,-1.5455186838634316,1.4682248292679685
18,1,102255,32,0,0.9616658647685444,-0.7561518463547425
47,0,35812,42,1,-0.16902142912857165,-1.6610326551461132
49,0,117304,44,3,-0.44689922992154724,-0.4292868102283798
27,1,44134,42,0,1.1508805132325766,-1.2738324420243796
21,0,109708,27,1,-0.06819101843680425,-1.3367390151130314
72,0,186139,31,3,-1.6153832537096826,0.8757833132121697
49,1,148784,13,0,-0.49471192070842823,0.32336449935444733
28,1,113829,97,0,2.214852013725598,0.4270131906111162
44,0,182850,19,3,-1.1307142703803275,0.09204269721278684
56,0,126010,82,2,0.24784947000801422,0.31435037538967553
41,0,132802,79,2,0.5614905211339554,0.059379941168744704
89,0,175987,35,3,-1.948227283059695,1.1371216749215425
23,1,73957,77,0,2.0026148980369127,-0.49645148837351627
83,0,177354,63,3,-1.1156497758935155,1.3787565337866061
67,0,85864,10,1,-1.650412612419576,-0.9235637470834558
81,0,54440,64,2,-0.6275614581767812,-0.40782573305167624
76,0,133327,7,1,-2.1258285793309324,-0.09350686707846731
41,0,190459,8,3,-1.3390632514437266,0.0011416319181378229
18,1,59534,35,0,1.1762048089572854,-1.3295573181921663
29,0,137768,21,1,-0.5239104672912364,-0.8423168358672461
83,0,159213,28,3,-1.8973873070566925,0.6844283379960616
18,1,167655,74,0,1.754367727173597,0.7007390656633312
62,0,70113,23,1,-1.1489631796911715,-1.09207425944235
88,1,31879,20,4,-0.9987294357467538,-0.44236220015101085
22,0,151633,35,3,-0.04262137791444034,-0.6170114750945238
67,0,126505,67,3,-0.4142740546927432,0.3658308300755367
86,0,195714,27,3,-2.124767591515857,1.2567320957505874
70,0,164521,32,3,-1.4648256274738296,0.5372152729941647
78,0,97893,9,1,-2.0140946123137913,-0.5332042327692729
47,0,72070,82,2,0.6726602606926062,-0.6455805691985218
38,0,67098,25,1,-0.43725568093609707,-1.6139561340548527
29,0,167114,80,3,0.7979893048317082,0.3104744799960527
47,1,34122,43,0,0.6636906199310634,-0.9848238917794767
84,0,131032,37,3,-1.6141534343479178,0.4144276853444995
23,0,95348,8,1,-0.5319895436284774,-1.7361889267050827
79,1,78219,31,4,-0.6433770073780167,0.16791326696068576
56,0,111129,64,2,-0.13568921956315275,-0.12208848011837506
52,0,153744,13,3,-1.395949598349472,-0.23071626869004952
67,1,63312,60,4,0.4308739727409707,0.06343189014000164
67,1,76428,7,4,-0.8881397207814884,-0.4077979594151252
82,0,61254,17,1,-1.8084321238283485,-0.8735846651665171
60,0,62455,85,2,0.4228871466442179,-0.4729346016823837
86,0,136633,38,3,-1.6632155632428955,0.5488920380100885
24,0,48111,90,2,1.57129972651324,-1.3712971683129094
85,0,68586,72,2,-0.5911208162287782,-0.02224065349473893
38,0,70106,45,1,0.03397018989735556,-1.3223829808370713
88,1,138607,49,4,-0.6565493185564168,1.4437343388436892
50,1,163407,46,0,0.22339245073826555,0.9635308992801226
58,0,25263,25,1,-0.8424698813336445,-1.7922822771884723
51,1,150262,45,0,0.21590008012976727,0.7841809953661728
89,1,183971,39,4,-1.0755628537441568,1.9889052361925954
25,1,138501,96,0,2.1902714724547043,0.7043127493900642
84,0,113214,87,2,-0.35165943467758387,0.7811568834052954
75,0,104198,32,1,-1.3999753829251007,-0.2201697634185856
70,0,67567,1,1,-1.8876988005768,-1.234020518117903
52,1,55810,44,0,0.4793326022340714,-0.5574427665857539
87,1,179310,96,4,0.36598887723358575,2.5887431130679492
19,0,65283,97,2,1.8186710180001242,-1.143749571934864
74,1,189360,12,4,-1.334745509360399,1.415590101671971
86,1,55707,39,4,-0.566479447387147,0.09243164108920815
64,0,117132,66,2,-0.3254124818479102,0.1564611783694967
84,1,118712,21,4,-1.1550824832752726,0.7273938383074976
34,1,123188,27,0,0.3359114786624062,-0.18330049869234158
65,0,63081,16,1,-1.37566083943997,-1.2166417851330038
46,1,29940,89,0,1.8117286941024766,-0.4938695415066549
44,1,51329,29,0,0.3511725917520676,-0.9758088157960868
63,0,116008,40,1,-0.9200600628796661,-0.20373767483880348
18,1,137138,10,0,0.31605764671413483,-0.5309350934814495
28,0,147133,24,3,-0.45569778366949254,-0.6921441654388949
45,1,166202,72,0,0.975856119779491,1.221706441794453
69,0,198207,77,3,-0.4670308169218485,1.5570594547205774
48,0,107982,28,1,-0.7736056220147447,-0.7823880185395048
60,1,194304,42,4,-0.24811669534702008,1.5653350887925408
58,0,31851,91,2,0.7236994505240761,-0.8778129010097432
86,1,128233,34,4,-0.9284571954060458,1.0670386143773303
66,1,38593,4,4,-0.8070255188537736,-1.0069158996414835
36,0,105469,77,2,0.7405959261593078,-0.4611244927045428
39,1,85897,59,0,1.094014508364391,-0.21372720108402904
36,0,105009,25,1,-0.5091184260847154,-1.113992933851274
51,0,164236,59,3,-0.29680709129611343,0.47000115970457335
36,0,64860,6,1,-0.8325234864331794,-1.9240635403166662
50,0,167530,19,3,-1.2430502169427255,-0.0010448175862556514
67,1,92368,36,4,-0.24344285645240699,0.1804949584454556
38,0,144979,4,1,-1.2020760620147029,-0.7616593969477065
47,1,151948,47,0,0.3673297209020559,0.7491995418476727
89,0,103763,43,1,-1.5150685017229872,0.2041178784285607
75,0,119527,47,3,-1.0901168186261205,0.18538707575441413
41,1,127854,75,0,1.2847464017354553,0.6268724454136241
56,1,51537,69,4,0.9862091717460281,-0.22386706356535788
43,1,181407,90,0,1.4127765565876413,1.620806819888246
47,0,132721,64,3,0.0374396864573465,-0.0022985022112834742
87,0,149185,76,3,-0.8178981419715603,1.2215972782684332
26,1,45177,28,0,0.8377615598930578,-1.4539097975438184
67,1,74590,80,4,0.87454318962415,0.47322370603103475
84,1,63805,96,4,0.8325577312627191,0.8746578997116019
88,0,87130,100,2,-0.0608552763887992,0.6538024539661704
46,0,194793,92,3,0.5315873034329944,1.2120321311259508
62,0,111012,23,1,-1.2852436621473056,-0.507427937232759
68,0,129299,68,3,-0.426752237952499,0.43918444349265673
90,0,142486,10,1,-2.465389640661945,0.36849619844113507
57,1,138231,21,4,-0.4848938924414023,0.43982036010575576
28,1,39916,24,0,0.7045807228347305,-1.5368599761846788
56,0,36506,2,1,-1.3789078108063797,-1.959395228366837
58,0,119841,68,2,-0.12293024754011846,0.09413336898554213
45,1,94694,72,0,1.214129543077695,0.19950811888769665
25,0,174740,17,3,-0.6344327734780612,-0.44746137775921885
68,0,115728,42,1,-1.007155566390037,-0.07795777934477777
90,0,23858,34,1,-1.4926079254185207,-1.02898791617248
65,1,178928,66,4,0.24446330919531886,1.7487510341116568
71,1,196550,81,4,0.383297251475291,2.3129960907303513
38,1,39356,99,0,2.2388232953069176,-0.40286194441619355
77,1,23005,11,4,-0.8861847304898598,-0.9119084422960096
79,0,133767,83,2,-0.3802409423185308,0.9203196873545391
78,0,130477,59,3,-0.9195462562228625,0.5540155379707525
80,0,124408,49,3,-1.194409406905217,0.3849428500944678
83,0,144732,38,3,-1.608510391785659,0.6017112479989152
88,1,169163,31,4,-1.191489662969007,1.656811973769077
88,1,133752,78,4,0.05743903536104833,1.7347652143475267
46,0,135030,60,3,-0.03927328628525641,-0.039991462707833235
71,1,159844,92,4,0.7702930364426459,1.9250039867158508
53,1,41739,8,0,-0.3672597901970907,-1.1850344965296644
55,0,52690,69,2,0.2065795947879553,-0.9163084795713005
62,1,137505,8,4,-0.931439940993428,0.3727941245967941
84,1,154534,85,4,0.26555068676022314,2.0349023391066434
83,0,141911,100,2,-0.10723889745597873,1.3319652620191673
73,1,110391,46,4,-0.2262573192453282,0.688328724107016
64,1,62204,73,4,0.8290697791908271,0.14621133333690772
28,1,183595,92,0,1.8620709240988094,1.3621662934061092
21,1,70216,28,0,0.8904819293686873,-1.2009053286961238
69,0,124786,16,1,-1.6901921747557014,-0.25063613941388907
57,1,181125,9,4,-0.9165712968752683,0.9038404777396742
36,1,117758,14,0,-0.01326823270984948,-0.3805248807065078
33,1,44054,52,0,1.2283874659731253,-1.0247789001081486
37,1,197672,35,0,0.19852918430004343,1.0438240779525803
64,1,187520,1,4,-1.3209945215567822,1.042721643895253
84,0,141313,49,3,-1.3596616494794431,0.7105378443309138
62,1,192105,52,4,-0.054626264882153226,1.7001577412228333
89,1,113843,64,4,-0.24032664010224455,1.297151538948049
59,1,191664,72,4,0.5097841292607435,1.8794728231052928
22,0,24596,12,1,-0.17275474841328697,-2.718850498768074
82,0,192794,86,3,-0.5864308414704216,1.8643447562741977
76,0,124564,50,3,-1.0619440633275878,0.3156615216207597
47,0,154500,91,3,0.6145553973277635,0.6446048083179944
73,0,150744,51,3,-1.0434245559249025,0.6393751755980456
18,1,99389,37,0,1.0915279520648264,-0.7349774361097681
82,0,48214,87,2,-0.0806101103368936,-0.18998037520212893
83,1,25107,26,4,-0.695636245367295,-0.5695199327980963
42,0,29704,39,1,-0.08470277119370355,-1.8905569556154989
23,1,144180,97,0,2.24987214791902,0.7559520652774702
35,0,113449,45,1,-0.028761967765532845,-0.7657549985077272
28,1,51195,62,0,1.5813706136639338,-0.9033371283137674
67,1,185412,59,4,-4.064221333762545e-05,1.7964081054259178
61,0,52166,71,2,0.0930664517127716,-0.7730315255804492
46,0,63667,28,1,-0.5714812537757963,-1.4578356716576655
68,0,190303,58,3,-0.8706494932148948,1.1869422642694505
36,1,125573,98,0,1.9819365907791386,0.7752010510841925
69,0,31028,93,2,0.4750292247048515,-0.6338850694897734
50,1,146156,92,0,1.3877473577647272,1.288650464182243
29,0,56356,57,2,0.6136123104324385,-1.5586581821711056
38,1,115218,64,0,1.1438562428272294,0.2465715220996307
88,0,92475,5,1,-2.3645977259681006,-0.45051863273437986
21,1,82993,98,0,2.532278533545244,-0.1482501059342341
88,0,93295,56,2,-1.1401453826437693,0.19506725781656828
57,1,111875,61,4,0.5654253222216636,0.5602127913226365
72,1,107920,96,4,1.0123292722738597,1.2534564455759583
29,0,177581,99,3,1.220298428366631,0.69624444009295
30,0,79124,34,1,-0.04292036451448192,-1.4980676061799063
64,0,145473,64,3,-0.46797305818312235,0.5367349746021003
65,0,105257,88,2,0.21629958181076067,0.2811260480170255
88,1,25158,80,4,0.46741244718251046,0.2072843642435251
35,1,103750,91,0,1.9134470664158265,0.35525790877393115
54,0,74627,89,2,0.6419623942961534,-0.37513254058798623
70,0,92856,4,1,-1.8997775148110445,-0.8352311594344269
22,1,78879,31,0,0.9065724080984543,-1.0187976457253998
54,1,100775,73,0,0.9728532529674544,0.4877290798133
87,0,152215,98,2,-0.2986206882722548,1.5383423340929623
66,0,79127,9,1,-1.6247958697250042,-1.0532820747594187
77,1,66777,3,4,-1.2245379594452885,-0.38562258901697644
72,0,70699,36,1,-1.1104107961838876,-0.7122741667216497
64,0,129958,3,1,-1.884084307630582,-0.44320126272978955
47,0,64494,82,2,0.6979044215544286,-0.7538785847260375
46,0,115582,34,1,-0.6000937301682894,-0.6411446989105276
58,1,69867,85,4,1.255669125925207,0.27898743867825476
76,1,38686,67,4,0.43629184017771533,-0.012727802231923895
43,1,169584,27,0,-0.06376177908375014,0.6687898665479706
31,1,185340,47,0,0.6917543225381372,0.890774045427946
71,1,150774,25,4,-0.8116684118889773,0.9626260092379068
44,0,30149,77,2,0.7737259809858649,-1.3699348255777148
82,0,47598,61,2,-0.7041810871330522,-0.5219324196922872
24,1,79344,61,0,1.572434959573182,-0.5973192790083532
18,0,37907,22,1,0.13243852531886896,-2.4882243042221837
70,0,157468,60,3,-0.7675757128503249,0.7843972932930079
51,1,54262,59,0,0.8726580772324026,-0.414125636892499
44,0,137373,72,3,0.2961302427896281,0.10067591523597948
42,0,58473,96,2,1.190994746109628,-0.7708712010994139
29,0,119795,38,1,-0.054960666409485756,-0.8879506956501877
24,1,50999,34,0,1.0171979657326915,-1.3380827756455598
67,0,55402,51,2,-0.562349257555352,-0.8494373880487849
61,1,191958,33,4,-0.4840922162286782,1.4409259396902572
59,0,172762,25,3,-1.3611853110526577,0.33718332778165583
85,0,168297,98,3,-0.2977465290580536,1.726262585385488
28,0,65845,46,1,0.34453758390879086,-1.5807148531794477
65,1,149509,91,4,0.9440521436762059,1.6389276317601453
40,1,141926,53,0,0.73571366471176,0.5336134284738504
63,1,120507,85,4,0.9507770497624267,1.1078052397760267
55,0,120546,66,2,-0.09171225109850295,0.016398816485250038
29,1,34969,97,0,2.4503925249412792,-0.6792960851992345
23,1,41808,1,0,0.2809935042910903,-1.9005993840789612
67,0,100314,38,1,-1.0248133301893878,-0.368998908953545
62,0,33621,40,1,-0.6183058002719224,-1.402435013305817
85,1,118580,52,4,-0.43593753234263266,1.1317818595484308
35,0,127225,3,1,-1.0852879696103486,-1.0908344430750911
78,0,183051,14,3,-2.17753928527372,0.7462627485942385
37,1,126759,3,0,-0.335178238363123,-0.36758743472119837
61,0,126834,94,2,0.3976997509567047,0.5801988952472109
36,1,147946,84,0,1.5705127847764762,0.9210185084162021
68,1,186733,42,4,-0.44073461494332494,1.6249886226001575
67,0,46569,97,2,0.5739558413751726,-0.40398351814262196
36,0,61416,14,1,-0.6285480979259518,-1.87386544821639
84,0,93782,96,2,-0.07034762516664118,0.6152371318743202
39,0,106598,74,2,0.5829545929506342,-0.41931666724230815
64,1,138779,46,4,-0.07577351845409835,0.9052667106631302
69,1,170923,2,4,-1.3777822252892984,0.9228232648029494
25,0,32390,56,2,0.7783302259448903,-1.997618036035765
24,1,125351,91,0,2.1410073382941475,0.4332065218735275
46,1,112874,41,0,0.3803850883936313,0.09508412169136932
45,1,183030,9,0,-0.596150860671741,0.6792521129102034
72,0,196521,28,3,-1.7221646849482557,0.9869066408911554
25,0,116733,75,2,0.9544754598509867,-0.555799475739456
90,1,72404,31,4,-0.9235381667120836,0.31562363922504943
60,0,195240,6,3,-1.9205018913175231,0.443343218861457
65,1,109630,99,4,1.2694334193271106,1.1682917487092823
39,0,99711,46,1,-0.06784553254750038,-0.8657693232926783
20,0,120737,51,3,0.49978835358222795,-0.9017768033947532
40,1,86775,58,0,1.0397957824542383,-0.19261999415553538
22,1,105205,79,0,1.9738482978935312,-0.04589265309761134
63,0,53936,93,2,0.5620810249341571,-0.4323280005958538
83,0,75525,76,2,-0.4635312809030458,0.08469633481549435
46,0,188523,54,3,-0.3618931895288471,0.6501123402478227
72,0,183662,66,3,-0.7649440186593548,1.2753796605145522
55,0,151885,89,3,0.35729858853374863,0.7502463552126297
23,1,51209,13,0,0.5384175570527017,-1.6170687200323852
90,1,95450,40,4,-0.7837682612518919,0.7569218263923065
49,0,105029,1,1,-1.4406825505432894,-1.139190897273419
66,1,34233,2,4,-0.8406223538555045,-1.0940989943493877
43,0,87798,52,2,0.007302002822831964,-0.8775519528749496
35,1,154675,51,0,0.7812609314499472,0.5860763993489629
54,0,44376,85,2,0.6465126561189715,-0.8572818044920392
52,0,108034,68,2,0.07979618895082445,-0.20055634261653962
77,1,29236,20,4,-0.6903851834125163,-0.710978672643955
28,0,166176,54,3,0.2027219489952666,-0.04706552541814534
19,0,46272,53,2,0.8232704304697107,-1.9623726824087446
77,0,59108,41,1,-1.0876293265548624,-0.7108975429965069
63,1,84389,20,4,-0.49293225676333186,-0.2163632533013271
23,0,118293,32,1,-0.030946422061238085,-1.109903908230397
28,1,88631,97,0,2.2988148391474827,0.06681078891334184
40,1,166271,49,0,0.5583433607462921,0.8319074665418467
55,1,79145,38,4,0.17551082009540606,-0.23548894507107188
24,1,94753,76,0,1.8820269540636951,-0.1906188493862774
71,1,47585,53,4,0.20591844156928907,-0.16444461311811284
59,0,117898,27,1,-1.1302468468428264,-0.42223358696154667
75,1,75567,18,4,-0.8384292904654647,-0.11550999290835845
76,1,158909,96,4,0.7335049628022796,2.0662781506413164
73,0,168655,1,3,-2.306228442997579,0.2739754014343008
89,1,32898,43,4,-0.4759193161861566,-0.12095043225700045
55,0,153888,10,3,-1.5503087907913962,-0.2029889006320653
49,1,135013,46,0,0.3452354174890433,0.5366570497752462
86,0,178927,24,3,-2.14101858367644,0.979477812042684
82,1,52503,98,4,0.9728036254783464,0.6959845555185981
68,1,130742,78,4,0.6120822740173633,1.2720374363708722
83,1,184343,32,4,-1.0818554519408383,1.7813119222653702
49,0,81214,12,1,-1.0966411580877815,-1.3429076952999044
64,1,110541,75,4,0.7161298583556572,0.8620403927826096
31,0,105021,57,2,0.39699320885809825,-0.8210277983844269
27,0,33124,8,1,-0.43357425652541465,-2.5417335405305144
68,1,98328,3,4,-1.0845936624563217,-0.12346989508051208
65,1,187903,77,4,0.47924440140542635,2.0137633714002763
82,1,136953,49,4,-0.4876539228825386,1.2941805501099901
69,0,44528,60,2,-0.36401510826643824,-0.8510515325568178
39,1,105777,51,0,0.8352723527076238,-0.028974635421601322
27,0,130885,32,3,-0.18182721983648875,-0.8459627340797715
80,0,184384,13,3,-2.260504804450166,0.794859135568361
75,0,108351,26,1,-1.5581883567966857,-0.23537536993067262
28,0,118565,89,2,1.2035532057374487,-0.29265431972332506
77,0,119660,68,2,-0.6397100054805699,0.490261173558162
29,1,123155,28,0,0.4962372708931759,-0.2762685689685004
43,1,122742,94,0,1.7045053083854405,0.8319124791665623
75,1,196443,81,4,0.27473107867156643,2.3954065759707444
66,1,67440,99,4,1.3827849945867434,0.5861757449942323
39,1,79435,79,0,1.5967955802751215,-0.05752656727564212
69,0,61531,71,2,-0.15598429633599156,-0.47127989370340195
79,0,101021,23,1,-1.7148739423632198,-0.2935029302111238
76,1,156941,79,4,0.3310010188035279,1.8268577961114034
19,0,140328,82,3,1.207675205321216,-0.2574208705477139
85,1,133721,70,4,-0.053265194648983376,1.571937384015979
60,1,23556,29,4,0.008024793193787008,-1.0370603852093707
60,1,25722,87,4,1.3964292129617952,-0.2852326320363348
69,1,31447,98,4,1.3969636063151383,0.1221864275571378
54,1,27714,61,0,0.927552125293437,-0.7058136840856579
37,0,43677,73,2,0.8230139896121984,-1.3731635766709906
60,1,109372,65,4,0.5883233717885245,0.6371025637131927
76,0,78084,63,2,-0.5942552224475994,-0.18719133027637355
26,0,62352,60,2,0.747512270074522,-1.498614983262492
84,0,28075,47,1,-1.0304636394028353,-0.9330432618084642
44,0,82364,28,1,-0.5793205951758592,-1.2325343075609616
78,0,43046,79,2,-0.14696654904010253,-0.44722601661149025
43,1,64007,69,0,1.2986564100995228,-0.31841502408021183
21,1,100605,33,0,0.9095342794078545,-0.7043546636507888
65,0,154218,33,3,-1.2702789360811124,0.29743877881784936
60,0,53805,23,1,-1.0401615692739044,-1.3671651912195484
69,0,187084,41,3,-1.2962156293143816,0.9506240234586162
81,1,111450,33,4,-0.7604432390906849,0.7097738785925914
60,0,56832,3,1,-1.5314968000335842,-1.5724687399351445
25,0,164382,57,3,0.36257914373682193,-0.09837944648832599
56,0,169338,68,3,-0.23339896519996614,0.7597170559765809
89,0,40509,39,1,-1.4005481975397251,-0.7498053303612627
73,0,146849,21,3,-1.7523192818228828,0.21083538710987365
37,1,82267,65,0,1.3049461370743978,-0.23301539074412267
37,0,168514,1,3,-1.3254542244072147,-0.48350051392648924
90,0,44850,91,2,-0.1909964906095934,-0.020473448187214364
69,1,131688,29,4,-0.5973603857463325,0.6975387295830406
53,0,93806,59,2,-0.11658705112827646,-0.49481726316786506
22,0,68403,42,1,0.4031483000405207,-1.7197734352357885
46,1,175890,26,0,-0.1905286214596616,0.8094597041793002
64,0,194255,48,3,-1.0155197796465196,1.0352085188215236
27,0,170470,2,3,-1.0356026366362692,-0.6529611134950317
83,1,171710,1,4,-1.7856965352906045,1.2154347593602246
59,0,192783,41,3,-1.0428986212386748,0.8222404544096
38,1,27208,84,0,1.9183652489987693,-0.7629467683578012
39,1,79222,30,0,0.41844552809222846,-0.669578050060973
85,0,178590,22,3,-2.160789870440817,0.9288180126761909
54,0,98344,7,1,-1.410186029636911,-1.0552548816420528
30,1,61681,55,0,1.323531507586717,-0.7984719447844696
54,1,180541,81,0,0.8995627194429714,1.7274041877589532
83,0,41844,3,1,-2.107860528471954,-1.3040651951398823
77,0,55618,11,1,-1.797873562108207,-1.1336479048362307
78,0,72452,87,2,-0.05245138813462571,0.07255890364069854
86,0,82629,34,1,-1.5795173931636275,-0.27280352510529987
23,0,22487,36,1,0.38454069543995945,-2.429724409816317
90,1,168787,93,4,0.24717343662812685,2.463986989622236
89,0,112662,38,1,-1.6650332847002847,0.2691844829245448
21,0,90510,98,2,1.7042126508429862,-0.7287338923496576
54,0,123956,15,1,-1.3030287955648883,-0.5897047384373026
54,0,33808,4,1,-1.2673314994913756,-2.0150754197616965
66,0,178141,99,3,0.21089737292378358,1.4806949197972847
33,0,165529,99,3,1.1515344600896313,0.6079025764056538
23,0,163078,72,3,0.7823222582999662,0.027440624708103253
60,1,42937,19,4,-0.2971795228458484,-0.8842983802063075
80,0,44494,78,2,-0.2303152623162199,-0.3969857183668206
34,1,114472,34,0,0.5333913727660168,-0.22089372480281216
45,1,191405,77,0,1.0121888576525297,1.644123855978424
49,0,109461,58,2,-0.08389116538169883,-0.36739965224692567
86,0,87098,31,1,-1.6665959834338855,-0.24620582649365844
24,0,26497,55,2,0.8011346571601354,-2.1152714844739746
32,1,138179,31,0,0.43667076276593797,0.03873886831741082
60,0,126878,73,2,-0.08052752537071631,0.2988400006785523
85,0,22449,28,1,-1.496134245953253,-1.2286266954891303
38,1,169210,26,0,0.049575377392428704,0.5460898267493728
67,1,193721,64,4,0.09258497496271409,1.977327806526223
37,0,88498,94,2,1.1789762627093723,-0.4714498727462969
38,1,118256,1,0,-0.38220076688950805,-0.49300921044412793
45,1,132906,95,0,1.640238704040028,1.031604372071335
83,0,59042,8,1,-2.0448541491391885,-0.9960783002665984
56,0,126040,68,3,-0.08912472061242856,0.1407773151753174
51,0,141309,39,3,-0.7016604119438957,-0.10631172045256708
50,0,61534,91,2,0.8426374750601097,-0.6213780346926999
56,0,157582,32,3,-1.060474543983004,0.1442329652863042
83,0,191703,80,3,-0.7544008418776337,1.7951618051916742
53,1,118210,32,4,-0.044571863229891526,0.20639830166067602
89,1,90277,14,4,-1.364924077852613,0.3388430015801375
76,1,110269,60,4,0.029331394212939708,0.9235416834044606
86,1,69624,22,4,-1.021914158979622,0.08008546510398659
53,0,42518,61,2,0.1024357426430811,-1.2031156848373616
67,0,193497,56,3,-0.9021865049004825,1.1867576883490578
41,1,72867,4,0,-0.24046375203030512,-1.0415983956587185
70,0,30034,84,2,0.2345486740601015,-0.7389675400026691
90,0,134802,15,1,-2.3194733866507393,0.32079787389049563
56,0,135600,41,3,-0.7706658218271765,-0.05813873180897466
42,0,187312,66,3,0.03981405824845725,0.698005693758409
27,1,30540,39,0,1.1239900535915552,-1.5054431719335295
85,0,166873,86,3,-0.5817509238464282,1.5567621839924215
54,1,158037,51,4,0.25267546311701483,1.0328509659350449
88,0,163274,15,3,-2.3598842265228606,0.6858316959836969
27,0,87761,67,2,0.8040528027733022,-1.02741039907239
65,0,56642,63,2,-0.22327039724622913,-0.7245372634216101
76,1,78347,23,4,-0.7546110448823764,0.0073583226466766545
52,1,33758,62,0,0.9859365760066223,-0.648956736774342
84,0,84036,57,2,-0.9763081047321834,-0.008800371632794447
66,1,89917,72,4,0.6582028656723967,0.5719066708939052
20,1,160391,90,0,2.109110027326572,0.8377303934862422
45,0,130702,36,3,-0.575119856924729,-0.4211336981683833
31,0,115764,90,2,1.1552568934960774,-0.257310544605455
63,0,103460,82,2,0.13237409240518144,0.13889588312188023
18,1,138448,20,0,0.5523170139163935,-0.3879217237115686
46,1,30836,3,0,-0.26062713896914,-1.5499301835068224
22,1,166547,94,0,2.130385904730126,1.0174145277421751
47,0,33967,35,1,-0.3313107763919359,-1.7744076631943138
83,1,134348,9,4,-1.468702212238592,0.7807790908134216
36,1,82466,17,0,0.17651637264012734,-0.8477336844665935
47,0,132561,38,3,-0.5876507382470737,-0.3277320811417074
79,1,115638,76,4,0.31474831200573694,1.2621052473836245
66,1,138698,18,4,-0.8037134253688354,0.5980750308009337
72,0,71786,89,2,0.16127675996786617,-0.03801412781365803
71,1,117346,70,4,0.38252779775052187,1.0440685828395813
18,0,42160,41,1,0.5754534587264639,-2.1912827322572794
22,1,198942,8,0,-0.04692845830275557,0.4116283301851455
86,0,77676,56,2,-1.033639604701924,-0.07017450121796151
49,1,47140,37,0,0.4214770241974576,-0.8313353629202916
75,1,109060,36,4,-0.5169080668341389,0.5869851805772687
24,0,97234,77,2,1.094804085586024,-0.8306629469544214
62,0,62875,77,2,0.17452674193576728,-0.524390394024724
22,1,172241,67,0,1.4617267895095445,0.7632344723062758
89,0,139671,49,3,-1.4903436915638448,0.7919906971961655
86,1,24449,39,4,-0.4623239589738887,-0.3543977371260879
85,1,193075,56,4,-0.5879142267381101,2.2463938213140726
53,0,50581,88,2,0.7252548471751606,-0.7522809568021973
60,0,112778,75,2,0.014580292934768847,0.12213959926212473
28,1,185371,56,0,0.9899050622135831,0.9401205271770711
75,1,198681,31,4,-0.9358484507998243,1.80596313795236
53,0,49526,65,2,0.17533400654773637,-1.0532223310317836
89,1,125523,38,4,-0.9048693964597768,1.1409693464809019
19,1,125750,90,0,2.2517687639960147,0.32155642478912855
85,1,20220,54,4,-0.06006506326930806,-0.24940518235749873
51,0,65183,13,1,-1.0736228107732897,-1.5176702000645181
82,0,120256,35,1,-1.571910015749323,0.19355861788766804
68,1,174554,44,4,-0.35202780416365304,1.475748686842172
20,0,195343,46,3,0.13087979054318774,0.10256352156934977
89,0,20781,98,2,0.08487215934207232,-0.2985209857225284
32,1,28392,90,0,2.2221787494068246,-0.7973594402107673
45,0,95151,60,2,0.1208391085935611,-0.6310420160582109
31,1,175692,65,0,1.157026647507884,0.9765737743686217
36,0,54849,54,2,0.3558317424902026,-1.470591624539899
71,0,182239,11,3,-2.056406193698091,0.5504741171206806
18,0,186343,39,3,0.0468931354858629,-0.15506137600111913
90,0,150565,76,3,-0.9041885036095274,1.304279241614522
36,0,33819,15,1,-0.5125290655910731,-2.255932560889211
28,1,110703,97,0,2.2252682289914447,0.38232739381346387
60,1,41266,43,4,0.2858871287866785,-0.6098961429123667
45,1,161436,52,0,0.5104881204871001,0.9050028884582222
89,1,28583,38,4,-0.581853431049922,-0.24477638018717685
35,1,20345,94,0,2.2635500867004468,-0.7997204859411914
56,1,61849,59,4,0.7112238756187298,-0.20074533084569463
81,1,92296,98,4,0.8674391481049054,1.2438357304032026
87,1,195273,32,4,-1.2271982619451876,2.0214950048364373
75,0,84976,41,1,-1.1193633191613839,-0.3830875900207357
34,0,147584,90,3,0.9675367197364272,0.26050758461412565
37,1,48249,46,0,0.9611118330295461,-0.9554440841684382
49,0,101393,73,2,0.3039290715260536,-0.2963001347868724
44,0,154556,32,3,-0.7236234112100937,-0.15084345584810058
21,1,131770,26,0,0.6372515649258055,-0.34585566264892453
46,0,182726,75,3,0.16273446563059238,0.8282477772807814
63,1,108734,46,4,0.051570782718916505,0.4547920132654439
71,1,29239,99,4,1.3739220228491427,0.1450220575122768
28,1,23736,96,0,2.490990490871695,-0.8732841961132796
66,0,90677,81,2,0.06921413845209545,0.006690744723016314
46,0,196693,16,3,-1.3034895329189773,0.2946106254279475
41,0,161536,32,3,-0.6651895945569253,-0.11402021726572703
54,0,87531,95,2,0.743339352879974,-0.11609915545224112
77,0,97261,86,2,-0.13194978516379338,0.3937868797967059
24,0,64328,56,2,0.6991395716403003,-1.5620531483698294
19,0,116460,28,1,-0.01216571052855174,-1.269761292327391
33,1,74373,72,0,1.608609736318559,-0.34279826245636796
61,1,108492,10,4,-0.7594095007864559,-0.0380708407745577
57,1,67185,4,4,-0.6572214710741345,-0.7870617574402249
73,1,75261,32,4,-0.4460740790445362,0.012147661523670486
69,0,85610,37,1,-1.0543415991360232,-0.5496495223773591
83,1,44294,65,4,0.17886566467653855,0.1894755385806227
22,0,140419,27,3,-0.19775451326530663,-0.876743927226786
68,0,155409,81,3,-0.20094217703023032,0.9739969753260354
73,1,52153,63,4,0.3768603983604559,0.06711149642341237
35,1,175169,3,0,-0.4420249387504257,0.2824577170430174
27,0,23763,61,2,0.8729273166121257,-2.016826414271874
45,1,50850,4,0,-0.2760231185401372,-1.2723887446590678
64,0,165437,75,3,-0.26980866128855946,0.9588337549519489
83,0,190752,61,3,-1.2084184441297028,1.54542192901239
61,0,137839,73,3,-0.1442815987339348,0.47651119644911255
29,1,179321,69,0,1.2956455086589378,1.0361947078483278
55,1,27529,85,0,1.4784365652530527,-0.38918424483361863
62,0,96351,1,1,-1.765765197818119,-0.9904367494723534
65,0,154138,30,3,-1.3421997006174171,0.2590090655188957
90,0,97746,66,2,-0.9688135675077196,0.4249508663263197
63,1,79176,25,4,-0.35524967771114996,-0.22873892785612548
43,1,149393,79,0,1.2547642370934162,1.0264547281462957
28,0,90002,49,1,0.33623083246435415,-1.1981072993504
43,0,68780,91,2,1.0091076570226742,-0.6646923953331806
40,1,162729,88,0,1.5085810854981985,1.2659945964574055
90,1,125458,6,4,-1.701881718981932,0.763306544875509
25,0,105578,29,1,-0.11522717243406462,-1.2869794193473059
84,1,46765,29,4,-0.722846699900382,-0.20165027625555781
24,0,56186,29,1,0.07658370479408182,-2.0140171719734568
63,1,33107,17,4,-0.394241679635562,-0.9867194437702721
22,1,158934,34,0,0.7120066672329318,0.16286514463441215
58,0,180850,55,3,-0.6390314977603152,0.8046765413155258
36,1,45569,92,0,2.1041450590469917,-0.4430188232142108
65,0,134324,29,3,-1.3002394680869502,-0.036658406572676557
19,0,27687,65,2,1.1739472664782808,-2.0788985472102484
19,0,54418,43,1,0.5555025119066557,-1.9702136610978194
90,1,90490,68,4,-0.0934924792424043,1.0340230318151058
48,1,22669,7,1,-0.1916252694821803,-1.574991624277369
51,0,104007,99,2,0.8663811123944748,0.10618309990198002
37,0,55858,14,1,-0.6372588379633461,-1.9323313852994504
79,0,20099,37,1,-1.1083576899113972,-1.27627135258016
24,1,112014,81,0,1.9448234096722925,0.11826862296565413
45,0,55771,11,1,-0.927001697486508,-1.8029810878306332
41,0,188818,34,3,-0.7079716739261936,0.30083013086373384
80,1,36363,2,4,-1.2289492597348592,-0.7698607675116199
30,1,114878,70,0,1.5072092530478554,0.14840343345874674
28,0,140587,62,3,0.48048719260875816,-0.313427564502773
66,0,196221,13,3,-1.918717655006539,0.6702775062586834
72,1,75836,42,4,-0.18013492424634994,0.1236692846761558
29,0,167011,53,3,0.1486465043571648,-0.026572998356030324
36,0,54542,59,2,0.4771669280381473,-1.4128366148050995
62,1,47783,90,4,1.3406452355379186,0.10938287075993307
88,0,143516,1,1,-2.630922375018997,0.22939153819034233
60,0,142059,26,3,-1.262047383384686,-0.06829867471004017
63,0,126471,63,3,-0.4014878317279579,0.23168993620214334
21,1,169206,47,0,1.0178215634670866,0.45029034794542305
32,1,26786,31,0,0.8078458961979571,-1.5536107678568958
44,0,88569,88,2,0.8437502709503537,-0.39811211635693977
67,1,195050,41,4,-0.465279645957026,1.7104654276791074
40,1,30525,45,0,0.9144158968719017,-1.1582802276783701
45,1,84271,26,0,0.14198779704517084,-0.5212079721111061
86,1,146612,51,4,-0.5806367154916878,1.5410522546546113
71,0,190839,68,3,-0.7135030955576299,1.3818464245440438
19,1,144879,18,0,0.45553256639443634,-0.29986375235319956
45,1,115337,77,0,1.265656760033351,0.5567408774743243
57,1,163125,28,4,-0.3994066391199789,0.8826780714134211
64,0,166094,47,3,-0.9457463197251299,0.620221678249464
87,0,121894,18,1,-2.1225829812679096,0.1106106496824047
29,0,116130,85,2,1.088186467675663,-0.35619217511707685
18,0,120315,70,2,1.012842315133386,-0.7136338170307557
42,1,91856,84,0,1.5940274768540592,0.24512871100670414
87,0,27235,12,1,-1.9515422562115128,-1.3171007000061439
75,1,32847,11,4,-0.8645181262152347,-0.8131882460314271
76,0,92158,5,1,-2.036773313334403,-0.7068702222869421
20,1,37256,8,0,0.5462904723059069,-1.9416237554145406
37,0,44090,51,2,0.2922640377809958,-1.640691358543403
89,1,172317,83,4,0.022017273494253378,2.369175832654957
25,0,122385,4,1,-0.7727912766101336,-1.3574430512926565
48,1,111556,12,0,-0.3674954276392756,-0.2422190331062937
64,1,48081,51,4,0.3467555615580735,-0.3291068331326491
21,1,75098,47,0,1.3314009576572106,-0.8949722768253583
50,0,53017,13,1,-1.0058535296700375,-1.7125667269742886
63,1,145479,8,4,-0.9852409641330108,0.5077665119749719
43,0,46689,55,2,0.2164695653709636,-1.427914077163488
64,0,68824,38,1,-0.8381927568896637,-0.8820997275706866
90,1,180674,66,4,-0.44212151389040416,2.298335129825448
20,1,94885,28,0,0.8355124742859278,-0.869249928209374
34,1,158310,94,0,1.8310644688667597,1.1514877085272652
57,1,195216,95,4,1.105846014702667,2.1741384954936533
56,0,52741,16,1,-1.0961305943698785,-1.5533159349746752
72,0,41907,27,1,-1.2310343251509388,-1.2357107378938044
45,0,99361,54,2,-0.0375637962665566,-0.6454328143753311
70,0,94421,69,2,-0.34093337588579414,-0.004993676193695074
86,0,75356,91,2,-0.18372351290071293,0.33166614234073283
38,0,29196,41,1,0.07403754657579177,-1.9569013771999135
31,0,109026,90,2,1.1777087356142082,-0.35362945017889746
88,0,20371,85,2,-0.19934277506957399,-0.4869400951566876
60,0,77861,26,1,-1.0481317763351516,-0.9860014203324594
71,0,150494,2,1,-2.167189964610105,-0.015175236502999168
21,1,92793,67,0,1.7536879437787327,-0.3934502120378009
28,1,136719,61,0,1.2723317151407256,0.3067895336545125
44,1,30931,33,0,0.5153910077922962,-1.217680960082786
47,1,41895,97,0,1.9371620491217805,-0.2025595734733163
74,0,145541,40,3,-1.3180050920848652,0.44926813734987675
87,0,23179,38,1,-1.312403602600883,-1.0519343377420354
39,1,29010,89,0,2.005442310490366,-0.6540588460427227
42,0,175403,83,3,0.4885578676484113,0.7390559900154432
47,1,184631,21,0,-0.36719760654587424,0.8932527269048669
66,0,193778,3,3,-2.1512017272963844,0.5110680367537609
89,0,104592,19,1,-2.0953295061213995,-0.08232064834190707
23,1,168026,36,0,0.7026052205832041,0.3386766237716814
57,0,31017,49,1,-0.25691356256882114,-1.4327255607061555
81,0,86459,61,2,-0.8064400262378529,0.012595926460579637
60,1,180607,23,4,-0.6596630628650888,1.1333926643141918
55,1,144134,90,0,1.2102066327073628,1.3398138471811312
49,1,160728,70,0,0.8370485594381136,1.2025388875491954
83,1,29323,74,4,0.4453128752428417,0.08732524946625889
50,0,173265,8,3,-1.5268468326846978,-0.0557794610509899
63,1,116706,37,4,-0.19155490172913225,0.45689243296625415
22,1,98262,51,0,1.3232347712613233,-0.4931458224623347
19,1,151411,16,0,0.385642251969927,-0.2313470074193799
82,0,63807,25,1,-1.6244394745883262,-0.7376601740273665
36,0,31628,70,2,0.818206078025796,-1.6036737253988644
36,0,182315,96,3,0.9417220832413653,0.8735253476327132
54,0,72483,57,2,-0.12089176784782894,-0.8034994083552548
33,1,28189,16,0,0.41500357897747225,-1.6990006552391013
53,0,81050,82,2,0.4793537348083649,-0.3913024850906702
41,1,75876,38,0,0.5676330136228094,-0.5760090409275619
39,0,95414,93,2,1.0774075030245374,-0.34304516730726947
88,0,127402,70,3,-0.9169198614187898,0.8566246575323518
28,1,115571,55,0,1.1984247753194268,-0.07009084725853446
31,0,154372,14,3,-0.8021354994709651,-0.6499955727448465
76,0,75718,15,1,-1.7413687698785347,-0.8175909834058418
58,0,153228,58,3,-0.4748042727971093,0.44710947186062017
46,1,106317,71,0,1.1241071597678218,0.37421381800773657
31,1,167056,68,0,1.2579901926766655,0.8904093082407242
82,1,150305,95,4,0.5747280360374885,2.056766346425595
36,0,52941,47,1,0.19375231895100611,-1.5848672100667471
40,0,99836,46,1,-0.09549272535386731,-0.8429974538494885
86,0,132580,47,3,-1.4331484672871226,0.6028132554333983
36,1,170119,67,0,1.0875680689502094,1.0266908667756438
88,1,120763,40,4,-0.8136529258121734,1.0767981206276116
76,0,169737,8,3,-2.223088718627873,0.4393984436739616
62,0,30490,22,1,-1.040996930461676,-1.6709090216058016
82,0,22201,70,2,-0.40299316627829074,-0.7731211340825062
90,0,198922,88,3,-0.7765706190809087,2.1446812748387507
66,0,176182,30,3,-1.442883688821129,0.5951104231283492
45,1,144452,63,0,0.8317677834221344,0.7989344199022302
76,0,131009,28,3,-1.6127933787172004,0.13436045960869236
58,1,98585,94,4,1.3765392319650902,0.8013661886850141
65,0,60555,98,2,0.6058765743527991,-0.23359662899926675
31,0,84502,87,2,1.1872383760549874,-0.7414832251930825
58,0,58670,43,1,-0.5206620951582169,-1.091016463435602
83,1,86236,14,4,-1.1880749055186015,0.15516733282212739
90,1,106927,77,4,0.06829942451976515,1.3808463530080557
84,1,198857,8,4,-1.7349472316807695,1.7114838460565072
61,1,97053,14,4,-0.6250435711719224,-0.1518751496453368
48,1,99165,98,0,1.7431631547864395,0.6495219562422384
61,0,174035,15,3,-1.6605129059070682,0.2730636533693387
32,0,112847,38,1,-0.113501110986041,-0.9243164980529308
80,0,49123,39,1,-1.1841750043406714,-0.8155343130555568
23,0,125227,50,3,0.3790726458585168,-0.7870664689574529
67,0,126656,28,1,-1.3532125516882558,-0.11673024000023935
41,0,61679,62,2,0.38941951594187285,-1.1686028821844716
73,0,74248,86,2,0.05365506228688625,-0.019121245226707426
76,0,175483,99,3,-0.05255261999627374,1.6525492207918095
59,0,162167,39,3,-0.9890072451015453,0.359730974314889
66,0,106652,39,1,-0.9946392010029559,-0.2869542573753658
23,0,155025,90,3,1.2422798477134027,0.13604068822723578
47,1,176537,33,0,-0.05147806879514178,0.9266944546190929
72,1,76998,61,4,0.27317960013588766,0.37642538066487824
20,1,64432,44,0,1.3219847205069355,-1.1057126056648274
25,0,90761,100,2,1.642578467709553,-0.6163484246163968
83,1,36817,29,4,-0.6624680667368765,-0.36484075796469095
82,0,47862,75,2,-0.3681865405587255,-0.34415666457757405
53,0,197719,63,3,-0.3665881283422716,1.0403214964843208
84,1,176852,20,4,-1.3728745363602362,1.5460694895569962
85,0,36455,65,2,-0.6524934982517583,-0.5685504158019598
74,1,38944,51,4,0.10489439100123508,-0.24986906363268255
53,1,60131,6,4,-0.47666907872682895,-0.9469804675202992
64,0,38351,31,1,-0.9050900981931216,-1.404708577820803
27,1,106844,82,0,1.9044208958841495,0.11974782591025541
46,1,158448,43,0,0.2766518223183895,0.771416426002102
38,1,156198,19,0,-0.07550415673155197,0.27308388689074914
89,1,55274,6,4,-1.4407893485332193,-0.2609503654655444
54,0,35976,60,2,0.07294136646824004,-1.2880764920606853
23,0,172263,1,3,-0.9567168673275768,-0.72369913763777
42,0,145652,23,3,-0.8560548396007598,-0.43195346011292973
47,1,72894,74,0,1.2804333504868517,-0.04529284451929835
23,1,167733,47,0,0.9682684251042102,0.471204007534824
36,1,199311,55,0,0.7015474084615244,1.2948425302440372
73,1,154518,38,4,-0.5657934517258292,1.2196892600038247
25,1,76704,87,0,2.179624650093309,-0.290926356429088
32,0,188391,75,3,0.5250874757974463,0.6154381448248752
84,1,145848,73,4,0.005744166335438141,1.7615925146986857
81,1,91820,57,4,-0.11753499757992834,0.72745435494954
78,0,128604,95,2,-0.047057178444869806,0.974674700780286
62,1,66156,93,4,1.3516114812456441,0.40930883512077204
39,1,123404,76,0,1.3780981470742957,0.5337189155673703
31,0,122542,88,2,1.084546876910532,-0.18527725904072612
60,0,146098,2,1,-1.8530045013478351,-0.30885063471132573
74,0,188430,93,3,-0.18560692510231636,1.721082775661407
87,1,173786,61,4,-0.45779004484743874,2.0747734259773343
51,0,103181,6,1,-1.3686739190210242,-1.0614942798309335
85,1,111138,37,4,-0.7720765476338506,0.8389687437737303
41,0,80972,81,2,0.7823193253576767,-0.6566663057932431
27,0,140387,13,1,-0.6706754996873737,-0.9462782232066371
71,1,85158,6,4,-1.0502143058345863,-0.2114923218102786
90,1,89559,75,4,0.07804684037476399,1.1077154512803624
45,0,48263,26,1,-0.5410474492380244,-1.7238764372270465
66,1,178077,73,4,0.3885053815233829,1.8445720533924974
48,0,138048,26,3,-0.921914109845026,-0.3774555532486956
68,0,93634,9,1,-1.7275963273291586,-0.8039362229670481
42,0,101280,21,1,-0.7563267848977342,-1.0911033179262926
81,1,123857,25,4,-0.994284442514031,0.7877008014306891
54,0,157466,88,3,0.34187024496961815,0.7966123669331738
32,1,79803,21,0,0.39056230418838295,-0.9200261585397466
39,1,100940,21,0,0.12951648630434204,-0.4709802014476455
61,0,156934,83,3,0.03271596792351002,0.873759017929245
50,1,157503,51,0,0.3633775265110809,0.9412774622214286
41,1,133302,33,0,0.2559703169520517,0.18274523509742824
84,1,51101,12,4,-1.1463563448063312,-0.3509557033982672
65,1,49458,64,4,0.6277483334098755,-0.12686457414528124
64,1,84947,61,4,0.46453797738718605,0.3221753117291465
56,0,140395,88,2,0.3442915550125899,0.5945544787139435
54,1,46618,3,1,-0.5310601177795602,-1.1564483027332513
18,0,155057,55,3,0.536141039837533,-0.40343168900757864
55,0,70451,46,1,-0.406038464790901,-0.9482773801781661
30,1,115096,47,0,0.9530466203432002,-0.13434055774991469
33,1,47307,52,0,1.217548071136337,-0.9782776534725881
34,1,118218,40,0,0.6652839101740939,-0.0927728563250644
33,0,102335,62,2,0.4717941591240551,-0.7553102908960146
57,1,139743,27,4,-0.3455573931318848,0.5360064652930506
65,0,183533,77,3,-0.30921253988124514,1.263356339132744
74,0,146698,8,1,-2.091858590950716,0.06808867048761474
30,1,165161,72,0,1.3877850216217262,0.892050330578227
34,1,48528,73,0,1.6915602123673739,-0.6788357349279119
55,0,27198,84,2,0.6524587359798145,-1.0942829619200425
45,0,121660,62,3,0.08063275999860481,-0.22724161064294868
61,0,89797,93,2,0.4970491311275052,0.03833069435014745
65,1,185327,52,4,-0.11373317030170074,1.6662220685243772
45,0,76338,12,1,-0.9714710183391705,-1.496549570637131
50,0,174782,72,3,0.008094803344042103,0.7613431603036702
84,1,146807,18,4,-1.3208858022310397,1.0917223862925662
59,1,127066,21,4,-0.502152098508505,0.32218803678957564
36,0,127158,86,2,0.8848875219956204,-0.0392244585297407
37,0,107706,4,1,-1.0506471786466969,-1.315457491419427
70,0,132571,60,3,-0.684615856332797,0.42849765065988277
50,1,79242,85,0,1.4422758963405817,0.24512186949730622
23,1,51230,39,0,1.1639711467993332,-1.2936221295072312
80,1,38880,30,4,-0.5635877584492163,-0.3858767397420371
59,0,90374,85,2,0.3570882930924873,-0.09482083920191337
71,0,69530,85,2,0.09977492692091008,-0.14096321831061814
87,0,71891,69,2,-0.7287821707471163,0.02968782281586004
30,0,73207,100,2,1.5649171605292322,-0.7623557120724
39,1,151099,24,0,0.03456788286292718,0.28332283809239245
71,1,128026,67,4,0.2747533939754094,1.1594517849413757
31,1,106040,13,0,0.1378685226069461,-0.6653860461841099
81,0,141958,73,3,-0.7026201613601233,0.9550919970260859
31,1,32923,73,0,1.8252500180733744,-0.9648623750003615
57,0,62455,86,2,0.5286416238677201,-0.5234609221652824
32,0,36911,45,1,0.30796406468194376,-1.9228115989996735
37,1,75854,82,0,1.7353766006326707,-0.11340043063555393
73,1,134367,13,4,-1.100208968635368,0.6209154303464992
28,1,29964,3,0,0.23243066659462075,-1.9401254879988996
27,0,91340,93,2,1.4177507002883651,-0.6531026233245724
32,1,53009,54,0,1.2739038750816716,-0.8928958383479387
21,1,174369,22,0,0.3990566949133858,0.21337712613703222
39,0,124862,87,2,0.8349084878383014,0.003338231297922757
52,0,178392,63,3,-0.2749575172586194,0.7430593295016175
46,0,98824,96,2,0.9476175569189434,-0.11011843599996209
65,0,116640,97,2,0.3949320332228311,0.5557030425895869
38,0,162790,12,3,-1.0689249394945441,-0.40762361740849856
34,0,131975,11,1,-0.8813853162547134,-0.9444891085946937
71,1,124441,1,4,-1.3014223020676403,0.28790993524484404
50,0,37264,39,1,-0.32773903793893056,-1.6146075832457334
80,0,114452,69,2,-0.6799858986096912,0.491197171039452
74,0,80165,100,2,0.3435824422897781,0.2604484793623603
27,0,130022,9,1,-0.7323878280042337,-1.144159491231575
89,1,188278,35,4,-1.1861640849338597,2.0007584565282315
71,0,57410,92,2,0.3085973663747903,-0.22721621802928083
77,0,74167,36,1,-1.2581199847841171,-0.5577744739216559
26,1,66719,35,0,0.9344180881892475,-1.0589685260524455
33,0,121380,73,2,0.6730207766933822,-0.346348505829929
30,1,114427,32,0,0.5943391386426472,-0.3303344471297017
86,0,141595,57,3,-1.2225631047628394,0.8559686803299301
80,1,171440,85,4,0.31814053190848907,2.1926315532916374
86,0,107036,94,2,-0.21709782270886255,0.8218140830247832
25,1,141320,90,0,2.0365035501393063,0.6700377721396317
29,0,98113,92,2,1.316658434136165,-0.5267420858132686
27,0,169795,5,3,-0.9611661195325575,-0.6253240350592347
37,0,157043,98,3,1.046825697818626,0.5581075493693033
71,0,117413,85,2,-0.059777099814390805,0.5435185501033245
64,0,136508,3,1,-1.9059097106988154,-0.34956979471167615
90,1,156060,44,4,-0.8894784332653202,1.673049370840162
35,0,86367,53,2,0.2539781348984736,-1.0534592943482393
19,1,157587,46,0,1.0869364062039928,0.2297994037480771
67,1,26777,81,4,1.057924412558633,-0.19782871312334052
87,1,23801,84,4,0.5954145941656309,0.2166160323510655
75,1,29712,61,4,0.34905031723359203,-0.23656731592330912
19,1,147094,89,0,2.1565854943154354,0.6142376489860313
56,0,130708,69,3,-0.08061662415488588,0.2199345254955392
50,1,190631,44,0,0.08455385535377351,1.3278373138675001
35,0,119585,96,2,1.177976811786168,-0.044177522615665786
49,0,51273,11,1,-1.0209365199280014,-1.7833394233639097
31,1,42052,12,0,0.32702193912766403,-1.5925155744943298
31,1,49167,46,0,1.121437009361211,-1.0682314399643376
73,1,28198,19,4,-0.6020661750066988,-0.8221855038033771
40,1,80047,91,0,1.8562749811387986,0.121351400425809
63,0,27275,91,2,0.6027938561652006,-0.8383012278643608
82,0,57048,21,1,-1.698167437021835,-0.8839941025601948
59,1,91085,94,4,1.3742994740282315,0.715139593450629
57,0,183033,57,3,-0.5709499543650393,0.8397546715614358
28,1,36996,23,0,0.6902480760621845,-1.5910297351925855
44,0,56038,94,2,1.0965222201303857,-0.7885666318934058
53,0,51464,56,2,-0.04768565009669088,-1.1373772209525452
45,1,25715,16,0,0.09647912053666645,-1.4825460774786847
77,1,99488,87,4,0.6877103396487776,1.1259886905262357
47,0,109578,10,1,-1.1848170182816533,-1.0042751355462076
76,1,45703,89,4,0.9422841210475478,0.3610109425984401
90,1,63733,45,4,-0.5577711046546018,0.36567463605856504
69,1,70867,44,4,-0.03376068501285215,0.014540410041637818
63,1,124465,40,4,-0.1452215066830512,0.605092534495909
69,0,79872,96,2,0.38446236249011256,0.10162020204357468
35,0,70164,6,1,-0.8229663872539025,-1.8692285029094227
66,1,89666,90,4,1.0921632345150916,0.7920353929591937
34,0,198035,76,3,0.4625535752070688,0.8076966998106526
24,1,83502,66,0,1.6788922176860637,-0.47573762733448893
27,1,133682,96,0,2.1518676163309594,0.6773957384468533
44,1,34081,97,0,2.044891287605704,-0.37721479868635793
21,1,49818,71,0,1.9931356918909473,-0.958057875934416
20,0,131997,50,3,0.43820620825891093,-0.7532451553039046
50,0,80595,90,2,0.7550614412886569,-0.36133202293630884
44,1,67179,30,0,0.3224208932311391,-0.7368062504562398
83,1,28494,27,4,-0.6828596998516748,-0.5086744645437071
80,1,28258,88,4,0.8674278452022375,0.18314808014616923
30,0,109945,15,1,-0.6028061661992097,-1.29363053550858
58,1,118378,99,4,1.4308987531357078,1.1464482987502072
60,1,58502,13,4,-0.4934186798952471,-0.7363708091576754
59,1,154407,80,4,0.826428579439143,1.4463181170229022
41,1,69705,15,0,0.03475931224684801,-0.9500830243755709
83,0,175477,40,3,-1.6628316117389417,1.066064767692762
72,1,129411,12,4,-1.0805267363017923,0.5166562850430948
46,0,110969,82,2,0.5702747009287835,-0.11050901758234387
37,0,100971,73,2,0.632103357033364,-0.5541526868038471
76,0,145226,12,1,-2.045165282309836,0.1387314554241323
55,1,105923,42,4,0.18253302008266062,0.1970141984624606
53,1,50961,47,0,0.54044672161391,-0.568487510463999
45,0,165445,42,3,-0.5465131239297863,0.1500855846845493
73,1,73108,28,4,-0.535149798200531,-0.06834404690359591
76,1,66685,80,4,0.6558075214975575,0.5490877590802665
20,1,161583,87,0,2.0329508028356424,0.8174837683276002
27,1,176907,70,0,1.3822130523722937,0.9721455549310629
87,0,191881,57,3,-1.4173528996006042,1.5957860562245074
58,0,119478,63,3,-0.24203291094215232,0.02680078923972978
67,0,116530,77,2,-0.14041168388361203,0.3475264721226069
60,1,34536,18,4,-0.293248805615801,-1.016818379856547
61,1,150055,55,4,0.1849075025187084,1.115359124910528
69,0,180097,76,3,-0.4307485213117281,1.285750459194328
36,0,190295,62,3,0.09700862227270632,0.5650224359627856
81,0,88617,88,2,-0.163944737718305,0.37901938447330735
77,0,45844,7,1,-1.861555174885117,-1.323080898418618
55,0,101391,23,1,-1.0625705681920854,-0.7918540491803419
58,1,167931,11,4,-0.8517130591313089,0.7610762475255428
47,0,169473,79,3,0.27591418817147717,0.7094975643437076
45,0,169698,67,3,0.04087647816735183,0.5215994023492083
67,1,156079,74,4,0.4586371819075421,1.563526986640905
41,1,37725,1,0,-0.19555363376074705,-1.5812352130265412
90,0,47636,41,1,-1.403402023268983,-0.6020832916294273
71,0,147191,14,3,-1.8674346262639385,0.08675326423027735
71,0,128429,80,2,-0.21679598634824584,0.6388474168579874
87,0,129549,34,3,-1.7630912633101445,0.41889728264439635
89,0,156408,58,3,-1.3295514245834266,1.1431024825731515
56,1,118039,98,0,1.4624272528787707,1.0872036078726048
69,1,127524,55,4,0.04213813710572758,0.9611612447408963
84,0,57477,46,1,-1.1524971530412502,-0.5251738896283616
82,1,55389,94,4,0.8669373405115381,0.6875247505025183
43,1,54283,66,0,1.258870635973912,-0.4947045660153007
90,0,55068,95,2,-0.12879434026967532,0.17530647238754588
28,1,47264,33,0,0.8966582889613539,-1.3199628248873976
76,0,124798,86,2,-0.19647576788009433,0.7664399978828373
40,0,148832,48,3,-0.21062851498628396,-0.1177480680795215
40,1,66335,79,0,1.6132157089309511,-0.22380449394536073
87,0,110012,58,2,-1.1204929092017306,0.43790718289839603
37,0,111857,26,1,-0.535105034388535,-0.9826878744272178
39,0,22021,56,2,0.4316515205158944,-1.8520515219855391
64,0,140772,6,1,-1.8479305471453333,-0.2513303009260375
78,1,100416,4,4,-1.3397954644820917,0.12865661692208383
57,1,195350,15,4,-0.8195960722537587,1.18175740016579
77,1,58031,67,4,0.34460125088715815,0.28479167260182164
83,1,110828,73,4,0.149665777472493,1.2400007862490734
39,0,188240,94,3,0.7921623347966873,0.9963201281336915
85,1,131752,69,4,-0.07076669001968058,1.5313620564714652
22,0,85430,44,1,0.39453713799411244,-1.4515170877972825
52,0,26254,89,2,0.8576085160695891,-1.1085888192355369
59,0,131258,53,3,-0.5491404405354569,0.09189241606644928
54,1,158940,47,4,0.15341677727758166,0.996044412662489
47,0,136377,88,2,0.6027561209685789,0.34825256411051847
59,1,38850,26,4,-0.08789334680402092,-0.876705613323615
89,1,195566,43,4,-1.0179490362324766,2.2043692073720793
80,1,77843,62,4,0.07658098147044762,0.5688133373319365
31,0,64577,98,2,1.5183178115737888,-0.8895929376332379
49,1,86409,49,0,0.5793772389679244,-0.12084520471111819
48,1,153694,21,0,-0.29134240696972713,0.4719970147329974
39,0,134122,8,1,-1.0968801052374038,-0.8461590759349481
83,1,111307,18,4,-1.175364772243183,0.5632691151484964
33,0,84964,22,1,-0.4328213303535692,-1.50077496669733
66,1,142425,45,4,-0.16644623721784574,0.9869271564961681
60,1,44033,24,4,-0.18051930531389332,-0.8064876529708345
62,1,154452,42,4,-0.1697863002204719,1.0376255253182507
85,1,145507,72,4,-0.04441270211819915,1.7652742621593807
75,1,94205,66,4,0.25446395792328846,0.7474959575632076
52,1,24554,86,0,1.5941041072289204,-0.4822378351415383
36,0,97313,9,1,-0.8684735270156413,-1.4228656569184173
23,1,79168,97,0,2.466500102769706,-0.17338671316429918
28,0,191013,80,3,0.7455855841554431,0.631122822410444
24,0,100297,67,2,0.8439733462284392,-0.911164803801675
66,1,183788,43,4,-0.35239771412626947,1.5533488880771495
78,1,173130,30,4,-0.9564638633215811,1.4912409638809354
46,1,22385,7,0,-0.13621759170084805,-1.621021389104606
88,1,100461,20,4,-1.2272530683002782,0.5380093020807838
83,1,146200,65,4,-0.1606976215939035,1.6462096423751063
19,0,195634,46,3,0.15714082034552637,0.08573832246135639
77,0,164948,53,3,-1.1515518457775815,0.9512171125308081
40,1,94867,48,0,0.7722077985118984,-0.20123289639773662
27,0,156024,100,3,1.3706527951235277,0.35854838759236546
68,0,101659,85,2,0.07440919215987954,0.2553619728194706
27,0,194126,20,3,-0.6813033229313235,-0.09108468060393628
37,0,183044,92,3,0.8158125092547105,0.855216494499925
49,1,91973,65,0,0.9458364252944951,0.15755083288814437
69,1,68776,34,4,-0.267417664459952,-0.13963726148734948
78,0,21462,18,1,-1.5428551463927362,-1.513917884386423
80,1,138334,37,4,-0.7265435666190119,1.1228072701046419
64,1,101491,46,4,0.04847466927235784,0.37223920234871605
25,0,31919,99,2,1.814584781300633,-1.4699164972897907
52,1,199713,77,0,0.7938908406787737,1.9097807896805437
48,1,72871,40,0,0.43515618925207034,-0.44721267637217776
86,0,175408,64,3,-1.1667950529628777,1.4263224318289782
65,1,20355,22,4,-0.28589958321924824,-1.0648942045368721
44,0,181374,6,3,-1.438607839574789,-0.0906297455888047
82,0,39535,98,2,0.21299627435666307,-0.17732986026339853
26,1,34979,30,0,0.9198674357905663,-1.5748315748065547
20,0,146441,98,2,1.545074378856545,0.049808065874842065
28,0,29089,94,2,1.6220104319252877,-1.5095595194094655
56,1,75870,2,4,-0.707055167988374,-0.7087531439121503
66,0,52780,22,1,-1.2241926532683354,-1.2683360952659142
61,1,150843,78,4,0.7357180198818912,1.4124837660163225
49,1,90838,28,0,0.0593079275332702,-0.31853603842327977
38,1,52284,78,0,1.6904342738452531,-0.4790605877946229
82,1,125990,70,4,0.054187477658655565,1.3984686338938537
85,1,81606,68,4,0.07226348539103931,0.8021022656126537
47,1,89529,50,0,0.6475048161805774,-0.1057864883135371
74,1,24735,64,4,0.4650523032682524,-0.2914118232530924
51,1,106652,56,0,0.6259008395678219,0.29749703559639645
88,1,24166,85,4,0.5910301367154536,0.25524738075810943
23,0,56065,80,2,1.331402252971143,-1.402867773446275
59,1,25613,81,4,1.2796484231169254,-0.3823480290894643
38,1,34985,47,0,1.0021408745743234,-1.1116376636421372
51,1,77824,15,0,-0.26460096599631655,-0.6241727950098692
51,1,109011,95,0,1.5564757088226833,0.815938256011938
24,1,160238,75,0,1.6397604604388578,0.7330526999690292
84,0,59116,50,2,-1.061708722865855,-0.4520297498364098
29,1,184519,13,0,-0.0691717724152741,0.41449187074600713
83,1,78154,72,4,0.23447710671402597,0.7605011494685028
58,0,105489,85,2,0.3339539373858958,0.10026127190391193
22,1,159312,100,0,2.298868480472901,0.9885633122036017
46,1,66543,86,0,1.6175756760162474,-0.007920149262332964
71,1,133627,44,4,-0.2973460547164671,0.9536571360749286
24,1,169427,54,0,1.1038302454004187,0.6034054979769012
81,0,175637,43,3,-1.5367160620498295,1.0636680527077758
24,0,153821,92,3,1.2671859354133743,0.16467207656839866
60,1,48694,53,4,0.5017605698864255,-0.3794266935493837
33,0,41261,18,1,-0.3834473552370299,-2.175218964613545
41,1,198439,26,0,-0.1295112666954975,1.0268699202994984
57,1,87053,58,4,0.5759479351989821,0.16809914188564273
72,1,68270,77,4,0.687261482745083,0.45051898453667866
35,0,45610,49,1,0.2935356768182168,-1.6857905739772232
24,1,185184,56,0,1.0994508790634236,0.8535073470363228
79,0,163698,59,3,-1.057473378792016,1.049890776196764
28,1,62753,47,0,1.1819212688618097,-0.9245475124328716
57,1,117822,53,4,0.35310963083202573,0.5457947853978314
26,1,39453,34,0,1.001209298378413,-1.4611614484754651
60,1,155208,16,4,-0.7434675942705644,0.6833160382967328
83,1,55593,63,4,0.09309112179000344,0.3261359793987701
44,1,64682,46,0,0.7157403198833632,-0.5736412454820173
71,1,135751,81,4,0.5858869737875847,1.4438816443130573
50,1,101535,6,0,-0.5329402506569992,-0.4180702587004392
45,0,26640,50,1,0.10850171262616566,-1.7346856579327086
55,1,28105,27,4,0.08089546529983904,-1.101815435364568
76,1,23693,95,4,1.159998808291567,0.12095286599610708
57,1,54099,34,4,0.10825602879356702,-0.6012633366490885
80,1,131654,74,4,0.1860254693068305,1.4871796494219351
20,0,75803,58,2,0.8179510642240488,-1.4571020155632437
48,0,189401,77,3,0.13415608183853578,0.990493539341844
43,0,140866,16,1,-1.0357750917609942,-0.5663847026787857
47,0,198832,67,3,-0.11066293679238266,0.9800364728745476
20,0,43212,64,2,1.070922940760431,-1.8484142239365169
90,1,138681,19,4,-1.4331305940382397,1.1139009502433264
39,0,32219,50,1,0.25329586549202376,-1.7808445751893065
28,1,101305,91,0,2.112208848551559,0.17341186010848295
18,1,84902,24,0,0.8269886300949123,-1.103640570572989
33,1,180309,20,0,0.004370867303884931,0.5252514141457857
26,0,122490,90,2,1.268998424252403,-0.2660882244319147
77,1,43200,15,4,-0.8572271673883792,-0.5735084978408346
20,0,194470,93,3,1.264723638312839,0.6742333487752197
31,1,127167,63,0,1.2705930073929514,0.25805727736759104
85,0,86134,38,1,-1.4677160262900872,-0.19397014745515384
86,0,194061,34,3,-1.9508224793772744,1.3201036114129316
52,1,129280,29,0,-0.12641511734064328,0.30637149783520884
68,1,158545,51,4,-0.1302467398956721,1.3339028964177926
61,1,160123,82,4,0.8010457012260845,1.5948550885756645
68,0,75209,97,2,0.451293172463359,0.02640687199316365
78,0,30989,20,1,-1.526475388895366,-1.35287314154881
63,0,108792,20,1,-1.377264361787756,-0.5554636856779928
75,1,35704,45,4,-0.055914877926033016,-0.34977171315351524
45,1,46707,75,0,1.4462154449087747,-0.4491741942601675
40,0,92430,37,1,-0.28737702836935214,-1.0607237082223495
27,1,156431,29,0,0.46388135880420334,0.1698665672083522
75,1,148680,95,4,0.7707574776364347,1.8866420998631779
89,1,172055,72,4,-0.24179660298051323,2.2287147901513484
56,0,78438,87,2,0.5266774305208525,-0.3035421470703544
37,0,56797,27,1,-0.32757591892955007,-1.7573352933872828
19,0,30046,80,2,1.527023460974969,-1.8587463095937264
48,1,125222,23,0,-0.1483453225731503,0.08985058914003138
82,1,115943,34,4,-0.778582698657758,0.8074144941719672
66,1,43291,27,4,-0.269243600879414,-0.6538982753370899
37,1,174730,24,0,0.010287848525663737,0.5791551431358704
59,1,117430,74,4,0.8052658083456407,0.8431640708795167
59,0,193446,52,3,-0.7804209259288489,0.9684337440392032
24,1,143671,21,0,0.39559171744387295,-0.1749207984518319
80,1,192792,94,4,0.4635550530629688,2.609714212699706
57,1,155997,89,4,1.0921538624914513,1.5389353270149078
70,1,146771,89,4,0.7688972184046208,1.6798558802398016
31,1,60412,66,0,1.5652161862903828,-0.6589113551335485
89,1,167876,73,4,-0.20380921782912925,2.1814051916843566
81,1,162703,68,4,-0.08903895165198823,1.877434161255773
87,1,33820,83,4,0.5379676129961577,0.34740773360061955
60,0,32227,21,1,-1.0163859172483312,-1.7004775403298764
87,0,118554,96,2,-0.23458299880035108,1.0323049425302881
79,0,40941,81,2,-0.11905821887227142,-0.43147431570304795
49,0,178791,31,3,-0.9645932347473342,0.28808931503483404
25,1,34936,78,0,2.1022387440596004,-0.9998532984414018
45,1,78354,49,0,0.7151401964804919,-0.3199305055185101
90,1,188422,88,4,0.06143498535456137,2.6825234323842455
21,1,149436,64,0,1.4927591886715266,0.3789685877001076
24,0,138382,57,3,0.4764450089692254,-0.49103135180459734
37,0,195484,3,3,-1.367196681523462,-0.07311016854842543
45,1,96545,95,0,1.761398014110873,0.5118282180855912
66,1,56554,50,4,0.23999868697595014,-0.1784449985784763
58,0,71672,26,1,-0.973047914566351,-1.1164424551821326
28,0,23061,52,2,0.6314737861664713,-2.117734779645642
86,0,113516,42,1,-1.4899371058373956,0.26815211333541206
58,0,137517,33,3,-1.0240144140765652,-0.08819508787297663
42,1,165762,78,0,1.2033889548575145,1.2270339119247646
49,0,168825,26,3,-1.0516975247655136,0.08348299675803797
50,1,76296,50,0,0.6099067621817089,-0.23199561537182867
37,0,35610,1,1,-0.8826018016010323,-2.383347326976771
50,0,41352,26,1,-0.65417253731227,-1.7177433103140756
31,1,142165,4,0,-0.1990664095632365,-0.26084185257277326
20,1,92138,95,0,2.456849615450729,-0.07579455494059725
37,0,40875,76,2,0.9045379314985258,-1.3759317093000067
88,0,156479,99,3,-0.3159970917625913,1.6327094220118572
77,0,150813,63,3,-0.8638278449281678,0.8734460512259165
74,1,69666,90,4,0.9409602667867368,0.6740178556222103
42,0,37827,19,1,-0.5930184987527297,-2.0230137927249414
89,1,90885,3,4,-1.631636900994458,0.2108185052102325
82,1,28622,41,4,-0.3191813071223172,-0.35382782255893164
73,0,63687,34,1,-1.1624015195155757,-0.8163822754499216
40,1,180304,34,0,0.150647012494721,0.8460769119410372
72,0,166861,5,3,-2.176770158435708,0.2770602067137623
74,1,107058,98,4,1.008865096561998,1.3079616924534303
21,1,105702,45,0,1.181299787864989,-0.4823491657645117
75,0,188894,53,3,-1.176881498735684,1.251552304967524
61,1,34797,56,4,0.5930237346038789,-0.5198115172181464
22,0,35461,91,2,1.6919748772199452,-1.5816687191894732
87,0,112278,39,1,-1.5852299498767781,0.23415393765258852
41,1,177747,48,0,0.46881079945947707,1.004511818211709
69,0,112182,68,2,-0.3969469727890214,0.2154839813986995
62,0,145885,58,3,-0.5592592064249962,0.42608220098207156
88,1,38911,56,4,-0.15591290977374114,0.10559287452131659
44,0,153788,38,3,-0.5766896723592674,-0.08724967845947704
48,0,49319,51,2,-0.024697083611936583,-1.3351083247840707
78,1,135681,61,4,-0.08574341562627823,1.341201915903156
78,1,56820,24,4,-0.7132793517262037,-0.24596884596947174
27,0,134341,23,1,-0.4099050385965768,-0.9084179952293123
80,1,99830,14,4,-1.1516797477804401,0.2865369117818754
51,0,67344,15,1,-1.032698638161323,-1.4619215478255958
70,1,170801,91,4,0.7369512017495348,2.048219276614315
82,0,65234,56,2,-0.8832586253175492,-0.33197144327656924
31,1,96768,72,0,1.5884482055221103,-0.06463442985111696
44,0,163765,1,3,-1.5002447165165549,-0.4044918363942178
79,1,159145,73,4,0.09759031944880778,1.8467464953832218
80,1,101493,93,4,0.7437120700717055,1.2921771999554872
74,1,51833,73,4,0.5913204479295918,0.207809220159874
70,1,30582,83,4,1.011678543164692,-0.05562424905637801
77,0,132017,11,1,-2.0524443970715605,-0.04153332084907846
76,1,176227,42,4,-0.6235727546914978,1.6426866818072914
88,1,186603,83,4,0.0016452474279010222,2.55240748773223
78,1,101804,19,4,-0.9834837789351354,0.33492852546294327
51,1,97368,75,0,1.1140227166906345,0.4009288086969949
23,1,170675,65,0,1.3915893264664672,0.7369762833988658
72,1,60285,14,4,-0.8020655394875114,-0.44663421700916617
72,1,110321,37,4,-0.41535539621659723,0.5544847045479337
55,1,56245,43,4,0.37212865167702985,-0.5006981730360035
84,1,60033,85,4,0.5804396051344409,0.6840218262547753
75,0,187366,60,3,-1.0033529019228309,1.3167106807065494
26,1,126691,11,0,0.15708535651380806,-0.4999649287014961
72,1,187359,90,4,0.6032541158992181,2.314455220928251
81,0,86557,26,1,-1.648952141608894,-0.421007941821206
48,1,187850,58,0,0.48515607022414875,1.4201151387812343
59,1,32878,50,4,0.5095047641562116,-0.663785657548133
55,1,23242,55,0,0.7708480314165602,-0.8233276265222641
85,0,42915,86,2,-0.16870766987206484,-0.21520262708991478
65,0,76673,64,2,-0.26595370038216276,-0.4257678022369187
67,1,22778,82,4,1.0953120156409664,-0.24256523307991085
73,1,70765,16,4,-0.816091972314141,-0.25098144358042485
78,1,69309,95,4,0.9535393485424245,0.8149981587923695
86,0,82814,80,2,-0.47326137589254225,0.30156157817297696
61,0,189845,72,3,-0.3416344117546929,1.2075020500156939
44,1,94604,7,0,-0.3223987992105277,-0.6306294248147011
79,1,156028,27,4,-0.9988959143419627,1.2304688021463026
24,0,50694,17,1,-0.19386561523374699,-2.2416691477020474
88,1,157602,51,4,-0.6717180978911128,1.74012301132947
49,1,105129,61,0,0.8057492411657392,0.29589945177222127
57,0,126829,41,3,-0.768670451932016,-0.1625341203030578
78,1,102629,16,4,-1.0584201144297227,0.3094356791191641
65,0,40182,68,2,-0.04811143524619666,-0.8976874602359081
76,0,116909,11,1,-1.9748720112619356,-0.2784853865236259
68,1,124708,45,4,-0.16187237597150322,0.7756347754006477
76,1,190324,58,4,-0.2855465705605356,2.0430609356811433
49,1,123510,89,0,1.4182499494323815,0.9066574655936135
22,0,73543,43,1,0.4100836346281082,-1.6338690412660173
81,0,53714,4,1,-2.068889024060376,-1.1639262733745923
36,0,111918,78,2,0.7431695122558545,-0.35650810001176225
35,1,39026,39,0,0.877868241313323,-1.216256740115707
70,1,38434,26,4,-0.3860446360870024,-0.6518171806272217
69,0,53696,69,2,-0.17800200528243848,-0.6081376985430534
23,0,101111,25,1,-0.14213100491887773,-1.4425195002471174
48,1,102073,17,0,-0.21558468506016912,-0.31563384788053395
58,1,67162,49,4,0.3984345054367371,-0.20711368757966384
57,0,188735,57,3,-0.5899497174635228,0.9212640808193415
56,1,169813,92,4,1.145535268394614,1.752734511053736
47,0,172454,98,3,0.723167581533697,0.9882560481683
63,1,21792,9,4,-0.5490382706032388,-1.247895678844493
59,1,134608,86,4,1.0367759436016564,1.2378660214569126
35,1,156419,65,0,1.1123239365676347,0.7850085777715856
38,0,112064,10,1,-0.9480245777540292,-1.157603146639738
41,1,136329,91,0,1.641505779156434,0.9468808804786467
19,0,101590,82,2,1.3367549708261361,-0.8111759557516341
62,0,68011,61,2,-0.22758615627326106,-0.6498312090600455
60,1,148327,83,4,0.8916445417467674,1.4176763751094972
19,0,160984,38,3,0.08009931038505978,-0.5090089517277769
18,0,53853,44,1,0.6086782834411816,-1.9868465703943023
54,1,83531,1,4,-0.7021836490920086,-0.6536387898821334
36,1,158956,73,0,1.269139222288713,0.9416893601874292
79,1,48032,67,4,0.32345778986164947,0.18382718008092702
80,1,70927,89,4,0.749311950515362,0.8055250486581967
57,0,106820,57,2,-0.31699889420637145,-0.2497010646316142
48,0,41914,53,2,0.0481021738474687,-1.4161045004934343
28,0,56055,53,2,0.5455961776910704,-1.6336607810687662
42,0,84790,33,1,-0.41263074574839287,-1.1776814078426132
20,1,135114,48,0,1.1827134096075154,-0.04560702367827952
55,1,92486,18,4,-0.3501919232208785,-0.2933550951395196
64,0,138932,17,1,-1.577112548953097,-0.14091709747190592
24,0,55508,58,2,0.7766537825869652,-1.6632765801472282
56,1,84684,65,4,0.7795095246039814,0.20025051366224655
57,1,182967,47,4,-0.008336165014779622,1.402462537261435
40,1,58187,35,0,0.5816182735333285,-0.8871423163153076
62,1,163626,56,4,0.13651903393584555,1.342768666698825
53,0,25506,97,2,1.0253698245508425,-0.9988667196348848
86,1,102044,81,4,0.2897426682529792,1.2768192439730381
53,0,160695,64,3,-0.21915717620216588,0.5234965442684837
52,1,141301,9,4,-0.6477194588172227,0.22963610535700385
64,1,134054,95,4,1.1190305551564188,1.4467300729792332
56,1,154810,84,4,1.0030275455972648,1.4388387562771026
23,0,141318,14,1,-0.5407925511292686,-1.0044810192049196
36,1,173255,88,0,1.5824298728717054,1.3325224723285731
65,1,135394,24,4,-0.6210987461089689,0.6044319815873337
69,0,31720,66,2,-0.1769626132413325,-0.9595681177541616
80,0,35833,34,1,-1.260203318817048,-1.0676568144914687
23,0,94318,17,1,-0.31199545431015024,-1.6390542851873062
74,0,112101,37,1,-1.278766246490442,-0.06603879321384998
49,1,51025,87,0,1.6116539669533072,-0.15436437090573749
20,0,22523,75,2,1.4045481179500923,-2.00744522516535
32,1,141761,78,0,1.5556700043265848,0.6740923886562113
46,1,163776,90,0,1.3898331778092445,1.4317288078919905
35,0,175264,24,3,-0.7400484670587586,-0.14311981333630755
65,0,174120,73,3,-0.3740970489188621,1.0790837974518128
84,1,102166,27,4,-0.9555745139495477,0.5654429893770686
46,0,53192,79,2,0.6906074143814657,-0.9737104576356624
80,1,120393,86,4,0.5122978393502492,1.4753494902333573
65,0,135902,59,3,-0.5836242141112449,0.3587601435341262
20,0,191829,8,3,-0.7717840323203412,-0.41995957833810343
44,0,93405,25,1,-0.6882978952116791,-1.1119906535577109
28,1,50500,58,0,1.4874366597486286,-0.9629869008066201
36,0,160512,59,3,0.12406189549758298,0.10199188380245439
39,0,194581,72,3,0.24165956015808185,0.8135323985378253
52,1,193848,23,4,-0.48593827844388054,1.1547911035848504
20,1,165253,23,0,0.48072544685042545,0.07450869271491764
32,1,181667,44,0,0.6045751970439683,0.8219678354513659
47,1,32124,59,0,1.0553473174029748,-0.8145257413791415
55,1,143656,58,4,0.4418011543020556,0.9352622505158743
82,0,155021,50,3,-1.326814586417394,0.8769507566637292
28,0,82395,22,1,-0.2881077199759872,-1.64242356182583
58,0,109508,34,1,-0.9066225472280816,-0.47615169135853996
19,0,147702,16,3,-0.4050172223592029,-0.9723051236014203
90,1,88833,10,4,-1.4835929494167837,0.28947137287431707
82,0,102847,67,2,-0.7439028602934065,0.3424176850201012
77,1,38030,31,4,-0.4550009770107523,-0.44855370874637024
60,0,111051,65,2,-0.22028957914085595,-0.026834735723565928
66,0,32763,47,1,-0.5559324355275295,-1.2437590300897459
53,1,138764,7,4,-0.7146214308100323,0.18949758737393152
65,0,102890,20,1,-1.4120595291293798,-0.5978620523255728
39,0,111336,59,2,0.20623032432031962,-0.5380181371451581
31,1,144163,81,0,1.6470842576527727,0.7247298053730934
45,0,103462,96,2,0.959393849753708,-0.06480378908127794
86,1,87433,9,4,-1.394067712627653,0.17308979493282517
55,1,45398,70,0,1.0579581946854901,-0.32017963740122446
89,0,76187,7,1,-2.289429900881681,-0.6375112235665333
33,0,190809,77,3,0.5379246154190759,0.695845590747963
69,1,165861,53,4,-0.1337303367974329,1.4843266675855706
74,1,57904,74,4,0.5951535763711449,0.3070221479807696
47,1,45079,20,0,0.07374432256232312,-1.1140551600802724
68,1,95857,91,4,1.0411351532826698,0.9349337251867198
21,1,184405,38,0,0.7506146289466528,0.555699869839654
78,0,107050,27,1,-1.6114828529468126,-0.17858927389262397
54,1,190868,50,4,0.11921610106318434,1.4897374837386759
72,0,59287,90,2,0.22698740519981558,-0.20425713298457407
66,1,142959,66,4,0.33708574972403865,1.2555634826928943
41,0,196237,100,3,0.8554286640460762,1.227178552832242
87,1,42459,73,4,0.2685569579884251,0.34661413105397676
47,1,51139,78,0,1.4491734569032013,-0.30656314179845257
42,1,57268,32,0,0.45803180490204687,-0.8955954157159317
47,1,56571,99,0,1.9363847073216953,0.032089509642963344
45,1,99942,80,0,1.389142121894986,0.3739573132801017
42,1,129035,40,0,0.41139492010165546,0.2297349422027156
41,1,59599,72,0,1.4399930958520992,-0.386110753707449
42,0,33086,89,2,1.107150229232882,-1.2207762885495113
70,1,193481,8,4,-1.335804255822867,1.3408444367474726
46,0,120954,41,3,-0.4495567793357128,-0.4773516469386803
46,1,117189,36,0,0.24569475544149122,0.09462299345528741
64,0,26416,12,1,-1.3225076657426753,-1.8114634226582487
18,0,57921,37,1,0.4266860952095022,-2.015695949375159
31,1,36590,68,0,1.692718900569817,-0.9745865858739607
75,0,104186,59,2,-0.750249388350886,0.11523380366295034
30,0,158557,95,3,1.1602082722130778,0.3955688102026359
35,0,164267,79,3,0.6200293482251125,0.38325830347197654
76,1,136509,4,4,-1.405600410733298,0.602631724170406
31,1,21442,100,0,2.513192126813936,-0.7934067936745115
77,1,117460,74,4,0.3150136500159951,1.221323085895067
35,0,26509,44,1,0.23687032680435965,-2.0209806266579076
81,1,154744,72,4,0.033731191294232014,1.8133760369198082
48,0,161732,54,3,-0.3270836477571381,0.3091082124658349
45,1,41681,66,0,1.2464006900913973,-0.632878632773012
56,1,159785,26,4,-0.40917156169902663,0.7890907455647301
59,1,61418,96,4,1.521278444938784,0.3159107855245875
70,0,145707,84,3,-0.1508879441249008,0.9145641851972137
40,1,82312,42,0,0.6696679291386408,-0.4552773681993868
69,0,116437,41,1,-1.0608111635798032,-0.05926640723995773
33,0,98332,43,1,0.02794619506500094,-1.0486781427075555
24,0,103864,60,2,0.6636505514222842,-0.9471759179698709
53,1,129720,87,0,1.2405098685644025,1.0545112964359342
40,0,124700,96,2,1.0247796172541246,0.13386583855468412
80,1,179651,72,4,-0.022031308968716974,2.1484336189925597
39,1,23432,18,0,0.3155953108927972,-1.6162339308849938
75,1,121234,42,4,-0.4130986587480573,0.8355833028651936
30,0,110422,22,1,-0.43595847521106,-1.1998109241395822
23,0,56526,2,1,-0.5470045485142102,-2.3657170275802883
35,1,68489,52,0,1.0925056951382197,-0.6335134735854223
51,1,82317,65,0,0.9235500462151842,0.061489484417664025
49,1,187255,76,0,0.8930320117626144,1.656311431282003
81,0,196657,55,3,-1.31800794184544,1.5132909346020558
62,0,48902,98,2,0.7263978315205314,-0.4631299008873523
39,0,91197,97,2,1.187708843179715,-0.35361184838769505
38,0,58854,21,1,-0.5060354412999377,-1.7815179602986577
89,0,177237,81,3,-0.8455199763638265,1.726710826053146
33,1,169302,13,0,-0.12738957264479905,0.28090670991713396
37,1,24943,67,0,1.5440816228945884,-1.027597711796418
72,0,89321,67,2,-0.42652579512048033,-0.0607849638225378
36,1,104117,24,0,0.27280969957228074,-0.4512342709883541
21,0,74241,54,2,0.6996753831273671,-1.5081604401814515
55,0,171449,92,3,0.36429627621792193,1.0671975223840906
65,1,179167,33,4,-0.5503937458999641,1.3420201592296197
39,1,78256,46,0,0.8066634750349158,-0.4845275828675548
83,0,87096,74,2,-0.5502121611383687,0.2252449831605008
60,1,97216,100,4,1.47101422154075,0.898338761557969
30,0,169368,84,3,0.8594978021238762,0.413394980731786
24,0,176332,90,3,1.144051633870193,0.46160671882457466
85,1,147812,25,4,-1.1830281494594093,1.2140747039919748
72,0,195763,30,3,-1.67151404644985,1.0009285366194103
78,0,40763,44,1,-0.9815448804866452,-0.9148659956339062
20,1,81845,30,0,0.9270882426292255,-1.030797756175542
27,1,155070,32,0,0.5406037120155193,0.18769735754332084
25,0,31294,34,1,0.2526084471258961,-2.286716792753877
84,0,190681,63,3,-1.1872876513421446,1.590249417088595
61,0,173805,29,3,-1.3228722907654582,0.4437777374610063
66,0,108920,51,3,-0.7134471176939081,-0.10538897674454578
69,1,83171,13,4,-0.8206949097843794,-0.19486531500584411
67,1,146082,95,4,0.9972597520114976,1.6816239250973635
22,0,168712,43,3,0.09296885835319112,-0.273439548164363
34,1,169358,8,0,-0.27511907289931586,0.24054869451486632
60,1,86987,63,4,0.6147880467570083,0.2922542459478085
61,0,47253,89,2,0.5425611761438792,-0.6195455369350761
87,1,108702,7,4,-1.5402941953750222,0.47325520483360145
60,0,175647,100,3,0.4066541963681556,1.3315621389649113
46,1,141133,85,0,1.3449702060652626,1.0459062880784582
46,0,38576,98,2,1.196496169238602,-0.9464989879659926
84,1,183759,13,4,-1.5643266206698871,1.5578032766377314
85,1,98494,45,4,-0.5374456311529212,0.7576539342302443
84,1,104109,10,4,-1.3711103894597285,0.38192991292636763
44,0,20523,14,1,-0.7101330280505508,-2.290545926210235
28,1,51280,82,0,2.0623362788742488,-0.6535479111291075
66,0,123043,84,2,0.03355399253634163,0.5066449735078952
64,0,88754,91,2,0.37070761300030053,0.0615187467365893
79,0,168841,77,3,-0.641486479285207,1.3471260842910149
65,0,155054,16,3,-1.6821261518666317,0.09810126952805669
69,0,28770,2,1,-1.7071293175759077,-1.7971753030278992
68,1,114751,95,4,1.0744278078943446,1.2547360299637933
89,1,170071,90,4,0.19793833433809754,2.4240704841135234
65,1,106072,29,4,-0.40308202315265873,0.2474210303228107
50,0,195053,21,3,-1.2866353378600006,0.41725059677104737
88,1,97358,85,4,0.3471454189490199,1.30151828261792
45,0,67993,53,2,0.042895780851753045,-1.1062633370747328
88,1,87720,23,4,-1.1126111598345352,0.3931643510346639
78,0,110377,55,2,-0.9488203709718978,0.21697360717385542
70,1,88078,88,4,0.940407045727431,0.8284177447778122
77,0,46473,37,1,-1.141777736556472,-0.9412281900139817
26,1,179006,45,0,0.8008884849635152,0.6704478095565457
19,0,60638,10,1,-0.25928396849413926,-2.291446855030798
65,1,147477,21,4,-0.7335481179000709,0.7398709011898019
29,0,49570,54,2,0.5640367600908778,-1.6929493648638712
82,1,168750,72,4,-0.04016919540376052,2.034575144158331
54,1,125335,100,0,1.5407023308710384,1.174386453328589
61,0,33281,16,1,-1.1674408758634736,-1.7265692648799187
44,0,166156,4,3,-1.43602448732234,-0.33302665399757553
79,0,120696,90,2,-0.16824965426649957,0.8204722561724832
70,1,84508,43,4,-0.13050729174130477,0.21809317823962474
61,1,178582,36,4,-0.36733440990822863,1.2870037394545946
47,1,177032,97,0,1.4868689965367634,1.7292077079868051
27,0,59810,31,1,0.030940949591797145,-1.8744000812975288
78,1,31133,36,4,-0.3389377809709779,-0.4640169528877144
19,0,190097,8,3,-0.738782118486394,-0.46570332092711114
89,1,50896,85,4,0.4747318219807889,0.6583345489222012
33,0,147458,7,1,-1.0019956722066152,-0.7938613118896213
80,0,32165,26,1,-1.4404806513515618,-1.2195200975146188
67,1,75155,61,4,0.4154740895016317,0.24515486886174456
50,1,163078,13,0,-0.5695719587169019,0.5486805322096446
90,0,58788,73,2,-0.6705636215583817,-0.04494813929617932
85,1,108154,63,4,-0.13650992945667836,1.11945921805546
33,1,51520,46,0,1.0591351699084017,-0.992625567147868
51,0,80546,75,2,0.3670573660918475,-0.5274780769692473
23,0,142802,37,3,0.007698808900251587,-0.6974071411921622
39,1,40482,43,0,0.8603437400030371,-1.0617885260099842
33,1,164716,65,0,1.1391386702682782,0.8616431834883841
32,1,34769,58,0,1.430931570538504,-1.1039196302708076
55,1,136353,20,4,-0.4482372560079562,0.3585758479640499
37,0,135399,42,3,-0.22855074826970478,-0.4472984731593074
45,0,162345,47,3,-0.4158713199437384,0.16791499286597597
88,0,128026,10,1,-2.3627457928202644,0.11982220603759657
26,0,154024,91,3,1.1879857147815243,0.19711524844931996
80,1,122636,99,4,0.8176356705060336,1.6689861064654667
44,1,56112,55,0,0.9608586136497025,-0.5842900037896722
32,0,48281,35,1,0.029453382837669777,-1.884565882590978
33,0,22449,43,1,0.2807976547637425,-2.1334165682981663
86,1,116919,19,4,-1.2516942319674622,0.7188757208673417
54,0,101126,17,1,-1.1788315469104447,-0.8911994476091699
63,1,74870,95,4,1.3434695769409228,0.5797168493861563
88,0,185467,32,3,-2.0247724622271654,1.214366010920686
18,0,115540,92,2,1.5581269857712503,-0.5084603043942227
37,0,90674,2,1,-1.0420193559872593,-1.5837853132610005
32,0,103827,71,2,0.7106153127110981,-0.6431089698376194
56,0,87453,32,1,-0.8267961177582495,-0.8582527172545014
35,0,52147,36,1,-0.04105819081681787,-1.7539181384232205
21,1,125928,65,0,1.5951531716711373,0.05535324185569365
70,0,184961,50,3,-1.0998102074685114,1.0531193698323973
30,1,25065,67,0,1.734289846301137,-1.172748801927134
65,0,136198,5,1,-1.883982540608462,-0.30815878310208655
82,1,104849,36,4,-0.6934912409054195,0.6736845038795776
21,0,192240,73,3,0.7636746986114078,0.4147666220412125
52,1,122258,1,4,-0.77676540628699,-0.14201096709797736
61,0,141874,46,3,-0.8074127225514324,0.19861593407549577
29,1,116948,32,0,0.6131695350339691,-0.3152820624696963
53,0,104843,76,2,0.25569787295813795,-0.1257566363545515
42,0,72845,56,2,0.18060768875491456,-1.0625734815879084
55,1,99278,62,4,0.6859238704302594,0.3505988691185858
53,0,125375,82,2,0.3316574003046326,0.24231809810060875
83,0,113192,79,2,-0.5168550087523427,0.6604277257322845
57,0,33917,20,1,-0.9643876167918748,-1.7517029278092922
53,0,172866,10,3,-1.5590844586436994,0.026329324917018605
65,0,117574,52,3,-0.6909901844625952,0.009762618334389291
88,0,143631,66,3,-1.0672466583152833,1.0389014445415683
27,0,179932,35,3,-0.2730705029402125,-0.10755560178189269
73,1,89756,31,4,-0.5184356409977365,0.20692324839903764
67,0,72412,13,1,-1.5334015647810828,-1.0785723582457403
42,0,33706,33,1,-0.24241259455180716,-1.907921089100217
67,0,64446,93,2,0.41813770642425957,-0.19814876788243627
67,0,26991,62,2,-0.20299342960341632,-1.1188534573746978
26,1,82271,2,0,0.08853623963078004,-1.2468018941006853
71,1,79731,10,4,-0.9358810973263457,-0.23935580843298163
33,0,180165,36,3,-0.41316850760960555,0.03411386921671642
49,1,70909,50,0,0.6550875841399909,-0.329987146603005
50,0,171544,37,3,-0.8233013510139262,0.28005157029540745
71,0,166183,94,3,-0.005722716266754433,1.352538246171032
30,1,176553,11,0,-0.11798365078099382,0.29674644591250154
76,0,22194,12,1,-1.635207573868478,-1.619996296210147
79,1,29397,78,4,0.6502387872189209,0.05415786363212507
24,0,34050,67,2,1.064716472497334,-1.8581577598010581
90,1,181990,65,4,-0.4705690320212764,2.3047184850961253
58,1,101429,10,4,-0.6541826863795163,-0.20199061064689663
56,0,196558,78,3,-0.08347489471494829,1.2731107824410144
27,1,177363,53,0,0.9716320431769928,0.7673759910081582
37,0,40580,71,2,0.7852086837592951,-1.4422922371641043
49,0,38456,33,1,-0.44885491929399446,-1.6931253406207611
67,1,119717,79,4,0.7001120480089457,1.1058800758576768
74,1,139379,20,4,-0.9757031311453275,0.8005473346640117
24,1,90135,63,0,1.5846029140967741,-0.4182058070753365
21,0,41935,44,1,0.5666984882156371,-2.0942579294459045
35,1,108771,51,0,0.9342186875482964,-0.07011580033095731
78,0,180936,1,3,-2.4833036281230516,0.5544558770806506
30,1,103702,49,0,1.03913771487729,-0.27235901222634
55,0,130487,39,3,-0.7745228910260749,-0.1770708809853167
68,0,54771,30,1,-1.0927887060851074,-1.0984753082985075
81,0,160694,64,3,-0.9816128135374033,1.1110625116500985
63,0,23152,25,1,-0.9715891579159085,-1.7175337233309298
32,0,197019,83,3,0.6888374802070075,0.8382040356907494
61,1,172849,5,4,-1.094167139238271,0.8197612527822712
61,1,137100,27,4,-0.44567330300720626,0.5821651332977285
63,0,104018,27,1,-1.1929196949963556,-0.5367064924102338
90,1,143895,96,4,0.4023039668773971,2.1454449442420556
30,0,58399,63,2,0.723948775157619,-1.4338964860115593
47,0,22657,65,2,0.42824887372779874,-1.5632215344336857
21,1,49320,75,0,2.091044868075016,-0.9154618960134118
18,1,190705,91,0,2.086623862396089,1.2415240932860487
80,1,96118,21,4,-0.9708737951964388,0.3204752682611208
22,0,72925,52,2,0.6287048894328305,-1.5308449089354985
32,1,149132,4,0,-0.2495119852387413,-0.1402644099723421
64,1,169613,44,4,-0.2266410764456626,1.321177644265071
72,1,137967,53,4,-0.12247614127212282,1.148540295853453
88,1,22715,68,4,0.18680348532948407,0.023217479505350937
41,0,189634,61,3,-0.06100467686961208,0.6480698590932082
27,1,187945,21,0,0.1663732887511266,0.5209257739276855
29,1,128568,11,0,0.06913892994074,-0.41017840969052144
48,0,188371,14,3,-1.3783458531176562,0.19276123246256097
33,1,126719,60,0,1.1454371090143203,0.25633706673590306
28,1,73785,2,0,0.06235127710263976,-1.3261382322534265
37,1,105204,66,0,1.2525796856459013,0.10729499350326159
55,1,46205,33,4,0.1649587148237295,-0.7685058505613241
74,0,148416,7,1,-2.121645622369135,0.08021856776490013
36,0,161836,37,3,-0.4097236200275373,-0.15251326183110286
87,0,70828,51,2,-1.1583641304857413,-0.20922437237550479
29,1,23112,35,0,0.998029926220077,-1.6193703568637412
42,1,111628,21,0,0.012210727451242699,-0.2552414893515415
64,1,54276,51,4,0.3261130620149123,-0.2405500477323114
59,1,58845,59,4,0.6395415394847528,-0.18073212410898132
62,0,193650,37,3,-1.2237293831062097,0.8478743135344846
59,0,143342,90,2,0.3009046468144571,0.7244939352145641
56,1,197691,37,4,-0.2707921085983942,1.4676682738811422
57,1,192603,34,4,-0.35325628060530356,1.3786348078365271
22,0,54200,86,2,1.5092220078012097,-1.3759404894571172
78,1,59623,40,4,-0.3376201748849165,-0.007040973743951288
58,1,165691,100,4,1.2973084810673245,1.8352106928311078
20,1,52121,31,0,1.0501946997467198,-1.4432700799131761
60,1,118265,12,4,-0.7166187679694842,0.10550543332745639
36,1,26705,40,0,0.9157550912407959,-1.3589702471709204
74,1,105191,90,4,0.8225866112143716,1.181843489415108
42,0,96732,97,2,1.0875735121144943,-0.21153465609271146
65,0,141561,52,3,-0.7709178094088113,0.3526539196092728
57,1,34893,68,4,0.990375898135354,-0.4532347547457778
50,0,153964,47,3,-0.5240981877874035,0.15303464527717192
40,0,150713,18,3,-0.9387695810555801,-0.46372062614439236
55,0,60437,61,2,-0.011733917292189526,-0.9049957003918914
45,1,34549,85,0,1.7273518393664484,-0.49868427659226394
25,0,193573,29,3,-0.4084373011347059,-0.029101399766559354
68,1,144032,26,4,-0.6834487640569209,0.8157236036591119
81,1,65270,5,4,-1.2803142710376598,-0.2983675214021649
47,1,141579,87,0,1.364378291465603,1.0981242294318176
61,1,101577,53,4,0.29831725264130143,0.3975144872983293
44,1,23446,72,0,1.4787672919790185,-0.8399585444260702
41,1,150062,69,0,1.0663719542154801,0.8697609083774208
80,1,179282,58,4,-0.35767598266943074,1.9691569014134345
55,0,199614,55,3,-0.619863413894332,1.0099506530468227
28,0,159058,19,3,-0.6157455696520535,-0.5838212522066037
35,1,20912,3,0,0.07197829805819778,-1.9226276817463142
45,0,93658,100,2,1.0883117589076976,-0.1552359681490623
63,1,192343,9,4,-1.1173351131513731,1.1901105046604326
63,1,73785,40,4,0.02365046698077629,-0.11937201499386009
22,1,73333,24,0,0.7566152465992935,-1.1850780069239877
70,0,199547,41,3,-1.3649745508315674,1.1497661299105821
72,1,84239,79,4,0.6821757064156504,0.7036513482861521
80,0,78920,53,2,-0.9465880346845337,-0.21558784878375306
51,1,47836,100,0,1.8806305331427244,0.003592472567114687
35,0,196723,76,3,0.43969464258528995,0.8099268258123111
68,1,110679,68,4,0.4383102020423688,0.8609521704569177
50,1,21994,45,0,0.6705354600159259,-1.0703797605266516
31,0,118283,50,3,0.18436548538835193,-0.7184500450052015
70,0,195190,34,3,-1.5188936061090685,1.000482381761389
65,0,49263,83,2,0.28256623109405427,-0.5814450351357592
65,1,39486,55,4,0.44441425700096887,-0.38127149217226136
20,1,110242,48,0,1.2655899630598972,-0.4011492942960683
22,1,117912,36,0,0.8968218903327649,-0.39868203265738184
51,1,187436,45,0,0.0920317543803765,1.3155788872906538
30,0,189461,86,3,0.8406703521679709,0.7254794321311373
51,0,193850,39,3,-0.8767334657771861,0.644755601858837
51,0,41257,57,2,0.06484912508395412,-1.3128263784904446
50,0,55256,92,2,0.8876189855611458,-0.6986925875673283
38,0,170279,40,3,-0.4201307518051234,0.04743455677116978
30,0,158705,91,3,1.0634653389410516,0.34796962206692345
37,1,104728,44,0,0.7247919908112879,-0.17294093723450998
64,0,168624,37,3,-1.1948010377338032,0.5321006500352403
18,0,157898,84,3,1.2244853781804754,-0.0023874123026113086
22,1,183378,65,0,1.376492050485155,0.8975791424650439
26,1,135506,78,0,1.73989649610992,0.4587678542200175
82,1,37381,45,4,-0.25211758990048266,-0.17890413279919848
60,0,46450,54,2,-0.2697180192786652,-1.0870141020160904
39,1,158410,48,0,0.5877054092498247,0.686121693056363
70,0,174278,5,3,-2.1470231568419273,0.34111531749072277
57,0,196185,48,3,-0.8313360339113246,0.9159025728399298
61,0,95125,3,1,-1.686324448459544,-1.0040898672377023
39,0,35860,27,1,-0.31227262289241187,-2.01465719005812
44,0,165723,27,3,-0.8811454482574299,-0.05335606212080633
71,1,119180,31,4,-0.5620186615906148,0.5855657968362455
51,1,120782,75,0,1.036004397997563,0.73562914338037
84,0,117165,82,2,-0.48513687500119923,0.7754924186259168
70,1,182796,79,4,0.40823305371343155,2.0705418781731666
41,1,80971,95,0,1.92221520149673,0.2052597099456504
62,0,194558,92,3,0.09667951255517002,1.5444329840459199
28,1,78137,14,0,0.33659921690112304,-1.1147824204241716
35,1,98139,100,0,2.148705609391494,0.38690770220148196
22,0,83696,8,1,-0.46593297354462543,-1.9237378849795386
26,1,46235,50,0,1.363609959371074,-1.1653542462890176
30,0,134115,60,3,0.3994664455892806,-0.3888314283332725
28,1,31441,52,0,1.4065689158037358,-1.3100052761181649
84,0,176340,50,3,-1.452313463212511,1.2236733351949378
51,0,192263,70,3,-0.12550959897241576,1.0073595624406888
75,0,187196,61,3,-0.978723996298248,1.3267092586188882
68,0,189200,53,3,-0.9872863858886092,1.1090314728696833
22,1,104678,66,0,1.6627925443461302,-0.2149992541970365
29,1,28575,35,0,0.9798265404243885,-1.5412774240724505
36,0,127359,57,3,0.1864068666857214,-0.39678370840858573
18,0,167578,52,3,0.4222321983450743,-0.2617316116964182
64,1,94168,18,4,-0.6008726507696319,-0.08044602164911929
18,1,186757,41,0,0.8966568433644072,0.5636525237928471
68,1,155387,28,4,-0.6731601266830208,1.0028993882581159
75,0,28949,71,2,-0.2108011424764287,-0.8111256376518603
78,1,45548,2,4,-1.2050934509081992,-0.6805323078100757
56,1,135556,15,4,-0.5931244556796941,0.30602429939850717
60,0,46869,83,2,0.4266967200156148,-0.720592026156905
89,0,183174,85,3,-0.7690530091483194,1.8612943627217167
29,1,152347,42,0,0.735840174725845,0.31502949253216456
18,1,156296,65,0,1.5756553048189863,0.4265051482254926
42,1,45783,39,0,0.6647383465012205,-0.972771166245052
43,0,36272,1,1,-1.04819173164992,-2.247974059811617
46,0,75011,52,2,-0.03178217785823995,-0.9973855631796414
87,0,167852,55,3,-1.385410215068124,1.2274369547306074
86,0,66945,25,1,-1.7438183852479923,-0.6088628011963203
41,0,46200,79,2,0.8500590030446654,-1.1785853097174626
28,0,47021,10,1,-0.4589865522961898,-2.2972351600456062
68,0,78877,36,1,-1.0287381849318749,-0.6793106705308682
82,0,139868,20,3,-1.9981962760188596,0.2874792022293097
50,1,83716,53,0,0.6573697467911688,-0.08864147837013413
47,1,170236,72,0,0.9079529822262693,1.3213420089221364
33,0,103846,23,1,-0.471676024615396,-1.2184303233374953
30,1,191201,15,0,-0.07054280358493449,0.5558526876048561
80,1,52854,62,4,0.15984739326771252,0.21159856568237367
43,1,80208,18,0,0.017488007901237338,-0.7206877517095863
66,0,99087,30,1,-1.1859936965241127,-0.506953397765766
50,1,56039,31,0,0.2202191189579321,-0.7577124566744254
42,0,196234,46,3,-0.4711640352726328,0.5769704662591151
30,1,38986,93,0,2.313526931826632,-0.6506033708749911
48,0,116714,47,3,-0.34551526575869446,-0.42141967630694743
23,1,74068,42,0,1.1600594650719958,-0.9298695232073272
38,1,116821,77,0,1.4513266324507494,0.43105941473913073
53,0,88746,35,1,-0.6772251855009136,-0.8654383418709543
74,1,50910,10,4,-0.9215380241454246,-0.5883935344937696
55,0,188205,64,3,-0.3652852240500208,0.9587187286775763
72,0,155516,78,3,-0.38240875841637556,1.02218044216783
88,0,192831,11,3,-2.5546215535099517,1.0586306518090072
64,1,130780,82,4,0.8171281424072526,1.2383554348346542
35,1,86497,86,0,1.8506239538263822,0.04648479546690716
22,1,95043,32,0,0.876774423079293,-0.7753064878729289
48,1,180215,98,0,1.4730946175833373,1.8081220299625582
83,0,128097,77,2,-0.6146451857555265,0.8486355060425413
90,1,47073,77,4,0.2677402909695428,0.525240568770474
35,1,42185,8,0,0.12140627777217665,-1.5563891483732113
48,1,137233,95,0,1.5441285770826585,1.1564133485852681
42,1,22615,31,0,0.5494374047805315,-1.4033846212305243
80,0,170163,26,3,-1.9003069067118787,0.7531448373805897
68,0,43701,18,1,-1.3446514462175765,-1.4058641280889357
31,0,38068,99,2,1.6307114945135166,-1.2561072201986228
20,0,60979,15,1,-0.16733867587541443,-2.2034437532919733
89,0,156438,17,3,-2.316211624306814,0.6339543167098961
19,0,75994,70,2,1.1332946436660578,-1.3262122113330723
29,1,82685,8,0,0.14983937711959508,-1.1033565397274367
84,0,177265,97,3,-0.3244607718881548,1.8210453577437955
29,1,35798,9,0,0.33013505452107256,-1.761171899433755
63,0,173219,99,3,0.3089901128316259,1.3473804893183474
88,1,181493,69,4,-0.3182018329985386,2.3053587411647265
42,0,122218,17,1,-0.922344547145115,-0.841511938108329
39,0,163878,66,3,0.19959105183555712,0.3000644333632404
58,0,47129,85,2,0.5284166126625526,-0.733987960697172
21,0,91347,35,1,0.18548964298169615,-1.499777657123625
63,1,186801,95,4,0.9705017615469632,2.1797571313305
65,0,148086,38,3,-1.1295341363541662,0.27192610897928826
32,1,24075,27,0,0.7206295014560197,-1.6420790196664685
85,1,57622,25,4,-0.8825040116389554,-0.0751805785353
56,0,86042,30,1,-0.8702193823245943,-0.9032802090333343
50,0,45761,36,1,-0.4282394180655006,-1.5304301055231055
76,0,40534,74,2,-0.2044471260009178,-0.5872483135286283
30,0,195227,28,3,-0.5741644641095376,0.08703867198400597
54,0,88156,65,2,0.019383432803609515,-0.4800260835676082
32,0,121401,1,1,-1.0323145446752222,-1.2619002711006142
85,0,70105,27,1,-1.6789923256386194,-0.5598185725910669
29,0,138186,67,3,0.5815691654126887,-0.26462102540603494
75,1,178726,22,4,-1.0859179472346585,1.4088504267612842
57,1,67486,86,4,1.314896032111933,0.23639502618774222
37,0,27945,96,2,1.4288711724238112,-1.31219036329943
69,1,58346,9,4,-0.8342247452208341,-0.5994505567013041
56,1,147191,48,4,0.16216697559387855,0.8824925866846786
62,1,74507,85,4,1.1312853671115735,0.4292557221907066
88,0,86530,91,2,-0.2754180058596116,0.5333671570484665
66,1,105099,36,4,-0.2586334318666826,0.3414980741688104
41,1,64695,32,0,0.46051480778913156,-0.8104123467663286
49,0,133992,84,2,0.4599920992958639,0.30641446211394746
39,1,82962,46,0,0.7909825060518461,-0.4172558747006476
46,0,98093,17,1,-0.9508797992018424,-1.102435895441836
68,0,27634,48,1,-0.5692408888618745,-1.2626787464065012
60,1,55284,68,4,0.8407385536378166,-0.09879281605734475
35,1,128249,69,0,1.3024396095004298,0.43203662135713405
56,1,20861,49,4,0.6071764691708781,-0.9109509735961412
23,1,191309,96,0,2.06877009684693,1.417226786092244
63,1,71713,52,4,0.3193039623991574,0.00015348377457636642
62,1,107562,54,4,0.27520626614631927,0.516483064752976
62,1,108907,81,4,0.9204105703444129,0.8712847848269668
21,0,169421,68,3,0.7193981804460533,0.026428203239712313
60,1,161187,65,4,0.4156694389670718,1.3777918026992306
87,0,173753,73,3,-0.9719490644965394,1.5355077823298549
49,0,140108,21,3,-1.0763211838016404,-0.3891666279016046
24,1,97490,57,0,1.4157204836412984,-0.3876392058631488
62,0,59932,23,1,-1.1150388394411432,-1.237610438967909
31,0,96836,39,1,-0.00885737368175436,-1.1617481333047999
32,1,171069,34,0,0.3992645846047253,0.5461836145437386
66,1,80098,29,4,-0.3437641480692814,-0.10288918936449469
52,1,62185,92,0,1.6130876701382053,0.13026506292304507
41,1,41612,55,0,1.0908664238762533,-0.854520800784257
75,0,147636,95,2,-0.028782103437251204,1.1837798405159883
88,1,121947,68,4,-0.14384970509294945,1.4417270725394626
54,1,176876,72,0,0.6952129457590498,1.5631550817610176
71,0,135959,5,1,-2.0465702281894904,-0.18566520336965286
70,1,115638,58,4,0.12670040326284243,0.8495234259857862
78,0,66458,75,2,-0.3212279826143242,-0.16226910215584528
78,1,28057,72,4,0.5375598403018367,-0.060554531456164254
62,0,46342,20,1,-1.141942627572588,-1.4691639893546051
43,1,79352,5,0,-0.29247147730884304,-0.8944973685308373
70,1,55828,99,4,1.3125548923631756,0.5041236287768553
59,1,40455,29,4,-0.021054069241617963,-0.8164762070891463
31,1,78271,33,0,0.711647130880249,-0.8137664336065539
69,1,171739,99,4,0.9535559064786212,2.140072526196232
18,0,62498,96,2,1.8311192121564275,-1.216974531426463
85,0,144483,3,1,-2.5043276155737493,0.20511707487727804
52,0,128879,63,3,-0.10997413067580387,0.03527690568774721
61,0,35388,25,1,-0.9578996551596575,-1.5845915828777422
31,1,75231,90,0,2.0933361361526552,-0.14878653652377707
61,1,30616,23,4,-0.18710533857360379,-0.9897257644116435
42,1,103474,70,0,1.2184406494771753,0.23720472734103287
42,1,31439,48,0,0.9290963161936636,-1.0659585652147812
65,0,90707,7,1,-1.6842760615831427,-0.9335897818553995
62,1,50395,6,4,-0.6893036303621336,-0.8972903408742989
79,1,67298,77,4,0.49988556355349606,0.5835194261459599
39,0,163657,87,3,0.7056387913448485,0.5579081246968097
37,1,159264,58,0,0.8799455793216198,0.7806465785334933
54,0,163478,27,3,-1.1459716078136981,0.1244020245670744
74,1,149926,94,4,0.7697738855686082,1.8710398041244058
79,0,60187,72,2,-0.39975025357852834,-0.2682134119661748
46,1,84170,56,0,0.8369670073954394,-0.12880551718778183
34,0,187124,65,3,0.23422347236186208,0.5150094736543891
78,1,186202,27,4,-1.072208704369856,1.640817520410108
87,0,59816,3,1,-2.2766681458666085,-0.9632175632888827
47,0,183577,70,3,0.012355927904434906,0.7992541919662083
71,1,165695,59,4,-0.043263890716595164,1.5984959818365088
74,0,82310,56,2,-0.7223125310897266,-0.2557521368533206
61,1,46458,89,4,1.3482285306896995,0.05702843696397442
34,0,42223,57,2,0.5245518118175487,-1.6557626830484882
37,0,115431,13,1,-0.859825822742474,-1.0931711701308744
88,0,183726,55,3,-1.4655350067938202,1.4753388989550593
54,0,37516,98,2,0.9821827993556914,-0.7937714864841869
72,0,33966,95,2,0.4316723056101712,-0.5040742669146739
75,1,163987,79,4,0.33475356040343646,1.906594515547281
81,0,132992,82,2,-0.4561823470418724,0.938782465995504
36,0,70986,36,1,-0.13106272606882152,-1.463631873179882
24,1,20956,39,0,1.2376171490878103,-1.705400335832382
30,0,177435,67,3,0.4235560077755485,0.3174237531578676
45,1,25421,26,0,0.33808321239868805,-1.3624616962127816
50,0,119700,90,2,0.6247587867873946,0.19766928345274845
74,0,94158,49,1,-0.9302286331948191,-0.17338734466151703
71,0,176437,81,3,-0.35270208362768585,1.3375447529652376
46,0,70448,63,2,0.248109190189691,-0.9258973196359406
64,1,178588,28,4,-0.6415459933384999,1.2506148759047933
54,1,40001,6,1,-0.43682412815196403,-1.2137514049025884
32,0,23422,3,1,-0.6577116143147216,-2.6376409634928186
68,1,151594,90,4,0.8313501908195332,1.719258778322092
69,1,61108,18,4,-0.6268660648238414,-0.448109727897316
51,1,158313,38,0,0.02063604755903846,0.8122681258686975
46,0,110351,20,1,-0.9195376237594228,-0.8899231260322589
63,1,159121,57,4,0.14836201357609527,1.3117839465183556
79,0,57980,64,2,-0.58489581724017,-0.3991918744130709
61,1,37235,89,4,1.3789606974833357,-0.07481324693389728
20,0,86916,4,1,-0.5184508325005089,-1.9693932186037415
79,1,158165,71,4,0.052730910039347136,1.8078800971487872
66,1,68941,68,4,0.6318476903260749,0.2223424246796238
52,1,156148,16,4,-0.5287543696749533,0.528873151141313
38,1,111323,68,0,1.2530846395033275,0.24060779257673678
49,1,53749,6,0,-0.3464807623338271,-1.122150433061385
39,1,189837,93,0,1.5657968072877546,1.694658748843495
57,0,48922,17,1,-1.0865734508372331,-1.5744943670543161
81,0,32715,83,2,-0.0979846437147485,-0.4822365696630395
45,1,98413,36,0,0.33548936696932713,-0.19476269430940354
41,0,96180,6,1,-1.0730389538511858,-1.3714228326707956
34,1,69331,51,0,1.0928682806031513,-0.6548909010920294
64,1,191266,17,4,-0.9484775363327994,1.295129588539259
67,1,78892,5,4,-0.9444749604454521,-0.39743278881683003
71,1,104309,23,4,-0.7049662245719346,0.27355696630058796
27,1,84540,51,0,1.2328047702554348,-0.5843751274075883
47,1,117921,17,0,-0.2411614866368392,-0.11007358928504796
63,1,189898,63,4,0.19018394482578813,1.826309732858336
27,1,99730,80,0,1.880000726538894,-0.0068033700070968895
31,0,184210,1,3,-1.2143711559446115,-0.3850381240167886
90,1,138748,73,4,-0.13398182804694153,1.786008918542222
89,0,120878,81,2,-0.6577248784214497,0.9210656495595804
73,0,50094,25,1,-1.333669979968746,-1.1225509561782128
58,0,98610,59,2,-0.2687479555299045,-0.32121960986829884
74,1,167715,84,4,0.4698743087174655,2.0010443591908524
54,0,139844,42,3,-0.7062835504234843,-0.027012569601872965
84,1,186756,82,4,0.08599569781016642,2.45822585938343
81,0,56274,29,1,-1.4758581383915554,-0.8166136885885086
57,1,32756,90,0,1.52687042933902,-0.2103513470509573
19,0,111580,26,1,-0.044029841775247464,-1.3643777249542908
90,0,62498,15,1,-2.078547593758289,-0.7127791739845689
26,1,76641,56,0,1.4066681081075325,-0.656131860656628
76,1,94320,9,4,-1.144709266207681,0.061688544052590735
32,0,66278,48,1,0.2822969544610954,-1.4657277171745386
45,1,50081,26,0,0.2559130689387436,-1.0099499402850445
24,0,95861,9,1,-0.5368671552243186,-1.695441935967248
75,1,150613,87,4,0.5718169263866271,1.814844443155975
53,1,189201,55,4,0.2723136508357048,1.5070664464726717
57,1,197384,14,4,-0.850436054415622,1.1984044797169264
38,0,189589,59,3,-0.027287588473618774,0.559614146132827
45,1,166354,84,0,1.2640989745224904,1.3730237550472078
31,1,137494,84,0,1.7414935176558723,0.6666833694118567
73,0,182890,56,3,-1.0302267453041913,1.1610419458812167
63,1,116158,30,4,-0.3581660120122673,0.3620578850737014
54,1,98072,53,0,0.5006110847392214,0.20051586518262152
62,0,46729,16,1,-1.239481938147409,-1.5133467010237023
34,1,100650,41,0,0.7478850848950318,-0.3314766113255709
72,0,154337,70,3,-0.5709797441168177,0.9058971169915627
23,0,150707,23,3,-0.3555158472411588,-0.7584080165755823
86,0,87745,94,2,-0.1528178455196579,0.5460515411106723
39,1,167584,9,0,-0.3812988300181566,0.33254333075576825
62,0,191899,6,3,-1.9638306246526955,0.4375540414649287
23,0,41646,67,2,1.066636346664032,-1.7705588560277814
36,0,122256,5,1,-1.0478364402993998,-1.1160232802435766
32,1,73221,24,0,0.48468166952477476,-0.9768289398876131
60,1,74014,80,4,1.0670772346095732,0.3180947892321292
73,0,144673,25,3,-1.648818803906219,0.22944455736150446
20,0,157189,100,3,1.557385614652188,0.2283068579414804
44,1,175945,93,0,1.4759332671248582,1.6009993141939545
68,0,145285,38,3,-1.201892893377128,0.29484117648053243
64,1,116438,82,4,0.8649174448201693,1.0333382570765195
34,0,97713,8,1,-0.8394074658782921,-1.4715464310226782
62,0,44204,15,1,-1.2551307733492607,-1.5618699821892956
67,1,118559,51,4,0.03022219210197,0.7413227908417755
81,0,135179,27,3,-1.7869041621683182,0.28646645098270396
26,1,150778,70,0,1.49650876142085,0.5776496100156563
46,0,172391,79,3,0.29342173188828163,0.7302250166072537
86,1,22633,89,4,0.7468494147578386,0.24107814051117374
19,1,22603,72,0,2.1623432083516705,-1.3766343629459143
39,1,30109,40,0,0.8227205134486144,-1.2473554454632039
48,1,158879,80,0,1.1110647794328492,1.279409720094672
68,0,97819,32,1,-1.1881050304580045,-0.4582518724173556
41,0,178481,32,3,-0.721652412112836,0.1282065347292244
48,0,60444,32,1,-0.5189533984520954,-1.412223222675303
82,1,77476,94,4,0.7933407485164127,1.0032557786118423
42,1,139323,73,0,1.1711747205252905,0.7869480253025665
65,0,162458,31,3,-1.3458605159163919,0.3903711798394459
77,0,58300,87,2,0.021935488463819076,-0.15072725616738844
32,1,127297,30,0,0.4488684761810675,-0.12924673013480437
83,1,81109,26,4,-0.8822417755393878,0.23102197131646668
46,0,105021,39,1,-0.4445909594200903,-0.7299693949860696
71,1,62785,98,4,1.2380801931321386,0.6121294149545263
36,0,167243,63,3,0.19788315736405518,0.247925555678106
42,0,153975,47,3,-0.30628942129096953,-0.014688185968145282
19,0,47193,39,1,0.4833273186074672,-2.1232090039965166
29,1,189574,83,0,1.598355482523557,1.3567620254108173
32,1,83547,68,0,1.509021741886884,-0.28235686754156675
45,1,115132,68,0,1.0497778421332329,0.44195205839893414
84,1,64211,53,4,-0.20348023612364408,0.3460271937257531
67,0,159302,30,3,-1.4138681367152348,0.3747978477397803
83,0,177506,54,3,-1.3327182615639177,1.2690709870902186
30,0,183007,33,3,-0.41313370195825466,-0.02550123102925355
70,0,149193,68,3,-0.547502840034298,0.7655368171496957
40,1,40483,15,0,0.15936127651525886,-1.388793035028386
21,0,23690,42,1,0.5793681755959551,-2.379925441471596
74,1,138599,39,4,-0.5159176246625541,1.0255427725014095
46,1,57752,44,0,0.6362456850173591,-0.6555921646334781
40,0,174284,69,3,0.20987364086334992,0.507088093243212
75,1,98818,73,4,0.40752998981369537,0.9004391951494445
28,0,37609,53,2,0.6070605112783427,-1.8973441488645097
43,0,149845,37,3,-0.5603828802254047,-0.17702810970145397
61,0,86860,75,2,0.07371156915221926,-0.22737010711082728
35,0,130362,30,3,-0.4460548291219149,-0.7104162969417936
43,0,113067,11,1,-1.0634576393492796,-1.0259116269352788
83,0,101057,51,2,-1.150168154815044,0.13895553622251614
85,0,64006,46,1,-1.2014832590153983,-0.41085760473662253
18,0,186879,69,3,0.7669804612168504,0.2254619085064662
77,0,192861,11,3,-2.255184064901117,0.8282243951958213
76,1,70870,3,4,-1.2109456597903427,-0.3480986520326237
56,1,115637,70,4,0.7966825574934564,0.7048634913735687
87,0,96832,25,1,-1.8706362110492847,-0.16064669493555928
80,0,169316,31,3,-1.777172374956782,0.8031806115841247
54,0,158954,66,3,-0.19246173866285948,0.5444515817202228
80,0,173475,21,3,-2.031655120690364,0.738345943889215
33,0,191055,62,3,0.17616824153418184,0.5129315171294849
71,1,33634,42,4,-0.012282008554172595,-0.5005882763392719
63,0,103994,75,2,-0.03784237453746938,0.059528396053083014
39,0,120373,48,3,-0.08856896026612679,-0.5455510848242725
63,1,94382,29,4,-0.30966815492914773,0.038343857218535525
31,0,73664,65,2,0.6939781356620585,-1.169842708847448
19,1,158848,36,0,0.8421101517821268,0.12353817203538231
74,1,53723,34,4,-0.35341261027747156,-0.24989305252910807
64,0,96214,68,2,-0.2075862516158273,-0.1177017190694496
33,0,197101,34,3,-0.5177262256252448,0.2513545520528952
84,1,123735,91,4,0.5125513995869452,1.669206556792677
60,0,92451,11,1,-1.457684116878174,-0.9638697264315759
36,0,74794,22,1,-0.480625675894117,-1.5831988744366168
19,0,48486,45,1,0.6233935527676628,-2.0301534776635677
75,0,21288,13,1,-1.5808955485253615,-1.6415037597958173
45,0,131078,17,1,-1.0335591858747442,-0.651904267773616
27,0,99085,4,1,-0.7496141748554022,-1.6485437508530818
80,0,103428,40,1,-1.341063477669068,-0.026822113725396602
59,1,195842,65,4,0.3274254075424221,1.8521958809919163
54,1,167541,21,4,-0.5008663735765779,0.7958482827865219
89,0,26388,90,2,-0.12631061036158103,-0.3177992510559071
49,0,136930,81,3,0.37801498873514255,0.3111266985063932
90,1,98652,57,4,-0.38537615654874313,1.0139820635992205
90,0,38467,83,2,-0.362227110269259,-0.21114733207588793
64,0,123155,11,1,-1.6689163192903473,-0.4410196746100998
77,0,152530,75,3,-0.5807997620633034,1.0471348526387243
51,0,164810,51,3,-0.4912192879245883,0.3787767602436884
66,0,117553,40,1,-1.0069002247475964,-0.11869705619149504
45,0,117855,48,3,-0.24356274042845238,-0.45563553800989676
26,1,158455,74,0,1.5671778353022006,0.737106238951634
39,0,162754,96,3,0.9252097010922344,0.6568582160524945
82,0,27447,78,2,-0.22797392321578824,-0.598700529451328
40,1,97029,4,0,-0.2937438209519054,-0.717190499642989
84,0,76301,14,1,-1.9852192619844264,-0.6538057006927597
29,0,57541,16,1,-0.3768964909006908,-2.0512957609258238
32,1,28054,13,0,0.37049675866512605,-1.759201596338303
43,0,118924,7,1,-1.1792236605780302,-0.9919013416487915
64,1,124253,24,4,-0.5567448906766997,0.42418770730635214
83,0,162423,6,3,-2.437457205816422,0.4568833371994757
68,1,88998,80,4,0.7993032896386109,0.7001693552761654
89,1,189130,29,4,-1.333377722083576,1.9383654491111382
32,1,66380,80,0,1.854973628040377,-0.37861259163319466
62,0,187521,29,3,-1.395806361907758,0.6608313293216279
27,0,28903,77,2,1.2407993229235714,-1.744491406052715
32,0,28193,62,2,0.7460750708466714,-1.836146338705113
89,1,162658,57,4,-0.5714213185773195,1.9079551827773487
31,0,28198,94,2,1.5432873207251767,-1.4593412299365272
64,1,69036,10,4,-0.7096293036924565,-0.5391346221594123
47,1,106734,36,0,0.25330141980488147,-0.033844973991849596
21,0,153899,41,3,0.12143337843091319,-0.5310320392911937
77,1,64101,56,4,0.05968837407223055,0.23484581414259376
29,1,87617,60,0,1.3846524770703141,-0.3865613924773464
24,0,32924,2,1,-0.4955904682518786,-2.6821197904524845
22,0,184163,31,3,-0.2472651054086855,-0.20171383920541952
80,0,22208,23,1,-1.4794900409100127,-1.399140346632642
51,1,125051,60,0,0.6608428948693861,0.610223374469811
55,1,27862,47,0,0.5629540667248681,-0.8567149390211205
77,1,182459,5,4,-1.5618796771705623,1.2928952053416793
56,1,36467,44,4,0.43486313987623065,-0.7500086048257317
76,0,191545,2,3,-2.440130317105513,0.6765689543923771
48,0,164216,3,3,-1.5625453241711553,-0.28924739253826653
62,0,73734,85,2,0.3308427808117059,-0.26973262451023733
52,1,140230,11,4,-0.5960258659431901,0.23918370345324802
50,1,59861,21,0,-0.033140701457482866,-0.8273644991360684
57,0,196607,63,3,-0.47180551792712966,1.1083656267081943
36,1,84987,41,0,0.7456147663089848,-0.5134073076410601
86,1,138672,47,4,-0.650429441127703,1.3778360721172958
40,1,86635,74,0,1.4252613961245042,0.004238044424594495
33,0,118081,60,3,0.371201667009362,-0.5550805159898444
21,1,87480,100,0,2.5654521889760336,-0.059251561388421484
90,0,37561,44,1,-1.297643553670402,-0.7088180909600831
44,0,155044,20,3,-1.0139988244208287,-0.29301204550824567
86,0,81116,55,2,-1.0691645512475945,-0.03342881952431097
29,1,113242,81,0,1.8045781757091381,0.24074778319151446
82,1,178870,69,4,-0.14607761051960433,2.1419532131165924
21,0,22713,52,2,0.8232481071977634,-2.26960446366468
29,1,162720,92,0,1.904398306015023,1.084745669966798
64,0,75720,86,2,0.2938262751368293,-0.1869442652622788
43,1,160786,17,0,-0.2750702122135002,0.4187364307445579
46,0,20527,24,1,-0.5239832636863432,-2.1242316517885067
61,0,140354,80,3,0.015775226383518574,0.5994637745083261
57,1,106185,23,4,-0.32998780185156346,0.006584031200310728
89,0,181939,45,3,-1.7274356289937323,1.3464918804990698
22,1,85553,85,0,2.1837058400329865,-0.25224340121342353
19,0,20555,93,2,1.8714604187876467,-1.8328458224798678
88,1,115414,37,4,-0.868016736338322,0.963048681376377
64,1,157737,89,4,0.895741226792834,1.7107034848478722
51,0,109729,83,2,0.4623155903384259,-0.010880915093858396
34,0,48192,66,2,0.7212243750176216,-1.4585781721171582
43,1,191013,14,0,-0.4479776165649118,0.813541664197507
67,0,155873,30,3,-1.402442288299819,0.325780702116252
80,0,147705,56,3,-1.1036007537822714,0.8049716370624499
69,0,154513,35,3,-1.3320597326092025,0.410453221298102
90,1,130686,77,4,-0.010868476472320008,1.720478421503072
41,1,177738,35,0,0.1560290064022525,0.842809965270052
85,0,106847,97,2,-0.11705003971095052,0.8354134640722102
18,0,79868,94,2,1.7251153529298546,-0.9935298704040462
64,1,192580,17,4,-0.9528559454368695,1.3139130616653356
39,0,78559,40,1,-0.14173914387837594,-1.242706883728179
77,0,34568,15,1,-1.6314826021289726,-1.384840311282901
74,0,114781,64,2,-0.6380103259711408,0.3078465924790999
35,1,185752,61,0,0.9183330050442511,1.1546054803394825
55,1,98180,57,4,0.569270317143516,0.27275955212188585
89,0,132115,81,2,-0.6951679401432419,1.0816972230129456
69,0,78191,28,1,-1.2461825845576322,-0.7675616101981951
37,0,63892,38,1,-0.08653043622046881,-1.5191973316519536
87,0,199300,37,3,-1.923322812845121,1.4532656231631944
51,1,96804,49,0,0.49027846951897264,0.06972009799873613
49,0,53216,28,1,-0.6183492728641038,-1.5442764408493324
31,1,199729,20,0,-0.005877598740198318,0.7608879769260157
86,0,77221,46,1,-1.2727479367321737,-0.20096574806334067
51,0,149540,84,3,0.3537229020590331,0.5706412846249221
68,0,197182,18,3,-1.8560689558840704,0.7881284433443567
30,0,149817,5,1,-0.9762890065550544,-0.847952131855263
43,1,132315,27,0,0.060423098313195145,0.13603396096521203
39,0,78210,76,2,0.7256717790483207,-0.8002623228637443
31,0,106391,95,2,1.306801102588542,-0.32915292251221545
57,0,20835,14,1,-1.0651714575518563,-2.0132808016942323
44,1,135820,7,0,-0.45973556453271225,-0.041451625450645596
23,0,139110,52,3,0.3809376772848605,-0.5637532261676412
37,1,95774,45,0,0.7786902614055443,-0.2885085906307372
67,1,36267,41,4,0.06380477776561651,-0.5593186007667101
65,0,174520,2,3,-2.0838634774541256,0.20236350891676008
53,0,142647,50,3,-0.49589325435428433,0.09150063232413269
74,0,187521,54,3,-1.1210133721356417,1.2233691321353715
67,0,25870,68,2,-0.05488345147272961,-1.0603057728426228
69,1,126291,93,4,0.9606195459791654,1.415826546376291
34,0,177706,54,3,0.0009185104661405615,0.24366450425401004
23,1,23124,43,0,1.3538735638853547,-1.6456792135624219
67,1,183872,100,4,0.9916510626448638,2.28397100156286
80,0,167709,97,3,-0.18369629834422596,1.6005034411356114
71,1,134279,90,4,0.807353861297692,1.5346979485996879
59,0,30285,97,2,0.846061545733723,-0.8046414289841466
68,1,170287,68,4,0.2396890377536271,1.7130414140635903
38,1,50016,26,0,0.44674439927258375,-1.157774173090476
79,1,165979,67,4,-0.06955607512902663,1.869865463795801
23,1,58573,30,0,0.9229413674703559,-1.3005131897122824
35,1,160058,44,0,0.594887001991592,0.5760247883747965
68,0,172137,10,3,-1.9651155034736028,0.3306834974474339
79,1,93517,57,4,-0.06872825468075942,0.7097427486175525
85,0,47930,18,1,-1.8216645098884952,-0.9886659187440071
19,0,146135,53,3,0.4905146706829939,-0.5348430197075447
22,1,34026,82,0,2.2832127871991865,-1.0261018374326643
90,1,153055,41,4,-0.9516527391795512,1.5928071317468597
25,1,147686,85,0,1.8949790337225942,0.6988954440417406
51,0,136743,35,3,-0.7826957192520054,-0.22129697580009422
84,0,141859,76,3,-0.7117949793192855,1.0539179547947564
85,1,152072,53,4,-0.5234745378757405,1.6229747086708053
29,1,154511,82,0,1.691127252670435,0.8431119188447087
47,1,69024,19,0,-0.030105798016038295,-0.7841929514077798
66,1,172648,95,4,0.9359692603454648,2.0403967141078323
68,0,125638,42,3,-1.0401769014138833,0.0637044875345358
53,1,186097,88,0,1.0767172371967113,1.8728424883971675
85,1,183336,12,4,-1.6142102550698458,1.560312843888123
63,0,145150,65,3,-0.41560366031920914,0.523561426414073
20,0,164132,20,3,-0.39074489512738264,-0.6667403952893856
31,1,29654,33,0,0.8736449356082345,-1.5087406443907705
55,0,155601,10,3,-1.556016716815195,-0.17850177014122134
55,1,48015,6,4,-0.4907584361957804,-1.0782072222998724
38,0,21575,8,1,-0.6946290248376111,-2.475990013703687
21,1,92526,52,0,1.3936409487906332,-0.5836975594109802
53,0,85400,27,1,-0.8585754615145067,-1.0126986733365726
68,1,60176,35,4,-0.18746828778752475,-0.27112953651292276
56,1,74040,33,4,0.04497840460961488,-0.3496228393193676
39,0,86282,48,1,0.025026431489467985,-1.0328778598174793
77,1,112655,47,4,-0.31866150996590203,0.8170610788985306
33,1,65889,55,0,1.2278179032194425,-0.6753640590635375
21,0,111575,69,2,0.9362105894849004,-0.7880447531094311
75,1,134254,35,4,-0.6249200085471911,0.9347016951359635
18,0,104553,9,1,-0.40244590003043174,-1.6971008898741684
63,1,76538,63,4,0.5679133634234891,0.20584206651736842
75,0,79525,48,1,-0.9327628053658317,-0.37400803092828416
28,1,47049,82,0,2.0764344896195457,-0.7140295510046245
67,1,57438,72,4,0.7391961983067447,0.12860825281609195
29,0,106300,13,1,-0.6115547913834768,-1.3915777999443737
28,0,175915,37,3,-0.23879115435002074,-0.11913571260637128
59,1,165181,93,4,1.1033400726445306,1.7619043597683746
56,1,63791,100,0,1.6913131295634063,0.3365923395872889
44,0,105972,42,1,-0.32111111871219533,-0.7210588594058152
80,1,157579,53,4,-0.4056711496628994,1.596771569376547
73,1,40113,60,4,0.3447918201899637,-0.14228498901243233
61,1,173140,48,4,-0.0604516613081763,1.3583554905556965
67,0,66988,30,1,-1.1062665704799828,-0.9448197612104674
55,0,153016,12,3,-1.4992782903159252,-0.19059662129374427
35,1,56107,9,0,0.09907891163530207,-1.3449471128561008
48,1,189897,67,0,0.6948972182843149,1.561235127946604
32,0,167523,80,3,0.7149344342440089,0.37927611426647906
27,1,78852,27,0,0.6742592088792637,-0.9639733911359256
61,0,78244,18,1,-1.2691382150265489,-1.0589711326240054
38,0,138094,78,3,0.6014865159641863,0.05964471365898485
38,1,48139,9,0,0.0439372321167008,-1.3958936934845654
45,1,184820,25,0,-0.2171162436307408,0.9036992710742965
86,1,105434,79,4,0.2303218830560101,1.3004214740193902
43,1,162849,27,0,-0.041319933333436865,0.5725138456163684
58,0,55581,98,2,0.813065294558694,-0.45159443073613625
90,1,184327,45,4,-0.9596050981829288,2.0895514687572474
81,1,143062,59,4,-0.24015473458505524,1.4848100425773214
74,1,179901,2,4,-1.5438514094476907,1.1560877497830662
76,1,103654,46,4,-0.285500841691715,0.6549791415137113
39,1,45127,52,0,1.0614280335332384,-0.8835304370108654
48,1,109219,80,0,1.2765379880387226,0.5695259488306242
70,0,149397,95,2,0.10150341605705603,1.1040280784437373
31,1,45674,39,0,0.9646390001522664,-1.2051644112635076
30,0,186548,34,3,-0.4008703033239335,0.03754564883960729
43,0,63358,63,2,0.35342597190698827,-1.0902030512848429
58,1,102502,26,4,-0.2727589374301308,0.012207118117351055
80,1,149909,39,4,-0.7169879962183959,1.3131279284386053
58,1,27531,27,4,0.0011160712336777414,-1.0470656687371651
81,0,194224,32,3,-1.8633371175220208,1.192651214887132
40,1,85916,30,0,0.36890962188811727,-0.5529031098680143
88,0,56904,24,1,-1.7888843419056464,-0.7228563863196057
46,1,191167,8,0,-0.6745574645776657,0.8041258582117481
74,1,195751,74,4,0.13583047152430927,2.2775285559033467
24,1,65474,56,0,1.4983392762081906,-0.8577328112000677
56,1,31978,2,1,-0.5608016425729692,-1.336184043797804
44,0,175701,55,3,-0.240644913733938,0.43728206990574525
85,0,196247,45,3,-1.6661889293155012,1.4670829948503146
59,1,148245,19,4,-0.6208480127407114,0.6000818980686329
38,0,94293,39,1,-0.1909985282595712,-1.0512049491392523
54,1,199383,90,0,1.0533408683381025,2.1086066968272563
70,0,54607,11,1,-1.603890043789245,-1.2949950947019881
29,0,92943,29,1,-0.18204851323186114,-1.3836551984322447
21,1,120745,49,0,1.2274244466317425,-0.21759644622984353
52,1,115977,98,0,1.578220799614556,0.9737875265816333
30,0,197272,74,3,0.5258938051146904,0.6879922532033043
82,0,29188,5,1,-1.9903336177286604,-1.4811087983169928
34,0,35433,65,2,0.7396764825639074,-1.6533952614808236
62,0,58397,73,2,0.09319820783834395,-0.6381176998782673
41,0,101703,67,2,0.37636686467379893,-0.5343210424285224
72,0,110215,18,1,-1.6752069591447787,-0.37111440149972835
44,1,140900,66,0,0.943021494743477,0.7644601174466166
42,1,52437,38,0,0.6185039579003895,-0.8900817382597654
90,1,128202,31,4,-1.1094639438725855,1.1132493876944682
50,0,59551,13,1,-1.0276256187765775,-1.6191639770459905
73,1,41806,34,4,-0.2864730277030727,-0.44123015416612893
55,0,89589,92,2,0.6370638327317522,-0.10298140463312544
44,1,127458,58,0,0.7953123285584157,0.4728786713075823
21,0,160392,29,3,-0.18895143102787407,-0.5873598708675569
43,1,189198,39,0,0.1596313055044462,1.0983141462997366
59,0,27891,63,2,0.035915524678018874,-1.2614394321380298
67,1,164859,6,4,-1.206865099719865,0.8438839204964608
50,1,56589,94,0,1.7343204727649257,0.0331583075104006
32,0,132712,22,1,-0.564692843056445,-0.8392080165327115
89,1,127686,40,4,-0.8639518880930215,1.196746588481051
74,1,22754,87,4,1.0250894681269982,-0.03386970656594746
82,0,134981,11,1,-2.198474195878448,0.10576175212173522
78,1,48066,47,4,-0.13067372045812267,-0.08524595567724029
21,1,82203,90,0,2.3424113521511307,-0.2589727225518681
21,0,38966,27,1,0.1675299989453285,-2.3479874594698833
87,0,23954,41,1,-1.2427986632756354,-1.0035696824167322
54,1,88374,75,0,1.0622997949656223,0.3353156805591281
77,0,92411,72,2,-0.4526632174677506,0.1504548021887
61,0,137007,50,3,-0.6949455027024608,0.17875758059632613
60,0,48751,15,1,-1.2158205798767279,-1.5388411787729435
49,0,104502,50,1,-0.25986672763207663,-0.5377176261420429
21,0,130408,51,3,0.44033271838053945,-0.7425460036155465
18,1,58623,38,0,1.251427706995975,-1.305293831581144
82,0,40780,89,2,-0.007714221321919232,-0.2713911024492826
88,1,196278,70,4,-0.3434048209442506,2.5291372586512466
47,1,88768,45,0,0.5297283375756667,-0.17880843054350354
63,1,171178,25,4,-0.6618116216933809,1.0864186783427252
53,1,148183,64,0,0.6255526589162484,1.0325774020197123
38,0,85774,88,2,1.0164476185174922,-0.5639763638705881
47,0,108998,61,2,0.044300296690849957,-0.3787020778540929
35,0,65093,29,1,-0.2526329635431196,-1.655857567317846
55,1,100382,79,0,1.0913067683604545,0.5776684467984763
19,1,198622,84,0,1.8645756567739056,1.2886807191528793
48,1,45834,94,0,1.824618806351979,-0.16255315222029645
22,0,198029,15,3,-0.6784674339666723,-0.20236034648530138
72,0,32456,92,2,0.36451647640021356,-0.5629456594908647
88,0,198014,53,3,-1.561269264149203,1.6547267379268158
84,1,49208,39,4,-0.4903626276105366,-0.04244080675063527
41,0,113791,37,1,-0.38578517683327707,-0.7343857540718842
29,1,195809,100,0,1.9866412593632015,1.657178635518332
29,1,148335,75,0,1.5432693284129515,0.6678257828596457
70,1,119274,90,4,0.884583038478916,1.299218255628326
53,1,163211,93,0,1.2732884190618534,1.6078333887608245
38,1,137828,89,0,1.6700780702490146,0.8804964631854358
39,0,111840,53,3,0.06017626583743445,-0.605385763015733
65,1,108533,68,4,0.5271529695964071,0.7673203285609245
74,1,154639,85,4,0.5375075886929828,1.8265532079059748
56,1,169964,31,4,-0.32277701379589047,0.9967418734121916
54,0,145794,6,1,-1.592357692065475,-0.3893915041503608
36,1,169357,55,0,0.8013578089967708,0.8666536763486832
67,1,78794,88,4,1.053034504441935,0.6327490450629953
84,0,155911,79,3,-0.6864306318317377,1.2920757400248672
65,0,55399,34,1,-0.9169394675132992,-1.1027383209062804
65,1,106033,41,4,-0.11420273299194458,0.396008021378396
48,0,195116,45,3,-0.654885231864721,0.6744701383156984
45,0,80735,99,2,1.1073103345613409,-0.35239741793333373
27,0,71437,54,2,0.5456345900303109,-1.4223332292225233
80,0,61366,37,1,-1.2730950709671167,-0.6653795049383102
79,1,91217,31,4,-0.6866879370086881,0.35371812517434054
55,1,115332,84,0,1.1618037593111417,0.8535204500527193
65,1,145847,25,4,-0.6318669789261941,0.7662850762563779
52,0,187953,91,3,0.3669325123915066,1.2277364963123594
64,0,172407,23,3,-1.5442806844939527,0.4121762767631693
25,1,100086,92,0,2.222025183231577,0.10546008015778574
86,1,54559,39,4,-0.5626541706356458,0.07602111814496484
22,1,33519,15,0,0.6727183729937793,-1.866072752217615
53,1,167819,39,4,-0.041438020111733594,1.0025539873298186
76,1,175690,64,4,-0.09240961965717123,1.9084418984836355
58,1,73212,7,4,-0.6323475171553807,-0.6426353797665615
41,1,96488,28,0,0.25832685465538835,-0.4056500378893387
26,0,166096,91,3,1.1477603306838582,0.3696830472149178
42,1,68066,8,0,-0.1554471297539559,-1.039528277650892
40,1,81257,89,0,1.8041182232225543,0.11379079073483468
71,1,25160,23,4,-0.4412320524425287,-0.8578685393735584
20,1,59873,35,0,1.1206138644326322,-1.2827413349311896
43,0,107152,87,2,0.7849976692651285,-0.1658840669002872
65,1,20120,74,4,0.9661305942358317,-0.4219607054164903
79,0,92383,3,1,-2.1673399629258094,-0.6655562612826426
82,0,146389,51,3,-1.273989259302217,0.7659860548250336
30,1,154230,7,0,-0.13985045697725298,-0.07207300448810042
71,1,93723,78,4,0.6537420883209375,0.805810279041001
84,0,107977,62,2,-0.9357702281305782,0.39557690321699934
69,0,191054,66,3,-0.7078830365197915,1.3180923899096681
87,1,85566,73,4,0.12491914881860242,0.9628235496580707
82,1,185192,51,4,-0.6002672957023366,2.0086087112555737
85,0,93530,88,2,-0.28923816600333185,0.5331901703932317
34,1,28450,71,0,1.7103376804841914,-0.9907057631180616
60,1,172578,37,4,-0.2960352235205545,1.192620974501544
33,0,148714,40,3,-0.21212014040705873,-0.36575959049047263
52,1,36208,66,0,1.0740226547486833,-0.5642194488048802
80,1,84579,100,4,0.9685087052979691,1.1373945425759335
20,1,100101,17,0,0.553445230176385,-0.9314036147124901
46,0,57180,100,2,1.1826302498427885,-0.6556996138000717
47,0,58375,2,1,-1.2067019027476973,-1.8356455685298192
68,1,37683,67,4,0.6574793789964679,-0.19494564241928178
31,0,195224,68,3,0.3611126460412644,0.6051291013737068
70,1,70959,28,4,-0.4462970342786751,-0.16201877344142968
57,1,174937,19,4,-0.6553276743744424,0.9396708326698888
58,1,194216,46,4,-0.09711233447006971,1.571821951032044
43,1,29270,32,0,0.5240938961396384,-1.2748384737648644
65,0,89226,94,2,0.41409150799447964,0.12653706260252448
30,1,184110,20,0,0.07339750172100958,0.5166312272579939
57,0,128123,39,3,-0.8211071081471504,-0.16889396002250198
48,1,40442,62,0,1.0725873784317557,-0.6373497922200585
66,1,100407,95,4,1.1766851295137475,1.0077202437114154
40,0,38706,14,1,-0.6617983034699388,-2.1145621494818623
59,1,39005,49,4,0.46502640416865687,-0.5886296316461358
47,0,74801,73,2,0.44699823082175,-0.7183996187928158
39,0,36278,31,1,-0.21741567101528972,-1.9589670994951935
55,1,131788,41,4,0.0722852241010918,0.5543225779127818
67,0,164995,85,3,-0.10940344772278585,1.1397575219865856
20,0,98234,92,2,1.5613313446265937,-0.7138774895576142
85,1,160982,9,4,-1.6119113206837334,1.20347895980513
85,1,119504,93,4,0.547543822414786,1.6545673415169198
51,0,158503,19,3,-1.2402018236604708,-0.10909969551738248
59,0,199676,8,3,-1.8599276201531985,0.5106277151294754
60,0,47386,96,2,0.737785794789074,-0.5516283738636143
79,0,180954,81,3,-0.5855987012833505,1.5699948036282674
38,0,87684,94,2,1.1544579330298863,-0.46210089619913897
42,1,154658,100,0,1.7697626294677222,1.3417351251587568
70,1,81008,61,4,0.3142791434477551,0.3917778331918062
31,0,146365,46,3,-0.005456960755129484,-0.36673603808473365
54,0,191253,97,3,0.44584982152051267,1.3914518667695235
34,0,147026,28,3,-0.5224755323081294,-0.5180488309989821
53,1,104716,97,0,1.5644507100166605,0.8213691777434277
45,0,79135,21,1,-0.764228962233382,-1.3447084210116722
58,1,59007,93,4,1.484355535677323,0.22317469614916804
61,1,195654,100,4,1.1157760589867138,2.326483228751507
64,1,66799,82,4,1.0303206788513204,0.32375467830535415
53,0,85875,72,2,0.22265179541929506,-0.44661676229702046
32,0,172748,58,3,0.16815030843351786,0.18053529790599984
25,1,132829,82,0,1.8722970449327452,0.4492302799178005
57,0,140911,93,2,0.43565372617529335,0.6850591845601224
77,1,78315,62,4,0.15670025204240434,0.5126054928819616
90,1,187367,41,4,-1.065984530031036,2.0832930753556393
67,0,165651,32,3,-1.3868988935765139,0.49041345998784147
27,1,85295,48,0,1.1581016833432562,-0.6108686153943091
49,0,132875,36,3,-0.6912832692697621,-0.30613088512931863
63,1,31680,68,4,0.8376979431840853,-0.3732541499577514
88,1,186807,18,4,-1.563093416387075,1.7474576482966957
77,0,45871,50,2,-0.8269600165870811,-0.7882605091271442
90,0,187945,74,3,-1.0768681361789016,1.813764463712122
46,1,109729,11,0,-0.33100872945872706,-0.3227345063367134
77,1,105023,6,4,-1.2797909862833652,0.19838553777500273
52,1,22527,12,1,-0.17976259408674766,-1.4309379217753175
74,1,33209,19,4,-0.6459941188651862,-0.7295688476828587
65,0,36221,16,1,-1.286160026247184,-1.600602278410336
82,1,48697,20,4,-0.8913850088478997,-0.3278609541930165
38,0,129292,4,1,-1.1498050546969352,-0.9859031891309349
45,1,197134,52,0,0.39153800770392505,1.415301536597247
53,0,129559,75,2,0.14927868585067608,0.21512692527091296
63,1,170941,40,4,-0.3000852369119392,1.2694614058867242
23,1,159204,43,0,0.9004383196830332,0.2995681403161849
88,1,46895,80,4,0.394982098099428,0.5180121841381405
38,0,96039,95,2,1.1506804934397075,-0.330238461057118
19,0,153512,87,3,1.2840567247938117,-0.00681362645682788
44,0,177603,9,3,-1.3538550708834052,-0.10724961753225647
35,0,178655,67,3,0.283337430793241,0.43978855433882025
42,1,62496,47,0,0.8015481396425882,-0.6344311656194149
24,1,64625,14,0,0.49054556747374367,-1.3918748847391733
44,0,179671,73,3,0.17925056558951824,0.7177494830404161
63,1,78319,7,4,-0.7855180547065774,-0.46470637764111916
40,0,116167,44,3,-0.19803450919297513,-0.6344051737844486
88,0,34483,20,1,-1.8104246000865334,-1.0930767350203259
47,0,119421,15,1,-1.0973028771829558,-0.8014270875848664
52,1,83755,88,0,1.4449640064039357,0.3888908072887108
68,0,189856,22,3,-1.7354080465473452,0.7331189784367074
58,1,23591,92,2,1.5783035451040615,-0.29552150327348914
20,1,154725,63,0,1.4783038249083007,0.4211604942815235
67,0,141615,5,1,-1.9564940037255565,-0.18875339608599845
59,1,47845,89,4,1.398068231596678,0.03488541764181675
72,1,167612,42,4,-0.4859438085196615,1.4355962478563662
26,1,116906,79,0,1.8259364213600815,0.20531178242642806
48,0,101258,46,1,-0.31807642354446575,-0.6547900586850941
87,0,66213,47,1,-1.2392361637861649,-0.324910076873091
54,0,97881,47,1,-0.4461454656067867,-0.5647251067010483
26,1,176076,96,0,2.0378362880597356,1.2624278978070476
67,1,180936,17,4,-0.9957487422564133,1.2104184999018197
66,0,67514,12,1,-1.5139125955586457,-1.1820024004735643
57,0,134247,32,3,-1.009950140456431,-0.1683530644621001
35,1,73477,10,0,0.06526238675350103,-1.0842163289838063
78,0,158739,87,3,-0.3399702514244971,1.3060212671336684
60,0,198933,77,3,-0.22437384060795107,1.3785724537473705
55,1,21537,79,0,1.3540279752176856,-0.5494114151691806
86,0,189299,51,3,-1.5258933502412386,1.46331941941431
48,0,187198,10,3,-1.4706870524273712,0.12627850703647805
58,0,36248,93,2,0.7571729969893912,-0.7901008957191412
77,1,71727,64,4,0.22677716533284065,0.4432882346337887
53,1,94067,63,0,0.7818113610721419,0.24656693512549469
87,0,20187,83,2,-0.21962387659264387,-0.535412777789323
25,1,92673,13,0,0.34579307036299506,-0.9823757715431773
56,1,107991,30,4,-0.1403378243259344,0.09841652953807846
36,1,140866,20,0,0.05410774680400855,0.024373466208905948
83,1,99989,97,4,0.763281329155335,1.3833475580788823
22,1,68329,44,0,1.2545380837507134,-1.008035437181187
90,1,155270,74,4,-0.16497271295899257,2.034617643654309
33,1,136266,98,0,2.027998236196834,0.8651011813843148
50,1,122109,39,0,0.19256533664299497,0.2861799663893835
47,0,101410,46,1,-0.2913522286999157,-0.6736022461983575
87,1,77060,47,4,-0.4723613806175007,0.5180848971277727
63,1,63597,7,4,-0.7364625457034427,-0.6751556100323659
29,1,21407,24,0,0.7390243026655334,-1.7804589120925616
37,0,24791,9,1,-0.6540520088757557,-2.438573979400706
64,0,49075,56,2,-0.3392626614783557,-0.9406925877064937
27,0,173237,54,3,0.20642450875608762,0.03288561722693407
56,1,46616,49,4,0.5213576514575419,-0.5427863233966739
72,1,42354,61,4,0.3886176556925104,-0.11880646330756783
88,0,110765,16,1,-2.1608553558313663,-0.052349482531450844
20,1,193745,17,0,0.24141194087536968,0.4072261854536492
63,1,78884,43,4,0.07884730815838424,-0.00919629589598869
35,0,194788,37,3,-0.4922930466544463,0.2975466347768735
90,0,48145,72,2,-0.6591622854460473,-0.20951726128177936
31,0,33778,50,1,0.4659465061946216,-1.9264389312449992
22,1,63057,85,0,2.258665270173899,-0.5738210354936495
42,1,148464,41,0,0.3707175547744357,0.5198988852581087
57,1,190498,73,4,0.5921931839620147,1.833263681193617
84,1,166929,28,4,-1.1473103254897896,1.5036510501627143
56,1,102458,20,4,-0.36252563776374275,-0.10496412106241217
57,0,55838,40,1,-0.5561821808026204,-1.189770697549285
88,0,44462,93,2,-0.08711738251407283,-0.043132465364998554
19,0,30993,61,2,1.0666814900170212,-2.081354502368678
81,0,173762,95,3,-0.2792212035211764,1.6831579476220955
79,0,30243,41,1,-1.045908962498647,-1.081549253170795
57,0,154298,3,1,-1.7745734294921978,-0.24215893416391443
20,1,72538,77,0,2.0890352124565075,-0.5796909520635298
88,1,173138,14,4,-1.6137964116142491,1.5023460947249112
44,1,195418,40,0,0.13573727019709236,1.2206420206985447
34,1,175894,2,0,-0.4412724949406108,0.2594077885046366
47,0,34825,77,2,0.6764529432390586,-1.2401369357296868
71,1,89787,100,4,1.1962311080925045,1.0229771965122205
79,1,104922,37,4,-0.5879800086321432,0.624201709681461
47,1,25457,25,0,0.25943945624201276,-1.3324057693943068
27,0,105637,6,1,-0.7233213526056662,-1.5300262778404898
82,0,153983,30,3,-1.8046047387843458,0.613538518254449
36,1,136022,69,0,1.2493083430046203,0.5641357377320079
43,0,195150,51,3,-0.37447046794058986,0.64460336312377
73,1,89281,94,4,0.9990811384802404,0.9831417599550749
35,1,44922,60,0,1.3635333868427084,-0.8709712640696492
29,0,147005,4,1,-0.9637508450883936,-0.9215630531234252
45,0,84455,22,1,-0.7578934097148452,-1.2562309485314795
87,1,150851,38,4,-0.9348040428591459,1.4610600639254088
63,0,61998,88,2,0.41490522857794526,-0.37922621117332955
58,0,66284,53,2,-0.3054084288631556,-0.8578881662785172
72,0,76374,22,1,-1.466194818914281,-0.8051526258730687
51,0,88406,32,1,-0.693818243198426,-0.9495547428624219
61,1,124697,80,4,0.8709645870972907,1.063587232730247
47,0,172421,91,3,0.5548404281085557,0.9007833637916753
54,0,154482,3,1,-1.69349450760976,-0.3024837042305635
72,0,45895,71,2,-0.18557525971303349,-0.6318396188758199
24,1,155661,68,0,1.4865744721346408,0.5806240780848766
21,0,43190,97,2,1.8378262477696101,-1.4175963505948521
41,0,99386,14,1,-0.8912221806727753,-1.2261637844910604
90,1,113981,47,4,-0.6770787117895266,1.1088212123565744
54,0,34276,44,1,-0.3063931416072854,-1.5112371109695673
87,1,161150,73,4,-0.12693600622099382,2.043287805945259
85,1,150936,49,4,-0.6159390257218715,1.55702089382742
61,0,31233,13,1,-1.2328040231114905,-1.7931313032261469
21,0,187388,73,3,0.7798421574949297,0.3454078613047414
30,1,41900,1,0,0.09007220664689246,-1.7523891894969668
71,1,95092,54,4,0.07168173771537345,0.5270909878017975
29,1,181045,63,0,1.1455262605969314,0.9862668363261647
84,0,87419,28,1,-1.6853915741738563,-0.3208733113996339
30,0,113226,60,2,0.4690711547026132,-0.6874371894676803
80,1,155393,96,4,0.636297995961854,2.0999573878704503
25,1,51705,90,0,2.335111717461404,-0.6109979540349078
45,1,169528,42,0,0.24290013654476036,0.8963899862160211
59,0,44251,40,1,-0.5720342311300597,-1.313435460484342
78,1,158932,76,4,0.19771807338925998,1.8600027992959258
71,1,69372,39,4,-0.20355274058635284,-0.027003955825586325
76,1,25186,68,4,0.5053379401381075,-0.19327998289690587
75,0,140039,82,3,-0.3162797501613834,0.9136084334794543
58,0,20714,50,2,-0.2257509360599276,-1.5465919986834218
77,0,21604,74,2,-0.1686007225530574,-0.8368653941747746
37,1,84753,49,0,0.9116633637708379,-0.39633763940509315
27,1,179831,93,0,1.9259061558494084,1.2998040610271921
24,0,192806,22,3,-0.5470879990865254,-0.1480515358799662
75,0,128643,57,3,-0.8798680004850267,0.43998628359290476
30,1,86652,31,0,0.6628263992381838,-0.7398034637849689
58,1,85671,67,4,0.7698842541939267,0.2811869947939921
57,0,73239,33,1,-0.7826015597379267,-1.02802643331098
56,0,115156,84,2,0.3321412183349519,0.18405115644451445
80,0,51327,52,2,-0.8787072204032593,-0.6224551971673719
46,0,33313,64,2,0.3959100079390447,-1.4443090035998707
40,0,149271,26,3,-0.7414651020052384,-0.38490418305598406
60,1,83676,31,4,-0.14417752830596223,-0.152794747495359
55,1,130356,61,4,0.5583057193044615,0.7824264612068346
25,0,94962,75,2,1.0270191011026677,-0.8670133215749289
34,1,67036,79,0,1.7742639558680828,-0.33969383883437937
87,0,176680,15,3,-2.3773239846960763,0.8564838561211322
61,0,159144,43,3,-0.9371458142990119,0.40820239941994174
20,0,188245,58,3,0.44328053417850644,0.15024295037457433
48,1,111012,28,0,0.019316363563748454,-0.05113612629399855
36,1,78278,8,0,-0.026090700920941422,-1.0194590130253647
68,1,98937,67,4,0.45337354089851833,0.6806729746771334
55,1,72801,34,4,0.10040002678047491,-0.37589049814931735
69,1,129814,79,4,0.6120062510965334,1.2921855041447223
59,1,169703,7,4,-0.9810980369958519,0.7576769548725852
72,1,25376,62,4,0.4692528780760043,-0.3490762387461373
40,1,56282,71,0,1.454213979234708,-0.46694058968540453
65,0,69138,6,1,-1.6364679538794313,-1.2543447694235805
84,1,57479,17,4,-1.0472963988784079,-0.1976394167625385
57,1,95322,6,4,-0.7028525152713937,-0.3599892863862621
73,0,106390,82,2,-0.14969580163629398,0.3906299769843773
35,0,42915,90,2,1.2890759832861602,-1.2147382649488185
18,0,46598,8,1,-0.23339517919072936,-2.53798940344343
26,1,25330,72,0,1.962641767641092,-1.1907571579474725
30,1,57144,77,0,1.868023133044392,-0.5898962505619353
65,0,150128,6,1,-1.9063365637261833,-0.09660238854006835
55,1,181310,98,0,1.2788312009654847,1.9706699897998454
42,0,24298,42,1,0.005498017958223785,-1.9305489573619452
82,0,199463,67,3,-1.06583921797897,1.7235318703694213
88,0,112907,52,3,-1.3017447503158097,0.425703625941094
65,1,152011,52,4,-0.002720173565629757,1.189973826006596
55,1,138464,84,0,1.0847250991929163,1.184189628403101
90,1,27088,31,4,-0.7725396987059666,-0.3321631706541609
21,0,101922,90,2,1.473686909412448,-0.6650303757219449
56,1,31327,29,4,0.0910535783463755,-1.0099149054282646
36,1,68489,79,0,1.714961026760527,-0.27695335857001674
45,1,30019,99,0,2.079320581713158,-0.38943817913844186
40,0,44702,30,1,-0.29677859410908974,-1.8299907234575878
77,0,101343,35,1,-1.3727361935019384,-0.1817255059870985
26,0,72413,65,2,0.8343000084451471,-1.2926506513274176
20,1,115043,35,0,0.9367806602685959,-0.4940927714870191
31,0,123980,77,2,0.8150683920058422,-0.3014370045014656
22,0,136306,37,3,0.05657495482840701,-0.8112516950236575
64,1,142912,86,4,0.8729526100795982,1.4614957569035623
32,0,188342,68,3,0.35681363633399854,0.5277367423584353
76,1,112609,22,4,-0.89283867438516,0.484700814608158
78,0,44736,75,2,-0.24884761537032937,-0.47278249884125895
65,0,157945,24,3,-1.4992597600673825,0.23885743031455417
73,1,71027,61,4,0.2658450267347041,0.3120556578884619
80,1,113586,19,4,-1.0772042024383834,0.5453208275836561
20,0,101228,46,1,0.4444825095915525,-1.2427991673657255
63,1,140996,71,4,0.5456309627491615,1.226691142032292
55,1,122318,42,4,0.12790286995996034,0.4313787661200133
32,0,93154,88,2,1.1552406185702375,-0.5843902011423581
73,0,48756,18,1,-1.4976487133932697,-1.228678459755393
39,1,108403,41,0,0.58589775092879,-0.11572335509693352
49,1,22733,37,0,0.5028041406381253,-1.180230514052825
34,0,131651,26,1,-0.519369036806564,-0.7626900356640649
43,1,172488,61,0,0.7446848594429771,1.1328782588147146
37,0,191902,30,3,-0.7055750092464086,0.21126067474308535
59,0,78527,54,2,-0.34937183862546667,-0.649462225944885
51,1,188234,76,0,0.8353085087702252,1.7122761381355893
62,1,99466,48,4,0.1578084620736337,0.32617946560671024
19,0,137515,38,3,0.15830089582145215,-0.844495504844892
73,0,119707,88,2,-0.04969500968868424,0.6555671478134782
56,0,161969,91,3,0.34459167625903053,0.9402383559184438
38,1,88096,72,0,1.4267296303954693,-0.04170456896541948
50,1,185533,38,0,-0.0428336522912119,1.1803897668003647
55,1,108406,47,4,0.2945715835603197,0.2946519251087922
46,0,184626,40,3,-0.6857821346761673,0.420403283864437
30,0,90786,2,1,-0.8517778113546524,-1.7290793521978507
37,0,165873,24,3,-0.7632178586286164,-0.23539301844422297
73,1,74056,80,4,0.7129384782118436,0.5915002959825
90,0,196490,69,3,-1.225653347753733,1.873770680470944
51,0,171789,59,3,-0.32197461333800154,0.5779703929779795
76,1,162063,34,4,-0.7688761283551445,1.3407843318653447
51,1,67130,98,0,1.7682156700225213,0.2545404838898143
63,0,72996,94,2,0.5226332128484913,-0.14743886848682478
40,0,133243,50,3,-0.1105591661207073,-0.3157335467293798
59,1,60580,96,4,1.5240707636824755,0.3039316755705143
27,0,157050,43,3,-0.004325315220722179,-0.3352213990459045
39,1,169522,32,0,0.16567974634831345,0.6461070845670331
88,0,128249,43,3,-1.5694281783688786,0.5331573157630488
34,1,197512,2,0,-0.5133063214335987,0.5684345176062512
27,1,181893,76,0,1.509973757749133,1.117992075369492
30,1,166298,44,0,0.7102479443343542,0.5602997965701991
69,1,22270,28,4,-0.2568286392424321,-0.8790072249963232
41,1,33012,41,0,0.7826484513441853,-1.1514586806927094
74,0,127925,29,1,-1.5239933128579335,0.06073373668041467
68,1,188506,67,4,0.1549186512162893,1.9610511363434544
62,1,41931,62,4,0.6863963631427425,-0.3222745838555138
66,0,121642,57,3,-0.6114637127958252,0.151042740119551
59,1,108465,5,4,-0.8251704024227766,-0.14257035936726636
25,1,123306,90,0,2.096528406760857,0.4125297927688996
72,0,84009,85,2,0.02429844623035651,0.08699736745806774
45,1,123536,59,0,0.8052126807194625,0.45022786652475594
38,1,135018,61,0,1.005692880886882,0.4923240353961114
18,0,169613,32,3,-0.06579756678961517,-0.4812156819805591
67,0,171395,67,3,-0.5638530384687735,1.0075280208134163
45,1,74657,56,0,0.8958961672254055,-0.28577772583006295
26,0,187335,51,3,0.11449158739486089,0.17614371189900088
69,0,40235,5,1,-1.673144768907059,-1.5959983739447894
81,0,102195,100,2,0.07956103891872454,0.7222597648422743
52,1,194182,5,4,-0.9201752134628599,0.9358488566104787
42,0,84037,13,1,-0.8913705530580083,-1.4370196052770594
19,1,87039,72,0,1.9476345561219472,-0.45552943573749344
30,0,80497,91,2,1.3240639836983645,-0.7700044009499644
54,1,110815,46,4,0.2897127329019047,0.29567457552346504
72,0,116996,89,2,0.01063149695796806,0.6082574247205264
76,1,104579,52,4,-0.14420838641257117,0.7427741517809097
37,0,108900,86,2,0.918494739052358,-0.27923537940364707
77,1,44603,89,4,0.9187187784333314,0.36627158329015064
79,0,114438,15,1,-1.9520805896184614,-0.20113817795343925
42,1,121418,91,0,1.6639603818514348,0.7547149250179657
21,0,197562,62,3,0.48125424950564644,0.3541281928831223
31,0,130122,64,3,0.4817907128001134,-0.37521104678977646
58,0,168885,98,3,0.43552247482692,1.168072722290478
40,1,195697,7,0,-0.5503303598798752,0.7305429035750128
76,0,138594,67,3,-0.699632182200444,0.7275067261101363
88,1,89353,48,4,-0.5164913965101038,0.7272255814920774
66,1,115964,13,4,-0.8482731739556859,0.21095167685157698
61,1,26188,47,4,0.40514797508321615,-0.754734512968991
85,0,84834,74,2,-0.5971362547652396,0.2348799819458878
31,1,193892,80,0,1.4573186878055058,1.4231712157828436
41,1,68252,27,0,0.328350223772216,-0.8217089945074073
28,1,91111,80,0,1.8814896137979673,-0.10902593664793522
86,1,97715,41,4,-0.6583303642499735,0.7177884011323695
87,1,104174,27,4,-1.0439574485839804,0.6571021377484054
24,1,166679,53,0,1.0889244735396688,0.5516944584345079
79,1,138358,57,4,-0.21814396444910378,1.350739490205373
75,0,131791,6,1,-2.1175422063093197,-0.14887752068386423
27,1,135845,100,0,2.2409100142608955,0.7580303956802542
47,0,63396,40,1,-0.30905958865116506,-1.291580083537893
83,1,94475,6,4,-1.4080278219208182,0.1735131932633553
40,0,160174,61,3,0.064390332578988,0.20595766685439174
65,0,78719,26,1,-1.1871441249341463,-0.8688113659335766
48,0,30230,95,2,1.097657375200873,-1.0611201656827276
49,0,183389,5,3,-1.6055378988103275,0.030670778063216726
35,0,142321,19,3,-0.7505905759626176,-0.6761796034684001
67,1,52405,56,4,0.37096765487647454,-0.14219720317742737
75,0,69452,87,2,0.039237012124797334,-0.03328076629918315
88,0,149274,97,2,-0.3401140379507156,1.504857391958681
84,0,183199,64,3,-1.1382942652236805,1.4957238279553697
72,1,100401,57,4,0.09894815566511829,0.6612536411950021
87,1,81512,60,4,-0.17438420829801074,0.7432989046349987
80,1,101606,56,4,-0.1469749167016042,0.8339303396496517
75,1,96502,79,4,0.5596218544583574,0.9419044973484436
24,0,52226,100,2,1.7982124898061256,-1.1881866584222944
34,1,37606,54,0,1.270767204618107,-1.07110986570393
35,1,147168,40,0,0.5415882832544707,0.3420489468008916
60,0,43430,48,1,-0.4040296776985802,-1.2047568871684717
33,1,137342,5,0,-0.21339449241496772,-0.2753873354218123
72,1,65910,96,4,1.152311742945079,0.6529285110048216
46,1,181422,25,0,-0.23302436849674332,0.8761102761162932
27,1,150048,42,0,0.797962079557939,0.2401955432688211
90,0,140904,2,1,-2.6526177809522347,0.24645203637764673
63,1,79645,8,4,-0.7658740045003268,-0.4333226583310553
35,0,169217,31,3,-0.5514620081901275,-0.14256000308947367
34,0,100796,59,2,0.37750428398902963,-0.7936112256434874
36,1,63796,85,0,1.8749733468392642,-0.269466987589194
55,0,43512,31,1,-0.6772110856361119,-1.5197977832733482
20,1,60608,78,0,2.152849879925735,-0.7378001701653915
47,0,41908,83,2,0.7972261875114572,-1.0643140506448483
48,0,79273,2,1,-1.3035672784451195,-1.515926144103382
29,1,86274,18,0,0.3785048369031508,-0.9277651370394979
55,0,170765,29,3,-1.1493585731598897,0.27441124419706214
38,1,111999,41,0,0.6011461155188368,-0.08530397377746668
22,0,28267,24,1,0.10376236687977132,-2.5172295006365806
48,0,124520,100,2,0.9037837586044393,0.34888766544283106
67,0,133622,99,2,0.3320094617324111,0.865286139133504
20,1,190079,69,0,1.504874630991077,1.0011139491892758
58,1,170976,81,4,0.8225117622452549,1.6746136921573134
66,0,123549,63,3,-0.4734434019156134,0.2528753231491598
34,0,141535,26,3,-0.5523037366426585,-0.6213994356807011
43,0,157778,92,3,0.7366178541299688,0.6199520971194846
88,1,35620,40,4,-0.5299460107833797,-0.14031089944356873
50,1,46779,80,0,1.430134368585921,-0.2810763779403292
90,0,116803,5,1,-2.5001229596841816,-0.060782758437292854
81,0,150414,53,3,-1.2120454857468932,0.8273953551609232
70,0,40257,88,2,0.29673416378699036,-0.5431161450248418
79,1,133721,96,4,0.7357424345561944,1.7691737258492015
18,1,166915,8,0,0.16871214231694034,-0.1301338486879282
36,1,188799,76,0,1.241886021707486,1.4055776051845676
77,1,102960,62,4,0.0745800904215474,0.8649028256004967
24,0,53024,34,1,0.2074321003816917,-1.9970740463900638
42,0,125843,76,2,0.48526075052256734,-0.056399246503640116
45,1,128343,67,0,0.9816947256059276,0.6183730185666284
58,1,195704,2,4,-1.1608181032975393,1.0462295982533245
75,1,136713,72,4,0.2571967588839055,1.4297149883795985
80,1,59193,72,4,0.3793495158852162,0.4265008900573069
65,0,168065,87,3,-0.017046819598250405,1.16653020197012
53,0,122575,27,1,-0.9824471193865033,-0.48128648653147854
85,1,76173,72,4,0.1866166866349148,0.77415300970627
84,1,68903,59,4,-0.07473988670068878,0.4876710192638269
37,1,72559,6,0,-0.08238985878197705,-1.1050838411204427
83,0,165856,34,3,-1.7751479288377257,0.853961475610981
62,1,177376,26,4,-0.6311709953421318,1.166462046635021
35,1,52971,48,0,1.0479637946092386,-0.9050562614114804
19,0,25760,27,1,0.26599536503928856,-2.5787356715841523
26,1,69684,63,0,1.5982867985474754,-0.6685803917680359
18,0,185385,58,3,0.5072717597924752,0.06738957308708411
60,1,28141,54,4,0.5943081305857872,-0.6608006671810458
29,0,28138,66,2,0.9242001491582663,-1.8501727547718736
68,0,72540,94,2,0.3879992733535668,-0.04903228721401832
57,0,119095,77,2,0.12334819643878828,0.1743427472310309
27,0,177327,42,3,-0.09595321008087289,-0.05779281246355539
61,0,103172,99,2,0.5968566599639763,0.3040969682548287
37,0,96049,41,1,-0.1214941685116029,-1.0222307329152864
71,1,181775,29,4,-0.818717765666173,1.455496433602049
66,0,174922,17,3,-1.751496996498451,0.41552567453926337
76,0,36135,90,2,0.19520999784760856,-0.45127217148119214
25,0,144176,73,3,0.8149071296158164,-0.1883624822977326
25,1,44694,66,0,1.780974554292755,-1.0095083448148428
57,0,174914,97,3,0.41860134033537433,1.2208428405258487
64,0,67336,55,2,-0.4241729971651387,-0.6920824804408646
43,1,53801,28,0,0.34610381736948487,-0.9738855879027664
86,0,22427,100,2,0.20920440753795727,-0.31308922509905857
65,0,24332,42,1,-0.6209208562650317,-1.4474077159914003
75,0,22854,89,2,0.24263215087477852,-0.6745361978915881
22,1,115267,95,0,2.3253195967390465,0.29680175750096033
53,1,74485,73,0,1.0876854337555508,0.09093165911912743
40,1,40943,85,0,1.842199634827912,-0.51220785678239
40,1,115904,70,0,1.231483720447894,0.3729200746332304
40,0,121546,86,2,0.7946646841370295,-0.03550729106640309
37,1,79170,48,0,0.9062041594976362,-0.48857466548662387
47,1,52356,84,0,1.5894929323814408,-0.21459402639212602
39,1,112443,91,0,1.775558214680735,0.5634633434127057
89,1,106778,82,4,0.21633881217662482,1.4198749445132726
65,0,140750,5,1,-1.8991503627102329,-0.24308848654965104
61,1,75873,100,4,1.5149010368364952,0.6142281339915618
77,0,195464,84,3,-0.5072991109880014,1.7727296254463234
82,0,111969,18,1,-1.9533582770017897,-0.1361910872386513
58,1,114761,30,4,-0.21735764932872648,0.23716289002416768
75,1,25391,90,4,1.0612593176795402,0.06209702582811204
87,1,155424,69,4,-0.20410605130633241,1.9117204890861275
44,0,193220,82,3,0.3506656394373454,1.0232891890217157
36,0,76962,58,2,0.37839829443368755,-1.1047740990681219
38,1,21691,98,0,2.2736227963574405,-0.6678097180694567
18,1,77987,62,0,1.7644031596147172,-0.7301987805832313
44,0,49875,58,2,0.25081007961290075,-1.3240994553126428
88,1,24544,52,4,-0.20429008342204075,-0.14949650571865788
27,1,146733,97,0,2.132442528983769,0.8763869329496468
73,1,46969,40,4,-0.15930210802746683,-0.292853439859119
36,0,146912,3,1,-1.178118144832102,-0.788426119071545
23,0,94413,31,1,0.024562220984562826,-1.4636943648962666
68,0,53171,86,2,0.2600395978533025,-0.42533949074898514
43,0,115420,97,2,0.9980721273759722,0.0765930821779958
34,1,97721,72,0,1.5035806602368356,0.011943619473027618
25,0,76899,79,2,1.1834570108582665,-1.0755069196292166
26,0,195474,56,3,0.20768366541390493,0.35463328329501925
31,1,55882,57,0,1.3637486986605103,-0.8355255328621205
86,1,181510,34,4,-1.1059826914772324,1.8286269688202352
83,1,67748,67,4,0.14883895064241484,0.5496050837217876
30,1,170498,32,0,0.40750369201075165,0.47119380374718955
52,1,76593,69,0,1.011642217656721,0.05036542761927369
36,0,168372,54,3,-0.02244081209224984,0.1522061073410613
27,0,112333,95,2,1.3959243399872066,-0.32815277937311377
66,1,66815,43,4,0.03737066344632118,-0.11876618192022173
74,1,145869,96,4,0.8314171965436706,1.8379028887088809
57,0,90997,9,1,-1.4192720677305561,-1.0724669261763118
81,1,149308,2,4,-1.632526524931775,0.8656595327412729
19,0,20665,84,2,1.65453188226669,-1.9431317541620203
60,1,144669,73,4,0.6632089984230144,1.2410986256592298
37,0,122727,82,2,0.7761717006550855,-0.1312948956279435
36,1,156133,93,0,1.7597947000368022,1.1499090645481695
29,1,141016,72,0,1.4954697994203021,0.5259154287999098
88,0,169954,13,3,-2.4302676950930335,0.7564640832483076
52,0,103478,48,1,-0.38627155608879227,-0.5142579710239454
62,0,115403,39,1,-0.9148758960040879,-0.24579979459307616
54,0,27823,93,2,0.8941688398661183,-0.9944753023535103
33,0,88166,57,2,0.39869478041820916,-1.0199979923911513
49,1,23870,28,0,0.2824535142009735,-1.275835603344962
22,0,146916,97,2,1.4649678208759072,0.0861394452826225
78,1,82568,33,4,-0.5825128415469841,0.23395410861533394
84,0,109189,65,2,-0.8676214263840812,0.4501884213703812
24,1,122950,95,0,2.245257543797125,0.4485993439871316
34,0,71024,45,1,0.1398340112677461,-1.3932003178999546
25,1,30800,86,0,2.3085199614100675,-0.9595472637256341
25,1,178263,23,0,0.3012211443452976,0.36541013632847447
38,0,71355,28,1,-0.3792531925243743,-1.5158167044335082
58,1,96858,99,4,1.5026060316133236,0.8388224679487108
69,1,31583,76,4,0.8671366524457523,-0.14930103624520089
58,0,85417,33,1,-0.8504108263124489,-0.8329583678338484
80,0,36382,13,1,-1.767343994541054,-1.3208117849838255
70,1,155036,89,4,0.7413572250673766,1.798003068509986
63,0,44187,88,2,0.47425366431051097,-0.6338323297795307
57,0,61214,49,1,-0.357533668897286,-1.0010630508217324
82,1,28822,22,4,-0.7770341824937049,-0.587114291152132
63,1,146572,11,4,-0.9166956397964191,0.560676939335353
71,0,77299,31,1,-1.2254843518097283,-0.7010565021225009
49,0,162578,69,3,0.003803370761544491,0.5286173050807111
78,1,99061,69,4,0.22877847245220304,0.9171530487715347
70,1,33125,2,4,-0.9458530719307859,-1.0259976846030603
64,1,130454,81,4,0.7941519695951649,1.221266596138043
70,1,38838,88,4,1.1044807628388529,0.12453782337141456
56,0,193135,89,3,0.1926178535623283,1.3608951898840507
76,1,126600,90,4,0.6967878433847293,1.5298526072015273
31,0,112865,37,1,-0.11039285649389936,-0.9574729071850224
18,1,191717,98,0,2.251688867790116,1.3429914657832436
37,1,66183,27,0,0.4441670953662421,-0.935225139962673
70,1,177214,78,4,0.4027705173176241,1.9783191469722499
53,1,40719,80,0,1.3686349991353821,-0.30474832635832644
62,1,98652,39,4,-0.05604119315952972,0.20268506423772747
39,1,66489,24,0,0.3164987765428098,-0.9261670106118178
24,0,53595,86,2,1.4567765870164668,-1.3426188734952398
68,1,157600,42,4,-0.3436598870674708,1.2085358656884477
56,1,152510,34,4,-0.19243081148883692,0.7845251500348704
37,0,98179,34,1,-0.2970287031331698,-1.0787835905250134
23,0,48691,42,1,0.4416004233661457,-1.9805691125216547
67,1,104660,65,4,0.4134095911427683,0.7166401518281618
26,1,103132,29,0,0.6687108390533556,-0.6130212839745571
27,0,86660,86,2,1.264907920612549,-0.8070036179119104
84,1,47315,2,4,-1.374365376436537,-0.5293631975670563
22,0,164186,62,3,0.5652364961174304,-0.10199273310495799
76,0,163866,69,3,-0.7357166951319798,1.113624364206558
72,0,88192,28,1,-1.3611991751805215,-0.5616434810835329
80,0,142162,40,3,-1.4701299146835647,0.5268757919560698
66,1,52559,60,4,0.49393496460217506,-0.11126597046296045
50,0,59229,86,2,0.7300057937586115,-0.7164712725898368
56,0,43579,53,2,-0.17529123013634826,-1.2244234493399708
63,1,85955,6,4,-0.8350245877063405,-0.36797937689342214
61,1,96689,84,4,1.0605404561679403,0.7129310469751745
38,1,94122,13,0,-0.013033982541147337,-0.688857367769679
74,1,194973,68,4,-0.00595180577789268,2.1918348930863254
73,1,151489,22,4,-0.940699568858197,0.9775307447596642
70,0,21489,90,2,0.4073963304165233,-0.7865450491448653
46,1,53928,4,0,-0.3135100694015413,-1.2074040927643532
62,1,154052,63,4,0.3368578892352644,1.292910433022012
34,0,24915,29,1,-0.0915242640051568,-2.2511822899716463
89,0,46567,70,2,-0.67479840805658,-0.27791700748956705
51,1,48921,46,0,0.5776431619095019,-0.6520477932650842
41,1,146856,80,0,1.3417416318872901,0.9606473049135763
22,0,28533,14,1,-0.13774842554928673,-2.63771413855966
26,0,180792,99,3,1.2912910151211994,0.6791902736432213
59,0,145259,53,3,-0.5957934891397829,0.29203503953539683
51,0,128059,92,2,0.6177997860077454,0.3630026151003571
81,1,67441,22,4,-0.8784867479278932,-0.05604530610772059
65,0,145382,42,3,-1.0242742977016206,0.2829875822670162
89,1,112930,54,4,-0.4779088599790206,1.1598132367817087
73,0,115538,68,2,-0.51705228617676,0.3473976382034785
84,1,143317,16,4,-1.3573815838998489,1.0169758377183655
38,1,80735,34,0,0.5368844831965961,-0.6192200745928242
69,0,65820,16,1,-1.493710233179907,-1.093548069666725
71,0,95197,52,2,-0.7798113417956003,-0.18420386895378693
33,0,61117,44,1,0.17601358262282157,-1.5682334171205616
87,0,180196,91,3,-0.5602939243773185,1.851326435221594
35,0,107070,46,1,0.016556087118692983,-0.8445133343243144
77,1,80776,37,4,-0.45306122123032444,0.23706750365602228
61,0,109035,22,1,-1.2754878230565188,-0.5691026331886885
83,0,198260,72,3,-0.9687491280568323,1.7894636764410752
31,1,140719,12,0,-0.0017486020224716102,-0.1820825890068189
80,1,122325,67,4,0.048673727625551645,1.2668217548626568
18,1,104344,78,0,2.0615775205981155,-0.1545692903884523
59,1,40447,39,4,0.21959703555513416,-0.6923034899677957
56,0,195061,9,3,-1.7387953971037575,0.3941305206154939
51,1,39509,98,0,1.8602522285183496,-0.1402984135343553
29,0,78359,55,2,0.49217072717302224,-1.2689853392665633
82,1,42674,26,4,-0.7269409657033992,-0.33938677442808557
82,1,196490,55,4,-0.5416638377767228,2.2198271028928622
52,0,44311,28,1,-0.6703687535010356,-1.6086173246126019
59,1,96509,22,4,-0.37626998326034816,-0.10219192249906453
63,0,197925,61,3,-0.6877062099686277,1.2282589203225216
20,1,198708,51,0,1.0429977389566782,0.9007477369034917
44,1,140571,85,0,1.4013042139310177,0.9959025464406813
39,1,154955,31,0,0.19015633156595288,0.4254448510542458
18,1,103441,8,0,0.3802152925998487,-1.0374871007462076
66,1,28755,25,4,-0.2689327562441461,-0.8865460751674862
46,1,51682,36,0,0.4639721109820664,-0.8417917508901409
77,0,36205,27,1,-1.3481879494556415,-1.2122951003191693
28,1,171538,45,0,0.7713114216226327,0.6056636598682994
31,0,44402,55,2,0.5508582595381601,-1.7124265815245512
54,0,62491,53,2,-0.18384697789666618,-0.9960486859113747
30,0,157697,65,3,0.4412005542063813,0.010413984376291872
35,0,180493,1,3,-1.3109083661412637,-0.3542321577909588
33,1,164924,27,0,0.22407268706582362,0.3923256292242009
42,0,56137,14,1,-0.7743418875735609,-1.8234180667757565
57,1,152732,25,4,-0.43696322322228487,0.6968252543479324
21,0,48346,85,2,1.5318964862348272,-1.4930364375514014
78,1,160311,98,4,0.7224968615108025,2.153147007227645
44,0,43793,43,1,-0.08986062242225579,-1.5974715334530478
20,0,196891,13,3,-0.6683390130431361,-0.285455354589678
39,0,192682,9,3,-1.2679467602536376,0.0033778404054519828
80,0,35819,32,1,-1.3082815586637475,-1.0927143580533085
44,0,70861,68,2,0.42150660242270743,-0.8998200145924719
38,0,192036,6,3,-1.3107508659144012,-0.06412778468722384
30,1,128716,45,0,0.8595382208885171,0.0354983009720558
22,1,78766,70,0,1.845384284434945,-0.5356933701863127
43,0,81096,2,1,-1.1734883505523745,-1.594791623577599
83,1,120232,45,4,-0.5554179573973349,1.026426030272457
28,1,126718,91,0,2.0275296167694195,0.5366876611381495
23,1,190834,25,0,0.3619192755917741,0.5279984770204202
18,0,140533,95,2,1.5470345798283338,-0.11390223037232858
35,1,45123,32,0,0.6891151763144,-1.2161018063318683
50,0,99417,56,2,-0.12577889297248865,-0.5148498389951853
35,0,173518,52,3,-0.06048212710443169,0.17992513837812765
25,1,151435,48,0,0.9921764491544606,0.29262476964641826
77,0,134921,16,1,-1.941808657210959,0.062122550535516505
81,1,54962,97,4,0.9677781686896395,0.6977219499639435
40,1,103258,95,0,1.8751828624610745,0.5028647048111566
78,1,143070,89,4,0.563383984323726,1.7948306020214793
30,0,83528,39,1,0.06271719143736389,-1.372969413875133
87,0,67262,42,1,-1.3630437843076406,-0.37205828519270856
51,0,176867,67,3,-0.14639557367771835,0.7499894576660977
44,1,186976,83,0,1.198552174843963,1.63439906607469
87,0,158955,45,3,-1.596388768059896,0.9759683257464626
54,0,42374,13,1,-1.0793124586986615,-1.7807671038772304
50,0,92473,93,2,0.7876698233212946,-0.15425130815984342
69,0,65355,52,2,-0.6259127840309332,-0.6527617149534507
78,0,136747,42,3,-1.3495002262485007,0.4323564099344603
72,0,63461,12,1,-1.6637915675210113,-1.114029495400838
66,1,146613,80,4,0.6617844006645771,1.481798883087211
30,0,48407,47,1,0.3722442277296953,-1.7755902549671891
71,0,81226,17,1,-1.5754438242251183,-0.8189224125862348
33,0,58426,3,1,-0.8015799114900829,-2.1162779531330216
28,1,86963,32,0,0.7403139088506338,-0.7648990670305758
50,1,142564,75,0,0.9906547808778553,1.0260152235360827
33,1,165816,35,0,0.41359999195414116,0.504506323664407
56,0,53901,70,2,0.1993761616132398,-0.8655836621652759
65,1,63789,46,4,0.1468716782769933,-0.1457213771731593
38,0,163198,85,3,0.686274023538384,0.5055043498954753
43,1,197495,28,0,-0.1327022083536808,1.0802029869666674
26,1,163200,37,0,0.6610564566186531,0.3450732656473102
68,1,33045,72,4,0.7932459875502934,-0.19910176062134508
32,0,113834,8,1,-0.8386632594457186,-1.2830686793862278
50,1,86177,49,0,0.5529196139318414,-0.10317660764693103
86,0,118610,89,2,-0.37597603365677457,0.9251194931617525
45,0,193139,66,3,-0.06129425261766768,0.8442569911925207
74,1,132574,44,4,-0.37552936205443244,1.001559654888488
34,0,187645,5,3,-1.2112592504112116,-0.2232653505435518
80,1,34909,19,4,-0.8150427921789329,-0.5793574944409408
88,1,67912,16,4,-1.2150455887292464,0.023010402527017398
72,0,45422,10,1,-1.6518082973974957,-1.396752262020158
26,0,43155,3,1,-0.5600803248118827,-2.4814701405466106
41,0,195298,84,3,0.4735584106675087,1.0148963380701972
23,1,198501,75,0,1.5394941306523475,1.2590327075150516
80,1,68586,19,4,-0.9272586851757111,-0.09794880002170321
50,1,95550,79,0,1.2435609721950458,0.4036705368417335
80,1,57542,25,4,-0.7460840544273022,-0.18124921581691697
72,0,62265,23,1,-1.3951194562869338,-0.9944103888316432
49,1,175933,99,0,1.4841945338824851,1.7803250681588885
81,1,88010,55,4,-0.15296450001486986,0.6481334445790347
46,1,87779,3,0,-0.4503681965133256,-0.7359367967350009
49,0,167829,74,3,0.10661861886624624,0.665823261265079
25,0,114738,56,3,0.5039365935994116,-0.8204632072791843
58,0,92302,42,1,-0.6567904874193229,-0.6226797462605959
19,1,50038,61,0,1.8062395320630322,-1.1211700970987308
57,0,38753,10,1,-1.2211262095296087,-1.8068599613288945
43,1,52798,11,0,-0.059615624943899714,-1.199511382640698
72,0,69280,19,1,-1.5147440754932437,-0.9438466317947778
58,0,20569,93,2,0.8094173473263121,-1.0142303288574617
71,0,127887,42,3,-1.1293628775963227,0.15880870213371473
40,1,80771,49,0,0.8432398435453696,-0.39030482590833626
41,1,24867,70,0,1.5075994886348547,-0.9074579624071306
77,1,20640,1,4,-1.1189287083429604,-1.0700029111130827
67,0,40257,5,1,-1.618756720643113,-1.6376539053043098
76,0,130742,98,2,0.07246743272989625,1.0005532596487086
46,1,168733,49,0,0.38675561000689757,0.9930115188112152
55,1,55320,99,0,1.7227077728564997,0.18208668892759947
65,1,198168,21,4,-0.9024567449125626,1.4644926943663192
58,0,171761,73,3,-0.17562182932723142,0.8984671085191215
49,1,133699,76,0,1.0714871700408295,0.8907348051479445
39,1,142360,72,0,1.2186846518316843,0.7549778420094713
63,1,89475,31,4,-0.24519253973912372,-0.006943706718423932
49,1,64433,7,0,-0.3580187154730009,-0.9569952209706337
20,1,34218,15,0,0.7248505742535738,-1.898050649401828
49,1,198020,8,0,-0.7790845332373796,0.9650437031552621
45,1,166216,15,0,-0.3957498824876516,0.5134702359753691
76,0,120392,92,2,-0.03741976698923247,0.7780289995997208
80,1,186706,17,4,-1.368973896940378,1.5657050828060464
51,1,139645,76,0,0.9972130140652472,1.0177021840085492
87,0,125321,61,3,-1.0993170398297203,0.6940336330596169
36,0,37348,23,1,-0.331788568014348,-2.106056266271331
67,1,136814,81,4,0.6912676373801288,1.3751370649391246
85,0,82460,73,2,-0.6132882404805726,0.18851522775292592
74,1,184770,41,4,-0.6216401679334808,1.7104091205383734
34,0,61927,62,2,0.5792078919000859,-1.3119528173578923
55,1,168943,77,4,0.8147282208184715,1.5328823413041368
90,0,111565,31,1,-1.8570457371534526,0.1874870549417148
33,1,93341,69,0,1.473218700386268,-0.10893908983027974
47,1,126384,50,0,0.5246994375424487,0.4210513366952523
51,0,47929,88,2,0.7885529912871153,-0.8321609989220895
38,0,176637,1,3,-1.3797517338150673,-0.34639818933690686
55,1,101651,64,4,0.7261416330497888,0.40937803604756007
51,0,79044,37,1,-0.5423106874546257,-1.0212398770824342
59,1,184638,44,4,-0.14055283119517975,1.431033178649653
78,1,171877,69,4,-0.013853367214435894,1.958049075520687
33,1,84870,37,0,0.7314468779694173,-0.6277496672388617
82,1,142236,39,4,-0.7458819744250819,1.2454133282246012
81,1,142022,57,4,-0.2848142166381657,1.4450859515060792
86,0,179146,64,3,-1.179250527263497,1.4797566955620634
81,1,142534,5,4,-1.5377673920550625,0.8061121343156238
57,0,172067,52,3,-0.6547221217773816,0.6208534726711874
22,0,148702,88,3,1.2424546468675672,-0.00018826649138392634
21,0,48755,1,1,-0.4907117135645657,-2.5312012711770695
27,0,49628,34,1,0.13705595630920286,-1.9826644328538237
57,1,74412,43,4,0.2571326253355116,-0.1990330581983969
24,0,37580,11,1,-0.2945428280703417,-2.5037044577666174
51,0,78805,52,2,-0.18057763842797248,-0.838225739299662
54,1,38371,88,0,1.5417277037859751,-0.21789803573919808
53,1,87833,21,4,-0.20803886742987193,-0.3645530705170525
61,0,110393,19,1,-1.3522001799000172,-0.5869763081654975
19,1,22196,7,0,0.5996404714488611,-2.190318374436268
83,0,102653,19,1,-1.9254844555048574,-0.23594847805044025
58,0,160345,2,3,-1.8460158971519227,-0.14716148934448525
25,1,131403,90,0,2.0695482100213933,0.5282754410960239
62,1,92749,57,4,0.39675233265135684,0.3420191210757827
85,0,186893,38,3,-1.8034573679316341,1.2463677282756997
84,0,175519,66,3,-1.06457867404767,1.4107965600773067
77,1,98950,42,4,-0.3933069935608564,0.5590062020080359
30,1,112523,49,0,1.0097450613712005,-0.14626387033507612
70,0,83345,2,1,-1.9162105862701082,-0.9960471841822246
90,1,155390,28,4,-1.272245027624858,1.4646124789631354
20,0,179651,92,3,1.2900399184271494,0.4499688053478423
61,1,90126,18,4,-0.5057121787549264,-0.20118095718821852
44,0,26692,38,1,-0.15319021764778715,-1.9040718249068271
36,0,197605,12,3,-1.1304714330554906,0.04808263241583139
62,0,60154,5,1,-1.548902576728269,-1.4581537125709876
48,0,123679,62,3,-0.007786827984492204,-0.13542521858486384
77,1,40325,42,4,-0.19796130579365262,-0.27903117395561283
73,0,94329,25,1,-1.481066423437953,-0.49021691224214464
33,0,68732,95,2,1.3778241528404893,-0.8255138128012044
74,0,97577,89,2,0.02087663087944536,0.3726351568209099
24,0,25859,70,2,1.1641972231065176,-1.9379610040559694
62,0,105851,78,2,0.055387885608899845,0.10237510283563354
54,1,58879,4,4,-0.5478528282681392,-0.9687500639150852
41,1,107073,89,0,1.690865468549625,0.5038124380182307
69,1,124272,58,4,0.12516153416468165,0.9519604158358264
23,1,115765,50,0,1.2136195070291278,-0.23438622533519451
39,1,159920,25,0,0.029237674138428198,0.4218466876002821
25,0,127693,23,1,-0.33329173255169675,-1.0454203802805604
26,1,132253,50,0,1.0769874370621728,0.06426279431893356
88,0,24729,36,1,-1.392923959683749,-1.0336496786579275
63,1,36684,38,4,0.09915065821675988,-0.6745837958668105
83,0,73720,61,2,-0.8184534713233679,-0.1275365389411747
88,0,193108,5,3,-2.699919220161312,0.9880180880391786
71,1,129823,89,4,0.7981393548477118,1.4585712529695178
25,0,130257,52,3,0.3559756037530625,-0.6483357855055194
71,1,67869,80,4,0.7880156757354326,0.4610878508940536
85,0,189790,2,3,-2.679358539258004,0.8403465232143416
45,0,161803,49,3,-0.36594041992819354,0.18502458280673648
42,0,142806,83,3,0.5971750682308853,0.2730857666587343
36,1,198114,27,0,0.03178750533617647,0.9297277448842115
43,0,171896,11,3,-1.259483080128074,-0.184958095326486
24,0,102840,90,2,1.3889359884183778,-0.5889526472192712
87,0,158547,6,3,-2.533464608518746,0.48541641740776675
51,0,86270,33,1,-0.6626383845307673,-0.9676599002361304
40,1,35829,57,0,1.1854916559496278,-0.9333156895051089
24,1,186220,96,0,2.058496591307398,1.3654651480168927
66,0,61762,16,1,-1.3984964472035082,-1.2145117232956395
87,0,119458,31,1,-1.8016541484394133,0.23736151952417034
78,1,44375,65,4,0.31474915014865207,0.08570837707777175
76,1,172241,78,4,0.25595709815262874,2.0331407618805994
21,0,109917,56,2,0.6289234666047014,-0.973318864182671
82,0,26996,70,2,-0.41897069417328003,-0.7045771815410017
26,1,182496,23,0,0.25988559187415167,0.44690537533172675
35,1,90403,6,0,-0.08738689959926096,-0.8919760101870139
26,0,72172,58,2,0.66666593652202,-1.3830966708716403
32,0,55997,12,1,-0.5496935051655524,-2.060126858959973
42,1,80599,9,0,-0.17314617759132253,-0.847941831305867
46,0,167866,60,3,-0.14868686417052554,0.4293952371154909
65,0,116387,76,2,-0.10953628017129342,0.29108357784524114
33,0,42852,83,2,1.1753101485004684,-1.344609814476863
52,0,86183,28,1,-0.8098913912526494,-1.0100620835661218
36,1,119056,16,0,0.03053156171095498,-0.33711271043699487
65,1,166468,34,4,-0.48401667614684735,1.172918177936013
66,0,40407,32,1,-0.9423398524504069,-1.3209195769299027
21,1,137613,16,0,0.3771575247239934,-0.3866177513907802
25,1,158057,50,0,1.018236022821788,0.4121428843019519
39,1,121937,3,0,-0.3735720981190508,-0.3945473303062497
24,0,191964,78,3,0.8032145559166599,0.5359198011745531
37,0,69055,17,1,-0.6090455256478076,-1.7063957229938411
50,1,109003,8,0,-0.5096996527142099,-0.2864586750459247
49,1,20950,43,0,0.653119983933876,-1.1311460404868556
46,0,196912,66,3,-0.10109702869012854,0.919176585113585
69,1,147484,13,4,-1.034993710933585,0.7244813418871221
20,1,142252,54,0,1.3033033871365929,0.13100207984029882
52,1,187484,77,0,0.8346393680255564,1.7349686946586338
69,1,167391,14,4,-1.0772638308663949,1.0214782378757454
76,1,47697,95,4,1.080014537261052,0.4640871802414192
46,0,111863,71,2,0.3026088907216692,-0.23444517809680157
52,1,119979,69,0,0.8670747462798698,0.6705631179145208
82,0,73923,54,2,-0.9603363282028493,-0.23262064085953268
39,0,192864,72,3,0.2473808146723043,0.7889880885245275
85,1,77230,58,4,-0.15377959390172263,0.6152607918819276
87,1,44567,52,4,-0.2437784968780811,0.11574487943799219
25,1,107649,33,0,0.7771400978497884,-0.5197214871435973
38,0,81497,30,1,-0.3649226904295937,-1.345980610018622
43,1,66084,39,0,0.5698622479994829,-0.661585785544846
42,0,193283,27,3,-0.9185173923130276,0.2986408288529263
72,1,40024,29,4,-0.37361673164678644,-0.5498321788689384
83,1,183757,23,4,-1.2964648311281326,1.6610767536762543
22,1,141504,87,0,2.045395137676972,0.5724268792231051
78,0,175827,47,3,-1.3594073537766644,1.0531438823913104
67,1,36780,90,4,1.2411551931667586,0.05702134620265663
19,1,97392,96,0,2.4906357655418883,-0.009245553947400585
88,1,83172,4,4,-1.554643117073408,0.09200578928879141
78,0,127032,26,1,-1.7021277716382412,0.09462232290875669
70,0,138209,52,3,-0.8959019218372312,0.4096625266255209
31,0,169833,64,3,0.3494687919997137,0.19245295725103284
47,0,60566,50,1,-0.05900523386074047,-1.2077475195077052
46,1,57921,13,0,-0.11025323193233409,-1.038466265925205
29,1,95902,48,0,1.068296503901867,-0.4172727979944029
86,1,27805,38,4,-0.4975690072206688,-0.31885282540396737
33,1,134787,87,0,1.7682395529333708,0.7072432691741346
90,1,116739,95,4,0.4687286435799207,1.744824458686516
31,0,151734,48,3,0.024777762537311846,-0.2651294088378558
64,1,71303,10,4,-0.7171832256398893,-0.5067281278087158
49,0,133807,81,2,0.388421207633172,0.26648378635058123
55,0,65138,86,2,0.5741628938775334,-0.5270777762124057
70,1,39872,80,4,0.908535789811693,0.03988906899271762
40,0,55683,45,1,0.027568039280070483,-1.4865880251918793
59,0,91755,19,1,-1.2356347238111498,-0.8953743117720403
34,0,70308,72,2,0.7919058201564702,-1.0678603467702894
50,0,190520,100,3,0.6294023116579118,1.334319804663708
71,0,62310,30,1,-1.1996016108524254,-0.9277511752541652
29,1,143655,20,0,0.23542919922078953,-0.0826531773257322
80,1,64179,84,4,0.6514848899515986,0.6469196561954907
22,1,54367,50,0,1.4454358482629552,-1.133048314606455
74,1,139703,43,4,-0.42334650889303616,1.0910391511651645
45,1,34407,15,0,0.043453866065139214,-1.3707236828031821
72,0,32961,84,2,0.17033419623154156,-0.6551564057140776
90,0,160384,36,3,-1.8994044067398643,0.9474923696929782
74,0,126218,22,1,-1.6867424930409032,-0.05066857784312947
76,1,188453,78,4,0.20193672646679667,2.2648893663858902
39,0,163658,46,3,-0.2809247768229695,0.04834540729576437
53,1,53401,70,0,1.0857525724322499,-0.24774772658478114
78,1,166886,33,4,-0.8634707554259622,1.4392698521804161
66,0,52111,50,2,-0.5482150093604953,-0.9298955571307906
43,0,133558,9,1,-1.1798610532286702,-0.757852643518277
47,0,194737,47,3,-0.5782667903532904,0.6729247844299433
36,1,198750,73,0,1.136540735312029,1.5105398393191554
19,1,60951,58,0,1.6976887437207597,-1.002456187814002
18,0,139159,99,2,1.647862695415116,-0.08382856586870899
76,0,171575,57,3,-1.050153365679465,1.0746791074561528
63,0,192515,65,3,-0.5734296475446866,1.2006384466702473
22,0,49275,94,2,1.7181322698876822,-1.3469131155453637
55,0,124527,1,1,-1.6690363419957261,-0.7345592588732747
29,0,170677,77,3,0.7139296176423388,0.3241210167719062
20,0,100083,67,2,0.9536091303886374,-0.9981639457189865
42,0,64990,51,2,0.08646928791581276,-1.2370033068897064
31,1,92321,31,0,0.6167059187050556,-0.6377807762207989
60,1,133173,5,4,-0.9347311652484385,0.2316125601964245
77,1,23479,54,4,0.14692096900336676,-0.3706982413703226
78,1,107716,78,4,0.41650095433299733,1.152733609030598
22,1,86652,99,0,2.516918064231439,-0.06253142078647764
67,1,20528,10,4,-0.6296867327704191,-1.1695956628572384
89,0,93674,77,2,-0.6633275941786175,0.4824728868847173
82,0,108841,35,1,-1.5338738362036919,0.03038255568510857
35,0,118638,8,1,-0.936362808886072,-1.151441044819678
23,0,59047,58,2,0.7920920781655446,-1.633672007022728
80,0,165398,32,3,-1.7400546738055214,0.7596019769572439
18,1,48749,98,0,2.7280757725014437,-0.7007190257608238
71,1,85428,24,4,-0.6179899728695325,0.016084033054618398
19,0,80297,31,1,0.18052117361110917,-1.749420937101794
55,1,105182,100,0,1.5806239202658374,0.9072867336921904
46,1,85350,14,0,-0.1775875781062512,-0.6339432779621927
65,1,29560,66,4,0.7421757985840045,-0.38644669335850607
56,1,38463,66,0,0.9575860083499715,-0.4480444555555125
56,0,153349,56,3,-0.46887099423432216,0.38201171844857995
27,0,123590,94,2,1.3343521910317069,-0.17966401592410566
20,0,154930,67,3,0.7708522018262864,-0.21413262871296088
25,0,88456,69,2,0.9043232220867009,-1.034588060545805
68,0,30508,8,1,-1.5413152004946722,-1.7187435641884719
36,0,49865,43,1,0.10775214896019907,-1.67855309330023
66,1,114005,24,4,-0.577058653173355,0.3196637895127078
51,0,155091,32,3,-0.9160208391686774,0.0036993708456535407
24,1,154789,51,0,1.0804185217598914,0.35687091270730703
80,1,42121,9,4,-1.079698508228136,-0.6005498916229801
43,0,118010,70,2,0.33975592072390937,-0.22195828268205978
28,1,197764,55,0,0.9245476219778526,1.1048482750029613
89,0,163378,58,3,-1.3527763191461115,1.242737800448915
67,0,66416,21,1,-1.3209225993837588,-1.0648548014709944
30,0,174098,78,3,0.6993621935087231,0.406437520333661
43,0,122301,94,2,0.902956457380435,0.13767003282928444
22,1,92967,56,0,1.461190584367184,-0.5066936772274362
39,0,160671,52,3,-0.1265970579097907,0.08021884460313682
47,0,76966,30,1,-0.5949009402282809,-1.221885629779602
48,0,96645,62,2,0.08229377454170972,-0.5218730210889369
42,1,187982,78,0,1.1293491905558126,1.5446661591556776
55,1,67770,65,0,0.8630997238397484,-0.06251810640019595
19,0,23856,20,1,0.10390261300966865,-2.692954077588547
51,1,74908,53,0,0.6594884052227452,-0.19356577744691503
31,1,132310,88,0,1.8550170203708944,0.6422935387782225
50,0,32038,40,1,-0.286262920419235,-1.6768839217150098
40,0,94705,46,1,-0.0783956042633168,-0.916344486277113
49,1,95287,97,0,1.704792003989648,0.6026427109731521
87,0,38099,11,1,-2.0118048809829183,-1.1742298246382223
57,0,161068,70,3,-0.18494809916714883,0.687340817903089
90,1,180501,15,4,-1.6687297405407122,1.6619980270314036
29,1,87675,11,0,0.2053994196612391,-0.9947389626164317
28,0,54789,77,2,1.1273133196682332,-1.353469117126377
31,1,105542,88,0,1.9442112782839436,0.2596481745173279
35,1,127690,90,0,1.8096136064504944,0.6850486430433566
38,1,100427,7,0,-0.178417684260494,-0.6733003912016164
55,1,96998,78,0,1.0785202264770168,0.5168658631859274
76,0,128670,49,3,-1.0996882035287459,0.3619275938029695
40,0,130891,70,3,0.3785268818800326,-0.10078095359970336
43,1,119031,54,0,0.7543730241120806,0.2817158725450073
41,0,60680,55,2,0.22431119295397034,-1.2698844212336913
45,1,94366,48,0,0.6377238045342366,-0.10346958475253558
38,1,135977,74,0,1.3153091574685611,0.6676060249205479
75,1,83781,78,4,0.5779473413456215,0.7476306134480895
20,0,167964,65,3,0.6792964262186237,-0.052670570030473624
48,0,60448,67,2,0.3232188404131503,-0.9771612765709453
85,1,133629,85,4,0.3079780323546118,1.7570528692489287
76,0,76679,83,2,-0.1083246945545873,0.04129851479424231
67,0,130042,94,2,0.22362623675335538,0.7519669284542152
20,0,94026,34,1,0.1797311192197052,-1.4948953889433199
81,1,45892,32,4,-0.5660583900788027,-0.2397986122807488
38,0,113761,35,1,-0.3521180702763713,-0.8226270438230638
44,0,134246,23,1,-0.8725100041198557,-0.5530308496569518
76,0,77474,20,1,-1.6269077532664322,-0.7303456349654902
38,0,168245,33,3,-0.5817903278959845,-0.06864218371297327
90,0,165801,31,3,-2.037766738803637,0.9627841998929207
43,0,161936,91,3,0.6987004435533074,0.666961503093594
82,0,123955,83,2,-0.42923818775196854,0.8430133468748683
69,0,177878,21,3,-1.7467890042368552,0.5704512001986565
31,1,21213,90,0,2.273330735074767,-0.9209673975012505
88,0,57524,40,1,-1.4059511414158168,-0.5151342384732519
90,1,189256,95,4,0.227093108572427,2.7814463161322456
60,0,65498,17,1,-1.2234987475935015,-1.2745873979062041
34,1,50700,34,0,0.7458874955854645,-1.1325068512839005
56,1,163433,50,4,0.15617152979305243,1.1395274528416246
82,1,158693,44,4,-0.6804064922413914,1.542807716563317
20,0,102798,80,2,1.2573741996744665,-0.7977801458373274
24,1,65051,88,0,2.269746997081357,-0.4660609019675316
89,0,24139,74,2,-0.5038157831265019,-0.548807759421575
43,1,36862,79,0,1.6297313260508781,-0.5821624821661199
82,0,39181,92,2,0.06980117706958608,-0.25696249370031565
65,0,197672,67,3,-0.5969498692210823,1.3411845799600897
86,0,47206,40,1,-1.3171089454075144,-0.7045988353758704
28,1,33756,43,0,1.182293048936908,-1.3887709960476549
18,0,88927,66,2,1.0211812003590408,-1.2120363601923037
74,0,151349,51,3,-1.0726711675820715,0.6690085877356925
80,0,158243,78,3,-0.6093408766075916,1.2290426565327799
56,0,42768,42,1,-0.43727577130051026,-1.3727323813003647
78,1,179113,88,4,0.4192218444599467,2.297632276355519
86,1,21100,58,4,0.006021770483280177,-0.16612584758464938
43,1,119123,73,0,1.2112529196825639,0.5191764462773356
77,0,94358,7,1,-2.023209770984701,-0.6295790603375869
88,1,22598,24,4,-0.8715542267156169,-0.5253181566579596
43,0,153717,25,3,-0.8620341963342928,-0.27082282336567604
90,0,106460,91,2,-0.3962885643552212,0.8602341464075898
26,1,160202,36,0,0.6469837154093624,0.2897885059515539
41,0,70404,66,2,0.45659652533230577,-0.9941652183655959
82,0,99152,26,1,-1.7181509033100504,-0.21997891112826448
85,1,65886,15,4,-1.1506651206694993,-0.08133476131198736
55,0,116364,80,2,0.2590969125813757,0.13061953239255356
20,0,132300,25,1,-0.16436454443042134,-1.059631496893674
44,0,149338,49,3,-0.297174834165796,-0.014146113406456282
30,0,102106,96,2,1.372372370216782,-0.39896278769074145
57,1,111248,65,4,0.6637643422218857,0.600964731644505
63,1,191959,31,4,-0.5866817928757397,1.458052838070635
49,1,149229,85,0,1.2363013090064932,1.2245926696244933
50,0,43035,31,1,-0.5394682757499413,-1.631541488158506
48,1,145317,15,0,-0.4078038845901725,0.2776765541343513
42,0,31239,79,2,0.872680211869958,-1.3714660092088162
32,0,197333,94,3,0.9524780863062706,0.9794084119862575
52,0,69018,68,2,0.20980228454016725,-0.7582854046309996
62,0,132420,55,3,-0.5865795098821703,0.1963155106720571
88,0,149132,11,3,-2.4090111277574735,0.4339586638817494
47,1,193757,57,0,0.46864145469051527,1.471141281581764
26,0,119241,8,1,-0.6932959814916566,-1.3316863161083394
20,0,138728,4,1,-0.6910947689541441,-1.2287468642595443
65,0,84619,15,1,-1.4714905409060817,-0.9211873540970913
86,0,105049,68,2,-0.8361004594124183,0.47026375721358177
62,1,59380,83,4,1.1335654962068913,0.18815964791776002
26,1,41416,90,0,2.342165249472225,-0.7370929713002119
52,0,95642,8,1,-1.3226588346130739,-1.1234209601759917
20,1,153038,71,0,1.6764246739970725,0.4964746916196359
63,0,93723,39,1,-0.8698661553901754,-0.5347277969262167
55,1,166331,63,4,0.4865574981226506,1.3215422065090374
56,0,73465,73,2,0.2063738492974131,-0.548632494993815
64,1,153199,12,4,-0.9419458490043489,0.688822830143836
54,1,109172,70,0,0.8726860851014682,0.5704770694745825
88,0,61184,26,1,-1.7550209370954484,-0.6368168820607776
77,0,143877,97,2,-0.02259311996000257,1.1968728182562887
57,0,123949,97,2,0.5884229689418654,0.49230425006124556
71,0,43729,96,2,0.4504339148716108,-0.3730696492354202
78,0,120242,79,2,-0.40419308572030815,0.6562815872245834
79,0,82521,59,2,-0.7869816620179726,-0.11052474736146403
55,1,168432,92,0,1.1773676071939123,1.71200827156005
78,1,29070,62,4,0.2935599522862183,-0.17036089356099526
19,1,75130,16,0,0.6398198964657917,-1.3217747954941448
31,1,52340,76,0,1.832737527780606,-0.6500125552790783
62,1,32101,13,4,-0.45990866593981466,-1.0717999335004167
46,0,162228,38,3,-0.6592741421138075,0.07536913265107772
72,0,92166,46,1,-0.9413170243474885,-0.28111888842640803
48,0,103225,81,2,0.5175548586455214,-0.1916672619365292
74,0,178436,65,3,-0.826054145664115,1.2302159255450402
37,0,119632,4,1,-1.090386072843911,-1.1449767452233934
25,1,178211,22,0,0.2773319699392106,0.352238094919949
70,0,46636,19,1,-1.3848301362453925,-1.3095099271388106
22,1,47238,69,0,1.9263770011701886,-0.9988110737838666
46,1,89360,96,0,1.7821710823347663,0.44253321786106936
39,0,96120,95,2,1.1231799140279974,-0.30809556636092034
48,0,32997,43,1,-0.16280973669218676,-1.667859027089848
51,1,40468,45,0,0.5817471495150529,-0.7853111267072235
69,1,107663,86,4,0.8542532124095663,1.0625405569925181
44,1,153141,22,0,-0.15651458846455962,0.3925806159043514
30,0,89531,76,2,0.9330249163533735,-0.8272950637374225
37,1,68731,79,0,1.6869239756092773,-0.2525089880950531
30,0,62592,59,2,0.6137274059449815,-1.4236728820658564
67,0,24382,9,1,-1.469609495149086,-1.814870304576364
89,1,131863,33,4,-1.046307277688737,1.1694553514870611
82,1,46786,7,4,-1.197829104708822,-0.51675167006146
18,0,149854,49,3,0.40910340506616066,-0.5523801985391266
21,0,95043,24,1,-0.09151277476697388,-1.583659562159189
86,1,179880,13,4,-1.6058626720431193,1.5443234534711652
34,1,141795,5,0,-0.25546311185939774,-0.19074722268360045
59,1,137056,72,4,0.6917446805202994,1.0988579825658826
54,0,56645,58,2,-0.04405516523498939,-1.0174730198944884
22,1,92797,26,0,0.73988370176246,-0.881985035430498
90,1,93866,98,4,0.6171316182880058,1.455143777264896
41,0,104855,25,1,-0.6447586666066027,-1.011269298633205
33,0,150276,28,3,-0.5060742532964629,-0.4925754783717698
53,1,135707,71,0,0.8355613340178067,0.9412354248026604
26,1,86034,93,0,2.2656799373897543,-0.06199786523931379
25,0,194441,1,3,-1.085078037441108,-0.3646972566596058
72,1,189870,65,4,-0.0066739635038027025,2.039631975732984
66,1,154494,53,4,-0.014162066694970145,1.2588817315529324
74,0,111436,95,2,0.11907141237469142,0.6453201529425021
18,1,39220,18,0,0.8348319862852225,-1.831231552456478
27,1,177392,85,0,1.7415336446323209,1.165509186277975
41,1,21619,16,0,0.21905020465272454,-1.6250379459374185
35,0,52980,2,1,-0.8619569715215587,-2.164586561837493
22,1,51835,57,0,1.6223098961720686,-1.0822419990033356
25,0,102573,39,1,0.13541030381238145,-1.205648459424472
26,0,165801,44,3,0.01780840211782457,-0.21868320054746454
82,1,49914,11,4,-1.1120022050935183,-0.4223224530360773
33,0,186365,22,3,-0.7707018947080636,-0.05125977761264002
32,0,66150,97,2,1.4617832604525791,-0.8585507886783952
49,0,198769,35,3,-0.9349126010403869,0.6233872703968899
25,0,109788,61,2,0.6407428244062583,-0.8290793282326447
90,1,144268,5,4,-1.7886213899793195,1.0197645415979235
18,0,48713,18,1,0.000181829313830431,-2.38346865477972
66,1,48934,75,4,0.8669505807721929,0.02334570156266188
19,0,178711,34,3,-0.07521900617497781,-0.30531843355960897
51,0,94577,11,1,-1.2196921122124484,-1.1223438945459492
86,0,20340,99,2,0.19209610263474902,-0.35535134855595957
63,0,24398,8,1,-1.3848025439698208,-1.911010331569207
46,1,141301,33,0,0.09316328082477392,0.4020150319569749
30,0,109683,39,1,-0.02443447531830715,-0.9990868114302847
56,0,123909,25,1,-1.116709092947783,-0.42411950292686024
55,1,51990,55,0,0.6750561707439534,-0.4123783986467336
72,0,59430,3,1,-1.8669217843311965,-1.2835105277032974
69,1,134102,89,4,0.8383425571786091,1.4777690283814646
31,1,53199,41,0,0.9876896671065228,-1.0727380194140266
41,1,140671,82,0,1.4104756997675743,0.8970908835526248
44,0,99908,69,2,0.34878088187254586,-0.47216790979689327
34,1,50360,74,0,1.7095182085350709,-0.6402188060274413
19,0,57643,59,2,0.9297555330082796,-1.725253349253422
76,0,69427,4,1,-1.9850932791627092,-1.044235861127955
58,1,41166,26,4,-0.06837986527850246,-0.8645836791893674
77,1,31599,27,4,-0.5298218756589756,-0.5901989164379862
23,1,172773,48,0,0.9755369719523815,0.55567891344325
54,0,176930,18,3,-1.4073573241417345,0.20483839002960397
32,0,176274,65,3,0.32483835759646984,0.31794000026541386
71,1,56116,35,4,-0.25563190244973755,-0.2662117237040152
72,1,27198,83,4,0.9684930911015703,-0.06202810631928466
67,1,83307,77,4,0.7733097425242959,0.5605460574886221
39,1,146606,51,0,0.6992251188338983,0.5546710451450478
37,0,132228,44,3,-0.16985969792341404,-0.46777012435131343
18,0,74791,21,1,-0.014525929656419455,-1.9734006352922293
24,0,97054,38,1,0.15696852117304347,-1.31795562251325
33,0,149641,52,3,0.07354031931641676,-0.20336374476229233
40,0,40617,74,2,0.775580697125739,-1.3415221756320048
31,0,74763,18,1,-0.4406187718165121,-1.7382818930346775
90,0,20657,69,2,-0.639756233601567,-0.6397410624342372
83,0,83420,57,2,-0.9470248397263504,-0.038591027457189384
72,0,82130,28,1,-1.3409998479439365,-0.6482990473622816
47,0,51485,56,2,0.11562844021241009,-1.2629870846587117
25,1,22656,89,0,2.4078441022567767,-1.0386786485917134
61,1,104358,16,4,-0.6012598372443818,-0.02259363153081508
83,0,161796,34,3,-1.7616195110580266,0.7959242603203642
56,0,26745,44,1,-0.33576028122400026,-1.5769218381364614
81,0,32300,9,1,-1.8772227266710262,-1.4078933087479335
20,0,158153,72,3,0.880424994575626,-0.10591669041267456
58,0,74115,87,2,0.4866208415846121,-0.3233688972292929
56,1,25326,15,4,-0.22582458083826343,-1.269700390622354
55,1,26665,23,4,-0.010556057274117623,-1.1721148939144428
74,1,162233,3,4,-1.4609170224661692,0.9159545067212144
25,1,129278,34,0,0.729132062789727,-0.19810880673860884
78,1,195015,66,4,-0.16313935441306787,2.2515179003048718
87,0,121569,27,1,-1.9049380383866978,0.2178231820326652
54,0,153357,87,3,0.3314994919754125,0.725445994875872
61,0,21374,93,2,0.7250429561867014,-0.9397679218641083
90,1,66371,56,4,-0.3018743514913042,0.5401003148997365
34,1,57582,1,0,-0.07110484998039497,-1.4442768342507732
18,1,194833,78,0,1.7600570781185165,1.1389601614422449
49,1,131854,23,0,-0.1976746371756996,0.20563924673495604
43,0,137208,68,3,0.2276609413738663,0.027617420101748332
85,1,114164,73,4,0.08408846149814567,1.329658526708567
48,0,166258,60,3,-0.1977901659816139,0.44837908782207553
54,1,124154,72,0,0.8708891137839968,0.8095003860585785
38,0,172309,100,3,1.0168517262004595,0.8221756214140279
38,0,159079,60,3,0.09843791701206364,0.13590604623301913
58,0,74291,88,2,0.5100968327875752,-0.30842429062469956
88,1,96178,30,4,-0.9723571393635722,0.6010714045796254
45,0,139090,15,1,-1.1083810417558926,-0.5622310995318868
68,1,89436,46,4,-0.02027930263682419,0.28385445401957954
77,0,159548,43,3,-1.3741828315219662,0.7497376810519069
59,1,81291,67,4,0.7572482737268562,0.2395604270735786
87,0,193440,25,3,-2.1925459117540016,1.2203531313688532
90,0,28635,52,2,-1.075401469037975,-0.7369845343827529
44,1,59950,66,0,1.2127568196859955,-0.3927104682123576
71,1,149160,57,4,-0.036292132992258745,1.3372727156598212
58,1,110119,100,4,1.4824811985189075,1.0408155873803295
53,0,166293,13,3,-1.46499508241076,-0.030344802505326687
48,1,22098,78,0,1.5187109520186812,-0.7007157603272166
85,0,25299,54,2,-0.8800072310585347,-0.8647398877085192
66,0,168609,82,3,-0.16640239568441578,1.133148088307217
34,1,87878,44,0,0.8626302891615557,-0.4767647036707078
40,1,60384,18,0,0.1652360388812651,-1.0670244930901915
79,1,137462,59,4,-0.16703349303109258,1.3627886924089714
37,1,116042,81,0,1.5774028125676962,0.44865352384124646
45,0,134032,52,3,-0.20121670869671804,-0.17467242385957352
58,0,162358,48,3,-0.7458510000043082,0.45333465569518266
83,0,128193,47,3,-1.3368384129734034,0.477146586082658
59,1,39651,32,4,0.05381229167824671,-0.7906831682524847
69,1,56035,92,4,1.1706587069932706,0.3990967063809511
89,1,190947,35,4,-1.1950575201688391,2.038911492885536
42,0,156923,70,3,0.23732371124360502,0.31331339726270657
46,1,30563,53,0,0.9434047695817807,-0.9323973050830039
33,0,175841,49,3,-0.08594862730128859,0.13387600446028391
78,1,117996,98,4,0.8634956295768021,1.5482591340694056
18,0,50860,12,1,-0.15134690661044525,-2.427349791802392
71,0,35924,38,1,-0.9191806655220817,-1.2055062341877143
40,1,24892,5,0,-0.029312047753039347,-1.7359515948389808
86,0,41207,43,1,-1.2249322075503255,-0.7530677013260939
71,1,94607,21,4,-0.7207628606132834,0.11001061935562087
67,1,86057,19,4,-0.6314753919740078,-0.12100806258868176
60,0,33009,24,1,-0.9468043027813242,-1.6520128208402796
24,1,72393,39,0,1.0662227586113642,-0.9701145617182294
29,0,27245,9,1,-0.444383617905382,-2.5713744173073594
63,0,105500,6,1,-1.7031692411116077,-0.7765243392902398
32,0,88088,8,1,-0.7528744308358349,-1.6511046756601742
57,0,43282,72,2,0.25565418364716846,-0.9715385747997674
74,1,179662,66,4,-0.0030585661231009014,1.9481085607805042
66,0,143822,42,3,-1.0463068639171518,0.28167257787653854
42,1,175725,93,0,1.531127689059417,1.5558844217259786
20,0,150406,89,3,1.3153005096900856,-0.005371101042451522
86,0,25461,74,2,-0.42652881676950666,-0.5928649553501153
18,1,119353,43,0,1.1693801250514366,-0.37502219384304875
74,1,175794,55,4,-0.2548568084812187,1.7561001787847859
73,0,160673,75,3,-0.49901052652008654,1.0795980280080348
73,0,139557,97,2,0.10072435961976278,1.0511788965401416
52,1,166826,84,0,1.0719114702880745,1.5266660042623146
50,1,172485,4,0,-0.8174792391043271,0.571294105590759
43,0,77880,36,1,-0.3446491216779237,-1.218187900665184
74,0,185405,15,3,-2.0523979471837213,0.7084015677088987
57,1,36853,22,4,-0.12302752212525173,-0.996937339108199
23,1,49505,18,0,0.6644077178810008,-1.5792836585145789
30,0,91247,64,2,0.6385576565826703,-0.951909540004248
49,1,88989,56,0,0.7392174761159983,0.0030365405879698563
85,0,149964,36,3,-1.7285303017838547,0.6936146668682631
70,1,21156,96,4,1.3558989130079901,-0.028794594702644692
81,0,185643,68,3,-0.9684961613040727,1.5174203185416264
18,0,156848,97,3,1.5407958890772815,0.1441761620693994
75,0,167903,46,3,-1.2753740265876896,0.8644875126941629
34,1,87004,2,0,-0.14508011650774535,-1.01126414922515
20,0,43050,46,1,0.6383387385539471,-2.0744467316951614
51,0,48679,60,2,0.1123054454482023,-1.1694436517275233
53,0,54914,59,2,0.013005861257942543,-1.0507737599862568
34,0,23791,35,1,0.05659571049334742,-2.1926774900814117
42,1,78521,26,0,0.24283953447064632,-0.6663585637379821
83,0,141749,48,3,-1.3579462222365413,0.6833566952952449
86,0,55576,89,2,-0.16593901732043492,0.024055988573391984
60,1,52977,83,4,1.2093624322133412,0.054659508616807816
18,1,195268,50,0,1.084859150900442,0.7971746212435733
86,1,189696,24,4,-1.373883894944521,1.8213577853556984
31,0,83289,87,2,1.1912802407758678,-0.7588229153772001
31,0,127617,84,2,0.9713865755595463,-0.16244557039395838
55,1,162448,69,4,0.6438707988906595,1.3406074307867568
27,0,129547,90,2,1.2182529575423728,-0.14422424257627278
48,0,66768,10,1,-1.0693995270064016,-1.595253965241598
77,1,186689,63,4,-0.180352758461002,2.074227592100881
54,0,150666,44,3,-0.6942188917006731,0.1525440436301609
32,0,195627,92,3,0.9100377979086477,0.9301639304264561
33,1,183335,81,0,1.4620969959756447,1.3266588874962684
63,1,72643,18,4,-0.5019180341983497,-0.409128336220191
64,1,116559,52,4,0.14264091453714667,0.6622067091319722
82,1,113571,25,4,-0.9872409068710272,0.6616486688072255
65,1,153127,82,4,0.7154345210539722,1.5787881412699838
23,1,20440,7,0,0.49656896882216217,-2.131480147327458
57,0,145358,64,3,-0.27697512171899025,0.3881959977659964
22,0,163928,67,3,0.6864084076576891,-0.043537274220099634
79,0,118178,80,2,-0.400483817360907,0.6601906706215517
21,0,44091,4,1,-0.4029833593861695,-2.560586471508334
23,0,92812,25,1,-0.11447771941303515,-1.5611527144581592
42,0,106055,46,1,-0.17067655080084312,-0.7121275725814117
64,0,54109,51,2,-0.4763487905840927,-0.9308756967815034
47,1,156912,41,0,0.20641439559713692,0.7455870835130955
57,0,21587,44,1,-0.3458038703037294,-1.6296698229741409
36,1,80895,43,0,0.8073747015752516,-0.5470445438780558
18,0,32229,13,1,-0.06520368555950244,-2.681249004894999
33,0,184914,22,3,-0.7658669848069939,-0.07200164938275957
51,1,134065,72,0,0.9195564790794565,0.8882219197189811
46,1,133960,92,0,1.5373086349880665,1.0303700627545445
56,0,55858,78,2,0.38535475592634083,-0.7381789198717429
46,0,136709,99,2,0.8935674263415742,0.4687292388905607
60,0,103584,48,1,-0.6044701809301091,-0.34486263874685424
70,0,149537,28,3,-1.5111468814743276,0.2733059514156902
87,0,122314,19,1,-2.0999200279807706,0.12904320715668058
79,0,70806,18,1,-1.7345060817358025,-0.7875662860297182
31,1,32772,13,0,0.38200648169142354,-1.7127433589705425
49,1,59379,64,0,1.030381184727561,-0.32080521344334995
45,0,182047,37,3,-0.7221452473398476,0.3252656545459575
82,0,86933,24,1,-1.7255605867525072,-0.41950547257729137
51,0,21537,94,2,1.020869039789913,-1.134859242372571
87,1,176651,34,4,-1.1170225852161069,1.7801531532859782
34,1,39520,18,0,0.3981415098132753,-1.491182938408312
31,1,160906,57,0,1.013795854105068,0.6657800086851076
59,0,151713,48,3,-0.7376112323458087,0.32215066093148964
29,0,132794,22,1,-0.4832740446682117,-0.9009908644219328
63,0,138303,95,2,0.3290847266106742,0.798545607352539
41,1,95088,14,0,-0.07388240063870724,-0.5996647773809337
18,1,178391,55,0,1.2614076080271086,0.6180634592134657
37,0,113238,57,3,0.20622909252211077,-0.5776567081846394
33,0,69808,73,2,0.8448650037216164,-1.0835640888268978
53,1,145722,7,4,-0.7378063399014473,0.2889613666823337
21,1,24858,97,0,2.701929036453997,-0.9917116980139171
38,0,162017,3,3,-1.282911211754547,-0.5305319286723298
30,1,24763,64,0,1.663108812983328,-1.2143519787222739
26,0,21980,20,1,-0.08046106734624157,-2.5728762080538266
78,0,180343,68,3,-0.8691438790512237,1.378702423190804
86,0,65245,51,2,-1.1125302124967151,-0.3100177002069178
71,0,96995,43,1,-1.0023645012752105,-0.27036004216043186
89,1,53256,26,4,-0.9528162294828288,-0.04122328221097497
79,1,118627,67,4,0.08822659450257479,1.1929742769876015
50,0,189319,21,3,-1.2675289468381303,0.33528375133351107
56,1,161194,70,4,0.6448810479393327,1.3560953674806213
40,1,102885,98,0,1.9486130785378233,0.5348188371922163
52,1,61478,44,0,0.4604461313041864,-0.4764193832687055
89,0,83211,77,2,-0.6284635953537433,0.33290555102616454
63,1,117285,49,4,0.09526513666117455,0.614313660240953
51,0,107936,78,2,0.34797786226273925,-0.09865517411690776
85,1,162633,27,4,-1.1842886490373408,1.4507965447972049
81,0,46094,30,1,-1.4178746854825426,-0.9497068656168283
54,1,195789,89,0,1.0412540722018908,2.0448021882858822
67,0,154760,23,3,-1.5671707493106561,0.22286954667709857
40,1,105180,42,0,0.5934689493883566,-0.12838203833095668
89,0,188731,44,3,-1.774129850514169,1.4311540020090128
45,0,71915,4,1,-1.149232598306277,-1.6592054885234377
35,1,163282,6,0,-0.3302286629900677,0.1498205940407859
71,0,53584,99,2,0.48978318093585715,-0.19490747793996907
20,0,187892,35,3,-0.10897945651821557,-0.14066341766436835
50,1,81659,98,0,1.7470339381629503,0.44124579495615657
53,0,145305,30,3,-0.9859989318724104,-0.1190777273378273
35,0,128105,71,3,0.5480260076446718,-0.23310283020469677
27,1,135332,48,0,0.991372264514982,0.10440432586101009
52,1,125015,87,0,1.2834181829055038,0.9662688737831322
49,0,132025,74,3,0.2259219366456401,0.15400935578102826
39,0,193494,93,3,0.7505929178440283,1.058996723260145
34,0,178696,42,3,-0.2911296282927247,0.10867194466181791
44,0,110165,38,1,-0.43133248792483275,-0.7108352554601125
41,0,97401,76,2,0.6072636591584252,-0.48395925027796227
74,1,69402,76,4,0.6049657202124102,0.4962421005074973
27,0,191357,32,3,-0.38332733805667374,0.018477286376924015
38,1,66301,79,0,1.667790356060824,-0.26626053861923443
79,0,187309,28,3,-1.8820839138677443,1.0021172662455886
72,0,148241,17,3,-1.8259766981359333,0.16003402109078788
44,1,88325,92,0,1.7438314050667199,0.33605316722662654
76,1,92725,24,4,-0.7784578589275126,0.2253188237235215
66,0,84938,100,2,0.5455236409372153,0.16079786959830353
40,0,122575,23,1,-0.7246980912645811,-0.8038064387625877
44,0,152748,59,3,-0.06791292443579534,0.1588865056516748
60,0,126402,42,3,-0.8248772232396446,-0.09325429860885168
20,1,69005,24,0,0.8254980281986313,-1.2889162689520262
69,1,104776,67,4,0.40668659952239794,0.7851257919455903
89,0,109857,95,2,-0.28412732824025044,0.9375236769514829
56,0,80280,3,1,-1.5007057009727052,-1.3212224167769446
32,1,148074,55,0,0.9811980843393522,0.4784756947865425
52,0,51962,31,1,-0.6236754892135242,-1.4619610701891999
75,0,72718,78,2,-0.18820770334018166,-0.09845205476528
55,0,177682,59,3,-0.45053352177674894,0.7461501618990873
68,0,161983,13,3,-1.8590937961891607,0.22281940254831542
29,0,189038,32,3,-0.4300615006950118,0.02729747696734404
62,1,132196,19,4,-0.6490628094815425,0.4336183872028593
48,0,78328,42,1,-0.33792063131898176,-1.0322865016180616
73,1,126802,54,4,-0.08844122507699756,1.0223516707873905
81,1,125898,68,4,0.033599820855848665,1.3513110802776562
33,1,84827,32,0,0.6112779353335155,-0.6905078851883694
41,0,191294,22,3,-1.0049713468773331,0.18707976386313221
39,0,51699,44,1,0.04401144844077247,-1.5769525465390077
19,1,188166,61,0,1.3459801007639565,0.8533531722762264
87,0,54814,3,1,-2.260000868592211,-1.0347205561173716
25,0,189088,2,3,-1.0431787403504709,-0.42878904496679066
37,1,52341,94,0,2.1024741368428064,-0.30037146710015106
19,1,171248,83,0,1.9317267362045014,0.8849439496236065
33,0,188213,2,3,-1.2581085529154614,-0.27341699057149654
76,0,184984,61,3,-0.9985840185747733,1.3160739920684394
69,0,101724,57,2,-0.6267865271746723,-0.07072766383967007
78,1,71315,70,4,0.34529399105535163,0.5329559988873093
65,0,27619,90,2,0.5231238062459276,-0.8038424778169426
22,0,39952,27,1,0.13701384857533583,-2.312907697818511
30,0,173649,84,3,0.8452329852482873,0.4745913646379758
30,0,145609,100,2,1.3236648196214098,0.27262223410278286
61,1,56954,10,4,-0.5876785659268201,-0.774800397830669
39,1,44414,37,0,0.7028671652273423,-1.0801533011376443
46,1,151967,77,0,1.1163704315008987,1.1013473637115951
40,1,119391,52,0,0.7867406028527101,0.1990495862330741
20,0,63538,95,2,1.749130004903492,-1.172566544472082
20,1,185959,81,0,1.8073523135062124,1.0913635324613615
30,1,143821,28,0,0.40014494764030756,0.04013444315561568
54,1,55227,42,0,0.3786889851888189,-0.5486640784836321
83,1,171984,12,4,-1.5219226442871079,1.3560673404311947
77,1,73593,70,4,0.3649340932398918,0.5445347275582457
81,0,145879,67,3,-0.860060082787154,0.936569978211678
69,1,26176,20,4,-0.46234346839355644,-0.9226010822531846
74,1,161955,68,4,0.10406821842163881,1.7198465249913535
80,1,59468,80,4,0.5709327404213352,0.529861643159013
24,0,107822,75,2,1.011398681872239,-0.7041661662524388
44,0,29845,85,2,0.9672385045107638,-1.2748508083511976
61,1,102347,18,4,-0.5464340491208624,-0.02648322121121632
78,1,20636,70,4,0.5141626325965732,-0.19149425572184645
41,1,72794,20,0,0.1447786094253697,-0.8437826000774873
78,1,51337,37,4,-0.38219754131772143,-0.16277447735689562
57,0,187591,39,3,-1.0192617752710749,0.6811940002982871
65,0,95174,33,1,-1.073537088942063,-0.546588152122836
23,1,126395,41,0,0.9616370406947637,-0.19429001296382764
21,1,118294,41,0,1.043091920885925,-0.352062859546422
23,0,190424,22,3,-0.511920205558784,-0.20308695086771805
80,1,121544,4,4,-1.464657905859494,0.47264887325612304
82,1,95494,42,4,-0.5179445652382695,0.6145281414404851
33,0,82489,81,2,0.9951099152097197,-0.802861046834701
51,0,144661,76,3,0.17748077000018822,0.4014669011788811
64,0,115786,67,2,-0.2968650000388628,0.14964897668041557
28,1,130340,31,0,0.5717139817956445,-0.1572587382774754
78,0,23986,61,2,-0.5165802982414759,-0.9434031782031587
45,1,39075,95,0,1.9528951002683348,-0.30969857076951995
62,1,192998,48,4,-0.15385162949552803,1.663208239144143
31,1,103679,75,0,1.6376072405379412,0.07144361291833029
88,0,75205,90,2,-0.26174416213009627,0.359048926484492
79,0,149211,45,3,-1.3460751455435207,0.6687989341169169
33,0,151595,37,3,-0.2939073199792472,-0.36186216229299367
31,0,131450,27,1,-0.4129448029392885,-0.8160896271502673
44,1,82764,57,0,0.9201757715221115,-0.1784454304466864
72,0,162686,50,3,-1.0800485313847632,0.7766709229007608
71,1,137288,99,4,1.0138895074110428,1.6895696129151985
38,1,70077,90,0,1.919895153698679,-0.07556728563995387
82,1,65488,100,4,0.9776609030047319,0.9064609955175295
64,0,92381,27,1,-1.1813744617128656,-0.6820710087424717
59,1,66393,67,4,0.8068902363086182,0.026595295694364293
76,0,38350,78,2,-0.10091999110340732,-0.5687535023219051
67,0,149771,79,3,-0.2030498818610642,0.8475600138276307
64,1,110205,70,4,0.5969372276432657,0.7950937748133603
19,1,26340,64,0,1.957391507920933,-1.4226440550264492
26,1,135889,64,0,1.4017460662096164,0.29024088686220817
26,0,58169,3,1,-0.610108813615922,-2.266846803016236
19,1,97108,69,0,1.8418960792590011,-0.34888040569051837
40,0,83669,20,1,-0.667245863506652,-1.3972491867594452
64,0,184579,1,3,-2.1142130660471947,0.3127419960243441
50,0,79562,74,2,0.37350440743503804,-0.5749579564760184
18,1,100552,22,0,0.7267160217503797,-0.9047831042057103
45,1,64275,69,0,1.243302046279884,-0.27261397734279025
24,1,145032,57,0,1.257304710714588,0.2919680082616066
83,0,153805,64,3,-1.0131191758670657,1.0545550978370408
73,0,180108,26,3,-1.7428301236624686,0.7484123595158171
26,1,83982,43,0,1.0693952138974048,-0.7127663410894095
45,0,23687,47,1,0.04615413633643118,-1.8141845632341111
58,0,28201,16,1,-1.068821660583909,-1.8621422864957815
50,0,131459,72,3,0.15245235099672558,0.14204604748707064
25,0,143211,42,3,0.07218683970114241,-0.5874469782051149
68,1,35411,100,4,1.4591106393494178,0.18272374017560652
32,1,130089,14,0,0.0545660733601214,-0.28819474532805844
55,1,26362,57,0,0.8085766984495294,-0.7538701837750409
88,0,109585,72,2,-0.8094265433874079,0.6267901848757216
29,0,59606,92,2,1.4449684793191366,-1.0771950535954813
75,0,108925,89,2,-0.044166973932232005,0.5558384713888761
80,1,148579,60,4,-0.20724493273923114,1.555118597171856
19,0,195538,26,3,-0.3237881915161241,-0.16420813841005155
30,1,186311,49,0,0.7638743985316878,0.9085267803703518
64,0,175722,51,3,-0.8815782170477678,0.8075676192622872
68,0,126172,34,3,-1.2344558131381247,-0.02809170715088721
38,0,117283,8,1,-1.0135398151970745,-1.1078555799513816
47,1,21096,33,0,0.46647040117879296,-1.2953160828165662
52,0,57426,13,1,-1.075006213200448,-1.6075705796165607
52,0,92501,67,2,0.10749160460570266,-0.4350274308019219
34,0,40518,7,1,-0.6728891582190262,-2.301570835325716
80,0,130502,59,3,-0.9740909142492831,0.5963429287191052
81,1,63270,58,4,0.0016595475983132177,0.3317642210520991
27,0,88144,44,1,0.24934036983868407,-1.3077957349798317
48,0,53515,90,2,0.8997566764160019,-0.7904074086816171
80,1,154964,55,4,-0.3488327594854541,1.5842478718056208
45,1,172951,63,0,0.7368056212783811,1.206324222505011
72,1,73163,28,4,-0.5081023874632148,-0.08854283783636416
77,1,129897,72,4,0.2254471516040171,1.374251100851323
21,1,156400,16,0,0.31455693732813056,-0.11805982930584942
54,1,114679,65,0,0.7340238620031702,0.587055438929736
63,1,62851,2,4,-0.8542890061474407,-0.7479631290531304
29,0,143537,44,3,0.010302747372271532,-0.47398939442584503
78,0,74180,49,1,-0.9725821976979531,-0.37503043209103715
64,0,100690,72,2,-0.12625105327319233,-0.004003002977133201
89,1,83403,56,4,-0.33139638623328554,0.7625857121415504
71,1,137882,69,4,0.29003688313545933,1.3251995435008146
81,0,51944,6,1,-2.014866277484863,-1.1643707968271515
70,0,94129,75,2,-0.1955857273953465,0.06540446436693181
27,0,167073,19,3,-0.6152218548572012,-0.4902327934562906
31,1,170231,82,0,1.5842849303454,1.1097974608211973
59,0,30976,24,1,-0.9127994200430201,-1.7020593224939364
65,1,158076,63,4,0.24175739542746383,1.413388060710069
33,0,104541,90,2,1.1381919505401135,-0.3757719709972154
78,1,44641,11,4,-0.9855092126703899,-0.5816393959768447
65,1,150066,40,4,-0.28498853247636297,1.0130257918139212
31,1,152714,82,0,1.6426537220318498,0.859394037115351
25,1,149469,14,0,0.180604279623458,-0.15805502460490742
51,0,88621,76,2,0.36421292083130297,-0.3996182083989931
19,1,55852,23,0,0.8724936695322543,-1.5103505506439
32,1,26897,46,0,1.1684127023125674,-1.365593421859415
68,1,41137,44,4,0.09253399753932397,-0.43143139996281116
90,1,65492,73,4,0.1101161455662659,0.7388231443231509
34,0,199606,5,3,-1.25111476889963,-0.0522842835260473
37,0,78162,18,1,-0.6153287214375761,-1.5637835376305038
88,0,197548,86,3,-0.7656558172223948,2.0582126749095995
35,1,105464,37,0,0.6083637900635324,-0.2913908771524061
48,0,49246,27,1,-0.6019525134198835,-1.6344408338678726
71,1,127857,13,4,-1.0240554955100936,0.4858857388199076
76,0,92571,25,1,-1.556900584338803,-0.45239228426106964
67,0,193412,82,3,-0.27627971015763214,1.508689021529186
26,1,192232,44,0,0.7327553865971224,0.8470831929334419
36,0,137958,15,1,-0.8595329816403496,-0.7672779886848883
79,0,44373,59,2,-0.6598678488504965,-0.6558458530034473
32,1,45567,77,0,1.8521377614908943,-0.7134180646908578
75,0,65531,8,1,-1.848630872883368,-1.0711988948979705
88,1,39515,40,4,-0.5429246283331155,-0.08463233945417137
67,0,22069,56,2,-0.33096739082702903,-1.2637851054538654
67,0,92694,60,2,-0.4700487707379166,-0.20449433166228434
32,0,57907,64,2,0.6951892693000069,-1.3865308409237358
78,0,100469,8,1,-2.0467406049280186,-0.5088093279256451
22,1,115770,32,0,0.8077095178281061,-0.47901649739790025
48,1,135138,98,0,1.6232967082866592,1.1637516965499628
58,1,166450,64,4,0.42853138787223477,1.3986270330181885
56,1,152206,2,4,-0.9614160792275598,0.3824608625963544
21,0,106259,30,1,0.015488806775499766,-1.3487559354989513
45,0,64456,46,1,-0.1137556149625347,-1.2438252831208947
55,0,156118,39,3,-0.8599285255362872,0.18932120401808256
65,0,92525,99,2,0.5234110594257754,0.23583941182943327
88,1,62516,14,4,-1.2451903447113302,-0.07898218849642358
85,0,151934,58,3,-1.2057207981223619,0.9952071492425326
51,1,92832,10,0,-0.43492168597267333,-0.47177876484630415
85,0,86652,56,2,-1.0363180597312813,0.03715133780187946
39,1,32462,80,0,1.7773778202207011,-0.7165712867147173
89,0,74210,95,2,-0.16534715370997302,0.4279540677237441
20,1,124964,5,0,0.18184932844836926,-0.7251344894197324
83,0,98291,53,2,-1.0928266141241172,0.12427331167895839
24,0,62251,24,1,-0.06393784271827334,-1.9894622591359967
22,1,49440,30,0,0.9806043207101041,-1.4520533437214516
31,1,123135,66,0,1.3562154600844585,0.23770644158402832
18,1,177342,54,0,1.240840559859041,0.5906394218333284
64,0,45954,58,2,-0.2807382172623568,-0.960449494867827
88,0,124084,19,1,-2.1330485624737396,0.1753301552089996
28,0,194294,46,3,-0.0834702326883871,0.25544826673790344
58,0,71369,23,1,-1.044225615761554,-1.1580599268578862
48,0,108646,10,1,-1.2089421574936503,-0.9966129549114372
43,0,61399,33,1,-0.361919743355893,-1.4910679509053708
58,0,77616,90,2,0.5471424146863477,-0.23603639735171858
53,0,65947,50,1,-0.2403194504865738,-1.0049167107276686
24,0,124630,81,2,1.099767033802871,-0.38932556720177536
37,0,21138,44,1,0.2003058023590366,-2.0557884116997442
24,0,192429,99,3,1.306976459318347,0.8035697806089508
33,0,104257,11,1,-0.7617948643854817,-1.3616996188048762
71,0,49784,25,1,-1.2781756669996618,-1.1689523879013994
42,1,118531,14,0,-0.17922802836798518,-0.24356488179326025
66,1,129877,79,4,0.6934883598142774,1.2301310535238452
50,1,79332,23,0,-0.04989557115255722,-0.5241714634782845
77,0,80532,82,2,-0.1724564852171055,0.10493299154775688
76,1,77448,50,4,-0.10192945755678413,0.33008233062408027
21,0,169045,13,3,-0.6027834044416317,-0.6625255907853663
45,1,155540,54,0,0.578259204934297,0.8455776875945584
63,1,163981,90,4,0.9262285755042146,1.7914044176483868
68,0,83575,31,1,-1.1647047208420507,-0.6742968594919979
40,1,118587,83,0,1.5353554176571098,0.572846438335259
89,0,136260,62,3,-1.1661660391946571,0.904804058439815
77,1,78573,93,4,0.9017763526394051,0.9015835081956329
56,0,24124,20,1,-0.9045254626322742,-1.9126777030233402
53,1,195540,9,4,-0.855681134315862,1.0259611443165584
69,1,100322,24,4,-0.6131572519995968,0.18702196617836261
47,0,166264,100,3,0.79191831002701,0.9246281524042812
90,0,196837,77,3,-1.0343100360452342,1.9781606649768186
22,1,187430,72,0,1.5314274031574366,1.0425029520271338
89,1,55835,98,4,0.7710862505912363,0.8905101632881784
31,1,177469,83,0,1.584229471705941,1.2256925143179918
72,0,89226,37,1,-1.1480825869206421,-0.43500420597959066
76,1,30365,71,4,0.5602682115072485,-0.08196067334995819
87,0,113460,26,1,-1.9019803009575547,0.08947728752155357
26,0,124363,86,2,1.1665075794853077,-0.28902874350942176
67,1,68037,7,4,-0.8601798799959088,-0.5277463026426046
71,1,193522,23,4,-1.0022348786064854,1.5488461504685196
75,0,105096,75,2,-0.368282503416749,0.3271014668872053
67,0,85848,29,1,-1.1931728476076622,-0.6876470204573804
29,0,96381,9,1,-0.6747532463825402,-1.583083551215712
41,0,57456,71,2,0.620053072740638,-1.1171117944654485
56,0,33478,43,1,-0.3822579075106925,-1.493103114582712
35,0,174642,64,3,0.2245219044656938,0.3451370755871583
73,0,98327,55,2,-0.7725149061683737,-0.06020475105078703
57,0,57482,3,1,-1.4519706472854668,-1.6261320956359249
43,0,179367,59,3,-0.12938001859993756,0.5184169233346568
55,0,52871,27,1,-0.804646200230504,-1.4357268260785505
89,1,153170,23,4,-1.357929261867215,1.3497492965516338
69,1,144679,2,4,-1.2903339996217078,0.5476684179835037
28,1,48260,36,0,0.9655268291907118,-1.2684390009465218
54,1,29562,1,1,-0.5223523241775827,-1.4251192017095475
36,0,92073,79,2,0.8333579301502835,-0.6277612981691
25,1,74635,42,0,1.1037087965932115,-0.8797943071664833
36,1,57179,47,0,0.982649100421648,-0.8363471020401902
41,0,178795,33,3,-0.6986362538294782,0.1451238348584742
59,0,156237,34,3,-1.0895599819568837,0.21281879419398686
54,0,114360,57,3,-0.2604310662124719,-0.20487269290570728
79,1,42693,11,4,-1.0062489153148564,-0.5885008140453417
42,0,51762,64,2,0.44335838790650384,-1.2645227886283195
65,1,172452,51,4,-0.09489453653313779,1.4697467730095513
43,1,195915,68,0,0.8350603366271636,1.5547653802624455
57,1,69106,18,4,-0.32674825165768007,-0.5855993851490212
84,1,136936,51,4,-0.49393374219633296,1.3607649711058294
75,1,139885,92,4,0.7278761616100008,1.7236325020179863
74,0,88575,61,2,-0.6228760553073437,-0.10405117172691197
67,0,161652,3,3,-2.071384633941897,0.07281571153249623
20,0,90165,37,1,0.2647837789456141,-1.5128018001419823
73,1,170314,60,4,-0.08905387521264105,1.7189227617396876
51,1,58970,55,0,0.760720664877759,-0.3965401694308682
29,0,35304,87,2,1.4056334989782386,-1.4867327803467312
66,0,192573,29,3,-1.5215629552349963,0.8169891036468221
47,0,27855,86,2,0.9162398408360585,-1.227913885055818
39,0,161735,46,3,-0.27451710505194465,0.020856351876095296
25,0,108673,50,1,0.37977124851427074,-0.9817339038995282
19,1,174389,36,0,0.7903256343648113,0.34569491164904664
57,0,172269,90,3,0.25897769115667996,1.0960319279868862
67,0,142757,63,3,-0.564677490409171,0.5484363993388622
26,1,88064,54,0,1.3204803820178734,-0.5176988546424126
66,0,170993,93,3,0.0903407166207644,1.3039428674725717
47,1,198798,57,0,0.45184422463449014,1.5432017747541775
83,1,62943,69,4,0.21297468932664346,0.5057755976074004
32,0,27720,73,2,1.0123380574367282,-1.706192033452392
37,1,52322,80,0,1.7656632202300497,-0.4746449764645681
85,1,151064,55,4,-0.4719908687258755,1.633422884245697
76,0,138620,63,3,-0.795968596514558,0.6781635625395828
83,0,131509,31,3,-1.732886848039808,0.32568908833085297
77,1,43645,55,4,0.10378782931564504,-0.06999897130281496
70,1,59237,39,4,-0.14255100049555594,-0.19286758020943492
80,1,91849,87,4,0.6314723917928559,1.0797451256195971
67,0,38885,55,2,-0.41106280934837736,-1.0358311006746752
82,1,71177,38,4,-0.5331671189584893,0.21720469909665896
70,1,172056,71,4,0.2515204922473984,1.8175851994516814
33,0,66485,18,1,-0.4674968158466665,-1.8146448960198207
33,1,94175,15,0,0.17106769192711066,-0.7681673706964551
33,0,44666,31,1,-0.08198145054922835,-1.9649716971086033
56,1,129217,19,4,-0.47575235135493,0.2651238816563356
24,1,101175,70,0,1.7162533939994655,-0.17338937178644084
33,1,149815,48,0,0.7797290679308186,0.4373471379846905
20,1,93942,32,0,0.9349044450295944,-0.8330151701613563
63,0,180490,58,3,-0.7017979866806284,0.9417415539771009
18,1,41842,77,0,2.2457794029265594,-1.0604566261070818
18,1,36133,86,0,2.4813644939175985,-1.0302077309796493
39,0,64717,20,1,-0.5768647984001888,-1.689150773512104
35,1,168460,67,0,1.1203267378339306,0.9819906504714181
52,1,24868,80,0,1.4486831520411443,-0.5523214883286691
46,0,181300,34,3,-0.8190741635786961,0.29828626524433927
37,0,64129,51,2,0.22549163288262483,-1.3542362459304298
52,0,168535,92,3,0.4556981139332432,0.9625872121769657
86,0,71515,59,2,-0.9409230629825898,-0.12095913782756443
68,1,160605,26,4,-0.7386720320034602,1.052632660065859
50,0,108417,55,2,-0.17983044120661365,-0.39862462109073926
44,1,176502,89,0,1.3778274957070447,1.559246732229144
86,0,134730,66,3,-0.9831260800394523,0.8696926934682117
35,0,89409,59,2,0.38821648662106023,-0.935402021822362
75,0,48735,26,1,-1.3595405355270973,-1.0875789725822527
61,1,71819,58,4,0.5177867810537564,0.03427096808634102
42,1,175325,11,0,-0.44065993398867265,0.5310124449172797
82,0,183442,38,3,-1.7102661803769783,1.134081067179151
80,1,167111,89,4,0.42881506979552025,2.1804638455825054
51,1,73062,100,0,1.796574408287876,0.36419513092206574
55,0,189772,98,3,0.4476164624007109,1.4036948655641346
80,0,61183,70,2,-0.47842461473776066,-0.25784811674191965
85,1,20506,2,4,-1.3122651789772857,-0.8916096425665944
42,1,195422,89,0,1.36924509096588,1.7877358547026478
48,1,151493,5,0,-0.6690075216197282,0.24167466063677523
18,0,153303,38,3,0.13292402160113223,-0.6397929390862134
20,0,63122,59,2,0.8842681557702605,-1.625946689005808
88,1,115244,44,4,-0.6990131620241959,1.0476195049884711
80,1,55078,57,4,0.03212452868437798,0.18124684208356281
34,0,159969,12,3,-0.9506023117009286,-0.5318895130850806
80,1,55391,68,4,0.29576846690624686,0.32243692349845754
49,1,58301,57,0,0.8655360994255198,-0.4232160480610325
35,0,79840,78,2,0.8772880186865363,-0.8360442896965977
47,1,89341,14,0,-0.21811675690678473,-0.5559074000673959
79,1,131288,7,4,-1.3977080967053623,0.6282393034369729
66,1,185829,14,4,-1.057009475030909,1.2220922185270569
26,0,183762,82,3,0.8723330496948238,0.510358039582536
41,1,126511,49,0,0.6635978780737405,0.284528022717486
90,1,108065,15,4,-1.4273641074642913,0.6265340549153632
63,0,69986,18,1,-1.2960829015088202,-1.1350482379968794
38,1,40618,92,0,2.066181043107217,-0.4718227583983974
33,1,179985,24,0,0.10170025415453839,0.5703347032935304
23,0,101651,42,1,0.26513121016100943,-1.223512235233214
37,1,115817,89,0,1.7706520984067338,0.5448668366362261
46,1,50598,45,0,0.6841461349211087,-0.745429032925491
28,1,174433,26,0,0.3044784758285139,0.4109018945283536
48,0,176084,80,3,0.250717292925241,0.8374147370623757
53,0,30723,29,1,-0.628260104231967,-1.7694424454050595
29,1,133405,63,0,1.3042685815390138,0.305258723901291
63,1,32188,25,4,-0.19867990070807331,-0.9004267781210283
31,1,67038,40,0,0.9175139775827517,-0.8873398742210843
66,0,118216,62,2,-0.4797356368402744,0.1642120172209921
21,0,108774,100,2,1.6914796531331573,-0.4427947775923107
39,0,24922,24,1,-0.3480132001745366,-2.2083007170579405
32,0,133398,9,1,-0.8797904613247264,-0.990974927448019
55,0,39816,46,1,-0.30395888876107946,-1.3862010477712812
85,0,163300,35,3,-1.7970299336368898,0.871822487112639
53,0,173361,52,3,-0.5501111785067859,0.5554110107189622
41,1,112262,6,0,-0.323607832524079,-0.4535941586585082
39,0,44033,46,1,0.11768038990030126,-1.6616796860884826
33,1,121430,64,0,1.2593104846029552,0.23044627363785644
39,1,24409,40,0,0.8417136123018862,-1.3288362649598826
46,0,130335,23,1,-0.913939427569701,-0.566968109003148
31,1,84023,36,0,0.7646680959962453,-0.694256157468098
56,0,129199,47,3,-0.6049622363376697,-0.0750680169159287
80,0,46046,35,1,-1.2701718422088726,-0.9092344911696532
18,1,77457,53,0,1.5496071815614958,-0.8496334358579936
27,1,105566,49,0,1.1146186707819215,-0.3086683828623891
69,0,77330,60,2,-0.47331539398310885,-0.38215085867435117
55,1,59999,40,4,0.28743252906994554,-0.48432131406298046
25,1,70030,31,0,0.8543663285955956,-1.082338016174316
62,1,177669,3,4,-1.1855835372422245,0.8847901714723684
42,1,176950,43,0,0.32392359978773927,0.9519602696461663
31,1,75335,91,0,2.1170520401832382,-0.13487116132335217
86,0,79054,91,2,-0.19604570229709856,0.3845286108492799
34,1,100685,30,0,0.4830815680063316,-0.4676920742869841
52,0,166003,79,3,0.15132326621054581,0.7648193754475684
29,1,99196,78,0,1.7791938354859556,0.0026757672450841877
34,0,105771,95,2,1.2271749861622492,-0.2750607203930316
64,1,68716,50,4,0.2539347668050331,-0.046560679290684026
61,0,73912,27,1,-1.0381414568637473,-1.009038186891849
44,0,31403,98,2,1.2748588396515466,-1.091006185339303
72,1,80229,42,4,-0.19477293885379257,0.18646669521105225
51,0,83513,32,1,-0.6775141672880648,-1.0194995937040445
65,0,34529,54,2,-0.3661491730976667,-1.152498326976516
57,1,36514,59,4,0.7684125243569772,-0.5419211218210039
41,0,199722,49,3,-0.3833684670963839,0.6431321233222066
60,0,184297,47,3,-0.8974782375966347,0.796491352590106
37,1,85045,66,0,1.3197519452569726,-0.18087550478332595
84,1,124853,66,4,-0.09273503302614433,1.3744705429028712
31,0,160259,83,3,0.8385569846782189,0.29173921497373007
40,0,176905,93,3,0.7786388222716237,0.8428439581300907
33,1,98071,42,0,0.8077717513577136,-0.376899410177547
85,0,20115,94,2,0.09976428379374684,-0.4416962441436235
29,0,194216,21,3,-0.7120021241455325,-0.03539941499908337
61,1,33997,49,4,0.42725231921741486,-0.6182483750252893
30,1,80352,83,0,1.9350659002976662,-0.18356841558517617
20,0,75113,22,1,-0.04599778331518303,-1.9143989573850557
38,1,25143,64,0,1.443997186548012,-1.041039849157097
29,0,94886,6,1,-0.7419590574315853,-1.6417405205827005
86,0,118424,98,2,-0.1587942558177739,1.0343190139172829
86,1,161674,16,4,-1.4730107135364763,1.321356979872528
84,1,144090,78,4,0.13191426178445265,1.7986056526633656
46,1,156232,63,0,0.7652847016447355,0.988313122895208
28,0,133254,38,3,-0.07257702708081094,-0.7165409068402396
83,1,185237,35,4,-1.0126470352056853,1.8313776683836738
57,1,185641,4,4,-1.0519313864711817,0.9062526205068961
46,0,58475,86,2,0.8414409241259617,-0.8111896500384126
26,0,167175,73,3,0.71104096432353,0.16139048629756805
28,0,95902,41,1,0.12407175083719048,-1.2131971646640372
32,1,32477,100,0,2.4491914763778855,-0.6146777767385558
79,1,67093,93,4,0.8855677651931413,0.7794482974862154
81,0,105383,66,2,-0.7491848905227627,0.3452557852726826
77,1,63074,81,4,0.6646715835281888,0.5308826621682238
37,1,68272,44,0,0.8462678525296875,-0.6940751048785319
57,0,66381,63,2,-0.03787651945937905,-0.7531994960592621
81,1,187287,60,4,-0.36345541204661325,2.1294298453238807
55,1,140525,9,4,-0.726825764117005,0.2814983061004893
60,0,100523,94,2,0.5126019063195235,0.18310128206015588
74,0,170972,94,3,-0.10337228386802051,1.48395145752838
89,1,111141,66,4,-0.18319835525809142,1.283384186763752
37,0,179075,32,3,-0.6147089830181542,0.05275765634758263
29,0,57727,30,1,-0.04064203876310893,-1.8746350064989596
40,0,111308,81,2,0.7084667314676376,-0.2440018168700582
19,0,157929,77,3,1.0287142914279235,-0.0679602149534668
84,0,68030,59,2,-0.8748492607399727,-0.21274681549846236
70,1,134819,4,4,-1.2365850586456095,0.4525633197346227
83,1,138779,86,4,0.3693414006774155,1.801130193291818
63,1,83466,37,4,-0.08079514631110489,-0.018269398624904593
44,0,48459,40,1,-0.17759564084586363,-1.5680577433605565
54,0,89512,4,1,-1.452944057126929,-1.2187933900699421
60,0,149839,30,3,-1.1917215181317369,0.092630326929123
77,0,46790,69,2,-0.372835786411625,-0.5389780691274907
33,0,64289,33,1,-0.0992428028803899,-1.6596058395975748
68,0,22081,2,1,-1.6576100719848257,-1.9137787688177905
67,0,174665,77,3,-0.3341246315739556,1.178559356585664
72,1,185218,96,4,0.7547628590878587,2.358422127234604
65,0,53719,16,1,-1.3444655076041225,-1.3504704574361455
33,0,59594,98,2,1.4804604235574008,-0.9188543089970553
42,1,84414,70,0,1.2819509063444319,-0.03525569715137046
78,0,125114,91,2,-0.1316778496768603,0.8750707369728337
70,1,28484,57,4,0.39304577207038416,-0.40876130661567256
51,0,132453,37,3,-0.7202760237097828,-0.25776459839855337
67,1,182809,17,4,-1.0019898078971463,1.2371928112908164
62,1,98363,7,4,-0.8250764427373403,-0.19916479999158682
33,1,180410,96,0,1.8327801263215766,1.4712769759513074
77,1,151892,56,4,-0.23284200161681998,1.4898076780781961
51,0,129145,82,2,0.373556653041901,0.2542397792803082
64,1,197701,95,4,0.9069509476627008,2.3565563393836397
59,1,102085,49,4,0.25483611019244845,0.31309143745044354
44,0,90458,60,2,0.16370743746339214,-0.7191129001436513
54,0,156419,71,3,-0.06370258394910956,0.57035759744825
64,0,176484,97,3,0.22275516547974916,1.390180868654526
30,0,78789,95,2,1.4260050282354966,-0.7447052265712376
78,0,191732,99,3,-0.16115763517979625,1.9267967546128144
25,1,65846,71,0,1.8308057208420403,-0.6449994919959678
31,0,170435,37,3,-0.3022231549119449,-0.13451663026856606
41,1,183695,38,0,0.20836688638405212,0.9652506919342657
49,1,60275,8,0,-0.3201013048963393,-1.004004626944743
58,1,59519,2,4,-0.707032986221605,-0.9005187180896947
84,0,162392,85,3,-0.5636514497506251,1.4592931069804076
34,1,50411,39,0,0.8671627029265041,-1.0744945336980591
21,1,40748,64,0,1.8549209304547563,-1.1747133964148102
89,1,69494,25,4,-1.0309856811380034,0.17846828157363984
77,1,131361,74,4,0.26869381367225265,1.4200362213026692
34,1,177373,13,0,-0.18151381167714814,0.41726570071481683
43,1,168273,70,0,0.9752917592608957,1.1844837055786452
45,0,178794,87,3,0.49181638657646787,0.9001997887416882
55,1,139884,45,4,0.14155813861059632,0.719768761825796
38,1,59030,45,0,0.8738950969537876,-0.7927746745249252
79,0,64467,40,1,-1.1840099713424088,-0.6047499666726249
25,0,163410,75,3,0.7989419729783254,0.11144266665466318
67,1,38904,43,4,0.103142860017205,-0.49676558535578424
62,0,159028,98,3,0.3594444974301078,1.11110812154971
41,1,85916,85,0,1.6651134073949598,0.1516608184129144
67,1,41000,4,4,-0.842276615446661,-0.9515231126383954
41,0,163630,80,3,0.48283029022279783,0.512491228336882
24,0,194538,90,3,1.0833870097083216,0.7218593152730896
48,1,45326,71,0,1.272875294659162,-0.45567522675432437
66,0,51045,29,1,-1.049974307076074,-1.2061367598138735
30,1,22867,32,0,0.899428284433098,-1.639173716097406
24,1,102482,50,0,1.2306494141218256,-0.40328011515717505
70,0,176431,8,3,-2.0820098824675233,0.40917831830136336
67,0,187248,45,3,-1.146050963334102,0.9607131956127093
60,0,20515,91,2,0.7070110374225718,-0.9978896489108237
60,1,50928,91,4,1.4086895096854257,0.12479895917285055
32,0,140977,17,1,-0.7125450603016419,-0.7832043663456563
22,1,145891,80,0,1.8623400023340309,0.54813756715794
87,0,50435,48,1,-1.1625994885296753,-0.5380259955755177
30,1,136287,84,0,1.7727460671217552,0.6284444391449114
75,1,151713,65,4,0.03877780632521419,1.5571372442650042
65,1,112362,15,4,-0.7609153012856422,0.16333392274866487
63,1,79943,18,4,-0.526242529220961,-0.3047757077419883
20,1,183463,4,0,-0.03713895665208965,0.09867302396999564
57,0,104968,75,2,0.1222962029282688,-0.05245844642846318
40,0,76833,100,2,1.280528109154094,-0.5006723813029401
19,1,159117,61,0,1.4427749303409203,0.4381011853360468
67,0,164866,12,3,-1.8655320729627427,0.23061782637376466
54,1,144393,100,0,1.4771987382489935,1.4468182880597655
39,1,128195,52,0,0.7846352729115569,0.3039167057874011
77,0,192886,57,3,-1.148394908013098,1.4003023175759457
46,1,103706,37,0,0.31468420931758434,-0.08568617423926586
20,0,129301,19,1,-0.2987461774250589,-1.1770740895531728
26,0,72530,12,1,-0.4413994233240346,-1.9496996539768128
25,0,136225,39,3,0.023277713880749194,-0.724597137020571
18,1,128800,27,0,0.7529024462886443,-0.4388377785537768
80,1,46173,48,4,-0.15476492254495697,-0.057907438328863574
64,1,149456,52,4,0.03302407717292148,1.132465396672717
82,1,52446,69,4,0.27518265780075346,0.3347372264414822
50,0,39019,3,1,-1.1998349252494345,-2.0369535419676543
86,0,128189,66,3,-0.9613306660746714,0.7761898793756193
68,0,197154,13,3,-1.9762878803590596,0.7255846486040509
28,0,31209,46,1,0.4599489824845669,-2.0758323381069865
39,0,157463,80,3,0.5578408452942701,0.38236468086070463
90,1,47697,30,4,-0.8652738582712551,-0.04998868370814567
34,1,103275,14,0,0.08945225395176468,-0.6295276553641557
74,0,165916,100,3,0.05784959671663534,1.4862487868465197
79,0,174972,64,3,-0.9747275051422716,1.2731947983159557
31,1,83201,91,0,2.090841563765723,-0.022427630417935444
86,0,60232,43,1,-1.2883258401263775,-0.4811075976551615
79,0,155725,1,1,-2.426528162587928,0.21505265130140974
49,0,131981,23,1,-1.0011161338208208,-0.48048370741388086
37,0,68376,34,1,-0.19772145311140482,-1.5048139174477362
61,1,92599,94,4,1.3147932854417197,0.7787520614324123
28,0,124196,72,2,0.7757284620569406,-0.42344787647161347
23,1,29510,81,0,2.2469675306249193,-1.0821012165331332
30,0,93730,60,2,0.5340342170260145,-0.966130181907549
35,1,130272,2,0,-0.316485074897745,-0.37176824547578213
21,1,57700,16,0,0.6434374385242587,-1.5289645458536043
74,1,180946,58,4,-0.1998365698017202,1.8670335265551705
76,0,196738,48,3,-1.3505615698444604,1.3225228197828238
75,0,158492,77,3,-0.49807963251484916,1.115248327356363
57,1,119048,52,4,0.3249620037356788,0.5508916014132982
87,0,183214,80,3,-0.8350371629992309,1.7577526011301092
74,1,152564,69,4,0.15942262659464618,1.5980320087670477
50,0,86339,16,1,-1.044699184796972,-1.1989465923229494
67,1,139829,2,4,-1.2197118500221231,0.4363682282752432
41,0,199052,61,3,-0.09238660757138649,0.7826990447107033
86,1,138587,44,4,-0.7223335450509784,1.3393348844152748
55,1,61264,50,4,0.5238418417894668,-0.3419512139207048
90,0,44844,28,1,-1.7069105191141627,-0.8035677973183224
27,1,194383,98,0,1.9977293315972187,1.569966701797281
74,0,122955,96,2,0.10475113685964364,0.8224115903454865
51,0,94762,33,1,-0.6909347696995365,-0.8462677740666924
65,0,25952,5,1,-1.516629351805338,-1.8841121912127632
31,0,199043,24,3,-0.7103603005804117,0.11285811530494531
33,1,89546,36,0,0.6918034278829321,-0.573335513106984
69,0,110321,22,1,-1.4976183525727234,-0.3828393417877235
50,1,43292,31,0,0.26269368581453845,-0.9399292998541036
64,1,159985,39,4,-0.31487162390461504,1.1214029956356217
20,1,117334,10,0,0.3275856478388596,-0.7720608904172451
84,1,27960,25,4,-0.7564359134239762,-0.5201803366580342
24,0,181586,31,3,-0.29313958041471755,-0.1965817278132701
49,1,147094,53,0,0.47341715775905824,0.7963544557827459
35,1,140217,42,0,0.6128747570508261,0.2675426468900354
64,0,156149,51,3,-0.816358581283717,0.5277739210151827
81,0,122060,46,3,-1.28600359485212,0.3350773569307122
49,0,172943,23,3,-1.1376065400011226,0.10506319227435754
46,0,112312,55,3,-0.0838863488338004,-0.42688609856737464
56,0,128924,7,1,-1.5665436938846862,-0.5761474137496613
18,1,32159,95,0,2.7111683521875105,-0.975157217987877
72,1,113665,72,4,0.41568755314515227,1.0372915519012227
40,0,111964,92,2,0.9709677516357044,-0.09790859140474939
62,0,177146,40,3,-1.0965486972747014,0.6492377267399431
18,0,62281,44,1,0.5805951541191859,-1.8663693165841253
36,1,152869,86,0,1.6022336347511208,1.01624962090948
22,0,152475,52,3,0.36363453613848407,-0.39368715613535776
23,0,127932,86,2,1.2363072663469867,-0.30096534269953434
32,1,24467,76,0,1.8983831036924679,-1.0274687532513298
86,0,128030,57,3,-1.177362861614658,0.6620586248084479
89,0,25817,69,2,-0.6297193087670494,-0.586964487835331
82,1,109838,59,4,-0.1566789706093585,1.030861938442486
73,1,69336,2,4,-1.1482045960526672,-0.44541073460980996
79,0,132929,76,3,-0.5458857370459733,0.8213396240840851
61,0,173100,30,3,-1.2964606995467525,0.4461285542451482
50,1,32232,61,0,1.0214203052828137,-0.7251694509401124
37,0,79491,7,1,-0.8844440049782297,-1.68150142507811
58,0,161773,57,3,-0.5273397052455784,0.5568305190859453
67,1,195916,62,4,0.03714607627972042,1.9838476542394994
66,0,93896,99,2,0.4916120418525356,0.27642270251698464
19,0,188154,18,3,-0.49168335644734695,-0.3691911977927909
86,0,30298,20,1,-1.7420183120198305,-1.1948708291206405
64,0,154290,3,1,-1.965161514875812,-0.09537822764326502
58,0,131683,72,3,-0.06613946431208008,0.31312817567654916
37,1,47517,83,0,1.853861403695869,-0.5060457549623297
27,1,20177,48,0,1.3750828431901607,-1.5417226511811044
33,1,102397,52,0,1.0339814367807676,-0.1907726804774936
63,0,173366,5,3,-1.9533695186609432,0.1811833208056971
34,1,27788,91,0,2.1937924412810665,-0.7515948217516505
52,0,71141,93,2,0.8042893077877385,-0.4172196826729944
81,1,167523,83,4,0.25583688911173486,2.1327661000620006
65,0,80208,38,1,-0.9033563181151513,-0.6983817973006359
86,0,123061,52,3,-1.2811177682942059,0.5288838249570736
32,1,121609,81,0,1.6950062734241869,0.4233080773837954
22,1,97766,67,0,1.7098866205792673,-0.3013767613805938
58,1,114106,24,4,-0.3595497777114464,0.15322749752260137
67,0,155012,34,3,-1.3033235516098312,0.3631876403745727
49,0,120279,100,2,0.8906846130951575,0.3092480861276875
32,1,134024,54,0,1.0039519621697737,0.26520391455090997
45,1,83081,45,0,0.6031394737963374,-0.30207343532522374
45,0,59377,23,1,-0.6502679942240702,-1.6022892569390137
85,0,152514,9,3,-2.386713223531684,0.3944915067836695
27,1,54102,46,0,1.2139156942239537,-1.0816262416029825
34,0,31013,82,2,1.163466025768747,-1.5052906043096441
29,0,199772,11,3,-0.9711398451594694,-0.08026413447699998
71,1,81964,17,4,-0.7748846136340464,-0.1204343867067616
41,0,46416,49,1,0.1274659211140884,-1.5483588440037317
59,1,167702,14,4,-0.8059933461904378,0.8160738520814476
75,1,138654,41,4,-0.4952066793233313,1.0721714155349091
59,0,126898,86,2,0.2594482918184812,0.43971408794044897
83,0,191494,35,3,-1.8365144434245884,1.2328823323953004
57,1,135000,34,4,-0.16131602214126542,0.5552067998598266
27,0,75045,88,2,1.3517354142425289,-0.9481812410039088
39,1,24152,90,0,2.0456922068911134,-0.7110746684462486
40,1,114880,38,0,0.46489758098537387,-0.039436526846971395
87,1,192726,43,4,-0.9540244530706244,2.1218017276968584
83,1,181641,65,4,-0.27879137886737837,2.1528345061964735
27,1,101504,88,0,2.0665890992888634,0.11798540913417438
39,0,69631,5,1,-0.9541755206091307,-1.805336344426986
52,0,185730,58,3,-0.4197208568482053,0.7858116253600022
62,1,191786,58,4,0.09081135091865206,1.7701699200068972
80,0,174616,64,3,-1.0007719469752312,1.2890908301840749
26,0,45707,18,1,-0.20764722997812118,-2.2585589909716925
33,0,39158,46,1,0.297308552487581,-1.8572772852781119
24,1,194337,100,0,2.12769953124218,1.5312115244227893
31,1,166672,86,0,1.6923937338259365,1.1086368111844234
34,0,95527,99,2,1.3575590292628072,-0.371782646930735
36,0,158927,32,3,-0.5203426992751098,-0.2562406076187651
53,0,140333,97,2,0.6427521820903783,0.6425715365660176
55,0,128582,11,1,-1.4419236513464904,-0.5523064418194668
19,1,93080,100,0,2.6012536573446203,-0.02117024868610419
39,1,143435,1,0,-0.4933309594625192,-0.11209340211150118
63,1,162593,37,4,-0.3444560117431822,1.1128416196757458
83,0,87602,98,2,0.025600459581250738,0.5307671755499276
64,0,141122,10,1,-1.7528470109310141,-0.19661226224482578
20,1,137206,17,0,0.42980682088679717,-0.4009920695503377
54,1,60491,71,0,1.0589595904578177,-0.11298330605226933
50,0,114960,89,2,0.6164906031574722,0.11748284172835806
24,0,148919,97,2,1.4038322243351409,0.15674210988438395
56,1,192857,51,4,0.08218959902049021,1.5725687276284748
51,1,145083,87,0,1.2437798239322007,1.2321535285673877
53,1,101806,66,0,0.8282113985703398,0.3944811390428805
74,1,196075,34,4,-0.8277469274636037,1.7850117925570723
29,0,46628,37,1,0.16477830351021153,-1.9462929331112875
83,0,39547,3,1,-2.100206642846346,-1.3369005359089825
63,1,96378,54,4,0.28524204788936486,0.37759412933863223
66,1,157614,28,4,-0.6261194087649458,0.9927640686512581
65,0,131679,86,2,0.08013334875615001,0.6339679683524139
34,0,114109,74,2,0.6940804074613776,-0.41687286578720767
86,0,93843,81,2,-0.4859489113307299,0.47164852407536956
18,1,193206,40,0,0.8511055398977727,0.6434115012523761
20,1,25964,31,0,1.1373530307476025,-1.8171812721192513
81,0,32308,83,2,-0.09662846981417277,-0.4880545860727148
33,0,31084,69,2,0.8776483403836927,-1.686833876168733
66,0,172291,41,3,-1.1652315071643207,0.6762048264442898
78,0,182678,84,3,-0.49192526883040455,1.6109402912892288
70,0,95467,70,2,-0.3203563313499094,0.022387476544602058
45,1,138506,28,0,0.009395017080773296,0.2789322931927382
79,0,66280,95,2,0.13338335336068838,0.10474557079398492
73,0,197156,37,3,-1.5349492572492847,1.1288272679968383
42,1,30104,56,0,1.1260442581251806,-0.9856125699007335
60,1,142202,89,4,1.0564284613970634,1.404692477051856
28,0,125419,99,2,1.4213392852129463,-0.07039013183246387
32,0,178262,49,3,-0.06678501864938312,0.14749890105894403
79,1,197531,47,4,-0.6559401032202118,2.0723233845789353
72,1,114434,9,4,-1.1028088703789407,0.2652757352455404
63,1,150244,48,4,-0.03862073708620311,1.073029922763106
89,1,193236,7,4,-1.8764332026981356,1.7236286613442056
65,0,25592,15,1,-1.2748053398513313,-1.7649712720673476
39,0,79589,47,1,0.023265883308745582,-1.1409822033799424
22,1,44917,57,0,1.6453615203592502,-1.1811339830871996
35,0,57947,3,1,-0.8544451797231614,-2.0811551822138488
26,1,99103,10,0,0.2249495101820532,-0.9067608026820476
21,1,68924,44,0,1.2797861482808774,-1.020514992582691
83,0,22195,31,1,-1.3686391975053243,-1.236941491048086
48,0,24748,23,1,-0.6165719529484468,-2.034351649602734
32,1,117035,73,0,1.5177478439705616,0.25849363252485735
52,1,25584,65,0,1.0853606805315068,-0.7285169680588247
71,1,165510,82,4,0.5107887819420671,1.881711704105414
65,1,158070,44,4,-0.21540906268712148,1.1771568467104978
81,0,126256,96,2,-0.09686294222668569,1.01649405681605
36,0,49329,43,1,0.10953816667692777,-1.6862151493090405
61,0,113799,57,3,-0.44917648779505803,-0.06599705536429708
57,0,148828,10,1,-1.5879096053671344,-0.2333509778031184
74,0,28591,83,2,0.10637177227618473,-0.6880837228784744
79,1,133590,73,4,0.18274271264097652,1.481440821306445
67,0,97176,36,1,-1.0624820190154518,-0.4387136595518104
89,0,161644,55,3,-1.4191857528923615,1.1806643546153108
37,1,80776,63,0,1.26178944231652,-0.27918647297203186
42,0,25778,54,2,0.28931581388067135,-1.7602480426545257
71,1,30418,89,4,1.129369002480955,0.037588645589279
44,0,191114,12,3,-1.3266880450660996,0.12317463728597684
42,1,35662,16,0,0.14502652941831598,-1.403309928116198
47,0,70244,95,2,0.991556498731542,-0.5101098221825503
26,0,114378,49,3,0.30946836678574186,-0.8916253082498998
28,1,31586,71,0,1.8632722088761098,-1.0717870737133235
81,0,144468,7,1,-2.2991051446857504,0.17067744466854695
29,0,22540,53,2,0.6300415893450657,-2.0917686954621164
42,0,136701,81,3,0.56939278717634,0.1609581052803555
29,1,197092,16,0,-0.03887921559369308,0.6315075275488221
35,0,124270,30,1,-0.42575553820715495,-0.7975007096389458
32,0,120508,25,1,-0.45184028443003654,-0.9763766166894076
78,0,63036,69,2,-0.45420012774669277,-0.28575842931483453
90,0,124018,37,3,-1.7541659912743994,0.4400734489207929
31,1,147286,28,0,0.3613684653304445,0.11065121384773649
63,0,76121,98,2,0.6084701088316123,-0.053052536103282456
78,1,136480,67,4,0.05596888710120116,1.4271957712130596
57,0,79757,52,2,-0.34713388403255296,-0.6987069567566065
62,1,165608,99,4,1.1645998925394696,1.905535547589598
77,1,42631,57,4,0.155291491201145,-0.05963656501160412
20,0,36107,51,2,0.7817858897142271,-2.111552549711232
60,1,150449,9,4,-0.8960471362605192,0.528285748140932
65,1,78523,8,4,-0.8165967178978522,-0.40739149564633265
41,0,171162,92,3,0.7464820801347187,0.7693047605169157
45,1,92212,96,0,1.799898546143556,0.4623172080041276
51,0,120007,90,2,0.5965051476667653,0.22304282116758647
40,1,168718,4,0,-0.5326203584417659,0.3075951966548024
79,0,149726,23,3,-1.8771649738805187,0.4027292300670768
43,1,87779,89,0,1.7006940871453726,0.26997703019529584
80,1,114390,25,4,-0.9355085603239334,0.6313861572966267
43,0,81382,85,2,0.8227415792543711,-0.5591205555422081
58,0,137191,93,2,0.4208185447883704,0.6528672380445875
26,0,115014,16,1,-0.48671154098405844,-1.2926811155283964
77,1,159184,84,4,0.4166086142259507,1.9420497607770144
88,0,36868,15,1,-1.938683936409408,-1.121126982840371
23,0,44164,52,2,0.697309390218676,-1.9209949608924957
37,0,188482,3,3,-1.3438651590373902,-0.17320292260381948
50,0,167612,93,3,0.537297462841296,0.9198517262543587
24,1,110411,41,0,0.9876670109458278,-0.4017943753227432
61,0,51954,36,1,-0.74841270565046,-1.211066806852405
56,1,163564,90,4,1.1182328129953094,1.6385483868670199
39,1,131272,73,0,1.2796936720667973,0.6089049133841365
49,0,190424,31,3,-1.003355817021038,0.4543816612111261
89,0,173188,7,3,-2.612649125770492,0.7491064908189657
31,0,21588,8,1,-0.5040576000670263,-2.622699245821269
43,1,158806,43,0,0.3571509548674115,0.7135789651621935
45,0,82126,73,2,0.47705178769526724,-0.655659637032293
42,0,33238,38,1,-0.12054093726432265,-1.8524675551441838
52,0,59812,83,2,0.6014144769733624,-0.7034534613090553
84,0,75353,95,2,-0.03300238244525868,0.33936806943237957
30,0,116424,43,3,0.04935346532210667,-0.8530101907484985
80,0,60374,8,1,-1.967600504008252,-1.039992547389004
48,1,104037,41,0,0.35536970090013975,0.010730280443306478
41,0,124453,73,2,0.44493574408054665,-0.1345402627727246
20,0,62404,81,2,1.4160344049962434,-1.3627788457204988
49,0,41368,75,2,0.5520646205046105,-1.129492928376103
71,1,180485,81,4,0.436827801138065,2.083348833675238
86,1,21685,14,4,-1.0546750916311185,-0.7046264775573161
26,1,66171,4,0,0.19030830314793934,-1.452092056744018
75,0,192178,15,3,-2.102197091073694,0.8262058034703202
51,0,170917,36,3,-0.872505232402294,0.279644981900655
50,0,123842,45,3,-0.47185288021755734,-0.30241316379449384
81,0,28993,83,2,-0.08558248337582257,-0.5354421153063096
90,1,42408,85,4,0.47578420117849757,0.557984611641725
69,0,22726,60,2,-0.2913681712139763,-1.1627085196913078
34,0,53308,22,1,-0.35457033462382515,-1.932308698030272
63,1,137480,27,4,-0.5014008645586989,0.6295672066638566
32,0,189777,51,3,-0.05702952089241699,0.33696186655610044
90,0,37896,72,2,-0.6250113608588221,-0.3560254926890534
78,0,197433,80,3,-0.6373405170058942,1.772146424274216
72,1,96336,9,4,-1.0425041154584997,0.006566985903278324
90,1,125297,47,4,-0.71478501119718,1.2705820813784021
53,1,21065,21,0,0.014440294716663927,-1.3189936593160443
45,1,162358,32,0,0.026167007812707435,0.6696086160513088
23,0,176490,87,3,1.0985685016343363,0.40559417774511464
77,0,199132,91,3,-0.3510842232350784,1.9121642008528477
68,1,183650,49,4,-0.2620245674783952,1.6679184589852643
68,1,37621,76,4,0.8742479736323447,-0.08397355646768331
76,1,24555,10,4,-0.8881812878298607,-0.9231650943282922
71,0,167709,13,3,-1.959865562672096,0.36762691704046857
84,0,165805,3,3,-2.548144456294772,0.48892750995080275
50,1,145819,36,0,0.04137337531382419,0.5878254628844631
73,1,93688,38,4,-0.36310043361275435,0.3501316722875134
86,0,64280,22,1,-1.8071256128482078,-0.6842447808810485
61,1,22365,81,4,1.23600980237941,-0.38680778258894144
86,1,97508,68,4,-0.00795460576762048,1.0504044664942822
86,1,197043,96,4,0.3341310245449126,2.8212492216197926
20,1,46542,16,0,0.7078479400408273,-1.7094518331050146
46,1,55868,36,0,0.45002384575403204,-0.7819533806422291
29,0,156844,4,1,-0.9965355994072255,-0.7809157227676667
36,0,76603,6,1,-0.8716526021935252,-1.7561987572728943
26,1,151793,91,0,1.998437997389327,0.853161773787453
90,1,164974,50,4,-0.7748063054842095,1.8750461823282316
65,1,66709,49,4,0.20932921461272042,-0.06669420293200072
74,0,194614,99,3,-0.061838102607270226,1.8840545630747516
53,1,95310,32,0,0.031733744443779535,-0.12095446438738461
18,1,31766,94,0,2.688415431590014,-0.9932038136855895
85,0,58631,38,1,-1.3760726582617477,-0.5871222489669361
31,0,184908,41,3,-0.25419918625986404,0.12208800731643432
69,0,168597,24,3,-1.643676239987309,0.475066536075082
86,1,143923,83,4,0.1983215952063056,1.9003319644170644
47,1,126088,63,0,0.8384975279944535,0.5783932510498061
78,1,133592,42,4,-0.5359690623529048,1.0751944655857633
56,0,171394,96,3,0.43349864460696796,1.137111143783362
78,1,57613,25,4,-0.691859280171042,-0.22220429802637812
77,0,20900,64,2,-0.4068793560544534,-0.9712160662929036
42,0,26908,98,2,1.3442980857260591,-1.1972316924297879
64,0,45457,73,2,0.0818545193966024,-0.7811234362833255
53,1,92556,63,0,0.7868461983295619,0.22496737051856805
84,0,189716,43,3,-1.6653210486593226,1.3278807049640968
22,1,153625,41,0,0.898134019618455,0.17397457677397393
79,0,129367,37,3,-1.4724520628060125,0.2857016622905604
75,1,147422,73,4,0.24557550267958583,1.5952275724856864
36,1,54632,70,0,1.5445722466752976,-0.5868958877802596
48,1,95976,66,0,0.9837910607655567,0.20621693823391216
62,1,134212,19,4,-0.6557803686549102,0.4624368665195794
21,0,131964,36,3,0.07421126388199868,-0.9067337836304018
53,0,90638,16,1,-1.1407160123213778,-1.074537872466193
44,1,118039,9,0,-0.3523622029151406,-0.2707714824051916
54,0,171370,43,3,-0.7872696029135163,0.4360765442344542
82,1,191038,74,4,-0.06631065447947809,2.37803685850421
49,0,178939,77,3,0.14178607106016694,0.861925507730413
65,1,94489,35,4,-0.22011137831970365,0.15641567387694616
88,1,79132,48,4,-0.48243377135584203,0.5811176067419801
54,0,151847,100,2,0.6493427792709036,0.8654339241656944
24,1,144520,57,0,1.2590107574887766,0.28464902938751896
61,0,87858,63,2,-0.21836322658749288,-0.36224830765811156
81,0,122905,89,2,-0.2541341128456591,0.8815909585639901
30,0,121350,19,1,-0.5445592453924203,-1.0808825916456515
89,0,83255,34,1,-1.6632953343567936,-0.20089990174175415
26,1,170012,96,0,2.0580422795415325,1.1757437417670722
65,0,199350,77,3,-0.3619167231377715,1.4894584657957208
49,0,165064,90,3,0.5008310543768347,0.8251572382348964
57,0,169827,52,3,-0.6472581671403064,0.5888329400970539
70,1,105273,69,4,0.42592474666984065,0.838072772210236
19,1,29528,100,0,2.8130167131907835,-0.929638501432233
30,0,43945,19,1,-0.2866362950875945,-2.1873778255299374
77,1,88891,38,4,-0.45603895139510253,0.3654991674508147
51,0,114910,79,2,0.34880208399122137,0.013466030897935325
38,0,33416,40,1,0.035913544397568456,-1.9090056886277702
56,0,129889,6,1,-1.5938216369809095,-0.5747815615743055
19,0,117857,89,2,1.4509884458681168,-0.4916401794962227
22,1,178194,80,0,1.7547024457976728,1.0099050956142939
34,1,45773,43,0,0.978866866698739,-1.0910793595167483
90,0,197563,60,3,-1.4457907183441112,1.7772507188195459
68,1,86670,76,4,0.7108106919386377,0.6171760427415448
47,0,154099,90,3,0.5918291337111138,0.626443853575374
67,1,69541,19,4,-0.5764420550160012,-0.35710231080046206
40,0,102025,92,2,1.00408571821512,-0.23998540982185312
27,0,63259,24,1,-0.148988654746869,-1.9120979913781122
72,0,88049,88,2,0.08302400524754593,0.182034807986293
81,0,188175,12,3,-2.3244300035111225,0.8576073297238415
60,0,120909,100,2,0.5890479235664702,0.549088963945752
18,0,145393,33,3,0.03896888750535154,-0.8150089828217513
35,0,113748,80,2,0.8124272949309908,-0.32647606262240086
86,1,42355,9,4,-1.2438622898017253,-0.4712948333603835
54,0,175519,42,3,-0.8251570243867252,0.48295729628304257
40,1,108967,60,0,1.013974207148681,0.14946941165145258
83,0,179249,65,3,-1.0738392586683958,1.4307027477823502
86,1,187725,32,4,-1.1748167230356916,1.8926122365995905
58,0,110854,70,2,-0.04485957211827873,-0.009477307854303193
79,1,29651,23,4,-0.6740420349104416,-0.6257901556064785
50,0,91923,95,2,0.8376273803176862,-0.13725607726399058
47,0,112655,82,2,0.5374260647347048,-0.06542283950155502
67,0,99101,91,2,0.25453810795579157,0.2723829045435061
61,0,178636,19,3,-1.579594222890163,0.3885492295383367
36,0,95623,56,2,0.2680926649229792,-0.8628747471737379
56,0,175130,7,3,-1.7205077510099982,0.08436183987552173
20,0,119228,51,3,0.5048165265944362,-0.9233477782404529
63,1,83626,9,4,-0.7550767398125742,-0.3639860309922754
24,1,126916,8,0,0.1386096495439976,-0.5760047221463631
87,1,88422,83,4,0.3560270544722369,1.1279368048563492
29,0,132406,70,3,0.6730161684191991,-0.30995931250191255
18,0,130173,18,1,-0.271252878157665,-1.2190076800078844
22,1,50221,46,0,1.363001049460394,-1.242029720096332
89,0,89495,91,2,-0.31252842686655646,0.5967364874338611
20,1,79700,31,0,0.9582980904003366,-1.0490315674747714
48,0,59682,40,1,-0.3239147627737231,-1.3236862607697473
86,1,195061,87,4,0.124173288515367,2.681058399694298
34,1,145834,15,0,-0.028297107248468806,-0.008723123719607812
24,1,181804,43,0,0.7979016713104762,0.6436174515467178
62,0,140760,84,3,0.08344148625127358,0.6759673358703994
49,1,30553,53,0,0.8617460583659272,-0.869585225789614
75,1,99008,22,4,-0.8202877973425314,0.2692911340180833
40,0,86853,17,1,-0.7500426762284093,-1.3890204097360903
86,0,25169,47,1,-1.075241846071547,-0.9326141661381409
37,1,51591,88,0,1.9605985601076412,-0.3856648732599953
85,1,45296,91,4,0.7466890871855693,0.56891542572059
51,0,106145,2,1,-1.4748001095510876,-1.0688390841591637
83,1,72561,18,4,-1.046258349757416,0.009399670899668701
62,0,170556,40,3,-1.0745900093022345,0.5550344634972916
55,0,82493,79,2,0.3478967925820957,-0.3659910764823195
51,0,132990,52,3,-0.36112870182525925,-0.06365763325974208
81,0,105873,28,1,-1.6651905323000638,-0.1200306126585072
50,0,53398,8,1,-1.1274352922908142,-1.7692639155436922
66,1,182021,3,4,-1.309007644745377,1.030941529368146
39,0,83804,49,1,0.05734587608832302,-1.0558718663609885
35,1,140109,58,0,0.9982337427977052,0.4648581216497957
76,0,196619,46,3,-1.398289936817547,1.2959643137565715
81,0,177431,59,3,-1.1576947734992526,1.2881723903943227
90,1,102613,17,4,-1.3610724854540859,0.5734557810440722
81,0,35160,35,1,-1.2611290330023666,-1.043863552161188
55,1,133224,78,0,0.9578107529579597,1.0347122082888554
63,1,147224,96,4,1.1264396226997713,1.6264373489085193
32,1,191419,87,0,1.6067654630002377,1.4958059387086649
34,0,148333,51,3,0.026605613422623974,-0.2135051468548057
59,0,124545,39,3,-0.8636461284247394,-0.17807102412441847
37,0,78571,80,2,0.8751800168752503,-0.7873570592288007
81,0,180220,86,3,-0.5173020543439879,1.6636159180741388
29,1,160434,47,0,0.8292055231203923,0.49277573013628345
30,1,58950,27,0,0.658883080538723,-1.1855150770053313
54,1,115116,74,0,0.9491297274587343,0.7051606703074471
41,0,190915,72,3,0.1994137666698064,0.803097384941925
24,1,42474,72,0,1.959977212647894,-0.9876557434434603
72,0,189517,13,3,-2.05976316994083,0.7003546828251472
68,0,106315,100,2,0.4198315010309598,0.5083495512050924
32,1,141278,52,0,0.93165585522385,0.34404156328764224
48,0,174975,30,3,-0.9487096221844128,0.20012633363076554
58,1,127988,52,4,0.2679421501588573,0.6996728434640711
64,0,194370,29,3,-1.4730894245964112,0.80070698537618
58,0,157566,80,3,0.04011476453376105,0.7825522315275449
84,1,146882,74,4,0.0263611963425931,1.7888021288696214
18,1,145431,4,0,0.14404968525438377,-0.4869598942538435
67,0,176443,81,3,-0.24379936644077205,1.2536904847828858
71,0,49778,25,1,-1.2781556742640268,-1.16903815718508
84,0,91880,48,1,-1.219007277486685,-0.008529696650506041
60,0,125270,41,3,-0.8451677052314276,-0.12186481107990565
40,1,113691,90,0,1.7201066034064225,0.5898596561681767
23,1,118168,1,0,0.026552622109364425,-0.8090423004357339
49,0,35080,62,2,0.2602052252894375,-1.3809523366896275
43,0,55174,29,1,-0.43742705926091885,-1.6297684131906156
36,1,145749,36,0,0.42283610862515447,0.2930346901104074
64,1,32794,70,4,0.8548801706837266,-0.3114872283546056
55,0,194127,15,3,-1.564077848419725,0.4343663384557761
57,0,50342,93,2,0.7374407384633594,-0.6096138577196509
73,1,76695,52,4,0.030396552770504157,0.28122067265587786
86,1,129768,16,4,-1.3666960096746357,0.8652645190197147
28,1,92333,89,0,2.093979763007949,0.020300776011336074
33,1,40143,83,0,1.9873551857138612,-0.6953962420719606
28,1,88016,84,0,1.9880523123893956,-0.10355376168006714
76,0,123394,17,1,-1.8521061576712463,-0.11121084004563198
69,1,64889,10,4,-0.831964378649236,-0.4934904452308589
79,0,180040,48,3,-1.376613819014103,1.1467819313989194
78,1,199328,71,4,-0.0571985753040908,2.375315258473821
88,1,166903,66,4,-0.341773498524146,2.0595103101645784
46,1,79062,2,0,-0.44538452853983357,-0.8729739786590915
57,0,23882,83,2,0.5849842547979054,-1.1121434749178603
60,1,81747,31,4,-0.13774986379930235,-0.18036957219870875
65,0,165140,51,3,-0.8735483731134364,0.6772842019772416
58,1,137791,54,4,0.2834022418170167,0.864662973350997
61,0,112866,18,1,-1.3845029638858433,-0.5640537760250556
19,0,182753,10,3,-0.6661861205059446,-0.5458275089190541
75,1,44458,77,4,0.6849139537933658,0.17308431546867362
42,0,100796,97,2,1.074031765844372,-0.1534402612796408
52,0,172997,52,3,-0.5216676083976239,0.5292226648091574
79,0,28720,26,1,-1.4017708114938152,-1.2897509705944703
67,1,146440,50,4,-0.08674316305296652,1.127449649608817
30,0,146159,85,3,0.9608954804643414,0.09405380419079429
32,0,50168,26,1,-0.19339633555385988,-1.9694498114230254
74,0,91442,89,2,0.04131920306625637,0.2849360642573793
89,1,68971,99,4,0.7513779328225497,1.0907164226431154
81,0,64376,27,1,-1.5509798853072294,-0.7256539810915685
75,0,113053,67,2,-0.5872957612441198,0.3414161709954397
27,1,182968,79,0,1.5785790602926295,1.1706451948788308
57,0,151989,3,1,-1.7668795583953196,-0.27516581350037606
81,0,179216,16,3,-2.1983277379590653,0.7792543247744245
22,1,61246,91,0,2.4090744129026134,-0.5251368185848567
59,1,66613,22,4,-0.2766528458362403,-0.5295516733188385
31,0,55421,26,1,-0.18366929812168525,-1.915343812927068
50,1,34413,66,0,1.1344651697874357,-0.6318487782390436
19,0,92548,69,2,1.0540722412674386,-1.1020034652746067
57,1,140202,69,4,0.6635358434188386,1.0645735353929102
71,0,37808,1,1,-1.815768841430329,-1.6384368609271256
84,1,108139,71,4,0.0832702881157708,1.1976894464127565
21,1,95521,10,0,0.37303856075934816,-1.0628901118719747
76,1,68826,88,4,0.8411730052511845,0.6791227594066748
30,0,49964,58,2,0.6317430054299028,-1.6166173420691594
48,1,38024,55,0,0.912207337421536,-0.7589157668597671
34,0,134623,89,2,0.986661916049092,0.06280292936654287
62,1,42856,61,4,0.6592517049507526,-0.32148052690469614
23,1,193452,61,0,1.219443790746952,1.0128559486649686
78,1,145772,44,4,-0.5284294261288203,1.2741635266908655
75,1,160685,42,4,-0.5445542276709393,1.3995306379465056
34,0,30040,54,2,0.4929597271796914,-1.8672033364120566
46,0,128043,22,1,-0.9303646473387128,-0.6121606829858068
52,1,47555,33,0,0.24215238174776113,-0.8121627898326879
61,1,179257,49,4,-0.05677181050649171,1.4582259828848108
21,1,119678,42,0,1.062542707981037,-0.31985003716077803
75,1,50537,49,4,-0.009090473412053502,-0.0880209185476721
23,0,32122,30,1,0.20806102544317512,-2.366565480805458
47,1,96300,79,0,1.3227539126825796,0.3514366692022983
85,0,75509,44,1,-1.2879375549135244,-0.27128100827333096
21,0,87459,54,2,0.6556313865234115,-1.3192107082328373
35,0,174980,90,3,0.849019211346275,0.6731151432667766
22,1,50370,73,0,2.012190572295069,-0.9043246772360303
77,1,73499,26,4,-0.6935002576251434,-0.0036721263509550753
41,1,52933,40,0,0.6922067921317125,-0.8791190716087495
83,0,58684,9,1,-2.0195988044647084,-0.9887671599095885
74,1,164052,16,4,-1.15416637132551,1.1035300935732202
21,0,116774,50,3,0.4617004332069328,-0.9498711135159826
69,0,117234,42,3,-1.039404420515065,-0.035444679774410286
66,0,62751,90,2,0.3788289973770192,-0.28064972273862376
89,0,146791,25,3,-2.0915670792755785,0.595481264364927
78,0,88067,98,2,0.16020440997272295,0.43248924820264234
68,0,172529,21,3,-1.701734802937595,0.47300287443079136
63,0,36815,85,2,0.426630737815971,-0.7765003125117798
26,0,91588,10,1,-0.5530279055092603,-1.7021252344788877
80,0,38628,22,1,-1.5582659388794495,-1.176847114576379
25,0,20022,80,2,1.3970405930920575,-1.8761281366639249
86,0,55631,64,2,-0.7676834036035195,-0.28587548340851365
24,1,52689,74,0,1.9740644697924488,-0.8167761227437922
49,1,83901,37,0,0.2989848650842776,-0.3058412566891668
80,0,55009,1,1,-2.1181607796990694,-1.2036855351965572
69,1,59817,55,4,0.2677461623791445,-0.006702236954127387
30,0,152280,33,3,-0.31074757064869607,-0.4647400276388064
27,0,68612,14,1,-0.40744995487182073,-1.9598645716205594
72,1,189228,76,4,0.26015215180664075,2.167170446162032
68,0,107321,87,2,0.10366760352881065,0.3611570020860899
47,0,85549,56,2,0.002123015767172908,-0.7760462714420681
68,1,131993,18,4,-0.8358328982579717,0.5441978750207513
69,1,153580,63,4,0.14781590874075876,1.4330583149380194
38,1,186529,93,0,1.604050146348501,1.626386274407686
46,0,188780,48,3,-0.5071242137280906,0.5792138788657251
86,0,76567,54,2,-1.0780691702952319,-0.1108849390515319
58,1,138382,9,4,-0.8013770578146077,0.3138194050453851
78,0,93871,100,2,0.18898965993162503,0.5403141505163718
30,0,65475,78,2,1.0613073473225734,-1.1463152965413823
23,1,117546,7,0,0.17299987105973844,-0.7433614704775464
53,0,165892,17,3,-1.367409122119457,0.01363778083518207
42,1,176655,95,0,1.5761537045991696,1.594036075929741
84,1,79241,99,4,0.8533104210637883,1.1325997997107313
23,1,45497,16,0,0.6296379757220152,-1.661434955246548
79,0,149822,66,3,-0.842799732042286,0.9385359661208788
32,1,115774,15,0,0.12632785324427084,-0.4803972536930042
33,0,167972,33,3,-0.44472727102140464,-0.17746973295298651
65,0,102366,52,2,-0.6403152638730235,-0.20763392603499528
61,1,50353,89,4,1.3352499131399638,0.11270699695337179
37,1,119867,27,0,0.26528542539447975,-0.1678187691100927
33,0,117485,21,1,-0.5652477343995902,-1.0483198618838692
33,1,72742,23,0,0.4349846339907429,-0.9751198859515744
38,1,46926,48,0,0.9864144433196124,-0.928513786620276
31,1,89150,55,0,1.2047707542463386,-0.3848208598470366
77,1,41613,47,4,-0.0819408558020182,-0.19847582964235697
23,1,148785,90,0,2.0660906098480063,0.7347790371860379
56,0,183515,46,3,-0.8100122525779115,0.6889440108677276
40,1,41682,45,0,0.8772394049585764,-0.9987922446740817
76,0,123088,79,2,-0.3592149516952465,0.6549947987174528
68,1,94346,72,4,0.5889835396898694,0.6771887158639024
71,0,159312,71,3,-0.5362639318186299,0.9684578462936063
32,0,43705,62,2,0.6943871849849252,-1.6144041506292388
60,0,143348,18,3,-1.4588420476763344,-0.14930223453230673
80,1,180777,89,4,0.3832782822641495,2.375817684045946
25,0,163168,17,3,-0.5958734506833135,-0.6128817362180904
25,0,98719,30,1,-0.06830969869903694,-1.37259929785835
51,0,48984,16,1,-0.947458422336562,-1.7119468482719566
26,0,43788,31,1,0.11155889546315743,-2.124417667852772
89,1,104048,57,4,-0.3761256126492033,1.0701322300229017
82,0,108995,49,3,-1.197512756142723,0.20658587393234182
42,0,45016,9,1,-0.8575975759819986,-2.0445349721610904
74,1,163830,96,4,0.7715689424202293,2.0946532394071
66,1,99887,66,4,0.480606934602657,0.6398543849102711
89,0,169293,42,3,-1.757484940865087,1.1284326974114727
36,1,97727,4,0,-0.1871469326082308,-0.7911527104408318
18,1,68947,13,0,0.6154657536735484,-1.4684311745435068
64,1,182320,17,4,-0.9186683675009801,1.1672475865713137
18,1,128684,83,0,2.1007858802799917,0.25551164182610897
30,0,75517,39,1,0.08941082563272541,-1.4874857024695003
50,0,155741,2,1,-1.6128293848295503,-0.3808551946208853
53,1,154076,68,0,0.7021662395264122,1.1665319639412908
72,1,85407,23,4,-0.6692131205570377,0.024340142311618265
65,0,43602,67,2,-0.08356973933975027,-0.8612276761545264
86,0,159716,53,3,-1.3791942776295767,1.0652913814597984
75,0,139075,20,3,-1.80493916042797,0.12924829633728488
84,0,49928,65,2,-0.6701565086395652,-0.39694049866342335
42,1,32677,55,0,1.093408261878771,-0.9612605496989463
30,0,90486,66,2,0.6892182914488936,-0.9379305289178336
23,1,58961,13,0,0.512586942612252,-1.5062548055169018
76,0,101118,79,2,-0.2860082180450039,0.340936271639903
36,1,110694,67,0,1.285579454802083,0.1772175863212331
58,0,190150,37,3,-1.1031442440632306,0.7139021939213683
30,1,142340,93,0,1.9691387320229377,0.8268297200477713
65,1,163001,40,4,-0.3280895383828667,1.1979300725489284
28,1,159098,5,0,-0.14973476442437467,-0.06931295962808186
59,1,181749,71,4,0.5187596801160285,1.7253103742062863
85,0,160115,47,3,-1.4976677857582117,0.9754377837583028
29,0,126116,15,1,-0.6294592433775651,-1.0834530304749488
36,1,123305,16,0,0.01637337275875287,-0.27637376271043546
83,1,142213,24,4,-1.133972684809643,1.0796389410876124
56,0,97511,81,2,0.31874918737017693,-0.10546813482973119
59,1,70406,69,4,0.8416433178545748,0.10881806682940051
42,0,21674,70,2,0.6879899615604756,-1.620054910826121
90,1,56240,79,4,0.2853196126050146,0.681139154587244
55,1,157828,2,4,-0.9529185950369391,0.4418416720386759
36,0,45692,39,1,0.025407317467995426,-1.7879204605666703
42,1,131501,66,0,1.0288014700770152,0.5881325158277608
74,1,149697,99,4,0.8908491655532976,1.9299098145470541
26,1,143667,36,0,0.7020803626968799,0.053422655008118
81,1,81160,7,4,-1.2851368096812315,-0.046364453221154206
75,0,105690,56,2,-0.8274482350948367,0.09944718125570531
34,0,36017,76,2,1.0024174155595946,-1.5083312674196834
67,1,111685,27,4,-0.5243714718636784,0.3447707987058838
34,0,161881,20,3,-0.7644737718705649,-0.4051280404191529
88,1,28464,94,4,0.7932706767898803,0.4285451461843604
48,1,35208,23,0,0.15159236166867623,-1.1968887943992756
42,1,133177,57,0,0.8066548295553171,0.5002323671862746
65,1,140636,37,4,-0.32575395064809015,0.8409389447791873
45,1,171598,49,0,0.40443975622181133,1.0129813424022482
70,1,139651,90,4,0.816684376139772,1.590505037888646
76,1,100524,74,4,0.39867715594909053,0.9582399784591283
53,0,68053,3,1,-1.3782718054292225,-1.5589609501371517
35,0,192517,34,3,-0.5569131305613618,0.22779683805384554
50,0,190722,7,3,-1.6090781417963878,0.18133756220142316
76,0,48942,81,2,-0.06402649939966298,-0.38005600401433937
69,0,83955,97,2,0.39491975067206997,0.17241490720492678
57,1,181803,86,4,0.9339777721804459,1.8705428932757837
41,1,113944,61,0,0.9942220002403827,0.2540287494477393
88,0,24429,74,2,-0.4775514212015573,-0.5656472534101818
33,1,31512,96,0,2.328926518085519,-0.6572021576305327
59,1,58176,76,4,1.050832290795097,0.020992630243258068
40,0,101795,49,1,-0.02983301919393069,-0.7777076598778577
50,1,161805,43,0,0.15654317680804505,0.9033443776874944
41,1,95810,65,0,1.150896490700996,0.04452021486989621
27,0,80285,18,1,-0.35009604292339586,-1.743285599753226
26,0,179159,55,3,0.23798480094654773,0.10898359846991701
79,0,126265,23,1,-1.7989900454249732,0.06735703599486934
81,1,70574,35,4,-0.576114505891304,0.15031375387036155
24,0,166849,74,3,0.7906510360358981,0.12718904410119203
55,1,150652,91,0,1.2125503023441067,1.44541658663624
35,0,54239,7,1,-0.7458398899743551,-2.084445769062027
72,0,173180,2,3,-2.2700131755267643,0.33010343446029083
69,0,32370,39,1,-0.8288145020380714,-1.2858515510043147
32,1,59424,26,0,0.578779854680691,-1.1491979924781643
71,0,65773,60,2,-0.48926740798872326,-0.5053867751910046
55,1,71393,85,0,1.3322763392706112,0.23784639839485877
45,0,68342,79,2,0.6673564343836699,-0.7781280257083664
40,0,27768,88,2,1.1552693674304082,-1.3511951900014936
35,0,105107,49,1,0.09528437813872294,-0.835288062118644
70,0,108936,6,1,-1.905233156749725,-0.5805120639368602
29,0,97723,30,1,-0.1739136145061722,-1.3028969614833161
22,1,73361,74,0,1.9596441862458573,-0.5632423694355196
18,0,112337,48,3,0.5100522040877629,-1.1011099421306474
26,0,94312,5,1,-0.6824168313955136,-1.7253295177709727
19,1,78045,2,0,0.2932325321275089,-1.4541071251386923
