Age,Gender,Annual_Income,Spending_Score
-0.6666666666666666,0.0,0.4653944776431488,0.7755102040816326
0.1111111111111111,-1.0,0.8352647275688644,0.8979591836734694
0.2222222222222222,-1.0,-0.42125304015759296,0.5102040816326531
-0.8611111111111112,0.0,-0.5913037736471987,0.12244897959183673
-0.8333333333333334,0.0,0.49040905939449964,0.5102040816326531
-0.3333333333333333,0.0,0.54084541142549,-0.22448979591836735
-0.75,-1.0,0.5976977340508656,-0.2857142857142857
-0.8333333333333334,0.0,-0.42605126173418295,-0.6938775510204082
0.8055555555555556,0.0,-0.6762300945337691,-0.3469387755102041
0.2222222222222222,-1.0,-0.5033950719182981,-0.9795918367346939
-0.4722222222222222,0.0,0.6754487327632694,0.4897959183673469
0.25,-1.0,-0.21828606644876578,0.5918367346938775
-0.8055555555555556,0.0,-0.2378641310926959,-0.6938775510204082
-0.6111111111111112,-1.0,0.5579803448996885,0.9183673469387755
-0.08333333333333333,-1.0,0.28491091375306765,0.7346938775510204
0.2777777777777778,-1.0,-0.8399198829057853,0.6122448979591837
-0.9722222222222222,0.0,0.984867993881167,0.6326530612244898
0.9722222222222222,0.0,-0.775661131103701,0.9387755102040817
0.3055555555555556,0.0,-0.24123169027259622,-0.9795918367346939
-0.7777777777777778,0.0,-0.7007164317078808,-0.7959183673469388
-0.9166666666666666,0.0,0.998041093026071,-0.04081632653061224
0.4444444444444444,0.0,0.601296400233308,-0.30612244897959184
-0.8333333333333334,0.0,-2.2010190718302575e-05,-0.9183673469387755
-0.4166666666666667,-1.0,-0.6710687048103272,-0.30612244897959184
0.19444444444444445,0.0,0.3566311202086566,-0.12244897959183673
-0.9722222222222222,-1.0,0.9167464536080205,0.12244897959183673
0.6944444444444444,0.0,0.003961834329294463,-0.8979591836734694
0.19444444444444445,-1.0,-0.7820000660305721,-0.7346938775510204
0.5277777777777778,-1.0,0.6797737352394159,0.08163265306122448
0.1111111111111111,0.0,-0.3131940088260865,-0.5714285714285714
1.0,-1.0,0.15291580001540714,-0.5306122448979592
-0.4166666666666667,-1.0,0.2922733225483399,0.8979591836734694
-0.5277777777777778,-1.0,-0.41619069629238337,0.02040816326530612
0.6944444444444444,0.0,0.6060395963331022,0.9183673469387755
0.08333333333333333,-1.0,-0.03794556879835364,-0.8979591836734694
0.6111111111111112,0.0,0.8828507599018346,0.7346938775510204
-0.3888888888888889,0.0,-0.4939196848140689,0.22448979591836735
0.7777777777777778,-1.0,-0.2665874299800808,0.30612244897959184
0.8333333333333334,-1.0,-0.808753452848669,-0.9387755102040817
0.05555555555555555,-1.0,-0.7242893459671828,0.02040816326530612
-0.9166666666666666,-1.0,0.09846258817832657,-0.16326530612244897
0.027777777777777776,0.0,-0.35243817887681994,0.7142857142857143
-0.8333333333333334,0.0,0.11810668339441162,0.5918367346938775
-0.25,0.0,-0.2945513772876842,-0.24489795918367346
-0.7222222222222222,0.0,0.44667481043723245,-0.7346938775510204
0.3611111111111111,-1.0,0.22333740521861623,0.5918367346938775
0.4166666666666667,-1.0,-0.39300296037065163,0.5306122448979592
-0.7777777777777778,-1.0,-0.3073833184764546,-0.4489795918367347
-0.25,0.0,0.4174892975447632,-1.0204081632653061
-0.4166666666666667,-1.0,-0.7089042226550893,-0.7959183673469388
-0.75,-1.0,0.9844828155435967,-0.5306122448979592
0.1111111111111111,-1.0,-0.2642213344778632,-0.7142857142857143
-0.2222222222222222,0.0,-0.23604829035843597,-0.9795918367346939
-0.25,-1.0,0.311488219045418,0.3469387755102041
0.25,-1.0,-0.5795173165175477,-1.0
-0.5,0.0,-0.5021184808566366,-0.5714285714285714
-0.8055555555555556,-1.0,0.9802788691164009,-0.4489795918367347
0.2222222222222222,0.0,-0.9523259269041566,-0.24489795918367346
-0.5,0.0,0.18074768617870074,-0.32653061224489793
-0.16666666666666666,-1.0,0.6748214423277977,0.061224489795918366
-0.1111111111111111,-1.0,-0.08924031826735779,-0.3877551020408163
-0.16666666666666666,-1.0,-0.6990766724993672,0.8979591836734694
-0.1388888888888889,-1.0,0.886372390416763,-1.0
0.7222222222222222,-1.0,-0.8635918430233198,-0.04081632653061224
-0.5833333333333334,-1.0,0.28330416983063156,0.7959183673469388
-0.9166666666666666,0.0,-0.5856031342511583,-0.3469387755102041
-0.4444444444444444,-1.0,-0.7983096173528343,0.8163265306122449
0.8055555555555556,-1.0,0.70837597807785,0.04081632653061224
0.0,-1.0,-0.8804406440181805,0.20408163265306123
0.75,-1.0,0.8740466836145135,-0.12244897959183673
-0.2777777777777778,0.0,-0.0847172240747466,0.08163265306122448
-0.8611111111111112,0.0,0.6583027941937117,-0.40816326530612246
-0.4166666666666667,-1.0,0.40135582774824746,0.6122448979591837
0.5833333333333334,-1.0,0.09764821112174937,-0.32653061224489793
-0.9722222222222222,-1.0,-0.14635676318135296,0.8571428571428571
-0.8333333333333334,0.0,0.497562371377948,0.5714285714285714
-0.2777777777777778,-1.0,0.040256638823775406,-0.7551020408163265
0.027777777777777776,-1.0,0.20096404635346166,-0.40816326530612246
0.16666666666666666,0.0,-0.11404580320688479,-0.4897959183673469
-0.5833333333333334,0.0,-0.4536410357995752,-0.4897959183673469
-0.05555555555555555,-1.0,-0.532701640859718,-0.8571428571428571
0.5,-1.0,-0.47073194889233716,0.04081632653061224
0.5,0.0,0.4771149042006449,0.16326530612244897
0.5,-1.0,-0.8108884413483443,0.42857142857142855
0.3888888888888889,0.0,0.645812010961075,-0.5510204081632653
0.3055555555555556,0.0,-0.9485071588145312,-0.3877551020408163
0.75,-1.0,0.025025586846710027,-0.3469387755102041
0.2777777777777778,-1.0,0.12412647055586737,-0.6326530612244898
0.6111111111111112,0.0,-0.2559344976724223,-0.061224489795918366
-0.6666666666666666,-1.0,-0.10753078675426722,-0.9591836734693877
0.3888888888888889,-1.0,0.937072864736373,-0.32653061224489793
0.4444444444444444,0.0,0.8566696380424136,-0.7551020408163265
0.08333333333333333,0.0,0.6128627554557761,-0.8571428571428571
1.0,-1.0,-0.8244357137354595,0.9591836734693877
0.3055555555555556,0.0,-0.1289797176092531,0.32653061224489793
-0.5,-1.0,0.3702774384540042,-0.22448979591836735
0.5,-1.0,-0.5184060219881805,0.16326530612244897
0.19444444444444445,0.0,0.6334752990634663,0.8571428571428571
-0.2222222222222222,0.0,-0.725466891170612,0.061224489795918366
0.3888888888888889,0.0,0.05415607426238348,-0.1836734693877551
-0.6388888888888888,-1.0,-0.3687477301990822,0.2857142857142857
-0.08333333333333333,0.0,0.958466770114563,-0.40816326530612246
-0.4722222222222222,-1.0,0.2597532657620478,-0.5918367346938775
-0.8055555555555556,0.0,0.3566531303993749,0.24489795918367346
-0.6666666666666666,0.0,0.9459759868819263,-0.4897959183673469
-0.9166666666666666,-1.0,0.7254778962659711,-0.3673469387755102
0.3055555555555556,0.0,-0.30502822806959623,-0.8367346938775511
-0.9166666666666666,0.0,0.6928477885260875,0.5918367346938775
-0.8888888888888888,-1.0,-0.029889838995454894,0.46938775510204084
0.4444444444444444,-1.0,0.9801578130674502,-0.7755102040816326
0.4722222222222222,0.0,0.4353175520265883,-0.7755102040816326
-0.75,-1.0,-0.7585482078202208,0.5306122448979592
-0.9166666666666666,-1.0,0.07291976184973643,0.08163265306122448
-0.027777777777777776,0.0,0.44779733016386586,-0.3877551020408163
-0.08333333333333333,-1.0,-0.2328788228950004,0.673469387755102
-0.1388888888888889,-1.0,0.9315703170567973,-0.16326530612244897
0.05555555555555555,-1.0,-0.6011643390889982,-0.673469387755102
0.027777777777777776,0.0,0.2808940539469775,0.9183673469387755
0.8333333333333334,0.0,0.8628655067296158,-0.14285714285714285
-0.4444444444444444,0.0,0.22590159243729846,0.40816326530612246
-0.2222222222222222,-1.0,-0.6704854347562922,0.22448979591836735
-0.75,0.0,0.7708408993363928,0.9387755102040817
-0.027777777777777776,-1.0,0.5184280321788989,-0.32653061224489793
0.3055555555555556,0.0,0.515390625859773,-0.04081632653061224
-0.8888888888888888,0.0,0.5411535540955462,0.6530612244897959
-0.8611111111111112,-1.0,0.05856911750140315,-0.5306122448979592
-1.0,-1.0,-0.14078818492962242,0.2653061224489796
-0.2777777777777778,-1.0,0.6859145784498223,0.5102040816326531
-0.4444444444444444,-1.0,0.7961966390438773,0.3469387755102041
0.0,0.0,-0.6799718269558805,-0.1836734693877551
0.9444444444444444,-1.0,0.6441832568479205,0.0
-0.8333333333333334,-1.0,0.837564792498927,0.8979591836734694
0.4444444444444444,0.0,0.5613258938888706,-0.3469387755102041
-0.3333333333333333,-1.0,0.09629458439257377,0.6326530612244898
0.5555555555555556,0.0,0.8996445354198994,0.2857142857142857
-0.8888888888888888,-1.0,0.31947791827616184,-0.6326530612244898
0.6666666666666666,0.0,-0.15875950565111646,0.4897959183673469
-0.2777777777777778,-1.0,-0.2773173979552533,-1.0204081632653061
0.4444444444444444,0.0,-0.29216327159474836,0.10204081632653061
0.1111111111111111,-1.0,0.15564506366447664,0.8163265306122449
-0.4444444444444444,0.0,-0.4265024706439081,-0.5510204081632653
0.9444444444444444,0.0,0.8793401344822653,-0.02040816326530612
-0.5833333333333334,-1.0,0.7555878371686091,-0.4489795918367347
0.1388888888888889,-1.0,-0.13696941683999692,0.9387755102040817
0.5,-1.0,-0.2858243366678772,-0.3877551020408163
-0.75,0.0,-0.7721505056841318,-0.4489795918367347
-0.5277777777777778,-1.0,0.33020788625133435,-0.3673469387755102
-0.4722222222222222,-1.0,0.3833074713592393,-0.12244897959183673
-0.2777777777777778,-1.0,0.8511010597906831,-0.9183673469387755
-0.6944444444444444,0.0,-0.6714538831478974,0.04081632653061224
0.1111111111111111,-1.0,0.3329811702818405,-0.32653061224489793
-0.4166666666666667,-1.0,0.10874134724377386,-0.9795918367346939
-0.5833333333333334,0.0,0.7990249485511792,-1.0204081632653061
0.3055555555555556,-1.0,0.4578890026082076,-0.14285714285714285
-0.05555555555555555,-1.0,-0.360879087017289,-0.40816326530612246
-0.25,-1.0,-0.5610507665048917,0.2653061224489796
0.7777777777777778,0.0,0.14565243707836728,-0.10204081632653061
0.1388888888888889,-1.0,-0.6951918738375868,0.5510204081632653
-0.5555555555555556,-1.0,-0.5252401862062135,0.42857142857142855
-0.05555555555555555,0.0,-0.872406924406,-0.9795918367346939
0.1388888888888889,0.0,0.9364785895869787,-0.08163265306122448
-0.25,-1.0,-0.14073315945282666,-0.16326530612244897
-0.6944444444444444,0.0,0.4083660734920268,0.6326530612244898
0.8055555555555556,0.0,0.43189496736989225,0.40816326530612246
-0.7777777777777778,0.0,0.020249375460838367,0.9183673469387755
0.6944444444444444,0.0,-0.9030120945997997,-0.061224489795918366
-0.1388888888888889,0.0,0.9730485214654385,-0.3673469387755102
-0.9722222222222222,-1.0,-0.5943411799663244,-0.3877551020408163
-0.16666666666666666,-1.0,-0.1783815906764832,0.3877551020408163
-0.8888888888888888,0.0,-0.7554997964057358,-0.22448979591836735
0.0,0.0,-0.23142615030759242,-0.22448979591836735
0.8055555555555556,0.0,0.624209008771061,0.02040816326530612
0.16666666666666666,0.0,0.6399573002300065,-0.3469387755102041
0.6666666666666666,-1.0,-0.20186646417291207,0.5306122448979592
-0.5833333333333334,-1.0,-0.8096558706681194,0.4489795918367347
-0.75,-1.0,-0.7485005557573157,-0.02040816326530612
-0.5833333333333334,-1.0,0.12324606292713526,0.0
0.027777777777777776,0.0,-0.3822509822047608,-0.7755102040816326
-0.2222222222222222,-1.0,0.7912113308461818,0.2653061224489796
0.9166666666666666,-1.0,-0.6886658522896101,0.5102040816326531
0.6944444444444444,0.0,-0.2845587507015748,0.4489795918367347
-0.9722222222222222,-1.0,0.6228663871372445,-0.14285714285714285
-0.8888888888888888,-1.0,-0.10458142119801468,0.0
-0.6388888888888888,0.0,-0.279914600460013,-0.8775510204081632
0.8333333333333334,0.0,0.5042754795470302,0.5918367346938775
-0.75,0.0,-0.5826097483134691,1.0
-0.9444444444444444,0.0,0.030186976570151982,-0.24489795918367346
-0.5,0.0,0.9041786347078697,0.9795918367346939
0.6388888888888888,-1.0,-0.15675657829575093,0.8367346938775511
0.3611111111111111,-1.0,-0.5076210285362123,-0.5102040816326531
-0.7777777777777778,0.0,-0.29144794039640354,-0.9591836734693877
-0.5555555555555556,-1.0,0.2880913863118624,-0.4897959183673469
-0.3888888888888889,0.0,-0.7153091881541154,0.3877551020408163
-0.3611111111111111,0.0,-0.8393256077563912,0.8979591836734694
0.08333333333333333,0.0,-0.09718599711666502,-0.673469387755102
-0.5277777777777778,-1.0,-0.887395864285164,-0.673469387755102
0.8611111111111112,-1.0,0.361605423310993,-0.8163265306122449
0.25,-1.0,0.025707902758977406,0.8163265306122449
-0.5277777777777778,0.0,-0.8380270065040114,-0.7346938775510204
0.6388888888888888,0.0,0.5298073007802613,0.12244897959183673
-0.8055555555555556,0.0,-0.4100828683680544,-0.24489795918367346
-0.7222222222222222,0.0,0.9374250277878657,-0.6530612244897959
-0.6388888888888888,0.0,-0.2600173880506675,-0.46938775510204084
0.8611111111111112,-1.0,0.23001749810162106,-0.2857142857142857
1.0,0.0,-0.7376605368285516,0.8775510204081632
-0.7222222222222222,0.0,0.554953943675922,0.40816326530612246
0.4444444444444444,0.0,-0.6921654726138202,0.061224489795918366
-0.2222222222222222,0.0,-0.3856515566707385,-0.061224489795918366
0.4722222222222222,0.0,0.8947252577943587,0.4897959183673469
0.75,-1.0,0.17302210923657654,-0.5510204081632653
-0.5277777777777778,0.0,-0.27490728207159915,0.04081632653061224
-0.4722222222222222,0.0,0.28166441062211806,-0.9183673469387755
0.4722222222222222,0.0,0.8449272012941992,-0.9183673469387755
-0.1111111111111111,0.0,0.34869644645470854,0.6530612244897959
0.3055555555555556,0.0,0.7464756182112318,1.0
0.8055555555555556,0.0,0.46219199489363577,0.7551020408163265
-0.4166666666666667,-1.0,-0.8363762422001386,-1.0
-0.6111111111111112,-1.0,0.5950895264507466,0.2653061224489796
-0.7777777777777778,0.0,-0.7576457900007704,-0.5714285714285714
-0.8333333333333334,0.0,0.8240615404932484,-0.6122448979591837
0.3055555555555556,-1.0,-0.708882212464371,-0.30612244897959184
-0.5,-1.0,0.11348454334356807,0.02040816326530612
-0.3611111111111111,-1.0,0.04995212783518769,0.061224489795918366
0.8055555555555556,-1.0,0.9334301781724939,0.08163265306122448
0.19444444444444445,-1.0,-0.5404162127064831,-0.30612244897959184
0.8333333333333334,-1.0,0.386047740103668,-1.0204081632653061
-0.5833333333333334,-1.0,0.004930282720899777,-0.04081632653061224
0.9722222222222222,-1.0,-0.23142615030759242,-0.02040816326530612
-0.5277777777777778,-1.0,0.8085773713229225,0.3469387755102041
0.9722222222222222,-1.0,-0.19865297632803988,0.16326530612244897
-0.3888888888888889,0.0,0.7855437067362189,-0.5714285714285714
0.4166666666666667,-1.0,-0.5634168620071093,-0.32653061224489793
0.9444444444444444,-1.0,0.6996049170766064,0.3673469387755102
-0.5555555555555556,-1.0,-0.774934794809997,0.673469387755102
0.9444444444444444,0.0,-0.3203693310002531,-0.8571428571428571
0.19444444444444445,-1.0,-0.9387566443263231,0.16326530612244897
0.16666666666666666,-1.0,0.8878580782902484,0.9591836734693877
0.6666666666666666,-1.0,-0.9447654263924197,0.8163265306122449
-0.5277777777777778,-1.0,-0.35605885524998077,-0.4489795918367347
-0.027777777777777776,0.0,0.6699351799883346,-0.46938775510204084
-0.5833333333333334,0.0,-0.10751978165890808,0.2653061224489796
0.8888888888888888,0.0,0.7241022593460772,0.40816326530612246
1.0,-1.0,0.0966907678255032,0.6938775510204082
0.8333333333333334,0.0,-0.38204188539293693,0.061224489795918366
0.0,-1.0,-0.06703203583259049,-0.04081632653061224
-0.9444444444444444,0.0,0.8759395600162876,-0.6122448979591837
0.8888888888888888,-1.0,-0.8914457393773317,-0.2857142857142857
0.5277777777777778,-1.0,0.39920983415321293,0.061224489795918366
-0.5277777777777778,-1.0,0.12415948584194482,0.8775510204081632
0.9444444444444444,-1.0,-0.791156305369386,-0.9591836734693877
0.0,-1.0,0.042611729230633784,0.2857142857142857
-0.9722222222222222,0.0,0.4502954868103932,0.20408163265306123
0.8333333333333334,0.0,-0.9545599612620643,-0.061224489795918366
0.16666666666666666,-1.0,-0.7302541076518428,-0.3877551020408163
-0.4166666666666667,-1.0,-0.30479712106705403,0.30612244897959184
0.8611111111111112,-1.0,-0.5415497375284757,-0.2653061224489796
0.16666666666666666,-1.0,-0.19240208216404195,0.7755102040816326
0.8611111111111112,0.0,-0.8582103513926949,0.0
0.7777777777777778,-1.0,0.5604014658787019,-0.14285714285714285
-0.2777777777777778,0.0,0.997457822972036,-0.9591836734693877
-0.16666666666666666,0.0,0.1734623130509426,-1.0204081632653061
-0.9166666666666666,-1.0,-0.733687697403898,-0.061224489795918366
0.9166666666666666,0.0,-0.6009772524678927,0.8775510204081632
-0.3611111111111111,0.0,-0.4528046485522797,-0.2857142857142857
-0.05555555555555555,-1.0,0.35118359800587673,-0.42857142857142855
0.6111111111111112,-1.0,-0.3803471007076276,-0.4897959183673469
0.5,-1.0,-0.42718478655617553,-0.9591836734693877
0.3611111111111111,0.0,-0.9505100861698966,-0.6530612244897959
-0.6111111111111112,-1.0,-0.2814002883334984,0.5306122448979592
0.4722222222222222,-1.0,-0.138576160762433,-0.3673469387755102
-0.4444444444444444,0.0,-0.593515797814388,0.04081632653061224
0.08333333333333333,-1.0,-0.9097141976735228,0.16326530612244897
0.7222222222222222,0.0,0.4741765437397515,-0.02040816326530612
0.16666666666666666,0.0,0.45596311092035613,0.0
-0.027777777777777776,0.0,0.7536069200039618,-0.5102040816326531
0.8333333333333334,-1.0,0.3277537499862436,0.7959183673469388
-0.7777777777777778,0.0,-0.624286044438575,0.4897959183673469
-0.5555555555555556,-1.0,0.32881023914072216,0.24489795918367346
0.3611111111111111,-1.0,0.9295673897014317,-0.5714285714285714
-0.6388888888888888,-1.0,0.4980906159551873,-0.2653061224489796
0.75,-1.0,0.0855536113220421,0.7755102040816326
0.3611111111111111,0.0,0.1508248318971684,-0.20408163265306123
-0.6111111111111112,-1.0,0.739289290941706,-1.0
-0.6111111111111112,-1.0,0.10417423266972609,-0.6122448979591837
0.75,0.0,-0.4492279925605555,0.8571428571428571
0.6388888888888888,0.0,-0.035920631252269804,-0.8979591836734694
-0.75,-1.0,0.17072204430651391,-0.6938775510204082
0.1388888888888889,-1.0,0.41639979310420727,-0.04081632653061224
-0.4722222222222222,-1.0,0.01832348377298689,-1.0204081632653061
-0.19444444444444445,0.0,-0.4235641101830147,0.30612244897959184
-0.7222222222222222,0.0,-0.2934728779424874,-0.8367346938775511
0.25,0.0,-0.735800675712855,0.7551020408163265
-1.0,0.0,0.7634234650643248,0.7959183673469388
0.027777777777777776,0.0,0.2279925605555372,-0.24489795918367346
-0.2222222222222222,-1.0,0.2794193711688512,-1.0204081632653061
0.5,-1.0,-0.019963242981500436,-0.2653061224489796
0.6666666666666666,-1.0,0.17604851046034314,0.8979591836734694
0.2222222222222222,0.0,0.8493952700100147,0.20408163265306123
0.16666666666666666,-1.0,0.2010851024024123,-0.40816326530612246
0.6111111111111112,-1.0,-0.3803360956122685,-0.2857142857142857
-0.6111111111111112,0.0,-0.1558651655716597,-0.9387755102040817
0.6388888888888888,-1.0,0.19066327709729605,0.02040816326530612
0.05555555555555555,0.0,0.630107739883566,0.7755102040816326
0.2777777777777778,0.0,0.5449503119944534,-1.0
0.3611111111111111,-1.0,0.12604135714835968,0.7346938775510204
-0.05555555555555555,0.0,-0.5693155931196143,-0.32653061224489793
0.1111111111111111,-1.0,-0.8796372720569624,0.6530612244897959
-0.1111111111111111,0.0,0.8973554755851959,-0.10204081632653061
0.0,-1.0,0.8261855238975646,-0.7755102040816326
-0.8611111111111112,0.0,0.36509403853984396,-0.2857142857142857
0.1388888888888889,0.0,0.9283128088304885,-0.08163265306122448
-0.8888888888888888,-1.0,0.22312830840679235,0.8367346938775511
0.6388888888888888,0.0,-0.4843452518516073,0.4897959183673469
-0.027777777777777776,0.0,-0.8677187537830016,-0.5102040816326531
-0.2222222222222222,-1.0,-0.7738122750833636,0.4489795918367347
0.08333333333333333,0.0,0.28723298887384857,-0.24489795918367346
0.6111111111111112,-1.0,0.8816732146984053,-0.24489795918367346
-0.5555555555555556,0.0,0.46135560764634026,-0.32653061224489793
0.9722222222222222,0.0,-0.47175542276073823,0.7142857142857143
-0.5555555555555556,-1.0,0.7139995818063763,-0.7346938775510204
0.2777777777777778,0.0,-0.35805077750998715,-0.7142857142857143
-0.8333333333333334,0.0,0.3761761695665093,-0.5306122448979592
0.027777777777777776,-1.0,0.028327115454455414,-0.673469387755102
0.8333333333333334,0.0,0.364224636006471,-0.24489795918367346
0.5,-1.0,0.4306954119757448,0.8979591836734694
-0.027777777777777776,-1.0,-0.08946042017454081,0.20408163265306123
0.8611111111111112,0.0,0.580342698669484,-0.5102040816326531
0.8611111111111112,-1.0,0.7049313832304357,0.673469387755102
-0.25,0.0,0.9633310222633079,-0.6530612244897959
-0.3055555555555556,-1.0,-0.9710565992054321,-0.3877551020408163
0.8888888888888888,-1.0,-0.0018488560203374163,-0.4489795918367347
-0.9722222222222222,-1.0,0.22368956827010905,-0.6122448979591837
-0.25,-1.0,0.6032222919211595,0.0
-0.5,-1.0,-0.8952645074669572,-0.30612244897959184
-0.08333333333333333,-1.0,0.39597433611762245,0.40816326530612246
-0.4444444444444444,0.0,-0.910814707209438,-0.24489795918367346
-0.75,0.0,-0.5831269877953492,-0.3877551020408163
-0.9722222222222222,0.0,-0.2973246613181903,-0.8367346938775511
0.75,0.0,-0.6071841262504539,-0.6938775510204082
0.5,0.0,-0.5968503417082109,-1.0
0.6666666666666666,0.0,0.8453784102039245,0.9387755102040817
-0.027777777777777776,0.0,0.5655298403160663,-0.9183673469387755
0.8055555555555556,-1.0,0.7610903848481847,-0.4489795918367347
0.6388888888888888,-1.0,0.6661274169940683,0.08163265306122448
0.0,-1.0,0.6232735756655331,0.9591836734693877
-0.3333333333333333,0.0,0.9228322713416311,0.7755102040816326
0.4444444444444444,0.0,-0.3400904618838522,-0.9795918367346939
-0.6944444444444444,-1.0,0.10448237533978232,-0.3469387755102041
0.9444444444444444,0.0,0.07940176301627654,-0.24489795918367346
-0.4722222222222222,0.0,0.13931350215149615,-0.9591836734693877
-0.8888888888888888,-1.0,0.3799949376561348,-0.20408163265306123
-0.9166666666666666,-1.0,-0.0837927960645779,0.6530612244897959
-0.5,-1.0,-0.9118381810778391,0.12244897959183673
-0.1111111111111111,0.0,0.532261437045352,-0.6938775510204082
-0.027777777777777776,0.0,-0.37914754531348016,0.08163265306122448
0.4444444444444444,0.0,0.2237445937469048,-0.40816326530612246
-0.4444444444444444,-1.0,0.3076474407650742,0.16326530612244897
0.1111111111111111,0.0,-0.77995311829377,0.1836734693877551
-0.16666666666666666,-1.0,-0.19504330505023826,0.3673469387755102
-0.08333333333333333,-1.0,-0.6967435922832271,-0.7346938775510204
-0.75,0.0,-0.625078411304434,-0.20408163265306123
-0.5833333333333334,-1.0,0.11731431652855272,0.10204081632653061
0.6111111111111112,-1.0,0.6700782462280036,-0.9183673469387755
0.6944444444444444,0.0,0.08960348641420977,-0.5102040816326531
-0.05555555555555555,-1.0,0.7183686046639595,0.08163265306122448
0.8611111111111112,-1.0,-0.08615889156679543,0.9183673469387755
-1.0,0.0,-0.1198014680797209,0.14285714285714285
-0.3611111111111111,-1.0,0.3913632011621381,0.5510204081632653
0.7777777777777778,-1.0,-0.9340024431311698,-0.5714285714285714
0.0,0.0,-0.027248616109258588,-0.6326530612244898
-0.8888888888888888,0.0,0.9433237589003709,0.5102040816326531
0.5833333333333334,0.0,-0.25742018554590773,0.9183673469387755
0.4722222222222222,0.0,-0.49751835099651137,0.4897959183673469
-0.3611111111111111,-1.0,-0.24339969405834902,-0.5306122448979592
1.0,-1.0,0.3438652095920411,-0.8367346938775511
-0.9166666666666666,-1.0,-0.20304400937634123,0.10204081632653061
0.4166666666666667,0.0,0.7208777664058459,-0.16326530612244897
0.5833333333333334,-1.0,-0.41506817656574996,0.8163265306122449
0.4444444444444444,0.0,-0.5812451164889344,-0.8979591836734694
-0.3888888888888889,0.0,-0.22814663189056533,0.8979591836734694
-0.8611111111111112,-1.0,0.2720899776596564,-0.14285714285714285
-0.3611111111111111,-1.0,0.8070366579726413,0.5714285714285714
-0.5555555555555556,0.0,0.8160938514532229,-0.5918367346938775
0.6666666666666666,-1.0,0.30350952491003336,-0.3673469387755102
-0.3888888888888889,0.0,-0.9734777201844454,0.0
-0.9444444444444444,-1.0,-0.7461124500643798,-0.42857142857142855
0.5277777777777778,0.0,-0.8032068847876567,-0.6122448979591837
-0.19444444444444445,-1.0,-0.47902979079313723,0.12244897959183673
0.05555555555555555,0.0,-0.1256561788107894,0.46938775510204084
0.4722222222222222,-1.0,0.9755576832073249,-0.7346938775510204
0.08333333333333333,-1.0,-0.6022098231481176,-0.8367346938775511
0.16666666666666666,-1.0,0.16350270175091067,0.9591836734693877
0.5277777777777778,0.0,-0.3066789923734689,0.3877551020408163
0.7777777777777778,-1.0,-0.7681446509734007,-0.5102040816326531
-0.16666666666666666,0.0,-0.08922931317199864,-0.5102040816326531
0.6388888888888888,-1.0,0.003950829233935312,0.46938775510204084
0.1388888888888889,0.0,0.9435108455214765,-0.22448979591836735
0.16666666666666666,0.0,0.7578328766218759,0.061224489795918366
-0.8611111111111112,-1.0,-0.02711655496494877,-0.5918367346938775
-0.25,0.0,0.9852091518373006,-0.6530612244897959
0.25,0.0,-0.1786347078697437,-0.5306122448979592
-1.0,0.0,0.5502217526714869,0.10204081632653061
0.4722222222222222,0.0,-0.17344030286022427,-0.7142857142857143
-0.8333333333333334,-1.0,-0.7376385266378334,0.46938775510204084
0.4722222222222222,-1.0,0.14670892623284582,0.30612244897959184
0.9166666666666666,-1.0,0.288278472932968,0.5510204081632653
-0.2777777777777778,0.0,0.822432786380094,-1.0
0.4444444444444444,0.0,-0.9715518284965939,0.3469387755102041
0.1111111111111111,-1.0,0.7127450009354331,0.10204081632653061
0.9444444444444444,-1.0,-0.16394290556527671,0.6530612244897959
-0.7777777777777778,-1.0,-0.9633970528354628,0.16326530612244897
0.4166666666666667,-1.0,0.7829024838500226,0.04081632653061224
0.5277777777777778,0.0,-0.7882839754806475,0.7142857142857143
0.9444444444444444,-1.0,-0.3003510625419569,0.4489795918367347
0.2777777777777778,0.0,-0.08396887759032431,0.4897959183673469
0.8611111111111112,0.0,-0.7107420735800676,-0.7755102040816326
0.2777777777777778,0.0,0.7060649080524283,0.673469387755102
0.25,-1.0,0.20078796482771524,0.5306122448979592
0.2777777777777778,0.0,0.6787942817524514,0.42857142857142855
-0.9166666666666666,0.0,0.2267049643985165,-0.8979591836734694
0.6944444444444444,0.0,-0.3191807807014648,0.6530612244897959
0.8055555555555556,0.0,0.5549209283898445,-0.8775510204081632
0.6111111111111112,0.0,-0.21771380149008993,-0.7142857142857143
0.3611111111111111,0.0,0.4879769333201272,0.16326530612244897
0.8611111111111112,-1.0,0.9859134779402864,0.7755102040816326
0.1388888888888889,0.0,-0.33671189760859277,-0.6530612244897959
0.027777777777777776,0.0,-0.2649476707715672,0.8163265306122449
-0.4166666666666667,0.0,0.9292482419360164,0.6938775510204082
0.6388888888888888,-1.0,-0.07464756182112318,1.0
-0.5555555555555556,-1.0,-0.21910044350534297,0.10204081632653061
0.8888888888888888,0.0,-0.2931977505585086,0.1836734693877551
-0.3888888888888889,-1.0,-0.061078279243289645,0.02040816326530612
0.3888888888888889,-1.0,-0.19572562096250565,-1.0204081632653061
0.6944444444444444,0.0,0.1568776343447016,0.30612244897959184
-0.6944444444444444,0.0,0.3090230776849681,0.30612244897959184
0.8055555555555556,0.0,0.6840547173341257,0.24489795918367346
-0.3611111111111111,-1.0,0.35138168972234146,-0.22448979591836735
0.7777777777777778,-1.0,0.201789428505398,-0.7551020408163265
0.5833333333333334,-1.0,0.8348905543266533,-0.08163265306122448
0.6666666666666666,-1.0,-0.018664641729120583,0.8775510204081632
-0.027777777777777776,0.0,-0.5667844211870096,-0.8367346938775511
0.6666666666666666,0.0,0.4462125964321481,-0.14285714285714285
0.5833333333333334,0.0,-0.6485742898962219,0.5510204081632653
0.3333333333333333,-1.0,0.28306205773273024,0.16326530612244897
0.8888888888888888,-1.0,-0.38153565100641595,-0.9183673469387755
-0.6944444444444444,0.0,0.4354165978848207,0.6326530612244898
-0.9722222222222222,-1.0,0.5771292108246118,-0.8571428571428571
0.3888888888888889,0.0,-0.7776420482683483,0.9591836734693877
0.8333333333333334,0.0,-0.9495306326829323,0.4897959183673469
0.3611111111111111,-1.0,0.8654627092343755,-0.8367346938775511
-0.2222222222222222,-1.0,-0.14610364598809247,0.6122448979591837
0.027777777777777776,-1.0,0.4825844365941431,-0.2653061224489796
0.8333333333333334,0.0,-0.36256286660723913,-0.02040816326530612
0.3611111111111111,0.0,0.22482309309210163,-0.2653061224489796
0.4166666666666667,-1.0,0.9798056500159574,-0.5306122448979592
0.3055555555555556,0.0,0.11284624781273729,0.8571428571428571
0.6666666666666666,0.0,-0.7785224558970804,-0.061224489795918366
-0.3888888888888889,0.0,-0.1259973367669231,0.02040816326530612
0.5,-1.0,0.6074372434437144,-0.10204081632653061
0.0,0.0,-0.19770653812715286,-0.46938775510204084
-0.9722222222222222,-1.0,0.14236191356598105,-0.10204081632653061
0.2222222222222222,-1.0,-0.601582532712646,0.5102040816326531
0.027777777777777776,0.0,0.5428263285901372,-0.02040816326530612
-0.7777777777777778,-1.0,0.5023715980498971,0.6530612244897959
-0.08333333333333333,0.0,0.49336943004611133,0.40816326530612246
-0.08333333333333333,0.0,0.906236587540031,-0.20408163265306123
-0.5555555555555556,0.0,-0.46866299096481673,0.8163265306122449
0.6944444444444444,-1.0,-0.43259929347287795,-0.4489795918367347
-0.027777777777777776,-1.0,-0.25832260336535817,-0.7755102040816326
-0.1388888888888889,-1.0,0.8929754476322538,0.04081632653061224
-0.16666666666666666,0.0,-0.9146664905851409,0.02040816326530612
-0.8611111111111112,-1.0,0.721031837740874,0.6938775510204082
0.7222222222222222,-1.0,0.5236554524744957,0.32653061224489793
-0.9722222222222222,-1.0,0.6612521597499642,0.8979591836734694
0.6944444444444444,-1.0,-0.1491300472118591,0.5102040816326531
0.5833333333333334,-1.0,0.1684659997578879,-0.4897959183673469
-0.2777777777777778,-1.0,0.12643754058128914,0.5306122448979592
-0.05555555555555555,0.0,0.4743746354562162,0.8163265306122449
0.4166666666666667,0.0,0.6166925286407606,-0.4897959183673469
0.3333333333333333,-1.0,0.5567807895055411,-0.3877551020408163
-0.4444444444444444,-1.0,0.7320039178139479,-0.40816326530612246
0.2777777777777778,-1.0,0.30874795030098934,0.1836734693877551
-0.25,-1.0,0.9375570889321756,-0.9591836734693877
0.5277777777777778,-1.0,-0.5494513959963463,-0.32653061224489793
0.25,-1.0,-0.14884391473252115,0.9795918367346939
0.5277777777777778,0.0,-0.6726424334466858,0.6326530612244898
0.8055555555555556,-1.0,0.04429550882058393,0.3877551020408163
0.5555555555555556,0.0,-0.6089559466032773,-0.5714285714285714
-0.4166666666666667,-1.0,0.6929908547657565,-0.9183673469387755
0.8888888888888888,-1.0,-0.4058789219408586,0.061224489795918366
-0.3611111111111111,0.0,-0.6563989126965785,-0.16326530612244897
0.08333333333333333,-1.0,0.1193062387885591,-0.24489795918367346
0.4166666666666667,0.0,0.6395721218924362,0.061224489795918366
0.3333333333333333,0.0,-0.21656927157273817,-0.10204081632653061
-0.3888888888888889,0.0,-0.5940770576777048,-0.7142857142857143
0.16666666666666666,-1.0,-0.003598666182442471,0.5918367346938775
-0.2222222222222222,-1.0,0.7929391308175685,0.9591836734693877
0.9444444444444444,0.0,0.6597334565904014,1.0
0.08333333333333333,-1.0,0.6032222919211595,0.08163265306122448
-0.08333333333333333,-1.0,-0.793335314250498,-0.16326530612244897
0.4444444444444444,0.0,-0.5890257189078544,-0.5918367346938775
0.2777777777777778,-1.0,0.7436803239900074,0.3469387755102041
0.75,0.0,0.9623625738717027,0.46938775510204084
-0.9444444444444444,-1.0,0.8275501557220993,-0.22448979591836735
0.1111111111111111,0.0,-0.04985308197695533,-0.08163265306122448
0.6388888888888888,-1.0,0.3369099893250575,-0.5918367346938775
-0.3611111111111111,-1.0,0.7187867982876072,0.02040816326530612
0.8888888888888888,0.0,-0.6270043029922854,0.22448979591836735
-0.3888888888888889,0.0,-0.32033631571417565,0.5714285714285714
-0.3055555555555556,-1.0,0.19983052153146907,-0.8979591836734694
0.05555555555555555,0.0,-0.6660723915172725,-0.08163265306122448
0.5555555555555556,-1.0,-0.7538600371972223,0.4897959183673469
0.7777777777777778,0.0,0.28690283601307404,0.24489795918367346
-0.8055555555555556,-1.0,0.2908756754377277,-0.14285714285714285
-0.05555555555555555,0.0,-0.9510493358424951,-1.0204081632653061
-0.5,0.0,0.8425721108873409,-0.40816326530612246
0.1111111111111111,0.0,0.17237280861038662,-0.42857142857142855
0.8055555555555556,-1.0,-0.9190355134427239,0.46938775510204084
-0.1388888888888889,-1.0,0.15736185854050425,0.5714285714285714
0.6944444444444444,-1.0,0.15596421142989203,-0.8979591836734694
-0.5,-1.0,0.272860334334797,0.8571428571428571
0.05555555555555555,0.0,-0.6466924185898071,0.02040816326530612
0.5555555555555556,0.0,0.003180472558794722,0.4897959183673469
-0.6944444444444444,-1.0,-0.32218517173451305,-0.2653061224489796
-0.16666666666666666,0.0,-0.4218143000209097,0.5714285714285714
0.19444444444444445,0.0,0.7108301143429407,0.12244897959183673
-0.3333333333333333,0.0,0.1684439895671696,0.2653061224489796
-0.9444444444444444,0.0,0.893943896023859,0.3673469387755102
-0.5555555555555556,0.0,-0.09938701618849527,0.16326530612244897
-0.5833333333333334,0.0,-0.6017586142383924,0.9183673469387755
-0.4444444444444444,0.0,0.5171074207358006,-0.20408163265306123
-0.08333333333333333,0.0,-0.5420119515335601,0.16326530612244897
-0.8888888888888888,0.0,0.3954901119218198,0.04081632653061224
0.3611111111111111,0.0,-0.4874596938382471,0.9795918367346939
0.8333333333333334,-1.0,-0.22426183322878493,0.0
-0.7777777777777778,-1.0,0.50142515984901,0.12244897959183673
0.4166666666666667,0.0,0.5582774824743857,-0.22448979591836735
-0.9722222222222222,0.0,-0.7027193590632462,0.04081632653061224
0.05555555555555555,-1.0,0.5617110722264408,-0.7959183673469388
-0.3611111111111111,0.0,0.3866530203484213,-0.6122448979591837
-0.8888888888888888,-1.0,0.2495955627455512,-0.7551020408163265
0.4166666666666667,0.0,-0.9803999251653516,-0.24489795918367346
0.08333333333333333,-1.0,-0.3437771688291679,-0.9387755102040817
-0.8333333333333334,0.0,0.9892040014526726,0.2857142857142857
-0.6388888888888888,0.0,-0.1820242772403623,-1.0
-0.8055555555555556,0.0,0.6797737352394159,0.3877551020408163
0.027777777777777776,0.0,-0.2820385838643292,-0.3469387755102041
0.0,0.0,0.6954339859354881,-0.5714285714285714
-0.4166666666666667,0.0,-0.5412525999537786,-0.4897959183673469
-0.6388888888888888,0.0,0.39262878712844046,0.6122448979591837
0.5,0.0,0.9566949497617396,-0.8163265306122449
0.9166666666666666,-1.0,-0.902670936643666,-0.3673469387755102
0.4722222222222222,0.0,0.6549902604906072,0.9795918367346939
0.4166666666666667,-1.0,-0.16869710676043007,-0.7959183673469388
-0.4722222222222222,-1.0,-0.5909736207864241,-0.4897959183673469
-0.19444444444444445,-1.0,0.05425512012061585,-0.7346938775510204
-0.05555555555555555,0.0,0.8656497958554811,0.16326530612244897
-0.1388888888888889,-1.0,-0.10131290787634675,0.24489795918367346
0.5555555555555556,0.0,0.8327335556362596,-0.4489795918367347
-0.5555555555555556,0.0,0.5682370937744176,-0.02040816326530612
0.5,0.0,-0.3876104636446675,0.2857142857142857
-0.5,-1.0,0.326036955110216,0.2857142857142857
-0.7222222222222222,0.0,0.39938591567895937,0.7551020408163265
1.0,-1.0,0.062057732730254105,-1.0
-0.19444444444444445,0.0,-0.23982303806662486,-0.5510204081632653
0.8888888888888888,0.0,-0.5267368791750581,-0.8979591836734694
0.5277777777777778,-1.0,0.16908228509800038,-0.7346938775510204
0.027777777777777776,-1.0,-0.2779336832953658,0.6938775510204082
0.3611111111111111,0.0,-0.5315240956562889,0.16326530612244897
0.6666666666666666,0.0,-0.9769993506993738,-0.14285714285714285
0.2777777777777778,0.0,-0.004181936236477489,0.24489795918367346
-0.3055555555555556,-1.0,0.25920301099409027,-0.30612244897959184
0.8055555555555556,-1.0,-0.055124522653988796,-1.0204081632653061
-0.5555555555555556,0.0,0.17557529135989963,0.6938775510204082
0.6388888888888888,-1.0,-0.8467650522191775,0.24489795918367346
0.1388888888888889,0.0,0.024596388127703126,0.02040816326530612
0.5,-1.0,-0.7766515896860247,-0.40816326530612246
0.08333333333333333,0.0,-0.49976339044977824,0.12244897959183673
0.4722222222222222,0.0,0.928345824116566,0.24489795918367346
-0.6388888888888888,0.0,-0.865935928334819,-0.061224489795918366
0.75,-1.0,-0.4002112978308957,-0.5510204081632653
0.7777777777777778,0.0,0.08738045715166122,0.14285714285714285
-0.3611111111111111,0.0,0.05780976592162171,-0.7551020408163265
0.1111111111111111,-1.0,0.19400882608647804,-0.3469387755102041
0.5,-1.0,0.5685122211583964,0.9387755102040817
0.7222222222222222,0.0,-0.14959226121694344,-0.08163265306122448
-0.8611111111111112,-1.0,-0.39018565595870885,0.9591836734693877
0.8055555555555556,-1.0,0.5984460805352878,-0.673469387755102
-0.5277777777777778,-1.0,0.9518086874222765,0.40816326530612246
0.3611111111111111,0.0,0.14622470203704316,-0.6530612244897959
-0.6944444444444444,-1.0,-0.12309199159210714,-0.2653061224489796
0.3333333333333333,-1.0,0.3399914160256199,-0.14285714285714285
-0.5833333333333334,-1.0,0.8139148425721109,0.673469387755102
0.9166666666666666,0.0,0.34028855360031696,-0.14285714285714285
0.5,-1.0,-0.7767286253535387,0.7346938775510204
0.19444444444444445,0.0,0.9477037868533131,0.30612244897959184
0.25,0.0,0.6767913543970858,0.4489795918367347
0.4166666666666667,-1.0,-0.34170821090164744,-0.20408163265306123
-0.6388888888888888,0.0,0.4822212684472911,0.14285714285714285
-0.75,-1.0,0.24149581256121586,0.9795918367346939
-0.8888888888888888,0.0,-0.3642686563879076,-0.7755102040816326
-0.4444444444444444,-1.0,0.8271979926706065,0.40816326530612246
0.8055555555555556,-1.0,-0.8578361781504836,0.14285714285714285
-0.1111111111111111,0.0,-0.1976515126503571,-0.4897959183673469
-0.4444444444444444,-1.0,-0.4802953767594396,0.20408163265306123
0.5833333333333334,0.0,0.22006889189694828,-0.6122448979591837
0.4444444444444444,-1.0,-0.19977549605467332,-0.8163265306122449
0.8611111111111112,-1.0,0.48221026335193196,-0.40816326530612246
0.9166666666666666,-1.0,0.48096668757634786,0.3877551020408163
0.08333333333333333,0.0,-0.8508149273113451,-0.16326530612244897
-0.5,-1.0,-0.13424015319092739,0.5918367346938775
0.0,0.0,0.7205586186404305,-0.2857142857142857
-0.3055555555555556,-1.0,-0.5793852553732378,0.6122448979591837
0.9166666666666666,-1.0,-0.92725631967601,0.3877551020408163
-0.4166666666666667,-1.0,-0.683053253656443,-0.5102040816326531
0.5555555555555556,0.0,0.2772733775738167,-0.5102040816326531
-0.25,-1.0,-0.4123279078213213,-0.6122448979591837
-0.7777777777777778,-1.0,0.5467661527287134,0.5306122448979592
-0.2777777777777778,0.0,0.5938899710565992,0.5714285714285714
-0.9166666666666666,0.0,0.3937072864736373,-0.30612244897959184
-0.6388888888888888,-1.0,0.38536542419140063,0.6122448979591837
0.7777777777777778,0.0,0.004985308197695533,-0.7142857142857143
-0.8888888888888888,0.0,-0.10103778049236796,-0.46938775510204084
-0.027777777777777776,0.0,-0.4124599689656311,1.0
0.4166666666666667,0.0,0.9178469631439357,0.40816326530612246
-0.6666666666666666,-1.0,0.9592481318850627,-0.8571428571428571
0.2777777777777778,-1.0,0.8191862832491443,-0.673469387755102
0.7777777777777778,-1.0,0.9418710863129629,0.46938775510204084
0.08333333333333333,-1.0,0.6396711677506686,-0.3877551020408163
-0.8888888888888888,-1.0,0.33966126316484535,0.0
0.05555555555555555,0.0,-0.12468773041918409,0.04081632653061224
1.0,-1.0,0.9897322460299118,-0.8163265306122449
-0.5555555555555556,-1.0,-0.5648475244037989,0.22448979591836735
-0.3611111111111111,0.0,-0.15512782418259655,0.5510204081632653
-0.9166666666666666,-1.0,0.4052736416961053,0.6938775510204082
-0.9166666666666666,0.0,-0.5002696248362992,0.7551020408163265
-0.19444444444444445,0.0,-0.7572826218539184,-0.8367346938775511
0.9166666666666666,0.0,0.36820848052648375,0.42857142857142855
0.8888888888888888,0.0,0.8166991316979761,-0.5510204081632653
0.4722222222222222,-1.0,-0.38386873122255605,-0.5102040816326531
-0.9444444444444444,0.0,0.4512199148205619,0.9795918367346939
-0.5833333333333334,0.0,0.3365358160828464,-0.8775510204081632
0.2777777777777778,0.0,0.951698636468685,0.6530612244897959
0.8333333333333334,0.0,0.9662913929149196,0.7142857142857143
0.3333333333333333,0.0,0.48755873969647945,-0.10204081632653061
-0.9166666666666666,-1.0,-0.47719193986815894,0.40816326530612246
0.4722222222222222,-1.0,-0.44337328182948704,-0.8979591836734694
-0.16666666666666666,0.0,-0.8237974182046287,0.42857142857142855
0.4166666666666667,-1.0,0.34397526054563266,-0.40816326530612246
-0.3333333333333333,-1.0,-0.6479690096514686,0.9591836734693877
0.2222222222222222,0.0,0.7896926276866189,-0.061224489795918366
-0.1111111111111111,-1.0,-0.36868169962692726,-0.14285714285714285
0.7777777777777778,0.0,0.6482331319400882,0.8367346938775511
0.8333333333333334,0.0,-0.20591633926507974,0.9183673469387755
-0.5555555555555556,-1.0,-0.45778995674997525,-0.8571428571428571
0.0,-1.0,-0.774054387181265,0.8163265306122449
-0.4722222222222222,-1.0,-0.5068286616703533,0.5510204081632653
1.0,0.0,0.2658610936863768,0.22448979591836735
-0.4166666666666667,0.0,0.8934376616373381,-0.02040816326530612
0.9166666666666666,-1.0,0.2488692264518472,-0.9183673469387755
-0.4166666666666667,0.0,0.10815807718973885,-0.2653061224489796
0.7222222222222222,-1.0,-0.6656321877029064,-0.40816326530612246
0.3888888888888889,-1.0,0.3450757700815478,0.0
0.3333333333333333,-1.0,0.04157725026687356,0.4489795918367347
0.8611111111111112,0.0,0.2188033059306459,0.20408163265306123
-0.4722222222222222,0.0,0.9568160058106904,0.08163265306122448
-0.027777777777777776,-1.0,0.19928026676351152,-0.8775510204081632
0.08333333333333333,0.0,-0.059812693276987246,-0.7551020408163265
0.9722222222222222,0.0,-0.5173055124522654,-0.5918367346938775
0.25,0.0,-0.2227761453552995,-0.5102040816326531
-0.4722222222222222,-1.0,0.7798430673401785,0.7551020408163265
0.1111111111111111,0.0,0.6357533538028107,-0.4489795918367347
0.2222222222222222,-1.0,0.45801005865715827,-0.30612244897959184
0.75,-1.0,-0.07132402302265949,-0.9183673469387755
0.9722222222222222,-1.0,0.26930568853379117,-1.0
-0.9722222222222222,0.0,0.38562954648002024,-0.30612244897959184
-0.4166666666666667,0.0,0.9421352086015825,-0.10204081632653061
-0.3333333333333333,-1.0,0.9112989314052407,0.7755102040816326
0.1111111111111111,0.0,-0.09764821112174937,-0.8163265306122449
0.5,0.0,-0.13486744362639902,0.7755102040816326
-0.8333333333333334,0.0,0.7793038176675801,-0.6938775510204082
1.0,-1.0,-0.7748247438564055,0.2653061224489796
-0.8055555555555556,-1.0,0.37386509954108754,-0.12244897959183673
0.8333333333333334,0.0,-0.15121001023473868,0.5510204081632653
-0.05555555555555555,-1.0,-0.9301836750415442,-0.20408163265306123
0.3333333333333333,-1.0,-0.4640408509139732,0.6122448979591837
0.027777777777777776,0.0,0.7895715716376682,0.14285714285714285
-0.6666666666666666,-1.0,-0.12828639660162655,0.9795918367346939
0.6944444444444444,0.0,0.47470478831699076,0.8979591836734694
0.5833333333333334,0.0,-0.24172691956375802,-0.8571428571428571
-0.7222222222222222,-1.0,-0.42186932549770545,0.16326530612244897
0.9444444444444444,0.0,-0.7686839006459991,0.32653061224489793
-0.3333333333333333,-1.0,-0.759945854930833,0.04081632653061224
-0.16666666666666666,0.0,-0.41717014977934785,-1.0204081632653061
0.2777777777777778,0.0,0.4048004225956618,-0.7142857142857143
-0.2777777777777778,-1.0,-0.8273630691009938,0.12244897959183673
-0.4166666666666667,0.0,-0.8324254129662033,-0.8163265306122449
-0.6111111111111112,-1.0,-0.6963143935642202,-0.9591836734693877
0.7222222222222222,-1.0,0.3042468662990965,0.6938775510204082
-0.5555555555555556,-1.0,-0.6890290204364621,-1.0
0.4444444444444444,0.0,0.7777300890312214,-0.20408163265306123
0.8055555555555556,0.0,0.7877007054266125,0.5918367346938775
-0.6388888888888888,-1.0,0.9701761915767,0.42857142857142855
-1.0,0.0,0.25639671167750666,0.7346938775510204
0.8888888888888888,0.0,-0.44805044735712635,-0.3877551020408163
0.7777777777777778,0.0,-0.09623955891577801,0.5306122448979592
0.8888888888888888,0.0,-0.13746464613115872,-0.32653061224489793
-0.5555555555555556,-1.0,-0.6336733907799311,0.6326530612244898
-0.2222222222222222,-1.0,0.22310629821607406,-0.5918367346938775
0.0,-1.0,0.04618838522235795,0.9387755102040817
0.8611111111111112,-1.0,-0.6582257585261976,-0.7346938775510204
-0.1388888888888889,0.0,-0.2308648904442757,0.9183673469387755
0.5277777777777778,-1.0,0.8939659062145774,0.24489795918367346
0.16666666666666666,-1.0,0.7103899105285747,-0.6326530612244898
0.2222222222222222,0.0,0.4915755995025697,-0.6938775510204082
-0.9166666666666666,0.0,-0.8355178447621249,0.8571428571428571
0.3055555555555556,0.0,0.5877381227508336,0.2653061224489796
0.8055555555555556,0.0,-0.3783001529708255,0.6326530612244898
-0.3333333333333333,-1.0,-0.8889805980168818,-0.8979591836734694
1.0,0.0,0.5950014856878735,-0.9591836734693877
0.6666666666666666,-1.0,-0.7002762278935147,0.42857142857142855
0.19444444444444445,-1.0,0.5514433182563527,0.3877551020408163
0.2777777777777778,-1.0,0.6269382724201306,0.08163265306122448
-1.0,0.0,0.49528431663860367,-0.42857142857142855
-0.5277777777777778,-1.0,-0.35462819285329106,0.40816326530612246
-1.0,-1.0,-0.8345714065612378,-1.0
0.8055555555555556,-1.0,0.11300031914776541,-0.6122448979591837
0.1111111111111111,0.0,-0.8605984570856307,-0.2857142857142857
-0.9444444444444444,-1.0,-0.7001001463677683,0.7551020408163265
0.6666666666666666,0.0,0.55990623658754,0.5918367346938775
0.4722222222222222,0.0,0.22167563581938438,0.20408163265306123
0.0,0.0,0.0321018631626443,-0.14285714285714285
-0.6944444444444444,-1.0,-0.25184060219881804,-0.8571428571428571
-0.16666666666666666,-1.0,0.5819604476872792,0.32653061224489793
-0.5,-1.0,0.22366755807939076,0.42857142857142855
0.0,-1.0,0.8360680995300824,-0.2653061224489796
0.3611111111111111,0.0,0.05521256341686201,-0.9387755102040817
-0.9722222222222222,0.0,0.12867157493919684,0.10204081632653061
-0.5277777777777778,0.0,0.7989919332651018,-0.1836734693877551
-0.75,0.0,-0.544851266136221,-0.3469387755102041
-1.0,0.0,0.14667591094676835,0.6938775510204082
0.25,0.0,0.05819494425919201,0.9795918367346939
0.4722222222222222,-1.0,0.42595221587595056,0.6530612244897959
-0.6944444444444444,0.0,-0.8693805231822334,0.5714285714285714
-0.19444444444444445,-1.0,0.23527793368329536,-0.04081632653061224
0.9722222222222222,0.0,0.7323120604840041,-0.3469387755102041
0.3333333333333333,0.0,-0.6659733456590401,0.061224489795918366
-0.2222222222222222,-1.0,0.8587055806838566,0.6122448979591837
0.9722222222222222,0.0,-0.4769608328656168,-0.04081632653061224
-0.5555555555555556,-1.0,-0.8669924174892976,0.5510204081632653
-0.3055555555555556,-1.0,-0.25035491432533263,0.6122448979591837
0.2777777777777778,-1.0,-0.3030693210956673,0.4489795918367347
0.4722222222222222,0.0,0.49728724399396923,-0.3877551020408163
-0.3333333333333333,-1.0,-0.21431322702411215,-0.08163265306122448
-0.5833333333333334,-1.0,0.6732697238821574,-0.9795918367346939
-0.8333333333333334,0.0,0.4465097340068452,-0.5510204081632653
0.8611111111111112,0.0,-0.37088271869875755,-0.7551020408163265
-0.7777777777777778,-1.0,-0.561061771600251,0.5510204081632653
0.3055555555555556,-1.0,0.8174364730870393,0.6326530612244898
0.8888888888888888,-1.0,0.970682425963221,0.22448979591836735
0.4166666666666667,-1.0,-0.48918749380963383,0.673469387755102
-0.8611111111111112,0.0,-0.1574609043987366,0.30612244897959184
-0.5277777777777778,0.0,-0.16804780613424014,0.46938775510204084
-0.25,-1.0,0.9396920774318509,-0.5918367346938775
0.4444444444444444,-1.0,0.5752253293274786,-0.12244897959183673
0.2222222222222222,-1.0,0.4602881133965026,0.46938775510204084
0.08333333333333333,-1.0,-0.24128671574939198,0.9795918367346939
-0.05555555555555555,-1.0,0.970539359723552,0.2653061224489796
-0.1111111111111111,0.0,0.6109258586725654,0.4489795918367347
-0.5277777777777778,-1.0,-0.24345471953514478,0.46938775510204084
0.3611111111111111,-1.0,0.3701013569282578,-0.7959183673469388
-0.9444444444444444,-1.0,-0.5697998173154171,0.30612244897959184
-0.8611111111111112,-1.0,-0.8074328414055708,-0.5102040816326531
0.3888888888888889,-1.0,0.22815763698592448,0.3877551020408163
-0.6388888888888888,0.0,0.6243190597246525,-0.24489795918367346
-0.3888888888888889,-1.0,-0.13667227926529985,0.0
0.5555555555555556,0.0,0.5688753893052483,-0.9387755102040817
-0.5555555555555556,-1.0,-0.5855481087743625,-0.8571428571428571
-0.3611111111111111,-1.0,0.5437727667910243,-0.673469387755102
0.3333333333333333,-1.0,0.7876676901405351,0.5714285714285714
-0.6111111111111112,-1.0,-0.9372599513574785,-0.6530612244897959
0.8611111111111112,0.0,-0.06801148931955496,-0.3469387755102041
-0.3333333333333333,-1.0,-0.6517217471689393,-0.7755102040816326
1.0,0.0,0.4885712084695214,-0.30612244897959184
0.4722222222222222,-1.0,-0.1520463974820342,-0.30612244897959184
0.8333333333333334,-1.0,-0.8367724256330681,0.3469387755102041
0.9166666666666666,0.0,0.3851453222842176,0.6530612244897959
0.6111111111111112,-1.0,-0.11385871658577922,0.673469387755102
-0.05555555555555555,-1.0,-0.6627488527188088,1.0
-0.8611111111111112,-1.0,-0.27341058910275456,-0.6938775510204082
0.7222222222222222,-1.0,-0.3151529158000154,-0.8775510204081632
0.8333333333333334,-1.0,-0.4134504275479547,0.7755102040816326
0.027777777777777776,-1.0,0.2848448831809128,-0.7959183673469388
0.6944444444444444,0.0,-0.16955550419844387,-0.3673469387755102
0.4444444444444444,0.0,0.980719072930767,0.6938775510204082
-0.027777777777777776,-1.0,0.4101048785587727,0.3469387755102041
-0.6388888888888888,0.0,0.7559289951247428,-0.6326530612244898
0.2777777777777778,0.0,0.6812924383989787,-0.5510204081632653
0.1111111111111111,0.0,0.6254085641652085,-0.24489795918367346
-0.16666666666666666,0.0,-0.5942641442988104,0.9795918367346939
0.3055555555555556,-1.0,0.03070421605203209,0.14285714285714285
0.2222222222222222,0.0,-0.3790264892645295,0.8775510204081632
-0.9444444444444444,0.0,-0.5777895165461608,-0.9591836734693877
-0.5833333333333334,-1.0,-0.1162578273740742,0.6326530612244898
-0.2222222222222222,0.0,0.06457789956749975,0.4897959183673469
-0.3611111111111111,-1.0,0.9933859376891501,-0.8571428571428571
0.3888888888888889,0.0,0.3365248109874872,0.1836734693877551
-0.1388888888888889,-1.0,-0.49024398296411237,-0.9795918367346939
0.8888888888888888,-1.0,0.5011720426557497,0.7346938775510204
0.4444444444444444,-1.0,0.2801457074625552,0.1836734693877551
0.027777777777777776,0.0,0.6600305941650985,0.6326530612244898
0.2777777777777778,-1.0,-0.660217680786204,0.3877551020408163
0.9444444444444444,0.0,-0.5419129056753277,0.04081632653061224
-0.4166666666666667,-1.0,0.024596388127703126,0.6938775510204082
0.1111111111111111,-1.0,0.06976129948166,-0.2653061224489796
-0.1388888888888889,0.0,0.9446663805341873,0.9795918367346939
-0.9444444444444444,-1.0,0.8709212365325145,-0.7755102040816326
-0.6388888888888888,-1.0,-0.7537499862436308,1.0
-0.2222222222222222,-1.0,0.6906027490728207,0.5510204081632653
0.9444444444444444,0.0,0.13607800411590568,0.2857142857142857
-0.8055555555555556,-1.0,0.19961041962428605,0.6530612244897959
0.9166666666666666,-1.0,0.7648871427470919,-0.4897959183673469
0.6666666666666666,0.0,0.2624495141250399,-0.6530612244897959
-0.1111111111111111,-1.0,-0.5787139445563296,0.42857142857142855
0.027777777777777776,-1.0,0.8887164757282622,0.9387755102040817
0.8611111111111112,-1.0,0.2686453828122421,-1.0204081632653061
-0.3611111111111111,0.0,-0.18313579187163656,-0.8775510204081632
-0.6388888888888888,0.0,0.48173704425148844,-0.14285714285714285
-0.3055555555555556,0.0,0.39030671200765954,-0.6938775510204082
0.8055555555555556,0.0,0.2566608339661263,-0.8979591836734694
0.4166666666666667,-1.0,0.6619014603761542,-0.8367346938775511
-0.25,-1.0,-0.4068913907139005,-0.12244897959183673
-0.5,0.0,0.2820055685782517,1.0
0.7222222222222222,0.0,0.8992593570823291,-0.6122448979591837
0.1388888888888889,-1.0,0.6604157725026687,0.7755102040816326
-0.5555555555555556,0.0,0.7677924879219078,0.8571428571428571
-0.8611111111111112,0.0,0.8659139181441007,0.04081632653061224
-0.9722222222222222,-1.0,-0.04047674073095844,-0.08163265306122448
0.19444444444444445,0.0,0.10652932307658446,0.5510204081632653
0.8888888888888888,0.0,-0.10293065689414199,-0.20408163265306123
-0.9166666666666666,-1.0,0.7665379070509646,-0.7142857142857143
0.7222222222222222,-1.0,-0.08093147127119857,0.6122448979591837
0.8055555555555556,-1.0,-0.7689920433160553,-0.6122448979591837
-0.6111111111111112,0.0,-0.5109885877161126,-0.6938775510204082
-0.5,-1.0,-0.4806915601923691,-0.2857142857142857
0.3611111111111111,0.0,0.01856559587088822,-0.5918367346938775
0.6111111111111112,0.0,-0.1826515676758339,0.2857142857142857
-0.19444444444444445,0.0,0.8304885161829927,0.3469387755102041
-0.4722222222222222,-1.0,-0.4471260193469576,-0.061224489795918366
0.4166666666666667,-1.0,0.25450383527573267,-0.3469387755102041
0.2777777777777778,-1.0,0.37941166760209977,0.6938775510204082
-0.8333333333333334,-1.0,0.23987806354342062,0.8367346938775511
0.3333333333333333,-1.0,-0.8255362232713747,-0.8979591836734694
-0.3333333333333333,0.0,0.6816335963551124,0.4897959183673469
0.5,0.0,0.8683680544091914,-0.9795918367346939
-0.08333333333333333,0.0,0.5255813441623471,-0.4489795918367347
-0.19444444444444445,0.0,-0.033378454224305854,0.6326530612244898
-0.9444444444444444,-1.0,-0.41411073326950376,-0.3877551020408163
-0.3333333333333333,-1.0,-0.11258212552411767,0.0
-0.2222222222222222,0.0,-0.45171514411172375,0.42857142857142855
0.7777777777777778,0.0,0.3257288124401598,-0.20408163265306123
-0.75,-1.0,0.631263274896277,0.2857142857142857
-0.7222222222222222,-1.0,-0.863393751306855,-0.9591836734693877
0.5277777777777778,-1.0,0.0931691373105748,-0.5714285714285714
0.3611111111111111,0.0,-0.9021977175432225,0.40816326530612246
-0.2777777777777778,-1.0,0.5775143891621821,-0.32653061224489793
0.027777777777777776,0.0,0.17012776915711975,0.14285714285714285
0.1388888888888889,-1.0,0.8676527232108466,-0.3673469387755102
-0.5,-1.0,0.4879549231294089,0.24489795918367346
-0.08333333333333333,0.0,0.7539260677693772,-0.3469387755102041
0.5,-1.0,-0.2091298271099519,-0.16326530612244897
-0.1388888888888889,-1.0,-0.30138554150571717,0.6938775510204082
0.16666666666666666,-1.0,-0.45519275424521555,-0.7959183673469388
0.6388888888888888,0.0,-0.5806508413395403,0.5102040816326531
0.5555555555555556,0.0,-0.9554953943675922,0.9591836734693877
0.3055555555555556,-1.0,0.779149746332552,0.32653061224489793
-0.4722222222222222,0.0,0.059493545511571856,0.32653061224489793
-0.3888888888888889,-1.0,0.7690910891742877,0.2857142857142857
0.2222222222222222,-1.0,0.14042501678277042,-0.20408163265306123
0.08333333333333333,-1.0,-0.7512628346924626,-0.5714285714285714
-0.9444444444444444,-1.0,0.6471326224041731,-0.6530612244897959
-0.6111111111111112,0.0,0.13693640155391945,-0.22448979591836735
0.16666666666666666,-1.0,-0.8078620401245776,0.14285714285714285
0.9166666666666666,0.0,-0.04575918650335105,0.8775510204081632
-0.7777777777777778,-1.0,-0.7787425578042634,-0.40816326530612246
-0.2777777777777778,0.0,0.7125469092189683,0.8163265306122449
-0.7777777777777778,0.0,0.8562184291326884,-0.1836734693877551
0.7222222222222222,-1.0,-0.3861798012479778,-0.22448979591836735
0.25,-1.0,0.451153884248407,-0.7755102040816326
0.4722222222222222,0.0,0.06611861291778093,0.5306122448979592
0.25,-1.0,-0.3399914160256199,-0.3469387755102041
-0.7222222222222222,0.0,-0.31786016925836663,-0.2653061224489796
0.027777777777777776,0.0,-0.6179581146070631,-0.4489795918367347
0.9166666666666666,0.0,-0.5876500819879604,0.673469387755102
-0.5,-1.0,-0.7648651325563736,-0.04081632653061224
-0.9722222222222222,0.0,0.49072820715991505,-0.9183673469387755
-0.05555555555555555,0.0,0.08223007252357842,-0.4489795918367347
-0.4444444444444444,0.0,-0.35796273674711393,0.5918367346938775
-0.8333333333333334,-1.0,0.5527199093180143,0.5714285714285714
0.5,-1.0,0.11990051393795327,0.6122448979591837
0.25,0.0,-0.0772887847073195,-0.6530612244897959
-0.4722222222222222,-1.0,0.7297038528838853,0.4489795918367347
-0.4444444444444444,0.0,0.8983569392628787,-0.2653061224489796
0.4722222222222222,0.0,-0.27426898654076837,-0.4897959183673469
-0.4166666666666667,0.0,0.5902032641112835,0.7755102040816326
0.7222222222222222,0.0,-0.8363542320094204,0.24489795918367346
0.7222222222222222,0.0,-0.3153289973257618,0.4897959183673469
-0.08333333333333333,-1.0,0.8226198730011995,-0.673469387755102
-0.5833333333333334,-1.0,0.6016265530940825,-0.2857142857142857
0.9166666666666666,0.0,-0.3719061925671586,0.6530612244897959
-0.1111111111111111,0.0,-0.4567444726908559,0.5714285714285714
0.8055555555555556,0.0,-0.4143308351766868,-0.8367346938775511
0.4722222222222222,0.0,-0.0063389349268711415,-0.40816326530612246
-0.9722222222222222,0.0,-0.5485159628908185,-0.5714285714285714
0.8611111111111112,-1.0,0.18575500456711458,0.42857142857142855
0.2222222222222222,-1.0,-0.8500555757315638,-1.0204081632653061
0.9722222222222222,0.0,0.7518901251279342,0.22448979591836735
1.0,0.0,-0.26699461850836936,0.6530612244897959
1.0,0.0,0.3397603090230777,0.5714285714285714
0.08333333333333333,-1.0,-0.7809875972575302,-0.9591836734693877
-0.3888888888888889,-1.0,-0.9766802029339584,-0.5714285714285714
-0.19444444444444445,0.0,0.5850528794832007,0.7142857142857143
-0.5,-1.0,0.9986463732708244,-0.2653061224489796
0.6944444444444444,-1.0,-0.0035766559917241683,-0.5102040816326531
0.4722222222222222,0.0,0.4790738111745738,-0.8163265306122449
-0.7777777777777778,0.0,0.3566751405900932,0.673469387755102
-0.7222222222222222,0.0,-0.36092310739872563,0.9183673469387755
1.0,-1.0,0.3484983547382438,-0.12244897959183673
-0.5,0.0,0.5815202438729131,-0.8571428571428571
0.027777777777777776,-1.0,0.8982688985000055,-0.5918367346938775
-0.3888888888888889,-1.0,-0.716376682403953,-0.6938775510204082
0.3611111111111111,0.0,-0.6710136793335314,-0.3469387755102041
-0.25,-1.0,-0.1612796724883621,-0.8979591836734694
0.8055555555555556,-1.0,0.17961416135670816,-0.7959183673469388
0.3333333333333333,0.0,-0.5917219672708464,0.9591836734693877
0.1388888888888889,-1.0,-0.5076540438222897,0.5714285714285714
0.3611111111111111,0.0,0.6692748742667856,0.0
-0.3611111111111111,0.0,-0.3228784927421396,0.12244897959183673
0.75,-1.0,0.5833030693210957,-0.02040816326530612
0.7222222222222222,0.0,-0.31608834890554327,-0.32653061224489793
-0.4166666666666667,0.0,0.6544069904365721,0.8163265306122449
0.5833333333333334,-1.0,-0.13468035700529346,0.5510204081632653
0.4722222222222222,0.0,-0.6871471491300473,-0.4897959183673469
1.0,-1.0,-0.6678992373468916,0.7346938775510204
0.8055555555555556,0.0,0.14963628159838005,0.9387755102040817
-0.2777777777777778,-1.0,-0.5843155380941376,0.9591836734693877
0.6666666666666666,0.0,0.12082494194812197,-0.3469387755102041
0.3333333333333333,0.0,-0.7000891412724092,-1.0204081632653061
-0.3611111111111111,0.0,0.5769311191081471,-0.8979591836734694
0.2777777777777778,-1.0,0.8848536872572,0.673469387755102
-0.2222222222222222,0.0,-0.013888430343248924,-0.9387755102040817
-0.2777777777777778,-1.0,-0.7646120153631131,-0.08163265306122448
-0.75,0.0,-0.7350193139423553,0.04081632653061224
-0.027777777777777776,-1.0,0.30635984460805354,-0.6122448979591837
-0.2222222222222222,0.0,-0.5087985737396414,-0.7346938775510204
0.1388888888888889,0.0,0.2874530907810316,-0.04081632653061224
-0.6944444444444444,-1.0,-0.8197365380171019,-0.5102040816326531
0.4166666666666667,-1.0,0.5765789560566542,-0.12244897959183673
0.8055555555555556,0.0,0.47077596927377374,0.5510204081632653
-0.6111111111111112,0.0,-0.8005986771875379,-0.4897959183673469
0.5833333333333334,0.0,-0.48503857285923385,-0.02040816326530612
-0.5,0.0,0.353461652745221,-0.8571428571428571
0.4166666666666667,-1.0,-0.71615658049677,-0.40816326530612246
-0.7222222222222222,-1.0,0.29627917725907094,0.24489795918367346
-0.6388888888888888,0.0,0.5722869688665853,-0.8163265306122449
-0.5277777777777778,0.0,0.24222214885491983,-0.4897959183673469
-0.3611111111111111,0.0,-0.5513882927795569,0.46938775510204084
0.3333333333333333,0.0,0.13149988444649874,-0.4897959183673469
0.9722222222222222,-1.0,0.5875400310343689,0.4897959183673469
-0.19444444444444445,-1.0,-0.35797374184247305,0.24489795918367346
-0.3055555555555556,0.0,-0.551179195967733,0.12244897959183673
-0.1388888888888889,0.0,-0.17693992318443438,0.4489795918367347
-0.8055555555555556,0.0,0.0470357775650126,-1.0204081632653061
-0.8333333333333334,-1.0,-0.6328370035326356,-0.40816326530612246
-0.4722222222222222,0.0,0.5217735811680808,-0.8979591836734694
0.5833333333333334,-1.0,0.02017233979332431,0.4489795918367347
0.1111111111111111,0.0,-0.6560247394543673,0.6122448979591837
0.5555555555555556,-1.0,-0.34303982744010475,0.6122448979591837
-0.08333333333333333,-1.0,-0.8364422727722935,0.14285714285714285
0.3888888888888889,0.0,-0.6994838610276558,-0.6326530612244898
0.1111111111111111,-1.0,0.4241693904277681,0.0
0.6111111111111112,0.0,-0.06978330967237831,-0.4897959183673469
-0.4166666666666667,0.0,0.630173770455721,-0.3469387755102041
0.8888888888888888,0.0,0.11612576622976438,0.8775510204081632
0.8888888888888888,-1.0,0.9212475376099134,-0.4897959183673469
0.7777777777777778,-1.0,-0.6708486029031442,-0.5306122448979592
0.5555555555555556,0.0,-0.8924031826735779,0.0
-0.5833333333333334,0.0,-0.4885712084695214,-0.12244897959183673
-0.3055555555555556,0.0,-0.36956210725565936,0.40816326530612246
-0.6666666666666666,0.0,-0.8931515291580001,0.5714285714285714
-0.5,-1.0,0.39925385453464957,0.2857142857142857
0.25,-1.0,0.0911111844784135,-0.6938775510204082
-0.8888888888888888,0.0,-0.6178480636534716,0.6326530612244898
-0.2777777777777778,-1.0,-0.09994827605181199,-0.7755102040816326
0.16666666666666666,-1.0,0.7337977483574896,-0.8979591836734694
-0.3611111111111111,0.0,0.8692924824193602,-0.673469387755102
0.9444444444444444,0.0,0.19509833052703401,0.673469387755102
0.5277777777777778,-1.0,0.7623339606237688,0.4897959183673469
0.8333333333333334,0.0,-0.7917725907094985,-0.32653061224489793
0.6111111111111112,-1.0,0.17236180351502745,-0.8571428571428571
-0.7222222222222222,-1.0,0.20092002597202505,-0.3469387755102041
0.0,0.0,0.6885558013360186,0.6938775510204082
-0.25,0.0,-0.6655881673214699,0.5714285714285714
0.05555555555555555,-1.0,-0.2597752759527661,0.8163265306122449
0.2777777777777778,0.0,0.23820528904882962,0.2857142857142857
-1.0,-1.0,-0.23283480251356378,0.6326530612244898
-0.25,0.0,0.6542419140061848,-0.2857142857142857
0.4166666666666667,-1.0,0.031232460629271354,0.16326530612244897
0.6388888888888888,0.0,-0.5780756490254988,0.5510204081632653
-0.6111111111111112,0.0,0.4154423498079611,-0.6122448979591837
-0.3611111111111111,-1.0,0.10539579825459187,-0.5306122448979592
0.6944444444444444,0.0,-0.08364972982490894,-0.02040816326530612
0.8055555555555556,-1.0,-0.516260028393146,-1.0204081632653061
-0.027777777777777776,-1.0,-0.3311103040707848,-0.9591836734693877
0.4166666666666667,-1.0,-0.86644216272134,-0.8163265306122449
0.19444444444444445,0.0,0.297665819274324,0.7755102040816326
0.6944444444444444,0.0,-0.050898566036074705,-0.061224489795918366
0.6666666666666666,0.0,0.2924714142648046,0.7142857142857143
0.8611111111111112,-1.0,-0.5048917648871427,-0.8979591836734694
0.3055555555555556,-1.0,0.8695896199940573,-0.46938775510204084
-0.4166666666666667,0.0,0.96239558915778,0.5510204081632653
-0.5833333333333334,0.0,0.32601494491949773,-0.8979591836734694
0.027777777777777776,-1.0,0.23419943433809853,0.5102040816326531
0.1388888888888889,-1.0,-0.9232394598699197,0.5102040816326531
-0.3611111111111111,0.0,0.9087897696633541,0.3469387755102041
0.6944444444444444,-1.0,-0.10488956386807091,-0.673469387755102
0.25,0.0,0.2866717290105319,0.30612244897959184
-0.2222222222222222,0.0,0.2719579165153466,0.8775510204081632
0.6666666666666666,-1.0,0.845708563064699,0.1836734693877551
0.4166666666666667,-1.0,0.5277933683295366,0.7551020408163265
0.7777777777777778,-1.0,0.3059526560797649,-0.20408163265306123
-0.6388888888888888,0.0,0.15768100630591964,0.1836734693877551
1.0,0.0,0.9150516689227112,0.16326530612244897
-0.16666666666666666,-1.0,-0.7063950609132028,0.673469387755102
0.8055555555555556,-1.0,0.45865935928334817,0.40816326530612246
0.08333333333333333,-1.0,-0.38409983822509824,0.0
-0.3055555555555556,0.0,0.7511637888342303,-0.7551020408163265
0.3055555555555556,0.0,0.22641883191917858,-0.2857142857142857
-0.5,0.0,-0.6946196088789109,-1.0
-0.5,0.0,-0.002575192314041401,0.3877551020408163
-0.9444444444444444,-1.0,0.43017817249386464,0.7959183673469388
-0.9166666666666666,-1.0,-0.29182211363861466,0.9183673469387755
0.05555555555555555,0.0,0.7772348597400597,-1.0
-0.4444444444444444,-1.0,-0.09616252324826395,0.9795918367346939
0.4444444444444444,0.0,0.3596245061463458,0.6326530612244898
-0.1388888888888889,0.0,0.290028283095073,0.9591836734693877
0.7777777777777778,0.0,-0.1638108444209669,0.7551020408163265
-0.9166666666666666,0.0,0.12695478006316924,-0.2857142857142857
-0.9444444444444444,0.0,0.43828892777355916,-1.0204081632653061
-0.3611111111111111,0.0,0.5585416047630053,0.7959183673469388
0.6388888888888888,0.0,-0.5547008264826615,0.5510204081632653
-0.6666666666666666,-1.0,-0.3564000132061144,0.9387755102040817
-0.75,0.0,-0.5904673863999031,-0.3877551020408163
0.16666666666666666,0.0,0.23323098594649322,0.9591836734693877
0.7222222222222222,0.0,-0.16443813485643854,-0.12244897959183673
-0.2777777777777778,-1.0,0.5302475045946273,0.5306122448979592
-0.19444444444444445,0.0,0.5694476542639242,0.5306122448979592
-0.4722222222222222,0.0,0.3703544741215183,-0.9795918367346939
-0.4166666666666667,0.0,-0.2906445684351855,0.5306122448979592
0.4166666666666667,0.0,-0.30387269305688536,0.3673469387755102
-0.3611111111111111,-1.0,-0.3845400420394643,0.46938775510204084
0.19444444444444445,0.0,-0.8531480075274852,0.0
-0.9166666666666666,-1.0,-0.7213399804109303,-0.20408163265306123
0.6388888888888888,-1.0,0.2227761453552995,-0.7755102040816326
-0.9166666666666666,-1.0,0.35723640045340993,0.16326530612244897
-0.25,-1.0,-0.12305897630602969,-0.3673469387755102
1.0,0.0,-0.8703269613831204,0.6122448979591837
0.75,-1.0,0.007967689040025532,-0.2653061224489796
0.2777777777777778,0.0,0.8811009497397295,-0.40816326530612246
0.3333333333333333,-1.0,0.10605610397614096,-0.7551020408163265
0.5833333333333334,0.0,0.22789351469730484,0.2653061224489796
0.6388888888888888,0.0,-0.14017189958950993,0.20408163265306123
0.6388888888888888,0.0,0.9095601263384947,-0.5918367346938775
-0.6666666666666666,-1.0,-0.8439587529025939,0.12244897959183673
0.4166666666666667,-1.0,-0.29232834802513563,0.8979591836734694
-0.6944444444444444,-1.0,0.9086907238051217,0.7551020408163265
0.1388888888888889,0.0,0.3773647198652976,0.0
0.5,0.0,-0.6971507808115157,0.46938775510204084
-0.75,0.0,0.14646681413494447,-0.5510204081632653
0.7222222222222222,-1.0,-0.9358292889607889,-1.0204081632653061
-0.1111111111111111,0.0,0.008661010047652063,0.5510204081632653
-0.8055555555555556,-1.0,0.9949706714208678,-0.2857142857142857
-0.5833333333333334,0.0,-0.298535221807697,0.04081632653061224
-0.9444444444444444,-1.0,-0.5289378982468883,-0.7142857142857143
-0.9722222222222222,0.0,-0.7957124148480746,0.16326530612244897
0.6944444444444444,0.0,0.8883973279628468,0.6122448979591837
-0.3611111111111111,0.0,-0.7605511351755863,0.7346938775510204
0.6666666666666666,-1.0,-0.11615878151584183,-0.6530612244897959
0.19444444444444445,0.0,0.9239988114497012,-0.24489795918367346
-0.6388888888888888,0.0,0.6681303443494337,0.7142857142857143
-0.16666666666666666,0.0,-0.258311598269999,-0.4489795918367347
-0.16666666666666666,0.0,-0.8569777807124699,-0.08163265306122448
-0.4444444444444444,-1.0,-0.2621413714549837,0.20408163265306123
-0.3055555555555556,-1.0,-0.1889574873166276,-0.5306122448979592
0.19444444444444445,0.0,0.6822388765998657,-0.4489795918367347
-0.7222222222222222,0.0,0.15417038088635038,0.9591836734693877
0.2777777777777778,0.0,-0.853566201151133,-0.4489795918367347
0.4444444444444444,-1.0,0.48876930018598613,-0.40816326530612246
0.6111111111111112,0.0,-0.5622503218990392,-0.46938775510204084
-0.05555555555555555,0.0,-0.9200479822157659,0.7959183673469388
-0.2777777777777778,0.0,0.8053308681919729,-0.3877551020408163
0.8055555555555556,-1.0,0.8409763720602639,0.42857142857142855
-0.08333333333333333,-1.0,0.7994871625562635,-0.12244897959183673
0.9166666666666666,-1.0,-0.6710907150010454,-0.10204081632653061
0.5833333333333334,-1.0,-0.8598721207919267,0.8979591836734694
-0.2222222222222222,0.0,-0.12037373303839678,0.673469387755102
-0.8888888888888888,-1.0,-0.30552345736075803,0.6122448979591837
-0.8333333333333334,0.0,0.5005007318388414,0.2653061224489796
-0.19444444444444445,0.0,-0.23726985594330174,-0.6938775510204082
0.1388888888888889,0.0,-0.4120968008187791,0.0
-0.2222222222222222,0.0,-0.27328953305380393,0.2653061224489796
-0.2777777777777778,-1.0,-0.8979607558299493,0.8979591836734694
0.75,-1.0,0.10165406583248043,-0.24489795918367346
0.1111111111111111,0.0,-0.573585570118965,-0.7755102040816326
0.3333333333333333,-1.0,-0.9158660459792884,0.46938775510204084
0.3333333333333333,0.0,-0.7919816875213224,0.16326530612244897
0.1388888888888889,-1.0,-0.39963903287221986,0.16326530612244897
-0.7222222222222222,-1.0,-0.2259676230094534,0.2653061224489796
-0.1111111111111111,0.0,-0.6633211176774847,-0.46938775510204084
0.75,0.0,-0.15130905609297104,-0.20408163265306123
-0.75,-1.0,0.7527815378520255,-0.10204081632653061
0.25,0.0,-0.3253216239118712,0.9387755102040817
0.05555555555555555,-1.0,0.6914831567015528,0.16326530612244897
-0.6666666666666666,-1.0,0.8590357335446311,-0.5714285714285714
-0.4444444444444444,0.0,0.44668581553259157,0.5306122448979592
0.19444444444444445,-1.0,-0.5207721174903981,0.7959183673469388
-0.3333333333333333,0.0,-0.6349389767462335,0.5102040816326531
-0.8611111111111112,-1.0,0.9026269162622295,0.7755102040816326
-1.0,-1.0,0.673170678023925,-0.02040816326530612
-0.8611111111111112,0.0,-0.7378916438310938,0.10204081632653061
1.0,-1.0,0.4933144045693156,0.8775510204081632
-0.3611111111111111,-1.0,0.5717477191939868,-0.5714285714285714
0.2777777777777778,0.0,0.7942267269745892,0.6326530612244898
-0.2222222222222222,-1.0,-0.858518494062751,0.9387755102040817
0.16666666666666666,-1.0,-0.088018752682492,0.061224489795918366
0.5555555555555556,0.0,0.9856493556516667,-0.40816326530612246
-0.5277777777777778,0.0,0.033840668229390206,0.9795918367346939
0.6944444444444444,0.0,0.643126767693442,0.02040816326530612
0.8333333333333334,-1.0,0.3613082857362959,-0.8367346938775511
0.9722222222222222,-1.0,0.34462456117182255,-0.7959183673469388
0.8888888888888888,0.0,0.10940165296532295,-0.46938775510204084
0.5,-1.0,-0.6822058613137882,0.10204081632653061
0.8611111111111112,-1.0,-0.001342621633816457,-1.0
0.75,-1.0,0.1371785136518208,0.10204081632653061
-0.4444444444444444,-1.0,0.9323076584458604,0.30612244897959184
-0.5833333333333334,-1.0,0.639407045462049,0.7551020408163265
0.5277777777777778,-1.0,-0.6001738805066746,-0.4897959183673469
-0.4722222222222222,0.0,0.848404811427691,-0.9387755102040817
-1.0,-1.0,-0.13191807807014647,-0.061224489795918366
-0.16666666666666666,-1.0,-0.12297093554315648,-0.32653061224489793
0.1111111111111111,0.0,0.49570251026225143,-0.3877551020408163
-0.6111111111111112,-1.0,0.01990821750470468,-0.3877551020408163
-0.08333333333333333,-1.0,-0.8244577239261778,-0.9795918367346939
0.8888888888888888,0.0,0.06641575049247801,0.0
0.16666666666666666,-1.0,0.8218165010399815,-0.3469387755102041
0.2222222222222222,-1.0,-0.9374470379785841,-0.8979591836734694
1.0,-1.0,0.4849725422870789,0.6122448979591837
-0.25,-1.0,-0.6717400156272354,0.061224489795918366
-0.6944444444444444,-1.0,0.8554370673621887,-0.7142857142857143
-0.08333333333333333,0.0,0.8724949651688731,-0.9591836734693877
0.4722222222222222,0.0,0.3873903617374845,-0.2653061224489796
0.4444444444444444,-1.0,0.17719304037769487,-0.10204081632653061
0.9722222222222222,0.0,-0.5418798903892502,-0.7755102040816326
0.6388888888888888,0.0,0.9726523380325091,-0.9183673469387755
0.05555555555555555,-1.0,0.5438167871724608,-0.9183673469387755
0.6666666666666666,0.0,-0.29016034423938286,-0.5918367346938775
0.9444444444444444,-1.0,-0.3406077013657323,-0.673469387755102
0.2777777777777778,0.0,-0.6583578196705074,0.10204081632653061
-0.3611111111111111,-1.0,-0.2470864010036647,0.40816326530612246
-0.7222222222222222,-1.0,-0.9756897443516348,-0.6326530612244898
-0.9722222222222222,0.0,0.04516491135395688,0.9387755102040817
-0.1111111111111111,-1.0,0.7032365985451264,0.16326530612244897
-0.8888888888888888,-1.0,-0.19403083627719633,-0.04081632653061224
-0.7777777777777778,0.0,-0.5639451065843486,0.5918367346938775
0.25,-1.0,0.36239779017685186,-0.46938775510204084
0.6388888888888888,-1.0,0.5143891621820903,-0.08163265306122448
0.16666666666666666,0.0,0.31170832095260104,0.9795918367346939
0.3055555555555556,0.0,0.1068374657466407,0.9387755102040817
0.6944444444444444,-1.0,-0.5182629557485116,0.08163265306122448
-0.3888888888888889,0.0,-0.7559069849340244,-0.8979591836734694
-0.19444444444444445,0.0,0.20211958136617253,0.7346938775510204
-0.25,0.0,-0.20266983613413012,0.16326530612244897
-0.9166666666666666,0.0,0.17255989523149218,-0.6530612244897959
0.027777777777777776,0.0,0.9304918177116005,0.10204081632653061
0.05555555555555555,-1.0,-0.3974930392771853,0.7755102040816326
-0.4166666666666667,0.0,-0.5836442272772293,-0.14285714285714285
-0.1111111111111111,0.0,-0.661164118987091,0.46938775510204084
-0.5,-1.0,0.23987806354342062,-0.9591836734693877
0.9166666666666666,-1.0,0.802282456777488,-0.7551020408163265
0.4444444444444444,0.0,-0.6311312137519671,0.8775510204081632
-0.4444444444444444,0.0,-0.1762796174628853,0.9183673469387755
0.8611111111111112,0.0,-0.6478149383164405,0.10204081632653061
0.8611111111111112,-1.0,-0.08961449150956893,0.2857142857142857
0.027777777777777776,0.0,0.8222456997589884,-0.08163265306122448
0.5833333333333334,-1.0,0.37055256583798296,-0.12244897959183673
-0.25,-1.0,-0.9725202768881992,-0.8775510204081632
-0.05555555555555555,0.0,-0.7125359041236092,-0.9591836734693877
-0.6111111111111112,0.0,0.060616065238205286,0.7346938775510204
0.3055555555555556,0.0,0.6018576600966248,0.5510204081632653
0.25,-1.0,0.1278021724058239,-0.8571428571428571
-0.8888888888888888,0.0,0.8545236444473792,-0.9183673469387755
0.3055555555555556,-1.0,-0.7571725709003269,0.02040816326530612
0.2222222222222222,-1.0,-0.13099365005997776,-0.9387755102040817
0.6944444444444444,0.0,-0.2854941838071027,-0.7755102040816326
-0.8611111111111112,0.0,-0.789329459539767,0.9387755102040817
-0.5555555555555556,-1.0,0.4411942729483751,-0.8163265306122449
-0.6944444444444444,-1.0,0.6721692143462423,-0.9387755102040817
-0.8888888888888888,0.0,-0.46361165219496625,-0.7755102040816326
0.8333333333333334,0.0,-0.23875554381678718,-0.3469387755102041
-0.9444444444444444,0.0,-0.383648629315373,0.9183673469387755
-0.08333333333333333,-1.0,-0.8838632286748764,-0.8571428571428571
-0.3888888888888889,0.0,0.6983723463963816,0.3469387755102041
0.9444444444444444,0.0,0.09926596013954461,-0.10204081632653061
-0.08333333333333333,0.0,-0.4458494282852961,-0.6122448979591837
0.0,-1.0,-0.9708695125843265,-0.8979591836734694
-0.2222222222222222,0.0,-0.44076507422936817,-0.6326530612244898
-0.7777777777777778,-1.0,-0.5473274125920301,0.8775510204081632
0.0,-1.0,-0.9422012391737374,0.04081632653061224
0.027777777777777776,0.0,0.6926717070003412,0.9591836734693877
0.8333333333333334,0.0,0.6113770675822906,0.5102040816326531
-1.0,0.0,-0.8299492665103944,-0.7755102040816326
-0.3611111111111111,0.0,0.10691450141415475,-0.30612244897959184
0.05555555555555555,0.0,0.16520849153157913,0.061224489795918366
0.6666666666666666,-1.0,-0.6997809986023529,0.16326530612244897
0.4444444444444444,-1.0,-0.4512199148205619,-0.9795918367346939
0.7777777777777778,0.0,-0.5057501623251566,-0.6530612244897959
0.9722222222222222,-1.0,-0.8175245138499125,-0.7755102040816326
-0.3333333333333333,0.0,-0.20703885899171318,0.12244897959183673
-0.8611111111111112,0.0,0.5510691450141415,0.3877551020408163
-0.5833333333333334,0.0,0.3428087204375626,0.4897959183673469
0.16666666666666666,0.0,0.6996599425534022,0.5714285714285714
0.7222222222222222,0.0,0.24467628512001058,0.02040816326530612
-0.9444444444444444,0.0,-0.7186437320479382,0.7142857142857143
-0.2777777777777778,0.0,0.22956628919189584,-0.9387755102040817
-0.25,-1.0,-0.055971914996643446,-0.08163265306122448
-0.1111111111111111,0.0,-0.3757799861335798,-0.4489795918367347
-0.9444444444444444,0.0,0.9538116147776421,0.9591836734693877
-0.8888888888888888,-1.0,-0.6147776420482683,0.6938775510204082
0.0,0.0,0.7814938316440512,-0.20408163265306123
0.2777777777777778,0.0,0.15133106628368934,-0.46938775510204084
-0.08333333333333333,0.0,-0.4194812198047696,0.5102040816326531
0.1388888888888889,0.0,0.4739124214511319,-0.6122448979591837
0.5,0.0,0.8843254426799608,0.16326530612244897
0.6944444444444444,-1.0,0.34808016111459605,0.16326530612244897
0.8333333333333334,-1.0,-0.32546469015154017,-0.5306122448979592
0.4166666666666667,-1.0,0.8220476080425236,-0.2857142857142857
-0.4166666666666667,-1.0,0.6465493523501381,-0.6938775510204082
0.25,-1.0,-0.7695092827979354,0.061224489795918366
0.4444444444444444,-1.0,-0.20622448193513596,-0.5306122448979592
-0.3055555555555556,0.0,-0.8005986771875379,-0.24489795918367346
-0.1388888888888889,-1.0,-0.06742821926551994,-0.3877551020408163
0.5555555555555556,0.0,0.30615074779622964,-0.7551020408163265
0.8055555555555556,0.0,0.9762399991195924,-0.2653061224489796
-0.4722222222222222,0.0,0.8279463391550288,-0.46938775510204084
0.2777777777777778,0.0,-0.24441216283139094,-0.4897959183673469
-0.25,0.0,-0.5260325530720724,-0.4489795918367347
-0.6388888888888888,0.0,0.972718368604664,-0.3469387755102041
-0.9444444444444444,-1.0,0.4333146246712228,0.6326530612244898
0.5,-1.0,0.7120516799278066,-0.7755102040816326
-0.6666666666666666,0.0,-0.6941573948738265,0.8163265306122449
-0.6944444444444444,0.0,-0.7496010652932308,-0.6326530612244898
0.08333333333333333,0.0,0.46147666369529095,0.42857142857142855
0.2222222222222222,-1.0,-0.6847040179603157,-0.10204081632653061
-0.4166666666666667,-1.0,0.3844630063719502,0.5510204081632653
0.4166666666666667,0.0,-0.4413483442834032,0.2857142857142857
0.9722222222222222,0.0,-0.14491509568930414,0.061224489795918366
0.3055555555555556,-1.0,-0.018840723254867003,0.16326530612244897
-0.19444444444444445,-1.0,0.443153179922304,-0.8367346938775511
-0.4722222222222222,-1.0,0.38053418732873323,0.9183673469387755
0.7777777777777778,-1.0,0.9234485566817436,-0.24489795918367346
-0.2777777777777778,-1.0,-0.8455434866343117,0.0
0.6111111111111112,0.0,-0.9394499653339496,-0.2653061224489796
-0.3333333333333333,-1.0,-0.8439917681886714,-0.3673469387755102
-0.9722222222222222,0.0,-0.2626255956507863,0.6530612244897959
0.08333333333333333,0.0,0.0316286440622008,0.40816326530612246
0.05555555555555555,0.0,0.30466505992274423,0.16326530612244897
0.16666666666666666,-1.0,-0.5833580947978915,-0.46938775510204084
1.0,0.0,-0.7614425478996776,-0.32653061224489793
0.6111111111111112,-1.0,-0.10279859574983218,-0.42857142857142855
-0.6666666666666666,0.0,-0.6514246095942421,-0.7346938775510204
0.4722222222222222,-1.0,0.4883180912762609,0.8163265306122449
-0.8055555555555556,0.0,0.1261954284833878,-0.02040816326530612
0.5555555555555556,-1.0,0.21957366260578648,0.24489795918367346
-0.3611111111111111,-1.0,0.7048653526582808,0.4489795918367347
0.9166666666666666,0.0,0.42371818151804286,0.40816326530612246
-0.9722222222222222,-1.0,0.7253678453123796,0.30612244897959184
-0.5277777777777778,-1.0,-0.38237203825371147,0.08163265306122448
0.6666666666666666,-1.0,-0.5810470247724696,-0.5102040816326531
0.4444444444444444,0.0,-0.8668163359635511,0.2857142857142857
-0.4722222222222222,0.0,0.0005832700540350182,-0.8163265306122449
0.7777777777777778,-1.0,-0.8874949101433964,0.8163265306122449
0.7222222222222222,-1.0,-0.32438619080634334,0.12244897959183673
0.7222222222222222,-1.0,-0.7534088282874971,-0.6938775510204082
0.5277777777777778,0.0,-0.4884501524205707,-1.0
-0.4166666666666667,0.0,-0.5590148238634488,0.6938775510204082
-0.5277777777777778,-1.0,0.44100718632726954,-1.0
0.5,0.0,-0.3227464315978298,-0.32653061224489793
-0.08333333333333333,0.0,-0.48137387610463644,0.7755102040816326
0.6944444444444444,-1.0,-0.9795745430134152,0.6326530612244898
0.6666666666666666,-1.0,-0.5422210483453839,0.46938775510204084
0.4444444444444444,-1.0,-0.9183862128165341,-0.6326530612244898
0.2222222222222222,-1.0,0.16060836167145387,-0.20408163265306123
0.5,0.0,-0.971408762256925,0.0
-0.5833333333333334,-1.0,-0.5739707484565354,-0.24489795918367346
0.6388888888888888,0.0,0.6107827924328965,0.4489795918367347
0.4166666666666667,0.0,0.4806915601923691,-0.8163265306122449
-0.9166666666666666,0.0,-0.8823115102292362,-0.5714285714285714
-0.75,0.0,0.8043844299910858,-0.8571428571428571
-0.6388888888888888,-1.0,-0.12758207049864087,-0.20408163265306123
-0.4166666666666667,-1.0,0.08751251829597104,0.46938775510204084
-0.7222222222222222,-1.0,0.15873749546039817,0.1836734693877551
0.9444444444444444,-1.0,0.13811394675734864,-0.7551020408163265
-0.5833333333333334,0.0,0.10458142119801468,0.12244897959183673
0.7777777777777778,0.0,0.5245028448171504,-0.04081632653061224
0.7222222222222222,-1.0,0.8677957894505156,-0.6326530612244898
0.9722222222222222,0.0,-0.4536520408949343,-0.673469387755102
0.3055555555555556,0.0,-0.17039189144573938,-0.4897959183673469
0.7777777777777778,0.0,-0.4425038792961141,0.061224489795918366
-1.0,-1.0,0.39646956540878425,-0.3673469387755102
0.75,-1.0,-0.8097989369077883,0.7755102040816326
-0.027777777777777776,0.0,-0.7761453552995037,-0.1836734693877551
-0.8611111111111112,-1.0,-0.1876478809688886,-0.2653061224489796
-0.05555555555555555,0.0,-0.4411502525669385,-0.7142857142857143
1.0,0.0,0.7771138036911089,0.2857142857142857
0.4722222222222222,0.0,0.4856768683900646,-1.0204081632653061
0.08333333333333333,-1.0,-0.4157725026687356,-0.1836734693877551
0.3611111111111111,-1.0,0.8352537224735053,0.3469387755102041
0.6666666666666666,-1.0,0.12182640562580475,0.8571428571428571
-0.6944444444444444,0.0,-0.7054596278076749,0.2857142857142857
0.6666666666666666,-1.0,0.41581652305017225,-0.9183673469387755
-0.9166666666666666,0.0,-0.24877018059361483,0.7346938775510204
-0.9444444444444444,0.0,-0.6959402203220091,0.32653061224489793
-0.25,-1.0,-0.48568787348542375,0.8979591836734694
0.08333333333333333,0.0,-0.32411106342236456,0.061224489795918366
0.9722222222222222,0.0,0.04692572661142109,0.5918367346938775
-0.6111111111111112,0.0,-0.20883268953525483,0.40816326530612246
0.75,-1.0,-0.95046606578846,-0.8367346938775511
0.25,0.0,-0.33932010520871164,-0.8571428571428571
0.16666666666666666,0.0,-0.8473813375592899,0.9591836734693877
0.9444444444444444,0.0,-0.17229577294287254,-0.22448979591836735
0.0,0.0,-0.6919013503252006,-0.24489795918367346
0.9166666666666666,0.0,-0.5896309991526076,-0.6326530612244898
-0.6111111111111112,0.0,-0.5578592888507379,0.6938775510204082
-0.8333333333333334,-1.0,-0.4937546083836816,-0.9387755102040817
-0.19444444444444445,0.0,-0.6540438222897201,0.02040816326530612
0.05555555555555555,-1.0,-0.23247163436671178,0.6530612244897959
0.027777777777777776,-1.0,-0.23605929545379511,-0.02040816326530612
0.9444444444444444,-1.0,-0.4311906412669066,0.8571428571428571
0.5833333333333334,0.0,0.41301022373358864,-0.5510204081632653
0.0,-1.0,-0.2570240021129783,0.8775510204081632
0.3611111111111111,-1.0,-0.05863514807355806,0.04081632653061224
0.7222222222222222,0.0,0.9780888551399298,-0.46938775510204084
-0.5555555555555556,-1.0,-0.05207611123950389,0.2857142857142857
0.8611111111111112,0.0,0.2717488197035227,-0.10204081632653061
-0.5555555555555556,0.0,-0.30127549055212566,-0.061224489795918366
-0.25,-1.0,0.9495086224922139,-0.5714285714285714
1.0,-1.0,0.4171041192071929,-0.3673469387755102
-0.9444444444444444,-1.0,0.16780569403633883,-0.4897959183673469
-0.3611111111111111,-1.0,-0.27235409994827603,0.9591836734693877
-0.4166666666666667,-1.0,-0.08349565848988082,-0.8163265306122449
0.6111111111111112,0.0,0.8044834758493182,-0.5918367346938775
-0.9166666666666666,0.0,-0.7897476531634147,-0.8571428571428571
-0.1388888888888889,0.0,0.9769113099365005,0.673469387755102
0.4722222222222222,0.0,0.2775595100531546,0.3877551020408163
0.05555555555555555,-1.0,0.6207313986375692,0.5102040816326531
-0.2777777777777778,0.0,-0.9444572837223635,-0.14285714285714285
-0.1111111111111111,0.0,0.923041368153455,0.24489795918367346
-0.75,-1.0,-0.046111349554843896,0.6122448979591837
-0.1111111111111111,0.0,0.4993231866354122,0.8571428571428571
-0.3611111111111111,0.0,0.49849780448347586,0.8367346938775511
-0.3888888888888889,0.0,-0.6533615063774527,0.5306122448979592
0.25,0.0,-0.4699065667404008,-0.7551020408163265
-0.8611111111111112,0.0,0.9787161455754014,0.3877551020408163
0.6111111111111112,0.0,0.41104031166430055,0.9591836734693877
0.6944444444444444,0.0,-0.26699461850836936,-0.6326530612244898
-0.1111111111111111,0.0,0.7852025487800852,0.16326530612244897
-0.4722222222222222,0.0,0.128682580034556,0.6326530612244898
-0.75,-1.0,0.6156910649630779,-0.3877551020408163
-0.027777777777777776,-1.0,-0.4737473450207446,-0.9387755102040817
-0.75,0.0,-0.5121991482056192,0.0
0.7777777777777778,0.0,-0.4199874541912906,-0.2653061224489796
0.08333333333333333,-1.0,0.7041720316506542,0.2653061224489796
-0.2777777777777778,0.0,0.21845114287915304,-0.7142857142857143
-0.1111111111111111,-1.0,-0.3266532404503285,-0.08163265306122448
0.8888888888888888,-1.0,-0.6445244148040543,0.32653061224489793
0.9722222222222222,-1.0,0.23919574763115323,-0.5714285714285714
-0.8055555555555556,0.0,-0.2527650302089868,0.673469387755102
-0.6388888888888888,0.0,-0.8617209768122641,0.2653061224489796
0.4444444444444444,0.0,0.0030924317959215115,-0.9387755102040817
0.2222222222222222,-1.0,-0.13400904618838522,-0.4897959183673469
0.7222222222222222,0.0,-0.792245809809942,-0.40816326530612246
-0.3055555555555556,0.0,0.8915888056170007,0.14285714285714285
0.05555555555555555,-1.0,0.6844288905763368,-0.2857142857142857
-0.3888888888888889,0.0,0.30913312863855963,0.5510204081632653
0.4444444444444444,0.0,0.13732157989148977,0.7346938775510204
0.3055555555555556,0.0,0.7348762477026863,0.1836734693877551
0.5833333333333334,0.0,-0.9498497804483476,0.7959183673469388
0.75,0.0,0.9522268810459242,0.16326530612244897
-0.19444444444444445,0.0,-0.7847953602517966,0.9795918367346939
0.8888888888888888,0.0,-0.0012875961570207005,0.1836734693877551
-0.05555555555555555,-1.0,-0.7855216965455005,0.5306122448979592
-0.7777777777777778,-1.0,-0.7019600074834649,-0.8571428571428571
-0.4166666666666667,-1.0,-0.12842946284129553,-0.16326530612244897
-0.5,-1.0,-0.8444099618123191,0.4489795918367347
0.4444444444444444,-1.0,0.13030032905235123,-0.9795918367346939
-0.08333333333333333,0.0,0.01000363168146852,0.46938775510204084
0.3055555555555556,0.0,-0.8543585680169918,0.3673469387755102
-0.8611111111111112,-1.0,0.8378729351689832,0.3469387755102041
0.027777777777777776,-1.0,-0.7408189991966281,-0.02040816326530612
0.8333333333333334,-1.0,0.06890290204364621,0.061224489795918366
0.4444444444444444,-1.0,-0.8914567444726909,-0.10204081632653061
0.6666666666666666,-1.0,-0.5748511560852675,0.3673469387755102
-0.3333333333333333,0.0,0.7915524888023154,-0.10204081632653061
0.2222222222222222,-1.0,-0.732444121628314,0.5714285714285714
-0.16666666666666666,-1.0,-0.913004721185909,0.04081632653061224
0.7222222222222222,-1.0,-0.05344074306403865,-0.2857142857142857
-0.9444444444444444,-1.0,-0.29975678739256273,-0.4489795918367347
-0.4722222222222222,-1.0,0.6772425633068111,0.673469387755102
-0.25,-1.0,0.2727722935719238,-0.3877551020408163
0.8055555555555556,0.0,-0.09069299085476576,0.8163265306122449
0.3333333333333333,-1.0,-0.10750877656354893,0.061224489795918366
0.9444444444444444,-1.0,-0.8159727954042721,-0.5306122448979592
0.7222222222222222,-1.0,-0.09816545060362948,-0.8979591836734694
-0.05555555555555555,0.0,-0.9243619795965532,-0.061224489795918366
-0.4444444444444444,-1.0,-0.8602683042248561,0.0
0.3888888888888889,0.0,-0.13152189463721703,-0.10204081632653061
0.9444444444444444,-1.0,0.6403864989490133,0.04081632653061224
0.2222222222222222,0.0,0.4984427790066801,-0.7346938775510204
-0.3055555555555556,-1.0,-0.4356807201734403,-1.0
-0.6388888888888888,0.0,-0.5542826328590137,-0.8775510204081632
0.25,0.0,-0.3880066470775969,-0.8367346938775511
-0.16666666666666666,-1.0,0.7967799090979123,-0.24489795918367346
-0.6111111111111112,-1.0,0.3354132963562129,0.9387755102040817
0.3611111111111111,-1.0,0.8381150472668846,-0.20408163265306123
-0.8055555555555556,0.0,0.765624484136155,0.8571428571428571
0.5833333333333334,0.0,-0.2943312753805012,-1.0204081632653061
0.2222222222222222,0.0,0.16459220619146664,0.04081632653061224
1.0,0.0,0.7243443714439786,-0.30612244897959184
-0.6388888888888888,-1.0,0.9163722803658094,-0.2653061224489796
0.3333333333333333,0.0,-0.21824204606732917,0.04081632653061224
-0.25,-1.0,-0.9413208315450053,0.30612244897959184
-0.2222222222222222,0.0,0.9457008594979476,0.9591836734693877
-0.6111111111111112,0.0,-0.09217867872825118,-0.20408163265306123
-0.16666666666666666,-1.0,0.8108224107761893,0.16326530612244897
0.2222222222222222,0.0,-0.1001463677682767,0.1836734693877551
-0.9722222222222222,0.0,-0.16439411447500193,0.8163265306122449
0.8611111111111112,0.0,0.8632396799718269,-0.2653061224489796
-0.19444444444444445,-1.0,-0.5446091540383198,-0.673469387755102
-0.6944444444444444,-1.0,0.9835914028195054,-0.04081632653061224
0.5833333333333334,-1.0,0.4728449272012942,0.5510204081632653
0.4444444444444444,0.0,-0.808324254129662,-0.5714285714285714
0.8611111111111112,-1.0,-0.47776420482683485,-0.061224489795918366
-0.5555555555555556,-1.0,0.8071246987355145,0.4489795918367347
0.5277777777777778,0.0,0.7278109764821112,-0.14285714285714285
0.4722222222222222,-1.0,-0.4403798958917979,-0.16326530612244897
0.2222222222222222,-1.0,0.501711292328348,0.08163265306122448
0.2777777777777778,0.0,-0.16756358193843748,-0.8775510204081632
-0.2777777777777778,0.0,0.14963628159838005,0.7755102040816326
-0.5277777777777778,0.0,-0.5544146940033235,-0.061224489795918366
-0.2222222222222222,-1.0,0.6260358546006801,0.12244897959183673
0.9722222222222222,0.0,0.1744307614425479,-0.30612244897959184
0.8888888888888888,0.0,-0.7549605467331374,-0.32653061224489793
0.9166666666666666,0.0,-0.4382559124874817,-0.6938775510204082
0.027777777777777776,0.0,0.05560874684979145,0.02040816326530612
0.3055555555555556,-1.0,-0.6101334918067065,0.9591836734693877
0.08333333333333333,0.0,-0.3918254151672224,-0.20408163265306123
-0.1388888888888889,-1.0,-0.1324353175520266,-0.04081632653061224
0.7222222222222222,0.0,-0.07163216569271573,0.24489795918367346
0.75,0.0,0.7223634542793314,-0.08163265306122448
0.6111111111111112,-1.0,0.7520992219397581,0.0
0.05555555555555555,-1.0,0.3959853412129816,0.0
0.6666666666666666,0.0,-0.08278032729153598,-0.2653061224489796
-0.1111111111111111,0.0,-0.9393399143803581,0.12244897959183673
0.7777777777777778,0.0,-0.7685738496924076,-0.8163265306122449
0.5555555555555556,-1.0,-0.8852498706901295,0.32653061224489793
-0.3055555555555556,0.0,0.8568897399495967,0.5102040816326531
0.3888888888888889,-1.0,-0.20712689975458637,-0.7551020408163265
-0.7777777777777778,0.0,0.5839963903287222,0.20408163265306123
0.19444444444444445,0.0,-0.7555438167871724,0.5306122448979592
-1.0,-1.0,0.6598985330207886,0.3877551020408163
-0.9166666666666666,-1.0,-0.9716728845455446,-0.2857142857142857
0.9166666666666666,0.0,0.0017388050667459035,0.04081632653061224
0.3055555555555556,0.0,-0.6943554865902913,-0.7346938775510204
0.6111111111111112,-1.0,0.9969075682040784,0.16326530612244897
0.9444444444444444,-1.0,-0.2170204804824634,-0.3673469387755102
-0.75,0.0,0.6626718170512947,0.2653061224489796
-0.5555555555555556,-1.0,-0.69411337449239,-0.8571428571428571
0.1388888888888889,0.0,0.3070861809017575,-0.5714285714285714
-0.5833333333333334,0.0,0.5506839666765713,0.6326530612244898
-0.3888888888888889,-1.0,-0.9098792741039101,-0.04081632653061224
-0.16666666666666666,-1.0,-0.8764678045935268,0.08163265306122448
0.19444444444444445,-1.0,0.708155876170667,0.9591836734693877
0.2777777777777778,0.0,-0.5947153532085355,-0.9387755102040817
0.8888888888888888,0.0,-0.09932098561634037,-0.32653061224489793
0.6111111111111112,-1.0,0.7107970990568633,-0.4897959183673469
0.027777777777777776,-1.0,-0.656652029889839,0.7755102040816326
-0.6111111111111112,-1.0,0.3170567972971486,-0.6122448979591837
0.0,-1.0,-0.7385189342665655,0.12244897959183673
-0.6944444444444444,-1.0,-0.8884633585350017,0.20408163265306123
-0.5,-1.0,-0.43876214687400267,-0.02040816326530612
0.9444444444444444,0.0,-0.2703511725929105,-0.42857142857142855
0.5833333333333334,0.0,0.28193953800609683,-0.32653061224489793
0.19444444444444445,0.0,-0.8126272464150902,0.5306122448979592
-0.2777777777777778,0.0,-0.6128957707418535,0.7755102040816326
0.8888888888888888,0.0,0.3967667029834814,-0.5306122448979592
-0.6111111111111112,0.0,-0.8102611509128727,-0.9183673469387755
-0.6388888888888888,-1.0,-0.041346143264331385,0.673469387755102
0.9722222222222222,-1.0,-0.14240593394741766,0.8775510204081632
-0.7777777777777778,0.0,0.9325387654484026,-0.1836734693877551
0.6111111111111112,-1.0,-0.3613302959270142,-0.5306122448979592
1.0,0.0,0.8845895649685804,-1.0204081632653061
0.5555555555555556,-1.0,-0.8054739344316418,0.16326530612244897
0.3055555555555556,0.0,0.8557782253183224,0.0
0.8333333333333334,-1.0,-0.26315384022802557,0.40816326530612246
0.75,0.0,0.40745265057721725,0.7959183673469388
0.027777777777777776,-1.0,0.5092167673632892,-0.10204081632653061
-0.3055555555555556,-1.0,-0.3963925297412702,-0.7346938775510204
-0.7777777777777778,-1.0,-0.8458736394950862,0.02040816326530612
0.4166666666666667,-1.0,0.47491388512881466,0.4897959183673469
-0.027777777777777776,-1.0,-0.8635038022604465,-0.04081632653061224
0.8055555555555556,0.0,0.46088238854589675,-0.02040816326530612
0.6388888888888888,0.0,0.29537675943962055,0.2653061224489796
-0.4722222222222222,0.0,0.5760287012886967,0.8367346938775511
0.7777777777777778,-1.0,0.003565650896365017,0.6530612244897959
-0.6388888888888888,0.0,0.11093136122024497,0.5714285714285714
-0.027777777777777776,0.0,0.8023925077310795,-0.5918367346938775
0.1111111111111111,0.0,0.14098627664608715,-0.20408163265306123
-0.8333333333333334,0.0,0.6921544675184611,-0.5714285714285714
0.5833333333333334,0.0,0.20441964629623516,0.8571428571428571
0.8611111111111112,0.0,0.07247955803537037,0.3877551020408163
-0.3888888888888889,0.0,0.14667591094676835,0.4489795918367347
0.19444444444444445,-1.0,-0.8856020337416224,0.6326530612244898
0.8055555555555556,0.0,-0.9223920675272651,-0.5510204081632653
-0.1388888888888889,-1.0,-0.05754564363300208,0.3673469387755102
-0.1388888888888889,-1.0,-0.3906808852498707,-0.08163265306122448
-0.4166666666666667,-1.0,-0.24253029152497607,-0.24489795918367346
-0.3333333333333333,0.0,0.43697932142582013,-0.22448979591836735
0.16666666666666666,0.0,-0.016474627752649476,-0.8775510204081632
-0.7777777777777778,-1.0,0.02275853720272486,0.8163265306122449
0.19444444444444445,0.0,-0.8025245688753893,-0.7959183673469388
-0.9444444444444444,0.0,-0.7946779358843145,0.9795918367346939
-0.7222222222222222,0.0,-0.6255076100234409,0.3469387755102041
0.3333333333333333,-1.0,-0.4952623064478854,0.2857142857142857
-0.3611111111111111,-1.0,-0.7431630845081273,0.30612244897959184
-0.8333333333333334,0.0,0.9870359976669197,1.0
0.08333333333333333,-1.0,-0.129772084475112,0.2653061224489796
-0.9166666666666666,0.0,-0.5187141646582367,0.6122448979591837
0.4166666666666667,-1.0,-0.2744670782572331,0.8163265306122449
0.1111111111111111,-1.0,-0.11316539557815268,-0.3469387755102041
0.3333333333333333,0.0,-0.6032002817304412,-0.8163265306122449
0.8055555555555556,0.0,0.42804318399418934,-0.24489795918367346
-0.4444444444444444,-1.0,0.43163084508127264,0.7346938775510204
0.5555555555555556,0.0,0.7783133590852565,-0.9387755102040817
-0.8611111111111112,0.0,-0.940572485060583,0.7755102040816326
-0.08333333333333333,0.0,0.8281994563482893,0.5510204081632653
-0.9444444444444444,0.0,0.5121881431102601,0.08163265306122448
0.5277777777777778,0.0,0.7389041126041357,0.3469387755102041
0.25,0.0,0.7585812231062982,0.3877551020408163
0.3333333333333333,0.0,0.14252698999636831,0.5714285714285714
0.4722222222222222,-1.0,-0.3458791420427658,0.673469387755102
-0.8055555555555556,-1.0,-0.9325827858298392,0.32653061224489793
0.1388888888888889,-1.0,-0.4047564022142252,-0.7959183673469388
-0.027777777777777776,-1.0,-0.5994365391176114,-0.6326530612244898
-0.027777777777777776,0.0,-0.44978925242387224,0.7346938775510204
-0.3611111111111111,0.0,-0.9675129584997854,0.46938775510204084
-0.7222222222222222,0.0,0.13275446531744198,0.5102040816326531
-0.4722222222222222,-1.0,0.3309672378311158,0.8775510204081632
-0.16666666666666666,0.0,-0.48595199577404335,-0.42857142857142855
0.8333333333333334,0.0,-0.33441183267853014,0.7755102040816326
-0.1388888888888889,-1.0,0.716233616164284,0.8367346938775511
0.5555555555555556,0.0,-0.23134911464007835,-0.04081632653061224
0.3611111111111111,0.0,-0.5130355354529147,-0.5306122448979592
0.8333333333333334,0.0,0.9104625441579451,-0.4489795918367347
0.3888888888888889,0.0,0.07147809435768761,-0.40816326530612246
-0.5833333333333334,0.0,0.9990865770851904,0.7755102040816326
0.1388888888888889,0.0,0.3001419657301331,0.8163265306122449
-0.8888888888888888,0.0,-0.898378949453597,-0.6122448979591837
-0.6388888888888888,-1.0,-0.1261514081019512,-0.5102040816326531
0.2222222222222222,-1.0,-0.38067725356840215,0.08163265306122448
0.4444444444444444,-1.0,-0.8749931218154006,-0.4489795918367347
-0.5833333333333334,0.0,0.8471942509381843,-0.20408163265306123
0.16666666666666666,0.0,0.3418402720459573,-0.32653061224489793
-0.7222222222222222,0.0,0.6015605225219276,0.9183673469387755
-0.027777777777777776,-1.0,0.014163557727227707,0.1836734693877551
0.3333333333333333,0.0,0.36820848052648375,0.5102040816326531
-0.7222222222222222,-1.0,-0.3740301759714748,0.04081632653061224
-0.05555555555555555,0.0,0.5078081151573178,-0.7755102040816326
0.1111111111111111,-1.0,0.502437628622052,0.9183673469387755
-0.5,0.0,-0.8187130641487008,0.5510204081632653
0.027777777777777776,0.0,0.963628159838005,-0.42857142857142855
-0.6944444444444444,0.0,0.12195846677011456,-1.0204081632653061
-0.7777777777777778,-1.0,0.8843804681567565,0.7755102040816326
-0.4444444444444444,0.0,-0.07536289301946801,-0.2857142857142857
0.6111111111111112,-1.0,-0.943918034049765,0.6122448979591837
-0.05555555555555555,-1.0,-0.5602914149251104,0.02040816326530612
0.8888888888888888,-1.0,0.5967512958499785,0.22448979591836735
-0.5277777777777778,0.0,-0.7754740444825955,0.9183673469387755
-1.0,0.0,0.6407386620005062,0.0
0.3055555555555556,-1.0,0.33820859057743735,-0.20408163265306123
0.4166666666666667,-1.0,0.8272860334334797,-0.3469387755102041
0.8055555555555556,-1.0,-0.5066525801446069,-0.4489795918367347
0.027777777777777776,0.0,-0.1953074273388579,0.3877551020408163
-0.6666666666666666,0.0,-0.8237974182046287,0.5510204081632653
-0.2777777777777778,0.0,0.12790121826405626,0.08163265306122448
0.6111111111111112,0.0,0.18139698680489066,0.8571428571428571
0.05555555555555555,0.0,-0.015253062167783684,0.9387755102040817
0.4444444444444444,0.0,0.5826427635995466,-0.30612244897959184
-0.6111111111111112,-1.0,-0.9238887604961097,0.14285714285714285
0.25,-1.0,-0.40522962131466866,-0.30612244897959184
0.6111111111111112,-1.0,-0.6236367438123851,0.40816326530612246
-0.9722222222222222,0.0,-0.6354342060373953,-0.6122448979591837
0.3888888888888889,-1.0,0.17274698185259776,-0.8979591836734694
0.9166666666666666,-1.0,-0.08652205971364742,-0.02040816326530612
0.75,0.0,-0.21273949838775352,-0.30612244897959184
0.6944444444444444,0.0,0.672081173583369,-0.8775510204081632
0.9722222222222222,-1.0,0.39918782396249464,0.10204081632653061
0.6111111111111112,-1.0,-0.6753276767143187,0.9591836734693877
-0.75,0.0,0.5572099882245479,-0.14285714285714285
-0.1111111111111111,-1.0,-0.01548416917032586,-1.0204081632653061
-0.6944444444444444,0.0,-0.3731497683427427,-0.7346938775510204
0.19444444444444445,-1.0,0.16827891313678234,-0.9183673469387755
-0.5555555555555556,0.0,-0.3004941287816259,0.6938775510204082
-0.4722222222222222,-1.0,0.26351700837487757,0.8163265306122449
-0.5,0.0,-0.2810371201866464,-0.4489795918367347
-0.16666666666666666,-1.0,0.5149174067593296,-0.16326530612244897
-0.2777777777777778,0.0,-0.4155744109522709,0.2857142857142857
-0.7777777777777778,0.0,0.9537015638240506,-0.9183673469387755
0.6111111111111112,0.0,0.004798221576589961,0.7142857142857143
0.3888888888888889,0.0,0.9288410534077278,0.7346938775510204
0.5833333333333334,0.0,-0.8688962989864307,-0.16326530612244897
-0.1111111111111111,-1.0,0.7307273267522864,-0.5102040816326531
-0.6111111111111112,0.0,-0.7400266323307692,-0.9591836734693877
0.4166666666666667,-1.0,0.7390911992252412,-0.5918367346938775
-0.8055555555555556,0.0,-0.06088018752682492,-0.04081632653061224
-0.5833333333333334,-1.0,-0.7994651523655453,-0.7346938775510204
-0.6111111111111112,0.0,0.7365600272926365,-0.5918367346938775
0.6944444444444444,0.0,-0.3345769091089174,0.8367346938775511
0.5833333333333334,0.0,-0.808907524183697,-0.24489795918367346
0.08333333333333333,-1.0,-0.9493215358711083,-0.5510204081632653
-0.75,-1.0,-0.2207181925231382,0.7346938775510204
-0.05555555555555555,-1.0,0.8565705921841813,-0.08163265306122448
-0.75,-1.0,-0.5436627158374328,-0.2653061224489796
0.5833333333333334,-1.0,0.36533615063774527,0.7551020408163265
0.6944444444444444,-1.0,-0.5074999724872616,-0.16326530612244897
0.2777777777777778,-1.0,-0.8558772711765548,-0.14285714285714285
-0.8333333333333334,-1.0,-0.12550210747576127,-0.6530612244897959
0.75,-1.0,0.4393894373094743,-0.5714285714285714
-0.7222222222222222,-1.0,-0.03771446179581146,-0.46938775510204084
-0.6388888888888888,0.0,-0.9657631483376804,-0.6938775510204082
-0.2222222222222222,0.0,-0.7451440016727745,-0.7142857142857143
-0.2222222222222222,-1.0,-0.3446905917439775,0.7551020408163265
-0.1388888888888889,-1.0,-0.5854600680114893,0.4489795918367347
0.6388888888888888,-1.0,-0.9517316517547625,-0.46938775510204084
0.5,-1.0,-0.03283920455170744,-0.8979591836734694
-0.16666666666666666,-1.0,-0.10715661351205608,-0.4489795918367347
-0.5833333333333334,0.0,-0.5718797803382967,0.5918367346938775
0.5,-1.0,0.3958532800686718,-0.8367346938775511
0.8333333333333334,0.0,-0.788603123246063,-0.8367346938775511
-0.6111111111111112,0.0,-0.2017674183146797,-0.9183673469387755
-0.6666666666666666,0.0,0.8639440060748126,0.32653061224489793
0.3888888888888889,-1.0,-0.9720140425016783,0.5306122448979592
0.4722222222222222,-1.0,0.9663684285824337,-0.7346938775510204
0.5,0.0,-0.09933199071169951,0.5510204081632653
0.8055555555555556,-1.0,-0.326686255736406,0.5306122448979592
-0.6666666666666666,-1.0,-0.4115685562415398,-0.7142857142857143
-0.4444444444444444,0.0,0.9255065095139049,0.40816326530612246
-0.3888888888888889,-1.0,-0.45485159628908184,-0.6122448979591837
-0.7222222222222222,-1.0,0.8061122299624727,-0.7755102040816326
-0.7222222222222222,-1.0,-0.4241363751416906,-0.3673469387755102
-0.08333333333333333,0.0,0.6050931581322152,0.24489795918367346
-0.3888888888888889,-1.0,0.17946009002168004,0.24489795918367346
-0.027777777777777776,-1.0,0.717103018697657,-0.2857142857142857
0.6944444444444444,-1.0,0.1275490552125634,-0.5714285714285714
0.8611111111111112,0.0,-0.5527859398901691,-0.46938775510204084
0.9722222222222222,-1.0,-0.2022846577965598,-0.7755102040816326
0.9722222222222222,0.0,0.7186767473340157,-0.3469387755102041
-0.6944444444444444,0.0,-0.48050447357126347,-0.673469387755102
0.8611111111111112,-1.0,-0.015792311840382097,-0.02040816326530612
-0.5555555555555556,0.0,0.2888067175102072,-0.08163265306122448
0.5833333333333334,-1.0,0.5749391968481407,0.02040816326530612
0.05555555555555555,-1.0,-0.872627026313183,0.42857142857142855
0.05555555555555555,0.0,0.28430563350831434,0.4489795918367347
-0.4444444444444444,0.0,0.301374536410358,-0.04081632653061224
0.9166666666666666,-1.0,0.18914457393773318,-0.8163265306122449
-0.4722222222222222,0.0,0.9255615349907007,0.46938775510204084
-0.05555555555555555,-1.0,-0.5143231316099354,-0.8775510204081632
-0.9166666666666666,-1.0,0.08308846996159222,-0.5918367346938775
0.2777777777777778,-1.0,-0.2453475959369188,0.4489795918367347
-0.5555555555555556,-1.0,-0.6595903903507324,-0.42857142857142855
-0.3333333333333333,0.0,-0.9049930117644469,0.5918367346938775
-0.3611111111111111,0.0,-0.6987135043525152,0.9183673469387755
0.1388888888888889,-1.0,0.16779468894097968,0.061224489795918366
-0.4722222222222222,-1.0,-0.6796086588090285,0.673469387755102
0.5277777777777778,-1.0,0.21507257860389362,-0.8367346938775511
-0.5555555555555556,-1.0,0.9731035469422342,0.4489795918367347
-0.8333333333333334,0.0,-0.7263252886086258,0.7959183673469388
0.027777777777777776,0.0,0.034401928092706924,0.04081632653061224
0.4166666666666667,0.0,0.8753562899622526,0.0
-0.5555555555555556,0.0,-0.6518317981225308,-0.3469387755102041
-0.3055555555555556,0.0,0.8615118800004402,-0.8775510204081632
-0.25,0.0,-0.42015253062167784,-0.7959183673469388
-0.7777777777777778,0.0,0.6593372731574719,0.5306122448979592
-0.1111111111111111,-1.0,-0.09118822014592756,0.14285714285714285
0.2222222222222222,0.0,-0.9607888452353439,-0.6938775510204082
-0.4166666666666667,0.0,-0.7282071599150407,-0.6122448979591837
-0.8055555555555556,0.0,0.29601505497045133,-0.673469387755102
0.75,-1.0,-0.7294397305952656,-0.8775510204081632
-0.5555555555555556,0.0,-0.6781559862216207,0.8571428571428571
0.16666666666666666,0.0,0.3756699351799883,0.8571428571428571
0.5833333333333334,0.0,-0.016221510559389,0.32653061224489793
0.3333333333333333,0.0,-0.7719083935862304,-0.32653061224489793
0.9722222222222222,-1.0,-0.9601945700859498,0.7346938775510204
-0.9444444444444444,-1.0,0.957157163766824,0.2653061224489796
-0.5277777777777778,-1.0,-0.3560698603453399,0.7755102040816326
0.4444444444444444,-1.0,-0.4380908360570944,0.5306122448979592
-0.4722222222222222,0.0,0.562305347375835,0.5102040816326531
0.3055555555555556,0.0,0.8464899248351987,-0.9591836734693877
0.08333333333333333,-1.0,0.3197860609462181,0.0
0.8888888888888888,0.0,0.4737253348300263,-0.1836734693877551
0.3055555555555556,-1.0,0.200842990304511,-0.9591836734693877
-0.6388888888888888,-1.0,0.6388788008848096,-0.6122448979591837
0.8333333333333334,0.0,0.6724223315395028,-0.08163265306122448
0.5555555555555556,-1.0,0.279408366073492,-0.7755102040816326
-0.3611111111111111,0.0,0.7588893657763545,-0.673469387755102
0.8333333333333334,-1.0,0.32316462522147754,-0.6530612244897959
0.7777777777777778,-1.0,0.2833702004027865,0.46938775510204084
0.16666666666666666,0.0,-0.9707264463446575,1.0
0.5,0.0,0.46259918342192435,-0.8775510204081632
0.3055555555555556,-1.0,-0.5746420592734436,0.4897959183673469
-0.6666666666666666,-1.0,-0.6038275721659128,-0.8571428571428571
0.9166666666666666,0.0,0.8848426821618409,-0.5714285714285714
-0.8055555555555556,0.0,-0.3122255604344812,-1.0
0.7222222222222222,0.0,-0.4935345064764986,-0.2653061224489796
0.9444444444444444,0.0,-0.8844685089196298,0.673469387755102
0.6111111111111112,-1.0,0.773118954075737,-0.9591836734693877
0.5277777777777778,-1.0,-0.11429892040014526,-0.6530612244897959
0.6944444444444444,0.0,-0.7608372676549242,-0.7346938775510204
0.4722222222222222,0.0,0.7836838456205223,0.12244897959183673
0.0,-1.0,0.8707231448160498,0.3877551020408163
0.19444444444444445,0.0,-0.9441601461476664,0.08163265306122448
0.8055555555555556,-1.0,0.15113297456722463,0.5714285714285714
-0.3055555555555556,0.0,0.1573948738265817,-0.5918367346938775
0.7777777777777778,0.0,0.6303058316000308,0.6122448979591837
-0.4722222222222222,0.0,0.6605368285516194,0.02040816326530612
-0.7222222222222222,-1.0,0.5493743603288322,-0.22448979591836735
-0.5277777777777778,-1.0,0.4780613424015319,0.20408163265306123
0.3055555555555556,0.0,-0.057490618156206326,-0.32653061224489793
0.1111111111111111,-1.0,-0.9420471678387093,-0.12244897959183673
0.8611111111111112,-1.0,-0.1284074526505772,-0.8163265306122449
-0.75,0.0,0.5168543035425402,-0.9795918367346939
0.6388888888888888,-1.0,0.3202372698559433,0.2653061224489796
0.3611111111111111,-1.0,0.03300428098209471,-0.7346938775510204
1.0,0.0,-0.10309573332452926,0.10204081632653061
-0.5,-1.0,0.5448622712315803,0.8367346938775511
0.2777777777777778,0.0,-0.44396755697888124,0.7551020408163265
-0.027777777777777776,-1.0,-0.2308648904442757,-0.9795918367346939
0.3888888888888889,-1.0,0.012501788327995863,-0.16326530612244897
-0.027777777777777776,0.0,0.9519957740433821,-0.5102040816326531
0.1111111111111111,-1.0,-0.7882729703852884,-0.8163265306122449
0.5,0.0,-0.9718819813573685,0.6326530612244898
-0.6111111111111112,0.0,-0.22430585361022154,0.7551020408163265
-0.4444444444444444,0.0,-0.23998811449701213,0.9387755102040817
0.75,-1.0,0.9641784146059625,0.7346938775510204
-0.3055555555555556,0.0,0.6982512903474308,0.5102040816326531
0.8888888888888888,0.0,-0.7673963044889784,-0.5306122448979592
-0.05555555555555555,0.0,-0.07399826119493326,-0.22448979591836735
-0.08333333333333333,0.0,-0.34762895220487083,-0.16326530612244897
-0.75,-1.0,-0.40807994101268885,0.30612244897959184
0.4166666666666667,0.0,0.40361187229687345,0.8979591836734694
-0.6388888888888888,0.0,0.7271726809512804,0.5714285714285714
-0.5555555555555556,0.0,-0.23820528904882962,-0.7755102040816326
-0.16666666666666666,0.0,0.687279210274357,-0.8775510204081632
-0.05555555555555555,-1.0,-0.8788008848096669,-0.20408163265306123
-0.3333333333333333,0.0,0.36082406154049323,-0.3673469387755102
0.8333333333333334,0.0,-0.8098539623845841,0.30612244897959184
-0.8333333333333334,0.0,-0.11958136617253788,-0.22448979591836735
-0.5,-1.0,0.4813078455324815,-0.6530612244897959
-0.3888888888888889,0.0,-0.46447004963298005,-0.7142857142857143
-0.5555555555555556,-1.0,-0.5941100729637823,-0.6326530612244898
-0.6944444444444444,0.0,-0.7142306888089185,-1.0204081632653061
-0.5,0.0,-0.9011522334841031,-0.3469387755102041
0.2777777777777778,-1.0,-0.40719953338395676,0.9387755102040817
0.19444444444444445,-1.0,-0.031232460629271354,0.1836734693877551
0.9444444444444444,-1.0,0.23810624319059726,0.673469387755102
-0.16666666666666666,0.0,-0.8394026434239052,-0.4489795918367347
0.5277777777777778,0.0,0.594891434734282,0.3877551020408163
-0.6111111111111112,0.0,-0.499675349686905,0.6122448979591837
0.6111111111111112,0.0,-0.11705019423993308,0.4489795918367347
-0.3333333333333333,0.0,-0.8205178997876017,0.30612244897959184
-0.3888888888888889,0.0,-0.616065238205289,-0.1836734693877551
0.7222222222222222,0.0,0.6258377628842154,-0.04081632653061224
-1.0,0.0,0.037824512749402975,-0.6122448979591837
0.25,-1.0,0.32091958576821067,-0.9387755102040817
0.6666666666666666,0.0,0.34500973950939284,0.32653061224489793
1.0,-1.0,0.801919288630636,0.02040816326530612
-0.5833333333333334,-1.0,-0.9639032872219838,-0.9387755102040817
0.75,0.0,0.7848723959193107,-0.10204081632653061
-0.7777777777777778,0.0,0.754344261393025,-0.4897959183673469
-0.6944444444444444,-1.0,-0.2124533659084156,-0.9591836734693877
-0.9722222222222222,0.0,-0.7508116257827374,-0.5714285714285714
-0.5,-1.0,0.6587870183895144,0.8775510204081632
-0.2222222222222222,0.0,-0.7350963496098694,-0.8367346938775511
0.6111111111111112,-1.0,-0.19624286044438574,-0.9591836734693877
0.25,0.0,0.1362540856416521,0.4489795918367347
-0.7222222222222222,-1.0,-0.21452232383593603,0.8775510204081632
-0.8611111111111112,-1.0,0.675635819384375,-0.6530612244897959
0.05555555555555555,-1.0,0.5236224371884183,-0.6326530612244898
0.8333333333333334,0.0,0.2888837531777213,-0.6938775510204082
-0.1111111111111111,-1.0,-0.19168675096569712,-0.08163265306122448
-0.5,0.0,0.974611245006438,-0.2857142857142857
-0.9722222222222222,0.0,-0.23578416806981634,0.6938775510204082
0.9722222222222222,0.0,-0.11350655353428638,0.32653061224489793
0.08333333333333333,0.0,-0.7512518295971035,0.5918367346938775
-0.3888888888888889,-1.0,-0.8203858386432918,-0.22448979591836735
1.0,-1.0,-0.001496692968844575,0.8367346938775511
-0.6944444444444444,-1.0,-0.6500049522929117,-0.8571428571428571
-0.9444444444444444,-1.0,-0.639484081129563,-0.8979591836734694
0.1388888888888889,0.0,0.3939383934761795,-0.6530612244897959
0.6944444444444444,-1.0,0.49483310772887845,0.7142857142857143
0.3611111111111111,0.0,0.543464624120968,-0.7551020408163265
-0.8888888888888888,0.0,-0.9793544411062322,-0.3469387755102041
0.3888888888888889,-1.0,-0.11561953184324342,0.7755102040816326
0.0,-1.0,0.18713064148700848,0.7755102040816326
-0.6388888888888888,-1.0,-0.8213873023209746,-0.10204081632653061
-0.8611111111111112,0.0,0.4922799256055554,-0.6326530612244898
-0.6666666666666666,-1.0,-0.708298942410336,-0.8367346938775511
-0.8888888888888888,-1.0,0.3784982446872902,1.0
0.3611111111111111,-1.0,-0.4535309848459837,0.04081632653061224
0.8055555555555556,0.0,-0.030803261910264453,-0.16326530612244897
0.1388888888888889,-1.0,-0.21753771996434348,-0.46938775510204084
-0.5277777777777778,-1.0,0.6969857043811285,-0.20408163265306123
0.2222222222222222,-1.0,0.028921390603849583,-0.2653061224489796
0.2777777777777778,0.0,-0.39118711963639163,0.8163265306122449
0.2777777777777778,-1.0,0.6495097230017498,-0.10204081632653061
-0.3888888888888889,-1.0,0.9210274357027304,-0.24489795918367346
-0.5833333333333334,0.0,0.05373788063873573,0.7755102040816326
0.25,-1.0,0.19647396744692794,-0.6326530612244898
-0.3611111111111111,0.0,-0.9524029625716707,-0.8571428571428571
-1.0,-1.0,-0.9591380809314712,0.08163265306122448
-0.08333333333333333,-1.0,0.9027039519297435,0.9387755102040817
0.5555555555555556,-1.0,0.48382801236972717,-0.24489795918367346
-0.1111111111111111,-1.0,0.8584744736813145,0.42857142857142855
0.05555555555555555,0.0,0.46725433875884537,-0.8775510204081632
0.3333333333333333,0.0,0.45641431983008135,-0.1836734693877551
-0.9722222222222222,-1.0,0.9024398296411238,0.8979591836734694
0.9444444444444444,0.0,0.6831412944193161,0.6530612244897959
0.1388888888888889,-1.0,-0.29473846390878977,-0.7551020408163265
0.6666666666666666,0.0,-0.6324188099089879,0.673469387755102
-0.05555555555555555,-1.0,0.24220013866420154,-0.6122448979591837
-0.5833333333333334,-1.0,0.19626487063510406,0.6530612244897959
0.3333333333333333,-1.0,-0.25283106078114165,0.7551020408163265
0.6111111111111112,-1.0,-0.15451153884248406,-0.12244897959183673
0.25,0.0,-0.9129827109951908,0.14285714285714285
-0.7222222222222222,0.0,-0.023198741017090914,0.30612244897959184
0.19444444444444445,0.0,0.992362463820749,-0.9795918367346939
0.8055555555555556,0.0,-0.6160542331099299,-0.9591836734693877
-0.027777777777777776,-1.0,-0.6547261382019876,-0.10204081632653061
0.5833333333333334,-1.0,-0.8506058304995213,-0.5714285714285714
-0.16666666666666666,-1.0,-0.022153256957971542,-0.7346938775510204
0.5277777777777778,-1.0,0.4062861104691472,0.16326530612244897
0.6944444444444444,0.0,0.25881783265652,0.40816326530612246
-0.2777777777777778,0.0,0.4446278627004303,0.7346938775510204
0.6666666666666666,-1.0,-0.04626542088987201,0.3877551020408163
-0.6944444444444444,-1.0,-0.8559102864626322,0.3673469387755102
-0.7777777777777778,-1.0,0.3416531854248517,-0.32653061224489793
-0.6666666666666666,-1.0,-0.1697315857241903,-0.061224489795918366
0.6111111111111112,-1.0,-0.18178216514246096,-0.061224489795918366
0.6111111111111112,-1.0,0.05436517107420736,0.30612244897959184
0.1388888888888889,0.0,-0.5842935279034193,0.9183673469387755
0.2222222222222222,-1.0,-0.32009420361627433,0.46938775510204084
-0.05555555555555555,-1.0,0.6189155579033092,-0.7346938775510204
0.25,-1.0,0.11699516876313733,-0.46938775510204084
-0.3333333333333333,-1.0,0.08088745088976196,-0.6530612244897959
0.7222222222222222,-1.0,0.10691450141415475,0.30612244897959184
0.6388888888888888,-1.0,0.8834450350512287,-1.0204081632653061
0.8333333333333334,-1.0,-0.6502030440093763,0.673469387755102
-0.6388888888888888,0.0,0.48295860983635425,-0.16326530612244897
0.1388888888888889,-1.0,0.9542077982105714,0.6326530612244898
-0.19444444444444445,-1.0,-0.9034633035095249,-0.7959183673469388
-0.4722222222222222,0.0,-0.7597917835958049,-0.9795918367346939
0.9166666666666666,-1.0,-0.8400519440500952,-1.0
-0.6666666666666666,0.0,0.34144408861302783,-0.8979591836734694
-0.8888888888888888,0.0,-0.8502646725433876,0.9795918367346939
0.3333333333333333,0.0,-0.11972443241220686,-0.5102040816326531
-0.4166666666666667,0.0,-0.3207655144331826,-0.08163265306122448
0.8888888888888888,0.0,0.29067758372126296,0.7959183673469388
0.16666666666666666,-1.0,0.717103018697657,0.2653061224489796
0.5,0.0,0.7333575445431235,0.1836734693877551
0.9166666666666666,-1.0,0.5030539139621645,-0.6938775510204082
-0.75,0.0,0.31020062288839734,0.0
0.4722222222222222,0.0,-0.8051657917615856,-0.04081632653061224
-0.7222222222222222,-1.0,-0.4500973950939285,-0.9591836734693877
-0.3333333333333333,0.0,-0.937513068550739,0.8979591836734694
-0.8333333333333334,0.0,0.4494150791816611,0.7959183673469388
0.9722222222222222,-1.0,0.6539667866222061,0.5102040816326531
0.1111111111111111,-1.0,-0.3929369297984967,0.4489795918367347
0.3611111111111111,-1.0,0.4761134405229621,-0.16326530612244897
0.8888888888888888,-1.0,0.8579132138179978,-1.0204081632653061
0.6666666666666666,0.0,0.2834582411656597,0.20408163265306123
-0.5555555555555556,0.0,0.4572176917912994,-0.673469387755102
-0.3055555555555556,-1.0,0.15600823181132864,-0.16326530612244897
-0.25,0.0,0.5872428934596718,-0.6122448979591837
1.0,-1.0,-0.10897245424631605,0.9387755102040817
0.16666666666666666,-1.0,0.0828683680544092,0.8367346938775511
0.3611111111111111,-1.0,-0.29932758867355586,0.1836734693877551
-0.05555555555555555,-1.0,-0.6799388116698031,0.5102040816326531
0.0,-1.0,-0.8781185688973995,-0.2857142857142857
-0.2222222222222222,0.0,0.431806926607019,0.7959183673469388
0.4444444444444444,-1.0,0.08644502404613336,-0.10204081632653061
0.5,0.0,0.18502866827341058,-0.8163265306122449
0.05555555555555555,-1.0,0.6228113616604488,-1.0
0.4722222222222222,0.0,-0.4303542540196111,0.7959183673469388
-0.3888888888888889,-1.0,0.8800334554898919,-0.8775510204081632
-0.16666666666666666,-1.0,-0.10740973070531656,-0.2857142857142857
0.7222222222222222,0.0,0.1743207104889564,-0.1836734693877551
0.19444444444444445,-1.0,0.05148183609010972,0.04081632653061224
-0.08333333333333333,0.0,-0.41655386443923537,-1.0204081632653061
-0.4444444444444444,-1.0,-0.7232768771941409,-0.9795918367346939
0.8055555555555556,0.0,0.7044691692253513,0.02040816326530612
0.6944444444444444,0.0,0.9423443054134064,0.24489795918367346
-0.2222222222222222,0.0,-0.13447126019346958,-0.7346938775510204
-0.19444444444444445,0.0,0.6912630547943698,0.7142857142857143
-0.75,-1.0,-0.0153851233120935,-0.12244897959183673
-0.7222222222222222,0.0,0.31292988653746684,0.22448979591836735
0.05555555555555555,-1.0,0.6386476938822675,0.7346938775510204
0.9444444444444444,-1.0,0.8717356135890918,0.8979591836734694
-0.6944444444444444,-1.0,-0.46213696941684,-0.9795918367346939
0.6388888888888888,-1.0,-0.25059702642323395,-0.7755102040816326
1.0,0.0,0.10360196771105022,-0.1836734693877551
0.6944444444444444,-1.0,0.7761893756809403,0.8571428571428571
0.6944444444444444,0.0,-0.5406583248043845,-0.1836734693877551
-0.08333333333333333,0.0,0.76750635544257,-0.673469387755102
-0.7222222222222222,-1.0,-0.3548923151419107,0.16326530612244897
-0.027777777777777776,0.0,0.09741710411920719,-0.46938775510204084
0.9166666666666666,-1.0,-0.5048807597917836,0.4489795918367347
0.05555555555555555,-1.0,0.11359459429715958,0.7142857142857143
0.7222222222222222,-1.0,-0.7337867432621303,-0.6326530612244898
-0.5555555555555556,0.0,-0.8963650170028723,-0.8979591836734694
-0.4722222222222222,-1.0,0.8973444704898368,-0.12244897959183673
0.6111111111111112,-1.0,0.12199148205619202,-0.6122448979591837
-0.16666666666666666,-1.0,-0.41030297027523743,0.42857142857142855
0.6944444444444444,0.0,0.5973455709993727,0.4897959183673469
0.5,-1.0,-0.95046606578846,-0.6326530612244898
0.8888888888888888,0.0,-0.45096679762730146,0.14285714285714285
-0.3333333333333333,-1.0,0.9140281950543101,0.3673469387755102
-0.7222222222222222,0.0,0.5069607228146632,0.14285714285714285
-0.5555555555555556,0.0,0.581795371256892,0.6122448979591837
-1.0,0.0,0.09946405185600933,-0.6326530612244898
-0.6111111111111112,0.0,-0.47931592327247513,0.673469387755102
0.6388888888888888,0.0,0.9528211561953185,0.40816326530612246
0.4444444444444444,0.0,0.544554128561524,-0.16326530612244897
-0.4722222222222222,0.0,-0.11669803118844024,0.7142857142857143
-0.7222222222222222,-1.0,-0.7278109764821112,0.7551020408163265
-0.2777777777777778,-1.0,-0.7139445563295806,0.6122448979591837
-0.8333333333333334,0.0,-0.5815532591589906,0.22448979591836735
-0.6111111111111112,-1.0,0.7575357390471789,0.5102040816326531
-0.4722222222222222,-1.0,-0.6055553721372996,-0.2857142857142857
-0.9722222222222222,0.0,-0.3909560126338495,-0.16326530612244897
-0.027777777777777776,0.0,-0.47753309782429265,0.5918367346938775
-0.8888888888888888,-1.0,0.9230853885348916,0.4489795918367347
-0.25,-1.0,0.8854589675019534,0.12244897959183673
-1.0,0.0,0.44800642697568976,0.12244897959183673
0.05555555555555555,-1.0,0.3602407914864582,-0.7142857142857143
0.3055555555555556,-1.0,-0.9210384407980895,-0.673469387755102
-0.027777777777777776,0.0,-0.7123158022164262,0.2653061224489796
0.8055555555555556,0.0,-0.09379642774604642,0.5510204081632653
0.2777777777777778,-1.0,-0.5611828276492016,-0.061224489795918366
0.8333333333333334,0.0,0.6444473791365403,0.3673469387755102
-0.08333333333333333,0.0,-0.8380049963132931,-0.40816326530612246
0.2777777777777778,0.0,-0.9132358281884513,0.12244897959183673
-0.3888888888888889,-1.0,-0.548846115751593,-0.3469387755102041
-0.1388888888888889,0.0,-0.35427602980179823,0.5918367346938775
0.5,0.0,0.6877414242794414,0.04081632653061224
-0.25,-1.0,-0.6386256836915492,0.3469387755102041
-0.027777777777777776,-1.0,-0.45692055421660227,0.5102040816326531
0.9166666666666666,-1.0,-0.27108851398197364,0.1836734693877551
0.4722222222222222,0.0,-0.5658159727954043,-0.4489795918367347
0.3333333333333333,-1.0,-0.2150065480317387,0.5714285714285714
0.8055555555555556,0.0,0.9981951643610992,-0.9387755102040817
-0.6666666666666666,0.0,0.3059526560797649,-0.4897959183673469
0.05555555555555555,-1.0,0.23303289423002851,-0.24489795918367346
-0.4722222222222222,0.0,0.4589454917626861,0.24489795918367346
-0.3611111111111111,-1.0,-0.14813958862953547,-0.8163265306122449
0.4444444444444444,0.0,0.42195736626057867,0.2857142857142857
0.9722222222222222,-1.0,-0.4156184313337075,0.8979591836734694
0.9444444444444444,0.0,-0.5995686002619213,0.8163265306122449
-0.7777777777777778,0.0,-0.4191400618486359,-0.8163265306122449
0.027777777777777776,-1.0,0.6597444616857605,-0.6122448979591837
0.4722222222222222,0.0,-0.621446729835914,-0.3877551020408163
0.8888888888888888,-1.0,-0.3098924802183411,-0.8163265306122449
0.0,-1.0,-0.3921665731233561,0.7755102040816326
-0.05555555555555555,0.0,0.5603134251158286,0.8979591836734694
-0.7222222222222222,0.0,-0.7511637888342303,0.42857142857142855
-0.3055555555555556,-1.0,-0.07079577844542023,-0.8979591836734694
0.9722222222222222,-1.0,0.41223986705844806,0.6938775510204082
0.9166666666666666,-1.0,-0.12841845774593638,-0.9591836734693877
-0.5277777777777778,0.0,0.8745639230963936,-0.2653061224489796
0.5277777777777778,-1.0,0.6176829872230842,0.3877551020408163
-0.9722222222222222,-1.0,0.774351524755962,-0.3673469387755102
0.8333333333333334,0.0,-0.3584909813243532,-0.04081632653061224
0.5555555555555556,-1.0,-0.8846005700639396,-0.673469387755102
-0.75,0.0,0.03249804659557375,-0.8163265306122449
0.19444444444444445,-1.0,-0.5170854105450824,0.46938775510204084
-0.3611111111111111,0.0,0.3210076265310839,0.5714285714285714
-0.75,-1.0,0.884699615922172,0.8367346938775511
0.8333333333333334,0.0,-0.8979827660206676,0.7142857142857143
0.2777777777777778,-1.0,-0.026324188099089877,0.1836734693877551
0.9444444444444444,-1.0,-0.72510372302376,-0.46938775510204084
0.75,-1.0,0.5310838918419228,0.2653061224489796
-0.7222222222222222,0.0,-0.6911970242222149,-0.12244897959183673
-0.25,0.0,-0.8950664157504925,0.9591836734693877
0.8888888888888888,0.0,-0.382922293021669,0.8979591836734694
-0.3611111111111111,0.0,0.011555350127108852,0.30612244897959184
-0.5555555555555556,0.0,-0.06644876577855548,0.04081632653061224
-0.2222222222222222,-1.0,0.9712767011126151,-0.2857142857142857
0.8611111111111112,0.0,-0.6070520651061442,0.673469387755102
-0.1111111111111111,-1.0,-0.560412470974061,0.46938775510204084
-1.0,0.0,-0.179603156261349,-0.08163265306122448
0.5555555555555556,0.0,-0.2754465317441976,-0.6938775510204082
0.8333333333333334,-1.0,-0.8979277405438718,0.20408163265306123
-0.8055555555555556,0.0,0.011907513178601692,-0.9591836734693877
-0.5,-1.0,-0.39891269657851586,-0.9795918367346939
-0.3611111111111111,0.0,-0.8366513695841175,0.9591836734693877
-0.3333333333333333,0.0,0.7477632143682525,-0.10204081632653061
0.75,0.0,-0.08927333355343524,-0.5714285714285714
-0.8055555555555556,-1.0,0.14044702697348874,0.8979591836734694
-0.7777777777777778,0.0,-0.15824226616923637,-0.22448979591836735
-0.8333333333333334,0.0,0.9058183939163833,0.9387755102040817
-0.8888888888888888,-1.0,0.7005733654682118,0.7959183673469388
-0.3333333333333333,0.0,-0.32078752462390087,-0.3673469387755102
0.4722222222222222,-1.0,0.4675844916196199,0.8571428571428571
0.25,0.0,0.34919167574587034,-0.5714285714285714
0.0,0.0,0.5785048477445057,-1.0204081632653061
-0.25,-1.0,0.8236323417742415,-0.673469387755102
0.9722222222222222,0.0,0.2000726336293704,0.8571428571428571
-0.027777777777777776,-1.0,0.5670265332849109,-0.7959183673469388
0.5833333333333334,0.0,-0.5503428087204376,0.5102040816326531
0.08333333333333333,0.0,0.57961636237578,-0.46938775510204084
0.8888888888888888,0.0,-0.11304433952920202,0.08163265306122448
-0.4166666666666667,0.0,-0.31103701013569285,-0.9795918367346939
0.05555555555555555,0.0,0.7540691340090462,0.7959183673469388
0.3611111111111111,-1.0,-0.5875070157482915,-0.1836734693877551
-0.5277777777777778,-1.0,-0.6821618409323517,-0.04081632653061224
-0.4166666666666667,-1.0,-0.5556692748742668,-0.8775510204081632
0.5833333333333334,0.0,0.17837058558112406,-0.5306122448979592
0.3333333333333333,-1.0,-0.48534671552929004,1.0
-0.05555555555555555,-1.0,-0.26907458153124897,0.14285714285714285
0.08333333333333333,0.0,0.9289070839798826,-0.3673469387755102
-0.8888888888888888,0.0,-0.6729945964981786,0.8367346938775511
0.1388888888888889,-1.0,0.3073833184764546,-0.2857142857142857
-0.3611111111111111,-1.0,-0.8130894604201745,0.5714285714285714
0.4166666666666667,-1.0,0.5005557573156372,0.32653061224489793
0.1388888888888889,-1.0,0.20613644117226276,-0.04081632653061224
0.6388888888888888,0.0,-0.7289445013041038,-0.16326530612244897
0.8055555555555556,0.0,0.318036250784113,-0.8163265306122449
-0.4722222222222222,0.0,0.46648398208370473,1.0
0.5277777777777778,-1.0,-0.06565639891269658,-0.14285714285714285
0.7222222222222222,-1.0,0.9523369319995157,0.32653061224489793
-0.8888888888888888,-1.0,-0.6659073150868853,0.673469387755102
-0.5,-1.0,0.3295916009112219,0.7346938775510204
0.4444444444444444,0.0,-0.8463578636908888,-0.5510204081632653
0.08333333333333333,-1.0,-0.6562448413615504,-0.7959183673469388
0.5,-1.0,-0.7598468090726006,0.10204081632653061
0.5277777777777778,-1.0,0.387500412691076,0.4489795918367347
-0.5277777777777778,-1.0,0.28181848195714615,-0.6326530612244898
0.08333333333333333,-1.0,-0.2841075417918496,-0.8367346938775511
-0.4444444444444444,0.0,0.4096316594583292,0.5102040816326531
0.1111111111111111,0.0,-0.06332331869655651,0.8571428571428571
-0.027777777777777776,0.0,0.4367151991372005,-0.9183673469387755
0.6388888888888888,0.0,-0.732444121628314,-0.4897959183673469
0.7777777777777778,-1.0,-0.046485522797055034,-0.42857142857142855
-0.8333333333333334,-1.0,0.7573046320446367,-0.8979591836734694
0.6944444444444444,0.0,-0.04755301704689271,0.5102040816326531
-0.6666666666666666,0.0,0.7646450306491905,0.46938775510204084
-0.3333333333333333,0.0,0.15797814388061673,0.12244897959183673
-0.027777777777777776,-1.0,0.8829277955693486,0.22448979591836735
-0.6388888888888888,-1.0,-0.07276569051470831,0.0
-0.7777777777777778,0.0,-0.6648618310277659,0.7755102040816326
0.9166666666666666,-1.0,0.675349686905037,-0.32653061224489793
-0.1388888888888889,0.0,0.03512826438641091,-0.3469387755102041
0.6666666666666666,0.0,-0.8932505750162325,-0.9795918367346939
-0.8055555555555556,-1.0,0.928565926023749,0.10204081632653061
-0.6111111111111112,0.0,-0.2878162589278836,0.3877551020408163
-0.3055555555555556,0.0,-0.08054629293362826,-0.3673469387755102
-0.1111111111111111,0.0,-0.9065887505915239,-0.5918367346938775
-0.3055555555555556,0.0,0.33500610782792434,-0.6530612244897959
-0.08333333333333333,0.0,-0.8470841999845928,0.16326530612244897
0.4722222222222222,-1.0,0.6128297401696986,-0.14285714285714285
0.8888888888888888,0.0,-0.9302056852322625,-0.4897959183673469
-0.3333333333333333,-1.0,0.24915535893118515,-1.0
0.3333333333333333,-1.0,0.8624693232966864,-0.9183673469387755
-0.4722222222222222,-1.0,-0.7703346649498718,-0.10204081632653061
-0.05555555555555555,0.0,0.9879494205817293,-0.061224489795918366
-0.3055555555555556,0.0,-0.11180076375361793,-0.6326530612244898
0.05555555555555555,0.0,0.8523776508523446,-0.08163265306122448
-0.3333333333333333,-1.0,-0.0569073481021713,-0.24489795918367346
-0.6944444444444444,-1.0,0.9011962538655397,0.4489795918367347
0.9722222222222222,0.0,0.6654010807003643,-0.42857142857142855
-0.9444444444444444,0.0,-0.5268579352240087,0.9795918367346939
-0.08333333333333333,-1.0,-0.9388887054706329,-0.7551020408163265
0.6388888888888888,0.0,0.4653614623570713,0.20408163265306123
-0.8888888888888888,0.0,0.5122981940638516,-0.2857142857142857
-0.05555555555555555,0.0,0.06990436572132898,0.8367346938775511
-0.1111111111111111,-1.0,0.1992142361913566,-0.5306122448979592
0.8888888888888888,-1.0,-0.101841152453586,0.10204081632653061
-0.4722222222222222,0.0,-0.47805033730617275,0.3673469387755102
-0.1111111111111111,-1.0,-0.6916812484180176,-0.3673469387755102
-0.2222222222222222,-1.0,-0.7286033433479701,0.24489795918367346
-0.9444444444444444,-1.0,0.5581674315207942,-0.8367346938775511
0.16666666666666666,-1.0,0.50142515984901,0.6122448979591837
0.3333333333333333,0.0,-0.12579924505045836,-0.3469387755102041
0.1111111111111111,-1.0,0.22387665489121464,-0.22448979591836735
0.6388888888888888,-1.0,0.05413406407166518,0.10204081632653061
-0.8055555555555556,0.0,0.9234265464910253,0.20408163265306123
-0.5,-1.0,-0.9190465185380832,-0.4897959183673469
0.8055555555555556,0.0,-0.6176719821277251,-0.4489795918367347
0.5,-1.0,-0.20074394444627863,0.6938775510204082
-0.4722222222222222,0.0,-0.552851970462324,-0.4489795918367347
-0.8888888888888888,-1.0,-0.2436528112516095,-0.673469387755102
-0.16666666666666666,0.0,0.7839809831952194,0.5510204081632653
0.4166666666666667,0.0,-0.8242376220189948,-1.0204081632653061
-0.08333333333333333,-1.0,-0.7389151176994949,0.7142857142857143
0.2222222222222222,-1.0,0.7557419085036372,0.6530612244897959
0.1111111111111111,-1.0,-0.6196639043877316,0.5102040816326531
0.8333333333333334,0.0,-0.7391682348927553,0.8367346938775511
-0.5555555555555556,0.0,-0.7184346352361143,-0.24489795918367346
0.2222222222222222,-1.0,-0.44818250850143615,0.40816326530612246
0.5555555555555556,-1.0,0.8638779755026578,-0.3469387755102041
0.6666666666666666,0.0,0.8396667657125249,0.4489795918367347
0.4166666666666667,-1.0,0.030682205861313788,0.30612244897959184
0.4166666666666667,0.0,-0.7518571098418568,-0.5714285714285714
-0.6944444444444444,-1.0,-0.8861412834142208,-0.08163265306122448
0.5555555555555556,-1.0,0.7551036129728064,-0.5306122448979592
-0.6388888888888888,0.0,-0.9248902241737925,0.24489795918367346
0.6944444444444444,0.0,-0.3477500082538215,-0.3877551020408163
-0.5555555555555556,-1.0,0.05253832524458824,0.24489795918367346
0.7222222222222222,0.0,0.22753034655045287,-0.14285714285714285
0.19444444444444445,0.0,-0.01359129276855184,0.40816326530612246
0.9722222222222222,0.0,0.22633079115630536,0.061224489795918366
-0.1111111111111111,-1.0,0.05696237357896706,-0.40816326530612246
-0.08333333333333333,-1.0,0.11152563636963914,-0.40816326530612246
-0.9722222222222222,0.0,-0.3651270538259214,0.1836734693877551
-0.9444444444444444,0.0,-0.16337064060660086,-0.5306122448979592
-0.8888888888888888,0.0,-0.770719843287442,0.3673469387755102
-0.4166666666666667,-1.0,-0.2126954780063169,0.7142857142857143
0.5,-1.0,0.6361495372357402,-0.9591836734693877
-0.027777777777777776,0.0,-0.25119130157262815,-0.7755102040816326
-0.5555555555555556,-1.0,0.7090913092761949,-1.0
-0.4166666666666667,-1.0,0.6026280167717654,0.9591836734693877
0.5,0.0,-0.754201195153356,-0.6326530612244898
0.6388888888888888,0.0,-0.3486084056918353,0.6326530612244898
-0.05555555555555555,-1.0,0.13519759648717355,0.5918367346938775
0.7777777777777778,-1.0,-0.3932010520871163,0.0
0.25,0.0,-0.1684219793764513,-0.42857142857142855
0.8055555555555556,-1.0,-0.47729098572639134,-0.9795918367346939
-0.5277777777777778,-1.0,0.6330020799630229,0.8979591836734694
0.3055555555555556,-1.0,0.032718148502756776,0.8571428571428571
-0.19444444444444445,-1.0,0.5763588541494712,-0.673469387755102
-0.3055555555555556,-1.0,0.46234606622866387,0.7346938775510204
-0.08333333333333333,-1.0,-0.3560918705360582,0.7346938775510204
0.75,0.0,0.35251521454433404,-1.0204081632653061
-0.3611111111111111,0.0,0.728306205773273,-0.3877551020408163
-0.8333333333333334,-1.0,-0.010707957784454202,-0.6326530612244898
0.19444444444444445,-1.0,0.4366271583743273,0.8367346938775511
-0.4166666666666667,0.0,-0.5918980487965928,-0.6122448979591837
-0.6111111111111112,-1.0,0.694333476399573,-0.6938775510204082
1.0,0.0,-0.43372181319951136,0.08163265306122448
0.3333333333333333,-1.0,0.7845312379631769,0.12244897959183673
-0.3611111111111111,0.0,-0.5728702389206203,-0.7142857142857143
-0.3055555555555556,-1.0,0.12981610485654857,0.6122448979591837
0.8888888888888888,0.0,0.5319202790892184,0.8367346938775511
-0.7777777777777778,-1.0,0.10670540460233088,0.12244897959183673
-0.9722222222222222,0.0,0.7510537378806388,-0.30612244897959184
0.5555555555555556,0.0,-0.560335435306547,-1.0
0.3888888888888889,-1.0,0.8879681292438399,-0.5306122448979592
0.8333333333333334,0.0,0.42586417511307734,-0.14285714285714285
-0.9722222222222222,0.0,0.326036955110216,-0.14285714285714285
0.8055555555555556,0.0,-0.23347309804439456,0.5918367346938775
-0.4444444444444444,0.0,0.3528563725004677,-0.5102040816326531
-0.4166666666666667,0.0,-0.7718643732047938,0.12244897959183673
0.19444444444444445,0.0,0.044933804351414704,0.8571428571428571
0.8333333333333334,0.0,0.8897069343105858,-1.0204081632653061
-0.3333333333333333,0.0,-0.8076749535034721,-0.673469387755102
0.75,-1.0,0.09127626090880077,0.2857142857142857
-0.8333333333333334,-1.0,-0.12047277889662913,0.6326530612244898
-0.1388888888888889,-1.0,0.559763170347871,-0.04081632653061224
-0.2222222222222222,-1.0,0.3885128814641179,-0.4489795918367347
-0.6111111111111112,0.0,-0.33966126316484535,0.6530612244897959
0.3888888888888889,0.0,0.2691626222941222,-0.5918367346938775
-0.6666666666666666,0.0,0.30664597708739144,0.8163265306122449
-0.16666666666666666,0.0,0.3170788074878669,0.6938775510204082
-0.8888888888888888,0.0,0.450064379807851,0.8775510204081632
0.9722222222222222,-1.0,0.4670892623284581,-0.6326530612244898
-0.05555555555555555,-1.0,0.8549638482617452,-0.7959183673469388
-0.9444444444444444,0.0,0.44339529202020533,-0.6326530612244898
1.0,-1.0,0.3518218935367075,0.8571428571428571
-0.3333333333333333,-1.0,0.7636105516854303,0.24489795918367346
-0.6388888888888888,-1.0,0.13594594297159585,-0.673469387755102
-0.05555555555555555,-1.0,0.27239812032971267,-0.8163265306122449
0.8611111111111112,0.0,0.9923074383439533,-0.04081632653061224
0.8333333333333334,0.0,0.7548284855888276,-0.061224489795918366
0.9722222222222222,0.0,0.33524821992582565,0.14285714285714285
0.6944444444444444,-1.0,0.1574609043987366,-0.7755102040816326
0.8611111111111112,-1.0,0.41706009882575634,-0.5510204081632653
-0.4166666666666667,-1.0,-0.9004699175718358,0.5918367346938775
0.2777777777777778,-1.0,0.5467441425379951,-0.2653061224489796
-0.9722222222222222,-1.0,0.28401950102897644,0.3673469387755102
0.6666666666666666,-1.0,0.5452474495691505,0.42857142857142855
0.25,-1.0,0.9443692429594902,-0.42857142857142855
0.3055555555555556,0.0,-0.6863988026456249,-0.7551020408163265
0.5555555555555556,0.0,0.8568127042820826,-0.7551020408163265
0.4444444444444444,-1.0,0.8738485918980488,0.16326530612244897
-0.027777777777777776,0.0,0.04137915855040884,-0.8163265306122449
-0.08333333333333333,-1.0,-0.36365237104779513,0.04081632653061224
0.1111111111111111,0.0,0.35201998525317224,0.673469387755102
-0.6388888888888888,0.0,-0.7546083836816446,-0.7959183673469388
0.4166666666666667,-1.0,-0.7477412041775342,-0.7551020408163265
-0.8055555555555556,-1.0,-0.4647121617308814,-0.46938775510204084
-0.1388888888888889,-1.0,0.44841361550397835,-0.7142857142857143
0.9166666666666666,-1.0,-0.4372434437144398,0.5714285714285714
-0.7222222222222222,0.0,-0.03626178920840349,0.7551020408163265
-0.6111111111111112,-1.0,0.9711996654451011,0.46938775510204084
-0.3055555555555556,0.0,-0.659997578879021,0.8775510204081632
0.8333333333333334,-1.0,0.6538237203825371,-0.9795918367346939
-0.9166666666666666,-1.0,-0.7842341003884798,-0.8163265306122449
0.9444444444444444,-1.0,0.9808291238843585,0.8163265306122449
-0.4444444444444444,0.0,0.5925473494227828,0.20408163265306123
-0.8611111111111112,-1.0,-0.27267324771369145,-0.2653061224489796
-0.25,-1.0,-0.9700001100509535,-0.5714285714285714
-0.05555555555555555,0.0,0.002112978308957047,-0.8979591836734694
0.75,-1.0,0.010333784542243058,-0.22448979591836735
-0.5277777777777778,0.0,-0.029944864472250653,0.8571428571428571
0.25,0.0,0.3694190410159904,-0.40816326530612246
0.1111111111111111,0.0,-0.30707517580639837,-0.2857142857142857
-0.6944444444444444,0.0,0.7734270967457934,-0.02040816326530612
-0.2777777777777778,-1.0,-0.8559653119394279,-0.6938775510204082
-0.9444444444444444,-1.0,-0.5626465053319687,0.10204081632653061
-0.1388888888888889,-1.0,-0.4249287420075495,0.8367346938775511
0.6666666666666666,0.0,-0.6647517800741743,0.2857142857142857
0.027777777777777776,-1.0,-0.6276536036184753,0.22448979591836735
-0.1388888888888889,-1.0,-0.15726281268227188,-0.9591836734693877
-0.6944444444444444,-1.0,0.48418017542122005,-0.6122448979591837
-0.8333333333333334,0.0,-0.5588057270516249,0.7142857142857143
0.0,-1.0,0.9043877315196936,0.12244897959183673
-0.6944444444444444,-1.0,-0.7980454950642147,0.061224489795918366
-0.75,-1.0,0.7530896805220817,0.7959183673469388
-0.9444444444444444,0.0,0.6090219771754323,0.10204081632653061
0.6666666666666666,-1.0,-0.42966093301198455,0.3469387755102041
0.1388888888888889,-1.0,0.38474913885128814,-0.46938775510204084
0.4722222222222222,-1.0,0.9809061595518725,0.32653061224489793
-0.9166666666666666,0.0,-0.8698867575687543,-0.3469387755102041
-0.6944444444444444,0.0,0.39314602661032055,-0.16326530612244897
0.9722222222222222,-1.0,0.9558145421330075,-0.7959183673469388
0.7222222222222222,-1.0,0.14645580903958533,0.7551020408163265
0.6388888888888888,0.0,0.6269272673247713,0.7142857142857143
0.3611111111111111,-1.0,0.645162710334885,0.20408163265306123
-0.8888888888888888,0.0,-0.16630900106749424,-0.2653061224489796
-0.3333333333333333,0.0,0.03727425798144541,-0.1836734693877551
0.0,0.0,0.4225296312192545,-0.4897959183673469
0.8333333333333334,0.0,0.49580155612048377,0.24489795918367346
-0.4722222222222222,0.0,-0.8285406143044229,-0.4897959183673469
0.7777777777777778,-1.0,-0.07740984075627015,1.0
-0.8055555555555556,-1.0,-0.8584084431091595,0.0
0.7222222222222222,-1.0,0.46379873881607186,-0.5102040816326531
-0.5555555555555556,-1.0,0.6825360141745628,0.4489795918367347
0.5555555555555556,0.0,-0.922964332485941,-0.3469387755102041
-0.3055555555555556,-1.0,0.95176466704084,-0.24489795918367346
0.2777777777777778,-1.0,0.8880121496252765,0.6326530612244898
0.0,-1.0,-0.17658776013294156,0.8571428571428571
0.5,-1.0,-0.6998030087930712,-0.7755102040816326
0.027777777777777776,0.0,0.39819736538017103,0.2653061224489796
-0.3888888888888889,-1.0,-0.9592481318850627,-0.4489795918367347
0.4722222222222222,-1.0,-0.40275347485885965,-0.08163265306122448
-0.25,-1.0,0.3520970209206863,-0.16326530612244897
-0.5555555555555556,0.0,0.8350886460431179,0.6530612244897959
0.8055555555555556,-1.0,-0.08881111954835089,0.30612244897959184
0.3055555555555556,-1.0,0.21716354672213234,0.16326530612244897
-0.75,0.0,-0.0044460585250971196,-0.7551020408163265
0.6388888888888888,0.0,-0.3060627070333564,-0.24489795918367346
0.4166666666666667,-1.0,0.2321524866012964,0.3877551020408163
0.0,-1.0,-0.9134009046188385,0.40816326530612246
-0.9722222222222222,0.0,-0.908921830807664,0.8979591836734694
0.4444444444444444,0.0,-0.008826086478039332,-0.10204081632653061
0.6666666666666666,0.0,0.5302805198807048,0.4897959183673469
0.4722222222222222,0.0,0.38499125094918946,-0.46938775510204084
-0.8888888888888888,0.0,0.9131587925209372,-0.22448979591836735
0.6111111111111112,0.0,-0.11107442745991394,0.7551020408163265
-0.7777777777777778,-1.0,-0.8890246183983184,-0.8979591836734694
0.4722222222222222,0.0,-0.41090825051999075,-0.7959183673469388
0.6388888888888888,0.0,0.3892612279485402,0.1836734693877551
-0.2222222222222222,-1.0,-0.2806079214676395,0.02040816326530612
0.75,0.0,-0.00743944446278627,0.10204081632653061
0.08333333333333333,-1.0,0.17903089130267313,0.9795918367346939
-0.08333333333333333,-1.0,0.6429396810723365,-0.24489795918367346
-0.8055555555555556,0.0,-0.733104427349863,-0.08163265306122448
-0.05555555555555555,-1.0,-0.1380809314712712,-0.46938775510204084
0.5,-1.0,-0.4093125116929138,-0.20408163265306123
-0.4166666666666667,0.0,-0.3216129067758372,-0.6326530612244898
-0.16666666666666666,-1.0,-0.7220112912278385,0.22448979591836735
0.6388888888888888,0.0,0.1722187372753585,-0.8775510204081632
-0.05555555555555555,0.0,-0.4347783023539899,0.6122448979591837
0.05555555555555555,-1.0,-0.5474374635456216,-0.08163265306122448
1.0,-1.0,0.43175190113022327,0.6938775510204082
-0.05555555555555555,0.0,-0.9312071489099453,0.7959183673469388
0.3055555555555556,-1.0,-0.6419162072039354,-0.4489795918367347
1.0,0.0,0.9581806376352251,-0.5714285714285714
-0.25,-1.0,0.3760441084221995,-1.0
0.08333333333333333,0.0,0.4425478996775507,-0.7551020408163265
0.6944444444444444,-1.0,-0.7968679498607856,0.46938775510204084
0.9166666666666666,0.0,-0.6399132798485699,0.32653061224489793
-0.5833333333333334,0.0,-0.5279804549506422,0.7755102040816326
0.4722222222222222,0.0,0.43051933044999835,0.7959183673469388
-0.9722222222222222,0.0,0.20220762212904575,0.5510204081632653
-0.3611111111111111,-1.0,-0.465845686552874,-0.02040816326530612
-0.8333333333333334,0.0,0.47766515896860245,0.061224489795918366
0.08333333333333333,0.0,0.6752286308560864,-0.12244897959183673
-0.6111111111111112,0.0,0.6574884171371345,-0.24489795918367346
-0.6388888888888888,-1.0,0.7903969537896046,0.8367346938775511
0.16666666666666666,-1.0,0.20537708959248133,0.0
0.9722222222222222,-1.0,0.6037835517844762,0.0
0.3333333333333333,0.0,-0.923041368153455,-0.8163265306122449
-0.1388888888888889,0.0,-0.3665247009365336,1.0
0.7222222222222222,0.0,0.5272871339430156,0.9387755102040817
0.5555555555555556,-1.0,0.7090362837993991,0.5306122448979592
-0.75,-1.0,0.587617066701883,0.2653061224489796
0.9166666666666666,0.0,0.78954956144695,0.3673469387755102
0.6944444444444444,0.0,0.008330857186877524,-0.24489795918367346
-0.8611111111111112,0.0,-0.1834219243509745,0.10204081632653061
-0.4444444444444444,-1.0,0.14133843969757998,-0.10204081632653061
-0.16666666666666666,-1.0,-0.8268238194283953,-0.16326530612244897
0.0,-1.0,0.9336943004611135,-0.7959183673469388
-0.2777777777777778,0.0,0.2901273289533054,0.8979591836734694
0.8611111111111112,-1.0,-0.35625694696644544,-1.0204081632653061
-1.0,0.0,-0.5642752594451231,0.02040816326530612
-0.7222222222222222,0.0,-0.09768122640782682,0.1836734693877551
0.4444444444444444,-1.0,-0.5205410104878558,-0.2857142857142857
-0.4166666666666667,0.0,0.43905928444869974,0.40816326530612246
0.1388888888888889,0.0,-0.7307933573244412,0.3877551020408163
-0.7777777777777778,0.0,-0.35091947571725707,-0.10204081632653061
-1.0,-1.0,-0.3760220982314812,0.8979591836734694
-0.5,-1.0,0.4071224977164427,-0.14285714285714285
0.2222222222222222,-1.0,-0.016881816280938076,0.9387755102040817
0.16666666666666666,-1.0,-0.9205982369837235,0.42857142857142855
1.0,-1.0,0.5388424840701245,0.5306122448979592
0.2777777777777778,-1.0,0.10588002245039453,0.22448979591836735
-0.05555555555555555,-1.0,0.7027083539678871,-0.46938775510204084
-0.6111111111111112,0.0,0.7113913742062575,0.3877551020408163
-0.6944444444444444,0.0,0.21216723342907767,-0.5510204081632653
-0.6666666666666666,0.0,0.2180769696369419,-0.16326530612244897
1.0,0.0,-0.9337053055564727,0.4489795918367347
-0.9166666666666666,0.0,0.3086709146334753,-0.5510204081632653
-0.6388888888888888,-1.0,0.6997809986023529,-0.7755102040816326
0.5277777777777778,-1.0,-0.6769784410181914,-0.6122448979591837
0.3333333333333333,0.0,-0.5113517558629646,-0.22448979591836735
-0.9722222222222222,-1.0,0.770499741380259,-0.4489795918367347
-0.1111111111111111,-1.0,-0.18962879813353584,-0.04081632653061224
-0.4166666666666667,0.0,-0.5843705635709333,-0.061224489795918366
0.75,0.0,0.14177864351194602,-0.8775510204081632
1.0,0.0,0.8341312027468718,0.08163265306122448
-0.1111111111111111,0.0,-0.7344470489836794,0.5306122448979592
0.6388888888888888,0.0,-0.8472162611289027,0.5102040816326531
-0.5,-1.0,-0.0786424114364951,-0.5918367346938775
-0.19444444444444445,-1.0,-0.9549451395996347,-0.6326530612244898
0.4722222222222222,0.0,0.04179735217405659,0.2857142857142857
-0.05555555555555555,-1.0,-0.17544323021558983,-0.10204081632653061
-0.7222222222222222,0.0,0.9608328656167806,-1.0
0.6111111111111112,0.0,-0.310541780844531,-0.7755102040816326
-0.6388888888888888,-1.0,-0.6795096129507963,0.02040816326530612
-0.2777777777777778,-1.0,-0.576997149680302,0.7346938775510204
0.8888888888888888,0.0,0.2249001287596157,0.3469387755102041
0.5,-1.0,0.6884897707638636,0.02040816326530612
-0.05555555555555555,-1.0,-0.5968063213267742,-0.4897959183673469
0.8888888888888888,0.0,0.2544267996082186,0.12244897959183673
-0.5555555555555556,0.0,-0.4409631659458329,-0.04081632653061224
0.4166666666666667,-1.0,0.45496164724267335,-0.14285714285714285
-0.2222222222222222,0.0,0.14268106133139644,0.5918367346938775
0.8333333333333334,0.0,0.6765602473945437,-0.8367346938775511
-0.6388888888888888,0.0,0.2452815653647639,-0.9183673469387755
0.08333333333333333,0.0,0.28674876467804594,-0.10204081632653061
-0.4444444444444444,0.0,-0.4468949123444155,-0.5918367346938775
-0.5,0.0,0.7771358138818273,0.8367346938775511
-0.027777777777777776,-1.0,-0.9614161356708156,-0.7551020408163265
0.2222222222222222,0.0,0.18607415233252997,0.46938775510204084
0.4722222222222222,0.0,-0.4375846016705735,0.673469387755102
-0.6111111111111112,-1.0,0.26316484532338474,0.061224489795918366
-0.9444444444444444,0.0,-0.9412548009728504,-0.1836734693877551
0.9722222222222222,-1.0,0.43777168829167906,-0.7142857142857143
0.027777777777777776,0.0,-0.3382746211495923,0.12244897959183673
0.1388888888888889,-1.0,0.7112262977758702,-0.9795918367346939
-0.8333333333333334,0.0,-0.3496098693695181,0.7755102040816326
0.3333333333333333,-1.0,0.5505409004369023,0.0
-0.027777777777777776,0.0,-0.9327148469741491,-0.6326530612244898
0.4722222222222222,0.0,-0.8387643478930745,-0.3673469387755102
-0.1388888888888889,-1.0,-0.8230050513387699,0.5306122448979592
-0.8611111111111112,-1.0,-0.6279177259070949,-0.14285714285714285
-1.0,0.0,0.8555141030297028,0.08163265306122448
-0.19444444444444445,-1.0,0.24583182013272145,-0.8163265306122449
-0.8333333333333334,0.0,0.0666468574950202,-0.42857142857142855
-0.9166666666666666,0.0,-0.27877007054266123,-0.9183673469387755
0.3888888888888889,0.0,-0.7759472635830389,0.9591836734693877
-0.25,-1.0,0.4331495482408355,0.7551020408163265
0.3333333333333333,-1.0,0.16570372082274093,0.8163265306122449
-0.08333333333333333,0.0,0.7285153025850969,-0.12244897959183673
-0.25,-1.0,0.2876621875928555,1.0
0.3611111111111111,0.0,-0.5821805495944622,0.8979591836734694
-0.9444444444444444,-1.0,-0.7949420581729341,-0.7142857142857143
-0.75,-1.0,0.10274357027303642,-0.6326530612244898
-0.3888888888888889,-1.0,-0.2701750910671641,0.8571428571428571
-0.8333333333333334,-1.0,0.34453652040894933,0.3469387755102041
-0.7777777777777778,-1.0,0.9179239988114497,-0.9387755102040817
0.08333333333333333,0.0,-0.3890081107552797,-0.061224489795918366
1.0,0.0,0.4062420900877106,-0.8367346938775511
0.6388888888888888,0.0,-0.3692869798716806,0.8775510204081632
-0.7777777777777778,0.0,0.9789692627686619,-0.08163265306122448
0.7777777777777778,0.0,-0.5475034941177765,0.0
-0.5,0.0,0.8359250332904135,-0.16326530612244897
-0.8611111111111112,-1.0,-0.3906038495823566,0.9387755102040817
-0.8888888888888888,0.0,-0.8918969482870569,-0.4897959183673469
-0.19444444444444445,0.0,0.5468541934915866,-0.5714285714285714
0.0,0.0,0.4393454169280377,-0.9183673469387755
-0.4722222222222222,-1.0,0.367427118755984,0.8775510204081632
0.6388888888888888,0.0,-0.927333355343524,0.7755102040816326
-0.5,0.0,-0.7584271517712701,-0.061224489795918366
-0.2222222222222222,0.0,0.7087611564154204,0.10204081632653061
0.16666666666666666,-1.0,0.8936027380677254,0.30612244897959184
0.8888888888888888,0.0,0.2674458274180946,0.2653061224489796
0.25,0.0,-0.855536113220421,0.4897959183673469
0.25,0.0,-0.565650896365017,0.08163265306122448
0.9722222222222222,0.0,0.6008011709421462,0.1836734693877551
-0.75,0.0,0.9735107354705228,0.3877551020408163
-0.1388888888888889,0.0,0.05876720921786787,0.08163265306122448
-0.75,-1.0,0.025234683658533902,0.5102040816326531
-0.16666666666666666,-1.0,-0.39026269162622296,0.6530612244897959
-0.8888888888888888,0.0,-0.009904585823236159,0.2857142857142857
0.05555555555555555,0.0,0.8442448853819319,-0.8571428571428571
0.7222222222222222,0.0,-0.884193381535651,-0.20408163265306123
-0.8333333333333334,0.0,-0.34376616373380875,0.9795918367346939
0.6666666666666666,0.0,-0.17935003906808852,-0.9183673469387755
0.5,0.0,0.7709729604807025,-0.24489795918367346
0.5555555555555556,0.0,-0.13476839776816665,-0.8775510204081632
0.8888888888888888,0.0,-0.16103756039046077,0.02040816326530612
-0.9722222222222222,0.0,0.9465482518406022,0.7755102040816326
0.08333333333333333,0.0,0.623845840624209,-0.42857142857142855
0.3611111111111111,-1.0,0.6890510306271804,1.0
-0.6666666666666666,-1.0,0.4270527254118657,0.14285714285714285
0.7222222222222222,-1.0,0.9914270307152212,-0.22448979591836735
0.75,0.0,0.5833140744164548,0.42857142857142855
0.8888888888888888,-1.0,0.6859255835451814,-0.12244897959183673
0.4722222222222222,0.0,-0.030759241528827846,-0.673469387755102
-0.4166666666666667,0.0,0.013668328436065899,0.6326530612244898
0.8611111111111112,0.0,-0.5162160080117094,-0.5102040816326531
-0.4444444444444444,0.0,0.9147765415387324,-0.7346938775510204
0.1388888888888889,0.0,-0.10306271803845181,0.20408163265306123
0.9166666666666666,0.0,-0.6621105571879781,0.6122448979591837
0.5833333333333334,-1.0,-0.15969493875664434,-0.9591836734693877
0.2222222222222222,-1.0,-0.30018598611156966,0.8775510204081632
0.9166666666666666,-1.0,0.1841922810261151,0.7755102040816326
-0.1388888888888889,0.0,-0.9796515786809292,0.6530612244897959
0.5277777777777778,0.0,0.997380787304522,-0.1836734693877551
0.1111111111111111,0.0,0.7818019743141075,0.46938775510204084
0.5833333333333334,-1.0,0.20100806673489827,0.9183673469387755
-0.9166666666666666,0.0,0.7065711424389493,-0.8571428571428571
0.4444444444444444,-1.0,0.972795404272178,-0.16326530612244897
-0.5833333333333334,0.0,0.9196297885921182,0.46938775510204084
-0.5,0.0,-0.7975062453916163,-0.24489795918367346
-0.4444444444444444,0.0,-0.041698306315824225,-0.10204081632653061
0.25,0.0,-0.4165098440577988,-0.061224489795918366
0.05555555555555555,-1.0,-0.026313183003730728,-0.061224489795918366
0.5277777777777778,-1.0,-0.40537268755433764,0.7755102040816326
0.6666666666666666,0.0,-0.9704623240560379,0.14285714285714285
0.3888888888888889,-1.0,-0.8993473978452023,0.22448979591836735
0.4166666666666667,0.0,-0.19373369870249926,0.30612244897959184
0.3055555555555556,-1.0,-0.964134394224526,0.22448979591836735
0.1388888888888889,-1.0,-0.44866673269723883,0.9795918367346939
0.8611111111111112,-1.0,0.09681182387445388,0.5714285714285714
-0.1388888888888889,0.0,-0.5447192049919113,0.46938775510204084
0.3055555555555556,0.0,0.22120241671894086,0.3673469387755102
0.9444444444444444,-1.0,-0.666325508710533,-0.40816326530612246
-0.4444444444444444,-1.0,0.11182277394433623,-0.6530612244897959
0.8055555555555556,0.0,0.3422474605742459,0.061224489795918366
-0.4722222222222222,0.0,-0.42794413813595694,-0.20408163265306123
-0.8055555555555556,-1.0,-0.5541285615239856,-0.2857142857142857
-0.9444444444444444,-1.0,0.554667811196584,-0.7755102040816326
-1.0,-1.0,-0.8628985220156933,-0.46938775510204084
0.027777777777777776,-1.0,-0.6885007758592229,0.40816326530612246
-0.7222222222222222,0.0,-0.246382074900679,-0.08163265306122448
0.5277777777777778,-1.0,0.6121144089713537,-0.3673469387755102
-0.2777777777777778,-1.0,0.5065755444770929,-0.9795918367346939
-0.6388888888888888,0.0,-0.4698185259775276,0.8979591836734694
1.0,-1.0,0.3730727326752286,0.673469387755102
-1.0,0.0,0.8487459693838247,-1.0
-0.08333333333333333,0.0,-0.5720668669594022,0.0
-0.19444444444444445,-1.0,-0.30190278098759726,0.8571428571428571
-0.25,0.0,-0.11023804021261845,-0.8163265306122449
0.8888888888888888,0.0,0.02624715243157582,-0.6530612244897959
-0.6666666666666666,-1.0,-0.524260732719249,-0.5306122448979592
-0.5833333333333334,0.0,0.4372434437144398,-0.3877551020408163
0.5555555555555556,-1.0,-0.4936555625254493,-0.9387755102040817
-0.7222222222222222,-1.0,0.2852850869952788,-0.10204081632653061
0.1388888888888889,-1.0,-0.6950488075979179,-1.0204081632653061
0.3333333333333333,0.0,0.6200931031067384,-0.4489795918367347
0.3055555555555556,0.0,-0.5065645393817337,-1.0204081632653061
0.027777777777777776,-1.0,0.5413296356212927,-0.4489795918367347
0.3055555555555556,-1.0,-0.652800246514136,0.5918367346938775
0.6388888888888888,0.0,0.22057512628346926,-0.46938775510204084
0.7222222222222222,0.0,0.9776926717070004,0.9183673469387755
0.2777777777777778,-1.0,-0.5574190850363718,0.673469387755102
0.5833333333333334,-1.0,-0.6229104075186811,0.5306122448979592
0.5555555555555556,-1.0,-0.9693728196154819,0.2653061224489796
0.9444444444444444,0.0,-0.04856548581993463,-0.5102040816326531
-0.9166666666666666,0.0,0.8785037472349698,-0.061224489795918366
0.1111111111111111,-1.0,0.7733390559829201,0.8571428571428571
-0.4444444444444444,0.0,0.7645790000770357,-0.5714285714285714
0.9722222222222222,-1.0,-0.7333685496384826,-0.7959183673469388
-1.0,-1.0,0.4490849263208866,0.8571428571428571
-0.9444444444444444,-1.0,-0.43374382339022965,-0.3469387755102041
0.9722222222222222,-1.0,0.9489913830103338,-0.8979591836734694
0.3333333333333333,0.0,0.33462092949035405,-0.16326530612244897
0.8611111111111112,0.0,-0.29975678739256273,-0.9387755102040817
0.4722222222222222,-1.0,-0.1367273047420956,0.14285714285714285
0.4722222222222222,0.0,-0.9610529675239636,-0.24489795918367346
-0.7222222222222222,-1.0,-0.29870029823808425,-0.5102040816326531
0.75,0.0,-0.7011126151408102,-0.9795918367346939
0.8055555555555556,-1.0,0.45420229566289194,0.8571428571428571
-0.4166666666666667,0.0,-0.4788537092673908,-0.7551020408163265
0.3055555555555556,0.0,-0.5468211782055091,-0.6530612244897959
-0.1111111111111111,-1.0,0.85334609924395,0.5102040816326531
0.6666666666666666,0.0,-0.8519374470379786,-0.5510204081632653
-0.19444444444444445,0.0,-0.9739949596663255,0.3877551020408163
0.25,-1.0,-0.5742458758405141,-0.6122448979591837
0.9444444444444444,0.0,0.8761596619234706,0.10204081632653061
0.9166666666666666,0.0,-0.29715958488780303,-0.8571428571428571
0.6388888888888888,0.0,0.10114783144595949,0.6122448979591837
-0.4444444444444444,-1.0,0.7260611663200062,0.3469387755102041
0.16666666666666666,-1.0,0.9848459836904486,-0.12244897959183673
0.8611111111111112,0.0,0.2996357313436121,0.9387755102040817
0.6111111111111112,-1.0,-0.08057930821970573,-0.16326530612244897
-0.6388888888888888,0.0,0.4358568016991867,-0.14285714285714285
0.6111111111111112,0.0,0.22348047145828517,-1.0204081632653061
0.1111111111111111,-1.0,0.9282687884490519,0.04081632653061224
0.75,0.0,0.8944721406010983,-0.14285714285714285
-0.8333333333333334,0.0,-0.31275380501172045,-0.32653061224489793
-0.8888888888888888,0.0,0.6636072501568226,-0.8367346938775511
-0.9166666666666666,-1.0,0.757403677902869,0.6938775510204082
-0.1111111111111111,-1.0,0.429693948298062,0.4489795918367347
-0.8888888888888888,0.0,0.2515324595287618,-0.9183673469387755
-0.6666666666666666,-1.0,-0.7357896706174959,-0.10204081632653061
0.9722222222222222,-1.0,0.013866420152530621,0.20408163265306123
-0.5833333333333334,0.0,-0.24391693354022911,0.7551020408163265
0.16666666666666666,-1.0,-0.10804802623614734,-0.6122448979591837
-0.5555555555555556,0.0,0.14706108928433864,-0.8775510204081632
0.027777777777777776,-1.0,0.12262977758702279,0.5918367346938775
0.8611111111111112,0.0,0.36219969846038713,0.9387755102040817
0.3055555555555556,-1.0,-0.46826680753188726,-0.4489795918367347
-0.08333333333333333,-1.0,0.5868136947406649,-0.7142857142857143
0.8888888888888888,-1.0,-0.28855360031694677,0.9183673469387755
0.027777777777777776,-1.0,0.7213289753155712,0.24489795918367346
0.08333333333333333,0.0,-0.6389558365523237,-0.08163265306122448
-1.0,0.0,-0.16446014504715684,-0.5102040816326531
-0.2777777777777778,0.0,-0.3715980498971024,0.8367346938775511
0.3611111111111111,0.0,-0.15536993628049786,-0.9795918367346939
0.2777777777777778,-1.0,-0.12756006030792258,0.42857142857142855
0.2222222222222222,-1.0,-0.525064104680467,0.6326530612244898
0.9166666666666666,-1.0,0.5433765833580948,-0.8571428571428571
0.4722222222222222,0.0,0.4484686409807741,-0.2653061224489796
-0.6388888888888888,-1.0,0.14197673522841076,-0.16326530612244897
0.3611111111111111,0.0,0.09740609902384804,0.5510204081632653
0.5277777777777778,-1.0,0.8809798936907788,-0.6122448979591837
0.08333333333333333,-1.0,-0.7877667359987675,-1.0
-0.8888888888888888,-1.0,-0.5052329228432765,-0.1836734693877551
0.3888888888888889,0.0,-0.01034478963760221,0.24489795918367346
0.9444444444444444,-1.0,0.34207137904849944,0.7551020408163265
-0.8611111111111112,0.0,0.47876566850451757,-0.6938775510204082
-0.7777777777777778,-1.0,-0.21512760408068937,0.8775510204081632
-0.2222222222222222,-1.0,-0.31218154005304455,-0.10204081632653061
-0.5277777777777778,0.0,-0.3829112879263099,-0.9183673469387755
0.5555555555555556,0.0,-0.28602242838434194,-0.20408163265306123
-0.16666666666666666,-1.0,-0.6786182002267049,-0.24489795918367346
0.4166666666666667,-1.0,0.5830059317463986,0.8775510204081632
1.0,-1.0,0.13707946779358843,-0.4489795918367347
-0.6944444444444444,-1.0,-0.9229313171998635,-0.8775510204081632
0.6944444444444444,-1.0,0.8064093675371697,0.16326530612244897
-0.4444444444444444,0.0,0.6001408652205972,-0.8367346938775511
0.16666666666666666,-1.0,-0.6952468993143825,0.8163265306122449
-0.7777777777777778,0.0,-0.5520706086918243,-0.02040816326530612
0.16666666666666666,-1.0,-0.6513145586406506,-1.0204081632653061
-0.4444444444444444,-1.0,-0.8372346396381525,-0.9183673469387755
0.75,0.0,0.4178744758823335,-0.42857142857142855
-0.1111111111111111,0.0,0.3566971507808115,-0.14285714285714285
-0.2222222222222222,-1.0,0.6270703335644403,0.10204081632653061
0.5555555555555556,-1.0,-0.6527892414187769,0.1836734693877551
0.8333333333333334,0.0,0.26773195989743254,-0.2653061224489796
-0.9444444444444444,0.0,-0.7234969791013239,0.2857142857142857
-0.8611111111111112,-1.0,-0.7952171855569129,-0.8163265306122449
-0.1388888888888889,0.0,0.45928664971881983,-0.7142857142857143
-0.3611111111111111,-1.0,-0.4081459715848438,-0.9387755102040817
-0.4166666666666667,0.0,-0.5020854655705592,-0.5714285714285714
0.4166666666666667,-1.0,-0.3313964365501227,-0.02040816326530612
0.8611111111111112,0.0,0.2157769047068793,0.24489795918367346
0.8888888888888888,0.0,-0.6681193392540746,-0.14285714285714285
-0.9444444444444444,0.0,0.3047420955902583,0.5510204081632653
0.16666666666666666,0.0,0.6329470544862271,0.9795918367346939
0.3611111111111111,-1.0,-0.4794149691307075,0.7959183673469388
0.9166666666666666,-1.0,-0.6670408399088779,0.22448979591836735
0.5833333333333334,-1.0,0.4271187559840206,-0.30612244897959184
-0.6944444444444444,-1.0,-0.6371069805319863,0.9387755102040817
-0.1388888888888889,0.0,0.3175300163975921,0.5306122448979592
0.6666666666666666,-1.0,0.21763676582257585,-0.12244897959183673
0.5833333333333334,0.0,-0.8595419679311521,0.22448979591836735
-0.25,0.0,-0.7043481131764007,-0.061224489795918366
0.4722222222222222,0.0,0.4699725973125557,-0.1836734693877551
0.0,-1.0,0.0910231437155403,-0.5510204081632653
-0.1388888888888889,0.0,0.3676802359492445,0.0
-0.5833333333333334,-1.0,0.12125414066712888,0.40816326530612246
-0.19444444444444445,0.0,-0.19477918276161862,0.6530612244897959
0.1388888888888889,0.0,-0.23892062024717445,0.5510204081632653
0.3055555555555556,0.0,0.657961636237578,-0.04081632653061224
-0.16666666666666666,-1.0,-0.07075175806398362,-0.673469387755102
0.19444444444444445,-1.0,-0.9598534121298161,0.12244897959183673
-0.3055555555555556,-1.0,0.5634278671024684,0.40816326530612246
-0.4166666666666667,-1.0,-0.8304224856108379,0.2857142857142857
-0.25,0.0,-0.6039706384055817,-0.30612244897959184
-0.6388888888888888,-1.0,-0.7022791552488802,0.7755102040816326
-0.9166666666666666,0.0,0.47446267621908944,-0.673469387755102
-0.2222222222222222,0.0,-0.38829277955693486,0.5306122448979592
-0.25,0.0,0.21888034159815994,-0.7346938775510204
-0.027777777777777776,0.0,-0.6836145135197597,-0.5306122448979592
-0.3333333333333333,0.0,0.4857208887715012,-0.20408163265306123
-0.3055555555555556,-1.0,0.08154775661131104,-0.8367346938775511
0.6944444444444444,0.0,0.5596751295849979,-0.3469387755102041
0.8333333333333334,0.0,-0.8012149625276503,-0.42857142857142855
0.05555555555555555,-1.0,0.13096063477390033,0.2653061224489796
-0.9722222222222222,0.0,-0.6025179658181739,0.08163265306122448
-0.5,0.0,0.1331066283689348,-0.7142857142857143
0.9444444444444444,-1.0,0.8196264870635104,-1.0204081632653061
-0.7222222222222222,0.0,0.5243817887681996,0.5918367346938775
0.1111111111111111,0.0,-0.6095722319433898,-0.4489795918367347
0.1388888888888889,-1.0,0.2707913764072766,0.10204081632653061
0.3055555555555556,0.0,-0.6847260281510339,-0.8979591836734694
0.5277777777777778,-1.0,0.8511450801721197,-0.46938775510204084
-0.8055555555555556,0.0,-0.7913433919904916,0.3469387755102041
0.6388888888888888,0.0,-0.35056731266576424,0.5918367346938775
0.75,0.0,0.701607844431972,-0.673469387755102
-0.7777777777777778,0.0,0.4115575511461807,-0.02040816326530612
-0.1111111111111111,-1.0,-0.8293770015517185,0.5102040816326531
-0.7777777777777778,-1.0,0.0996511384771149,0.0
0.75,-1.0,-0.568919409686685,-0.10204081632653061
0.6388888888888888,-1.0,0.4735492533042799,-0.30612244897959184
-0.5277777777777778,-1.0,-0.10717862370277438,-0.20408163265306123
0.2222222222222222,0.0,-0.7762884215391727,1.0
-0.25,0.0,-0.18600812176037507,-0.2653061224489796
0.027777777777777776,0.0,0.22875191213531865,-0.5510204081632653
-0.1111111111111111,0.0,-0.893646758449162,0.2653061224489796
-0.1111111111111111,-1.0,-0.15231051977065382,0.3469387755102041
-0.3611111111111111,-1.0,-0.27762554062530953,-0.6122448979591837
-0.027777777777777776,0.0,0.4635456216228114,-0.8571428571428571
0.4166666666666667,-1.0,-0.1608504737693552,-0.7551020408163265
0.16666666666666666,0.0,0.759868819263319,0.7142857142857143
0.8888888888888888,-1.0,0.5706582147534308,-0.9387755102040817
0.08333333333333333,0.0,-0.5709993727095646,0.12244897959183673
0.9722222222222222,0.0,-0.7339408145971584,-0.1836734693877551
-0.5833333333333334,0.0,-0.333454389382284,-0.9795918367346939
0.4722222222222222,0.0,-0.3330692110447137,-0.12244897959183673
-0.1111111111111111,-1.0,-0.003565650896365017,-0.9591836734693877
-0.1111111111111111,0.0,0.22085025366744804,0.7755102040816326
0.3333333333333333,-1.0,0.10104878558772712,0.5918367346938775
-0.9722222222222222,-1.0,-0.6529213025630867,0.3877551020408163
0.027777777777777776,0.0,0.35154676615272873,-0.8979591836734694
0.6388888888888888,0.0,0.9331770609792334,0.16326530612244897
-0.3611111111111111,0.0,0.7381117457382769,-0.14285714285714285
0.8611111111111112,-1.0,0.8196044768727921,0.10204081632653061
0.4444444444444444,0.0,0.6238898610056456,-0.30612244897959184
-0.5277777777777778,0.0,-0.13498849967534968,0.5306122448979592
-0.3888888888888889,-1.0,-0.029570691230039508,0.6938775510204082
0.3611111111111111,0.0,-0.0019038814971331726,0.2653061224489796
0.25,-1.0,0.728449272012942,-0.32653061224489793
-0.16666666666666666,0.0,-0.6660723915172725,0.3673469387755102
-0.3611111111111111,0.0,0.6937171910594605,-0.5918367346938775
0.3611111111111111,-1.0,-0.18671244786336075,-0.8979591836734694
-0.2777777777777778,-1.0,0.951038330747136,0.7755102040816326
0.9722222222222222,-1.0,0.8826746783760882,0.1836734693877551
0.8888888888888888,-1.0,-0.5258784817370442,0.7346938775510204
0.1388888888888889,-1.0,0.5423090891082571,0.30612244897959184
0.3055555555555556,0.0,-0.647704887362849,0.04081632653061224
-0.4722222222222222,0.0,0.09169445453244852,-0.3877551020408163
0.2777777777777778,-1.0,-0.3940924648112076,0.6326530612244898
0.8333333333333334,0.0,0.7140656123785313,-0.5714285714285714
0.8055555555555556,0.0,0.38413285351117565,-0.14285714285714285
-0.2222222222222222,-1.0,-0.5987212079192666,-0.5918367346938775
-0.3888888888888889,0.0,0.3206664685749502,-0.8163265306122449
-0.6111111111111112,0.0,-0.23072182420460674,-0.061224489795918366
-0.4444444444444444,0.0,0.6444583842318994,0.8571428571428571
0.16666666666666666,-1.0,0.8921720756710357,0.8775510204081632
0.1111111111111111,-1.0,-0.16813584689711336,-0.1836734693877551
-0.8888888888888888,-1.0,0.16346968646483323,-0.061224489795918366
-0.1388888888888889,-1.0,-0.19903815466561017,-0.24489795918367346
0.2222222222222222,-1.0,-0.6553534286374592,-0.46938775510204084
0.8055555555555556,0.0,-0.7192490122926916,0.5918367346938775
0.5833333333333334,0.0,-0.39455467881629197,-0.16326530612244897
0.8055555555555556,-1.0,-0.46593372731574717,0.5102040816326531
-0.16666666666666666,-1.0,0.7962626696160322,0.6938775510204082
-0.6388888888888888,0.0,-0.6638383571593648,0.2653061224489796
-0.6666666666666666,-1.0,0.28452573541549736,-0.4489795918367347
0.6388888888888888,0.0,0.8091056159001617,0.3877551020408163
0.0,-1.0,-0.5789010311774352,0.9795918367346939
0.6944444444444444,0.0,0.13496648948463139,-0.8163265306122449
0.5555555555555556,0.0,-0.6962483629920653,0.22448979591836735
0.9722222222222222,-1.0,0.6918573299437639,0.12244897959183673
0.5,0.0,-0.4953943675921952,0.8979591836734694
-0.7777777777777778,-1.0,-0.0010564891544785236,-0.30612244897959184
-0.2777777777777778,0.0,-0.2180769696369419,-0.7142857142857143
0.05555555555555555,0.0,0.45573200391781393,-0.6530612244897959
0.4444444444444444,-1.0,-0.4452881684219794,-0.7755102040816326
-0.5,0.0,0.6641134845433435,-0.14285714285714285
0.5833333333333334,0.0,-0.2812352119031111,0.40816326530612246
0.7777777777777778,0.0,-0.7504374525405263,0.8775510204081632
-0.08333333333333333,-1.0,-0.020667569084486116,0.9387755102040817
0.0,-1.0,0.4022912608537753,0.6122448979591837
-0.8055555555555556,-1.0,-0.7787315527089043,-0.5102040816326531
-0.5,-1.0,0.22416278737055256,0.16326530612244897
0.2777777777777778,0.0,0.35750052274202954,-0.8775510204081632
0.08333333333333333,-1.0,-0.05140480042259566,0.7755102040816326
-0.8055555555555556,-1.0,-0.9688775903243202,0.4489795918367347
0.1388888888888889,0.0,0.5827087941717015,-0.8775510204081632
0.3888888888888889,0.0,0.04265574961207039,0.7959183673469388
0.3888888888888889,0.0,-0.2573211396876754,0.02040816326530612
-0.5833333333333334,0.0,0.7220112912278385,-0.7959183673469388
0.2777777777777778,-1.0,0.05488241055608747,-0.5918367346938775
-0.9166666666666666,-1.0,0.8147842451054839,0.30612244897959184
0.08333333333333333,0.0,-0.20421054948441128,-0.20408163265306123
0.8611111111111112,-1.0,-0.4082560225384353,0.8571428571428571
-0.8055555555555556,-1.0,-0.7153311983448336,-0.12244897959183673
0.05555555555555555,-1.0,0.4449910308472823,0.14285714285714285
-0.19444444444444445,-1.0,0.6595903903507324,-0.3469387755102041
-0.8055555555555556,-1.0,0.08395787249496517,-0.4897959183673469
-0.9444444444444444,-1.0,0.41558541604763005,-0.10204081632653061
-0.8333333333333334,0.0,0.4657576457900008,0.22448979591836735
-0.5555555555555556,0.0,-0.802139390537819,-0.8979591836734694
-0.027777777777777776,0.0,0.27904519792664,0.12244897959183673
0.6666666666666666,-1.0,0.5170413901636458,0.8367346938775511
-0.2222222222222222,0.0,0.5415167222423982,-0.3673469387755102
-0.3055555555555556,-1.0,-0.6459220619146665,-0.8979591836734694
-0.6111111111111112,0.0,-0.42273872803107837,0.5306122448979592
0.6944444444444444,0.0,0.9231294089163282,0.061224489795918366
0.3888888888888889,0.0,0.879758328105913,-0.2857142857142857
0.9166666666666666,-1.0,0.7834527386179801,0.7755102040816326
-0.3333333333333333,-1.0,-0.7484125149944424,-0.24489795918367346
0.8611111111111112,-1.0,-0.05285747301000363,-0.3469387755102041
0.05555555555555555,0.0,-0.24948551179195969,0.3877551020408163
0.5,0.0,0.34200534847634456,-0.6530612244897959
-0.16666666666666666,-1.0,0.3941584953833625,0.7755102040816326
0.25,0.0,0.6516006911199885,-0.7142857142857143
-0.6111111111111112,0.0,0.018246448105472834,-0.5714285714285714
-0.3611111111111111,0.0,-0.027402687444286703,0.16326530612244897
-0.8888888888888888,0.0,-0.23999911959237127,1.0
-0.8888888888888888,-1.0,-0.10455941100729638,0.08163265306122448
0.0,0.0,-0.08699527881409093,-0.6122448979591837
-0.25,0.0,-0.35835892018004334,-0.3877551020408163
-0.3611111111111111,-1.0,0.33140744164548186,0.2857142857142857
0.2222222222222222,-1.0,0.009684483916053133,-0.5306122448979592
-0.8888888888888888,0.0,0.9066327709729605,0.8571428571428571
0.6388888888888888,0.0,-0.54745947373634,0.8571428571428571
0.3333333333333333,0.0,0.3595474704788317,0.9183673469387755
-0.7777777777777778,0.0,0.7549055212563417,0.2857142857142857
0.6666666666666666,0.0,0.2727502833812055,0.3469387755102041
0.5277777777777778,0.0,0.3148227629392409,0.42857142857142855
0.3888888888888889,-1.0,-0.6396821728460277,0.2857142857142857
0.0,-1.0,-0.47975612708684123,-0.2857142857142857
-1.0,0.0,-0.32316462522147754,0.0
-0.7777777777777778,-1.0,0.0913863118623923,-0.061224489795918366
-0.25,0.0,-0.19595672796504782,0.5102040816326531
0.19444444444444445,0.0,-0.49718819813573684,0.5714285714285714
0.2777777777777778,-1.0,-0.8877920477180935,-0.8571428571428571
0.8055555555555556,0.0,-0.7473010003631682,-0.46938775510204084
0.8333333333333334,0.0,0.5954086742161621,0.12244897959183673
0.6111111111111112,0.0,0.5295541835870008,-0.7551020408163265
0.8055555555555556,0.0,0.25523017156943667,0.42857142857142855
-0.25,-1.0,-0.41017090913092763,0.673469387755102
0.9444444444444444,-1.0,0.2136969416839997,-0.8367346938775511
0.2222222222222222,-1.0,-0.8776123345108785,0.5306122448979592
0.8333333333333334,-1.0,-0.06520519000297137,-0.04081632653061224
-0.2777777777777778,-1.0,-0.7656024739454368,0.9591836734693877
-0.3888888888888889,0.0,0.6562448413615504,-0.6326530612244898
0.1111111111111111,0.0,-0.48591898048796595,-0.6326530612244898
0.4722222222222222,-1.0,-0.8073227904519793,-0.8163265306122449
-0.1111111111111111,0.0,0.013327170479932208,0.3673469387755102
-0.25,0.0,0.08434305083253546,-0.3673469387755102
0.75,0.0,-0.7592305237324881,-0.22448979591836735
-0.1111111111111111,0.0,0.5107354705228521,0.6326530612244898
0.5555555555555556,-1.0,0.03474308604884061,-0.1836734693877551
-0.7777777777777778,0.0,0.7701475783287662,-1.0204081632653061
-0.08333333333333333,-1.0,0.7411051316759659,0.6530612244897959
0.16666666666666666,0.0,-0.3296136111019402,0.2653061224489796
-0.8055555555555556,0.0,0.5892788361011149,-0.9795918367346939
-0.3055555555555556,-1.0,0.15856141393465176,-0.4897959183673469
-0.8888888888888888,-1.0,0.6215347705987873,0.32653061224489793
0.7777777777777778,0.0,-0.7421946361165219,0.1836734693877551
-0.3333333333333333,-1.0,-0.19471315218946372,0.5714285714285714
-0.027777777777777776,-1.0,-0.9038044614656586,1.0
-0.4166666666666667,-1.0,0.8763357434492169,-0.5714285714285714
0.05555555555555555,0.0,-0.8777113803691109,0.12244897959183673
-0.3333333333333333,-1.0,-0.8624363080106089,0.6326530612244898
-0.75,0.0,-0.15588717576237798,-0.8979591836734694
-0.4444444444444444,-1.0,0.9129386906137542,0.9795918367346939
0.4444444444444444,0.0,-0.8328326014944919,-0.7551020408163265
0.5833333333333334,-1.0,0.2445772392617782,-0.2857142857142857
0.5277777777777778,0.0,-0.5654858199346298,-0.2653061224489796
0.8888888888888888,0.0,0.6699571901790529,-0.2857142857142857
-0.4722222222222222,-1.0,0.6670958653856736,-0.2857142857142857
-0.6666666666666666,-1.0,0.9201030076925617,-0.7551020408163265
-0.6388888888888888,-1.0,-0.5658159727954043,0.9387755102040817
-0.3611111111111111,-1.0,-0.3617264793599437,-0.42857142857142855
-0.4444444444444444,-1.0,0.652139940792587,0.7755102040816326
0.75,-1.0,0.29906346638493625,0.3673469387755102
0.16666666666666666,-1.0,0.1646032112868258,0.32653061224489793
-0.25,-1.0,0.3127427999163613,0.46938775510204084
0.5277777777777778,-1.0,0.45337691351095555,-0.14285714285714285
0.6944444444444444,-1.0,0.5392716827891314,0.7142857142857143
0.4722222222222222,0.0,0.9158660459792884,-0.9387755102040817
0.6111111111111112,0.0,-0.7880418633827462,-0.9387755102040817
0.7777777777777778,0.0,-0.5546898213873023,0.6938775510204082
-0.3333333333333333,-1.0,-0.5682150835836992,-0.30612244897959184
-0.1111111111111111,0.0,-0.5362562866607239,-0.5918367346938775
0.5,0.0,0.7966368428582433,-0.30612244897959184
-0.8611111111111112,0.0,-0.5856141393465174,0.7755102040816326
0.8611111111111112,0.0,-0.9539546810173111,-0.061224489795918366
0.4444444444444444,-1.0,-0.14925110326080976,0.1836734693877551
0.16666666666666666,-1.0,-0.8208920730298128,0.9591836734693877
-0.3333333333333333,-1.0,0.6522499917461785,-0.4489795918367347
0.9166666666666666,-1.0,0.1970682425963221,-0.8775510204081632
0.8055555555555556,0.0,0.6703533736119823,0.673469387755102
-0.3611111111111111,-1.0,-0.8723629040245634,-0.16326530612244897
0.16666666666666666,0.0,-0.6722352449183973,0.20408163265306123
-0.8055555555555556,0.0,0.7875686442823027,0.7551020408163265
0.9444444444444444,0.0,0.1287926309881475,-1.0204081632653061
0.3333333333333333,-1.0,-0.4099287970330263,-0.9795918367346939
0.75,0.0,-0.41940418413725555,0.061224489795918366
-0.8888888888888888,-1.0,0.17335226209735108,-0.8979591836734694
0.19444444444444445,0.0,0.07080678354077938,0.6938775510204082
-0.6388888888888888,-1.0,0.6423013855415057,0.20408163265306123
0.6388888888888888,0.0,-0.7692451605093158,-0.22448979591836735
-0.2222222222222222,0.0,-0.19034412933188066,0.20408163265306123
0.6388888888888888,-1.0,-0.9063466384936225,0.6938775510204082
0.8333333333333334,-1.0,0.5344074306403865,-0.7755102040816326
-0.5,-1.0,0.6898984229698351,0.5918367346938775
-0.6666666666666666,0.0,-0.40498750921676735,-0.30612244897959184
-0.2777777777777778,-1.0,0.44186558376528334,0.9591836734693877
0.9722222222222222,-1.0,-0.2529851321161698,0.04081632653061224
-0.19444444444444445,-1.0,0.36219969846038713,0.4489795918367347
0.25,0.0,0.7058007857638087,0.061224489795918366
0.8055555555555556,-1.0,0.5098110425126834,0.6530612244897959
0.75,-1.0,0.6473307141206378,0.6122448979591837
-0.08333333333333333,-1.0,-0.22149955429363796,0.1836734693877551
-0.9166666666666666,-1.0,-0.08265927124258532,0.7755102040816326
-0.2222222222222222,-1.0,-0.9604807025652877,0.673469387755102
-0.3055555555555556,0.0,0.8892337152101423,0.5102040816326531
0.6666666666666666,0.0,0.1120538809468784,0.8367346938775511
0.7777777777777778,0.0,-0.782352229082065,0.10204081632653061
0.8333333333333334,0.0,0.5015462158979608,0.3673469387755102
0.3055555555555556,-1.0,0.08972454246316044,-0.6326530612244898
-0.8333333333333334,0.0,-0.7183686046639595,-0.5714285714285714
-0.3888888888888889,-1.0,-0.574598038892007,0.8571428571428571
-0.6111111111111112,-1.0,0.42657950631142216,-1.0
-0.6944444444444444,-1.0,0.3279848569887858,0.8163265306122449
0.7777777777777778,-1.0,-0.5675327676714319,-0.8775510204081632
-0.19444444444444445,0.0,0.44605852509711996,-0.02040816326530612
-0.5833333333333334,0.0,0.8589697029724762,0.9795918367346939
-0.75,0.0,0.6694399506971728,0.04081632653061224
1.0,-1.0,0.3250575016232516,-0.7346938775510204
-0.6388888888888888,0.0,-0.4201855459077553,-1.0
-0.4722222222222222,0.0,0.10178612697679025,0.5102040816326531
-0.75,-1.0,0.36206763731607733,-0.04081632653061224
0.6944444444444444,0.0,-0.4424818691053958,0.16326530612244897
-0.3333333333333333,-1.0,-0.40794787986837905,0.7142857142857143
0.16666666666666666,-1.0,-0.970979563537918,0.673469387755102
-0.9444444444444444,0.0,0.1247977813727756,0.5102040816326531
-0.25,-1.0,-0.058690173550353816,-0.5306122448979592
0.8611111111111112,0.0,0.5174485786919344,0.10204081632653061
-0.027777777777777776,0.0,0.3906038495823566,0.22448979591836735
-0.8055555555555556,0.0,-0.38064423828232474,0.1836734693877551
0.3611111111111111,0.0,-0.8614788647143627,0.5510204081632653
0.4166666666666667,-1.0,-0.3258058481076739,0.6326530612244898
0.5833333333333334,0.0,-0.2570460123036966,-0.12244897959183673
0.4722222222222222,-1.0,0.452463490596146,0.9795918367346939
-0.8888888888888888,0.0,0.7016628699087678,0.3877551020408163
0.027777777777777776,-1.0,0.5062563967116775,-0.4897959183673469
0.4166666666666667,-1.0,0.7576788052868478,-1.0
0.1111111111111111,0.0,0.5347375835011611,-0.10204081632653061
-0.3055555555555556,0.0,0.9907227046122354,-0.9387755102040817
0.5833333333333334,0.0,-0.6541098528618751,-0.2653061224489796
-0.6111111111111112,-1.0,-0.3868841273509635,0.3673469387755102
-0.5555555555555556,0.0,0.6541978936247482,0.2857142857142857
0.75,0.0,-0.34855338021503957,-0.9387755102040817
-0.6388888888888888,0.0,0.745110986386697,0.40816326530612246
-0.8333333333333334,-1.0,-0.6813034434943379,-0.2857142857142857
0.9444444444444444,-1.0,-0.25136738309837453,-0.30612244897959184
0.05555555555555555,0.0,-0.5368395567147589,0.5918367346938775
0.7222222222222222,0.0,0.4912784619278726,-0.8367346938775511
-0.5833333333333334,0.0,0.851816390989028,0.8979591836734694
-0.4166666666666667,-1.0,0.28342522587958224,0.04081632653061224
0.1388888888888889,0.0,-0.7585922282016574,0.16326530612244897
-0.16666666666666666,0.0,-0.40914743526252656,0.7551020408163265
0.9166666666666666,0.0,0.6862667415013151,-0.12244897959183673
0.6666666666666666,-1.0,-0.5735305446421693,-0.10204081632653061
0.19444444444444445,0.0,-0.04318399418930965,0.7551020408163265
-0.8055555555555556,-1.0,0.6067659326268062,-0.04081632653061224
0.5555555555555556,0.0,0.23870051833999142,-0.9795918367346939
0.2777777777777778,-1.0,-0.9755686883026842,0.3673469387755102
0.9444444444444444,-1.0,-0.08384782154137366,0.12244897959183673
0.1388888888888889,0.0,0.44468288817722607,-0.12244897959183673
0.0,0.0,-0.5968723518989292,-0.8775510204081632
0.6111111111111112,0.0,-0.4513409708695126,-0.10204081632653061
-0.3611111111111111,-1.0,-0.290391451241925,-0.8163265306122449
-0.4166666666666667,0.0,-0.26934970891522775,-0.22448979591836735
-0.6944444444444444,0.0,0.9127295938019303,0.8163265306122449
-0.1388888888888889,-1.0,0.9946735338461707,-0.7755102040816326
0.75,0.0,0.7625870778170293,0.6326530612244898
0.4444444444444444,-1.0,0.8188671354837289,0.2857142857142857
-1.0,0.0,-0.39974908382581137,-0.7346938775510204
-0.6666666666666666,-1.0,0.7304301891775892,0.8571428571428571
1.0,-1.0,-0.07223744593746904,-0.7346938775510204
0.75,-1.0,-0.7117655474484686,-0.20408163265306123
0.5555555555555556,-1.0,-0.8827186987575247,-0.3673469387755102
-0.6388888888888888,0.0,0.6936401553919465,-0.30612244897959184
-0.2777777777777778,0.0,-0.2106045098880782,0.8979591836734694
-0.6111111111111112,-1.0,-0.9766471876478809,0.14285714285714285
-0.19444444444444445,-1.0,0.44400057226495865,-0.40816326530612246
0.7222222222222222,0.0,-0.3434580210637525,0.24489795918367346
0.8611111111111112,-1.0,0.26562998668383464,0.8571428571428571
-0.6666666666666666,-1.0,0.18934266565419788,-0.7142857142857143
-0.4166666666666667,0.0,0.1896838236103316,-0.20408163265306123
-0.7777777777777778,0.0,-0.6754377276679102,-0.2857142857142857
0.0,0.0,0.4296719381073437,-0.7346938775510204
-0.4444444444444444,-1.0,-0.8276932219617683,0.4897959183673469
-0.9444444444444444,0.0,-0.5493303399473957,0.8775510204081632
0.4166666666666667,-1.0,-0.6537907050964596,0.7755102040816326
0.05555555555555555,0.0,0.19111448600702124,0.1836734693877551
-0.6111111111111112,-1.0,0.018345493963705196,0.32653061224489793
-0.3055555555555556,0.0,-0.8354187989038925,0.0
-0.5555555555555556,0.0,0.20718192523138212,0.8775510204081632
0.1111111111111111,0.0,-0.8463138433094523,0.5714285714285714
-0.4444444444444444,0.0,0.8570548163799839,-1.0204081632653061
-0.9722222222222222,-1.0,-0.838071026885448,0.5102040816326531
0.6111111111111112,0.0,-0.4418985990513608,0.1836734693877551
-0.16666666666666666,0.0,0.17424367482144232,-0.5306122448979592
0.25,0.0,0.8771171052197168,-0.6122448979591837
0.2777777777777778,0.0,0.44494701046584567,0.5918367346938775
-0.4166666666666667,0.0,0.4149911408982359,0.6530612244897959
-0.3055555555555556,-1.0,0.512474275589598,-0.2653061224489796
0.9444444444444444,0.0,-0.6830092332750063,-0.7551020408163265
-0.2777777777777778,0.0,-0.052131136716299646,0.40816326530612246
0.6388888888888888,-1.0,0.46283029042446655,-0.30612244897959184
0.9166666666666666,0.0,-0.9500038517833757,0.14285714285714285
-0.6388888888888888,-1.0,0.45783397713141183,0.8163265306122449
-0.3888888888888889,0.0,-0.6510944567334676,0.5306122448979592
0.9722222222222222,0.0,0.9241748929754476,-0.8367346938775511
-1.0,-1.0,0.6714538831478974,0.02040816326530612
-0.3888888888888889,0.0,-0.9009541417676384,0.061224489795918366
0.05555555555555555,0.0,0.08706130938624583,0.08163265306122448
-0.7777777777777778,-1.0,-0.7794578890026083,0.42857142857142855
-0.7777777777777778,-1.0,0.18367504154423497,-0.6938775510204082
-0.4166666666666667,0.0,0.638977846743042,-0.5510204081632653
-0.7777777777777778,0.0,-0.6514246095942421,0.40816326530612246
-0.3888888888888889,0.0,0.7466627048323373,0.1836734693877551
-0.6666666666666666,0.0,0.07840029933859377,-0.673469387755102
0.5833333333333334,-1.0,0.3816236917692892,0.1836734693877551
0.4166666666666667,0.0,0.5266268282214666,0.9387755102040817
0.4444444444444444,0.0,0.5629326378113066,0.24489795918367346
-0.027777777777777776,0.0,-0.7995421880330593,-0.6938775510204082
0.8888888888888888,-1.0,0.12141921709751614,-0.12244897959183673
-0.4166666666666667,-1.0,0.8470621897938746,-0.4897959183673469
0.8333333333333334,-1.0,0.25493303399473954,0.6326530612244898
-0.9166666666666666,-1.0,-0.5056951368483608,0.8979591836734694
0.8611111111111112,-1.0,-0.7917285703280619,-0.5102040816326531
-0.4166666666666667,0.0,-0.7468387863580838,1.0
-0.5,0.0,-0.7666039376231195,0.3469387755102041
-0.6666666666666666,-1.0,0.768166661164119,0.32653061224489793
-0.2777777777777778,0.0,0.8101290897685628,0.5102040816326531
1.0,0.0,0.40213718951874716,0.20408163265306123
-0.8888888888888888,0.0,-0.8834780503373062,-0.8571428571428571
-0.4166666666666667,0.0,-0.6706505111866794,-0.42857142857142855
-0.6944444444444444,-1.0,0.5989963353032454,0.04081632653061224
0.3055555555555556,-1.0,0.2923393531204948,0.9387755102040817
-0.9166666666666666,0.0,-0.13663926397922238,0.8775510204081632
0.4166666666666667,0.0,0.16985264177314097,0.5102040816326531
0.8888888888888888,0.0,0.17510207225945612,0.8775510204081632
0.2222222222222222,0.0,0.01367933353142505,-0.30612244897959184
-0.05555555555555555,0.0,0.6439851651314559,0.8571428571428571
0.0,-1.0,-0.4483585900271826,-0.6938775510204082
0.19444444444444445,0.0,0.7628512001056489,0.10204081632653061
-0.1388888888888889,-1.0,-0.16186294254239714,0.30612244897959184
0.1388888888888889,-1.0,-0.8310277658555911,-0.5510204081632653
0.8888888888888888,-1.0,0.6798947912883665,-0.3673469387755102
0.6111111111111112,-1.0,0.03431388732983371,0.02040816326530612
-0.027777777777777776,0.0,0.04005854710731069,0.10204081632653061
-0.4166666666666667,0.0,-0.7853125997336767,0.5714285714285714
-0.4444444444444444,-1.0,-0.9404074086301958,-1.0
-0.1388888888888889,-1.0,-0.9221719656200821,0.20408163265306123
0.6944444444444444,-1.0,0.7691020942696468,-0.7755102040816326
-0.6944444444444444,0.0,-0.1705899831622041,-0.32653061224489793
0.6388888888888888,0.0,-0.4252919101544015,-0.08163265306122448
-0.3888888888888889,-1.0,-0.6257057017399056,-0.24489795918367346
0.16666666666666666,0.0,-0.6624297049533934,-0.02040816326530612
0.5833333333333334,0.0,-0.857935224008716,-0.9183673469387755
-0.16666666666666666,-1.0,-0.7873815576611971,0.9387755102040817
-0.9722222222222222,0.0,0.41583853324089054,-0.8775510204081632
-0.5555555555555556,-1.0,-0.9304918177116005,-0.8775510204081632
0.19444444444444445,-1.0,0.471447280090682,0.4489795918367347
-0.75,-1.0,-0.6298986430717423,-0.7755102040816326
0.5277777777777778,-1.0,-0.9771204067483245,-0.061224489795918366
-0.4722222222222222,-1.0,0.9301726699461851,0.7551020408163265
-0.7777777777777778,0.0,0.675635819384375,-1.0
-0.9722222222222222,-1.0,0.2515214544334027,-0.6938775510204082
-0.05555555555555555,-1.0,0.3477940286352581,0.04081632653061224
-0.6388888888888888,0.0,0.8726930568853379,-0.673469387755102
0.9444444444444444,0.0,0.7699825018983789,0.8163265306122449
0.1388888888888889,-1.0,0.28220366029471644,-0.6326530612244898
0.16666666666666666,0.0,-0.5072578603893603,1.0
-0.6111111111111112,0.0,-0.6667987278109765,0.061224489795918366
0.8888888888888888,0.0,-0.29792994156294367,-0.5306122448979592
0.5,0.0,0.842517085410545,0.7755102040816326
0.1111111111111111,0.0,0.7216701332717048,0.5306122448979592
-0.6944444444444444,-1.0,-0.11730331143319357,-0.8979591836734694
-0.1388888888888889,-1.0,-0.792608977956794,0.3469387755102041
0.08333333333333333,0.0,-0.6745022945623824,0.04081632653061224
-0.3611111111111111,0.0,0.827748247438564,0.10204081632653061
0.19444444444444445,0.0,-0.8401289797176092,0.5714285714285714
0.3055555555555556,0.0,0.7156063257288124,0.5102040816326531
-0.16666666666666666,0.0,0.9092299734777202,-0.2653061224489796
-0.75,0.0,0.7460244093015066,0.12244897959183673
0.6388888888888888,0.0,-0.3156701552818955,0.24489795918367346
-0.027777777777777776,-1.0,0.7907161015550199,-0.4489795918367347
0.6666666666666666,-1.0,0.7112373028712293,0.20408163265306123
0.8611111111111112,0.0,0.71550727987058,0.4489795918367347
0.3055555555555556,-1.0,0.7560280409829752,-0.12244897959183673
-1.0,-1.0,0.166000858397438,0.9591836734693877
0.6666666666666666,-1.0,0.027237611013899436,0.02040816326530612
0.8055555555555556,-1.0,-0.7556538677407639,-0.5714285714285714
0.6111111111111112,-1.0,0.16188495273311543,0.7755102040816326
-0.5277777777777778,0.0,-0.6844288905763368,-0.3469387755102041
-0.9444444444444444,0.0,0.296719381073437,0.3469387755102041
-0.19444444444444445,-1.0,-0.19924725147743405,-0.4489795918367347
1.0,0.0,-0.4008495933617265,0.5714285714285714
-0.6944444444444444,0.0,-0.4141327434602221,0.3673469387755102
0.3888888888888889,-1.0,-0.13110370101356927,0.22448979591836735
0.4444444444444444,0.0,-0.39831842142912166,0.04081632653061224
-0.027777777777777776,-1.0,0.7996192237005734,0.12244897959183673
-0.8055555555555556,0.0,0.35756655331418447,-1.0
-0.1388888888888889,-1.0,-0.1830367460134042,-0.6326530612244898
-1.0,-1.0,-0.7801181947241573,0.12244897959183673
-0.7777777777777778,-1.0,-0.6506652580144607,0.8367346938775511
-0.8888888888888888,-1.0,0.6973048521465438,-0.061224489795918366
-0.1388888888888889,-1.0,-0.038077629942663456,0.7551020408163265
-0.08333333333333333,-1.0,-0.16506542529191015,0.6938775510204082
-0.2777777777777778,-1.0,0.6093961504176434,-0.673469387755102
0.6388888888888888,-1.0,0.8534891654836189,0.061224489795918366
-0.9166666666666666,0.0,0.00029713757469708473,0.10204081632653061
-0.6111111111111112,0.0,0.39963903287221986,-0.8163265306122449
-0.5,-1.0,-0.642323395732224,-0.46938775510204084
-0.2777777777777778,0.0,0.25992934728779427,-0.9591836734693877
-0.4722222222222222,0.0,-0.007659546369969295,0.5714285714285714
-0.75,0.0,0.3783001529708255,0.6938775510204082
-0.5555555555555556,0.0,0.78176895902803,0.4897959183673469
-0.2222222222222222,-1.0,-0.6627048323373722,-1.0
0.9166666666666666,0.0,0.6704634245655738,-0.22448979591836735
0.8611111111111112,0.0,-0.7220112912278385,-0.12244897959183673
0.05555555555555555,-1.0,-0.30747135923932783,0.9183673469387755
-0.08333333333333333,-1.0,-0.5911607074075297,-0.7346938775510204
0.05555555555555555,0.0,0.7508006206873783,-0.1836734693877551
-0.7777777777777778,0.0,0.03287221983778489,0.9795918367346939
-0.3333333333333333,-1.0,-0.3481792069728284,0.3877551020408163
0.4166666666666667,0.0,-0.5373457911012799,0.8979591836734694
-0.6944444444444444,0.0,0.7727447808335259,0.42857142857142855
0.2222222222222222,-1.0,-0.11447500192589169,0.9591836734693877
0.0,-1.0,0.6368538633387258,-0.9795918367346939
0.4444444444444444,0.0,-0.8690943907028954,0.8163265306122449
-0.5833333333333334,-1.0,0.04759703742832932,0.7959183673469388
-0.8333333333333334,-1.0,0.7412371928202758,-0.4489795918367347
0.75,0.0,0.5984240703445696,-0.1836734693877551
0.8055555555555556,-1.0,0.26614722616571473,-0.6326530612244898
-1.0,0.0,0.9732025928004666,-0.5102040816326531
-0.2222222222222222,0.0,0.463446575764579,-0.061224489795918366
-0.1388888888888889,-1.0,0.41104031166430055,0.14285714285714285
-0.75,0.0,-0.1924350974501194,-0.2653061224489796
0.3055555555555556,0.0,-0.8458626343997271,0.02040816326530612
-0.5833333333333334,-1.0,0.012710885139819737,0.40816326530612246
-0.8055555555555556,0.0,0.6585889266730496,-0.6122448979591837
-0.5277777777777778,-1.0,0.8934156514466198,-0.061224489795918366
-0.5833333333333334,0.0,-0.5660360747025873,-0.1836734693877551
0.6944444444444444,0.0,-0.32157989148975974,-0.46938775510204084
0.4722222222222222,0.0,0.7915304786115972,-0.4489795918367347
-0.6944444444444444,-1.0,-0.429693948298062,0.061224489795918366
0.9166666666666666,-1.0,0.3210296367218022,-0.3469387755102041
-0.5277777777777778,0.0,-0.17372643533956222,0.8367346938775511
0.8888888888888888,-1.0,0.9899193326510174,-0.3877551020408163
0.5,0.0,0.6393190046991757,0.46938775510204084
-0.8888888888888888,-1.0,0.06429176708816182,-0.32653061224489793
-0.9444444444444444,-1.0,-0.10474649762840195,-0.12244897959183673
0.4166666666666667,0.0,-0.7065491322482309,1.0
-0.5555555555555556,0.0,0.4552918001034479,-0.7346938775510204
-0.3611111111111111,-1.0,0.5834571406561238,-0.5306122448979592
0.8611111111111112,-1.0,0.04301891775892238,-0.6530612244897959
-0.08333333333333333,0.0,-0.439004258971904,0.7346938775510204
0.3611111111111111,0.0,-0.7550705976867289,-0.40816326530612246
0.8055555555555556,0.0,0.4411942729483751,-0.40816326530612246
-0.5555555555555556,-1.0,0.4205817293406847,-0.6938775510204082
-0.4166666666666667,-1.0,0.7329063356333982,0.4489795918367347
-1.0,0.0,0.3776288421539173,0.1836734693877551
-0.1388888888888889,-1.0,-0.05378190102017234,-0.9591836734693877
0.7222222222222222,0.0,0.8647363729406715,-0.2653061224489796
0.5555555555555556,-1.0,-0.5183509965113847,0.7346938775510204
-0.9166666666666666,0.0,-0.36582037483354796,-0.08163265306122448
-0.8055555555555556,-1.0,-0.23203143055234574,0.14285714285714285
-0.1388888888888889,0.0,-0.31231360119735435,0.04081632653061224
0.5833333333333334,0.0,-0.31513090560929713,-0.46938775510204084
-0.6111111111111112,-1.0,-0.1150142515984901,0.8979591836734694
-0.8888888888888888,-1.0,-0.15257464205927343,-0.4897959183673469
0.8055555555555556,0.0,-0.9244720305501447,-0.42857142857142855
-0.1111111111111111,0.0,-0.37608812880363607,-1.0
-0.8055555555555556,-1.0,0.5277713581388183,-0.2857142857142857
0.3888888888888889,0.0,-0.21736163843859707,0.5102040816326531
0.5,0.0,0.5234133403765944,-0.3877551020408163
-0.05555555555555555,-1.0,0.96719381073437,0.9387755102040817
-0.5833333333333334,0.0,0.5961350105098661,0.1836734693877551
-0.1111111111111111,-1.0,-0.6904156624517152,0.7551020408163265
0.4722222222222222,-1.0,-0.40955462379081514,0.3673469387755102
0.1388888888888889,-1.0,-0.43569172526879946,0.42857142857142855
-0.1111111111111111,0.0,-0.6083396612631649,-1.0204081632653061
-0.5277777777777778,-1.0,0.6521729560786644,-0.7959183673469388
0.3055555555555556,0.0,0.8437716662814884,-0.5102040816326531
-0.3333333333333333,0.0,0.9515445651336569,-0.22448979591836735
-0.6388888888888888,0.0,-0.7961196033763632,-0.8775510204081632
-0.19444444444444445,0.0,0.8632726952579044,-0.7346938775510204
0.7222222222222222,0.0,0.20720393542210044,0.6326530612244898
0.8888888888888888,0.0,0.7863250685067186,0.6122448979591837
0.0,-1.0,0.9264529477147919,0.6122448979591837
-0.027777777777777776,0.0,0.9366766813034435,0.2857142857142857
-0.16666666666666666,-1.0,0.6584458604333806,-0.8367346938775511
-0.3611111111111111,0.0,0.4094555779325828,-0.02040816326530612
-0.7777777777777778,0.0,0.7449679201470281,0.4897959183673469
0.1111111111111111,0.0,-0.3469246261018852,-0.061224489795918366
0.8888888888888888,-1.0,-0.21539172636930898,-0.42857142857142855
-0.8055555555555556,-1.0,-0.43770565771952413,-0.04081632653061224
0.4722222222222222,0.0,0.18081371675085564,0.08163265306122448
0.8611111111111112,-1.0,0.3712348817502504,0.2857142857142857
0.3611111111111111,0.0,-0.2410996291282864,-0.5510204081632653
0.6388888888888888,0.0,0.4200644898588046,-0.7959183673469388
-0.25,0.0,-0.529862326257057,-0.5102040816326531
0.9722222222222222,-1.0,0.7382107915965092,-0.3877551020408163
0.8333333333333334,0.0,0.7898466990216471,0.2857142857142857
0.2777777777777778,-1.0,-0.38524436814244994,-0.9591836734693877
0.05555555555555555,-1.0,0.8872968184269316,0.7346938775510204
-0.2222222222222222,-1.0,-0.3709817645569899,-0.7142857142857143
0.7222222222222222,-1.0,-0.631043172989094,0.16326530612244897
-0.7777777777777778,-1.0,-0.5317331924681127,-0.1836734693877551
0.8333333333333334,0.0,0.9603376363256187,0.8367346938775511
-0.6944444444444444,-1.0,-0.3341917307713471,-0.5510204081632653
-0.5833333333333334,-1.0,0.5107684858089295,-0.6938775510204082
0.4444444444444444,0.0,-0.1346693519099343,-0.12244897959183673
0.05555555555555555,-1.0,-0.8273960843870712,0.673469387755102
0.9166666666666666,0.0,-0.9628247878767869,-0.42857142857142855
-0.1111111111111111,0.0,-0.7585812231062982,-0.14285714285714285
0.2222222222222222,-1.0,-0.036481891115586515,-0.12244897959183673
1.0,0.0,0.5625254492830181,0.7551020408163265
-0.6388888888888888,0.0,0.28127923228454776,0.8163265306122449
-0.8611111111111112,-1.0,0.42608427702026036,0.061224489795918366
0.2222222222222222,0.0,0.13931350215149615,0.08163265306122448
-0.6666666666666666,-1.0,-0.269151617198763,0.3469387755102041
0.6944444444444444,-1.0,-0.2949365556252545,0.7346938775510204
0.9722222222222222,-1.0,0.883973279628468,0.08163265306122448
0.2777777777777778,-1.0,0.8320952601054288,0.8775510204081632
-0.4166666666666667,-1.0,0.7190949409576634,-0.7142857142857143
0.9722222222222222,0.0,0.2300505133876985,0.46938775510204084
-0.4722222222222222,0.0,-0.9356532074350424,0.0
0.08333333333333333,0.0,0.45602914149251106,0.1836734693877551
-1.0,-1.0,0.9263649069519188,-0.7755102040816326
-0.8055555555555556,-1.0,-0.7320369331000253,0.10204081632653061
0.2777777777777778,0.0,0.011698416366777818,0.08163265306122448
-0.75,0.0,0.9952017784234101,0.46938775510204084
0.16666666666666666,-1.0,-0.3994409411557551,-0.7959183673469388
-0.8333333333333334,0.0,-0.8563504902769983,0.30612244897959184
-0.6944444444444444,-1.0,0.8023704975403612,0.2857142857142857
0.6111111111111112,0.0,-0.08139368527628292,1.0
-0.5833333333333334,-1.0,0.6770664817810647,-0.22448979591836735
-0.3333333333333333,0.0,-0.7944578339771314,0.2857142857142857
-0.1111111111111111,0.0,-0.8422419580265663,0.1836734693877551
-0.7222222222222222,-1.0,-0.18255252181760154,-0.673469387755102
-0.8333333333333334,0.0,0.8554260622668295,0.1836734693877551
0.05555555555555555,-1.0,-0.8976195978738156,0.32653061224489793
0.3888888888888889,0.0,-0.18039552312720789,0.6530612244897959
0.2222222222222222,0.0,-0.40148788889255727,0.0
-0.3611111111111111,0.0,0.24861610925858674,-0.4897959183673469
-0.8888888888888888,0.0,0.3432159089658512,-0.32653061224489793
-0.6944444444444444,0.0,-0.16046529543178492,0.3673469387755102
-0.6666666666666666,0.0,-0.3414660988037461,-0.3673469387755102
0.5,0.0,0.051426810613313965,0.02040816326530612
-0.9166666666666666,0.0,-0.13569282577833536,0.8979591836734694
-0.6666666666666666,0.0,0.6463292504429551,-0.4897959183673469
-0.9722222222222222,-1.0,-0.658687972531282,-0.8571428571428571
0.1388888888888889,-1.0,0.7296598325024486,0.9591836734693877
0.5833333333333334,0.0,-0.021514961427140766,-0.10204081632653061
-0.3888888888888889,-1.0,0.814872285868357,0.7346938775510204
-0.16666666666666666,0.0,-0.8975645723970198,-0.4897959183673469
-0.75,-1.0,0.200479822157659,-0.5510204081632653
0.4722222222222222,-1.0,0.7951291447940396,0.24489795918367346
0.5833333333333334,-1.0,-0.5735745650236059,-0.7346938775510204
0.7777777777777778,-1.0,-0.7760683196319896,0.02040816326530612
0.6111111111111112,-1.0,0.2526879945414727,-0.6938775510204082
0.7777777777777778,-1.0,0.6021878129573993,-0.7755102040816326
-0.9444444444444444,0.0,-0.6336073602077762,0.5918367346938775
-0.4166666666666667,0.0,0.5254162677319599,0.8163265306122449
0.3055555555555556,-1.0,-0.3389019115850639,-0.5102040816326531
0.6388888888888888,0.0,0.9159210714560841,0.5102040816326531
0.8611111111111112,0.0,0.47011566355222467,0.7959183673469388
-0.3611111111111111,0.0,-0.2718478655617551,-0.7959183673469388
0.5,0.0,-0.9378982468883093,0.7959183673469388
-0.5,-1.0,0.8500555757315638,0.5714285714285714
0.8611111111111112,0.0,-0.8542044966819637,-0.5306122448979592
-0.16666666666666666,-1.0,0.5305336370739653,-0.9795918367346939
-0.9444444444444444,0.0,-0.2540856416520849,0.7959183673469388
0.3611111111111111,0.0,-0.41878789879714307,0.673469387755102
0.2777777777777778,0.0,0.008418897949750734,-0.04081632653061224
0.1388888888888889,0.0,-0.2793203253106188,0.08163265306122448
0.027777777777777776,-1.0,-0.16499939471975525,0.22448979591836735
0.0,0.0,-0.6918133095623273,0.04081632653061224
0.8611111111111112,0.0,-0.6257607272167013,-0.7346938775510204
-0.027777777777777776,0.0,0.10802601604542904,-0.20408163265306123
0.8333333333333334,-1.0,-0.6367548174804935,-0.42857142857142855
-0.4444444444444444,-1.0,0.4262163381645702,0.6938775510204082
0.1388888888888889,-1.0,-0.3439862656409918,-0.12244897959183673
-0.3888888888888889,-1.0,-0.9543618695455997,-0.9795918367346939
-0.6111111111111112,-1.0,-0.6491025344734612,-0.12244897959183673
0.3333333333333333,-1.0,-0.8467430420284592,-0.8979591836734694
0.3888888888888889,0.0,-0.3644557430090132,0.7346938775510204
-0.3888888888888889,0.0,0.07689260127439004,0.3469387755102041
-0.4444444444444444,-1.0,0.22850980003741733,-0.5306122448979592
-0.2777777777777778,-1.0,-0.7187867982876072,0.12244897959183673
-0.2777777777777778,-1.0,-0.8953415431344712,1.0
-0.5,-1.0,-0.0593944996533395,-0.22448979591836735
0.5555555555555556,-1.0,0.47251477434051964,0.9387755102040817
0.1388888888888889,-1.0,0.6954559961262065,0.8367346938775511
0.9166666666666666,-1.0,-0.6661164118987091,0.2857142857142857
-0.9166666666666666,-1.0,-0.21530368560643579,-0.7959183673469388
0.19444444444444445,0.0,-0.3760661186129178,-0.6326530612244898
-0.6111111111111112,-1.0,0.8285516193997821,0.9183673469387755
0.05555555555555555,-1.0,0.8574620049082725,0.5102040816326531
-0.6111111111111112,-1.0,-0.5087875686442823,0.5102040816326531
0.6111111111111112,0.0,-0.9176598765228301,-0.14285714285714285
-0.4722222222222222,-1.0,0.46546050821530366,0.5510204081632653
-0.08333333333333333,0.0,-0.8967171800543652,0.08163265306122448
-0.9166666666666666,0.0,0.061683559488042966,0.08163265306122448
0.25,-1.0,0.6875323274676175,-0.9183673469387755
0.5277777777777778,0.0,-0.7643368879791343,1.0
0.6111111111111112,0.0,0.3669208843694631,0.6326530612244898
-0.1388888888888889,0.0,0.8697106760430079,-0.3877551020408163
0.3055555555555556,-1.0,-0.34808016111459605,-0.2653061224489796
-0.1388888888888889,0.0,0.21012028569227553,-0.7755102040816326
0.1111111111111111,-1.0,0.6690327621688842,-0.9795918367346939
-0.25,-1.0,-0.8472052560335436,0.7346938775510204
-0.5,0.0,0.7836288201437266,-0.5306122448979592
-0.16666666666666666,0.0,-0.8054409191455644,-0.8979591836734694
0.6111111111111112,-1.0,0.36118722968734523,-0.6326530612244898
0.4722222222222222,-1.0,0.5413186305259335,-0.5510204081632653
0.08333333333333333,-1.0,-0.7717763324419206,-0.02040816326530612
-0.8888888888888888,-1.0,-0.4045473054024013,-0.32653061224489793
-0.16666666666666666,-1.0,-0.24607393223062277,-0.3469387755102041
0.9444444444444444,-1.0,-0.334323791915657,-0.20408163265306123
0.5833333333333334,0.0,-0.5301814740224724,0.2653061224489796
-0.19444444444444445,-1.0,0.9885106804450461,-0.4489795918367347
-0.4444444444444444,0.0,0.5566047079797947,0.40816326530612246
0.7777777777777778,-1.0,-0.27193590632462833,0.30612244897959184
-0.9722222222222222,-1.0,0.42558904772909856,0.8571428571428571
-0.9722222222222222,0.0,-0.2137409620654363,-0.04081632653061224
-0.4722222222222222,-1.0,0.7467727557859288,-0.08163265306122448
-0.4444444444444444,-1.0,-0.5861313788283975,-0.10204081632653061
0.4166666666666667,0.0,0.6756468244797341,-0.3673469387755102
-0.6944444444444444,-1.0,-0.9223370420504694,-0.5306122448979592
0.0,-1.0,0.12381832788581112,-0.3673469387755102
0.5,0.0,-0.91532679630669,0.08163265306122448
-0.8888888888888888,-1.0,0.7961856339485182,0.7346938775510204
0.8888888888888888,0.0,0.29091969581916427,0.24489795918367346
-0.8888888888888888,-1.0,0.019776156360394863,0.20408163265306123
-0.1111111111111111,-1.0,-0.16781669913169797,1.0
0.4166666666666667,0.0,0.15883654131863054,-0.08163265306122448
-0.6944444444444444,-1.0,0.45792201789428505,0.16326530612244897
-0.5277777777777778,-1.0,0.24129772084475112,-0.5306122448979592
0.5555555555555556,-1.0,-0.15492973246613181,-0.40816326530612246
0.3611111111111111,-1.0,0.2924053836926497,-0.7142857142857143
-0.2777777777777778,-1.0,-0.2117710499961482,-0.9795918367346939
-0.3333333333333333,0.0,-0.34719975348586396,-0.3469387755102041
0.6111111111111112,-1.0,-0.4069023958092597,-0.30612244897959184
-0.4166666666666667,0.0,0.16746453608020515,-0.6530612244897959
0.05555555555555555,-1.0,-0.6033433479701101,0.30612244897959184
0.05555555555555555,-1.0,0.4311026005040334,0.46938775510204084
-0.1388888888888889,-1.0,-0.696149317133833,0.673469387755102
-1.0,0.0,0.44326323087589553,0.04081632653061224
0.0,-1.0,-0.27640397504044373,-0.9387755102040817
-0.7777777777777778,-1.0,0.061859641013789386,0.8163265306122449
-0.9444444444444444,-1.0,0.28329316473527244,-0.7346938775510204
0.1111111111111111,-1.0,-0.36759219518637126,-0.02040816326530612
-0.1111111111111111,0.0,0.5681050326301077,0.8775510204081632
-0.9166666666666666,-1.0,-0.28814641178865813,0.14285714285714285
-0.6111111111111112,-1.0,0.10607811416685925,0.2857142857142857
0.8333333333333334,-1.0,-0.7869743691329085,-0.6326530612244898
-0.027777777777777776,0.0,0.6592272222038804,0.20408163265306123
-0.8611111111111112,-1.0,0.5011610375603904,0.1836734693877551
-0.027777777777777776,-1.0,0.768749931218154,0.3469387755102041
-0.1388888888888889,-1.0,-0.7374404349213686,0.5102040816326531
0.2222222222222222,0.0,-0.4928852058503087,0.22448979591836735
-0.8888888888888888,-1.0,0.48010829013833406,0.9183673469387755
-0.9722222222222222,0.0,0.864912454466418,-0.7346938775510204
0.5555555555555556,-1.0,0.25589047729098574,-0.8571428571428571
-0.7222222222222222,-1.0,0.45656839116510944,0.12244897959183673
0.4166666666666667,-1.0,-0.908778764567995,0.16326530612244897
0.4444444444444444,-1.0,-0.26982292801567126,0.46938775510204084
0.5,-1.0,-0.24051635907425137,-0.7959183673469388
0.0,0.0,0.7094324672323286,-0.8163265306122449
-0.5833333333333334,-1.0,-0.9428175245138499,0.22448979591836735
-0.1111111111111111,-1.0,-0.21250839138521135,0.5510204081632653
-0.4166666666666667,0.0,-0.7934013448226529,0.7755102040816326
-0.8611111111111112,-1.0,0.6001408652205972,-0.5510204081632653
0.5,0.0,-0.02018334488868346,0.16326530612244897
-0.3333333333333333,0.0,0.3038396777708079,0.30612244897959184
0.19444444444444445,-1.0,-0.12401641960227586,-0.6122448979591837
-0.9166666666666666,0.0,0.1948121980476961,-0.08163265306122448
0.9722222222222222,0.0,-0.6639814233990338,-0.3877551020408163
-0.027777777777777776,-1.0,0.5718027446707826,0.30612244897959184
-0.027777777777777776,0.0,-0.4655265387874586,0.1836734693877551
0.3333333333333333,0.0,0.7760793247273488,-0.5306122448979592
1.0,-1.0,0.6095502217526715,-0.9387755102040817
-0.9722222222222222,0.0,0.8143000209096812,-1.0
0.5555555555555556,-1.0,-0.6396491575599502,-0.5306122448979592
0.7777777777777778,0.0,0.5777895165461608,0.0
-0.2222222222222222,0.0,0.3029922854281532,0.3877551020408163
0.9444444444444444,-1.0,-0.4671002674238172,-0.9387755102040817
-0.5277777777777778,0.0,-0.3393531204947891,-0.9387755102040817
0.7222222222222222,0.0,0.672950576116742,-0.4897959183673469
-0.027777777777777776,-1.0,-0.7604961096987906,-0.6530612244897959
0.8333333333333334,-1.0,0.5275182409455578,-0.6938775510204082
0.1388888888888889,-1.0,0.5055850858947692,0.40816326530612246
0.1111111111111111,-1.0,-0.635412195846677,-0.6122448979591837
0.2222222222222222,0.0,-0.8202317673082637,-0.40816326530612246
0.2777777777777778,0.0,0.27048323373722033,0.6530612244897959
-0.8055555555555556,0.0,-0.048532470533857175,-0.8367346938775511
0.1111111111111111,0.0,0.6240219221499554,-0.2653061224489796
-0.25,0.0,-0.8892447203055015,-0.5306122448979592
-0.2777777777777778,0.0,0.05454125259995378,-0.20408163265306123
-0.2777777777777778,-1.0,0.5543926838126052,-1.0204081632653061
-0.25,0.0,-0.7870624098957818,0.9387755102040817
0.5,-1.0,-0.45596311092035613,-0.6938775510204082
0.7222222222222222,-1.0,-0.34207137904849944,-0.12244897959183673
-0.7777777777777778,-1.0,-0.5250310893943896,1.0
0.7222222222222222,-1.0,-0.7001001463677683,-0.7346938775510204
-0.8888888888888888,0.0,-0.17772128495493414,0.9387755102040817
-0.3055555555555556,0.0,-4.402038143660515e-05,0.9387755102040817
-0.8333333333333334,0.0,0.8397768166661164,0.7551020408163265
-0.7222222222222222,-1.0,-0.9411337449238998,0.2653061224489796
-0.6111111111111112,0.0,-0.05625804747598138,0.08163265306122448
-0.9722222222222222,0.0,-0.20821640419514234,-0.673469387755102
0.8055555555555556,-1.0,0.5569348608405692,0.5714285714285714
-0.6388888888888888,0.0,-0.21771380149008993,-0.3673469387755102
0.7222222222222222,0.0,0.3384176873892612,-0.42857142857142855
0.5277777777777778,-1.0,-0.6964024343270935,-0.5918367346938775
-0.7777777777777778,0.0,0.7469818525977527,0.7959183673469388
-0.8333333333333334,0.0,0.37979684593967006,0.6938775510204082
-0.9166666666666666,-1.0,-0.4787106430277218,-0.24489795918367346
0.4722222222222222,-1.0,0.35058932285648253,-0.5102040816326531
-0.2222222222222222,-1.0,0.9291381909824249,0.0
-0.6944444444444444,0.0,0.5726831522995147,-0.4897959183673469
0.6111111111111112,-1.0,0.8784597268535332,-0.22448979591836735
0.6111111111111112,-1.0,-0.37088271869875755,-0.7551020408163265
0.9444444444444444,0.0,-0.19257816368978836,0.42857142857142855
-0.19444444444444445,0.0,0.13214918507268866,-0.20408163265306123
0.8333333333333334,-1.0,0.8451473032013822,-0.12244897959183673
-0.4722222222222222,0.0,0.05394697745055961,-1.0
0.1388888888888889,-1.0,-0.7625650676263109,0.3877551020408163
0.4166666666666667,0.0,0.4631824534759594,-0.4897959183673469
0.8888888888888888,0.0,0.7350413241330737,0.9591836734693877
0.8055555555555556,-1.0,0.035634498772931865,0.6122448979591837
0.8611111111111112,0.0,-0.8447951401498894,-0.10204081632653061
0.8055555555555556,-1.0,-0.30393872362904023,-0.2653061224489796
-0.2777777777777778,0.0,-0.30492918221136384,1.0
-0.3333333333333333,-1.0,-0.5005557573156372,-0.22448979591836735
-0.3611111111111111,0.0,0.30423586120373736,0.2857142857142857
-0.8888888888888888,0.0,0.5803206884787657,-0.5918367346938775
0.8888888888888888,0.0,-0.45892348157196783,0.4489795918367347
-0.6111111111111112,0.0,-0.08955946603277318,0.6326530612244898
-0.8055555555555556,0.0,0.09448974875367296,0.30612244897959184
-0.027777777777777776,-1.0,0.6882366535706032,-0.16326530612244897
-0.5555555555555556,-1.0,-0.9047508996665456,0.22448979591836735
0.08333333333333333,0.0,0.8246228003565651,-0.4897959183673469
-0.027777777777777776,-1.0,-0.9648057050414341,0.7142857142857143
-0.5,0.0,0.5937909251983668,0.8163265306122449
0.75,-1.0,-0.2929776486513256,-0.40816326530612246
-0.8055555555555556,0.0,-0.9697910132391298,-1.0
0.7222222222222222,0.0,0.6347628952204871,-0.08163265306122448
0.8888888888888888,0.0,-0.03946427195791651,-0.2857142857142857
0.1388888888888889,-1.0,0.6627488527188088,0.14285714285714285
-0.19444444444444445,0.0,0.590599447544213,-0.8571428571428571
0.75,0.0,0.27167178403600867,0.4897959183673469
-0.6944444444444444,0.0,-0.7512848448831809,0.8163265306122449
0.1111111111111111,0.0,-0.2883775187912003,0.8979591836734694
-0.3611111111111111,0.0,-0.6246932329668636,-0.6530612244897959
0.05555555555555555,-1.0,-0.7027193590632462,-1.0204081632653061
-0.5,0.0,0.8280233748225428,0.0
-0.3888888888888889,0.0,-0.3850572815213444,0.02040816326530612
-0.7777777777777778,-1.0,0.01677176532734656,-0.7346938775510204
0.8611111111111112,0.0,-0.709531513090561,-0.7755102040816326
-0.6666666666666666,-1.0,-0.4037879538226199,0.4489795918367347
-0.6111111111111112,0.0,0.18036250784113045,0.3877551020408163
1.0,-1.0,-0.9160091122189574,0.5102040816326531
-0.4166666666666667,0.0,0.442206741721417,-0.9591836734693877
0.5833333333333334,-1.0,0.00812176037505365,0.7346938775510204
0.05555555555555555,-1.0,-0.8199566399242849,-0.08163265306122448
0.3611111111111111,0.0,-0.9791123290083309,0.8775510204081632
0.2777777777777778,-1.0,0.3455820044680687,-1.0204081632653061
0.1388888888888889,-1.0,-0.24693232966863657,-0.9795918367346939
-0.5833333333333334,-1.0,-0.012842946284129552,-0.08163265306122448
-0.8055555555555556,-1.0,0.020898676087028296,-0.7142857142857143
-0.8611111111111112,-1.0,-0.6651479635071038,0.8367346938775511
-0.8055555555555556,0.0,-0.18733973829883235,-0.04081632653061224
0.8055555555555556,0.0,-0.1584623680764194,-0.5714285714285714
-0.6944444444444444,-1.0,-0.5985011060120836,0.5510204081632653
-0.3333333333333333,0.0,-0.8511560852674789,0.4897959183673469
-0.5555555555555556,-1.0,-0.33696501480185326,-0.061224489795918366
-0.2222222222222222,0.0,0.8477224955154237,0.9591836734693877
-0.2777777777777778,0.0,-0.5100201393245073,0.7959183673469388
-0.027777777777777776,0.0,0.015121001023473869,-0.4897959183673469
0.6666666666666666,-1.0,-0.5514103029702753,0.3469387755102041
-0.8888888888888888,-1.0,-0.28908184489418604,0.9387755102040817
-0.6388888888888888,0.0,-0.3680434040960965,-0.6530612244897959
0.1111111111111111,0.0,0.24536960612763709,-0.7959183673469388
-0.9722222222222222,0.0,-0.5400970649410677,0.42857142857142855
0.16666666666666666,0.0,-0.004556109478688633,0.6938775510204082
-0.9166666666666666,-1.0,-0.49469004148920953,0.9591836734693877
-0.5833333333333334,-1.0,0.6294254239712987,0.0
0.2777777777777778,0.0,0.11269217647770918,0.14285714285714285
-0.8333333333333334,-1.0,-0.9466472976988346,0.1836734693877551
0.19444444444444445,-1.0,0.4633145146202692,0.5102040816326531
-0.5277777777777778,-1.0,0.4133183664036449,-0.30612244897959184
0.9722222222222222,0.0,0.9212805528959909,-0.6326530612244898
-0.3055555555555556,-1.0,-0.7688269668856681,-0.7959183673469388
0.1388888888888889,-1.0,0.17175652327027413,-0.14285714285714285
0.8055555555555556,0.0,-0.7108301143429407,0.061224489795918366
-0.6388888888888888,-1.0,-0.467232328568127,0.9183673469387755
0.6388888888888888,0.0,-0.05838203088029758,-1.0204081632653061
0.6944444444444444,0.0,0.6495867586692639,-0.061224489795918366
0.6388888888888888,-1.0,0.523391330185876,1.0
-0.5,0.0,0.42631538402280256,0.6326530612244898
0.2222222222222222,-1.0,0.4020381436605148,-0.9387755102040817
0.8055555555555556,0.0,-0.5444550827032916,0.08163265306122448
-0.7777777777777778,-1.0,0.01733302519066328,0.08163265306122448
0.05555555555555555,0.0,-0.4487657785554712,0.7755102040816326
-0.6111111111111112,0.0,0.6782660371752122,0.7142857142857143
-0.2777777777777778,-1.0,-0.2260776739630449,0.9183673469387755
-0.7222222222222222,0.0,-0.38425390956012634,0.10204081632653061
0.5277777777777778,0.0,0.20024871515511683,0.9591836734693877
-0.8055555555555556,0.0,0.7921907843331463,-1.0204081632653061
0.4444444444444444,-1.0,-0.6627818680048863,-0.32653061224489793
-0.6388888888888888,0.0,-0.5328226969086687,0.30612244897959184
0.3888888888888889,0.0,0.0834516381084442,-0.3673469387755102
0.7777777777777778,0.0,0.6219749744131533,-0.46938775510204084
-0.1388888888888889,0.0,0.41099629128286397,-0.3469387755102041
-0.16666666666666666,-1.0,-0.3803581058029868,0.30612244897959184
-0.6944444444444444,-1.0,-0.8196264870635104,0.6326530612244898
0.4166666666666667,0.0,0.1038991052857473,0.9183673469387755
0.75,-1.0,-0.9216107057567654,0.3877551020408163
-0.4722222222222222,0.0,-0.20995520926188826,0.20408163265306123
0.8055555555555556,0.0,0.3419723331902671,0.4489795918367347
-0.8611111111111112,-1.0,0.22403072622624276,0.2857142857142857
0.8611111111111112,0.0,-0.7655254382779226,0.7959183673469388
-0.4166666666666667,0.0,0.3435460618266257,0.673469387755102
0.5277777777777778,-1.0,-0.26565199687455293,0.30612244897959184
-0.6944444444444444,0.0,0.9682833151749259,0.4897959183673469
-0.027777777777777776,0.0,-0.4843672620423256,-0.42857142857142855
0.3611111111111111,-1.0,0.5918760386058746,0.08163265306122448
-0.6666666666666666,0.0,0.9045638130454401,-0.5714285714285714
-0.3333333333333333,-1.0,0.020645558893767815,0.7142857142857143
-0.5277777777777778,-1.0,0.5988312588728582,0.8571428571428571
0.6388888888888888,0.0,-0.1332717047993221,0.9795918367346939
-0.2222222222222222,-1.0,0.10302970275237434,-0.16326530612244897
0.3333333333333333,0.0,0.8550518890246184,-0.16326530612244897
0.1111111111111111,0.0,0.714560841669693,0.08163265306122448
-1.0,0.0,-0.8604443857506026,-0.8571428571428571
-0.2777777777777778,-1.0,0.7057457602870129,-0.46938775510204084
0.6944444444444444,-1.0,-0.5682480988697767,-0.2653061224489796
0.1111111111111111,-1.0,-0.04724487437683648,-0.7346938775510204
-0.1388888888888889,-1.0,-0.8428692484620379,0.7346938775510204
0.16666666666666666,0.0,0.15173825481197795,0.9183673469387755
-0.25,0.0,0.3869501579231184,0.2857142857142857
-0.8333333333333334,-1.0,0.977813727755951,-0.7346938775510204
-0.7777777777777778,-1.0,-0.07378916438310938,0.7346938775510204
-0.75,-1.0,-0.026654340959864416,-0.20408163265306123
0.6944444444444444,0.0,0.7940726556395611,0.16326530612244897
0.7222222222222222,0.0,0.6497298249089328,-0.5306122448979592
-0.9166666666666666,-1.0,-0.9203010994090264,0.02040816326530612
-1.0,0.0,0.7165527639296995,0.08163265306122448
-0.3888888888888889,0.0,0.5590698493402445,0.30612244897959184
-0.9166666666666666,-1.0,-0.40745265057721725,0.8367346938775511
0.6944444444444444,-1.0,-0.1000803371961218,-0.8979591836734694
0.25,0.0,-0.4371554029515666,-0.32653061224489793
-0.3611111111111111,-1.0,-0.5677968899600515,-0.22448979591836735
-0.3333333333333333,0.0,-0.3549473406187065,-0.24489795918367346
-0.3611111111111111,0.0,-0.6644326323087589,-0.22448979591836735
0.8611111111111112,0.0,0.13849912509491893,0.4489795918367347
0.4166666666666667,0.0,0.73171778533461,-0.30612244897959184
-0.4166666666666667,-1.0,-0.4625441579451286,-0.5510204081632653
-0.9444444444444444,0.0,0.9668196374921588,0.8163265306122449
-0.05555555555555555,-1.0,0.26469455357830673,0.12244897959183673
0.8888888888888888,0.0,-0.4420746805771072,-0.2857142857142857
1.0,0.0,0.07459253634432743,-0.02040816326530612
0.0,0.0,-0.20662066536806542,-0.46938775510204084
-0.19444444444444445,-1.0,-0.1543244522213785,0.30612244897959184
-1.0,0.0,-0.6036294804494481,0.2857142857142857
-0.8611111111111112,-1.0,-0.2412757106540328,0.30612244897959184
-0.75,0.0,0.7706318025245689,-0.30612244897959184
0.7777777777777778,-1.0,0.7419855393046981,0.10204081632653061
0.8055555555555556,-1.0,-0.08368274511098639,-0.3877551020408163
-0.3888888888888889,-1.0,0.6308450812726293,-0.3673469387755102
-0.8888888888888888,-1.0,0.8828727700925528,-0.02040816326530612
-0.2222222222222222,-1.0,0.9243509745011941,-0.7959183673469388
0.0,-1.0,-0.3569942883555086,-0.8571428571428571
-0.9166666666666666,-1.0,0.4051635907425138,0.5306122448979592
0.1111111111111111,0.0,-0.18002134988499674,-0.4489795918367347
0.7222222222222222,0.0,-0.832249331440457,-0.5714285714285714
-0.5,-1.0,-0.823599326488164,0.02040816326530612
-0.027777777777777776,-1.0,-0.7962846798067506,-0.6530612244897959
-0.9444444444444444,0.0,0.33881387082219067,0.8163265306122449
0.3333333333333333,-1.0,0.5194184907612225,0.5918367346938775
-0.8611111111111112,0.0,0.449261007846633,-0.8571428571428571
0.2777777777777778,0.0,0.34290776629579495,0.7551020408163265
-0.6111111111111112,-1.0,-0.08991162908426602,0.16326530612244897
0.027777777777777776,0.0,-0.2145553391220135,-0.2653061224489796
-0.8888888888888888,0.0,0.9713757469708475,0.5102040816326531
-0.08333333333333333,0.0,0.05182299404624341,-0.2857142857142857
-0.3055555555555556,-1.0,-0.7552686894031937,-0.9387755102040817
-0.5277777777777778,-1.0,-0.41818261855238975,-0.7346938775510204
-0.3333333333333333,0.0,-0.09360934112494085,0.20408163265306123
-0.5,-1.0,-0.9348058150923878,-0.7755102040816326
-0.08333333333333333,-1.0,0.5873639495086225,0.2653061224489796
-0.4722222222222222,-1.0,0.7350633343237919,0.04081632653061224
0.4722222222222222,-1.0,0.7193920785323605,-1.0204081632653061
-0.027777777777777776,0.0,0.7971100619586868,0.3877551020408163
-0.16666666666666666,-1.0,-0.8099860235288939,-0.5918367346938775
0.027777777777777776,0.0,-0.03395071918298172,0.42857142857142855
0.6111111111111112,0.0,-0.48559983272255053,0.6122448979591837
0.16666666666666666,0.0,0.7520331913676032,0.8979591836734694
-0.8055555555555556,0.0,0.7537169709575533,-0.9591836734693877
0.6388888888888888,0.0,0.11028206059405504,0.20408163265306123
0.2222222222222222,-1.0,0.11984548846115751,0.1836734693877551
0.6944444444444444,-1.0,-0.9209504000352163,-0.7346938775510204
0.6388888888888888,-1.0,-0.5741028096008451,-1.0204081632653061
0.2222222222222222,-1.0,-0.17875576391869435,0.8163265306122449
0.3055555555555556,-1.0,-0.7862590379345638,0.22448979591836735
-0.8055555555555556,-1.0,-0.8394356587099827,-1.0204081632653061
-0.027777777777777776,0.0,-0.13749766141723618,0.12244897959183673
0.8611111111111112,-1.0,-0.1939538006096823,-0.5102040816326531
0.9444444444444444,0.0,0.0021790088811119547,0.08163265306122448
0.5277777777777778,-1.0,0.47915084684208786,-1.0204081632653061
-0.5,0.0,0.6713878525757425,1.0
0.16666666666666666,0.0,0.08535551960557738,0.3469387755102041
-0.6666666666666666,0.0,-0.775143891621821,0.42857142857142855
1.0,0.0,-0.5095469202240638,-0.4489795918367347
0.8611111111111112,-1.0,-0.6623086489044427,0.9387755102040817
0.5833333333333334,0.0,-0.81457514829366,0.12244897959183673
-0.7222222222222222,-1.0,0.4564913554975954,-0.8367346938775511
-0.4722222222222222,-1.0,-0.061815620632352776,0.9591836734693877
0.5555555555555556,-1.0,0.7970220211958137,-0.1836734693877551
-0.6944444444444444,0.0,-0.8513761871746619,0.5102040816326531
0.1111111111111111,-1.0,0.1264925660580849,-0.04081632653061224
-0.6944444444444444,0.0,-0.560126338494723,1.0
0.2777777777777778,0.0,0.9389107156613512,0.9387755102040817
0.4166666666666667,-1.0,0.9473186085157428,0.5510204081632653
0.3888888888888889,-1.0,0.8267247735701629,0.2857142857142857
0.1388888888888889,-1.0,0.1970462324056038,-0.42857142857142855
-0.19444444444444445,0.0,-0.5643302849219188,-0.30612244897959184
-0.75,-1.0,-0.6665346055223569,-0.20408163265306123
0.8333333333333334,0.0,0.9661923470566872,0.22448979591836735
-0.4722222222222222,-1.0,0.2859453927168279,-0.7142857142857143
-0.3611111111111111,-1.0,-0.3471667381997865,-0.8367346938775511
0.4166666666666667,0.0,0.9215006548031739,0.46938775510204084
-0.5277777777777778,-1.0,-0.7984746937832217,0.42857142857142855
0.8611111111111112,-1.0,-0.29996588420438663,-0.6938775510204082
0.05555555555555555,0.0,0.28134526285670264,-0.8979591836734694
0.08333333333333333,-1.0,0.8566806431377728,0.10204081632653061
0.16666666666666666,-1.0,0.8873628489990866,-0.10204081632653061
-0.1111111111111111,0.0,0.4356477048873629,0.20408163265306123
1.0,-1.0,0.906159551872517,0.2857142857142857
-0.9444444444444444,0.0,0.5861313788283975,0.4489795918367347
0.9166666666666666,-1.0,-0.2099001837850925,-0.3469387755102041
-0.5555555555555556,0.0,-0.13267742964992793,-0.46938775510204084
1.0,0.0,-0.3037296268172164,-0.20408163265306123
1.0,0.0,-0.258531700177182,-0.8979591836734694
-0.7222222222222222,0.0,-0.12227761453552995,0.9795918367346939
-0.75,0.0,0.3907249056313073,0.3673469387755102
-0.3611111111111111,0.0,-0.3018697657015198,-0.061224489795918366
0.2777777777777778,0.0,-0.8827627191389613,-0.9183673469387755
-0.6944444444444444,0.0,0.7036988125502107,0.10204081632653061
0.3055555555555556,-1.0,-0.8178436616153278,-0.6326530612244898
0.08333333333333333,-1.0,0.6164614216382185,0.40816326530612246
0.6388888888888888,-1.0,0.017498101621050546,-0.8775510204081632
-0.8055555555555556,0.0,0.8237754080139105,0.3673469387755102
0.5277777777777778,0.0,-0.05197706538127153,-0.8571428571428571
-0.8055555555555556,0.0,-0.9398681589575973,-0.6530612244897959
0.75,-1.0,-0.7894505155887176,-0.9387755102040817
-0.5833333333333334,0.0,0.17103018697657016,0.7551020408163265
-0.5555555555555556,0.0,0.03516127967248836,1.0
0.7777777777777778,0.0,-0.9086687136144035,-0.6530612244897959
-0.3055555555555556,0.0,0.972575302364995,-0.2653061224489796
0.6944444444444444,-1.0,0.8520144827054926,0.061224489795918366
0.8055555555555556,-1.0,0.42780107189628797,-0.8571428571428571
0.8055555555555556,0.0,-0.2987993440963166,-0.8979591836734694
0.0,-1.0,-0.5870998272200029,0.8775510204081632
-0.4166666666666667,-1.0,-0.07094984978044835,-0.5102040816326531
0.6944444444444444,0.0,0.07178623702774385,-0.7551020408163265
-0.5277777777777778,0.0,-0.3720382537114684,-0.1836734693877551
-0.19444444444444445,0.0,-0.12388435845796604,-0.3673469387755102
-0.8333333333333334,0.0,-0.43816787172460847,0.2857142857142857
0.5555555555555556,0.0,-0.45040553776398473,0.3469387755102041
0.2777777777777778,-1.0,0.2162281136166045,-0.9183673469387755
-0.2777777777777778,-1.0,0.3524491839721791,-1.0204081632653061
-1.0,0.0,0.8326014944919498,0.9183673469387755
0.4722222222222222,-1.0,-0.5767880528684781,0.14285714285714285
0.25,0.0,-0.5415607426238348,-0.10204081632653061
0.7777777777777778,-1.0,0.0036867069453156813,0.8775510204081632
0.08333333333333333,0.0,-0.5055740807994101,-0.30612244897959184
0.5,0.0,0.11174573827682217,-0.2653061224489796
-0.75,0.0,-0.3979992736637063,0.8979591836734694
-0.4444444444444444,0.0,-0.9708915227750449,-0.7755102040816326
-0.1111111111111111,0.0,0.709465482518406,0.14285714285714285
0.8888888888888888,-1.0,0.5671695995245799,-0.7142857142857143
-0.1111111111111111,0.0,-0.26808412294892536,0.16326530612244897
-0.8333333333333334,-1.0,-0.5619531843243422,-0.061224489795918366
0.027777777777777776,-1.0,0.817117325321624,0.3469387755102041
-0.6388888888888888,-1.0,0.4536850561810118,-0.061224489795918366
-0.4722222222222222,0.0,0.18951874717994432,0.2857142857142857
0.75,-1.0,0.47586032332970163,-0.8163265306122449
-0.027777777777777776,0.0,0.07444947010465845,-0.5918367346938775
0.5277777777777778,0.0,0.3311213091661439,0.5102040816326531
0.7222222222222222,0.0,0.261657147259181,-0.7755102040816326
-0.8055555555555556,-1.0,0.9634740885029769,-0.673469387755102
-0.19444444444444445,0.0,0.6461641740125679,-0.7142857142857143
0.2777777777777778,-1.0,-0.7537059658621942,0.6122448979591837
-0.3055555555555556,-1.0,0.42624935345064763,-1.0204081632653061
-0.1388888888888889,0.0,0.030385068286616704,-0.6938775510204082
1.0,-1.0,0.3150758801325014,-0.46938775510204084
-0.5,0.0,0.41275710654032816,1.0
-0.7222222222222222,-1.0,-0.06455588937678144,-0.9387755102040817
0.5833333333333334,0.0,-0.5764248847216261,0.8775510204081632
-0.16666666666666666,-1.0,0.9327698724509448,0.2653061224489796
-0.05555555555555555,0.0,-0.5338681809677881,0.24489795918367346
0.6111111111111112,0.0,0.7891313678233022,-0.5306122448979592
0.05555555555555555,-1.0,-0.41696105296752395,0.6122448979591837
-0.4444444444444444,0.0,0.6564319279826559,0.14285714285714285
0.3333333333333333,0.0,-0.6517657675503759,-0.4489795918367347
-0.7777777777777778,-1.0,0.3188176125546128,-0.5510204081632653
-0.4166666666666667,0.0,0.3761431542804318,0.32653061224489793
0.8888888888888888,0.0,0.7012997017619158,0.673469387755102
0.6388888888888888,-1.0,0.20612543607690362,0.5510204081632653
0.6944444444444444,0.0,0.7428109214566344,-0.7755102040816326
-0.6666666666666666,0.0,-0.6510284261613127,0.7346938775510204
-0.5,0.0,0.7112593130619477,-0.22448979591836735
0.05555555555555555,-1.0,-0.10266653460552236,-0.5714285714285714
0.4444444444444444,-1.0,0.5066415750492478,0.16326530612244897
0.4722222222222222,-1.0,-0.7131852047497992,0.10204081632653061
-0.6666666666666666,0.0,0.5012380732279045,0.20408163265306123
0.5,0.0,-0.13213817997732952,-0.46938775510204084
0.3611111111111111,-1.0,0.9922964332485941,-0.02040816326530612
0.8888888888888888,-1.0,0.693321007626531,-0.02040816326530612
0.3888888888888889,-1.0,-0.6206213476839777,0.0
0.6111111111111112,0.0,0.6614062310849923,1.0
-0.19444444444444445,0.0,0.2800246514136045,-0.4489795918367347
-0.3333333333333333,-1.0,-0.30251906632770975,-0.8775510204081632
-0.9444444444444444,-1.0,0.20033675591799002,0.5306122448979592
0.08333333333333333,0.0,0.8265486920444166,-0.6122448979591837
-0.6666666666666666,0.0,0.4413373391880441,-0.20408163265306123
0.7777777777777778,0.0,0.2969174727899017,-0.3877551020408163
0.9166666666666666,-1.0,0.48579792443901526,-0.5918367346938775
0.027777777777777776,-1.0,0.49366656762080846,0.22448979591836735
0.3055555555555556,0.0,0.700738441898599,-0.9183673469387755
-0.2222222222222222,-1.0,0.8847876566850452,-0.7346938775510204
-0.5833333333333334,-1.0,-0.18089075241836972,-0.04081632653061224
-0.75,0.0,0.4231899369408036,-0.061224489795918366
-0.9166666666666666,0.0,-0.8971243685826538,-0.1836734693877551
0.3333333333333333,-1.0,-0.044768727921027436,-0.673469387755102
0.75,-1.0,-0.9607338197585482,0.3673469387755102
0.7222222222222222,0.0,0.004886262339463172,0.10204081632653061
0.5555555555555556,0.0,-0.7158484378267138,0.5102040816326531
-0.2777777777777778,0.0,0.2188033059306459,-0.3469387755102041
0.7222222222222222,0.0,-0.7464426029251543,0.6530612244897959
-0.6388888888888888,0.0,-0.27958444759923845,-0.7551020408163265
0.16666666666666666,0.0,-0.376660393762312,-0.3877551020408163
0.8333333333333334,0.0,-0.5391836420262581,0.40816326530612246
0.5277777777777778,-1.0,0.3799509172746982,0.8163265306122449
0.3333333333333333,0.0,-0.1453552995036702,-1.0
0.08333333333333333,0.0,0.06515016452617561,-0.08163265306122448
0.5,-1.0,-0.8669924174892976,0.5510204081632653
0.16666666666666666,0.0,-0.8816842197937645,-0.04081632653061224
-0.75,0.0,0.7206576644986629,-0.4897959183673469
0.6388888888888888,0.0,0.27005403501821346,0.5510204081632653
0.8055555555555556,0.0,0.9117391352196067,-0.40816326530612246
0.1111111111111111,-1.0,0.3064809006570042,-1.0204081632653061
0.5277777777777778,0.0,0.5323274676175069,0.6938775510204082
0.3611111111111111,0.0,-0.33430178172493863,0.2857142857142857
-0.3333333333333333,-1.0,-0.837421726259258,-0.30612244897959184
-0.9444444444444444,-1.0,0.7697293847051184,-0.3673469387755102
-0.16666666666666666,0.0,0.7915084684208789,0.6530612244897959
0.027777777777777776,0.0,0.08090946108048026,-0.9183673469387755
0.6944444444444444,0.0,-0.4367372093279188,-0.9183673469387755
-0.8611111111111112,-1.0,0.434932373689018,0.3469387755102041
-0.6388888888888888,0.0,-0.19409686684935126,-1.0
0.6111111111111112,-1.0,-0.630757040509756,0.42857142857142855
-0.2222222222222222,-1.0,-0.7814608163579737,0.7551020408163265
0.6388888888888888,-1.0,0.04856548581993463,0.061224489795918366
-0.6944444444444444,-1.0,-0.030660195670595487,0.46938775510204084
0.05555555555555555,0.0,0.6687576347849055,-1.0
-0.7222222222222222,0.0,0.19260017388050668,-0.6122448979591837
0.6944444444444444,0.0,-0.3594924450020359,0.32653061224489793
0.0,-1.0,0.11706119933529224,0.10204081632653061
0.3055555555555556,-1.0,-0.9411887704006955,-0.32653061224489793
0.3055555555555556,-1.0,-0.168036801038881,-0.8979591836734694
0.9166666666666666,0.0,-0.031551608394686737,0.6326530612244898
-0.6388888888888888,-1.0,-0.0876775947263583,-0.10204081632653061
-0.6666666666666666,0.0,-0.6412448963870272,-0.8775510204081632
0.6944444444444444,0.0,0.03104537400816578,-0.2653061224489796
0.25,-1.0,0.39276084827275026,0.8571428571428571
-0.3611111111111111,0.0,0.13612202449734226,0.3469387755102041
-0.3333333333333333,0.0,0.3209966214357247,0.08163265306122448
-0.05555555555555555,-1.0,-0.881640199412328,0.5102040816326531
0.1111111111111111,-1.0,-0.9678761266466374,-0.1836734693877551
0.8333333333333334,-1.0,0.580199632429815,-0.8367346938775511
-0.1111111111111111,-1.0,-0.4033037296268172,-0.6122448979591837
-0.4722222222222222,0.0,-0.185567917946009,-0.3877551020408163
-0.3888888888888889,-1.0,0.4105120670870613,0.16326530612244897
-0.08333333333333333,0.0,-0.35404492279925603,0.22448979591836735
-0.9444444444444444,0.0,0.4243014515720779,0.9795918367346939
-0.3888888888888889,0.0,0.13064148700848494,0.8367346938775511
-0.8055555555555556,0.0,-0.7112703181573068,0.42857142857142855
-0.4444444444444444,-1.0,-0.7258960898896188,0.02040816326530612
-0.5277777777777778,-1.0,0.44380248054849397,-0.3673469387755102
-0.5555555555555556,-1.0,0.11127251917637866,0.12244897959183673
0.9722222222222222,0.0,0.5328116918133096,-0.7755102040816326
-0.3888888888888889,0.0,-0.5002806299316583,-0.10204081632653061
0.5833333333333334,-1.0,-0.855822245699759,0.5306122448979592
-0.5277777777777778,0.0,0.8796372720569624,0.16326530612244897
0.4722222222222222,0.0,-0.9703632781978055,-0.32653061224489793
-0.8888888888888888,-1.0,0.8354187989038925,0.4489795918367347
-0.6388888888888888,-1.0,0.20281290237379906,-0.08163265306122448
0.0,0.0,-0.9686354782264188,-0.7755102040816326
-0.4166666666666667,0.0,-0.3564110183014736,-0.5918367346938775
-0.3333333333333333,-1.0,0.2861654946240109,0.2857142857142857
-0.3333333333333333,-1.0,-0.6117072204430651,-0.5102040816326531
0.4722222222222222,-1.0,-0.48596300086940253,0.3877551020408163
-0.9722222222222222,0.0,-0.5189892920422156,-0.08163265306122448
0.16666666666666666,-1.0,-0.5674777421946361,0.2653061224489796
0.3888888888888889,-1.0,-0.16337064060660086,0.8163265306122449
0.6388888888888888,-1.0,0.07377815928775022,0.6530612244897959
0.2777777777777778,0.0,0.7228146631890565,0.40816326530612246
-0.9722222222222222,0.0,0.7839919882905786,0.22448979591836735
0.6944444444444444,0.0,0.7741424279441381,-0.061224489795918366
-0.9444444444444444,0.0,-0.4896717180054365,-0.7142857142857143
0.5277777777777778,-1.0,-0.16058635148073558,-0.22448979591836735
-0.5,0.0,-0.42751493941695007,0.7755102040816326
0.4722222222222222,0.0,-0.6677451660118635,-0.5714285714285714
0.7222222222222222,0.0,0.759362584876798,-0.14285714285714285
0.3055555555555556,-1.0,-0.6024299250553006,-0.5918367346938775
-0.5277777777777778,-1.0,0.799817315417038,0.7346938775510204
-0.6944444444444444,0.0,0.7781702928455875,-0.5714285714285714
0.9166666666666666,-1.0,0.6671398857671101,0.16326530612244897
0.6944444444444444,0.0,-0.33103326840327074,0.1836734693877551
-0.2222222222222222,-1.0,-0.7127229907447148,0.02040816326530612
-0.3333333333333333,-1.0,0.7372753584909814,-0.7346938775510204
0.05555555555555555,-1.0,-0.5202218627224405,0.8163265306122449
0.2777777777777778,0.0,-0.46034313887329836,0.42857142857142855
-0.08333333333333333,0.0,-0.7330383967777081,0.7346938775510204
0.7222222222222222,0.0,-0.26367107970990566,-0.4897959183673469
0.8333333333333334,-1.0,-0.13057545643633003,0.24489795918367346
-0.7777777777777778,0.0,-0.9428615448952865,-0.7959183673469388
0.1388888888888889,0.0,0.6433248594099068,-0.16326530612244897
0.7222222222222222,0.0,-0.007054266125215975,0.7755102040816326
0.9722222222222222,0.0,0.09687785444660878,-0.8775510204081632
-0.8888888888888888,0.0,-0.1270978463028382,0.42857142857142855
-0.5277777777777778,-1.0,-0.5827858298392156,-0.7755102040816326
-0.1388888888888889,-1.0,0.27034016749755135,0.46938775510204084
0.16666666666666666,-1.0,-0.4821552378751362,0.22448979591836735
0.027777777777777776,-1.0,-0.7888012149625276,0.30612244897959184
-0.25,-1.0,-0.21988180527584272,0.22448979591836735
-0.8333333333333334,0.0,0.19332651017421065,0.6326530612244898
0.8055555555555556,0.0,-0.8506498508809579,0.8979591836734694
0.0,-1.0,-0.7365600272926365,0.7142857142857143
-0.3888888888888889,-1.0,-0.9097031925781637,-0.673469387755102
0.75,0.0,0.32461729780888554,-0.9795918367346939
0.9722222222222222,0.0,0.8339661263164845,0.20408163265306123
0.5833333333333334,0.0,-0.6472426733577646,0.7142857142857143
-0.4722222222222222,0.0,0.49963132930546844,0.04081632653061224
-0.7222222222222222,0.0,0.5485159628908185,-1.0204081632653061
-0.7777777777777778,0.0,0.8754663409158441,0.5510204081632653
-0.6666666666666666,-1.0,0.5776684604972102,-0.8163265306122449
-0.6666666666666666,0.0,-0.7707528585735195,0.08163265306122448
0.5555555555555556,-1.0,-0.5042754795470302,-0.6530612244897959
-0.027777777777777776,0.0,0.9181661109093511,0.8163265306122449
-0.3055555555555556,-1.0,-0.1787447588233352,0.061224489795918366
-0.2222222222222222,-1.0,0.26374811537741977,-0.04081632653061224
0.16666666666666666,0.0,-0.9013283150098496,0.5102040816326531
1.0,0.0,0.5620192148964971,-0.04081632653061224
0.8333333333333334,-1.0,-0.7183135791871637,-0.40816326530612246
-0.05555555555555555,-1.0,-0.709751614997744,-0.7142857142857143
0.19444444444444445,-1.0,0.8845785598732213,-1.0204081632653061
0.2222222222222222,0.0,-0.9256495757535739,0.7142857142857143
-0.6666666666666666,-1.0,0.7089702532272442,0.3469387755102041
-0.4166666666666667,0.0,0.9109467683537478,0.6326530612244898
0.5277777777777778,-1.0,-0.19860895594660327,0.061224489795918366
0.2222222222222222,-1.0,-0.05807388821024134,-0.5510204081632653
-0.75,-1.0,-0.5759406605258235,-0.8163265306122449
-0.8888888888888888,0.0,0.4272508171283304,-0.7142857142857143
-0.6111111111111112,-1.0,-0.386267842010851,-0.6938775510204082
-0.5277777777777778,0.0,0.7926309881475123,1.0
0.9722222222222222,-1.0,-0.09042886856614613,-0.8775510204081632
-0.4166666666666667,0.0,-0.19564858529499157,0.673469387755102
0.8888888888888888,0.0,-0.4530357555548219,0.0
0.25,-1.0,0.03844079808951545,0.3673469387755102
-0.75,0.0,0.030451098858771612,-0.10204081632653061
0.5277777777777778,0.0,-0.25219276525031087,0.24489795918367346
-0.2777777777777778,0.0,-0.3567631813529664,0.5510204081632653
1.0,0.0,0.3999801908283535,-0.5918367346938775
0.5555555555555556,-1.0,-0.43153179922304025,0.10204081632653061
-0.3611111111111111,-1.0,0.3175300163975921,0.6122448979591837
-0.4166666666666667,-1.0,-0.05355079401763016,1.0
-0.6666666666666666,0.0,0.41323032564077167,-0.10204081632653061
-0.1111111111111111,0.0,-0.18837421726259257,-0.6938775510204082
-0.5555555555555556,-1.0,-0.6993958202647826,-0.1836734693877551
0.16666666666666666,-1.0,-0.3560698603453399,0.6326530612244898
-0.5555555555555556,-1.0,-0.8369595122541736,0.061224489795918366
-0.9444444444444444,-1.0,0.7116224812087997,-0.24489795918367346
0.3055555555555556,-1.0,-0.8512221158396337,0.7959183673469388
0.0,0.0,-0.18085773713229225,0.30612244897959184
0.5833333333333334,-1.0,0.5697117765525438,-0.6938775510204082
0.0,-1.0,-0.7639186943554865,-0.3877551020408163
0.3055555555555556,-1.0,-0.49258806827561163,-0.3673469387755102
-0.1111111111111111,0.0,0.37472349697910134,0.3877551020408163
0.8611111111111112,-1.0,0.449844277900668,0.04081632653061224
0.4722222222222222,0.0,-0.2278384892205091,-0.7755102040816326
0.5833333333333334,-1.0,0.0020799630228795934,-0.6326530612244898
0.4444444444444444,-1.0,-0.04813628710092773,-0.061224489795918366
-0.16666666666666666,0.0,-0.6719931328204959,-0.7551020408163265
-0.9722222222222222,0.0,-0.6652690195560544,-0.16326530612244897
0.9722222222222222,-1.0,0.5797044031386532,-0.7346938775510204
0.8055555555555556,0.0,-0.3795987542232053,0.04081632653061224
0.5833333333333334,0.0,0.9272893349620874,-0.9387755102040817
0.9444444444444444,-1.0,-0.45101081800873805,0.02040816326530612
-0.7777777777777778,0.0,-0.4067593295695907,-0.3877551020408163
-0.25,0.0,-0.07094984978044835,0.2653061224489796
-0.9166666666666666,0.0,0.27490728207159915,0.4897959183673469
-0.9444444444444444,0.0,0.4108752352339133,-0.7346938775510204
-0.1388888888888889,0.0,-0.14215281675415717,-0.42857142857142855
0.3055555555555556,-1.0,0.6658522896100895,0.5918367346938775
0.9166666666666666,0.0,-0.006944215171624462,-0.22448979591836735
-0.4722222222222222,0.0,-0.4790628060792147,0.30612244897959184
0.5833333333333334,0.0,0.16138972344195363,0.3877551020408163
0.6944444444444444,-1.0,0.5842605126173418,-0.5102040816326531
-0.9166666666666666,0.0,-0.6790033785642753,0.12244897959183673
-0.1111111111111111,-1.0,0.2310189617793038,-0.6530612244897959
0.9722222222222222,0.0,-0.7584711721527067,-0.5102040816326531
1.0,0.0,-0.20592734436043889,0.8163265306122449
-0.7222222222222222,0.0,0.7364279661483267,0.4489795918367347
0.5833333333333334,0.0,-0.3645437837718864,0.8979591836734694
-0.75,0.0,-0.5913808093147127,0.30612244897959184
0.6111111111111112,-1.0,-0.34891654836189157,-0.8775510204081632
0.6111111111111112,-1.0,0.12456667437023342,0.4897959183673469
-0.16666666666666666,-1.0,-0.5300714230688809,0.3673469387755102
0.19444444444444445,0.0,0.03949728724399397,-0.2857142857142857
0.3611111111111111,-1.0,-0.002002927355365534,-0.2857142857142857
0.5277777777777778,-1.0,0.9917461784806365,0.4489795918367347
-0.5833333333333334,0.0,-0.7696523490376044,-0.3469387755102041
0.8888888888888888,-1.0,0.2725962120461774,-0.2653061224489796
0.19444444444444445,-1.0,-0.4623020458472273,-0.9387755102040817
-0.1111111111111111,0.0,0.5811570757260611,-0.6122448979591837
0.3611111111111111,0.0,0.4826944875477346,0.6122448979591837
-0.8333333333333334,-1.0,0.15562305347375835,-0.3673469387755102
-0.05555555555555555,0.0,0.7016298546226903,-0.7755102040816326
-0.8055555555555556,-1.0,-0.9224250828133426,-0.7346938775510204
-0.05555555555555555,0.0,0.7977373523941585,-0.4489795918367347
-0.9722222222222222,0.0,-0.022527430200182684,-0.8979591836734694
-0.75,0.0,-0.10926959182101313,-0.02040816326530612
0.75,-1.0,-0.0645668944721406,0.3673469387755102
-0.6388888888888888,0.0,0.9521388402830511,-0.40816326530612246
0.8611111111111112,0.0,-0.25418468751031725,-0.5510204081632653
-0.9722222222222222,0.0,-0.5462709234375516,0.9591836734693877
-0.5277777777777778,0.0,-0.5550419844387952,-0.22448979591836735
-0.9166666666666666,-1.0,0.40077255769421244,-0.9591836734693877
-0.4166666666666667,-1.0,0.333817557529136,-0.2653061224489796
0.7777777777777778,-1.0,-0.06130938624583182,0.8367346938775511
0.7777777777777778,0.0,-0.5626244951412503,0.24489795918367346
0.4166666666666667,-1.0,0.008793071191961878,0.12244897959183673
-0.25,-1.0,0.2419800367570185,0.9795918367346939
-0.75,-1.0,-0.33872583005931745,-0.2653061224489796
-0.2222222222222222,0.0,0.7367801291998195,-0.8775510204081632
1.0,0.0,-0.05580683856625618,-0.8571428571428571
0.5555555555555556,-1.0,0.7866552213674931,0.10204081632653061
0.08333333333333333,-1.0,0.1873507433941915,-0.9591836734693877
-0.6111111111111112,0.0,0.6239668966731596,-0.7959183673469388
-0.4722222222222222,-1.0,-0.33724014218583204,-0.5306122448979592
0.75,-1.0,-0.5293781020612544,0.42857142857142855
-0.7777777777777778,0.0,0.737473450207446,-0.8775510204081632
-0.9722222222222222,-1.0,-0.941805055740808,0.8163265306122449
-0.75,0.0,0.987850374723497,-0.061224489795918366
0.1111111111111111,0.0,-0.8384782154137366,-0.22448979591836735
0.3333333333333333,-1.0,-0.917582840855316,0.32653061224489793
-0.19444444444444445,-1.0,-0.4055707792708024,0.5510204081632653
0.5277777777777778,0.0,-0.4663409158440358,-0.6122448979591837
-0.8333333333333334,0.0,0.7526274665169974,0.16326530612244897
0.75,-1.0,-0.57300230006493,-0.7755102040816326
0.2777777777777778,-1.0,0.5900491927762554,-0.8163265306122449
0.6388888888888888,0.0,-0.6786402104174233,0.3469387755102041
0.6388888888888888,0.0,0.8325684792058723,0.3877551020408163
0.8888888888888888,0.0,0.5778885624043932,-0.9387755102040817
-0.5277777777777778,-1.0,0.9124324562272332,0.4897959183673469
0.4444444444444444,0.0,-0.05468431883962274,-0.3877551020408163
-0.3611111111111111,0.0,0.4097197002212024,-0.1836734693877551
-0.16666666666666666,0.0,-0.6292053220641157,0.2653061224489796
-0.19444444444444445,-1.0,0.702697348872528,0.6938775510204082
0.2777777777777778,0.0,-0.5152585647154633,0.6122448979591837
0.3333333333333333,0.0,0.9061705569678761,-0.9387755102040817
-0.3055555555555556,-1.0,0.009992626586109369,0.16326530612244897
-0.05555555555555555,-1.0,0.16890620357225394,0.5714285714285714
0.3888888888888889,-1.0,-0.013558277482474386,-0.8979591836734694
-0.3055555555555556,0.0,-0.2575632517855767,0.061224489795918366
-0.7222222222222222,-1.0,0.706119933529224,0.24489795918367346
-0.9444444444444444,-1.0,0.042644744516711235,-0.5102040816326531
-0.7777777777777778,0.0,0.716299646736439,0.7142857142857143
-0.6111111111111112,0.0,0.057061419437199425,-0.6530612244897959
-0.7777777777777778,-1.0,-0.18856130388369816,1.0
-0.4722222222222222,-1.0,-0.29548681039321206,0.8979591836734694
-0.4722222222222222,-1.0,0.10530775749171867,0.0
0.2777777777777778,-1.0,-0.6120263682084806,-0.3877551020408163
-0.7222222222222222,0.0,-0.7137244544223976,-0.30612244897959184
-0.9722222222222222,0.0,-0.47010465845686555,0.04081632653061224
-0.4166666666666667,-1.0,0.7411601571527617,-0.5510204081632653
0.8055555555555556,-1.0,-0.19109247581630295,-0.9795918367346939
-0.1111111111111111,-1.0,-0.33516017916295243,0.6122448979591837
-0.16666666666666666,-1.0,-0.45191323582818843,0.6938775510204082
-0.19444444444444445,0.0,0.9743581278131775,-0.46938775510204084
-0.3611111111111111,0.0,-0.8110645228740907,0.7142857142857143
-1.0,-1.0,0.9229313171998635,-0.9183673469387755
-0.6111111111111112,0.0,0.27924328964310474,-0.5510204081632653
0.08333333333333333,0.0,0.9497287243993969,0.20408163265306123
-0.2777777777777778,0.0,0.6021107772898853,0.9387755102040817
-0.75,0.0,0.2086125876280718,0.7959183673469388
-0.3888888888888889,-1.0,-0.09114419976449097,0.7959183673469388
-0.1388888888888889,0.0,0.835605885524998,0.9387755102040817
-0.9444444444444444,-1.0,0.2541296620335215,0.2653061224489796
0.05555555555555555,-1.0,0.9596002949365556,0.7551020408163265
-0.9444444444444444,-1.0,-0.11911915216745353,-0.7142857142857143
-0.9444444444444444,-1.0,0.4913885128814641,0.16326530612244897
1.0,-1.0,0.011632385794622911,0.6530612244897959
-0.05555555555555555,0.0,-0.20008363872472956,0.7755102040816326
0.9722222222222222,0.0,0.8771501205057942,-0.5918367346938775
0.0,0.0,-0.13983074163337625,-0.9387755102040817
-0.9444444444444444,-1.0,-0.548119779457889,-0.6530612244897959
-0.4444444444444444,-1.0,0.7123928378839403,0.08163265306122448
-0.4722222222222222,0.0,-0.5209702092068628,-0.40816326530612246
0.5833333333333334,-1.0,-0.2489792774054387,-0.8775510204081632
-0.9722222222222222,-1.0,-0.5544587143847601,-0.04081632653061224
0.8888888888888888,0.0,0.3488725279804549,0.0
-0.05555555555555555,-1.0,0.12618442338802865,-0.9387755102040817
-0.8611111111111112,-1.0,-0.10789395490111922,0.6122448979591837
-0.8888888888888888,0.0,-0.7478622602264848,0.8775510204081632
-0.2222222222222222,-1.0,-0.7431520794127681,0.16326530612244897
-0.16666666666666666,-1.0,-0.653592613379995,-0.673469387755102
0.6111111111111112,-1.0,-0.9297214610364599,0.1836734693877551
-0.3333333333333333,-1.0,0.532404503285021,0.061224489795918366
0.3055555555555556,0.0,0.6718830818669044,0.6530612244897959
0.9444444444444444,-1.0,0.7453310882938801,0.7142857142857143
0.5555555555555556,-1.0,-0.7496781009607448,-0.3673469387755102
0.3055555555555556,0.0,0.6854853797308154,1.0
-0.6666666666666666,-1.0,-0.14095326136000969,-0.4897959183673469
-0.3333333333333333,-1.0,0.10138994354386081,-0.30612244897959184
0.9166666666666666,-1.0,0.6834384319940132,-0.7551020408163265
-0.8333333333333334,-1.0,0.3945216635302145,0.9795918367346939
-0.5555555555555556,0.0,-0.5948804296389228,0.9591836734693877
0.25,-1.0,0.7771027985957498,-0.46938775510204084
-0.6111111111111112,-1.0,0.021757073525042095,-0.32653061224489793
0.8055555555555556,-1.0,-0.7971870976262009,0.0
-0.2222222222222222,-1.0,-0.029801798232581684,-0.3469387755102041
0.3611111111111111,-1.0,-0.5114397966258377,0.08163265306122448
0.4444444444444444,0.0,-0.7686288751692033,0.9183673469387755
0.3611111111111111,-1.0,-0.039090098715705374,0.2653061224489796
0.3888888888888889,0.0,-0.2507731079489804,-0.4897959183673469
-0.6666666666666666,-1.0,-0.8128473483222732,0.32653061224489793
-0.5555555555555556,-1.0,0.8826856834714473,-0.04081632653061224
0.6666666666666666,-1.0,-0.09046188385222358,-0.20408163265306123
1.0,-1.0,0.8567906940913643,0.32653061224489793
-0.6388888888888888,-1.0,0.7097736251884622,-0.7551020408163265
-0.027777777777777776,0.0,0.8614898698097219,-0.7346938775510204
-0.5,0.0,0.8913687037098177,0.42857142857142855
0.9166666666666666,0.0,0.7121287155953206,-0.20408163265306123
-0.4444444444444444,0.0,-0.6885778115267369,-0.10204081632653061
-0.9166666666666666,-1.0,-0.23336304709080305,0.6122448979591837
-0.25,-1.0,-0.5515643743053034,0.16326530612244897
0.2222222222222222,-1.0,-0.41744527716332663,0.7755102040816326
0.16666666666666666,-1.0,-0.7966258377628842,-0.10204081632653061
-0.4722222222222222,0.0,0.46628589036724005,0.5306122448979592
-0.19444444444444445,0.0,-0.6496637943367779,0.8979591836734694
-0.3333333333333333,0.0,0.11815070377584821,-0.6530612244897959
0.8611111111111112,-1.0,0.3272585206950818,0.7959183673469388
0.7222222222222222,-1.0,0.45462048928653964,0.3877551020408163
0.5555555555555556,-1.0,0.11197684527936434,0.6122448979591837
0.027777777777777776,-1.0,-0.6470996071180957,0.9387755102040817
-0.5277777777777778,0.0,0.09081404690371642,-0.3673469387755102
0.5,-1.0,0.8373887109731806,-0.5918367346938775
1.0,0.0,-0.9550882058393037,0.0
0.5833333333333334,0.0,0.4876137651732752,0.8367346938775511
0.25,0.0,-0.3236048290358436,-0.32653061224489793
-0.5,0.0,-0.4956364796900965,-0.10204081632653061
-0.3055555555555556,-1.0,-0.8765998657378367,-1.0204081632653061
0.3055555555555556,-1.0,-0.5158528398648574,-0.42857142857142855
0.3333333333333333,-1.0,0.6174298700298239,-0.02040816326530612
-0.027777777777777776,0.0,0.6274335017112923,0.9387755102040817
0.6111111111111112,-1.0,-0.05283546281928533,-0.3469387755102041
0.19444444444444445,-1.0,-0.2377540801391044,-0.20408163265306123
0.6944444444444444,0.0,0.7305842605126174,0.8367346938775511
-0.7777777777777778,0.0,0.8723518989292042,0.6530612244897959
-0.4722222222222222,-1.0,0.8006206873782561,0.3469387755102041
0.9444444444444444,0.0,0.9194427019710126,-0.08163265306122448
-0.2777777777777778,0.0,0.2915689964453542,-0.9795918367346939
0.75,-1.0,-0.39401542914369353,-0.9795918367346939
-0.3055555555555556,0.0,0.4634905961460156,-0.4897959183673469
-0.3333333333333333,-1.0,-0.9376341245996896,0.24489795918367346
-0.08333333333333333,-1.0,0.9435328557121947,0.10204081632653061
-0.5833333333333334,-1.0,-0.8991603112240968,-0.02040816326530612
-0.5833333333333334,-1.0,0.21739465372467454,0.24489795918367346
-0.8888888888888888,0.0,-0.8008187790947209,0.08163265306122448
0.027777777777777776,-1.0,0.4957135153576106,-0.8775510204081632
-0.19444444444444445,0.0,-0.6782550320798529,0.3877551020408163
0.1111111111111111,-1.0,0.8034930172669946,-0.02040816326530612
0.9444444444444444,-1.0,0.26257057017399055,-0.7142857142857143
-0.6666666666666666,-1.0,0.3334984097637206,0.6326530612244898
-0.6666666666666666,-1.0,0.09581036019677111,-1.0204081632653061
0.7777777777777778,-1.0,0.047255879472195624,0.02040816326530612
0.4444444444444444,0.0,-0.3909670177292086,0.8571428571428571
0.0,-1.0,0.5660360747025873,-0.16326530612244897
-0.6388888888888888,0.0,0.018686651919838884,0.5306122448979592
0.2222222222222222,0.0,-0.8505508050227255,-0.8775510204081632
0.0,0.0,-0.2538545346495427,-0.40816326530612246
0.0,0.0,0.6493006261899259,0.9387755102040817
-0.3055555555555556,-1.0,-0.11908613688137608,0.22448979591836735
0.6666666666666666,-1.0,0.6044548626013845,-1.0204081632653061
0.9722222222222222,-1.0,0.8338780855536113,0.24489795918367346
0.5,0.0,0.019534044262493534,-0.9795918367346939
-0.08333333333333333,-1.0,0.4985968503417082,0.14285714285714285
0.8888888888888888,0.0,0.07879648277152322,-0.5918367346938775
0.3888888888888889,0.0,0.8633607360207777,0.4897959183673469
0.4722222222222222,0.0,-0.14428780525383253,-0.5714285714285714
-0.19444444444444445,0.0,-0.9210164306073713,-0.4897959183673469
-0.5277777777777778,-1.0,0.46682514003983844,0.673469387755102
-1.0,0.0,-0.6241649883896244,-0.46938775510204084
-0.3611111111111111,-1.0,-0.9383274456073162,0.22448979591836735
-0.25,0.0,0.2881133965025807,0.40816326530612246
0.1388888888888889,0.0,0.8321612906775837,0.9591836734693877
0.5,-1.0,-0.15362012611839282,-1.0204081632653061
0.1388888888888889,-1.0,0.9321976074922689,-0.3469387755102041
0.1111111111111111,-1.0,0.2902153697161786,0.7755102040816326
0.9444444444444444,0.0,-0.3195329437529576,-0.20408163265306123
-0.19444444444444445,-1.0,0.6340805793082197,-0.6122448979591837
1.0,0.0,0.9697910132391298,0.10204081632653061
-0.7777777777777778,-1.0,0.5125072908756755,0.9183673469387755
0.8888888888888888,-1.0,0.42485170634003544,0.14285714285714285
-0.9166666666666666,-1.0,-0.6734678155986221,0.46938775510204084
0.4444444444444444,-1.0,-0.7768606864978485,0.24489795918367346
0.9166666666666666,0.0,-0.7522863085608636,-0.5102040816326531
-0.9722222222222222,-1.0,-0.7487206576644987,-0.32653061224489793
-0.3333333333333333,-1.0,0.7192600173880507,0.1836734693877551
-0.4722222222222222,0.0,0.4381128462478127,1.0
0.4722222222222222,-1.0,0.5796383725664983,0.02040816326530612
-0.3611111111111111,-1.0,-0.9156239338813871,0.5714285714285714
-0.5833333333333334,0.0,0.023881056929358293,0.6530612244897959
-0.9166666666666666,-1.0,0.00487525724410402,-0.6938775510204082
-0.1388888888888889,0.0,0.5114838170072744,1.0
0.3611111111111111,-1.0,-0.0017057897806684495,-0.1836734693877551
0.3611111111111111,0.0,0.8516843298447181,0.5102040816326531
1.0,0.0,0.6643996170226815,0.14285714285714285
-1.0,-1.0,0.8104812528200557,0.46938775510204084
-0.19444444444444445,0.0,0.25590148238634486,0.673469387755102
0.75,-1.0,0.39371829156899646,-0.6530612244897959
-0.4722222222222222,-1.0,-0.6514246095942421,0.2653061224489796
-0.7222222222222222,0.0,-0.21113275446531743,-0.6530612244897959
-0.1388888888888889,-1.0,0.41360449888298284,-0.9387755102040817
0.7222222222222222,-1.0,0.6941794050645449,0.12244897959183673
-0.1111111111111111,0.0,-0.2760958323703875,0.32653061224489793
0.7777777777777778,0.0,0.7360537929061155,0.4489795918367347
0.75,-1.0,0.7748687642378421,-0.8163265306122449
0.75,-1.0,-0.5513662825888387,0.9387755102040817
0.1111111111111111,0.0,0.8834890554326653,0.061224489795918366
0.8611111111111112,-1.0,0.44458384231899367,0.5510204081632653
-1.0,-1.0,-0.12632748962769763,0.4489795918367347
0.2222222222222222,0.0,-0.7433281609385145,0.3673469387755102
0.3055555555555556,-1.0,0.9600074834648442,-0.10204081632653061
-0.6944444444444444,-1.0,0.5370376484312237,0.10204081632653061
-0.8333333333333334,-1.0,0.3983624418105583,-0.6938775510204082
-0.5,-1.0,-0.575610507665049,0.9795918367346939
0.3333333333333333,-1.0,0.9549121243135572,0.3469387755102041
0.25,0.0,0.7441535430904509,-0.7346938775510204
0.05555555555555555,0.0,-0.12979409466583028,0.9183673469387755
-0.16666666666666666,-1.0,-0.8545896750195341,0.08163265306122448
-1.0,-1.0,0.4521553479260898,0.3877551020408163
-0.4444444444444444,-1.0,0.3092651897828695,-0.12244897959183673
0.4166666666666667,-1.0,0.7313326069970396,-0.6326530612244898
-0.8888888888888888,-1.0,-0.4297379686794986,0.1836734693877551
0.027777777777777776,-1.0,0.17455181749149856,-0.8163265306122449
0.2777777777777778,-1.0,0.4423167926750085,-1.0
-0.1111111111111111,-1.0,-0.702554282632859,-0.4489795918367347
0.4722222222222222,0.0,0.16835594880429638,-0.1836734693877551
-0.75,0.0,-0.35451814189969955,-0.9591836734693877
0.0,0.0,-0.19208293439862656,-0.7959183673469388
0.3888888888888889,-1.0,0.7653383516568171,0.20408163265306123
0.9722222222222222,-1.0,-0.11870095854380579,0.30612244897959184
0.4722222222222222,0.0,-0.701167640617606,0.5510204081632653
0.6388888888888888,-1.0,0.5589377881959348,0.16326530612244897
-0.19444444444444445,0.0,0.25231382129926155,-0.30612244897959184
-0.2222222222222222,0.0,0.9822597862810482,-0.7551020408163265
0.5555555555555556,-1.0,0.026379213575885636,-0.6122448979591837
0.027777777777777776,0.0,-0.45975986881926334,0.8775510204081632
-0.8611111111111112,0.0,-0.08260424576578956,-0.22448979591836735
-0.7222222222222222,-1.0,0.0910451539062586,0.5714285714285714
-0.8055555555555556,-1.0,-0.3360295816963254,-0.4489795918367347
0.2222222222222222,-1.0,0.9263759120472779,0.14285714285714285
-0.1111111111111111,0.0,0.5675767880528685,0.20408163265306123
0.8055555555555556,-1.0,-0.14330835176686807,-0.6938775510204082
-0.6944444444444444,0.0,-0.821640419514235,0.9795918367346939
-0.6666666666666666,-1.0,0.22392067527265125,0.22448979591836735
0.1388888888888889,0.0,0.9002057952832161,0.8163265306122449
0.1111111111111111,0.0,-0.600570063939604,-0.3469387755102041
-0.05555555555555555,-1.0,0.4108202097571175,0.5714285714285714
0.6944444444444444,-1.0,-0.18069266070190498,-0.04081632653061224
1.0,0.0,0.03360956122684803,0.8367346938775511
-0.6666666666666666,-1.0,-0.5275952766130718,0.5102040816326531
0.08333333333333333,-1.0,-0.9278836101114816,-0.32653061224489793
0.8055555555555556,-1.0,0.5624924339969406,0.3673469387755102
-0.2777777777777778,-1.0,-0.1791299371609055,-0.04081632653061224
0.9722222222222222,-1.0,-0.7296708375978078,0.16326530612244897
0.8055555555555556,-1.0,-0.5701189650808324,-0.5918367346938775
-0.027777777777777776,-1.0,-0.23072182420460674,0.5102040816326531
-0.6944444444444444,0.0,0.3999471755422761,-0.9387755102040817
-0.75,-1.0,0.516546160872484,0.10204081632653061
-0.5,-1.0,-0.7161455754014109,0.5510204081632653
0.4722222222222222,0.0,0.05372687554337658,0.5918367346938775
-0.16666666666666666,-1.0,-0.3750536498398759,1.0
0.4166666666666667,-1.0,0.4082120021569987,0.24489795918367346
-0.1111111111111111,-1.0,-0.9661483266752506,-0.9795918367346939
0.6944444444444444,0.0,0.3663926397922238,0.30612244897959184
-0.4722222222222222,0.0,0.44418765888606426,-0.6530612244897959
0.19444444444444445,0.0,-0.8723849142152816,0.10204081632653061
-0.4444444444444444,0.0,0.933947417654374,-0.673469387755102
-0.75,-1.0,0.17725907094984977,0.6122448979591837
0.5555555555555556,-1.0,0.7028624253029152,0.5306122448979592
-0.8611111111111112,-1.0,0.07296378223117303,0.5102040816326531
0.9444444444444444,-1.0,-0.9011962538655397,-0.4897959183673469
0.4722222222222222,0.0,-0.35994365391176114,-0.8775510204081632
0.9722222222222222,-1.0,-0.4474561722077322,-0.9387755102040817
-0.08333333333333333,0.0,-0.1364081569766802,0.8571428571428571
-0.4166666666666667,-1.0,-0.7615525988532691,-0.9591836734693877
0.9166666666666666,0.0,-0.9196628038781957,0.4897959183673469
-0.3055555555555556,0.0,-0.1772810811405681,0.5306122448979592
-0.8611111111111112,0.0,-0.6709916691428132,-0.1836734693877551
-0.1111111111111111,0.0,-0.7161345703060517,-0.061224489795918366
-0.5833333333333334,0.0,0.8869226451847205,0.5714285714285714
0.027777777777777776,-1.0,0.7502833812054982,0.8163265306122449
-0.7777777777777778,-1.0,-0.015682260886790585,0.9795918367346939
-0.25,0.0,-0.48270549264309376,-0.08163265306122448
0.0,0.0,-0.6949497617396855,-0.7551020408163265
-0.7222222222222222,0.0,0.13131279782539315,0.12244897959183673
-1.0,0.0,0.47398945711864593,-0.7755102040816326
0.4166666666666667,-1.0,0.268568347144728,0.04081632653061224
-0.8611111111111112,0.0,-0.24450020359426414,0.3673469387755102
-0.25,-1.0,0.49246701222666095,-0.40816326530612246
0.5833333333333334,0.0,0.0927179284008496,0.6122448979591837
-0.9722222222222222,0.0,0.013646318245347596,0.2653061224489796
0.4722222222222222,0.0,0.17751218814311026,-0.32653061224489793
0.8888888888888888,-1.0,-0.9465702620313206,0.5918367346938775
0.8611111111111112,-1.0,-0.30807663948408115,-0.14285714285714285
-0.5,0.0,-0.9578284745837322,-0.8367346938775511
-0.1111111111111111,-1.0,-0.7689260127439004,-0.3469387755102041
0.75,-1.0,-0.6152288509579935,-0.3877551020408163
-0.8055555555555556,-1.0,0.03727425798144541,-0.7755102040816326
-0.8055555555555556,0.0,-0.8364532778676528,-0.42857142857142855
0.8611111111111112,-1.0,0.18068165560654584,0.5714285714285714
-0.9166666666666666,-1.0,0.44459484741435285,-0.14285714285714285
-0.16666666666666666,-1.0,0.6426425434976394,-0.4897959183673469
-0.16666666666666666,-1.0,0.025795943521850617,0.20408163265306123
0.0,0.0,0.6103976140953261,-0.6938775510204082
-0.2222222222222222,-1.0,-0.17750118304775112,-0.6326530612244898
0.1388888888888889,-1.0,-0.7256759879824358,-0.22448979591836735
0.3888888888888889,0.0,0.8166771215072579,-0.7959183673469388
-0.4166666666666667,-1.0,0.6553204133513817,0.6326530612244898
-0.6388888888888888,-1.0,0.8341972333190267,-0.6530612244897959
0.6111111111111112,0.0,-0.9579055102512464,-0.7551020408163265
0.4166666666666667,0.0,0.8713064148700849,-0.5918367346938775
0.6944444444444444,-1.0,-0.9379422672697459,-0.16326530612244897
0.7777777777777778,-1.0,-0.8811119548350886,0.7142857142857143
0.3055555555555556,0.0,-0.8167101367933353,0.5102040816326531
-0.16666666666666666,0.0,0.9817095315130906,-0.1836734693877551
-0.8611111111111112,-1.0,-0.42150615735085345,0.40816326530612246
-0.6944444444444444,-1.0,-0.11538842484070125,0.2653061224489796
0.8611111111111112,-1.0,0.3073172879042997,-0.6326530612244898
-0.4722222222222222,-1.0,0.5636369639142923,0.8571428571428571
0.9722222222222222,-1.0,-0.12232163491696656,-0.3673469387755102
-0.2777777777777778,-1.0,0.04479073811174574,-0.46938775510204084
0.5833333333333334,0.0,0.8573629590500401,-0.1836734693877551
0.5555555555555556,0.0,-0.8851068044504605,0.40816326530612246
0.9722222222222222,-1.0,-0.9255615349907007,-0.5306122448979592
-0.05555555555555555,0.0,0.6953349400772557,-0.9795918367346939
0.4444444444444444,0.0,-0.42234254459814896,0.2653061224489796
0.5277777777777778,-1.0,0.2149185072688655,-0.24489795918367346
0.5555555555555556,0.0,0.08886614502514664,0.8367346938775511
0.0,-1.0,0.27156173308241716,0.12244897959183673
-0.8888888888888888,-1.0,0.7243993969207743,0.08163265306122448
-0.8611111111111112,0.0,-0.11432093059086357,0.2857142857142857
0.16666666666666666,0.0,0.35711534440445925,0.8571428571428571
0.4166666666666667,0.0,-0.46075032740158695,0.9183673469387755
-0.7222222222222222,0.0,0.04260072413527463,0.5510204081632653
0.4166666666666667,-1.0,-0.1470941045704161,-0.2653061224489796
-0.16666666666666666,-1.0,0.15365314140447026,-0.20408163265306123
0.9722222222222222,-1.0,-0.1264925660580849,-0.7959183673469388
-0.6388888888888888,-1.0,-0.8892667304962197,0.1836734693877551
0.9166666666666666,-1.0,0.9891379708805177,-0.9795918367346939
-0.25,0.0,0.03977241462797275,0.12244897959183673
0.9444444444444444,-1.0,-0.7940506454488429,0.8775510204081632
0.5555555555555556,0.0,-0.7680786204012457,-0.8571428571428571
0.7777777777777778,0.0,-0.4747378036030682,-0.46938775510204084
0.7222222222222222,-1.0,-0.31812429154698624,0.6122448979591837
-0.4166666666666667,0.0,-0.18731772810811406,-0.3469387755102041
-0.7222222222222222,0.0,-0.9720910781691924,-0.12244897959183673
-0.4722222222222222,-1.0,0.39408145971584846,-0.5102040816326531
0.05555555555555555,-1.0,-0.13416311752341334,0.6530612244897959
-0.3055555555555556,-1.0,0.33612862755455775,0.5306122448979592
-1.0,0.0,-0.8408333058205949,-0.9591836734693877
0.8888888888888888,0.0,0.3084177974402148,-0.8367346938775511
0.08333333333333333,-1.0,0.5052769432247131,0.4489795918367347
0.3055555555555556,0.0,-0.16598985330207885,0.24489795918367346
0.1111111111111111,-1.0,0.2878162589278836,0.7551020408163265
0.16666666666666666,0.0,-0.7861709971716905,-0.5918367346938775
0.6666666666666666,-1.0,-0.40940055245578705,-0.6530612244897959
-0.6944444444444444,-1.0,0.7017289004809226,-0.3673469387755102
0.7777777777777778,-1.0,-0.9276745132996578,0.6938775510204082
-0.2777777777777778,-1.0,0.8474803834175223,-0.5714285714285714
1.0,-1.0,0.0008914127240912543,0.2857142857142857
0.25,0.0,-0.38118348795492313,-0.42857142857142855
0.5277777777777778,0.0,0.9101103811064523,1.0
-0.25,0.0,-0.5454785565716926,0.2653061224489796
-0.8055555555555556,0.0,-0.057314536630459906,0.08163265306122448
-0.2777777777777778,-1.0,-0.5678849307229247,-0.7551020408163265
-0.9166666666666666,-1.0,-0.5408234012347717,-0.24489795918367346
0.6944444444444444,-1.0,-0.8801985319202791,0.0
0.9444444444444444,0.0,-0.49998349235696127,0.6326530612244898
-0.8611111111111112,-1.0,-0.7100267423817227,0.7551020408163265
-0.2777777777777778,-1.0,0.773845290369441,0.7551020408163265
-0.6666666666666666,-1.0,-0.5717477191939868,-0.5714285714285714
-0.4166666666666667,0.0,-0.6104966599535585,-0.40816326530612246
-0.08333333333333333,0.0,0.9943103656993187,0.2653061224489796
-0.3055555555555556,0.0,-0.89743251125271,0.10204081632653061
-0.027777777777777776,-1.0,-0.8237644029185512,0.8163265306122449
0.7777777777777778,0.0,0.9566069089988665,-0.061224489795918366
0.027777777777777776,0.0,-0.46212596432148084,-0.40816326530612246
0.8888888888888888,0.0,0.9636721802194416,-0.9387755102040817
0.4444444444444444,-1.0,0.153851233120935,-0.8163265306122449
0.5277777777777778,-1.0,-0.8772491663640265,-0.14285714285714285
-0.9722222222222222,0.0,0.815884754641399,-0.4489795918367347
0.2222222222222222,-1.0,0.6749424983767485,0.7959183673469388
0.027777777777777776,0.0,-0.22497716442712976,-0.08163265306122448
-0.08333333333333333,-1.0,0.6790914193271484,0.8775510204081632
0.3333333333333333,0.0,-0.921654726138202,-0.24489795918367346
-0.8611111111111112,-1.0,0.9497837498761926,-0.7346938775510204
0.9166666666666666,0.0,-0.291701057589664,0.7959183673469388
-0.4444444444444444,-1.0,0.1478424510548384,0.061224489795918366
-0.08333333333333333,0.0,0.9447434162017014,-0.3469387755102041
0.8055555555555556,0.0,0.8163469686464834,-0.14285714285714285
0.4722222222222222,-1.0,-0.01630955132226221,0.14285714285714285
0.75,0.0,-0.37670441414374856,-0.9387755102040817
-0.1111111111111111,0.0,-0.12172735976757239,0.02040816326530612
0.4722222222222222,0.0,-0.7856427525944513,-0.6122448979591837
-0.8055555555555556,-1.0,0.8245127494029736,-0.1836734693877551
0.6944444444444444,-1.0,0.7454411392474716,-1.0
-0.5,-1.0,-0.35152475596201044,0.0
-0.4166666666666667,0.0,-0.5718907854336558,0.4897959183673469
0.8888888888888888,-1.0,-0.8635918430233198,1.0
0.9444444444444444,0.0,-0.5432995476905808,0.5510204081632653
0.08333333333333333,-1.0,0.7642488472162611,0.3877551020408163
-0.2222222222222222,0.0,0.7089702532272442,-0.5510204081632653
0.6666666666666666,-1.0,0.18699858034269867,-0.6122448979591837
-0.9722222222222222,0.0,-0.5117149240098166,-0.02040816326530612
-0.5277777777777778,-1.0,-0.04556109478688633,0.8367346938775511
-0.8611111111111112,-1.0,0.9468233792245809,0.9183673469387755
-0.9444444444444444,-1.0,-0.20328612147424258,0.4897959183673469
-0.8055555555555556,-1.0,-0.14631274279991635,0.7346938775510204
0.5,-1.0,0.2337372203330142,-1.0204081632653061
-0.4722222222222222,-1.0,0.380809314712712,-0.7959183673469388
-0.3888888888888889,-1.0,0.7655914688500776,0.14285714285714285
-0.5555555555555556,-1.0,-0.3004941287816259,0.04081632653061224
-0.3055555555555556,-1.0,0.5494844112824238,0.8571428571428571
0.1388888888888889,0.0,-0.5120120615845136,-0.5714285714285714
0.6111111111111112,-1.0,0.2420680775198917,0.2857142857142857
-0.25,-1.0,-0.2795294221224427,-0.04081632653061224
-0.3611111111111111,-1.0,0.3467595496714979,0.4897959183673469
0.9722222222222222,-1.0,0.00023110700254217703,0.7142857142857143
0.2777777777777778,0.0,0.6747774219463611,-0.3877551020408163
-0.9166666666666666,0.0,-0.22716717840360087,-0.6938775510204082
-0.3611111111111111,-1.0,0.6124445618321283,0.4897959183673469
-0.4444444444444444,-1.0,-0.4657246305039233,0.6938775510204082
0.1111111111111111,0.0,0.8746739740499851,-0.8571428571428571
-0.6944444444444444,0.0,0.023044669682062795,-0.4489795918367347
-0.2777777777777778,-1.0,0.04460365149064017,0.14285714285714285
-0.2222222222222222,0.0,-0.5179548130784554,-0.9795918367346939
0.5,0.0,0.4002993385937689,-0.04081632653061224
0.25,0.0,0.7285483178711744,0.3469387755102041
-0.75,0.0,0.3077905070047432,0.4489795918367347
-1.0,-1.0,0.6581927432401202,-0.061224489795918366
-0.1111111111111111,0.0,0.5312819835583875,1.0
0.1111111111111111,0.0,0.4212860554436704,-0.9795918367346939
0.7777777777777778,-1.0,-0.941661989501139,0.7959183673469388
0.05555555555555555,-1.0,-0.7865561755092608,0.08163265306122448
0.05555555555555555,0.0,0.9234925770631802,0.6122448979591837
0.8888888888888888,0.0,0.10436131929083166,0.4897959183673469
1.0,0.0,0.9678981368373557,-0.32653061224489793
0.4444444444444444,-1.0,-0.12500687818459946,-0.42857142857142855
0.9722222222222222,-1.0,0.38806167255439267,0.2653061224489796
-0.16666666666666666,-1.0,0.6646417291205828,0.02040816326530612
-0.19444444444444445,0.0,0.11184478413505453,0.04081632653061224
-0.2777777777777778,0.0,0.269877953492467,-0.14285714285714285
0.5277777777777778,0.0,0.6422903804461466,-0.14285714285714285
-0.75,-1.0,0.050898566036074705,-0.5510204081632653
0.6388888888888888,-1.0,0.004974303102336382,-1.0204081632653061
0.027777777777777776,0.0,-0.2183961174023573,-0.2653061224489796
-0.3055555555555556,-1.0,-0.35095249100333453,0.6122448979591837
0.8333333333333334,0.0,-0.23438652095920412,0.0
-0.7777777777777778,-1.0,-0.09575533471997535,-0.8163265306122449
0.6388888888888888,0.0,0.6681303443494337,-0.1836734693877551
0.1111111111111111,-1.0,0.5115608526747885,0.2653061224489796
-0.25,-1.0,0.32476036404855446,0.6938775510204082
-0.25,0.0,0.743361176224592,-0.8571428571428571
-0.1111111111111111,-1.0,-0.7203825371146841,-0.5102040816326531
-0.5833333333333334,0.0,0.9605577382328018,0.10204081632653061
0.6666666666666666,0.0,0.6680092883004831,-0.08163265306122448
0.3055555555555556,-1.0,-0.34659447324111065,0.46938775510204084
0.6944444444444444,0.0,-0.6207093884468509,-0.6938775510204082
-0.16666666666666666,0.0,0.5400530445596311,-0.7551020408163265
0.9444444444444444,0.0,-0.4604531898268899,-0.5102040816326531
0.19444444444444445,0.0,0.12268480306381854,0.061224489795918366
-0.2777777777777778,-1.0,0.873276326939373,0.5306122448979592
-0.5555555555555556,-1.0,-0.3689458219155469,-0.6122448979591837
-0.4444444444444444,-1.0,0.8897399495966632,-0.22448979591836735
0.5833333333333334,0.0,-0.1580771897388491,-0.5918367346938775
-1.0,-1.0,-0.764678045935268,0.02040816326530612
-0.5,0.0,0.4379587749127846,0.6530612244897959
-0.9166666666666666,0.0,-0.3927828584634686,0.8571428571428571
0.16666666666666666,-1.0,0.431806926607019,-0.6326530612244898
0.8888888888888888,0.0,-0.9775055850858948,-0.20408163265306123
-0.3888888888888889,-1.0,0.2471964519572562,0.8163265306122449
0.8055555555555556,-1.0,-0.6180461553699362,0.5918367346938775
0.6111111111111112,0.0,0.9608218605214214,-0.6530612244897959
-0.9722222222222222,0.0,0.8056170006713108,0.7551020408163265
-0.8333333333333334,0.0,0.86462632198708,0.02040816326530612
-0.3611111111111111,0.0,0.39747102908646703,-0.5102040816326531
0.3611111111111111,0.0,0.39730595265607976,0.22448979591836735
0.3888888888888889,-1.0,0.7535518945271661,-0.5714285714285714
0.1388888888888889,0.0,0.07851035029218528,1.0
0.6944444444444444,-1.0,0.2857803162864406,0.30612244897959184
0.5833333333333334,-1.0,-0.905873419393179,0.02040816326530612
0.3055555555555556,0.0,-0.27495130245303573,0.9591836734693877
-0.3333333333333333,-1.0,0.6876093631351315,-0.6326530612244898
0.6666666666666666,-1.0,-0.6637503163964916,0.40816326530612246
-0.027777777777777776,-1.0,-0.03216789373479921,-0.16326530612244897
0.5,-1.0,-0.28675976977340506,-0.4489795918367347
-0.5833333333333334,0.0,0.00761552598853269,0.7959183673469388
0.25,-1.0,0.6026280167717654,-0.061224489795918366
-0.8888888888888888,0.0,0.7028624253029152,0.8979591836734694
0.05555555555555555,-1.0,-0.45299173517338526,-0.8571428571428571
0.3888888888888889,0.0,-0.8984449800257519,0.5510204081632653
-0.027777777777777776,0.0,-0.6092640892733335,-0.6938775510204082
-0.027777777777777776,-1.0,0.04738794061650544,-0.9591836734693877
0.05555555555555555,0.0,-0.7926419932428714,0.7959183673469388
-0.8333333333333334,-1.0,-0.8805617000671311,0.7346938775510204
0.8888888888888888,-1.0,0.5591138697216811,-0.5306122448979592
0.7777777777777778,0.0,-0.14236191356598105,-0.30612244897959184
0.027777777777777776,0.0,0.10272156008231811,-0.32653061224489793
-0.8611111111111112,-1.0,0.31537301770719844,0.3877551020408163
-0.6666666666666666,0.0,-0.20753408828287498,-0.8571428571428571
0.2777777777777778,0.0,0.5842164922359052,-0.12244897959183673
0.5833333333333334,0.0,-0.7938745639230964,0.9183673469387755
0.8055555555555556,-1.0,-0.5687323230655794,0.12244897959183673
0.8333333333333334,0.0,0.8729681842693167,0.02040816326530612
-0.5555555555555556,-1.0,-0.0654473021008727,0.8775510204081632
-0.9444444444444444,-1.0,0.6039376231195044,-0.7346938775510204
-0.1388888888888889,-1.0,0.8960348641420978,-0.8979591836734694
0.6388888888888888,0.0,-0.15883654131863054,-0.061224489795918366
-0.05555555555555555,-1.0,-0.17898687092123652,-0.9183673469387755
-1.0,0.0,-0.14484906511714923,0.5102040816326531
0.2222222222222222,-1.0,0.5088535992164372,0.6122448979591837
0.2777777777777778,-1.0,0.6175619311741336,0.8571428571428571
-0.9166666666666666,0.0,0.7761783705855811,-0.8775510204081632
-0.6388888888888888,-1.0,-0.1826515676758339,0.6326530612244898
0.2777777777777778,-1.0,0.5203759340574686,0.16326530612244897
-0.6388888888888888,-1.0,-0.08456315273971848,0.16326530612244897
-0.6666666666666666,-1.0,0.1943059636611751,0.5306122448979592
0.7222222222222222,-1.0,-0.051173693420053484,0.5918367346938775
0.027777777777777776,-1.0,0.6178480636534716,0.8367346938775511
-0.8055555555555556,-1.0,0.5217405658820033,-0.7551020408163265
-0.6111111111111112,-1.0,-0.3557066921984879,0.6122448979591837
0.9166666666666666,0.0,-0.893426656541979,0.8163265306122449
0.9722222222222222,-1.0,-0.44631164229038045,-0.9795918367346939
-0.8055555555555556,-1.0,0.8759395600162876,-0.14285714285714285
0.25,0.0,0.456975579693398,-0.673469387755102
-0.9722222222222222,0.0,0.49086026830422486,0.3469387755102041
0.4166666666666667,-1.0,-0.2768221686640915,0.46938775510204084
1.0,-1.0,-0.9359723552004579,0.6326530612244898
1.0,-1.0,0.856911750140315,-0.10204081632653061
-0.4444444444444444,0.0,0.7371212871559532,0.7551020408163265
-0.05555555555555555,-1.0,-0.5240736460981434,0.7346938775510204
0.1388888888888889,0.0,0.7717213069651249,0.12244897959183673
-0.08333333333333333,-1.0,-0.8951654616087248,-0.7142857142857143
-0.8055555555555556,0.0,0.758130014196573,-0.14285714285714285
0.8611111111111112,-1.0,-0.7072974787326533,-0.9591836734693877
0.3611111111111111,0.0,0.5220817238381371,0.5714285714285714
-0.6388888888888888,0.0,-0.6153719171976625,0.9183673469387755
0.16666666666666666,0.0,0.36243080546292933,0.6122448979591837
-0.9166666666666666,0.0,-0.49925715606325727,0.5510204081632653
0.8611111111111112,0.0,-0.5176576755037582,-0.8571428571428571
-0.9444444444444444,0.0,0.8714824963958313,-0.16326530612244897
0.6666666666666666,-1.0,0.5061573508534452,0.4489795918367347
0.3611111111111111,0.0,-0.4752440379895892,0.4489795918367347
-0.8333333333333334,-1.0,-0.47375835011610373,-0.061224489795918366
0.8055555555555556,0.0,-0.34329294463336524,0.673469387755102
0.8333333333333334,-1.0,-0.39942993606039595,0.6326530612244898
0.16666666666666666,0.0,0.7830455500896916,-0.30612244897959184
-0.5277777777777778,-1.0,-0.33994739564418325,0.2857142857142857
0.9166666666666666,-1.0,0.08316550562910628,0.1836734693877551
-0.5555555555555556,-1.0,0.8468200776959732,-0.5510204081632653
-0.6111111111111112,0.0,0.2594121078059141,0.673469387755102
0.3333333333333333,0.0,0.17586142383923756,-0.04081632653061224
0.3333333333333333,0.0,0.27802172405823894,-0.5306122448979592
0.9722222222222222,0.0,0.633442283777389,-0.20408163265306123
-0.4444444444444444,0.0,-0.18469851541263604,0.16326530612244897
-0.1111111111111111,0.0,0.12900172779997138,0.2653061224489796
-0.3333333333333333,-1.0,-0.7729208623592724,0.42857142857142855
-0.6944444444444444,0.0,0.3994629513464734,0.7959183673469388
0.6944444444444444,-1.0,0.11975744769828431,0.673469387755102
-0.8888888888888888,-1.0,0.43153179922304025,-0.5102040816326531
1.0,-1.0,0.10017938305435417,-1.0204081632653061
-0.9166666666666666,-1.0,0.4777091793500391,0.08163265306122448
-0.5277777777777778,0.0,0.04933584249507522,1.0
-0.1111111111111111,-1.0,0.9466583027941937,-0.10204081632653061
-0.5833333333333334,-1.0,0.3641696105296752,-0.6938775510204082
-0.8333333333333334,0.0,-0.6172647935994365,-0.8571428571428571
-0.4444444444444444,-1.0,0.1308285736295905,-0.8775510204081632
-0.6111111111111112,-1.0,-0.7878657818569997,0.7346938775510204
0.3611111111111111,-1.0,0.026808412294892534,-0.04081632653061224
0.9444444444444444,-1.0,0.8102611509128727,0.6122448979591837
-0.3055555555555556,0.0,0.6170446916922535,-0.2653061224489796
-1.0,-1.0,-0.7932142582015473,0.12244897959183673
0.08333333333333333,0.0,-0.6169896662154578,0.8367346938775511
0.5277777777777778,0.0,-0.7007054266125216,0.5306122448979592
0.5833333333333334,0.0,-0.6422133447786325,-0.7551020408163265
-0.2777777777777778,0.0,-0.8448941860081217,-1.0
-0.7777777777777778,-1.0,-0.16831192842285977,0.14285714285714285
0.2222222222222222,-1.0,-0.666688676857385,0.8163265306122449
0.4166666666666667,0.0,-0.0024761464558090396,0.8163265306122449
0.2222222222222222,-1.0,0.508182288399529,-0.2857142857142857
0.6944444444444444,-1.0,0.9124984867993882,0.30612244897959184
-0.9166666666666666,0.0,-0.26822718918859434,0.8979591836734694
-0.6666666666666666,0.0,-0.21924350974501194,-0.9183673469387755
-0.05555555555555555,-1.0,-0.3731937887241793,0.2857142857142857
-0.3611111111111111,0.0,0.11683009233275006,-0.6938775510204082
0.5,0.0,-0.1789428505397999,0.42857142857142855
0.6666666666666666,-1.0,0.3040927949640684,-0.3673469387755102
0.16666666666666666,-1.0,0.23328601142328897,-0.5306122448979592
0.1111111111111111,-1.0,0.3831534000242112,-0.20408163265306123
-0.2222222222222222,-1.0,-0.7720734700166177,-0.24489795918367346
-0.5555555555555556,-1.0,0.06655881673214699,0.8163265306122449
0.6944444444444444,0.0,-0.40065150164526175,0.24489795918367346
-0.2777777777777778,0.0,0.5059592591369805,0.40816326530612246
0.6944444444444444,0.0,-0.9178579682392948,0.8571428571428571
0.8333333333333334,-1.0,0.10826812814333037,-0.7959183673469388
-0.6388888888888888,0.0,0.29067758372126296,0.08163265306122448
0.3888888888888889,-1.0,0.8178436616153278,-0.10204081632653061
-0.6666666666666666,-1.0,-0.9598754223205344,-0.5102040816326531
0.7777777777777778,0.0,0.06654781163678783,-0.7551020408163265
-0.6111111111111112,-1.0,-0.8483717961416136,0.9183673469387755
0.5277777777777778,0.0,0.23591622921412614,0.6122448979591837
0.4722222222222222,0.0,-0.9550001650764304,1.0
1.0,0.0,0.44039090098715705,0.20408163265306123
-0.4444444444444444,0.0,-0.2577943587881189,0.16326530612244897
0.9166666666666666,0.0,0.9275754674414254,0.7551020408163265
0.5,0.0,0.9003818768089625,-0.7959183673469388
-0.1388888888888889,0.0,0.46838786358083795,0.7551020408163265
-0.8333333333333334,-1.0,0.3284030506124336,0.02040816326530612
0.6944444444444444,-1.0,0.2503769245160509,-0.7551020408163265
-0.25,-1.0,-0.22046507532987775,0.3877551020408163
0.9722222222222222,-1.0,0.980135802876732,0.5306122448979592
-0.08333333333333333,-1.0,0.12377430750437453,-0.9795918367346939
-0.3333333333333333,-1.0,0.3426986694839711,-0.8571428571428571
-0.5833333333333334,0.0,-0.572055861864043,-0.3877551020408163
-0.3333333333333333,-1.0,-0.03223392430695412,-0.22448979591836735
0.19444444444444445,-1.0,-0.4601780624429111,0.30612244897959184
-0.9166666666666666,0.0,0.7243663816346969,0.061224489795918366
-0.9166666666666666,0.0,0.8015121001023474,-0.8163265306122449
-0.1111111111111111,0.0,0.4144408861302783,-0.5306122448979592
0.25,-1.0,0.1047134823423245,0.6938775510204082
0.4444444444444444,0.0,0.5980719072930767,0.8979591836734694
0.8055555555555556,-1.0,-0.24016419602275854,0.32653061224489793
-0.08333333333333333,0.0,-0.14011687411271417,-0.5918367346938775
-0.9444444444444444,0.0,-0.1926441942619433,-0.8367346938775511
0.1388888888888889,-1.0,-0.7390031584623681,-0.5102040816326531
-0.3888888888888889,0.0,0.20411150362617891,-0.7959183673469388
0.5555555555555556,0.0,0.9392738838082032,0.6122448979591837
-0.3888888888888889,0.0,0.48017432071048893,0.2857142857142857
0.5,0.0,0.9454917626861237,-0.5714285714285714
-0.2777777777777778,0.0,-0.8958367724256331,-0.7346938775510204
0.8055555555555556,0.0,0.20800730738331846,0.46938775510204084
-0.2777777777777778,0.0,0.6359404404239163,0.16326530612244897
-0.8888888888888888,0.0,0.6874442867047443,0.8367346938775511
-0.4166666666666667,0.0,0.37943367779281806,0.7959183673469388
0.2222222222222222,0.0,0.49186173198190764,0.46938775510204084
0.6666666666666666,0.0,0.0872263858166331,-0.08163265306122448
-0.05555555555555555,-1.0,0.36365237104779513,-0.3673469387755102
-0.8333333333333334,0.0,-0.9812583226033653,0.1836734693877551
-0.6111111111111112,-1.0,0.38039112108906425,0.10204081632653061
-1.0,0.0,-0.5056181011808467,0.3469387755102041
-0.9444444444444444,-1.0,0.5666083396612631,0.5714285714285714
-0.5555555555555556,-1.0,-0.34984097637206024,-0.4897959183673469
0.8888888888888888,0.0,0.9727073635093048,-0.7142857142857143
0.0,0.0,0.2066426755587837,-0.30612244897959184
0.3611111111111111,0.0,-0.4254459814894296,-0.7346938775510204
0.0,-1.0,-0.3628159838004996,0.5714285714285714
0.6388888888888888,-1.0,0.86760870282941,0.6326530612244898
0.6944444444444444,-1.0,0.22293021669032762,-0.6938775510204082
-0.8333333333333334,0.0,-0.34773900315846235,-0.2857142857142857
0.9722222222222222,-1.0,-0.061507477962296546,-0.2653061224489796
0.6388888888888888,-1.0,-0.5295541835870008,-0.7142857142857143
0.8611111111111112,-1.0,-0.7694212420350622,0.8979591836734694
-0.4722222222222222,-1.0,0.18710863129629018,0.32653061224489793
-0.7777777777777778,-1.0,-0.2023286781779964,0.32653061224489793
-0.08333333333333333,0.0,0.21645922061914666,-0.6326530612244898
-0.8888888888888888,0.0,-0.23862348267247735,-0.9795918367346939
-0.6111111111111112,-1.0,-0.20060087820660966,0.8163265306122449
-0.6388888888888888,-1.0,0.3372841625672686,0.7551020408163265
-0.3333333333333333,0.0,0.4495911607074075,0.3673469387755102
-1.0,0.0,0.6897773669208843,0.8979591836734694
0.6388888888888888,-1.0,0.8349235696127307,0.9591836734693877
0.8055555555555556,-1.0,-0.4084761244456183,-0.6326530612244898
0.3611111111111111,0.0,0.46553754388281776,0.3673469387755102
-0.19444444444444445,-1.0,-0.532624605192204,0.5714285714285714
-0.2222222222222222,0.0,0.07925869677660757,0.8367346938775511
0.19444444444444445,-1.0,0.5096239558915778,0.6326530612244898
0.6666666666666666,0.0,-0.2250321899039255,-0.3673469387755102
0.6666666666666666,-1.0,-0.7828364532778677,-0.6122448979591837
0.3611111111111111,-1.0,0.03002190013976471,-0.5714285714285714
-1.0,-1.0,0.2668075318872638,-0.8775510204081632
0.19444444444444445,0.0,0.7254889013613303,-0.30612244897959184
-0.19444444444444445,0.0,0.016188495273311544,-0.40816326530612246
0.2777777777777778,-1.0,-0.6579396260468597,0.9387755102040817
-0.1388888888888889,0.0,-0.21158396337504265,-0.8367346938775511
0.8611111111111112,-1.0,-0.5470522852080514,-0.10204081632653061
0.7777777777777778,0.0,0.2516535155777125,-0.7959183673469388
-0.2222222222222222,0.0,0.5142901163238579,0.7142857142857143
-0.8611111111111112,0.0,0.6478369485071588,-0.7755102040816326
0.5,0.0,0.8078730452199369,0.5918367346938775
0.6666666666666666,-1.0,-0.8345383912751604,-0.14285714285714285
-0.3333333333333333,0.0,-0.7623339606237688,-0.3673469387755102
0.4722222222222222,-1.0,-0.11776552543827792,0.8571428571428571
-0.9722222222222222,0.0,-0.6467144287805254,-0.9591836734693877
0.16666666666666666,-1.0,0.5378410203924417,0.8367346938775511
-0.6666666666666666,0.0,0.1655496494877128,-0.16326530612244897
0.3055555555555556,0.0,-0.4615316891720867,0.2857142857142857
0.8055555555555556,-1.0,0.488835330758141,-0.7142857142857143
-0.5833333333333334,0.0,-0.9038264716563769,0.8979591836734694
-0.4722222222222222,0.0,0.14167959765371366,-0.04081632653061224
0.25,-1.0,0.41573948738265815,0.16326530612244897
0.7777777777777778,0.0,-0.47899677550705977,-0.6122448979591837
-0.9722222222222222,0.0,-0.8268788449051911,0.46938775510204084
0.6666666666666666,-1.0,-0.222886196308891,0.1836734693877551
0.9444444444444444,0.0,0.2752044196462962,-0.5510204081632653
0.2222222222222222,-1.0,-0.8238964640628611,-0.9795918367346939
-0.3333333333333333,0.0,0.32305457426788603,-0.32653061224489793
0.4166666666666667,-1.0,0.15347705987872384,-0.32653061224489793
0.1388888888888889,0.0,-0.536190256088569,-0.6326530612244898
0.2222222222222222,-1.0,0.5929875532371488,-0.5918367346938775
-0.6944444444444444,-1.0,-0.23817227376275216,-1.0204081632653061
-0.1388888888888889,0.0,0.907249056313073,0.6122448979591837
0.5555555555555556,0.0,0.6718940869622635,-0.22448979591836735
0.08333333333333333,0.0,0.8218605214214181,-0.7551020408163265
0.4166666666666667,-1.0,0.641376957531337,-0.5510204081632653
-0.19444444444444445,-1.0,0.2669616032222919,0.46938775510204084
-0.8333333333333334,0.0,0.05667624109962913,-0.4489795918367347
-0.8888888888888888,0.0,0.6149647286693739,0.12244897959183673
-0.8055555555555556,0.0,-0.46692418589807083,-0.7551020408163265
0.8888888888888888,-1.0,0.8325794843012315,0.32653061224489793
0.2222222222222222,0.0,-0.1949222490012876,0.4897959183673469
-0.3055555555555556,-1.0,0.41350545302475045,0.20408163265306123
0.3888888888888889,-1.0,-0.8153124896827231,-0.9795918367346939
-0.08333333333333333,-1.0,-0.6835044625661681,-0.3469387755102041
-0.3888888888888889,-1.0,0.32743460222082826,0.0
-0.7222222222222222,-1.0,0.8008077739993616,-0.3673469387755102
0.9166666666666666,0.0,0.4478633607360208,-0.46938775510204084
-0.08333333333333333,0.0,0.8877260171459386,0.04081632653061224
-0.25,0.0,-0.18478655617550926,0.061224489795918366
-0.19444444444444445,-1.0,0.5286407606721912,-0.24489795918367346
0.3055555555555556,-1.0,-0.6120153631131213,-0.2653061224489796
0.6944444444444444,-1.0,0.3380104988609726,-0.6122448979591837
-0.4166666666666667,-1.0,-0.8166000858397438,0.04081632653061224
0.8888888888888888,0.0,-0.22290820649960932,-0.5510204081632653
0.8611111111111112,0.0,0.8437936764722066,-0.5306122448979592
0.6944444444444444,-1.0,-0.3468255802436528,-0.8163265306122449
-0.25,-1.0,-0.9692187482804538,0.4489795918367347
0.8055555555555556,0.0,-0.33441183267853014,0.9183673469387755
0.2222222222222222,-1.0,-0.8029097472129596,-0.04081632653061224
0.4444444444444444,0.0,-0.9659612400541451,-0.02040816326530612
-0.16666666666666666,0.0,-0.3582488692264518,0.8775510204081632
0.3055555555555556,0.0,-0.005953756589300846,-1.0204081632653061
-0.3888888888888889,0.0,-0.1817271396656652,0.7346938775510204
0.9166666666666666,-1.0,-0.4757612774714693,-0.22448979591836735
0.25,0.0,-0.337746376572353,0.32653061224489793
-0.4722222222222222,-1.0,0.7640177402137189,-0.16326530612244897
-0.5,0.0,0.0019148865924923238,-0.9795918367346939
0.6666666666666666,-1.0,-0.9716948947362629,-0.6938775510204082
0.8611111111111112,0.0,-0.18289367977373525,-0.5918367346938775
-0.3333333333333333,0.0,0.490431069585218,-0.9183673469387755
0.3055555555555556,-1.0,-0.2257805363883478,-0.4489795918367347
-0.3055555555555556,0.0,0.6824149581256121,-0.46938775510204084
0.08333333333333333,0.0,-0.8703929919552753,-0.9795918367346939
-0.6111111111111112,0.0,0.4810767385299394,0.7959183673469388
1.0,-1.0,-0.4783254646901515,0.7346938775510204
-0.7777777777777778,0.0,0.5133766934090483,0.16326530612244897
0.4444444444444444,-1.0,-0.5310398714604863,-0.7346938775510204
1.0,-1.0,-0.5985341212981611,-0.8775510204081632
-0.1111111111111111,-1.0,-0.48887935113957764,-0.5510204081632653
-0.7222222222222222,-1.0,0.9533163854864802,-0.5102040816326531
0.2777777777777778,0.0,0.21648123080986498,-0.6530612244897959
-0.4444444444444444,0.0,-0.07794909042886856,0.5306122448979592
0.8333333333333334,-1.0,0.09594242134108093,0.2857142857142857
0.8333333333333334,-1.0,-0.43648409213465833,-0.9795918367346939
0.5,0.0,0.21129783089570472,-0.3673469387755102
-0.5,-1.0,0.27610683746574666,-0.6530612244897959
0.2222222222222222,0.0,-0.7417104119207193,0.22448979591836735
0.08333333333333333,-1.0,-0.7694762675118579,0.24489795918367346
-0.1111111111111111,-1.0,0.20130520430959534,-0.3673469387755102
0.3055555555555556,-1.0,-0.621446729835914,0.24489795918367346
0.7777777777777778,-1.0,-0.8024695433985936,-0.1836734693877551
-0.19444444444444445,0.0,0.10564891544785236,0.14285714285714285
-0.9444444444444444,-1.0,0.19525240186206214,1.0
-0.8333333333333334,-1.0,0.49246701222666095,0.3673469387755102
-0.5,-1.0,0.8188891456744473,0.8775510204081632
0.4166666666666667,0.0,-0.5386553974490189,0.04081632653061224
-0.6944444444444444,0.0,0.689601285395138,0.061224489795918366
-0.8611111111111112,-1.0,0.6550452859674029,-0.8571428571428571
0.6388888888888888,0.0,0.018246448105472834,0.4489795918367347
-0.19444444444444445,-1.0,-0.4926100784663299,0.061224489795918366
-0.25,-1.0,0.44753320787524625,0.2653061224489796
-0.8888888888888888,-1.0,-0.3666677671762026,-0.9591836734693877
0.4444444444444444,-1.0,0.9924945249650589,0.02040816326530612
-0.7777777777777778,0.0,-0.3508644502404613,0.24489795918367346
0.9166666666666666,-1.0,0.2724751559972267,-0.16326530612244897
0.75,-1.0,0.5286737759582687,0.5918367346938775
-0.3333333333333333,0.0,0.8914127240912543,0.7959183673469388
0.027777777777777776,-1.0,-0.9406715309188154,-0.3877551020408163
-0.1111111111111111,0.0,-0.8146851992472515,-0.12244897959183673
0.7222222222222222,0.0,-0.5677528695786149,0.1836734693877551
-0.2222222222222222,0.0,0.45862634399727076,-0.1836734693877551
-0.4722222222222222,0.0,0.7666589630999152,0.10204081632653061
-0.9722222222222222,-1.0,0.26994398406462194,0.8163265306122449
0.0,-1.0,0.7077376825470193,-0.32653061224489793
0.8611111111111112,-1.0,0.07892854391583302,0.40816326530612246
-0.9722222222222222,-1.0,-0.7239701982017674,-0.8979591836734694
0.9722222222222222,0.0,0.8322933518218936,0.16326530612244897
0.8888888888888888,-1.0,0.5815312489682724,1.0
0.1111111111111111,0.0,-0.43223612532602596,-0.4897959183673469
0.8333333333333334,-1.0,0.9727073635093048,0.7551020408163265
0.5277777777777778,-1.0,0.4360438883202923,-0.5918367346938775
-0.5277777777777778,-1.0,-0.6495537433831864,0.40816326530612246
-0.3888888888888889,0.0,-0.41238293329811704,-0.5306122448979592
0.1111111111111111,0.0,0.14742425743119064,-0.061224489795918366
0.7222222222222222,0.0,0.9027589774065392,-1.0204081632653061
0.2777777777777778,0.0,0.8447181044823754,-0.20408163265306123
0.6666666666666666,0.0,0.3993749105836002,0.4897959183673469
-0.4166666666666667,0.0,0.09650368120439763,0.10204081632653061
0.6388888888888888,-1.0,-0.6957091133194669,0.20408163265306123
-0.9444444444444444,-1.0,0.14076617473890413,0.7551020408163265
0.7222222222222222,-1.0,0.23572914259302058,-0.9387755102040817
-0.4722222222222222,-1.0,-0.7821871526516777,-1.0
-0.16666666666666666,0.0,-0.603915612928786,0.4489795918367347
0.4722222222222222,0.0,-0.5392936929798496,-0.4897959183673469
-0.3055555555555556,0.0,0.15987102028239075,-0.1836734693877551
0.8333333333333334,0.0,0.7667910242442251,-0.30612244897959184
0.6111111111111112,-1.0,-0.6206653680654143,-0.5510204081632653
-0.3055555555555556,-1.0,0.5326136000968449,0.6326530612244898
-0.1111111111111111,-1.0,0.8211561953184324,0.9591836734693877
-0.9166666666666666,0.0,-0.7444066602837114,0.3877551020408163
-0.7222222222222222,0.0,-0.02487151551168191,0.0
-0.08333333333333333,0.0,-0.7105219716728846,-0.6326530612244898
0.2777777777777778,0.0,-0.38650995410875233,-0.3469387755102041
-0.3611111111111111,0.0,0.2995256803900206,0.02040816326530612
-0.9166666666666666,-1.0,-0.5215204639748203,-0.4489795918367347
0.19444444444444445,-1.0,0.13495548438927224,-0.9387755102040817
-0.4444444444444444,-1.0,-0.7665599172416829,0.02040816326530612
-0.8611111111111112,0.0,-0.6231305094258641,-0.8979591836734694
-0.25,-1.0,0.8873078235222909,-0.7346938775510204
-0.5555555555555556,0.0,-0.814366051481836,0.8571428571428571
-1.0,0.0,-0.6767693442063676,-0.6938775510204082
0.3333333333333333,-1.0,-0.3380104988609726,0.2653061224489796
-0.6944444444444444,-1.0,0.05570779270802381,0.08163265306122448
0.0,-1.0,0.7894615206840767,-0.6122448979591837
0.9166666666666666,0.0,-0.6733577646450306,0.42857142857142855
-0.19444444444444445,0.0,0.09198058701178646,-0.5918367346938775
0.4166666666666667,-1.0,0.12846247812737296,0.10204081632653061
-0.6388888888888888,-1.0,0.6262009310310673,-0.061224489795918366
-0.25,-1.0,-0.9252974127020811,0.061224489795918366
-0.16666666666666666,-1.0,0.6636292603475409,0.2653061224489796
-0.1388888888888889,0.0,0.5227750448457635,0.3673469387755102
0.1111111111111111,-1.0,-0.8238084232999879,-0.3469387755102041
-0.2222222222222222,-1.0,-0.8545126393520199,-0.46938775510204084
0.9722222222222222,-1.0,-0.9168895198476895,-0.5102040816326531
-0.08333333333333333,-1.0,-0.20123917373744044,-0.6122448979591837
-0.9722222222222222,0.0,-0.5822906005480537,0.8571428571428571
-0.4166666666666667,0.0,0.29657631483376806,-0.5510204081632653
0.5,-1.0,-0.38964640628611047,-0.3673469387755102
0.7222222222222222,-1.0,-0.39983712458868453,0.1836734693877551
0.4166666666666667,-1.0,-0.7168499015043965,-0.4489795918367347
-0.5,-1.0,-0.6601296400233309,0.30612244897959184
-0.8333333333333334,-1.0,0.42469763500500735,1.0
0.4166666666666667,-1.0,0.8030308032619102,0.2857142857142857
0.7777777777777778,-1.0,-0.8330967237831116,0.08163265306122448
0.3333333333333333,0.0,0.8775242937480053,0.20408163265306123
0.05555555555555555,-1.0,-0.9180120395743229,-0.5306122448979592
0.8611111111111112,0.0,0.9880484664399617,-0.7755102040816326
0.3888888888888889,-1.0,0.7392562756556286,-0.5306122448979592
-0.027777777777777776,0.0,0.6823709377441756,0.7346938775510204
0.19444444444444445,0.0,-0.6323307691461146,0.673469387755102
0.7777777777777778,-1.0,-0.7227486326169016,-0.8163265306122449
-0.3055555555555556,0.0,0.8661340200512837,-0.4897959183673469
-0.027777777777777776,-1.0,0.25491102380402125,0.14285714285714285
0.2222222222222222,-1.0,-0.7983756479249893,-0.12244897959183673
-0.6388888888888888,0.0,0.41423178931845445,0.0
0.4166666666666667,0.0,0.2690415662451715,-0.8163265306122449
-0.5277777777777778,-1.0,0.04172031650654253,0.42857142857142855
0.3611111111111111,0.0,-0.8918969482870569,1.0
-0.6944444444444444,0.0,-0.491597609693288,-0.5918367346938775
0.08333333333333333,-1.0,-0.928059691637228,0.12244897959183673
0.8055555555555556,0.0,0.9607998503307031,-0.7346938775510204
-0.9166666666666666,0.0,-0.7495020194349984,-0.10204081632653061
0.6944444444444444,0.0,0.3698592448303565,-0.24489795918367346
-0.6666666666666666,0.0,0.8980267864021042,-0.7755102040816326
0.4166666666666667,0.0,0.198080711369364,0.7755102040816326
0.25,0.0,0.7882839754806475,-0.24489795918367346
0.4444444444444444,-1.0,0.8383351491740676,0.3673469387755102
-0.8333333333333334,-1.0,0.6368098429572893,-0.5918367346938775
-0.2777777777777778,0.0,0.2129265850088591,0.5714285714285714
0.6944444444444444,0.0,0.052648376198179754,-0.8163265306122449
0.16666666666666666,-1.0,-0.8185810030043911,0.7755102040816326
1.0,0.0,0.5038022604465868,0.20408163265306123
-0.3611111111111111,0.0,0.7631373325849868,0.8367346938775511
0.5277777777777778,0.0,-0.8108004005854711,0.2857142857142857
0.8055555555555556,0.0,-0.5227530346550453,-0.8979591836734694
0.3055555555555556,-1.0,0.14211980146807973,-0.1836734693877551
0.6666666666666666,0.0,0.873430398274401,-0.673469387755102
-0.05555555555555555,0.0,0.6492896210945668,-0.4897959183673469
0.2777777777777778,0.0,-0.5614689601285395,-0.8775510204081632
-0.3333333333333333,0.0,-0.4384760143946647,0.16326530612244897
0.25,-1.0,0.7820660966027271,-0.7551020408163265
-0.4444444444444444,-1.0,-0.2411876698911596,0.30612244897959184
0.8333333333333334,0.0,0.658831038770951,0.9183673469387755
0.9722222222222222,0.0,0.11405680830224393,0.6938775510204082
-0.6388888888888888,-1.0,-0.8974765316341466,-0.7551020408163265
-0.2777777777777778,-1.0,-0.6048290358435956,0.5714285714285714
-0.19444444444444445,-1.0,-0.14954824083550683,0.7755102040816326
0.05555555555555555,0.0,0.08986760870282941,-0.24489795918367346
-0.3888888888888889,-1.0,0.7960645778995675,0.08163265306122448
-0.027777777777777776,-1.0,0.4016749755136628,-0.2857142857142857
-0.8611111111111112,0.0,-0.4235310948969373,-0.6122448979591837
-0.5,-1.0,0.39399341895297524,-0.3469387755102041
-1.0,-1.0,0.45988092486821397,-0.12244897959183673
-0.19444444444444445,0.0,0.4200865000495229,0.7959183673469388
0.16666666666666666,-1.0,-0.9656861126701662,-0.4489795918367347
0.2777777777777778,-1.0,-0.3155821145190223,-0.8775510204081632
0.7222222222222222,0.0,-0.24729549781548857,0.10204081632653061
-0.9166666666666666,0.0,0.6304929182211364,-0.673469387755102
0.8611111111111112,-1.0,0.2051789978760166,0.9795918367346939
-0.6111111111111112,-1.0,-0.3280398824655816,-0.673469387755102
0.6944444444444444,0.0,-0.5050018158407342,-0.24489795918367346
-0.5,-1.0,-0.2523248263946207,0.5714285714285714
0.0,-1.0,0.24368582653768694,0.5306122448979592
-0.027777777777777776,0.0,0.7912553512276184,0.8571428571428571
0.3333333333333333,0.0,-0.4526945975986882,0.4897959183673469
-0.3888888888888889,-1.0,-0.705899831622041,0.5918367346938775
-0.027777777777777776,0.0,0.36360835066635855,0.7346938775510204
0.3888888888888889,0.0,0.15282775925253392,0.6326530612244898
0.05555555555555555,-1.0,-0.09411557551146181,-0.7755102040816326
0.2777777777777778,-1.0,-0.23353912861654946,-0.5510204081632653
-0.5277777777777778,-1.0,0.6556835814982337,0.6530612244897959
0.2777777777777778,-1.0,0.629161301682679,-0.22448979591836735
0.0,0.0,-0.5142791112284988,0.3673469387755102
-0.05555555555555555,0.0,-0.5974226066668867,-0.08163265306122448
0.5277777777777778,-1.0,0.08940539469774506,-0.8979591836734694
0.2777777777777778,0.0,0.020744604752000177,0.9591836734693877
-0.8611111111111112,-1.0,0.5711644491399518,-0.9183673469387755
0.75,0.0,-0.1377837938965741,-0.7142857142857143
0.9444444444444444,-1.0,-0.5204529697249827,0.10204081632653061
-0.9166666666666666,-1.0,-0.7843221411513531,-0.10204081632653061
0.4444444444444444,0.0,-0.9000847392342655,0.3469387755102041
-0.2777777777777778,0.0,-0.8424180395523128,-0.9795918367346939
0.5555555555555556,0.0,-0.2722330438993254,-0.7959183673469388
-0.7222222222222222,-1.0,-0.4183697051734953,-0.7346938775510204
-0.2222222222222222,0.0,-0.22122442690965918,0.061224489795918366
0.19444444444444445,-1.0,-0.5363113121375197,0.08163265306122448
1.0,-1.0,0.1727139665665203,-0.673469387755102
0.75,-1.0,0.7366810833415871,-0.32653061224489793
-0.8055555555555556,0.0,0.6567180604619939,-0.9183673469387755
-0.5,0.0,-0.08793071191961878,0.30612244897959184
-1.0,-1.0,-0.5103062718038451,0.7959183673469388
0.2777777777777778,0.0,-0.08877810426227344,-0.6326530612244898
0.5555555555555556,0.0,0.43620896475067955,1.0
-0.4166666666666667,0.0,-0.428241275710654,0.4897959183673469
-0.16666666666666666,-1.0,-0.562811581762356,-0.3877551020408163
0.08333333333333333,0.0,0.9428175245138499,0.16326530612244897
0.8888888888888888,0.0,-0.7444396755697889,0.5306122448979592
0.16666666666666666,0.0,-0.2650467166297996,-0.7142857142857143
0.3888888888888889,-1.0,0.5243927938635589,0.14285714285714285
0.4444444444444444,-1.0,0.907766295794953,1.0
0.5555555555555556,0.0,0.8827186987575247,0.20408163265306123
0.5277777777777778,0.0,-0.8089845598512111,-0.5510204081632653
-0.7777777777777778,0.0,0.723574014768838,-0.8163265306122449
0.8611111111111112,-1.0,-0.6798287607162116,-0.9387755102040817
1.0,0.0,-0.11181176884897708,0.061224489795918366
0.25,-1.0,0.5893228564825514,0.9591836734693877
-0.4722222222222222,-1.0,-0.7958995014691802,0.2653061224489796
-0.8611111111111112,0.0,-0.6372940671530919,-0.5714285714285714
-0.6388888888888888,0.0,-0.6912410446036515,0.061224489795918366
0.8611111111111112,0.0,0.8916218209030782,-0.40816326530612246
0.3611111111111111,-1.0,0.18978286946856396,-0.20408163265306123
-0.08333333333333333,-1.0,-0.28344723607030053,0.6530612244897959
-0.4166666666666667,0.0,-0.956210725565937,-0.42857142857142855
-0.9166666666666666,0.0,-0.8133976030902308,0.5510204081632653
-0.7777777777777778,-1.0,0.6422903804461466,-0.7551020408163265
1.0,-1.0,-0.2444231679267501,-0.08163265306122448
-0.027777777777777776,-1.0,-0.805848107673853,0.9183673469387755
-0.8611111111111112,-1.0,0.5452694597598688,-0.02040816326530612
0.2777777777777778,-1.0,-0.9728504297489737,-0.5102040816326531
0.4166666666666667,-1.0,-0.3319687015087986,0.4897959183673469
-0.9722222222222222,0.0,-0.6765382372038253,0.5918367346938775
-0.8055555555555556,-1.0,-0.8929094170600989,0.6122448979591837
0.8611111111111112,-1.0,0.8437166408046926,0.0
0.027777777777777776,0.0,-0.8980928169742591,0.8571428571428571
0.2777777777777778,0.0,-0.10138994354386081,-0.3877551020408163
-0.8888888888888888,-1.0,-0.11920719293032674,0.12244897959183673
0.25,-1.0,-0.7641167860719513,0.0
0.19444444444444445,0.0,0.8408223007252358,0.22448979591836735
0.6666666666666666,0.0,-0.9155248880231547,0.10204081632653061
-0.9444444444444444,0.0,0.09672378311158066,-0.16326530612244897
-0.08333333333333333,0.0,0.2835242717378146,0.8163265306122449
-0.3055555555555556,-1.0,0.607041060010785,0.40816326530612246
0.7222222222222222,0.0,-0.19570361077178733,0.3877551020408163
-0.05555555555555555,0.0,-0.30314635676318136,0.40816326530612246
-0.4444444444444444,0.0,0.8706351040531766,0.0
0.5555555555555556,-1.0,-0.016551663420163537,0.5510204081632653
0.6111111111111112,-1.0,0.7058778214313227,0.10204081632653061
-0.3888888888888889,0.0,-0.4930612873760551,-1.0
0.8888888888888888,0.0,-0.838654296939483,-0.6938775510204082
-0.8888888888888888,0.0,-0.7612004358017762,0.0
-0.3611111111111111,-1.0,0.6722462500137564,-0.2857142857142857
-0.5277777777777778,0.0,-0.7099166914281312,0.02040816326530612
-0.7777777777777778,-1.0,0.5550860048202317,0.02040816326530612
0.8333333333333334,0.0,0.22344745617220774,0.8775510204081632
0.5277777777777778,-1.0,-0.8027006504011357,-0.5918367346938775
-0.5,-1.0,0.5144441876588861,-0.9183673469387755
-0.3333333333333333,0.0,-0.958609836354232,0.7551020408163265
-0.3888888888888889,-1.0,0.566674370233418,-0.08163265306122448
0.5,0.0,0.2818294870525053,-0.42857142857142855
-0.3055555555555556,-1.0,-0.35781967050744495,0.6122448979591837
-0.1388888888888889,0.0,0.8957267214720416,0.14285714285714285
0.7777777777777778,0.0,0.24390592844486997,-0.5714285714285714
0.16666666666666666,0.0,0.8594649322636381,0.8163265306122449
-0.5555555555555556,-1.0,0.6817766625947814,-0.9591836734693877
-0.5833333333333334,-1.0,0.9956970077145718,0.32653061224489793
0.5,0.0,0.055300604179735216,-0.061224489795918366
-0.08333333333333333,-1.0,-0.9002608207600119,0.2857142857142857
-0.5555555555555556,0.0,-0.7797110061958686,0.6122448979591837
0.4444444444444444,0.0,0.5557463105417808,0.02040816326530612
-0.2222222222222222,-1.0,-0.6997479833162754,-0.14285714285714285
-0.4722222222222222,0.0,-0.1037890543321558,-0.9387755102040817
-0.05555555555555555,-1.0,0.7883059856713659,0.46938775510204084
-0.8611111111111112,0.0,0.8877040069552202,-0.5510204081632653
0.9166666666666666,0.0,-0.8495163260589653,-0.6530612244897959
0.027777777777777776,-1.0,-0.33352041995443893,0.3673469387755102
-0.2777777777777778,-1.0,0.4481054728339221,-0.7346938775510204
0.1111111111111111,0.0,-0.4407210538479316,-0.6938775510204082
0.2777777777777778,-1.0,-0.41294419316143377,-0.7142857142857143
0.3611111111111111,0.0,0.7684087732620203,-0.24489795918367346
-0.5555555555555556,0.0,0.16180791706560138,0.10204081632653061
0.08333333333333333,0.0,-0.2868037901548417,-0.7959183673469388
0.4722222222222222,-1.0,-0.1248418017542122,0.9183673469387755
0.9166666666666666,0.0,-0.3102776585559114,0.3673469387755102
0.4166666666666667,-1.0,-0.03964035348366294,-0.42857142857142855
-0.5277777777777778,0.0,0.44079808951544563,0.1836734693877551
-0.3333333333333333,0.0,0.8799123994409411,-0.3877551020408163
-0.2222222222222222,-1.0,-0.20500291635027018,0.5102040816326531
0.7222222222222222,0.0,0.6777818129794094,0.9591836734693877
-0.8888888888888888,-1.0,-0.6570812286088459,-0.8775510204081632
0.8333333333333334,-1.0,-0.2854941838071027,0.5510204081632653
-0.8611111111111112,-1.0,-0.7014427680015848,0.5306122448979592
-0.16666666666666666,0.0,-0.5105924042831831,-0.24489795918367346
0.7777777777777778,-1.0,-0.25342533593053584,-0.7142857142857143
-0.6388888888888888,-1.0,-0.06077013657323341,0.061224489795918366
0.1111111111111111,0.0,-0.9796845939670067,0.6326530612244898
-0.7777777777777778,-1.0,-0.7798320622448194,-0.16326530612244897
0.3055555555555556,0.0,-0.30368560643577974,0.9387755102040817
-0.8888888888888888,0.0,0.8633277207347002,0.5510204081632653
0.8888888888888888,0.0,-0.6222831170832095,0.673469387755102
-0.8333333333333334,-1.0,0.07373413890631363,-0.7755102040816326
-0.5833333333333334,0.0,0.4893195549539437,-0.2857142857142857
-0.7222222222222222,-1.0,0.4124159485841945,0.8979591836734694
0.0,0.0,0.28331517492599073,0.02040816326530612
0.3333333333333333,-1.0,0.5506949717719304,0.8163265306122449
-0.9444444444444444,-1.0,0.2862975557683207,-0.5714285714285714
0.3055555555555556,0.0,-0.4077497881519143,-0.9183673469387755
-0.5277777777777778,0.0,-0.6716189595782848,-0.2653061224489796
-0.7777777777777778,0.0,0.38805066745903355,0.02040816326530612
-0.3611111111111111,0.0,-0.438641090825052,0.12244897959183673
-0.05555555555555555,0.0,-0.3794666930788955,0.10204081632653061
-0.2222222222222222,0.0,-0.10331583523171228,-0.42857142857142855
-0.7222222222222222,0.0,0.10744274599139401,0.7346938775510204
-0.3055555555555556,0.0,-0.038418787898797144,-0.1836734693877551
-0.9444444444444444,-1.0,-0.7172240747466077,-0.8163265306122449
0.4444444444444444,-1.0,0.5852839864857429,0.3877551020408163
0.4444444444444444,0.0,0.20413351381689723,0.9183673469387755
-0.4444444444444444,0.0,0.28584634685859556,-1.0
0.16666666666666666,0.0,-0.07547294397305952,-0.3673469387755102
0.16666666666666666,-1.0,-0.5725841064412823,-0.061224489795918366
-0.5833333333333334,0.0,-0.029460640276447996,0.42857142857142855
-0.1388888888888889,-1.0,-0.8220366029471645,-1.0
0.3055555555555556,0.0,0.048114276910209426,0.24489795918367346
-0.3611111111111111,-1.0,0.859167794688941,0.12244897959183673
-0.8611111111111112,0.0,-0.7075285857351954,0.7959183673469388
0.5555555555555556,0.0,0.7355365534242354,0.22448979591836735
0.6666666666666666,0.0,0.22766240769476268,0.2857142857142857
-0.8611111111111112,0.0,-0.32082053990997833,0.673469387755102
-0.8055555555555556,0.0,-0.6594693343017817,0.9591836734693877
-0.19444444444444445,0.0,0.27861599920763314,-0.42857142857142855
-0.25,0.0,0.7425908195494514,-0.7551020408163265
-0.5833333333333334,-1.0,0.05017222974237072,0.08163265306122448
-0.6944444444444444,-1.0,0.9644205267038639,-0.8571428571428571
0.19444444444444445,0.0,-0.8947802832711546,0.7959183673469388
0.4444444444444444,0.0,-0.1624131973103547,-0.6938775510204082
-0.6388888888888888,-1.0,0.397977263472988,0.6938775510204082
0.8611111111111112,-1.0,-0.7133502811801864,0.8163265306122449
0.19444444444444445,0.0,-0.9077993110810305,-0.4489795918367347
0.9166666666666666,-1.0,-0.2983041148051548,0.9591836734693877
-0.1388888888888889,0.0,0.42597422606666885,-0.5918367346938775
-0.19444444444444445,0.0,0.18347694982777027,-0.7346938775510204
0.5277777777777778,0.0,0.8813760771237082,0.061224489795918366
0.6388888888888888,-1.0,-0.6346748544576138,-0.22448979591836735
-0.4444444444444444,0.0,-0.4588134306183763,1.0
0.9722222222222222,-1.0,0.7841790749116841,0.9591836734693877
0.8055555555555556,-1.0,-0.04633145146202692,-0.5510204081632653
-0.8333333333333334,0.0,-0.14868984339749303,0.2857142857142857
0.1111111111111111,-1.0,0.3457911012798926,-0.8775510204081632
-0.8611111111111112,0.0,0.29044647671872076,0.32653061224489793
-0.5,0.0,0.8163359635511241,0.40816326530612246
-0.19444444444444445,0.0,0.047299899853632234,-0.32653061224489793
-0.08333333333333333,-1.0,-0.7465416487833867,-0.8571428571428571
0.6666666666666666,-1.0,0.6413659524359778,-0.6530612244897959
0.3333333333333333,0.0,-0.050788515082483186,-0.5918367346938775
-0.2777777777777778,-1.0,-0.2064665940330373,0.8571428571428571
0.2222222222222222,0.0,-0.19096041467199312,-1.0204081632653061
-0.1388888888888889,-1.0,-0.6059735657609473,0.6938775510204082
-0.8333333333333334,-1.0,-0.030297027523743494,0.40816326530612246
1.0,0.0,0.27479723111800763,0.7551020408163265
-0.6111111111111112,0.0,0.25207170920136024,0.5102040816326531
0.05555555555555555,-1.0,-0.26740180703665795,-0.02040816326530612
0.027777777777777776,-1.0,-0.8551179195967733,0.3469387755102041
0.6944444444444444,-1.0,0.5811240604399837,-0.7142857142857143
-0.5833333333333334,-1.0,0.17194360989137972,0.40816326530612246
0.1388888888888889,0.0,0.8902681941739026,-0.6122448979591837
-0.1111111111111111,0.0,-0.09973917923998811,0.4489795918367347
-0.3333333333333333,0.0,-0.5562745551190201,0.061224489795918366
0.25,0.0,0.19052021085762708,0.673469387755102
-0.05555555555555555,0.0,-0.30179273003400575,-0.6530612244897959
0.5,0.0,-0.3471667381997865,-0.7551020408163265
0.5555555555555556,-1.0,-0.13777278880121496,0.7755102040816326
-0.05555555555555555,0.0,-0.32608097549165266,0.20408163265306123
0.5,-1.0,-0.6096822828969813,0.2857142857142857
0.027777777777777776,-1.0,-0.17085410545082372,-0.7142857142857143
-0.4444444444444444,0.0,0.09650368120439763,0.8571428571428571
0.75,0.0,0.8674326213036636,-0.2857142857142857
0.7222222222222222,0.0,-0.1556340585691175,-0.8979591836734694
0.6111111111111112,-1.0,-0.560918705360582,0.8367346938775511
-0.8055555555555556,0.0,0.9955649465702621,-0.5306122448979592
-0.4166666666666667,-1.0,-0.246525141140348,-0.9591836734693877
0.1388888888888889,-1.0,-0.7361198234782704,-0.6326530612244898
-0.9444444444444444,-1.0,-0.1944270197101258,-0.8775510204081632
-0.3611111111111111,-1.0,-0.5309188154115355,-0.2653061224489796
0.9722222222222222,-1.0,-0.5714835969053672,0.16326530612244897
0.5555555555555556,0.0,-0.7276018796702873,0.7959183673469388
0.4722222222222222,-1.0,0.7399165813771776,0.8163265306122449
-0.6111111111111112,0.0,-0.24735052329228432,-0.5714285714285714
-0.2777777777777778,0.0,0.6777047773118954,0.9795918367346939
0.2222222222222222,0.0,0.7755620852454687,0.04081632653061224
0.7777777777777778,-1.0,0.5492863195659591,-0.10204081632653061
0.027777777777777776,0.0,-0.1261734182926695,0.5102040816326531
-0.3333333333333333,0.0,0.9032652117930602,-0.5714285714285714
0.4722222222222222,0.0,0.7815708673115652,-0.9591836734693877
-0.5833333333333334,0.0,-0.018433534726578406,0.4897959183673469
0.3888888888888889,-1.0,0.171965620082098,-0.6122448979591837
0.9722222222222222,0.0,0.7962186492345956,0.6326530612244898
0.3333333333333333,-1.0,-0.5016342566608339,-0.46938775510204084
0.75,0.0,0.4802953767594396,0.8571428571428571
0.0,-1.0,-0.3348520364928962,0.6122448979591837
-0.08333333333333333,0.0,-0.540988477665159,-0.42857142857142855
-0.7777777777777778,-1.0,-0.43288542595221585,0.3877551020408163
-0.5277777777777778,-1.0,-0.09043987366150527,-0.8163265306122449
-0.9722222222222222,-1.0,-0.18259654219903815,0.16326530612244897
0.19444444444444445,0.0,0.7519561557000891,-0.9795918367346939
-0.16666666666666666,-1.0,-0.8948463138433095,-0.2857142857142857
-0.7777777777777778,0.0,0.008969152717708298,1.0
0.5833333333333334,0.0,0.43266532404503283,0.4897959183673469
-0.5277777777777778,0.0,-0.19572562096250565,0.061224489795918366
0.5555555555555556,0.0,0.5431894967369892,-0.7551020408163265
-0.8888888888888888,0.0,-0.8331297390691891,0.32653061224489793
0.5555555555555556,-1.0,-0.8638119449305028,0.9387755102040817
0.5555555555555556,-1.0,0.5902142692066427,-0.9387755102040817
-0.5555555555555556,0.0,0.4225736516006911,-0.16326530612244897
-0.9166666666666666,-1.0,0.7572165912817634,-0.8571428571428571
0.08333333333333333,-1.0,-0.5418688852938911,-0.40816326530612246
-0.6944444444444444,0.0,-0.07867542672257255,-0.4897959183673469
0.0,0.0,-0.2964332485940991,-0.7551020408163265
0.5,-1.0,-0.5209151837300671,-0.7755102040816326
-0.9444444444444444,0.0,0.07845532481538953,0.6938775510204082
-0.7222222222222222,0.0,-0.43866310101577033,-0.8571428571428571
0.4444444444444444,0.0,0.7677374624451121,-0.9591836734693877
0.6944444444444444,-1.0,-0.22462500137563693,-0.7142857142857143
0.2777777777777778,0.0,0.39790022780547396,0.5306122448979592
-0.08333333333333333,-1.0,-0.07241352746321547,0.16326530612244897
0.2777777777777778,0.0,-0.5423641145850528,-0.8979591836734694
-0.1111111111111111,0.0,-0.23991107882949805,-0.12244897959183673
-0.8055555555555556,0.0,-0.8164900348861522,0.5306122448979592
-0.9444444444444444,0.0,-0.29121683339386134,0.7142857142857143
0.1388888888888889,-1.0,0.7414572947274588,-0.14285714285714285
-0.16666666666666666,0.0,0.48132985572319986,-0.20408163265306123
-0.1111111111111111,-1.0,0.7114904200644898,0.6938775510204082
-0.25,-1.0,-0.15295982039684375,0.9795918367346939
0.4166666666666667,0.0,-0.7116995168763137,-0.08163265306122448
-0.3888888888888889,0.0,-0.8871537521872627,0.7959183673469388
-0.16666666666666666,-1.0,-0.7403567851915437,0.7959183673469388
0.5555555555555556,-1.0,0.6843518549088228,0.3673469387755102
-0.8888888888888888,-1.0,-0.8664311576259808,-0.061224489795918366
0.4722222222222222,-1.0,0.4313447126019347,-0.061224489795918366
-0.16666666666666666,-1.0,-0.7733830763643567,-0.4489795918367347
0.9444444444444444,-1.0,0.47047883169907667,-1.0204081632653061
0.9722222222222222,-1.0,-0.7050304290886681,0.5306122448979592
-0.3333333333333333,-1.0,0.6803900205795284,0.24489795918367346
0.8888888888888888,-1.0,0.27145168212882564,-0.9183673469387755
-0.4444444444444444,0.0,-0.43092651897828693,0.24489795918367346
0.6944444444444444,-1.0,-0.7419415189232614,0.8775510204081632
0.75,0.0,0.21651424609594241,0.061224489795918366
-0.7222222222222222,0.0,-0.8568677297588784,0.46938775510204084
0.75,-1.0,0.8052208172383813,0.3877551020408163
0.6666666666666666,0.0,-0.17547624550166727,-0.9183673469387755
-0.3055555555555556,-1.0,0.1796251664520673,0.9183673469387755
0.3611111111111111,-1.0,0.6964354496131709,-0.22448979591836735
0.5555555555555556,0.0,0.9564198223777609,-0.673469387755102
-0.3888888888888889,-1.0,0.820980113792686,-0.7142857142857143
-0.9444444444444444,0.0,0.3893602738067725,0.24489795918367346
-0.5555555555555556,-1.0,-0.20943796978000814,-0.04081632653061224
0.027777777777777776,-1.0,0.6216448215523788,-0.5714285714285714
0.6666666666666666,0.0,-0.10170909130927619,-0.6326530612244898
0.027777777777777776,-1.0,-0.5576281818481957,0.7142857142857143
-0.8333333333333334,0.0,-0.33401564924560073,0.7755102040816326
0.8055555555555556,-1.0,0.44321921049445895,0.9387755102040817
0.0,-1.0,0.16364576799057964,0.02040816326530612
-0.2777777777777778,0.0,0.4977384529036944,0.8979591836734694
0.3888888888888889,0.0,0.9740059647616847,-0.6938775510204082
0.7222222222222222,-1.0,0.6824149581256121,0.5918367346938775
0.0,0.0,0.7304301891775892,-0.5714285714285714
0.4444444444444444,0.0,0.6427966148326675,0.22448979591836735
-0.8333333333333334,0.0,-0.7694652624164988,-0.8775510204081632
0.6111111111111112,-1.0,0.21119878503747236,0.08163265306122448
0.75,-1.0,-0.9197728548317872,0.0
-0.6111111111111112,-1.0,0.1089394389602386,0.16326530612244897
-0.9722222222222222,-1.0,-0.044933804351414704,0.7959183673469388
0.4166666666666667,0.0,0.25376649388666955,-0.7755102040816326
0.3611111111111111,0.0,0.5954086742161621,-0.5918367346938775
0.027777777777777776,0.0,0.09661373215798914,0.42857142857142855
0.5833333333333334,-1.0,-0.7214830466505993,0.7959183673469388
0.4166666666666667,-1.0,-0.266532404503285,0.9795918367346939
0.8888888888888888,0.0,-0.28351326664245546,-0.5714285714285714
0.4444444444444444,-1.0,-0.9056643225813552,0.9795918367346939
0.6666666666666666,-1.0,-0.049610969879054,0.9591836734693877
0.5277777777777778,0.0,0.6909218968382361,-0.4489795918367347
0.1388888888888889,0.0,-0.9114530027402687,0.10204081632653061
0.1111111111111111,0.0,-0.6067769377221653,0.9183673469387755
0.1388888888888889,-1.0,0.08698427371873177,0.673469387755102
0.25,0.0,0.6528112516094952,-0.10204081632653061
-0.6666666666666666,0.0,-0.06601956705954858,-0.9183673469387755
0.0,0.0,0.9970726446344658,-0.6326530612244898
0.4166666666666667,0.0,0.7829575093268183,0.8571428571428571
0.3888888888888889,0.0,0.4976944325222578,0.6122448979591837
0.1388888888888889,-1.0,-0.11933925407463655,0.673469387755102
-0.8611111111111112,-1.0,-0.8937458043073944,-0.673469387755102
0.4444444444444444,0.0,-0.4305743559267941,0.9795918367346939
-0.027777777777777776,-1.0,-0.3434690261591117,-0.46938775510204084
0.8055555555555556,0.0,0.7159694938756644,-0.9591836734693877
0.5833333333333334,0.0,0.41966830642587516,0.32653061224489793
-0.75,0.0,0.8020513497749459,0.1836734693877551
0.9166666666666666,0.0,-0.3019908217504705,-0.4489795918367347
0.4444444444444444,0.0,-0.465625584645691,0.5102040816326531
-0.027777777777777776,0.0,-0.6510064159705944,0.5714285714285714
-0.2777777777777778,0.0,0.3530764744076507,-0.8367346938775511
0.8055555555555556,0.0,0.7996192237005734,0.3673469387755102
0.05555555555555555,0.0,-0.5784608273630691,0.9795918367346939
0.0,0.0,-0.26729175608306643,0.673469387755102
-0.19444444444444445,0.0,-0.2043426106287211,-0.08163265306122448
-0.7222222222222222,0.0,0.7652503108939439,-0.12244897959183673
-0.7222222222222222,-1.0,0.5753353802810701,0.14285714285714285
0.6666666666666666,0.0,0.792102743570273,0.14285714285714285
0.2777777777777778,0.0,0.39831842142912166,0.42857142857142855
0.9444444444444444,-1.0,0.5215204639748203,-0.42857142857142855
-0.5,-1.0,0.12212354320050184,-0.6326530612244898
0.6666666666666666,-1.0,0.4550386829101874,-0.32653061224489793
-0.027777777777777776,0.0,-0.1638108444209669,-0.9591836734693877
0.6111111111111112,0.0,-0.941155755114618,-0.08163265306122448
-0.2222222222222222,0.0,-0.4703357654594077,0.1836734693877551
0.6944444444444444,0.0,0.5723750096294584,-1.0
-0.05555555555555555,-1.0,-0.024904530797759363,-0.8163265306122449
-0.2222222222222222,0.0,0.09501799333091221,-0.32653061224489793
-0.05555555555555555,0.0,-0.9736317915194735,0.7959183673469388
-0.19444444444444445,-1.0,-0.7426898654076838,0.3673469387755102
-0.4444444444444444,-1.0,0.1180186426315384,-0.061224489795918366
0.0,-1.0,0.512397239922084,-0.7551020408163265
0.2222222222222222,0.0,-0.04387731519693618,0.6530612244897959
0.4166666666666667,0.0,-0.9221389503340046,-0.46938775510204084
0.4444444444444444,-1.0,-0.5798034489968855,-0.8979591836734694
-0.3055555555555556,0.0,-0.6426645536883577,0.8979591836734694
0.3333333333333333,0.0,0.661373215798915,-0.9387755102040817
-0.8888888888888888,0.0,0.29080964486557276,0.3877551020408163
0.8333333333333334,0.0,-0.8533571043393091,-0.3877551020408163
0.5555555555555556,0.0,-0.405394697745056,0.5102040816326531
0.3611111111111111,-1.0,0.9365116048730562,-0.5102040816326531
-0.5555555555555556,-1.0,0.830070322559345,-0.7755102040816326
0.3888888888888889,0.0,-0.7709839655760617,-0.7959183673469388
-0.4444444444444444,-1.0,-0.8889475827308043,-0.2653061224489796
-0.027777777777777776,0.0,0.49156459440721056,0.7959183673469388
-0.1111111111111111,0.0,-0.8877370222412977,-0.02040816326530612
-0.05555555555555555,0.0,-0.1791079269701872,0.9795918367346939
0.8611111111111112,0.0,0.948287056907348,-0.8163265306122449
-0.027777777777777776,0.0,-0.7733610661736384,-0.7755102040816326
0.2777777777777778,0.0,-0.433622767341279,-0.8367346938775511
0.6111111111111112,-1.0,-0.5950455060693101,-0.3469387755102041
-0.6666666666666666,-1.0,0.7920917384749139,0.3877551020408163
-0.7777777777777778,0.0,0.995708012809931,0.673469387755102
0.3055555555555556,-1.0,0.7903089130267313,-0.2653061224489796
-0.9444444444444444,-1.0,-0.8376748434525185,1.0
0.5833333333333334,0.0,0.7974402148194614,0.22448979591836735
0.7222222222222222,0.0,0.940792586967766,0.7142857142857143
-0.5277777777777778,-1.0,0.6513695841174464,0.7346938775510204
-0.6388888888888888,-1.0,-0.9052791442437849,-0.7551020408163265
-0.19444444444444445,0.0,0.502514664289566,-0.673469387755102
-0.7222222222222222,-1.0,-0.8988741787447588,0.16326530612244897
-0.5277777777777778,-1.0,-0.7941937116885118,0.8163265306122449
0.1388888888888889,0.0,0.8588926673049622,-0.8979591836734694
0.8055555555555556,0.0,0.2397900227805474,-0.8163265306122449
-0.75,0.0,0.7924328964310475,-0.5510204081632653
-0.6666666666666666,0.0,-0.944567334675955,0.22448979591836735
0.5,0.0,-0.4294408311048015,1.0
-0.9722222222222222,0.0,0.5627345460948419,-0.9183673469387755
0.7222222222222222,-1.0,0.9739289290941706,0.2857142857142857
-0.8333333333333334,-1.0,0.3700793467375395,-0.42857142857142855
-0.5555555555555556,0.0,0.5068946922425083,0.42857142857142855
-0.7777777777777778,-1.0,-0.8296741391264155,-0.5918367346938775
0.05555555555555555,0.0,0.1564264254349764,0.12244897959183673
-0.4444444444444444,0.0,0.8308957047112813,-0.3673469387755102
-0.05555555555555555,0.0,0.07845532481538953,0.2857142857142857
-0.9444444444444444,0.0,0.3684946130058217,0.32653061224489793
-0.2222222222222222,0.0,-0.2569579715408234,0.6122448979591837
0.7222222222222222,0.0,0.8129243839897873,0.7142857142857143
0.9722222222222222,-1.0,-0.8826416630900107,0.16326530612244897
0.75,0.0,-0.17426568501216064,0.7551020408163265
0.1111111111111111,-1.0,-0.3052373248814201,0.08163265306122448
0.3333333333333333,-1.0,-0.15946383175410214,-0.8979591836734694
1.0,0.0,0.8483167706648178,0.5918367346938775
-0.6944444444444444,-1.0,-0.4026104086191907,-0.14285714285714285
-0.25,-1.0,0.5001705789780668,-1.0204081632653061
0.3611111111111111,-1.0,-0.4910363498299713,0.20408163265306123
0.25,-1.0,0.42536894582191553,-0.42857142857142855
0.1111111111111111,0.0,-0.9222710114783145,-0.9183673469387755
0.9722222222222222,0.0,-0.040047542011951535,0.4489795918367347
0.6111111111111112,-1.0,-0.00045120890972520276,0.7346938775510204
0.5277777777777778,0.0,-0.25295211683009233,0.08163265306122448
0.3055555555555556,0.0,-0.9194977274478083,-0.24489795918367346
-0.5833333333333334,-1.0,0.7540031034368913,-0.14285714285714285
-0.3611111111111111,0.0,-0.48864824413703545,0.6530612244897959
-0.027777777777777776,-1.0,0.6194988279573442,-0.24489795918367346
-0.6388888888888888,0.0,0.38459506751626005,0.8979591836734694
0.5277777777777778,-1.0,-0.908701728900481,0.7142857142857143
0.027777777777777776,0.0,-0.5326576204782815,-0.04081632653061224
-0.6666666666666666,0.0,-0.9658401840051944,-0.46938775510204084
-0.6111111111111112,-1.0,-0.2291701057589664,0.16326530612244897
-0.19444444444444445,0.0,-0.11134955484389272,-0.20408163265306123
-0.3611111111111111,-1.0,-0.9233825261095887,0.9591836734693877
0.8055555555555556,0.0,-0.3461322592360263,-0.14285714285714285
0.9444444444444444,0.0,-0.5194515060473,0.02040816326530612
0.027777777777777776,-1.0,-0.008892117050194239,-0.8367346938775511
-0.1111111111111111,-1.0,-0.5913147787425578,0.08163265306122448
0.1111111111111111,0.0,0.675129584997854,-0.5714285714285714
0.0,0.0,0.24698735514543232,-0.3469387755102041
0.2777777777777778,0.0,-0.13740962065436296,-0.6938775510204082
-0.6944444444444444,-1.0,-0.948210021239834,-0.7959183673469388
-0.7777777777777778,-1.0,0.12702081063532417,-0.2857142857142857
-0.5,-1.0,-0.7789956749975239,0.8367346938775511
-1.0,0.0,-0.6963143935642202,-0.7959183673469388
-0.5,-1.0,0.9591050656453938,-0.3469387755102041
-0.4444444444444444,0.0,-0.5538864494260842,-0.10204081632653061
0.3055555555555556,0.0,-0.6466263880176522,0.7551020408163265
0.4166666666666667,-1.0,0.7545753683955672,0.7346938775510204
0.6666666666666666,0.0,0.0734920268084123,-0.7755102040816326
-0.4722222222222222,-1.0,0.6220410049853082,0.22448979591836735
-0.5555555555555556,-1.0,0.10963275996786512,-0.3673469387755102
0.5,-1.0,-0.5560104328304005,-0.8163265306122449
0.6388888888888888,0.0,0.12654759153488065,0.6122448979591837
0.25,-1.0,-0.11461806816556065,-0.02040816326530612
-0.4444444444444444,0.0,-0.5956617914094225,0.8775510204081632
0.8888888888888888,0.0,0.5672796504781714,-0.10204081632653061
-0.1388888888888889,-1.0,-0.3971298711303333,0.2653061224489796
0.2222222222222222,0.0,-0.24147380237049754,-0.9387755102040817
0.05555555555555555,0.0,-0.24091254250718083,-0.7142857142857143
1.0,0.0,0.05372687554337658,0.14285714285714285
-0.2222222222222222,0.0,-0.7049754036118723,0.08163265306122448
-0.8333333333333334,0.0,-0.28762917230677804,0.0
-0.1388888888888889,-1.0,-0.20636754817480493,-0.7755102040816326
0.25,0.0,-0.3922105935047927,-0.5102040816326531
-0.19444444444444445,0.0,0.4563592943532856,0.16326530612244897
-0.7222222222222222,-1.0,-0.5853610221532569,-0.9387755102040817
0.1388888888888889,0.0,0.8070696732587188,0.30612244897959184
0.6111111111111112,-1.0,0.6712888067175102,-0.7959183673469388
0.7222222222222222,0.0,0.6093191147501293,-0.9591836734693877
-0.6111111111111112,0.0,0.714703907909362,-0.8367346938775511
-0.08333333333333333,0.0,-0.778643511946031,-0.9183673469387755
0.027777777777777776,0.0,0.5465240406308121,-0.5102040816326531
-0.9166666666666666,-1.0,-0.4724157284822873,0.20408163265306123
-0.9722222222222222,0.0,-0.7883830213388799,-0.46938775510204084
0.1388888888888889,-1.0,-0.6520078796482771,-0.8775510204081632
0.8333333333333334,0.0,0.7885591028646263,-1.0204081632653061
0.75,0.0,-0.6507973191587705,-0.7959183673469388
0.05555555555555555,-1.0,-0.06221180406528223,0.3469387755102041
-0.8055555555555556,-1.0,0.5689414198774032,-0.7551020408163265
0.25,0.0,-0.8461047464976285,0.5918367346938775
-0.16666666666666666,-1.0,0.9013063048191312,1.0
0.1111111111111111,0.0,0.859244830356455,0.5918367346938775
0.7777777777777778,-1.0,0.9468784047013767,-0.5918367346938775
0.3055555555555556,-1.0,0.653163414660988,-0.22448979591836735
0.9166666666666666,0.0,-0.5287067912443462,-0.7346938775510204
-0.6666666666666666,-1.0,0.5767990579638372,0.2857142857142857
0.4722222222222222,0.0,0.14588354408090945,-0.22448979591836735
-0.7222222222222222,-1.0,0.10319477918276161,-0.3673469387755102
0.8055555555555556,-1.0,-0.11875598402060154,0.673469387755102
-0.16666666666666666,-1.0,0.9088778104262274,-0.10204081632653061
0.08333333333333333,0.0,0.11017200964046353,0.32653061224489793
0.027777777777777776,0.0,-0.28748610606710906,0.4489795918367347
0.9444444444444444,-1.0,-0.11873397382988324,-0.8775510204081632
0.6111111111111112,-1.0,-0.880484664399617,-0.8979591836734694
0.1111111111111111,0.0,-0.6322427283832415,-0.8163265306122449
0.3611111111111111,-1.0,0.9833162754355267,0.16326530612244897
-0.8055555555555556,-1.0,-0.3684726028151034,-0.12244897959183673
0.9444444444444444,0.0,0.45656839116510944,0.7346938775510204
0.8055555555555556,-1.0,-0.5550089691527177,0.32653061224489793
-0.8333333333333334,0.0,-0.6520959204111504,-0.6530612244897959
0.8611111111111112,-1.0,-0.9128176345648035,-0.32653061224489793
-0.5,0.0,-0.038671905092057625,-0.2857142857142857
0.2777777777777778,-1.0,-0.44054497232218515,-0.7959183673469388
0.1111111111111111,0.0,0.13794887032696138,-0.6938775510204082
0.16666666666666666,0.0,-0.6329910748676637,0.9387755102040817
0.8055555555555556,-1.0,-0.7540251136276096,0.7142857142857143
-0.2222222222222222,0.0,-0.09063796537797,0.6530612244897959
-0.5277777777777778,0.0,-0.14806255296202142,-0.6530612244897959
0.7777777777777778,0.0,-0.6401994123279078,-0.5102040816326531
0.9166666666666666,-1.0,-0.35612488582213564,-0.10204081632653061
-0.6944444444444444,0.0,-0.5812671266796526,-0.8163265306122449
0.2222222222222222,-1.0,-0.124390592844487,0.24489795918367346
0.8055555555555556,0.0,-0.8584854787766736,-0.673469387755102
0.25,0.0,-0.9608108554260623,0.8571428571428571
0.6944444444444444,0.0,0.04757502723761101,0.6122448979591837
0.4166666666666667,0.0,0.3758790319918122,0.4489795918367347
-0.8611111111111112,0.0,0.5008198796042568,0.3469387755102041
-0.1111111111111111,-1.0,-0.04034467958664862,-0.3469387755102041
0.25,-1.0,-0.428967612004358,-1.0204081632653061
0.9166666666666666,0.0,0.044834758493182345,0.14285714285714285
0.5833333333333334,0.0,-0.33156151298050995,-0.8163265306122449
-0.7777777777777778,0.0,0.898962219507632,-0.673469387755102
-0.19444444444444445,-1.0,0.010355794732961362,-0.8571428571428571
0.08333333333333333,0.0,-0.38445200127659107,0.16326530612244897
-0.2222222222222222,-1.0,0.21034038759945856,-0.6530612244897959
-0.19444444444444445,0.0,0.47138124951852706,0.9591836734693877
-0.6944444444444444,-1.0,0.5211572958279683,-0.9795918367346939
0.027777777777777776,0.0,0.7218792300835287,-0.8775510204081632
-0.6388888888888888,-1.0,-0.1965289929237237,0.08163265306122448
0.1111111111111111,-1.0,0.5856691648233132,0.14285714285714285
0.5555555555555556,0.0,-0.9510933562239317,0.20408163265306123
-0.5277777777777778,0.0,-0.7201514301121419,-0.8367346938775511
0.9444444444444444,-1.0,0.7652503108939439,0.40816326530612246
-0.027777777777777776,0.0,-0.3671299811812869,-0.5918367346938775
0.8333333333333334,-1.0,0.41346143264331386,0.673469387755102
-0.7222222222222222,0.0,0.9569700771457185,0.5714285714285714
-0.4722222222222222,-1.0,-0.27207897256429725,0.5102040816326531
0.8333333333333334,-1.0,0.8975755774923789,0.6938775510204082
-0.3055555555555556,-1.0,-0.2873100245413627,-0.30612244897959184
0.7777777777777778,0.0,0.5534792608977956,0.7142857142857143
-0.2777777777777778,0.0,0.36346528442668957,0.42857142857142855
0.8888888888888888,0.0,0.43345769091089176,0.7142857142857143
-0.8888888888888888,0.0,-0.7392342654649102,0.8775510204081632
0.6944444444444444,0.0,0.3898224878118569,0.9591836734693877
-0.9722222222222222,-1.0,-0.34586813694740665,-0.2857142857142857
-0.3888888888888889,0.0,0.7183575995686002,-0.8571428571428571
0.6111111111111112,-1.0,0.481704028965411,-0.5510204081632653
0.8333333333333334,0.0,-0.421109973917924,0.8571428571428571
-0.8611111111111112,0.0,0.5557793258278583,0.3469387755102041
-0.9444444444444444,-1.0,-0.3755158638449602,0.7959183673469388
0.2222222222222222,0.0,-0.11319841086423015,-0.5102040816326531
-0.5277777777777778,-1.0,0.4451230919915921,0.5102040816326531
-0.027777777777777776,-1.0,-0.6179140942256265,0.8979591836734694
0.2777777777777778,-1.0,-0.25764028745309075,0.5918367346938775
0.8611111111111112,0.0,-0.11079930007593516,-0.2653061224489796
0.19444444444444445,-1.0,0.8347254778962659,-0.10204081632653061
-0.6111111111111112,0.0,-0.14049104735492532,-0.8367346938775511
0.19444444444444445,0.0,-0.514367151991372,0.5918367346938775
0.4444444444444444,-1.0,-0.045318982688985,0.40816326530612246
0.1388888888888889,-1.0,0.18772491663640264,-0.5102040816326531
0.2222222222222222,-1.0,-0.978253931570317,-0.7755102040816326
0.8333333333333334,-1.0,-0.3466274885271881,-0.9387755102040817
0.4722222222222222,-1.0,-0.42398230380666246,-0.3877551020408163
-0.5277777777777778,-1.0,0.30290424466528004,-0.6530612244897959
0.5833333333333334,-1.0,0.8405141580551796,0.3469387755102041
-0.9444444444444444,0.0,0.6539117611454103,0.6122448979591837
0.05555555555555555,-1.0,0.38324144078708444,0.6938775510204082
-0.08333333333333333,-1.0,0.23729186613402006,-0.8367346938775511
0.08333333333333333,-1.0,-0.18691053957982545,-0.9795918367346939
-0.6111111111111112,0.0,0.9873771556230535,0.8775510204081632
-0.9166666666666666,-1.0,-0.8881332056742272,0.02040816326530612
1.0,-1.0,0.9695489011412284,-0.20408163265306123
0.5555555555555556,-1.0,0.9713977571615658,-0.20408163265306123
0.9722222222222222,-1.0,-0.9438740136683285,-0.30612244897959184
0.8055555555555556,-1.0,0.8544466087798651,0.20408163265306123
-0.3333333333333333,0.0,-0.3528453674051086,0.673469387755102
0.6111111111111112,-1.0,-0.4802733665687213,-0.8163265306122449
-0.9722222222222222,-1.0,0.06482001166540108,-0.16326530612244897
0.8611111111111112,-1.0,0.40822300725235783,-0.7142857142857143
-0.9444444444444444,-1.0,-0.6625067406209075,0.10204081632653061
-0.4722222222222222,0.0,-0.8221026335193194,0.7142857142857143
0.6666666666666666,0.0,-0.4936775727161676,0.8979591836734694
-0.3888888888888889,0.0,0.22276514025994035,-0.8775510204081632
-0.2777777777777778,0.0,0.765547448468641,0.9387755102040817
-0.3888888888888889,-1.0,0.6833944116125766,-0.8163265306122449
-0.19444444444444445,-1.0,-0.2086786182002267,0.673469387755102
-0.75,0.0,-0.1112174936995829,0.9387755102040817
0.2777777777777778,-1.0,-0.7400266323307692,0.5510204081632653
-0.25,-1.0,0.6743372181319951,-0.8367346938775511
-0.75,-1.0,-0.5859222820165737,-0.8571428571428571
0.6666666666666666,0.0,-0.8657708519044317,-0.8775510204081632
-0.1111111111111111,0.0,-0.625375548879131,0.16326530612244897
0.3333333333333333,0.0,-0.9132468332838104,-0.22448979591836735
-0.3888888888888889,-1.0,0.22096030462103955,0.3673469387755102
0.8333333333333334,0.0,-0.7761013349180671,0.5918367346938775
0.3611111111111111,0.0,0.37178513651820794,-0.9387755102040817
-0.1388888888888889,-1.0,0.0684296829432027,0.4897959183673469
-0.5555555555555556,0.0,-0.9795965532041335,-0.12244897959183673
-0.6111111111111112,0.0,0.24895726721472042,0.24489795918367346
-0.6666666666666666,0.0,0.2857803162864406,0.10204081632653061
-0.25,0.0,-0.3135791871636568,0.30612244897959184
0.7222222222222222,0.0,-0.6344987729318674,-0.42857142857142855
-0.8611111111111112,-1.0,0.7811416685925584,-0.7551020408163265
0.8888888888888888,-1.0,-0.30634883951269437,-0.7959183673469388
0.8055555555555556,-1.0,0.41682899182321415,-0.8163265306122449
-0.9722222222222222,0.0,-0.8311818371906192,-0.2857142857142857
0.5277777777777778,-1.0,0.6578846005700639,0.8163265306122449
0.3888888888888889,-1.0,0.8824545764689051,0.2653061224489796
0.6666666666666666,-1.0,0.3599876742931977,0.5306122448979592
0.5277777777777778,-1.0,0.40659425313920344,-0.10204081632653061
-0.5833333333333334,0.0,-0.27762554062530953,-0.9183673469387755
0.9444444444444444,0.0,-0.6444803944226176,0.5918367346938775
0.027777777777777776,0.0,0.6460651281543355,0.04081632653061224
0.9722222222222222,0.0,0.02653328491091375,-0.9795918367346939
-0.08333333333333333,-1.0,-0.6704964398516513,-0.32653061224489793
0.5277777777777778,0.0,0.5141580551795482,-0.6326530612244898
-0.4166666666666667,-1.0,-0.597147479282908,-0.42857142857142855
-0.05555555555555555,0.0,-0.8320622448193513,0.40816326530612246
-0.1388888888888889,-1.0,-0.9135989963353033,-0.5102040816326531
-0.7777777777777778,-1.0,-0.019401983118183717,-0.12244897959183673
0.75,-1.0,0.6254085641652085,-0.061224489795918366
0.0,0.0,-0.9453046760650181,0.5306122448979592
-0.7777777777777778,-1.0,-0.29443032123873353,-0.5102040816326531
-0.19444444444444445,0.0,0.7591754982556924,-0.24489795918367346
-0.9166666666666666,-1.0,0.8866034974193051,0.2653061224489796
-0.9166666666666666,-1.0,-0.002068957927520442,-0.32653061224489793
0.16666666666666666,-1.0,-0.7486656321877029,0.2857142857142857
0.6111111111111112,-1.0,-0.2278384892205091,-0.10204081632653061
0.8888888888888888,-1.0,0.48003125447082,0.30612244897959184
0.8611111111111112,-1.0,0.28551619399782097,-0.3877551020408163
-0.8888888888888888,-1.0,0.5687653383516568,-1.0
-0.8333333333333334,0.0,-0.9590940605500347,0.9591836734693877
-0.16666666666666666,0.0,-0.4129111778753563,-0.7551020408163265
-0.2777777777777778,-1.0,0.6461311587264904,0.6326530612244898
-1.0,-1.0,0.5927564462346067,-1.0
-0.05555555555555555,-1.0,-0.7598247988818823,0.5714285714285714
-0.7222222222222222,0.0,-0.21081360669990207,-0.42857142857142855
0.16666666666666666,-1.0,0.5522466902175708,0.9795918367346939
-0.3055555555555556,-1.0,0.504330505023826,-0.9387755102040817
-0.08333333333333333,0.0,-0.8402610408619191,-0.5510204081632653
0.9166666666666666,0.0,0.3810074064291767,0.02040816326530612
0.5,0.0,-0.23611432093059087,-0.08163265306122448
0.5833333333333334,0.0,-0.06945315681160377,-0.9183673469387755
-0.25,0.0,-0.8385662561766097,-0.5510204081632653
-0.75,0.0,-0.7117435372577503,0.673469387755102
0.4722222222222222,0.0,-0.8258003455599943,-0.6326530612244898
-0.7777777777777778,-1.0,0.5582004468068715,1.0
0.6111111111111112,-1.0,0.022021195813661725,0.6122448979591837
-0.3055555555555556,-1.0,-0.10406418171613457,0.061224489795918366
-0.6666666666666666,-1.0,-0.4853797308153675,-0.9795918367346939
-0.08333333333333333,-1.0,0.885723089790573,-0.3673469387755102
0.6111111111111112,-1.0,-0.5884754641398968,-0.2857142857142857
-0.8055555555555556,-1.0,0.3921885833140744,0.7959183673469388
-0.08333333333333333,0.0,-0.5811240604399837,-0.8979591836734694
0.5,0.0,-0.6484752440379896,1.0
0.4444444444444444,0.0,-0.07726677451660119,-0.6122448979591837
0.3888888888888889,0.0,0.44665280024651416,-0.30612244897959184
1.0,-1.0,0.24040630812065986,0.9387755102040817
0.2777777777777778,-1.0,-0.754344261393025,0.04081632653061224
-1.0,-1.0,0.4573937733170458,-0.12244897959183673
-0.6388888888888888,0.0,0.006459990975821806,-0.8775510204081632
-0.4722222222222222,0.0,-0.3938063323318697,-0.24489795918367346
-0.5555555555555556,-1.0,0.7068572749182872,0.1836734693877551
-0.4722222222222222,0.0,0.40951060340937856,0.6530612244897959
0.9444444444444444,-1.0,0.04826834824523755,0.08163265306122448
0.1111111111111111,0.0,-0.7351843903727425,-0.061224489795918366
-0.8333333333333334,0.0,-0.2954758052978529,0.6326530612244898
-0.3055555555555556,-1.0,-0.2977868753232747,0.6530612244897959
0.2222222222222222,-1.0,-0.3754938536542419,0.2653061224489796
0.8333333333333334,-1.0,0.9970066140623108,-0.1836734693877551
-0.8333333333333334,0.0,0.022780547393443165,-0.22448979591836735
0.6666666666666666,0.0,-0.8843804681567565,-0.10204081632653061
0.027777777777777776,0.0,0.48681039321205716,0.8571428571428571
0.2777777777777778,-1.0,-0.5742458758405141,-0.02040816326530612
0.8611111111111112,-1.0,0.8397658115707572,-0.2857142857142857
-0.5277777777777778,0.0,0.9963793236268392,0.08163265306122448
-0.1111111111111111,0.0,0.38845785598732213,-0.04081632653061224
-0.75,0.0,0.7827484125149945,0.6938775510204082
-0.75,-1.0,0.3232196506982733,0.673469387755102
-0.8333333333333334,0.0,-0.8513761871746619,0.5510204081632653
1.0,-1.0,-0.9565848988081481,0.7551020408163265
-0.027777777777777776,-1.0,-0.28170843100355464,0.673469387755102
-0.7777777777777778,0.0,0.5736185854050425,0.2653061224489796
0.4166666666666667,-1.0,0.7520111811768849,-0.6122448979591837
0.5,-1.0,-0.693243971959017,-0.40816326530612246
-0.8055555555555556,-1.0,0.18150703775848218,-0.10204081632653061
0.9166666666666666,-1.0,-0.9602716057534638,0.12244897959183673
-0.75,0.0,0.5751152783738871,0.8163265306122449
0.4722222222222222,0.0,0.6451737154302442,-0.5918367346938775
-0.2777777777777778,-1.0,0.8302023837036548,0.5714285714285714
0.25,0.0,0.39656861126701665,0.16326530612244897
-0.6944444444444444,0.0,-0.43718841823764404,0.10204081632653061
0.5,0.0,-0.7636325618761487,0.42857142857142855
-0.19444444444444445,0.0,-0.490431069585218,0.02040816326530612
0.4444444444444444,0.0,-0.8381370574576029,0.12244897959183673
-1.0,0.0,-0.6527782363234177,-0.7959183673469388
0.25,-1.0,0.7409950807223744,0.0
-0.3055555555555556,0.0,0.6724553468255803,0.3469387755102041
-0.4722222222222222,0.0,-0.7514499213135681,-0.3469387755102041
0.027777777777777776,-1.0,0.5983360295816963,0.5306122448979592
-0.8888888888888888,0.0,0.9299195527529246,-0.8571428571428571
-0.1111111111111111,-1.0,-0.46023308791970685,-0.6326530612244898
0.8611111111111112,0.0,0.07284272618222237,0.7755102040816326
-0.8333333333333334,0.0,0.20864560291414924,0.9387755102040817
0.5555555555555556,-1.0,-0.11860191268557342,0.08163265306122448
0.9166666666666666,0.0,-0.6543409598644172,0.5510204081632653
0.8611111111111112,-1.0,0.7425467991680148,0.04081632653061224
-0.5833333333333334,-1.0,-0.22463600647099607,0.14285714285714285
0.08333333333333333,-1.0,-0.7071544124929843,0.46938775510204084
-0.6666666666666666,-1.0,-0.06761530588662551,-0.8571428571428571
-0.2777777777777778,-1.0,0.067142086786182,0.673469387755102
0.9444444444444444,0.0,0.2104174232669726,-0.673469387755102
0.8888888888888888,0.0,0.09864967479943214,-0.46938775510204084
-0.05555555555555555,-1.0,0.8007087281411294,-0.32653061224489793
0.2777777777777778,0.0,-0.8867905840404107,-0.02040816326530612
0.6944444444444444,0.0,0.6688126602617012,-0.9387755102040817
0.19444444444444445,0.0,0.5311389173187185,-0.9387755102040817
0.3333333333333333,0.0,-0.8835660911001794,-0.8979591836734694
-0.3611111111111111,0.0,-0.08616989666215458,-0.7959183673469388
-0.9444444444444444,0.0,-0.7550485874960107,-0.08163265306122448
0.1111111111111111,-1.0,-0.11327544653174419,0.8571428571428571
0.6944444444444444,0.0,-0.7158924582081504,0.08163265306122448
-0.7777777777777778,-1.0,0.9816104856548582,-0.40816326530612246
-0.8333333333333334,-1.0,-0.29881034919167576,-0.6530612244897959
0.8888888888888888,-1.0,-0.10695852179559136,-0.20408163265306123
1.0,-1.0,-0.4882190454180286,0.3469387755102041
-0.9166666666666666,0.0,0.04857649091529378,0.16326530612244897
-0.1388888888888889,-1.0,-0.5006878184599469,0.3673469387755102
-0.4444444444444444,-1.0,-0.11826075472943973,-0.6122448979591837
-0.6666666666666666,-1.0,0.4129331880660746,0.8571428571428571
0.3055555555555556,0.0,0.007681556560687599,-0.04081632653061224
0.5833333333333334,-1.0,0.1889354771259093,-0.9387755102040817
0.6111111111111112,0.0,-0.21739465372467454,0.4489795918367347
0.027777777777777776,0.0,0.37767286253535387,-0.9387755102040817
0.75,0.0,0.7508666512595331,0.9795918367346939
-0.3611111111111111,0.0,-0.019379972927465416,-0.6326530612244898
-0.1388888888888889,0.0,0.7252137739773515,0.3469387755102041
-0.05555555555555555,0.0,-0.8358810129089769,0.20408163265306123
-0.9722222222222222,-1.0,0.11211991151903332,0.5714285714285714
-0.5277777777777778,0.0,-0.7580199632429815,-0.7755102040816326
-0.5,0.0,-0.3783001529708255,0.42857142857142855
0.6666666666666666,0.0,0.27578768970033124,-0.8367346938775511
-0.3333333333333333,-1.0,-0.8848977076386367,-0.22448979591836735
0.0,0.0,-0.05066745903353253,0.32653061224489793
0.2777777777777778,-1.0,-0.3188946482221268,0.8367346938775511
0.8888888888888888,-1.0,0.2249001287596157,-1.0
0.8055555555555556,0.0,0.9252533923206444,-0.8979591836734694
0.25,0.0,0.9083605709443472,-0.7755102040816326
0.0,0.0,-0.33638174474781823,-0.7755102040816326
-0.8055555555555556,0.0,-0.3468255802436528,0.42857142857142855
0.2777777777777778,-1.0,-0.27106650379125535,-0.7755102040816326
0.9444444444444444,-1.0,0.5573200391781394,-0.2857142857142857
0.6666666666666666,0.0,0.46779358843144375,0.6326530612244898
-0.5,0.0,-0.49222490012875963,-0.6938775510204082
-0.5277777777777778,-1.0,0.5839413648519265,0.3877551020408163
0.3333333333333333,0.0,-0.46357863690888884,1.0
-0.9166666666666666,0.0,-0.6435339562217307,-0.9387755102040817
-0.9166666666666666,-1.0,0.007549495416377783,0.8979591836734694
0.5555555555555556,0.0,-0.5812781317750119,-0.5714285714285714
0.8333333333333334,-1.0,-0.11629084266015165,0.5102040816326531
-0.08333333333333333,-1.0,0.343204903870492,0.4489795918367347
0.3611111111111111,0.0,0.5554491729670837,-0.2857142857142857
-0.6111111111111112,0.0,-0.5885524998074109,-0.3469387755102041
-0.8333333333333334,-1.0,0.9130817568534232,-0.30612244897959184
-0.9166666666666666,-1.0,0.3666677671762026,-0.20408163265306123
0.6666666666666666,-1.0,-0.4236191356598105,0.061224489795918366
0.2777777777777778,0.0,0.4319609979420472,0.8367346938775511
0.7777777777777778,0.0,-0.9326488164019942,-0.3877551020408163
-0.9722222222222222,-1.0,-0.8730782352229082,-0.7755102040816326
0.6944444444444444,-1.0,0.5281345262856703,0.673469387755102
-0.3888888888888889,0.0,0.46040916944545324,-0.04081632653061224
-0.027777777777777776,-1.0,0.1308505838203088,0.2653061224489796
-0.027777777777777776,-1.0,0.08269228652866277,-0.14285714285714285
0.1388888888888889,0.0,-0.48914347342819725,-0.9387755102040817
0.027777777777777776,-1.0,0.9605797484235201,-0.04081632653061224
0.5,0.0,-0.5151925341433083,-0.7346938775510204
-0.6111111111111112,0.0,0.07099387016188495,-0.7142857142857143
0.2777777777777778,-1.0,0.7938635588277373,0.4897959183673469
-0.5555555555555556,0.0,-0.7635775363993529,-0.8163265306122449
0.8888888888888888,0.0,-0.08183388909064897,1.0
0.9166666666666666,0.0,-0.5599502569689766,-0.6530612244897959
0.4722222222222222,-1.0,-0.949662693827242,0.9591836734693877
0.7777777777777778,-1.0,0.666325508710533,-1.0204081632653061
-0.7222222222222222,0.0,0.23884358457966037,0.20408163265306123
0.6111111111111112,0.0,0.4844112824237622,-1.0
-0.9722222222222222,-1.0,0.5911607074075297,0.8367346938775511
0.9444444444444444,-1.0,-0.4714252698999637,0.7346938775510204
-0.7222222222222222,-1.0,-0.8826856834714473,0.6122448979591837
0.7222222222222222,-1.0,-0.18652536124225516,0.4897959183673469
0.0,-1.0,-0.7137134493270384,-0.5510204081632653
-0.6666666666666666,-1.0,0.4719425093818438,0.3673469387755102
-0.08333333333333333,-1.0,0.44064401818041754,-0.02040816326530612
0.4166666666666667,-1.0,0.3446795866486183,0.08163265306122448
-0.9166666666666666,0.0,-0.9551762466021768,0.02040816326530612
0.6388888888888888,0.0,-0.1649883896243961,0.8163265306122449
-0.3055555555555556,-1.0,-0.459737858628545,-0.46938775510204084
-0.16666666666666666,0.0,-0.755873969647947,-0.30612244897959184
-0.7777777777777778,0.0,-0.536553424235421,0.30612244897959184
-0.8888888888888888,0.0,0.9829090869072381,-0.42857142857142855
-0.4722222222222222,0.0,0.25512012061584516,0.02040816326530612
-0.1388888888888889,0.0,-0.7911893206554634,0.7755102040816326
-0.9722222222222222,0.0,-0.6374921588695566,0.8775510204081632
0.4444444444444444,-1.0,0.4448039442261767,0.4489795918367347
0.9444444444444444,-1.0,0.6226462852300615,0.5306122448979592
-1.0,-1.0,-0.7568754333256298,-0.04081632653061224
0.6944444444444444,-1.0,0.0713680434040961,0.061224489795918366
0.25,-1.0,0.9146224702037044,-0.12244897959183673
-0.027777777777777776,0.0,-0.023484873496428846,0.5306122448979592
-0.9444444444444444,0.0,0.8094247636655771,-0.2653061224489796
0.3888888888888889,0.0,0.33415871548526965,-1.0
-0.7777777777777778,-1.0,0.296719381073437,0.673469387755102
-0.6111111111111112,-1.0,0.0987487206576645,-0.2653061224489796
-0.5555555555555556,-1.0,-0.6502800796768904,0.12244897959183673
0.6944444444444444,0.0,0.8736284899908657,-0.7755102040816326
0.4166666666666667,0.0,-0.16004710180813717,-0.5306122448979592
-0.6666666666666666,0.0,0.027677814828265486,-0.6122448979591837
-0.6666666666666666,-1.0,-0.844178854809777,0.3877551020408163
0.9722222222222222,-1.0,0.2835022615470963,0.32653061224489793
-0.3611111111111111,0.0,-0.9511593867960866,0.8571428571428571
-0.05555555555555555,-1.0,-0.34549396370519553,0.2857142857142857
-0.2777777777777778,0.0,-0.9207743185094699,0.6326530612244898
-0.2222222222222222,-1.0,0.27808775463039387,0.04081632653061224
-0.4722222222222222,0.0,0.4119317243883918,0.1836734693877551
0.3611111111111111,-1.0,-0.8146301737704558,0.22448979591836735
-0.4722222222222222,0.0,-0.07416333762532053,-0.7346938775510204
-1.0,-1.0,0.6046639594132083,-0.7346938775510204
-0.5277777777777778,0.0,0.8427922127945239,0.6938775510204082
0.2222222222222222,0.0,-0.9753816016815786,0.20408163265306123
0.8333333333333334,0.0,0.4140447026973489,-0.8979591836734694
1.0,0.0,-0.19585768210681545,0.32653061224489793
0.8611111111111112,-1.0,-0.8374107211638989,0.8571428571428571
-0.9722222222222222,-1.0,0.4605632407804814,-0.8571428571428571
-0.3888888888888889,-1.0,-0.26750085289489034,0.8571428571428571
-0.8888888888888888,-1.0,-0.2903804461465659,-0.5306122448979592
-0.027777777777777776,0.0,0.34784905411205386,-0.12244897959183673
0.3333333333333333,-1.0,0.4579330229896442,0.9591836734693877
-0.6944444444444444,0.0,-0.5431454763555527,0.8775510204081632
0.5833333333333334,-1.0,-0.8016551663420164,0.02040816326530612
0.9722222222222222,0.0,-0.06308120659865518,0.673469387755102
-0.5,0.0,-0.921731761805716,0.5102040816326531
-0.16666666666666666,0.0,-0.14519022307328294,-0.3877551020408163
0.3888888888888889,-1.0,0.6943664916856505,0.10204081632653061
-0.75,-1.0,-0.19626487063510406,-0.22448979591836735
0.1388888888888889,0.0,0.08067835407793808,0.24489795918367346
-0.3611111111111111,-1.0,0.9560896695169864,-0.46938775510204084
-0.6944444444444444,-1.0,-0.9519737638526637,0.7346938775510204
-0.05555555555555555,0.0,-0.6061936676681303,-0.16326530612244897
0.25,-1.0,-0.7185446861897058,0.6530612244897959
-0.8611111111111112,0.0,0.5441689502239537,0.04081632653061224
0.4166666666666667,0.0,0.5414176763841658,0.5714285714285714
0.05555555555555555,-1.0,-0.28587936214467297,0.04081632653061224
0.2777777777777778,0.0,0.8332287849274214,0.061224489795918366
0.2222222222222222,0.0,0.42387225285307095,0.7551020408163265
-0.75,0.0,0.5527419195087325,0.42857142857142855
-0.6666666666666666,-1.0,0.26548692044416566,0.6326530612244898
0.6388888888888888,0.0,0.2642543497639407,0.32653061224489793
0.19444444444444445,0.0,-0.15381821783485755,-0.5306122448979592
-0.5277777777777778,0.0,0.25589047729098574,0.9387755102040817
-0.3888888888888889,0.0,-0.9308109654770158,-0.5714285714285714
-1.0,-1.0,-0.10784993451968261,-0.5510204081632653
-0.8055555555555556,-1.0,-0.506289411997755,-0.10204081632653061
0.5,0.0,0.6986584788757194,-0.3469387755102041
0.3611111111111111,0.0,-0.7160355244478194,0.10204081632653061
0.3611111111111111,0.0,0.9164713262240417,-0.5918367346938775
0.25,-1.0,-0.5072688654847194,0.3469387755102041
0.6666666666666666,-1.0,0.31674865462709234,-1.0204081632653061
-0.08333333333333333,-1.0,-0.5355079401763017,0.7142857142857143
0.6111111111111112,0.0,-0.5475805297852906,0.5102040816326531
-0.9166666666666666,-1.0,0.5422650687268206,0.46938775510204084
0.3333333333333333,-1.0,0.34591215732884323,-0.2653061224489796
-0.6944444444444444,-1.0,0.2605126173418293,0.22448979591836735
0.5555555555555556,-1.0,0.7620478281444308,0.08163265306122448
1.0,-1.0,0.38796262669616033,0.8163265306122449
0.9722222222222222,0.0,-0.3216349169665555,0.673469387755102
0.16666666666666666,0.0,-0.08241715914468399,0.6938775510204082
-0.9166666666666666,-1.0,-0.1409972817414463,0.9183673469387755
-0.4444444444444444,-1.0,-0.4277460464194922,-0.8979591836734694
0.3888888888888889,-1.0,0.3212717488197035,-0.7551020408163265
-0.6666666666666666,0.0,0.9947175542276074,0.0
-0.6111111111111112,-1.0,-0.7836068099530082,0.02040816326530612
-0.05555555555555555,-1.0,0.893503692209493,-0.9795918367346939
-1.0,-1.0,0.05278043734248957,0.42857142857142855
-0.5833333333333334,0.0,0.6619014603761542,-0.9795918367346939
0.75,0.0,0.6617143737550486,-0.7346938775510204
-0.4444444444444444,0.0,-0.3816016815785709,-0.10204081632653061
1.0,0.0,0.5844145839523699,-0.8163265306122449
0.5,0.0,-0.6181341961328095,-0.6326530612244898
-1.0,-1.0,0.3736670078246228,0.5306122448979592
0.5555555555555556,-1.0,0.5339562217306613,0.7142857142857143
-0.19444444444444445,-1.0,0.291260853775298,-0.8979591836734694
-0.2777777777777778,-1.0,-0.28677077486876423,-0.061224489795918366
-0.6666666666666666,0.0,-0.6156360394862821,0.7346938775510204
0.3888888888888889,0.0,0.832106265200788,-0.5714285714285714
0.1388888888888889,0.0,0.44247086401003666,-0.24489795918367346
0.4166666666666667,0.0,-0.07420735800675712,0.7755102040816326
0.3055555555555556,-1.0,-0.4303432489242519,0.42857142857142855
0.19444444444444445,0.0,-0.36385046276425986,0.3877551020408163
0.9444444444444444,0.0,0.44875477346011206,0.46938775510204084
0.75,-1.0,0.9603706516116962,0.7959183673469388
-0.8888888888888888,-1.0,-0.42963892282126626,-0.5102040816326531
-0.2777777777777778,0.0,-0.045318982688985,-0.5714285714285714
0.9444444444444444,0.0,-0.15291580001540714,0.1836734693877551
0.3611111111111111,0.0,0.21752671486898434,0.42857142857142855
0.5277777777777778,-1.0,0.11084332045737176,0.1836734693877551
0.1388888888888889,0.0,0.17697293847051185,0.9795918367346939
-0.6666666666666666,0.0,-0.182948705250531,-0.7755102040816326
-0.6111111111111112,0.0,0.7675613809193657,1.0
-0.6388888888888888,-1.0,-0.3208535551960558,0.4489795918367347
-0.3333333333333333,0.0,0.7599128396447555,0.8775510204081632
-0.19444444444444445,0.0,-0.09371939207853236,-0.2857142857142857
0.8611111111111112,0.0,-0.5334499873441403,0.24489795918367346
-0.8888888888888888,-1.0,0.6581157075726061,-0.1836734693877551
-0.3333333333333333,0.0,-0.8319521938657598,0.5102040816326531
0.19444444444444445,0.0,0.95889596883357,0.08163265306122448
0.5555555555555556,-1.0,-0.7963727205696237,-0.22448979591836735
-0.2777777777777778,-1.0,-0.7338857891203627,-0.9591836734693877
-0.75,-1.0,-0.0914523424345472,-0.7755102040816326
-0.3333333333333333,0.0,0.4513409708695126,0.673469387755102
-0.08333333333333333,0.0,0.16855404052076112,0.061224489795918366
-0.8055555555555556,-1.0,0.9796735888716476,0.7959183673469388
-0.5555555555555556,0.0,-0.48110975381601684,-0.5918367346938775
0.3333333333333333,0.0,-0.9501799333091221,-0.04081632653061224
0.8055555555555556,-1.0,-0.1851827396084387,0.8163265306122449
0.5,0.0,0.4909262988763798,-0.2653061224489796
-0.5555555555555556,-1.0,-0.7864681347463875,-0.061224489795918366
-0.5833333333333334,0.0,-0.7798980928169743,-0.30612244897959184
0.1388888888888889,-1.0,0.1731211550948089,-0.7551020408163265
0.9166666666666666,-1.0,-0.0637084970341268,-0.3673469387755102
0.08333333333333333,0.0,0.5292570460123037,0.5714285714285714
-0.8055555555555556,-1.0,0.11388072677649752,-0.9387755102040817
-0.3333333333333333,0.0,0.7204265574961207,0.24489795918367346
-0.8055555555555556,0.0,-0.8199346297335667,0.5918367346938775
0.5277777777777778,-1.0,0.6315714175663332,0.22448979591836735
-0.9722222222222222,0.0,0.07709069299085476,0.16326530612244897
-0.3055555555555556,0.0,-0.2560335435306547,-0.4489795918367347
-0.9166666666666666,0.0,0.0650621237633024,-0.7551020408163265
0.6666666666666666,-1.0,0.8894648222126845,0.32653061224489793
0.25,0.0,0.14087622569249564,0.7346938775510204
-0.9166666666666666,-1.0,-0.33865979948716257,0.7755102040816326
0.8611111111111112,0.0,-0.7915744989930338,0.7142857142857143
0.6944444444444444,0.0,0.25997336766923085,0.5918367346938775
0.2222222222222222,0.0,-0.5091947571725709,-0.061224489795918366
-0.3888888888888889,-1.0,0.17523413340376595,-0.10204081632653061
0.05555555555555555,0.0,0.456392309639363,-1.0204081632653061
-0.1111111111111111,0.0,-0.5361352306117733,0.6122448979591837
-0.3333333333333333,-1.0,-0.2620423255967513,-0.6122448979591837
-0.75,-1.0,0.9064897047332915,-0.8367346938775511
-0.9722222222222222,-1.0,0.9560126338494723,0.8979591836734694
0.1388888888888889,-1.0,0.15841834769498278,-0.10204081632653061
-0.2777777777777778,0.0,-0.5756985484279221,-0.02040816326530612
0.8611111111111112,0.0,0.19705723750096293,-0.3673469387755102
-0.3888888888888889,0.0,0.9117831556010433,-0.02040816326530612
0.8055555555555556,0.0,-0.8926893151529158,-0.2653061224489796
-0.5,0.0,-0.17941606964024343,0.8367346938775511
0.4166666666666667,0.0,0.36945205630206784,-0.9387755102040817
0.8888888888888888,0.0,0.6285340112472074,-0.30612244897959184
-0.16666666666666666,0.0,0.8530489616692528,0.42857142857142855
0.4722222222222222,0.0,-0.0022670496439851653,-0.3673469387755102
0.08333333333333333,-1.0,0.8908404591325784,-0.3469387755102041
0.4444444444444444,-1.0,-0.21808797473230104,-0.2857142857142857
-0.7222222222222222,0.0,0.358039772414628,-0.4897959183673469
0.8055555555555556,-1.0,-0.8039992516535156,-0.5918367346938775
0.8333333333333334,-1.0,0.5251741556340586,0.8163265306122449
-0.5555555555555556,0.0,-0.40919145564396314,-0.6122448979591837
0.1111111111111111,0.0,-0.8692264518472053,0.4897959183673469
0.2777777777777778,-1.0,0.16440511957036108,0.4489795918367347
0.027777777777777776,-1.0,0.5261426040256639,-0.30612244897959184
0.3888888888888889,-1.0,-0.7633794446828882,-0.24489795918367346
-0.3888888888888889,0.0,0.4348443329261448,0.3877551020408163
-0.05555555555555555,-1.0,0.23102996687466296,0.9591836734693877
0.8055555555555556,0.0,-0.8232581685320304,-0.12244897959183673
0.3888888888888889,0.0,-0.42123102996687467,-0.30612244897959184
0.3333333333333333,-1.0,0.6908118458846446,0.04081632653061224
0.6111111111111112,-1.0,-0.25920301099409027,-0.3469387755102041
0.5555555555555556,-1.0,-0.013272145003136452,0.08163265306122448
0.4166666666666667,0.0,0.2896541098528619,0.5918367346938775
-0.4444444444444444,0.0,-0.22213784982446874,0.1836734693877551
0.9722222222222222,0.0,0.32842506080315187,0.8979591836734694
0.08333333333333333,0.0,-0.3627059328469081,0.8571428571428571
-0.19444444444444445,0.0,-0.586384496021658,0.9591836734693877
0.9722222222222222,-1.0,0.8554370673621887,0.7755102040816326
-1.0,0.0,-0.0944787436583138,-0.12244897959183673
-0.5833333333333334,0.0,-0.36893481682018775,-0.32653061224489793
0.4444444444444444,-1.0,-0.5199137200523842,-0.7142857142857143
-0.75,0.0,0.4037109181551058,-0.7346938775510204
-0.3611111111111111,-1.0,0.059482540416212704,-1.0
0.16666666666666666,-1.0,-0.6389998569337604,-0.30612244897959184
-0.1111111111111111,0.0,0.5498255692385574,-0.9795918367346939
0.3055555555555556,-1.0,0.11965840184005194,0.7959183673469388
-0.3333333333333333,0.0,0.7942267269745892,-0.9387755102040817
0.9166666666666666,0.0,0.0005282445772392618,-0.9183673469387755
0.3888888888888889,-1.0,-0.34931273179482103,0.32653061224489793
-0.75,-1.0,0.013976471106122134,0.14285714285714285
-0.6666666666666666,-1.0,-0.674469279276305,0.7346938775510204
-0.8611111111111112,0.0,-0.6478259434117997,-0.02040816326530612
-0.2777777777777778,0.0,-0.3443274235971255,-0.7959183673469388
-0.8333333333333334,-1.0,-0.14307724476432587,0.14285714285714285
-0.8888888888888888,0.0,0.5547778621501755,0.40816326530612246
1.0,-1.0,-0.8792520937193921,-0.8775510204081632
0.08333333333333333,-1.0,0.7834857539040576,-0.4897959183673469
-0.9166666666666666,-1.0,-0.4202075560984736,-0.10204081632653061
1.0,-1.0,-0.09775826207534088,0.061224489795918366
-0.25,0.0,0.17681886713548373,0.3673469387755102
0.4722222222222222,0.0,-0.09577734491069365,-0.08163265306122448
-0.2777777777777778,-1.0,-0.551102160300219,0.04081632653061224
0.8333333333333334,0.0,0.8189441711512431,0.3673469387755102
-0.2222222222222222,-1.0,0.8240505353978892,-0.8163265306122449
0.7222222222222222,-1.0,-0.29046848690943905,0.6326530612244898
-0.7777777777777778,0.0,-0.9617682987223084,0.9183673469387755
0.4722222222222222,0.0,0.6228663871372445,0.5306122448979592
0.5833333333333334,0.0,0.21600801170942147,0.3877551020408163
-0.4166666666666667,0.0,-0.8721317970220211,0.2857142857142857
-0.05555555555555555,-1.0,-0.1669032762168884,-0.22448979591836735
0.5277777777777778,-1.0,0.8002685243267633,-0.04081632653061224
0.6666666666666666,0.0,-0.2596762300945338,-0.6938775510204082
0.8333333333333334,0.0,-0.8113066349719921,-0.8775510204081632
-0.7777777777777778,-1.0,-0.7316297445717367,-0.16326530612244897
0.4166666666666667,-1.0,0.13438321943059636,0.3877551020408163
0.6666666666666666,0.0,0.18912256374701486,0.9795918367346939
0.2222222222222222,-1.0,0.49495416377782914,0.40816326530612246
0.8333333333333334,-1.0,0.08193293494888133,0.14285714285714285
-1.0,0.0,-0.4229588299382614,-0.8979591836734694
0.7777777777777778,0.0,0.7979354441106232,-0.08163265306122448
0.7222222222222222,-1.0,-0.41277911673104645,-0.5102040816326531
0.5,0.0,0.9653339496186735,0.061224489795918366
0.5555555555555556,-1.0,-0.9417830455500897,-0.32653061224489793
0.08333333333333333,0.0,-0.7029944864472251,0.14285714285714285
-0.4166666666666667,0.0,-0.5752253293274786,0.30612244897959184
0.4444444444444444,0.0,-0.061177325101522004,-0.46938775510204084
-0.9722222222222222,0.0,0.1418996995608967,-0.30612244897959184
-0.8055555555555556,0.0,0.9746992857693112,-0.9795918367346939
0.05555555555555555,-1.0,-0.24085751703038508,0.14285714285714285
-0.5,0.0,-0.7324881420097505,-0.30612244897959184
-0.6388888888888888,0.0,0.22834472360703006,-0.6938775510204082
0.75,-1.0,-0.26155810140094865,1.0
-0.8611111111111112,-1.0,-0.8440467936654671,0.3469387755102041
0.4166666666666667,0.0,0.4625881783265652,0.5102040816326531
-0.08333333333333333,-1.0,-0.5437067362188693,0.24489795918367346
0.9444444444444444,0.0,-0.7697623999911959,-0.061224489795918366
-0.6944444444444444,-1.0,-0.7481593978011819,0.14285714285714285
0.5833333333333334,-1.0,0.31076188275171407,0.6530612244897959
0.3888888888888889,0.0,0.07825723309892481,0.9387755102040817
0.9166666666666666,-1.0,0.2283777388931075,-0.5918367346938775
1.0,-1.0,-0.6671729010531876,0.6530612244897959
0.1111111111111111,-1.0,-0.25132336271693795,-0.8571428571428571
-0.5555555555555556,-1.0,-0.8413725554931933,0.2653061224489796
0.6944444444444444,0.0,0.6843628600041819,0.8163265306122449
0.75,-1.0,-0.24750459462731245,-0.4897959183673469
0.8888888888888888,-1.0,0.9595232592690416,0.30612244897959184
-0.75,0.0,-0.9572782198157747,0.5306122448979592
0.6944444444444444,0.0,0.7874035678519155,0.6122448979591837
-0.2777777777777778,-1.0,-0.32956959072050357,-0.12244897959183673
-0.19444444444444445,0.0,-0.7181705129474947,0.4489795918367347
-0.8055555555555556,0.0,0.40580188627334457,0.5714285714285714
-0.4722222222222222,0.0,0.43332562976658195,0.3673469387755102
0.8888888888888888,-1.0,0.9794534869644645,-0.673469387755102
-0.4444444444444444,-1.0,0.4106111129452937,0.9183673469387755
0.8611111111111112,0.0,0.9660272706263,-0.9795918367346939
-0.9166666666666666,0.0,-0.7052615360912102,0.08163265306122448
0.3333333333333333,0.0,-0.9089878613798189,-0.8367346938775511
-1.0,0.0,0.7721835209702093,0.7142857142857143
-0.2222222222222222,-1.0,0.7561490970319258,-0.6122448979591837
-0.4166666666666667,0.0,-0.006493006261899259,0.5510204081632653
0.16666666666666666,0.0,0.21155094808896518,0.2857142857142857
0.5555555555555556,0.0,0.32627906720811733,0.1836734693877551
0.4166666666666667,-1.0,-0.4871295409774726,0.9591836734693877
-0.8055555555555556,-1.0,0.2589168785147523,-0.5918367346938775
-0.9166666666666666,0.0,-0.6888199236246382,-1.0204081632653061
-0.5555555555555556,0.0,-0.2415288278472933,0.8571428571428571
-0.6388888888888888,-1.0,0.6514025994035239,-0.4897959183673469
-0.19444444444444445,-1.0,0.8656277856647628,-0.04081632653061224
-0.5277777777777778,-1.0,0.11860191268557342,0.40816326530612246
-0.6666666666666666,-1.0,0.6870040828903783,0.9591836734693877
-0.1388888888888889,0.0,-0.4987399165813772,-0.5510204081632653
-0.2777777777777778,0.0,0.7021030737231339,0.6122448979591837
0.027777777777777776,0.0,0.15042864846423895,0.9795918367346939
-0.1388888888888889,0.0,0.5885194845213334,-0.46938775510204084
-0.9444444444444444,-1.0,-0.3307141206378553,-0.6938775510204082
-0.3055555555555556,-1.0,-0.4772359602495956,-0.7346938775510204
-0.9722222222222222,0.0,-0.8905543266532404,-0.5714285714285714
-0.8333333333333334,-1.0,-0.4626101885172835,0.6122448979591837
0.8888888888888888,0.0,-0.5818283865429694,0.10204081632653061
0.5833333333333334,-1.0,-0.36766923085388536,0.04081632653061224
0.6666666666666666,-1.0,0.11977945788900261,0.3469387755102041
0.8333333333333334,0.0,-0.040146587870183895,-0.08163265306122448
0.0,-1.0,0.31969802018334487,0.6326530612244898
-0.3888888888888889,0.0,0.8179647176642786,0.9795918367346939
-0.8888888888888888,-1.0,0.6978881222005788,-0.4489795918367347
-1.0,0.0,0.7089922634179625,-0.9591836734693877
0.4444444444444444,0.0,0.2526219639693178,0.6326530612244898
0.8888888888888888,0.0,-0.0726556395611168,-0.6122448979591837
-0.9444444444444444,0.0,-0.9444572837223635,0.6122448979591837
0.5,0.0,-0.2164702257145058,-0.7959183673469388
0.0,-1.0,0.711204287585152,0.8163265306122449
0.19444444444444445,-1.0,-0.003972839424653615,-0.2857142857142857
0.5555555555555556,0.0,0.4102369397030825,0.5306122448979592
0.08333333333333333,0.0,0.441986639814234,0.04081632653061224
-0.5833333333333334,0.0,-0.2154137365600273,0.40816326530612246
0.5833333333333334,0.0,-0.5001705789780668,0.3673469387755102
0.8888888888888888,0.0,0.8917098616659513,-0.10204081632653061
0.1388888888888889,0.0,-0.280640936753717,-0.8775510204081632
-0.8055555555555556,0.0,-0.6942014152552631,0.2653061224489796
-0.8888888888888888,0.0,0.45471953514477204,0.40816326530612246
1.0,-1.0,-0.25364543783771887,-0.4489795918367347
0.4166666666666667,-1.0,0.6369308990062399,0.7959183673469388
-0.19444444444444445,-1.0,-0.47021470941045707,0.1836734693877551
-0.9166666666666666,-1.0,0.3614403468806057,-0.9387755102040817
-0.08333333333333333,-1.0,-0.6827891313678233,0.2653061224489796
-0.2222222222222222,0.0,0.7815818724069244,0.22448979591836735
0.5277777777777778,-1.0,-0.8420878866915382,-0.061224489795918366
0.3333333333333333,-1.0,-0.0637084970341268,0.24489795918367346
0.2222222222222222,0.0,-0.5598732213014626,0.30612244897959184
-0.027777777777777776,0.0,0.7202064555889377,0.061224489795918366
-0.5,-1.0,0.008308846996159221,0.7346938775510204
-0.3888888888888889,0.0,0.5097009915590919,-0.061224489795918366
0.75,-1.0,0.40691340090461886,0.22448979591836735
-0.1388888888888889,0.0,-0.8881442107695863,-0.5714285714285714
-0.1111111111111111,-1.0,0.5959589289841196,-0.7142857142857143
0.3611111111111111,-1.0,-0.09459979970726447,-0.6530612244897959
0.3333333333333333,-1.0,-0.2214445288168422,-0.5102040816326531
-0.6944444444444444,0.0,-0.7282071599150407,0.0
0.9444444444444444,-1.0,-0.8313359085256474,-0.32653061224489793
0.8611111111111112,0.0,-0.5357170369881255,0.5510204081632653
0.7222222222222222,0.0,-0.23274676175069056,-0.24489795918367346
-0.5277777777777778,0.0,-0.41549737528475683,0.5714285714285714
0.3055555555555556,0.0,-0.0350182134328194,-0.7755102040816326
0.8055555555555556,0.0,0.7783463743713339,-0.3877551020408163
-0.1111111111111111,-1.0,0.9525570339066988,0.8367346938775511
0.9166666666666666,0.0,-0.10853225043194999,-0.8163265306122449
-0.6666666666666666,-1.0,-0.9035073238909616,-0.5306122448979592
-0.4166666666666667,0.0,0.5280464855227971,-0.1836734693877551
-0.2777777777777778,0.0,0.558882762719139,-0.6530612244897959
0.5833333333333334,-1.0,0.283623317596047,0.061224489795918366
-0.6388888888888888,0.0,0.6186844509007671,0.3877551020408163
0.6944444444444444,-1.0,-0.41740125678189,-0.8163265306122449
0.9444444444444444,-1.0,0.737836618354298,-0.8775510204081632
0.3055555555555556,-1.0,-0.6769014053506773,-0.2653061224489796
-0.19444444444444445,0.0,0.5989963353032454,-0.6326530612244898
-0.16666666666666666,-1.0,-0.6506102325376649,0.22448979591836735
-0.3611111111111111,-1.0,-0.16777267875026136,-0.5102040816326531
-0.6666666666666666,0.0,0.009156239338813871,0.3469387755102041
-0.4444444444444444,-1.0,0.31857550045671146,0.6530612244897959
0.05555555555555555,0.0,0.08491531579121134,0.8367346938775511
0.3611111111111111,0.0,0.4305963661175124,0.8367346938775511
0.25,-1.0,0.8199236246382074,-0.2857142857142857
1.0,0.0,-0.3950389030120946,0.6326530612244898
-0.6111111111111112,0.0,-0.777917175652327,-0.8571428571428571
-0.16666666666666666,-1.0,-0.010553886449426085,-0.12244897959183673
0.8333333333333334,-1.0,-0.4944809446773856,-0.1836734693877551
0.5833333333333334,-1.0,0.6475948364092575,0.7346938775510204
-0.75,0.0,-0.5219166474077498,-0.9387755102040817
0.3333333333333333,0.0,-0.7257640287453091,-0.46938775510204084
-0.2222222222222222,0.0,0.7698174254679917,0.4489795918367347
-0.5,-1.0,0.4986188605324265,0.8571428571428571
-0.1111111111111111,0.0,0.8014460695301925,0.8163265306122449
-0.1388888888888889,0.0,-0.34721075858122313,-0.673469387755102
0.3333333333333333,-1.0,-0.3919904915976097,0.12244897959183673
0.027777777777777776,0.0,-0.5275512562316352,-0.02040816326530612
-0.4444444444444444,-1.0,-0.4880869842737187,0.7959183673469388
-0.25,-1.0,0.04352515214544334,-1.0
-0.8611111111111112,-1.0,0.9902164702257145,0.16326530612244897
-0.6944444444444444,-1.0,-0.8831699076672499,-0.24489795918367346
0.8333333333333334,0.0,0.5767990579638372,-0.24489795918367346
-0.5555555555555556,0.0,-0.8616769564308274,-0.42857142857142855
0.05555555555555555,0.0,0.11181176884897708,-1.0204081632653061
-0.6944444444444444,0.0,0.5904123609231074,-0.6122448979591837
0.9722222222222222,-1.0,0.11766647958004556,-0.08163265306122448
-0.75,-1.0,0.0027402687444286703,-0.10204081632653061
-0.9444444444444444,0.0,-0.33459891929963576,0.0
-0.3611111111111111,0.0,0.8176455698988632,-0.7346938775510204
0.9166666666666666,0.0,0.505420009464382,-0.8775510204081632
0.5277777777777778,0.0,-0.30748236433468695,0.8367346938775511
0.3611111111111111,0.0,0.9614381458615339,-0.08163265306122448
-0.9444444444444444,-1.0,0.11511329745672247,-0.42857142857142855
-0.3333333333333333,0.0,-0.19330449998349236,0.5102040816326531
-0.8611111111111112,-1.0,0.5080612323505783,0.6938775510204082
-0.7222222222222222,-1.0,0.5071257992450504,-0.6938775510204082
1.0,-1.0,-0.8434305083253546,-0.3877551020408163
0.6111111111111112,0.0,-0.15620632352779337,0.04081632653061224
-0.7222222222222222,-1.0,-0.3169357412481979,0.8979591836734694
0.1388888888888889,-1.0,0.5007208337460244,0.42857142857142855
0.1111111111111111,-1.0,-0.8388193733698702,0.2653061224489796
-0.75,0.0,0.00410490056896343,0.0
0.5277777777777778,0.0,-0.2885646054123059,0.8571428571428571
0.1388888888888889,0.0,0.8300373072732675,-0.7551020408163265
0.75,0.0,-0.4732741259203011,-0.20408163265306123
1.0,0.0,-0.7253678453123796,-0.5510204081632653
0.8333333333333334,0.0,0.458065084133954,0.9591836734693877
-0.4722222222222222,-1.0,0.43472327687719414,-0.8571428571428571
0.6666666666666666,0.0,0.2164702257145058,-0.7346938775510204
0.75,0.0,0.8494613005821695,-0.5714285714285714
-0.1111111111111111,-1.0,-0.15113297456722463,-0.12244897959183673
-0.7777777777777778,-1.0,-0.7733720712689975,-0.04081632653061224
0.75,-1.0,0.672081173583369,0.9387755102040817
0.75,-1.0,0.2800246514136045,0.8979591836734694
-0.6111111111111112,-1.0,0.4275699648937458,0.6530612244897959
0.16666666666666666,0.0,0.9859354881310046,0.5510204081632653
0.8888888888888888,0.0,0.23717081008506938,0.8571428571428571
-0.05555555555555555,-1.0,0.8184929622415178,0.8571428571428571
-0.25,-1.0,0.8592558354518142,0.8163265306122449
0.5555555555555556,0.0,0.8540614304422948,0.5918367346938775
-0.3055555555555556,-1.0,0.7012776915711975,-1.0204081632653061
0.9444444444444444,-1.0,0.15927674513299658,-0.6530612244897959
-0.1388888888888889,0.0,-0.45543486634311686,-0.10204081632653061
0.75,0.0,0.4948771281103151,-0.24489795918367346
0.1388888888888889,0.0,-0.41212981610485655,-0.673469387755102
0.2222222222222222,-1.0,-0.6176829872230842,0.02040816326530612
-0.027777777777777776,0.0,-0.7352504209448975,-0.6530612244897959
0.1111111111111111,0.0,-0.8735294441326334,0.6326530612244898
0.8888888888888888,-1.0,-0.14506916702433226,0.46938775510204084
0.19444444444444445,-1.0,-0.364587804153323,0.8571428571428571
-0.08333333333333333,0.0,0.9314162457217692,0.7551020408163265
0.7777777777777778,0.0,-0.6778808588376418,0.24489795918367346
-0.75,0.0,0.4678266037175212,0.42857142857142855
-0.05555555555555555,-1.0,0.6858155325915899,-0.5714285714285714
0.8888888888888888,-1.0,0.7415123202042546,-0.3877551020408163
0.5833333333333334,0.0,-0.10411920719293033,-0.20408163265306123
-0.6944444444444444,-1.0,0.9464712161730882,-0.4897959183673469
0.6944444444444444,0.0,0.6792895110436132,0.3877551020408163
-0.6944444444444444,0.0,0.0031034368912806628,0.24489795918367346
-0.3611111111111111,0.0,0.19240208216404195,-0.5714285714285714
-1.0,0.0,-0.07727777961196033,-0.02040816326530612
0.0,0.0,-0.32969064676945425,0.4897959183673469
0.8611111111111112,0.0,-0.7833867080458252,-0.16326530612244897
0.4722222222222222,0.0,-0.9779347838049016,-0.5102040816326531
0.16666666666666666,0.0,0.24704238062222808,-0.6122448979591837
-0.027777777777777776,0.0,0.561138807267765,0.42857142857142855
0.16666666666666666,0.0,-0.3365468211782055,-0.7346938775510204
0.1388888888888889,-1.0,0.6070190498200667,-0.1836734693877551
-0.16666666666666666,-1.0,0.064522874090704,0.061224489795918366
-0.6111111111111112,-1.0,0.042512683372401425,-0.4897959183673469
0.1388888888888889,-1.0,-0.694333476399573,0.7142857142857143
0.75,-1.0,0.16136771325123533,0.22448979591836735
0.6944444444444444,0.0,-0.3401344822652888,-0.24489795918367346
0.3333333333333333,0.0,0.8649674799432137,-0.061224489795918366
-0.6666666666666666,0.0,0.7508886614502515,0.3877551020408163
-0.4166666666666667,0.0,-0.07639737198322824,0.5306122448979592
-0.5277777777777778,0.0,0.8023815026357204,0.9795918367346939
0.6388888888888888,0.0,-0.7646120153631131,-0.1836734693877551
0.7777777777777778,0.0,-0.9604146719931328,0.6122448979591837
0.3888888888888889,0.0,0.5025366744802844,0.4897959183673469
0.3055555555555556,-1.0,0.9856933760331034,0.5510204081632653
-0.05555555555555555,-1.0,0.9130377364719865,-0.9795918367346939
0.3611111111111111,-1.0,0.19755246679212476,0.3469387755102041
0.5277777777777778,0.0,0.8160938514532229,0.08163265306122448
-0.8888888888888888,-1.0,-0.3268843474528707,0.5510204081632653
0.8611111111111112,-1.0,0.1974534209338924,0.9591836734693877
-0.6388888888888888,0.0,0.8113836706395061,-1.0204081632653061
0.19444444444444445,-1.0,0.4948551179195968,-0.16326530612244897
-0.4166666666666667,0.0,0.21777983206224483,0.5510204081632653
0.4444444444444444,0.0,-0.4567444726908559,-0.10204081632653061
-0.5277777777777778,0.0,0.0003301528607745386,-0.10204081632653061
0.5,0.0,0.2134878448721758,-0.2857142857142857
-0.9166666666666666,0.0,-0.8791970682425964,-0.46938775510204084
0.4166666666666667,0.0,0.07142306888089185,0.40816326530612246
0.1111111111111111,0.0,-0.28746409587639077,-0.6938775510204082
-0.027777777777777776,-1.0,-0.8371025784938426,-0.9183673469387755
0.6111111111111112,0.0,0.8636688786908339,-0.3469387755102041
0.4444444444444444,-1.0,0.7762884215391727,-0.08163265306122448
0.5833333333333334,0.0,-0.4453762091848526,0.3877551020408163
0.7777777777777778,0.0,-0.9468343843199402,0.46938775510204084
-0.9166666666666666,0.0,0.10316176389668416,-0.5306122448979592
-0.8333333333333334,-1.0,-0.33857175872428935,-0.3877551020408163
0.3055555555555556,-1.0,-0.41779744021481946,0.5918367346938775
-0.7777777777777778,-1.0,0.6734017850264673,0.2857142857142857
0.5555555555555556,-1.0,0.9673698922601164,-0.7142857142857143
0.8333333333333334,0.0,0.42137409620654365,-0.2857142857142857
0.6944444444444444,-1.0,-0.1116246822278715,-0.3673469387755102
-0.5555555555555556,0.0,-0.862007109291602,-0.6938775510204082
0.4722222222222222,0.0,0.4930392771853368,0.9387755102040817
-0.9722222222222222,0.0,0.5991614117336327,0.5102040816326531
0.5277777777777778,-1.0,0.8737385409444572,0.08163265306122448
0.4166666666666667,0.0,0.7362959050040169,-0.08163265306122448
0.5,0.0,0.9905686332772073,0.02040816326530612
-0.08333333333333333,-1.0,0.42914369353010445,-0.12244897959183673
0.3888888888888889,-1.0,-0.9361704469169225,0.6938775510204082
-0.7777777777777778,0.0,0.43682525009079204,0.7755102040816326
-0.5,-1.0,-0.9756677341609165,0.2857142857142857
-0.2222222222222222,0.0,-0.8400299338593769,-0.7346938775510204
-0.25,-1.0,-0.7783903947527705,0.673469387755102
0.6666666666666666,0.0,0.688291679047399,-0.24489795918367346
-0.8611111111111112,0.0,0.8666072391517272,-0.3673469387755102
0.5277777777777778,0.0,-0.980432940451429,0.8571428571428571
-0.3055555555555556,-1.0,0.842880253557397,-0.24489795918367346
-0.4166666666666667,0.0,-0.5787249496516887,0.40816326530612246
-0.3333333333333333,0.0,-0.08672015143011214,-0.8775510204081632
0.027777777777777776,0.0,-0.15237655034280873,-0.08163265306122448
-0.2777777777777778,-1.0,-0.7906610760782242,-0.6938775510204082
-0.4166666666666667,-1.0,0.7306943114662089,0.12244897959183673
0.19444444444444445,0.0,-0.13624308054629294,0.30612244897959184
0.4722222222222222,0.0,-0.12643754058128914,-0.4897959183673469
-0.6388888888888888,-1.0,-0.36488494172802005,-0.3673469387755102
-0.4444444444444444,0.0,-0.05444220674172142,0.02040816326530612
0.6111111111111112,0.0,-0.5508930634883952,-0.24489795918367346
-0.3611111111111111,-1.0,0.6971177655254382,-0.6326530612244898
0.6388888888888888,0.0,-0.009717499202130586,0.20408163265306123
-0.16666666666666666,-1.0,0.03596465163370641,0.08163265306122448
-0.16666666666666666,-1.0,0.007703566751405901,-0.08163265306122448
0.8888888888888888,-1.0,-0.7372093279188264,0.12244897959183673
0.5555555555555556,0.0,-0.750206345537984,0.5306122448979592
-0.75,0.0,-0.6876203682304907,-0.5714285714285714
-0.7222222222222222,-1.0,0.47123818327885814,0.6938775510204082
0.05555555555555555,-1.0,0.7160905499246151,-0.22448979591836735
-0.6111111111111112,0.0,-0.9364345692055421,-0.7959183673469388
-0.3055555555555556,-1.0,-0.17159144683988686,-0.7755102040816326
-0.6111111111111112,0.0,-0.37794798991933265,-0.4489795918367347
-0.7777777777777778,-1.0,0.2432676329140392,0.40816326530612246
0.0,-1.0,0.7757821871526517,-0.7142857142857143
-0.25,0.0,-0.0753408828287497,0.02040816326530612
0.3611111111111111,-1.0,-0.7874585933287112,0.6122448979591837
-0.3055555555555556,0.0,-0.5891797902428825,0.4489795918367347
0.6944444444444444,-1.0,0.0035766559917241683,0.673469387755102
0.6666666666666666,0.0,-0.1153554095546238,-0.5306122448979592
-0.5833333333333334,0.0,-0.6877964497562371,-0.40816326530612246
-0.5833333333333334,-1.0,0.08070036426865639,-1.0204081632653061
0.05555555555555555,0.0,0.8665302034842132,-0.08163265306122448
-0.5,-1.0,0.5163590742513784,-0.02040816326530612
0.3888888888888889,-1.0,0.04283183113781681,0.8571428571428571
-0.7222222222222222,-1.0,0.3114001782825448,-0.4897959183673469
0.4166666666666667,-1.0,0.282896981302343,0.4897959183673469
0.4166666666666667,-1.0,-0.3274235971254691,-0.12244897959183673
0.75,-1.0,0.8812220057886802,-0.3877551020408163
-0.5,-1.0,0.9650478171393355,0.2653061224489796
0.027777777777777776,-1.0,0.3680434040960965,0.8367346938775511
-0.9722222222222222,0.0,0.13386597994871627,-0.22448979591836735
0.5833333333333334,0.0,-0.49136650269074583,-0.16326530612244897
-0.6111111111111112,-1.0,-0.27689920433160553,-0.12244897959183673
0.6666666666666666,0.0,0.913367889332761,0.8775510204081632
0.3611111111111111,-1.0,0.3823170127769157,-0.6326530612244898
0.3611111111111111,0.0,0.6494216822388766,-0.14285714285714285
-0.16666666666666666,-1.0,-0.4116235817183356,0.02040816326530612
-0.5,-1.0,0.8636578735954747,-0.02040816326530612
0.2777777777777778,0.0,0.5913918144100718,-0.8775510204081632
0.25,0.0,0.9616802579594352,0.7142857142857143
-0.4722222222222222,0.0,0.21112174936995828,0.30612244897959184
0.9722222222222222,-1.0,0.04387731519693618,-0.7346938775510204
0.6111111111111112,-1.0,0.3067670331363421,0.7551020408163265
-0.6388888888888888,-1.0,-0.8988411634586814,-0.061224489795918366
-0.6944444444444444,0.0,-0.1388953085278484,-0.24489795918367346
-0.6388888888888888,0.0,0.3372841625672686,0.12244897959183673
0.4722222222222222,-1.0,0.23304389932538766,0.9183673469387755
0.8055555555555556,-1.0,-0.2518295971034589,-0.9795918367346939
0.5833333333333334,-1.0,0.2622734325992935,-0.5918367346938775
-0.16666666666666666,-1.0,0.36805440919145566,-0.42857142857142855
0.75,0.0,0.308505838203088,0.32653061224489793
-0.7222222222222222,-1.0,-0.1457844982226771,0.08163265306122448
-0.7777777777777778,-1.0,0.20510196220850255,-0.22448979591836735
-0.4444444444444444,-1.0,-0.682767121177105,0.40816326530612246
0.8333333333333334,0.0,0.987410170909131,0.5714285714285714
0.8055555555555556,-1.0,-0.7778731552708904,0.3469387755102041
-0.027777777777777776,0.0,-0.8642521487448689,-0.04081632653061224
-0.3611111111111111,-1.0,0.30874795030098934,0.42857142857142855
-0.16666666666666666,0.0,0.9778467430420285,0.42857142857142855
-0.5277777777777778,-1.0,0.8971023583919354,-0.8571428571428571
0.8055555555555556,0.0,-0.03538138157967139,-0.5306122448979592
-0.08333333333333333,-1.0,-0.9066547811636788,-0.8775510204081632
-0.8055555555555556,0.0,-0.9350809424763665,0.6326530612244898
0.7222222222222222,0.0,-0.5835121661329196,0.42857142857142855
0.8055555555555556,-1.0,-0.014394664729769883,-0.10204081632653061
-0.19444444444444445,-1.0,0.25134537290765624,0.08163265306122448
-0.7777777777777778,-1.0,-0.2597862810481253,0.16326530612244897
-0.5555555555555556,-1.0,0.2828529609209064,0.7346938775510204
0.7222222222222222,-1.0,-0.4546094841911805,0.5714285714285714
-0.6944444444444444,-1.0,-0.31276481010707957,-0.16326530612244897
-0.4444444444444444,0.0,0.9754696424444518,-0.5918367346938775
0.75,0.0,0.7707418534781604,0.32653061224489793
-0.75,-1.0,-0.21611806266301298,-0.5714285714285714
-0.7222222222222222,-1.0,0.7204045473054024,0.0
-0.3611111111111111,-1.0,-0.2813562679520618,-0.20408163265306123
0.08333333333333333,0.0,-0.5213773977351513,0.12244897959183673
-0.7222222222222222,0.0,-0.5265277823632342,-0.08163265306122448
-0.2222222222222222,-1.0,-0.4654164878338671,0.9795918367346939
1.0,0.0,0.47694982777025763,0.8979591836734694
0.6944444444444444,-1.0,-0.08197695533031794,0.22448979591836735
0.8888888888888888,-1.0,0.7324881420097505,0.6122448979591837
-0.9444444444444444,0.0,-0.05877821431322702,-0.12244897959183673
0.6944444444444444,-1.0,-0.9002608207600119,-0.5510204081632653
0.6944444444444444,-1.0,-0.09100113352482199,-0.22448979591836735
-0.7222222222222222,-1.0,0.6062376880495669,-0.7142857142857143
-0.6666666666666666,0.0,0.7532767671431873,-0.673469387755102
-0.1388888888888889,-1.0,-0.7687389261227948,0.42857142857142855
-0.9444444444444444,0.0,-0.051955055190553226,0.4489795918367347
0.4444444444444444,0.0,0.6798287607162116,-0.1836734693877551
0.5555555555555556,-1.0,-0.0017498101621050547,-0.5510204081632653
-0.1388888888888889,0.0,-0.7434051966060286,-0.8775510204081632
0.1111111111111111,0.0,0.709322416278737,0.0
0.8888888888888888,0.0,-0.7220883268953525,0.6122448979591837
-0.8611111111111112,-1.0,0.6984823973499731,0.24489795918367346
0.8888888888888888,0.0,0.09162842396029361,-0.8367346938775511
-0.2222222222222222,0.0,0.9417940506454489,0.7959183673469388
0.25,0.0,-0.4562382383043349,-0.3469387755102041
-0.5277777777777778,0.0,0.39642554502734767,-0.5306122448979592
-0.6111111111111112,0.0,0.19265519935730244,-0.8571428571428571
0.8888888888888888,0.0,-0.5638130454400387,0.5918367346938775
0.7777777777777778,-1.0,0.29548681039321206,0.40816326530612246
0.05555555555555555,-1.0,0.6461311587264904,0.2857142857142857
-0.7777777777777778,0.0,-0.9241528827847293,0.061224489795918366
0.1111111111111111,0.0,0.15873749546039817,0.30612244897959184
0.4722222222222222,0.0,-0.8271319620984516,0.20408163265306123
-0.7222222222222222,-1.0,-0.45334389822487814,0.24489795918367346
0.05555555555555555,0.0,-0.2163161543794777,0.10204081632653061
-0.9166666666666666,-1.0,0.30572154907722277,-0.6530612244897959
0.1388888888888889,0.0,-0.1476553644337328,-0.24489795918367346
0.5277777777777778,-1.0,-0.9446223601527507,0.7755102040816326
-0.6666666666666666,0.0,-0.4459374690481693,-0.22448979591836735
-1.0,-1.0,-0.7733060406968426,0.8775510204081632
0.5,-1.0,-0.05859112769212145,0.3469387755102041
0.6388888888888888,0.0,0.6607019049820066,0.5918367346938775
0.8055555555555556,0.0,0.6837685848547878,0.5306122448979592
0.1111111111111111,-1.0,-0.46163073503031904,-0.7142857142857143
-0.3055555555555556,0.0,-0.01239173737440435,-0.7142857142857143
0.6666666666666666,0.0,0.29538776453497967,-0.7551020408163265
0.9444444444444444,0.0,0.5001155535012711,0.20408163265306123
0.8055555555555556,-1.0,-0.3985055080502273,0.04081632653061224
0.5,-1.0,-0.5131675965972246,-0.42857142857142855
0.4722222222222222,-1.0,-0.3838137057457603,0.6122448979591837
-0.5277777777777778,-1.0,0.15731783815906764,0.7142857142857143
0.8888888888888888,-1.0,-0.3364147600338957,-0.16326530612244897
1.0,-1.0,0.36312412647055586,0.8775510204081632
-0.25,-1.0,-0.6579066107607823,-0.6530612244897959
0.25,0.0,0.1646692418589807,-0.40816326530612246
0.05555555555555555,0.0,0.7545533582048488,-0.673469387755102
-0.75,0.0,0.8387203275116379,-0.7142857142857143
0.8055555555555556,-1.0,-0.8139368527628292,-0.5306122448979592
-0.75,0.0,-0.4766636952909197,-0.16326530612244897
0.75,-1.0,0.6423784212090198,0.061224489795918366
0.6944444444444444,0.0,0.9289731145520376,-0.9591836734693877
0.8611111111111112,0.0,-0.10611112945293671,0.8367346938775511
-0.4722222222222222,0.0,-0.3794556879835364,0.7755102040816326
-0.19444444444444445,0.0,0.8265707022351348,0.2857142857142857
-0.9722222222222222,-1.0,0.12155127824182596,-0.22448979591836735
0.6944444444444444,-1.0,-0.6923965796163624,0.32653061224489793
0.75,0.0,0.23277977703676803,0.9183673469387755
0.7222222222222222,-1.0,0.7220333014185568,-0.4897959183673469
0.4722222222222222,0.0,-0.8299382614150351,0.8163265306122449
1.0,-1.0,-0.2620093103106738,0.5714285714285714
-0.08333333333333333,0.0,0.42482969614931715,0.5102040816326531
-0.2222222222222222,-1.0,-0.4097417104119207,-0.46938775510204084
-0.3055555555555556,-1.0,0.11992252412867158,-0.02040816326530612
0.4444444444444444,0.0,0.3515797814388062,-0.6938775510204082
0.05555555555555555,-1.0,-0.20964706659183202,0.6326530612244898
-0.08333333333333333,-1.0,-0.012424752660481804,-0.4489795918367347
-0.1388888888888889,-1.0,0.6748984779953118,-0.5306122448979592
0.5,0.0,-0.35625694696644544,-0.7346938775510204
0.9444444444444444,-1.0,-0.8623152519616583,-0.24489795918367346
-0.19444444444444445,-1.0,-0.5644513409708695,0.9591836734693877
0.8333333333333334,-1.0,-0.941584953833625,1.0
-0.6944444444444444,0.0,-0.1993242871449481,0.2857142857142857
0.5833333333333334,0.0,0.6839336612851751,0.9795918367346939
-0.1388888888888889,-1.0,-0.4338758845345395,0.8979591836734694
0.9444444444444444,-1.0,0.9776376462302045,0.30612244897959184
0.3611111111111111,0.0,-0.1800323549803559,-0.5918367346938775
-0.5277777777777778,0.0,-0.04294188209140832,0.3673469387755102
-0.027777777777777776,0.0,0.1527177082989424,0.5306122448979592
0.4722222222222222,-1.0,-0.601879670287343,-0.5510204081632653
-0.5277777777777778,0.0,-0.044163447676274115,-0.8571428571428571
0.6388888888888888,-1.0,-0.4055377639847249,-0.20408163265306123
0.5555555555555556,0.0,0.3892392177578219,0.4489795918367347
-0.2222222222222222,0.0,-0.24864912454466417,0.3877551020408163
-0.6388888888888888,-1.0,0.3441403369760199,-0.04081632653061224
-0.9444444444444444,0.0,0.8996005150384628,0.9183673469387755
0.027777777777777776,0.0,-0.3882377540801391,0.8775510204081632
0.8333333333333334,0.0,-0.793412349918012,0.7551020408163265
-0.9166666666666666,0.0,-0.23649949926816116,-0.46938775510204084
-0.027777777777777776,-1.0,-0.32745661241154655,-0.5714285714285714
0.5555555555555556,0.0,-0.07038858991713164,-0.22448979591836735
0.7777777777777778,0.0,-0.9090098715705371,-0.061224489795918366
0.0,0.0,0.04820231767308264,0.8775510204081632
0.75,0.0,0.3604498882982821,-0.3469387755102041
0.6666666666666666,0.0,-0.09332320864560291,-0.02040816326530612
-0.1111111111111111,0.0,-0.6238348355288499,-0.3673469387755102
-0.1388888888888889,-1.0,-0.3333223282379742,-0.30612244897959184
0.7777777777777778,-1.0,0.9044977824732852,0.40816326530612246
-0.4722222222222222,-1.0,-0.10105979068308626,0.6530612244897959
-0.8055555555555556,-1.0,0.9707814718214534,-0.5102040816326531
0.1388888888888889,-1.0,-0.9043657213289753,0.5714285714285714
0.2222222222222222,-1.0,-0.6136221070355574,0.4489795918367347
-0.6666666666666666,-1.0,-0.01676076023198741,0.3673469387755102
-0.6111111111111112,0.0,0.7301110414121739,-0.7551020408163265
-0.16666666666666666,-1.0,-0.9254624891324683,-0.40816326530612246
0.6666666666666666,0.0,-0.5400640496549902,-0.061224489795918366
-0.7777777777777778,-1.0,0.7617286803790155,0.30612244897959184
-0.3333333333333333,-1.0,0.0010564891544785236,-0.2857142857142857
0.6666666666666666,0.0,-0.4098627664608714,-0.6530612244897959
-0.3888888888888889,-1.0,-0.9243619795965532,-0.6122448979591837
-0.6666666666666666,-1.0,-0.3102336381744748,-0.5918367346938775
-0.75,0.0,0.17812847348322272,-0.7346938775510204
-0.9444444444444444,-1.0,0.9414528926893152,-0.9795918367346939
0.6944444444444444,0.0,-0.08811779854072435,0.8571428571428571
-0.2777777777777778,-1.0,-0.24158385332408905,-0.5306122448979592
0.6666666666666666,-1.0,0.8247878767869523,0.9591836734693877
-0.16666666666666666,0.0,0.5779986133579847,-0.5714285714285714
0.6944444444444444,-1.0,-0.6364576799057964,-0.16326530612244897
0.027777777777777776,0.0,0.8670474429660933,-0.4489795918367347
-0.9722222222222222,0.0,-0.7045241947021471,0.16326530612244897
0.3611111111111111,-1.0,0.46568061012248674,-0.673469387755102
-0.7777777777777778,-1.0,0.0872483960073514,-0.9795918367346939
0.9722222222222222,-1.0,-0.7992010300769257,-0.6326530612244898
-0.6666666666666666,-1.0,0.9819846588970693,-0.8163265306122449
-0.6944444444444444,-1.0,0.5575511461806817,0.6326530612244898
-0.1111111111111111,-1.0,0.5117699494866123,0.5918367346938775
0.75,-1.0,0.6832513453729077,-0.7346938775510204
0.3055555555555556,-1.0,-0.022472404723386928,0.8775510204081632
0.5,-1.0,-0.5495394367592196,0.8367346938775511
-0.6944444444444444,0.0,-0.5253062167783684,0.9183673469387755
0.4444444444444444,0.0,0.9322636380644238,0.3877551020408163
-0.8333333333333334,0.0,0.6722572551091155,-0.2857142857142857
0.75,0.0,-0.39150626740180705,0.6122448979591837
0.9166666666666666,-1.0,0.15714175663332122,0.46938775510204084
-0.5277777777777778,-1.0,-0.707715672356301,-0.9183673469387755
1.0,-1.0,0.9072160410269955,0.3877551020408163
-0.25,-1.0,0.9905686332772073,-0.5102040816326531
-0.7777777777777778,-1.0,0.9916911530038408,-0.30612244897959184
-0.1388888888888889,0.0,0.8567906940913643,0.8775510204081632
-0.1111111111111111,-1.0,0.8109434668251401,0.5918367346938775
0.19444444444444445,0.0,0.46555955407353605,-0.2653061224489796
0.19444444444444445,-1.0,0.5097450119405285,0.6530612244897959
-1.0,-1.0,0.5767330273916823,0.24489795918367346
-0.3611111111111111,0.0,0.786787282511803,0.04081632653061224
0.6388888888888888,0.0,-0.8245567697844102,0.061224489795918366
0.16666666666666666,0.0,-0.5948694245435636,0.4897959183673469
0.9722222222222222,0.0,0.43747455071698194,-0.8979591836734694
0.8611111111111112,0.0,0.21892436197959655,0.04081632653061224
0.05555555555555555,-1.0,0.6076573453508974,-0.42857142857142855
0.0,-1.0,0.05556472646835485,-0.6938775510204082
0.5833333333333334,0.0,-0.018257453200831986,-0.2857142857142857
0.3333333333333333,-1.0,-0.05742458758405142,0.5918367346938775
-0.5,0.0,0.8040652822256705,0.5102040816326531
0.75,-1.0,-0.5755334719975349,0.8367346938775511
-0.4722222222222222,-1.0,-0.3774197453420934,0.5510204081632653
-0.5,0.0,-0.6461641740125679,-0.4897959183673469
0.6111111111111112,-1.0,-0.19888408333058205,-0.08163265306122448
0.3888888888888889,-1.0,0.5030429088668054,0.4897959183673469
0.05555555555555555,-1.0,0.7453420933892392,-0.5102040816326531
0.9166666666666666,-1.0,0.47727998063103216,-0.5918367346938775
0.7222222222222222,-1.0,0.8232471634366711,0.7551020408163265
-0.7777777777777778,-1.0,-0.7167178403600867,-0.32653061224489793
-0.3888888888888889,0.0,-0.0043139973807873044,0.42857142857142855
0.9722222222222222,-1.0,-0.6235046826680753,0.7346938775510204
0.3611111111111111,-1.0,0.23080986496747993,-0.10204081632653061
-0.8333333333333334,-1.0,-0.2923833735019314,0.9387755102040817
-0.08333333333333333,-1.0,0.4784245105483839,0.6122448979591837
-0.19444444444444445,-1.0,0.7734601120318707,0.0
-0.9722222222222222,-1.0,0.7747587132842506,-0.22448979591836735
-0.6666666666666666,-1.0,-0.36796636842858244,0.7755102040816326
-0.9722222222222222,-1.0,-0.5300494128781625,0.8163265306122449
0.8055555555555556,0.0,0.823885458967502,0.5102040816326531
0.6944444444444444,-1.0,0.2699219738739036,-0.3673469387755102
0.05555555555555555,0.0,-0.05976867289555064,0.7755102040816326
0.8055555555555556,-1.0,-0.8983459341675195,0.7959183673469388
0.3888888888888889,-1.0,0.6718940869622635,0.8163265306122449
-0.7777777777777778,0.0,0.9963353032454026,-0.2857142857142857
-0.5,0.0,-0.720811735833691,-0.6530612244897959
0.5277777777777778,0.0,-0.2975777785114508,-0.14285714285714285
0.2777777777777778,0.0,0.9569260567642819,-0.14285714285714285
-0.1388888888888889,-1.0,0.7488857340948859,0.8367346938775511
0.8611111111111112,-1.0,-0.9195527529246041,0.9183673469387755
0.3888888888888889,-1.0,0.39884666600636093,0.7346938775510204
-0.4166666666666667,0.0,-0.5151925341433083,0.7551020408163265
-0.25,-1.0,0.3244302111877799,-0.6122448979591837
0.1388888888888889,0.0,0.2349807961085983,0.3673469387755102
0.8055555555555556,0.0,0.2325156547481484,-0.7551020408163265
-0.4722222222222222,-1.0,-0.43026621325673786,-0.7959183673469388
-0.6388888888888888,0.0,-0.16569271572738178,0.3877551020408163
0.5277777777777778,0.0,-0.6508963650170029,-0.5510204081632653
0.6944444444444444,0.0,-0.1137486656321877,-0.9183673469387755
-0.7777777777777778,0.0,0.16165384573057326,-0.2857142857142857
-0.6944444444444444,-1.0,-0.07299679751725048,0.7959183673469388
-0.4166666666666667,0.0,-0.06804450460563241,0.30612244897959184
0.19444444444444445,-1.0,0.8588266367328072,0.7755102040816326
-0.2222222222222222,0.0,0.8865044515610728,0.2857142857142857
0.7222222222222222,-1.0,-0.5783397713141184,0.5714285714285714
0.0,0.0,-0.2258465669605027,0.4489795918367347
-0.16666666666666666,-1.0,0.6186514356146896,0.3877551020408163
-0.25,0.0,0.9478248429022638,0.32653061224489793
0.08333333333333333,0.0,0.03769245160509316,-0.9795918367346939
-0.6388888888888888,0.0,-0.709465482518406,-0.8571428571428571
0.4166666666666667,-1.0,0.8884633585350017,0.20408163265306123
0.4444444444444444,-1.0,-0.1463677682767121,-0.9387755102040817
-0.3055555555555556,-1.0,0.9646736438971244,0.7755102040816326
-0.8333333333333334,-1.0,0.9123224052736417,0.42857142857142855
-1.0,-1.0,0.6833173759450626,-0.20408163265306123
0.1111111111111111,-1.0,0.15910066360725017,0.16326530612244897
0.08333333333333333,-1.0,0.02264848624913335,-0.8163265306122449
0.16666666666666666,-1.0,-0.6299866838346154,0.8367346938775511
-1.0,0.0,0.18004336007571506,0.22448979591836735
-0.05555555555555555,-1.0,-0.2759417610353594,-0.6122448979591837
0.5277777777777778,-1.0,-0.14489308549858584,-0.5306122448979592
0.4444444444444444,0.0,-0.6370189397691131,-1.0
-0.4166666666666667,0.0,-0.9082505199907557,0.8979591836734694
0.8888888888888888,0.0,-0.6229544279001178,0.1836734693877551
-0.1388888888888889,-1.0,-0.27157273817777633,0.3877551020408163
0.027777777777777776,-1.0,0.7142526989996368,0.8163265306122449
-0.8888888888888888,0.0,-0.6372720569623735,0.2857142857142857
0.2222222222222222,-1.0,-0.7920477180934773,0.22448979591836735
0.027777777777777776,0.0,-0.9070839798826856,-0.22448979591836735
-0.19444444444444445,-1.0,0.7079577844542023,0.42857142857142855
0.8055555555555556,-1.0,0.9942663453178822,0.8775510204081632
-0.8888888888888888,-1.0,0.8529939361924571,0.9795918367346939
0.19444444444444445,0.0,0.965950234958786,0.8571428571428571
0.0,0.0,0.6238568457195681,0.14285714285714285
0.5555555555555556,0.0,-0.3137222534033257,0.6122448979591837
0.75,0.0,-0.11744637767286253,0.5918367346938775
-0.8888888888888888,0.0,-0.026379213575885636,-0.7959183673469388
0.9722222222222222,0.0,-0.5106364246646197,0.46938775510204084
0.9166666666666666,-1.0,-0.9792994156294365,0.8163265306122449
0.8611111111111112,-1.0,0.5707022351348674,-0.7755102040816326
-0.9722222222222222,-1.0,-0.9025388754993562,-0.30612244897959184
-0.9722222222222222,0.0,-0.010245743779369848,-0.3877551020408163
0.9722222222222222,0.0,0.05897630602969175,0.5510204081632653
-0.6944444444444444,0.0,-0.7788856240439324,0.7959183673469388
-0.8888888888888888,0.0,-0.5560544532118371,0.9795918367346939
-0.19444444444444445,0.0,0.6196528992923723,0.3673469387755102
0.3055555555555556,0.0,0.4221774681677617,0.7959183673469388
0.3055555555555556,0.0,-0.45024046133359746,0.5510204081632653
0.75,-1.0,0.4592316242420241,-0.6530612244897959
0.08333333333333333,0.0,-0.3053253656442933,0.7346938775510204
0.027777777777777776,0.0,0.8459726853533186,-0.8775510204081632
0.8055555555555556,0.0,0.2888947582730804,0.4897959183673469
-0.05555555555555555,-1.0,0.37867432621303665,-0.10204081632653061
-0.1388888888888889,-1.0,-0.4915205740257739,0.8367346938775511
0.3611111111111111,0.0,-0.934673753948078,0.8367346938775511
0.2222222222222222,-1.0,0.21557881299041456,0.9591836734693877
-0.8055555555555556,0.0,0.04925880682756116,-0.20408163265306123
-0.25,-1.0,0.41795151154984755,0.061224489795918366
-0.4722222222222222,-1.0,-0.5565056621215623,0.2857142857142857
-0.8888888888888888,-1.0,-0.7075175806398363,-0.6326530612244898
0.3611111111111111,0.0,-0.05532261437045352,-0.02040816326530612
-0.2222222222222222,-1.0,-0.20177842341003885,0.6326530612244898
0.5277777777777778,-1.0,0.39215556802799695,-1.0204081632653061
-0.6944444444444444,0.0,0.3911981247317508,0.6326530612244898
-0.1111111111111111,0.0,0.10877436252985132,0.6326530612244898
0.6944444444444444,0.0,0.4495911607074075,0.061224489795918366
-0.7222222222222222,0.0,-0.22445992494524966,-0.9795918367346939
-0.9722222222222222,-1.0,-0.1338989952347937,0.7346938775510204
0.4444444444444444,-1.0,0.4669792113748666,0.5306122448979592
0.8333333333333334,0.0,-0.1479084816269933,-0.6326530612244898
0.25,0.0,-0.08306645977087392,-0.9591836734693877
1.0,0.0,-0.10449338043514148,0.7551020408163265
0.7777777777777778,0.0,-0.5330207886251335,-0.16326530612244897
0.5555555555555556,-1.0,0.6789593581828387,-0.7346938775510204
-0.1111111111111111,-1.0,0.15451153884248406,-0.04081632653061224
-0.1111111111111111,-1.0,-0.29878833900095747,-0.8163265306122449
-0.4166666666666667,-1.0,-0.820033675591799,0.16326530612244897
0.3611111111111111,0.0,0.4761244456183213,0.10204081632653061
0.9444444444444444,-1.0,-0.6038495823566311,0.6938775510204082
0.2777777777777778,-1.0,0.7162776365457206,0.8367346938775511
0.2777777777777778,0.0,-0.7165857792157769,-0.14285714285714285
0.8888888888888888,-1.0,-0.18194724157284822,-0.2857142857142857
0.027777777777777776,0.0,-0.6744912894670232,0.8775510204081632
0.1388888888888889,-1.0,0.03967336876974039,0.32653061224489793
0.6388888888888888,-1.0,0.1811658798023485,0.2653061224489796
0.9444444444444444,-1.0,-0.33908899820616945,0.42857142857142855
-0.3333333333333333,-1.0,-0.9531072886746563,0.6326530612244898
0.4166666666666667,0.0,-0.8429352790341929,0.4897959183673469
0.8055555555555556,0.0,0.8339111008396888,0.5102040816326531
0.9444444444444444,0.0,0.9728944501304104,-0.2857142857142857
0.16666666666666666,0.0,0.8062773063928599,-0.2653061224489796
-0.3055555555555556,-1.0,-0.2009750514488208,0.6122448979591837
0.5,0.0,0.5118689953448446,-0.8571428571428571
0.4444444444444444,-1.0,-0.5617660977032366,0.6326530612244898
0.2222222222222222,-1.0,0.708662110557188,-0.32653061224489793
0.8333333333333334,-1.0,-0.6788162919431697,-0.2653061224489796
0.6666666666666666,-1.0,0.3619906016485633,-0.9387755102040817
-0.8888888888888888,-1.0,-0.6245831820132721,-0.2653061224489796
0.9166666666666666,0.0,-0.4399286869820727,-0.3469387755102041
-0.7777777777777778,0.0,-0.8174364730870393,-0.6530612244897959
0.4166666666666667,-1.0,0.037571395556142494,-0.6122448979591837
0.3055555555555556,0.0,-0.5166342016353571,0.8775510204081632
0.9722222222222222,0.0,-0.9247031375526868,-0.9387755102040817
0.75,-1.0,-0.6085377529796295,0.22448979591836735
0.2222222222222222,-1.0,0.47079797946449203,0.8163265306122449
-0.4722222222222222,-1.0,0.12966203352152048,0.8979591836734694
-0.6666666666666666,-1.0,0.4921368593658864,-0.5510204081632653
-0.75,0.0,-0.309232174496792,-0.22448979591836735
0.4166666666666667,0.0,-0.03279518417027084,-0.7959183673469388
-0.4166666666666667,0.0,0.9268821464337988,0.061224489795918366
-0.7777777777777778,-1.0,-0.39062585977307496,-0.5306122448979592
-0.3333333333333333,0.0,0.7860279309320215,-0.8163265306122449
1.0,0.0,0.10586901735503539,-0.42857142857142855
0.5833333333333334,-1.0,0.23969097692231503,-0.1836734693877551
-0.6111111111111112,0.0,-0.908492632088657,-0.30612244897959184
-0.9166666666666666,-1.0,0.9491894747267985,-0.8571428571428571
-0.7222222222222222,-1.0,-0.859607998503307,0.46938775510204084
-0.9166666666666666,0.0,-0.9161411733632672,0.1836734693877551
0.027777777777777776,-1.0,-0.07361308285736295,0.32653061224489793
0.6666666666666666,-1.0,-0.2791662539755907,0.6326530612244898
-0.3333333333333333,0.0,-0.10025641872186823,-0.24489795918367346
-0.7222222222222222,0.0,-0.7920917384749139,-0.061224489795918366
-0.4166666666666667,-1.0,0.46692418589807083,-0.3877551020408163
0.6388888888888888,-1.0,-0.07779501909384044,-0.8979591836734694
0.19444444444444445,0.0,0.6560797649311632,-0.673469387755102
-0.7777777777777778,0.0,0.6124555669274874,-1.0204081632653061
-0.9166666666666666,0.0,-0.5975766780019149,0.673469387755102
0.7777777777777778,0.0,0.2478787678695236,0.08163265306122448
0.3611111111111111,-1.0,-0.6132479337933463,-0.22448979591836735
0.4722222222222222,0.0,0.1376077123708277,-0.8979591836734694
-0.6111111111111112,0.0,-0.559245930865991,-0.3673469387755102
0.3611111111111111,-1.0,-0.21935356069860346,0.7346938775510204
0.4166666666666667,-1.0,0.8708662110557188,-0.02040816326530612
0.3055555555555556,0.0,-0.02771083011434294,0.08163265306122448
-0.9166666666666666,-1.0,0.6586549572452045,0.10204081632653061
-0.6111111111111112,0.0,0.07706868280013646,0.8163265306122449
-0.5555555555555556,0.0,0.26737979684593965,-1.0
-0.9444444444444444,-1.0,0.2572330989248022,-0.5102040816326531
0.3888888888888889,-1.0,0.7764865132556373,-0.8367346938775511
0.5833333333333334,0.0,0.7215820925088315,0.6326530612244898
-0.25,0.0,0.6716629799597214,-0.40816326530612246
0.8611111111111112,-1.0,0.263109819846589,-0.9591836734693877
-0.3611111111111111,0.0,0.8557342049368858,0.1836734693877551
0.6111111111111112,-1.0,-0.45667844211870096,0.1836734693877551
-0.8611111111111112,0.0,-0.3854204496681964,0.9183673469387755
0.3611111111111111,-1.0,0.2583996390328722,-0.7142857142857143
-0.6388888888888888,-1.0,-0.5762488031958797,-0.6938775510204082
0.9722222222222222,-1.0,-0.04422947824842902,-0.4897959183673469
0.08333333333333333,0.0,-0.33897894725257793,0.8979591836734694
-1.0,0.0,0.15512782418259655,-0.14285714285714285
0.16666666666666666,0.0,-0.6811383670639506,-0.24489795918367346
0.8888888888888888,-1.0,0.693387038198686,0.9387755102040817
0.16666666666666666,0.0,-0.37331484477313,0.20408163265306123
-0.3611111111111111,-1.0,-0.14079919002498156,-0.4489795918367347
0.6388888888888888,0.0,0.022362353769795416,0.30612244897959184
-0.4722222222222222,-1.0,-0.8815411535540956,0.12244897959183673
0.19444444444444445,-1.0,-0.22961030957333245,-0.6122448979591837
0.4722222222222222,-1.0,-0.12205751262834692,0.3877551020408163
-0.5,-1.0,-0.5126393520199852,-0.40816326530612246
-0.2777777777777778,0.0,0.39140722154357466,-0.7959183673469388
0.3611111111111111,0.0,0.23544301011368263,0.3469387755102041
-0.2777777777777778,-1.0,0.30673401785026466,-0.8571428571428571
-0.5555555555555556,-1.0,-0.48984779953118296,0.7959183673469388
0.7222222222222222,0.0,-0.27466516997369783,-0.8979591836734694
0.5555555555555556,-1.0,0.9157780052164152,-0.3877551020408163
0.8611111111111112,0.0,0.9739839545709663,0.4489795918367347
0.75,-1.0,-0.27196892161070574,-1.0204081632653061
0.4444444444444444,-1.0,-0.7998063103216789,-0.6122448979591837
-0.5555555555555556,0.0,0.6539227662407695,0.3469387755102041
-0.027777777777777776,0.0,-0.8938228399749084,0.02040816326530612
-0.8055555555555556,-1.0,-0.5691725268799455,0.3877551020408163
-0.4444444444444444,-1.0,-0.6654451010818009,-0.16326530612244897
0.027777777777777776,0.0,-0.6427746046419492,0.5306122448979592
0.5,0.0,-0.46618684450900766,0.4897959183673469
-0.9722222222222222,0.0,0.0854655705591689,0.8979591836734694
0.2222222222222222,-1.0,-0.01256781890015077,-0.673469387755102
0.19444444444444445,-1.0,0.5041324133073614,0.6122448979591837
0.19444444444444445,-1.0,0.8615228850957993,0.5102040816326531
-0.8888888888888888,-1.0,0.35226209735107356,0.46938775510204084
-0.2222222222222222,-1.0,-0.8156976680202934,-0.5510204081632653
0.6111111111111112,-1.0,-0.8275941761035359,-0.22448979591836735
0.4444444444444444,-1.0,-0.6929248241936017,-0.24489795918367346
-0.4722222222222222,0.0,-0.4322691406121034,0.02040816326530612
-0.6111111111111112,-1.0,0.7454851596289082,-0.7551020408163265
0.8055555555555556,0.0,-0.27289334962087447,-0.24489795918367346
-0.9166666666666666,-1.0,-0.943554865902913,0.8571428571428571
0.6111111111111112,-1.0,-0.40236829652128936,-0.7755102040816326
0.19444444444444445,-1.0,0.4055707792708024,0.8367346938775511
-0.6944444444444444,0.0,0.9156789593581829,0.4489795918367347
-0.1388888888888889,-1.0,0.22615470963055895,0.673469387755102
-0.4444444444444444,0.0,-0.030297027523743494,0.6938775510204082
0.4444444444444444,0.0,-0.5291580001540713,0.04081632653061224
0.6111111111111112,-1.0,0.8233682194856219,0.5714285714285714
-0.5833333333333334,-1.0,0.35769861445849427,0.2857142857142857
0.5833333333333334,0.0,-0.6848690943907029,0.42857142857142855
-0.19444444444444445,0.0,0.17429870029823807,0.6326530612244898
1.0,0.0,0.19268821464337987,-0.8163265306122449
0.1111111111111111,0.0,0.394048444429771,-0.4489795918367347
0.1111111111111111,0.0,-0.129045748181408,-0.6122448979591837
-0.5,0.0,0.2846027710830114,0.40816326530612246
-0.19444444444444445,-1.0,0.8965851189100553,0.14285714285714285
-0.8611111111111112,-1.0,0.5830059317463986,-0.9795918367346939
-0.9444444444444444,0.0,0.37444836959512257,-0.4489795918367347
-0.4722222222222222,-1.0,-0.9691086973268623,0.5306122448979592
-0.6944444444444444,-1.0,0.0021790088811119547,0.3877551020408163
0.3055555555555556,0.0,0.39093400244313115,-0.04081632653061224
-0.5555555555555556,-1.0,0.006801148931955495,-0.673469387755102
-0.9166666666666666,0.0,0.2899182321414815,-1.0204081632653061
0.6388888888888888,0.0,-0.1034478963760221,-0.8571428571428571
-0.5555555555555556,0.0,-0.5548328876269712,-0.20408163265306123
0.3333333333333333,-1.0,0.3977681666611641,0.04081632653061224
-0.19444444444444445,-1.0,0.48959468233792247,-0.32653061224489793
0.027777777777777776,-1.0,-0.8776013294155194,-0.7346938775510204
0.3055555555555556,0.0,0.10462544157945129,0.24489795918367346
0.19444444444444445,-1.0,0.501205057941827,0.5714285714285714
0.08333333333333333,0.0,0.3410699153708167,0.1836734693877551
0.9166666666666666,-1.0,-0.9545489561667052,0.16326530612244897
0.6111111111111112,-1.0,-0.4501634256660834,0.1836734693877551
-0.2777777777777778,0.0,0.9161191631725489,-0.7346938775510204
-0.1111111111111111,0.0,0.6431047575027238,-0.061224489795918366
0.1388888888888889,0.0,0.4262603585460068,0.8775510204081632
0.4444444444444444,-1.0,0.8427371873177281,-0.7959183673469388
-0.08333333333333333,0.0,-0.6036294804494481,0.6530612244897959
0.4444444444444444,-1.0,0.56652029889839,0.9183673469387755
-0.4722222222222222,-1.0,-0.3394631714483806,0.5714285714285714
0.2777777777777778,0.0,0.16108158077189738,-0.7959183673469388
0.5,0.0,-0.9073811174573828,0.8571428571428571
0.5277777777777778,0.0,0.3516238018202428,-0.46938775510204084
0.5,0.0,0.12325706802249442,-0.673469387755102
0.8055555555555556,-1.0,0.9582576733027391,0.16326530612244897
-0.08333333333333333,-1.0,0.8609065997556868,-1.0
-0.4444444444444444,0.0,-0.7735591578901031,0.8571428571428571
0.4166666666666667,-1.0,0.5448402610408619,-0.14285714285714285
0.0,0.0,-0.13034434943378784,-0.12244897959183673
0.7222222222222222,0.0,-0.2764149801358029,-0.02040816326530612
0.16666666666666666,0.0,-0.10998492301935796,-0.40816326530612246
-0.05555555555555555,-1.0,0.7327852795844476,0.02040816326530612
-0.05555555555555555,-1.0,-0.9104295288718677,0.2857142857142857
-0.75,-1.0,-0.40230226594913443,0.2857142857142857
0.027777777777777776,-1.0,-0.19280927069233056,0.9183673469387755
-0.4722222222222222,0.0,0.2746981852597753,-0.8163265306122449
0.25,0.0,0.21833008683020239,-0.12244897959183673
-0.3333333333333333,-1.0,0.32254833988136505,0.30612244897959184
0.7222222222222222,0.0,-0.04881860301319511,-0.7551020408163265
0.5277777777777778,-1.0,0.08720437562591479,0.4897959183673469
0.8888888888888888,-1.0,0.178656718060462,-0.6326530612244898
-0.16666666666666666,0.0,0.7303311433193569,-0.6938775510204082
0.1111111111111111,-1.0,0.601076298326125,0.9387755102040817
0.1388888888888889,-1.0,0.9583457140656124,-0.14285714285714285
-0.8055555555555556,-1.0,-0.5618321282753915,0.08163265306122448
-0.3611111111111111,0.0,0.5207170920136023,0.6122448979591837
0.4722222222222222,-1.0,0.4312126514576249,-0.20408163265306123
-0.1111111111111111,-1.0,-0.7298249089328359,0.14285714285714285
-0.3611111111111111,-1.0,0.16845499466252875,0.5714285714285714
-0.9166666666666666,-1.0,0.5041874387841571,0.9795918367346939
0.2222222222222222,-1.0,0.04431751901130223,0.8163265306122449
-0.25,0.0,-0.3208425501006966,0.7346938775510204
0.8611111111111112,0.0,-0.8979717609253084,-0.3469387755102041
0.2777777777777778,-1.0,0.005689634300681215,0.14285714285714285
0.4166666666666667,-1.0,-0.519088337900448,-0.5510204081632653
0.3611111111111111,-1.0,-0.17105219716728845,-0.46938775510204084
0.8055555555555556,-1.0,-0.5023385827638196,0.3877551020408163
0.2777777777777778,0.0,-0.5233363047090803,-0.8367346938775511
0.8333333333333334,0.0,-0.29623515687763435,0.7142857142857143
0.3888888888888889,-1.0,0.17143737550485874,0.9183673469387755
-0.4166666666666667,-1.0,0.9638372566498289,0.7551020408163265
0.0,0.0,-0.7570955352328128,-0.2653061224489796
-0.4444444444444444,0.0,0.2411216393190047,0.40816326530612246
0.027777777777777776,-1.0,0.204188539293693,0.8163265306122449
0.0,-1.0,0.2640012325706802,0.14285714285714285
0.3055555555555556,-1.0,0.9311301132424312,-0.6530612244897959
0.3888888888888889,0.0,0.013789384485016563,0.24489795918367346
0.7222222222222222,0.0,0.5305116268832469,0.8367346938775511
-0.5,-1.0,0.8282434767297259,-0.673469387755102
0.75,-1.0,-0.22159860015187033,0.6530612244897959
-0.2777777777777778,0.0,-0.32670826592712426,0.5714285714285714
-0.3055555555555556,-1.0,0.7780052164152003,0.6938775510204082
0.3333333333333333,0.0,-0.32277944688390725,0.7346938775510204
0.3888888888888889,-1.0,0.3840338076529433,-0.7142857142857143
0.5555555555555556,-1.0,0.18058260974831347,0.16326530612244897
-0.19444444444444445,-1.0,0.26589410897245425,0.14285714285714285
0.05555555555555555,0.0,0.47836948507158816,-0.08163265306122448
0.08333333333333333,-1.0,-0.9171206268502317,0.2857142857142857
-0.4166666666666667,-1.0,-0.30084629183311873,-0.3877551020408163
-0.4722222222222222,-1.0,0.9890829454037219,-0.4897959183673469
0.5555555555555556,0.0,0.2613710147798431,-0.6326530612244898
0.19444444444444445,-1.0,0.7309804439455468,-0.9795918367346939
-0.25,-1.0,-0.6328810239140722,-0.8571428571428571
-0.25,0.0,-0.4165318542485171,-0.8367346938775511
0.5277777777777778,0.0,0.11362760958323703,-0.04081632653061224
-0.8888888888888888,-1.0,0.023737990689689327,-0.46938775510204084
0.9166666666666666,0.0,-0.6304158825536224,-0.5510204081632653
0.9166666666666666,0.0,-0.5606765932626806,0.10204081632653061
0.027777777777777776,0.0,0.40879527221103373,0.7551020408163265
0.3888888888888889,0.0,0.03562349367757272,1.0
-0.3055555555555556,0.0,-0.6355002366095502,0.061224489795918366
-0.9722222222222222,-1.0,0.17928400849593362,0.42857142857142855
-0.9166666666666666,0.0,-0.7846743042028459,0.40816326530612246
-0.3888888888888889,-1.0,-0.9160971529818306,-0.3877551020408163
-0.8333333333333334,-1.0,0.04397636105516854,-0.6530612244897959
0.3333333333333333,-1.0,0.8894097967358887,-0.9795918367346939
-0.75,-1.0,-0.8524656916152178,0.8775510204081632
-0.9722222222222222,0.0,0.1740675932956959,0.7346938775510204
0.5,0.0,0.7424257431190642,0.6938775510204082
-0.6111111111111112,-1.0,-0.5027457712921083,-0.8571428571428571
-0.19444444444444445,0.0,-0.6505552070608692,0.04081632653061224
0.19444444444444445,-1.0,0.5846236807641938,0.6938775510204082
0.8333333333333334,-1.0,0.13147787425578042,0.04081632653061224
0.4722222222222222,-1.0,0.9844057798760826,-0.061224489795918366
0.08333333333333333,0.0,-0.6306469895561645,-0.24489795918367346
0.6111111111111112,-1.0,0.10294166198950114,-0.9795918367346939
0.3888888888888889,-1.0,-0.5286517657675504,0.2857142857142857
0.5833333333333334,-1.0,0.4974633255197156,-0.9795918367346939
-0.3333333333333333,0.0,-0.07239151727249717,-0.9183673469387755
-0.027777777777777776,-1.0,-0.9196848140689139,-0.3877551020408163
0.3611111111111111,0.0,0.14566344217372643,0.7959183673469388
0.19444444444444445,0.0,0.5009079203671299,0.02040816326530612
0.0,-1.0,-0.11537741974534209,-0.24489795918367346
-0.5833333333333334,-1.0,-0.08232911838181078,0.16326530612244897
0.05555555555555555,0.0,0.8849087127339959,0.9387755102040817
0.3611111111111111,-1.0,0.9260237489957851,0.6122448979591837
0.19444444444444445,-1.0,-0.46294034137805806,-0.6122448979591837
0.8333333333333334,-1.0,0.7849274213961064,0.24489795918367346
-0.19444444444444445,0.0,0.4529477147919487,0.2653061224489796
-0.9444444444444444,-1.0,0.22346946636292603,0.32653061224489793
-0.2777777777777778,-1.0,0.5048807597917836,-0.7959183673469388
0.4166666666666667,0.0,0.963771226077674,-0.14285714285714285
0.1111111111111111,-1.0,-0.5814872285868357,-0.20408163265306123
0.7222222222222222,0.0,-0.66727194691142,0.30612244897959184
1.0,0.0,0.9939802128385442,-0.8775510204081632
-0.08333333333333333,-1.0,-0.3893382636160542,0.8367346938775511
-0.25,-1.0,0.06433578746959842,0.6326530612244898
0.8055555555555556,0.0,0.33520419954438907,-0.46938775510204084
-0.8611111111111112,0.0,0.348509359833603,0.5102040816326531
-0.05555555555555555,-1.0,0.40191708761156414,0.9183673469387755
-0.4722222222222222,0.0,-0.09871570537158704,-1.0204081632653061
0.6666666666666666,-1.0,0.22372258355618652,-0.5510204081632653
0.4722222222222222,-1.0,0.5310398714604863,0.04081632653061224
-0.3055555555555556,-1.0,-0.9476487613765173,-0.3877551020408163
0.19444444444444445,0.0,0.42473065029108475,0.5714285714285714
-0.4444444444444444,-1.0,0.17163546722132347,0.02040816326530612
0.3055555555555556,0.0,-0.5224338868896299,0.7346938775510204
0.5,-1.0,0.7827924328964311,0.4897959183673469
0.08333333333333333,0.0,0.9138080931471271,1.0
-0.9166666666666666,-1.0,-0.5853500170578978,-0.061224489795918366
-0.4444444444444444,-1.0,0.6484532338472713,0.42857142857142855
-0.4166666666666667,-1.0,-0.14821662429704954,1.0
0.25,-1.0,0.6895902802997788,-0.30612244897959184
1.0,-1.0,-0.5601373435900822,-0.4489795918367347
0.6944444444444444,-1.0,0.7375835011610375,0.8571428571428571
-0.4722222222222222,0.0,0.5017993330912213,-0.1836734693877551
-0.4166666666666667,0.0,-0.36128627554557763,-0.8163265306122449
-0.6111111111111112,-1.0,-0.011148161598820254,0.7755102040816326
0.3611111111111111,-1.0,-0.5712634949981842,-0.46938775510204084
-0.6944444444444444,0.0,-0.05375989082945404,-0.8775510204081632
-0.08333333333333333,0.0,0.2313381095447192,-0.9591836734693877
-0.3055555555555556,0.0,0.7738893107508776,-0.8163265306122449
0.4722222222222222,0.0,-0.25637470148678837,0.8571428571428571
-0.05555555555555555,0.0,-0.9316253425335931,-0.5918367346938775
0.6388888888888888,-1.0,-0.17936104416344767,0.9387755102040817
-0.5555555555555556,0.0,0.7395864285164031,0.8979591836734694
-0.05555555555555555,0.0,0.7289775165901813,0.061224489795918366
0.6944444444444444,-1.0,-0.979706604157725,0.46938775510204084
-0.1388888888888889,-1.0,0.7492709124324562,0.20408163265306123
-0.5833333333333334,0.0,0.46531744197563474,-0.16326530612244897
0.8611111111111112,-1.0,0.13362386785081493,-0.3469387755102041
-0.5277777777777778,0.0,-0.38411084332045736,0.6530612244897959
-0.05555555555555555,0.0,0.06139742700870503,0.6326530612244898
-0.8055555555555556,0.0,-0.730056015935378,-0.9183673469387755
-0.8055555555555556,0.0,0.6460101026775397,0.12244897959183673
-0.2777777777777778,-1.0,0.7489517646670408,-0.24489795918367346
-0.4444444444444444,0.0,0.21089064236741611,0.9183673469387755
0.6388888888888888,-1.0,-0.3367889332761068,0.7959183673469388
-0.9444444444444444,0.0,0.6712117710499962,-1.0
0.3888888888888889,-1.0,0.6859035733544632,0.14285714285714285
-0.4444444444444444,-1.0,-0.17608152574642058,-0.6326530612244898
-0.027777777777777776,0.0,0.2938470511846985,-0.10204081632653061
0.8333333333333334,0.0,0.16997369782209162,-0.3877551020408163
-0.6666666666666666,-1.0,-0.5861203737330384,0.061224489795918366
0.1111111111111111,-1.0,-0.3627059328469081,0.5102040816326531
-0.3611111111111111,-1.0,0.958675866926387,-0.08163265306122448
-0.3611111111111111,-1.0,-0.674623350611333,-0.9591836734693877
-0.7777777777777778,-1.0,0.11583963375042644,-0.8571428571428571
-0.3611111111111111,-1.0,-0.04115905664322581,0.4489795918367347
-0.6666666666666666,-1.0,0.982468883092872,0.2653061224489796
-0.3333333333333333,0.0,0.45805407903859485,-0.04081632653061224
-0.3333333333333333,0.0,0.44296609330119846,0.14285714285714285
0.5555555555555556,0.0,0.4710180813716751,-0.673469387755102
1.0,0.0,-0.2241297720844751,1.0
-0.9444444444444444,0.0,-0.8033499510273256,-0.7959183673469388
-0.5,0.0,0.28572529080964487,0.2653061224489796
-0.75,-1.0,-0.5272211033708607,-0.6530612244897959
0.4444444444444444,-1.0,0.013239129717058998,0.4897959183673469
-0.7222222222222222,-1.0,-0.32809490794237733,0.0
0.9444444444444444,-1.0,-0.3135901922590159,-0.10204081632653061
0.2777777777777778,-1.0,-0.7384749138851289,-0.7346938775510204
-0.6111111111111112,0.0,0.6214357247405549,-0.2653061224489796
0.3888888888888889,0.0,-0.9463831754102149,-0.30612244897959184
-0.3333333333333333,0.0,0.6164614216382185,0.1836734693877551
-0.3333333333333333,0.0,-0.4076397371983228,0.24489795918367346
0.5555555555555556,-1.0,0.815455555922392,0.6530612244897959
0.9166666666666666,0.0,0.6823929479348938,0.7959183673469388
-0.4444444444444444,-1.0,0.13559377992010302,-0.1836734693877551
0.3055555555555556,-1.0,0.7158814531127913,-0.8979591836734694
-0.6666666666666666,-1.0,0.7921247537609913,-0.14285714285714285
-0.9444444444444444,0.0,-0.07678255032079853,-0.9183673469387755
0.9444444444444444,0.0,-0.4431751901130223,-0.5306122448979592
-0.5555555555555556,-1.0,0.6238348355288499,-1.0204081632653061
0.3055555555555556,0.0,-0.5617550926078775,0.9387755102040817
0.2222222222222222,0.0,0.7531006856174409,-0.4897959183673469
-0.4444444444444444,0.0,-0.022538435295541837,-0.9591836734693877
-0.5,-1.0,-0.6917472789901724,0.4897959183673469
0.9444444444444444,-1.0,0.6737319378872418,0.9795918367346939
0.6944444444444444,0.0,-0.5496494877128111,0.6938775510204082
-0.3333333333333333,-1.0,0.07488967391902451,0.10204081632653061
-0.8333333333333334,-1.0,-0.2759087457492819,0.0
-1.0,-1.0,0.7360537929061155,-0.9387755102040817
0.16666666666666666,0.0,-0.014636776827671212,-0.3469387755102041
0.75,0.0,-0.757766846049721,0.7346938775510204
0.05555555555555555,0.0,-0.4821662429704953,0.6530612244897959
-0.8333333333333334,0.0,-0.3988356609110018,0.2857142857142857
-0.7777777777777778,0.0,0.4002223029262549,-0.9387755102040817
-0.5555555555555556,0.0,-0.9664894846313843,0.22448979591836735
-0.8888888888888888,-1.0,-0.298535221807697,0.2653061224489796
0.0,0.0,-0.07214940517459584,0.24489795918367346
-0.4722222222222222,0.0,0.22242398230380667,-0.08163265306122448
-0.7222222222222222,-1.0,-0.35707132402302266,0.46938775510204084
0.25,0.0,0.799157009695489,0.6530612244897959
-0.1111111111111111,0.0,-0.8386322867487647,-0.30612244897959184
-0.1388888888888889,0.0,-0.3975150494679036,0.1836734693877551
-0.8888888888888888,0.0,0.8121650324100058,0.9591836734693877
0.2222222222222222,0.0,0.6374371333927609,-0.2857142857142857
-0.8888888888888888,-1.0,0.47308703929919554,0.5714285714285714
-0.6944444444444444,-1.0,-0.054420196551003115,0.3877551020408163
0.5,0.0,0.14522323835936038,-0.2857142857142857
-0.8055555555555556,0.0,-0.18517173451307956,-0.9183673469387755
0.1388888888888889,-1.0,0.25219276525031087,-0.30612244897959184
-0.7777777777777778,0.0,0.8871097318058261,-0.8163265306122449
0.25,-1.0,0.13567081558761707,0.9591836734693877
0.4166666666666667,0.0,-0.8975755774923789,0.5306122448979592
0.9722222222222222,-1.0,0.959039035073239,0.673469387755102
0.6388888888888888,0.0,0.36068099530082426,-0.8163265306122449
0.8055555555555556,-1.0,0.29339584227497334,-0.6122448979591837
0.75,-1.0,-0.2416168686101665,-0.16326530612244897
-0.6944444444444444,0.0,-0.5723860147248175,0.20408163265306123
0.6944444444444444,0.0,-0.30007593515797815,-0.7142857142857143
-0.4166666666666667,0.0,0.33355343524051634,-0.5102040816326531
0.05555555555555555,0.0,-0.6411458505287948,-0.2653061224489796
-0.3055555555555556,-1.0,0.4124599689656311,-0.24489795918367346
0.16666666666666666,-1.0,-0.8193293494888133,-0.6122448979591837
0.05555555555555555,0.0,-0.8444869974798331,-0.24489795918367346
0.9444444444444444,0.0,0.5525218176015495,-0.9795918367346939
1.0,-1.0,0.8440908140469037,1.0
0.16666666666666666,0.0,0.986320666468575,-0.3673469387755102
0.5277777777777778,-1.0,-0.5051778973664807,0.7346938775510204
0.05555555555555555,0.0,0.48517063400354365,-0.24489795918367346
0.08333333333333333,0.0,-0.5430024101158837,0.2653061224489796
0.9166666666666666,0.0,-0.6513145586406506,-0.2653061224489796
0.027777777777777776,0.0,0.15380721273949838,0.08163265306122448
0.4444444444444444,-1.0,0.5403171668482507,-0.40816326530612246
-0.08333333333333333,-1.0,0.4351414705008419,0.2857142857142857
0.25,0.0,-0.05094258641751131,-0.22448979591836735
0.16666666666666666,0.0,-0.9028360130740533,0.7346938775510204
0.75,0.0,-0.2507951181396987,-0.46938775510204084
-0.3055555555555556,-1.0,-0.5992934728779424,-0.2653061224489796
0.9166666666666666,-1.0,-0.4378597290545523,-0.2653061224489796
-0.8888888888888888,0.0,-0.5587176862887517,-0.3673469387755102
0.25,-1.0,-0.8621281653405527,-0.02040816326530612
-0.2222222222222222,0.0,-0.03787953822619873,-0.8163265306122449
0.3611111111111111,0.0,0.1807807014647782,0.0
-0.9166666666666666,0.0,-0.8025355739707485,0.5714285714285714
0.5555555555555556,-1.0,-0.976217988928874,0.3673469387755102
0.1111111111111111,0.0,-0.3833074713592393,0.5102040816326531
-0.6388888888888888,0.0,-0.1774131422848779,0.9795918367346939
0.8055555555555556,0.0,-0.5413296356212927,-0.8367346938775511
0.5555555555555556,0.0,0.11166870260930811,-0.9183673469387755
-0.9444444444444444,-1.0,0.12465471513310662,0.0
0.6944444444444444,0.0,0.023110700254217704,0.2857142857142857
-0.08333333333333333,-1.0,-0.9758988411634587,-0.14285714285714285
0.5277777777777778,-1.0,0.927190289103855,0.22448979591836735
0.0,0.0,0.08823885458967502,0.12244897959183673
-0.1111111111111111,0.0,0.4040080557298029,-0.3469387755102041
0.8333333333333334,0.0,0.011764446938932726,-0.5714285714285714
-0.75,0.0,-0.26566300196991205,-0.04081632653061224
-0.16666666666666666,0.0,-0.051492841185468874,-0.5714285714285714
0.7222222222222222,0.0,-0.852982931097098,-0.8571428571428571
-0.05555555555555555,-1.0,-0.5372687554337658,0.7755102040816326
0.4166666666666667,0.0,0.5401300802271451,-0.24489795918367346
-0.6666666666666666,-1.0,-0.47985517294507357,0.2857142857142857
-0.08333333333333333,-1.0,0.33202372698559435,0.40816326530612246
0.19444444444444445,-1.0,-0.9330339947395644,0.1836734693877551
-0.1111111111111111,-1.0,0.02812902373799069,-0.061224489795918366
-0.5,-1.0,0.454136265090737,0.5102040816326531
-0.05555555555555555,0.0,0.6550232757766846,-0.3469387755102041
0.8333333333333334,0.0,0.7985077090692991,-0.24489795918367346
0.16666666666666666,-1.0,0.6763071302012832,0.10204081632653061
-0.5,-1.0,-0.32474935895319534,0.8163265306122449
0.19444444444444445,-1.0,-0.0880847832546469,-0.6326530612244898
0.6944444444444444,-1.0,0.6469895561645042,-0.3877551020408163
-0.3611111111111111,0.0,0.822366755807939,-0.30612244897959184
-0.6111111111111112,0.0,0.6023748995785049,-0.14285714285714285
-0.8055555555555556,-1.0,0.16439411447500193,0.7551020408163265
0.5555555555555556,0.0,-0.38964640628611047,0.32653061224489793
0.9166666666666666,0.0,0.7103458901471381,-0.5102040816326531
-0.2222222222222222,-1.0,0.10665037912553513,-0.9387755102040817
0.7777777777777778,0.0,-0.07583611211991152,0.5714285714285714
-0.9444444444444444,-1.0,0.7170479932208612,0.6530612244897959
-0.7777777777777778,0.0,-0.011258212552411767,0.7959183673469388
0.1111111111111111,-1.0,-0.9594572286968867,-0.32653061224489793
0.8611111111111112,-1.0,-0.6318025245688754,0.24489795918367346
-0.19444444444444445,-1.0,-0.5459957960535728,0.12244897959183673
0.6666666666666666,-1.0,-0.9697910132391298,-0.7346938775510204
0.8888888888888888,0.0,0.5060803151859311,-0.16326530612244897
0.19444444444444445,0.0,-0.7085080392221599,-1.0
0.7222222222222222,-1.0,0.6980972190124027,0.16326530612244897
0.5833333333333334,0.0,0.9432357181374976,-0.04081632653061224
-0.4722222222222222,0.0,-0.04361319290831655,-0.6326530612244898
-0.05555555555555555,-1.0,0.35069937381007404,0.16326530612244897
0.19444444444444445,-1.0,-0.4472360703005491,-0.40816326530612246
0.9444444444444444,0.0,-0.7919156569491674,0.3469387755102041
0.7222222222222222,0.0,-0.7865121551278241,0.6938775510204082
-0.6388888888888888,0.0,-0.6456139192446102,-0.4489795918367347
-0.08333333333333333,0.0,-0.1608724839600735,0.40816326530612246
-0.1388888888888889,0.0,0.8460167057347552,-0.5918367346938775
0.75,0.0,-0.16144474891874938,-0.5714285714285714
0.5555555555555556,0.0,-0.4388391825415167,-0.22448979591836735
-0.8611111111111112,-1.0,-0.9333641476003389,0.8163265306122449
0.25,-1.0,-0.66428956606909,-0.9795918367346939
-0.8611111111111112,0.0,0.9346297335666414,0.8163265306122449
1.0,0.0,0.8902791992692617,0.24489795918367346
0.6388888888888888,0.0,0.5350457261712173,-0.30612244897959184
-0.5833333333333334,0.0,0.07573706626167916,-0.12244897959183673
0.8611111111111112,0.0,0.9688555801336018,-0.8571428571428571
-0.05555555555555555,0.0,0.20471678387093223,0.20408163265306123
-0.25,-1.0,0.3449547140325971,0.9795918367346939
-0.3888888888888889,0.0,-0.050480372412426956,-0.12244897959183673
-0.08333333333333333,-1.0,0.07414132743460222,0.2653061224489796
0.9722222222222222,-1.0,-0.764457944028085,0.9591836734693877
0.6944444444444444,0.0,-0.7125138939328909,0.5102040816326531
0.9166666666666666,0.0,-0.2005898731112505,-0.7959183673469388
-0.7777777777777778,0.0,0.9477478072347497,-0.2857142857142857
0.5,0.0,-0.6387247295497815,0.24489795918367346
0.8611111111111112,0.0,-0.43373281829487054,-0.6122448979591837
-0.05555555555555555,0.0,0.15268469301286497,0.8979591836734694
0.6388888888888888,-1.0,-0.7167948760276007,0.7959183673469388
0.5277777777777778,0.0,0.3544851266136221,-0.9183673469387755
-0.3055555555555556,0.0,0.7202834912564517,0.5102040816326531
0.6388888888888888,-1.0,-0.15218946372170314,-0.12244897959183673
0.05555555555555555,-1.0,0.816247922788251,-0.8163265306122449
0.2222222222222222,0.0,0.16649608768859983,0.4489795918367347
0.6111111111111112,-1.0,-0.16002509161741887,0.7346938775510204
-0.16666666666666666,0.0,-0.25801446069530193,0.061224489795918366
-0.5,0.0,-0.9144794039640354,-0.7346938775510204
-0.6388888888888888,0.0,0.775584095436187,-0.02040816326530612
0.3888888888888889,-1.0,0.6517217471689393,-0.42857142857142855
0.08333333333333333,-1.0,0.3092982050689469,0.4897959183673469
-0.5833333333333334,-1.0,0.5726941573948738,-0.4489795918367347
0.3611111111111111,0.0,0.679861776002289,-0.46938775510204084
-0.7777777777777778,-1.0,-0.5946713328270989,-0.9591836734693877
0.25,0.0,0.21705349576854083,-1.0204081632653061
0.7777777777777778,-1.0,0.2840855316011313,0.20408163265306123
-0.16666666666666666,-1.0,-0.8333388358810129,-0.7346938775510204
0.5555555555555556,-1.0,0.3941364851926442,-0.3877551020408163
0.4166666666666667,0.0,0.4024343270934443,0.8775510204081632
0.6388888888888888,0.0,0.3590522411876699,0.8979591836734694
0.8055555555555556,0.0,0.4385750602528971,0.6530612244897959
-0.5555555555555556,-1.0,-0.9242519286429617,-0.16326530612244897
-0.3333333333333333,0.0,0.6199830521531469,0.24489795918367346
-0.08333333333333333,-1.0,0.3730617275798695,-0.10204081632653061
0.5,-1.0,0.36288201437265455,0.8775510204081632
0.16666666666666666,0.0,0.06390658875059152,-0.04081632653061224
-0.16666666666666666,-1.0,0.7287684197783574,0.7959183673469388
0.027777777777777776,-1.0,-0.2837553787403568,-0.10204081632653061
0.2222222222222222,-1.0,-0.157780052164152,-0.16326530612244897
0.8333333333333334,-1.0,0.7811636787832766,-0.5714285714285714
-0.16666666666666666,0.0,-0.46483321777983205,0.14285714285714285
0.8055555555555556,-1.0,-0.976801258982909,-0.6530612244897959
0.3333333333333333,0.0,0.5549869589619995,-0.061224489795918366
0.19444444444444445,0.0,-0.27650302089867607,0.42857142857142855
-0.6666666666666666,0.0,-0.8711193282489793,-0.8367346938775511
-0.6666666666666666,-1.0,0.41481505937248947,-0.30612244897959184
-0.3055555555555556,0.0,-0.8525537323780911,0.4489795918367347
0.8611111111111112,-1.0,-0.8456865528739806,-0.8571428571428571
0.4722222222222222,-1.0,0.3338395677198543,0.0
-0.8333333333333334,0.0,0.1735943741952524,0.08163265306122448
-0.4166666666666667,0.0,0.2480328392045517,-0.3877551020408163
0.5,0.0,-0.6871031287486106,-0.46938775510204084
-0.8888888888888888,-1.0,-0.6066558816732147,0.5510204081632653
-0.1388888888888889,-1.0,-0.6811163568732324,-0.4897959183673469
0.9444444444444444,-1.0,-0.35951445519275427,0.9387755102040817
0.4444444444444444,-1.0,0.7535849098132436,-0.20408163265306123
-0.3611111111111111,0.0,-0.16132369286979872,0.2653061224489796
0.9166666666666666,0.0,-0.894736262889718,0.8163265306122449
0.4166666666666667,-1.0,-0.6486073051822994,0.02040816326530612
-0.5833333333333334,0.0,0.6976350050073183,0.14285714285714285
0.9722222222222222,0.0,-0.33239790022780547,-0.5918367346938775
-0.3055555555555556,0.0,-0.7487096525691395,0.40816326530612246
-0.2222222222222222,-1.0,-0.07453751086753167,0.0
0.1111111111111111,-1.0,0.1568556241539833,0.2857142857142857
0.9722222222222222,-1.0,-0.6546491025344735,0.9387755102040817
0.1388888888888889,-1.0,0.6947406649278616,-0.1836734693877551
0.9444444444444444,-1.0,-0.639484081129563,-0.5510204081632653
-0.3888888888888889,0.0,0.5517404558310498,-0.12244897959183673
0.08333333333333333,-1.0,-0.06388457855987321,-0.6326530612244898
0.6388888888888888,0.0,0.8035370376484312,0.04081632653061224
0.2222222222222222,0.0,0.9233935312049479,0.3673469387755102
0.6388888888888888,-1.0,0.4399727073635093,-0.5918367346938775
-0.5277777777777778,-1.0,0.7913323868951324,0.5714285714285714
0.5833333333333334,0.0,0.9509172746981852,-0.5102040816326531
-0.3333333333333333,0.0,0.539898973224603,-0.2857142857142857
-0.16666666666666666,0.0,-0.02547679575643523,-0.12244897959183673
-0.2777777777777778,0.0,-0.545137398615559,0.7142857142857143
0.25,-1.0,0.7259401102710555,0.4897959183673469
0.2222222222222222,0.0,0.9239878063543421,0.8571428571428571
0.5555555555555556,0.0,0.11350655353428638,-0.08163265306122448
0.3055555555555556,0.0,-0.8105142681061331,-0.5306122448979592
-0.8333333333333334,0.0,-0.4889453817117325,-0.12244897959183673
-0.05555555555555555,-1.0,-0.8017652172956079,0.24489795918367346
0.7222222222222222,0.0,0.07928070696732588,-0.6122448979591837
-0.6944444444444444,-1.0,0.8391165109445673,-0.2653061224489796
-0.3055555555555556,0.0,0.42336601846655003,-0.3673469387755102
-0.027777777777777776,0.0,0.8538853489165483,-0.7551020408163265
-0.3611111111111111,0.0,-0.1283634322691406,-0.061224489795918366
0.7222222222222222,-1.0,0.0406198069706274,0.8163265306122449
-0.3055555555555556,0.0,-0.4874596938382471,0.9795918367346939
0.5555555555555556,0.0,0.20761112395038903,0.5102040816326531
-0.9722222222222222,-1.0,-0.054321150692770756,0.4897959183673469
-0.9166666666666666,0.0,0.7336106617363839,-0.08163265306122448
0.3333333333333333,0.0,0.5856581597279541,0.32653061224489793
0.4166666666666667,-1.0,-0.8129243839897873,0.8571428571428571
0.08333333333333333,0.0,-0.6887208777664059,0.8367346938775511
-0.6666666666666666,-1.0,-0.792906115531491,-0.3877551020408163
-0.2777777777777778,0.0,0.2420680775198917,-0.32653061224489793
-0.9444444444444444,-1.0,0.4677605731453663,-0.04081632653061224
0.8055555555555556,0.0,0.0996071180956783,-0.5714285714285714
-0.6111111111111112,-1.0,0.31710081767858517,0.9795918367346939
-0.75,0.0,0.13055344624561172,-0.12244897959183673
-0.9444444444444444,-1.0,-0.012446762851200105,-0.9591836734693877
0.3611111111111111,0.0,0.20772117490398054,0.8979591836734694
0.16666666666666666,0.0,0.6064577899567499,-0.6326530612244898
-0.6944444444444444,-1.0,-0.44030286022428383,-0.22448979591836735
-0.9722222222222222,0.0,0.8058040872924164,0.5102040816326531
-0.08333333333333333,-1.0,-0.3347419855393047,-0.6122448979591837
0.9166666666666666,-1.0,-0.49604366821838514,-0.8367346938775511
0.25,0.0,0.012545808709432468,0.9183673469387755
0.5,-1.0,0.6279617462885316,-0.7755102040816326
-0.027777777777777776,0.0,0.11663200061628534,0.7551020408163265
-0.3611111111111111,0.0,-0.5575621512760408,-0.7551020408163265
-0.6944444444444444,0.0,0.9310420724795581,0.2857142857142857
-0.19444444444444445,-1.0,0.16749755136628258,-1.0204081632653061
0.25,0.0,0.10879637272056962,0.5510204081632653
-0.9166666666666666,-1.0,0.13135681820682976,-0.3877551020408163
0.8611111111111112,0.0,-0.032035832590489394,-0.8775510204081632
0.1388888888888889,-1.0,-0.0226594913444925,0.8571428571428571
-0.25,0.0,-0.7973631791519473,0.9183673469387755
-0.6944444444444444,-1.0,-0.8768859982171745,-0.8163265306122449
-0.3333333333333333,-1.0,-0.34684759043437113,-0.10204081632653061
0.75,-1.0,-0.6243190597246525,-0.6122448979591837
0.3611111111111111,0.0,-0.64341290017278,-0.5102040816326531
-0.1111111111111111,0.0,0.7893514697304852,-0.3469387755102041
-1.0,-1.0,0.5869457558849748,0.5510204081632653
0.9722222222222222,0.0,-0.34363410258949895,-0.2653061224489796
-0.75,-1.0,0.7549385365424192,0.7551020408163265
0.8888888888888888,0.0,0.888771501205058,-0.7551020408163265
-0.08333333333333333,0.0,-0.908778764567995,-0.8979591836734694
0.8611111111111112,-1.0,0.6373821079159651,-0.12244897959183673
0.25,-1.0,-0.3644227277229357,-0.12244897959183673
0.3611111111111111,-1.0,0.7403898004776212,-0.12244897959183673
-0.7777777777777778,0.0,0.0009134229148095568,-0.5306122448979592
0.1388888888888889,-1.0,-0.8100960744824854,0.14285714285714285
-0.027777777777777776,0.0,-0.703643787073415,-0.32653061224489793
-0.1388888888888889,-1.0,0.366480680555097,0.9183673469387755
-0.19444444444444445,-1.0,-0.22586857715122102,-0.14285714285714285
0.7777777777777778,0.0,0.8986320666468575,0.8163265306122449
-0.4444444444444444,0.0,-0.452463490596146,-0.5102040816326531
0.7222222222222222,0.0,0.44150241561843134,0.46938775510204084
-0.027777777777777776,-1.0,0.5009409356532074,0.32653061224489793
0.05555555555555555,0.0,-0.7733060406968426,0.0
0.5,0.0,0.7171250288883754,0.30612244897959184
-0.5833333333333334,0.0,-0.9776376462302045,-0.32653061224489793
-0.3055555555555556,-1.0,0.09769223150318597,-0.46938775510204084
-0.3611111111111111,0.0,-0.9315813221521565,0.7346938775510204
-0.08333333333333333,-1.0,0.021591997094654824,-0.061224489795918366
-0.8055555555555556,-1.0,-0.16066338714824965,0.8979591836734694
0.25,-1.0,0.7335776464503065,0.673469387755102
0.16666666666666666,-1.0,0.9636171547426459,0.24489795918367346
0.1388888888888889,0.0,0.3886449426084277,0.9591836734693877
0.08333333333333333,0.0,-0.8721317970220211,-0.2653061224489796
0.19444444444444445,0.0,0.23652150945887945,-0.6326530612244898
-0.08333333333333333,-1.0,0.9732025928004666,0.8367346938775511
0.5555555555555556,0.0,-0.8190762322955528,0.3877551020408163
0.0,0.0,0.7907050964596608,-0.9183673469387755
-0.3333333333333333,0.0,0.20082098011379268,0.5510204081632653
0.3611111111111111,0.0,-0.2662022516425105,0.3877551020408163
-0.2777777777777778,0.0,0.7484785455665973,-0.5306122448979592
-0.4722222222222222,-1.0,0.6393960403666897,0.10204081632653061
-0.3888888888888889,-1.0,-0.8688962989864307,0.5510204081632653
-0.5833333333333334,0.0,0.35253722473505233,0.8979591836734694
0.4444444444444444,-1.0,0.4990260490607151,0.9387755102040817
0.3611111111111111,0.0,0.3870051833999142,0.04081632653061224
-0.1111111111111111,0.0,0.8617980124797782,-0.20408163265306123
0.5,-1.0,-0.42950686167695645,-1.0204081632653061
-0.75,0.0,-0.5389415299283569,-0.10204081632653061
0.2222222222222222,0.0,0.015869347507896155,-1.0
0.9722222222222222,-1.0,-0.1171382350028063,0.14285714285714285
0.6666666666666666,0.0,-0.07887351843903727,0.3877551020408163
0.6388888888888888,-1.0,-0.005447522202779887,-0.3673469387755102
0.6388888888888888,0.0,0.9076782550320799,0.5510204081632653
-0.3333333333333333,-1.0,0.8196815125403062,0.5102040816326531
1.0,0.0,0.02418919959941453,0.7755102040816326
0.19444444444444445,0.0,-0.5027457712921083,-0.3469387755102041
0.7222222222222222,-1.0,0.878954956144695,-0.10204081632653061
0.1388888888888889,0.0,-0.34562602484950533,0.7346938775510204
-0.3333333333333333,0.0,-0.7004523094192611,-0.6938775510204082
-0.6111111111111112,-1.0,0.9190135032520057,-0.3469387755102041
-0.5833333333333334,-1.0,-0.4215171624462126,-0.9183673469387755
0.9444444444444444,-1.0,0.16800378575280356,0.9591836734693877
0.9722222222222222,0.0,0.38045715166121913,-0.7551020408163265
-0.3888888888888889,-1.0,0.7853676252104724,0.7142857142857143
0.6111111111111112,0.0,-0.21284954934134503,0.12244897959183673
-0.08333333333333333,0.0,0.8774472580804913,-1.0204081632653061
-0.6944444444444444,0.0,-0.23578416806981634,-0.42857142857142855
0.16666666666666666,-1.0,0.3567851915436847,0.8775510204081632
-0.4166666666666667,0.0,-0.6627488527188088,0.8571428571428571
0.3055555555555556,0.0,0.9673588871647573,0.5918367346938775
0.027777777777777776,0.0,-0.14532228421759275,-0.42857142857142855
-0.6666666666666666,-1.0,0.23618035150274577,-0.30612244897959184
0.9166666666666666,-1.0,-0.600790165846787,-0.4897959183673469
-0.5555555555555556,-1.0,0.2951566575324375,-0.30612244897959184
0.5277777777777778,0.0,-0.5557463105417808,-0.5714285714285714
1.0,0.0,0.33404866453167814,-0.6938775510204082
-0.9722222222222222,-1.0,-0.04082890378245128,-0.08163265306122448
0.75,-1.0,0.09193656663034985,0.9183673469387755
-0.75,0.0,-0.2805198807047663,0.0
-0.25,-1.0,0.2533813155490992,0.04081632653061224
-0.7222222222222222,-1.0,-0.6358744098517614,0.2653061224489796
0.5555555555555556,-1.0,0.8330857186877524,-0.32653061224489793
-0.9166666666666666,-1.0,0.8260864780393322,-0.22448979591836735
0.9444444444444444,-1.0,0.6247042380622229,-0.2653061224489796
-0.5555555555555556,-1.0,-0.6178920840349081,0.7551020408163265
0.027777777777777776,0.0,0.1416245721769179,-0.9183673469387755
-0.8055555555555556,-1.0,0.5894769278175795,0.9387755102040817
-0.9722222222222222,0.0,-0.10803702114078818,0.6122448979591837
-0.3888888888888889,0.0,0.4039090098715705,0.7755102040816326
-0.3611111111111111,0.0,0.47382438068825866,0.16326530612244897
0.6111111111111112,-1.0,-0.41054508237313875,-0.7346938775510204
0.3333333333333333,-1.0,0.5586076353351602,0.16326530612244897
-1.0,-1.0,0.10935763258388634,-0.08163265306122448
-0.2222222222222222,0.0,-0.15888056170006712,0.8163265306122449
-0.4722222222222222,-1.0,-0.7835847997622899,-0.3673469387755102
-0.3611111111111111,0.0,-0.4477202944963518,0.20408163265306123
0.6388888888888888,0.0,0.5419459209614051,-0.7959183673469388
-0.9722222222222222,-1.0,0.7067582290600548,0.7755102040816326
-0.5,0.0,-0.5938349455798034,-0.5918367346938775
-0.8888888888888888,-1.0,-0.5178777774109413,0.4897959183673469
-0.7222222222222222,-1.0,-0.2516755257684308,0.7346938775510204
0.1111111111111111,-1.0,-0.7256759879824358,-1.0
0.4166666666666667,0.0,-0.8314129441931615,-0.9591836734693877
0.2222222222222222,-1.0,-0.30181474022472404,-0.02040816326530612
-0.6666666666666666,-1.0,0.18950774208458515,-0.673469387755102
-0.08333333333333333,0.0,-0.24684428890576338,-0.7755102040816326
-0.75,-1.0,0.22055311609275094,0.16326530612244897
0.5555555555555556,0.0,-0.8760496109698791,-0.7551020408163265
0.6388888888888888,0.0,0.4637877337207127,-0.5102040816326531
0.4444444444444444,0.0,0.9904365721328975,0.42857142857142855
-0.5833333333333334,0.0,0.921797792377871,-0.42857142857142855
0.25,-1.0,0.5065315240956563,-0.7755102040816326
0.3055555555555556,0.0,-0.8858551509348829,0.22448979591836735
-0.16666666666666666,0.0,-0.7235960249595563,-0.8571428571428571
-0.3611111111111111,0.0,-0.506289411997755,-0.673469387755102
-0.6944444444444444,-1.0,0.9507081778863614,-0.46938775510204084
-1.0,0.0,-0.4669461960887891,-0.4897959183673469
0.1111111111111111,0.0,0.5311829377001551,0.7551020408163265
0.3611111111111111,0.0,-0.9615151815290479,-0.7551020408163265
0.3888888888888889,0.0,0.7928620951500545,-0.4489795918367347
-0.2222222222222222,-1.0,-0.7938965741138146,0.40816326530612246
0.75,0.0,0.9336943004611135,-0.30612244897959184
-0.19444444444444445,-1.0,0.44940407408630195,-0.24489795918367346
0.2222222222222222,0.0,-0.8965190883379004,0.22448979591836735
0.6666666666666666,-1.0,0.28972014042501676,0.02040816326530612
-0.3333333333333333,-1.0,-0.08308846996159222,-0.3877551020408163
-0.7777777777777778,0.0,0.7270296147116114,0.42857142857142855
0.4722222222222222,0.0,0.16911530038407782,-0.7959183673469388
0.5833333333333334,-1.0,0.432093059086357,0.1836734693877551
-0.3888888888888889,0.0,0.8064093675371697,-0.8775510204081632
-0.2777777777777778,-1.0,0.5596311092035613,0.10204081632653061
-0.05555555555555555,-1.0,0.22297423707176423,0.3877551020408163
-0.3333333333333333,-1.0,0.35685122211583964,0.08163265306122448
0.8333333333333334,0.0,-0.6310651831798123,1.0
0.3611111111111111,-1.0,0.09298205068946923,0.7551020408163265
-0.4166666666666667,-1.0,0.48716255626355004,-0.9387755102040817
0.6388888888888888,0.0,-0.8938558552609859,0.8775510204081632
-0.6944444444444444,-1.0,-0.04775110876335743,0.30612244897959184
-0.2777777777777778,0.0,-0.6774406550232758,0.22448979591836735
0.6666666666666666,-1.0,-0.7650192038914018,0.14285714285714285
0.3055555555555556,0.0,-0.08118458846445904,-1.0204081632653061
0.16666666666666666,-1.0,-0.5268249199379312,-0.10204081632653061
-1.0,-1.0,0.43890521311367164,-0.7755102040816326
0.2777777777777778,0.0,0.19473516238018201,-0.40816326530612246
-0.19444444444444445,-1.0,-0.6814465097340069,0.7142857142857143
0.1388888888888889,0.0,-0.24612895770741852,0.673469387755102
0.16666666666666666,0.0,-0.3119504330505024,0.16326530612244897
-0.5,-1.0,0.8412845147303202,-0.8979591836734694
-0.5555555555555556,-1.0,-0.3752517415563406,0.9591836734693877
-0.4444444444444444,-1.0,0.6967215820925088,0.02040816326530612
0.9444444444444444,-1.0,-0.47090803041808355,-0.5306122448979592
-0.8333333333333334,-1.0,-0.7332805088756094,0.5306122448979592
0.5277777777777778,0.0,0.04525295211683009,0.32653061224489793
0.5555555555555556,-1.0,-0.7750448457635886,0.4489795918367347
0.7777777777777778,0.0,0.80199632429815,-1.0204081632653061
0.6944444444444444,-1.0,0.07975392606776938,0.5714285714285714
0.75,0.0,0.2995476905807389,0.7755102040816326
-0.8888888888888888,0.0,-0.35298843364477756,-0.4489795918367347
0.5555555555555556,0.0,0.4507246855294001,-0.12244897959183673
-0.5277777777777778,0.0,-0.8733093422254504,-0.9795918367346939
0.1388888888888889,0.0,-0.38043514147050084,0.12244897959183673
-0.05555555555555555,-1.0,0.8218165010399815,0.061224489795918366
-0.9722222222222222,0.0,0.26801809237677043,0.12244897959183673
0.8611111111111112,-1.0,0.9120582829850221,-0.6122448979591837
-0.05555555555555555,-1.0,-0.31634146609880376,-0.46938775510204084
-0.2222222222222222,-1.0,0.16572573101345922,-0.4897959183673469
-0.5555555555555556,-1.0,-0.594462236015275,0.7142857142857143
0.6666666666666666,-1.0,0.29304367922348046,0.3877551020408163
0.2777777777777778,0.0,-0.5544917296708376,0.42857142857142855
0.7777777777777778,0.0,-0.67621908943841,0.9387755102040817
0.5,0.0,-0.6481010707957785,-0.7142857142857143
-0.2222222222222222,-1.0,-0.6828881772260557,-0.08163265306122448
0.3611111111111111,0.0,-0.3025961019952238,0.5918367346938775
-0.6111111111111112,-1.0,-0.25984130652492105,-0.46938775510204084
0.3611111111111111,-1.0,0.7004963298006978,-0.1836734693877551
0.7222222222222222,0.0,-0.012171635467221324,-0.9183673469387755
-0.16666666666666666,0.0,-0.5606765932626806,-0.5714285714285714
0.6944444444444444,0.0,-0.11367162996467364,-0.30612244897959184
0.8055555555555556,0.0,-0.5889376781449811,-0.22448979591836735
0.7222222222222222,0.0,-0.1872186822498817,0.8571428571428571
0.8055555555555556,0.0,-0.017762223909670177,0.40816326530612246
0.9166666666666666,0.0,-0.11888804516491136,0.5714285714285714
0.7777777777777778,-1.0,-0.4855888276271914,0.40816326530612246
0.0,-1.0,0.777994211319841,0.08163265306122448
-0.1111111111111111,-1.0,-0.8506278406902396,-0.8571428571428571
0.8888888888888888,0.0,0.6940803592063125,-0.04081632653061224
-0.8055555555555556,0.0,-0.052549330339947395,0.7346938775510204
-0.2777777777777778,-1.0,-0.0504473571263495,0.3673469387755102
0.4166666666666667,0.0,0.7615746090439873,0.04081632653061224
-0.19444444444444445,0.0,0.6975249540537268,0.6938775510204082
-0.3055555555555556,0.0,0.836838456205223,0.9795918367346939
-1.0,0.0,0.5336700892513233,0.2653061224489796
-0.5833333333333334,-1.0,0.21959567279650477,-0.3469387755102041
-0.19444444444444445,0.0,-0.2317012776915712,-0.16326530612244897
-0.19444444444444445,-1.0,-0.7791387412371928,-0.7959183673469388
0.08333333333333333,0.0,0.7778291348894538,0.4897959183673469
-0.6666666666666666,-1.0,-0.4878668823665357,-0.02040816326530612
0.4444444444444444,0.0,0.16598985330207885,0.4489795918367347
-0.7222222222222222,0.0,0.24879219078433315,0.3877551020408163
0.05555555555555555,-1.0,0.8649014493710588,-0.02040816326530612
-0.5277777777777778,-1.0,-0.1786787282511803,0.8571428571428571
0.027777777777777776,-1.0,-0.9731915877051075,-0.8775510204081632
-0.6944444444444444,0.0,0.2637811306634972,-0.5714285714285714
0.08333333333333333,0.0,-0.41543134471260196,-0.5510204081632653
-0.027777777777777776,0.0,0.756314173462313,0.6326530612244898
0.19444444444444445,-1.0,-0.3267963066899975,-0.7551020408163265
0.6111111111111112,0.0,0.26031452562536456,-0.5306122448979592
-0.1111111111111111,0.0,-0.9432907436142934,0.4897959183673469
-0.4166666666666667,0.0,0.26833724014218585,-0.1836734693877551
-0.5833333333333334,0.0,-0.7158374327313546,-0.7346938775510204
-0.75,0.0,-0.8634707869743692,-0.4489795918367347
-0.08333333333333333,-1.0,-0.6405625804747598,0.5918367346938775
1.0,-1.0,0.284569755796934,0.24489795918367346
-0.9444444444444444,-1.0,0.2030330042809821,0.5306122448979592
-0.2777777777777778,-1.0,0.3860367350083089,-0.12244897959183673
0.8333333333333334,0.0,-0.27168278913136784,0.6122448979591837
0.5833333333333334,-1.0,0.4880759791783596,-0.14285714285714285
-0.05555555555555555,-1.0,0.6112009860565442,-0.5102040816326531
0.3333333333333333,0.0,0.05950455060693101,0.9591836734693877
0.4444444444444444,-1.0,-0.21192512133117633,0.6938775510204082
-0.05555555555555555,-1.0,0.19731035469422342,-0.6530612244897959
0.5555555555555556,0.0,0.10276558046375472,-0.22448979591836735
0.6388888888888888,-1.0,-0.028778324364180617,-0.3469387755102041
-0.25,0.0,0.48781185688973994,-0.32653061224489793
-0.6388888888888888,-1.0,-0.5881563163744814,-0.10204081632653061
-0.6666666666666666,0.0,-0.6458560313425116,-0.9795918367346939
0.8888888888888888,-1.0,0.8525207170920136,0.8163265306122449
0.16666666666666666,0.0,-0.5423200942036163,-0.5714285714285714
0.0,0.0,-0.8801765217295607,0.30612244897959184
0.8333333333333334,-1.0,-0.7597807785004457,0.8571428571428571
0.3611111111111111,0.0,-0.8090285802326477,-0.20408163265306123
-0.25,0.0,-0.7694542573211397,0.46938775510204084
-0.6111111111111112,0.0,-0.6584788757194581,-0.3673469387755102
0.25,-1.0,-0.5593119614381459,0.04081632653061224
-0.4722222222222222,-1.0,-0.8978507048763578,0.061224489795918366
-0.027777777777777776,0.0,0.13230325640771678,-0.02040816326530612
-0.6944444444444444,-1.0,0.7757271616758559,0.5102040816326531
-0.3333333333333333,0.0,0.9850770906929909,0.5714285714285714
0.5,-1.0,-0.016639704183036747,-0.04081632653061224
-0.2777777777777778,0.0,0.5921401608944942,-0.7959183673469388
0.2222222222222222,0.0,-0.12537004633145146,0.12244897959183673
0.2777777777777778,0.0,-0.9807410831214852,0.5102040816326531
0.2777777777777778,-1.0,0.7674293197750558,-0.7959183673469388
-0.027777777777777776,-1.0,-0.04241363751416906,-0.08163265306122448
-0.3611111111111111,0.0,0.899545489561667,-0.8775510204081632
-0.75,0.0,-0.5534352405163591,-0.673469387755102
-0.25,-1.0,-0.1708651105461829,0.8979591836734694
-0.05555555555555555,0.0,0.4165428593438762,0.3469387755102041
0.7222222222222222,0.0,0.8420218561193833,0.8571428571428571
0.4444444444444444,0.0,-0.8826746783760882,-0.10204081632653061
0.25,-1.0,-0.7844321921049446,-0.22448979591836735
-0.9444444444444444,-1.0,0.9029350589322857,-0.46938775510204084
0.0,-1.0,-0.2733885789120363,0.8163265306122449
0.9166666666666666,-1.0,-0.523611432093059,0.04081632653061224
0.08333333333333333,0.0,0.012820936093411249,-0.08163265306122448
-0.2222222222222222,0.0,0.31292988653746684,0.8571428571428571
-0.8611111111111112,0.0,-0.2681721637117986,0.24489795918367346
0.1388888888888889,-1.0,0.24388391825415168,0.1836734693877551
-0.16666666666666666,0.0,-0.6277636545720668,0.6326530612244898
0.027777777777777776,0.0,0.9630668999746883,-0.061224489795918366
0.6388888888888888,-1.0,-0.6990216470225714,-0.061224489795918366
0.8333333333333334,0.0,-0.9593031573618586,-0.8571428571428571
0.0,0.0,0.361605423310993,0.5714285714285714
0.6666666666666666,0.0,0.03599766691978386,0.061224489795918366
0.4166666666666667,-1.0,0.7796339705283546,0.9183673469387755
-0.9444444444444444,-1.0,-0.12457767946559258,0.6530612244897959
-0.5,0.0,0.2760848272750283,0.5306122448979592
0.16666666666666666,0.0,-0.6955330317937205,0.5102040816326531
-0.4166666666666667,0.0,0.8884193381535651,0.9387755102040817
-0.6944444444444444,0.0,0.7652062905125073,0.8571428571428571
0.9166666666666666,-1.0,-0.24685529400112252,0.9795918367346939
0.19444444444444445,0.0,0.37708959248131885,-0.6122448979591837
-0.2777777777777778,0.0,0.23437551586384495,0.42857142857142855
-0.7222222222222222,0.0,-0.6130388369815224,-0.8163265306122449
1.0,-1.0,-0.2989204001452673,-0.9387755102040817
-0.3888888888888889,-1.0,0.9278285846346859,0.9795918367346939
0.16666666666666666,0.0,-0.8810019038814971,-0.16326530612244897
-0.9444444444444444,-1.0,0.9115190333124237,0.673469387755102
-0.5833333333333334,-1.0,0.7548064753981093,0.7346938775510204
0.3055555555555556,-1.0,-0.47594836409257485,0.5918367346938775
0.6944444444444444,-1.0,0.2496615933177061,-0.7959183673469388
-0.08333333333333333,-1.0,0.2313821299261558,-0.6530612244897959
-0.9444444444444444,0.0,-0.8015671255791431,-0.673469387755102
-0.5,0.0,-0.7514059009321316,0.8775510204081632
-0.7777777777777778,0.0,-0.36436770224613996,0.3469387755102041
0.19444444444444445,0.0,0.22780547393443165,-0.6938775510204082
0.25,0.0,-0.8696666556615713,-0.5714285714285714
-0.3055555555555556,-1.0,-0.7090032685133216,-0.5102040816326531
0.3611111111111111,-1.0,0.7153862238216294,0.32653061224489793
0.4166666666666667,0.0,0.02764479954218803,0.5918367346938775
0.5277777777777778,-1.0,0.6342016353571703,0.1836734693877551
0.3333333333333333,-1.0,-0.011610375603904608,0.16326530612244897
-0.9722222222222222,-1.0,0.9181771160047102,0.8571428571428571
-0.9444444444444444,-1.0,0.773911320941596,0.20408163265306123
0.16666666666666666,-1.0,-0.9202680841229489,0.7755102040816326
-0.9722222222222222,-1.0,-0.25523017156943667,0.1836734693877551
-0.5555555555555556,-1.0,0.4642389426304379,0.40816326530612246
0.3055555555555556,0.0,0.48580892953437443,-0.16326530612244897
-0.3055555555555556,0.0,0.5171844564033148,0.8571428571428571
-0.3888888888888889,-1.0,-0.10197321359789582,-0.24489795918367346
0.6111111111111112,0.0,-0.7962956849021097,0.5102040816326531
-0.9444444444444444,0.0,0.019556054453211836,0.42857142857142855
0.1388888888888889,0.0,0.4871075307867543,-0.5918367346938775
-0.9444444444444444,0.0,0.13556076463402555,-0.02040816326530612
0.8333333333333334,0.0,-0.17589443912531502,-0.12244897959183673
0.75,-1.0,-0.7749898202867928,-0.8163265306122449
0.5277777777777778,-1.0,-0.5878701838951434,-0.12244897959183673
-0.027777777777777776,-1.0,-0.27328953305380393,0.0
0.3611111111111111,-1.0,0.4617517910792697,0.04081632653061224
-0.16666666666666666,-1.0,-0.8692484620379236,0.7142857142857143
0.5277777777777778,-1.0,-0.1717235079841967,-0.7959183673469388
0.1388888888888889,-1.0,0.7543332562976658,0.40816326530612246
-0.027777777777777776,0.0,0.39803228894978376,-0.7551020408163265
0.5555555555555556,0.0,0.7278990172449844,-0.3673469387755102
-0.3611111111111111,0.0,0.8758845345394918,0.7142857142857143
-0.8611111111111112,0.0,-0.029867828804736592,-0.3877551020408163
0.5555555555555556,0.0,-0.4747378036030682,0.5102040816326531
0.16666666666666666,-1.0,-0.17525614359448424,0.9795918367346939
0.7222222222222222,0.0,-0.8948463138433095,-0.6938775510204082
0.3888888888888889,0.0,-0.5678959358182839,-1.0
0.4722222222222222,0.0,-0.052230182574532005,-0.46938775510204084
-0.3888888888888889,0.0,0.54499433237589,0.7346938775510204
-0.2222222222222222,-1.0,-0.9216107057567654,0.9795918367346939
-0.3611111111111111,0.0,0.3509414859079754,-0.30612244897959184
0.3055555555555556,0.0,0.3791145300274027,-0.3469387755102041
-0.05555555555555555,-1.0,0.8802095370156382,-0.5306122448979592
0.8888888888888888,-1.0,0.9391308175685342,-0.20408163265306123
-0.05555555555555555,0.0,0.47244874376836477,-0.16326530612244897
-0.6944444444444444,-1.0,-0.4025773933331132,0.04081632653061224
0.2222222222222222,0.0,-0.015858342412537006,0.3877551020408163
0.4722222222222222,0.0,0.2522147754410292,0.40816326530612246
0.9444444444444444,0.0,-0.04995212783518769,-0.40816326530612246
-0.4166666666666667,0.0,-0.4230578757964938,0.6326530612244898
-0.7222222222222222,-1.0,-0.7010355794732961,0.5102040816326531
-0.9166666666666666,0.0,-0.24138576160762432,0.5510204081632653
-0.2777777777777778,0.0,-0.9187603860587452,-0.08163265306122448
-0.3611111111111111,-1.0,0.38872197827594174,-0.4897959183673469
-0.9166666666666666,-1.0,-0.834879549231294,0.9591836734693877
0.2222222222222222,-1.0,0.3018697657015198,0.8163265306122449
-0.25,0.0,-0.2560885690074505,-0.12244897959183673
0.5833333333333334,-1.0,-0.46865198586945755,-0.9183673469387755
0.25,-1.0,-0.7577998613357985,0.3673469387755102
-0.5277777777777778,0.0,0.12814333036195757,0.7346938775510204
0.6388888888888888,0.0,-0.46974149031001355,-0.9387755102040817
0.7777777777777778,-1.0,-0.09841856779688996,0.7142857142857143
-0.1388888888888889,0.0,-0.6310321678937348,-0.7755102040816326
-0.75,0.0,-0.12453365908415596,0.40816326530612246
0.6666666666666666,-1.0,0.856119383274456,-1.0204081632653061
0.4166666666666667,-1.0,-0.3534946680312985,-0.8979591836734694
0.8888888888888888,0.0,-0.42523688467760573,0.061224489795918366
-0.4444444444444444,-1.0,0.3576545940770577,-0.40816326530612246
0.4166666666666667,-1.0,-0.7655254382779226,0.7755102040816326
0.8333333333333334,-1.0,0.9434998404261173,-0.5714285714285714
0.4722222222222222,0.0,0.9406495207280972,0.5306122448979592
-0.6388888888888888,-1.0,-0.7020150329602606,-0.2857142857142857
0.3055555555555556,-1.0,-0.3009673478820694,-0.30612244897959184
0.05555555555555555,0.0,0.675855921291558,0.5102040816326531
0.8333333333333334,0.0,0.4097417104119207,0.3469387755102041
-0.8888888888888888,0.0,-0.21694344481494932,0.16326530612244897
0.05555555555555555,-1.0,0.38706020887670994,0.20408163265306123
-0.7222222222222222,0.0,-0.11402379301616648,-0.3877551020408163
-0.7777777777777778,0.0,-0.8048466439961702,0.2857142857142857
-0.7222222222222222,-1.0,0.367790286902836,0.8775510204081632
-0.7222222222222222,0.0,0.7199753485863954,-0.8979591836734694
1.0,0.0,-0.6330240901537412,-0.04081632653061224
0.4166666666666667,-1.0,0.40990678684230797,-0.5306122448979592
0.05555555555555555,0.0,0.4762785169533494,-0.8775510204081632
-0.6666666666666666,-1.0,0.10550584920818339,-0.3877551020408163
0.8888888888888888,-1.0,-0.7455842054871405,-0.12244897959183673
0.9722222222222222,0.0,-0.02248340981874608,0.9387755102040817
-0.4444444444444444,0.0,-0.3206114430981544,0.4489795918367347
0.7222222222222222,-1.0,-0.6432918441238293,-0.08163265306122448
0.3333333333333333,-1.0,-0.9056753276767143,-0.22448979591836735
-0.8888888888888888,0.0,0.4444958015561205,0.9183673469387755
0.16666666666666666,0.0,0.0031584623680764195,-0.40816326530612246
1.0,0.0,-0.567829905246129,-0.2653061224489796
-0.6666666666666666,0.0,0.30427988158517394,0.9183673469387755
0.9722222222222222,-1.0,0.5409994827605181,0.061224489795918366
0.9166666666666666,-1.0,-0.3731937887241793,-0.9795918367346939
-0.7222222222222222,-1.0,-0.3416311752341334,0.2653061224489796
0.5833333333333334,-1.0,-0.9266730496219749,0.8163265306122449
1.0,-1.0,0.5557353054464217,0.02040816326530612
-0.8888888888888888,-1.0,0.9747102908646703,0.24489795918367346
-0.6111111111111112,0.0,-0.17466186844509007,0.42857142857142855
0.3055555555555556,0.0,0.46178480636534713,0.9183673469387755
0.0,0.0,-0.3092651897828695,0.5714285714285714
0.6944444444444444,0.0,0.44335127163876875,0.6530612244897959
-0.16666666666666666,-1.0,-0.4616857605071148,0.22448979591836735
-0.19444444444444445,-1.0,-0.37473450207446046,1.0
-0.3055555555555556,0.0,-0.19480119295233694,0.8979591836734694
0.75,-1.0,0.22803658093697382,-0.20408163265306123
0.3888888888888889,0.0,-0.6711567455732004,0.8979591836734694
0.5555555555555556,-1.0,0.6897223414440886,0.3877551020408163
0.2222222222222222,0.0,-0.3399143803581058,0.30612244897959184
0.9444444444444444,0.0,0.6821508358369925,0.3469387755102041
-0.2777777777777778,0.0,-0.7914644480394423,-0.8571428571428571
0.027777777777777776,0.0,-0.4209338923921776,-0.5714285714285714
0.6666666666666666,-1.0,0.12021966170336866,-0.40816326530612246
0.6388888888888888,-1.0,-0.2730914413373392,0.8775510204081632
0.6388888888888888,0.0,-0.17348432324166088,-0.673469387755102
0.7222222222222222,0.0,0.6314613666127417,-0.46938775510204084
0.0,-1.0,0.2827429099673149,-0.32653061224489793
-0.75,-1.0,-0.15787909802238437,0.6938775510204082
-0.9722222222222222,0.0,-0.6409477588123301,0.4489795918367347
0.1111111111111111,-1.0,-0.13734359008220806,-0.4489795918367347
-0.05555555555555555,0.0,0.36771325123532195,-0.8979591836734694
-0.75,-1.0,-0.10453740081657807,0.16326530612244897
0.3611111111111111,-1.0,-0.005271440677033466,-0.7755102040816326
0.6666666666666666,0.0,-0.15993705085454565,-0.9591836734693877
0.3333333333333333,-1.0,-0.7708959248131885,0.2653061224489796
-0.1388888888888889,-1.0,0.7300890312214555,-0.9183673469387755
0.5833333333333334,-1.0,0.21126481560962726,-0.1836734693877551
-0.3888888888888889,0.0,-0.7141096327599679,-0.7142857142857143
-0.1388888888888889,0.0,0.8850297687829465,-0.42857142857142855
-0.1111111111111111,-1.0,-0.6243190597246525,-0.6530612244897959
0.6666666666666666,0.0,-0.010630922116940143,0.24489795918367346
0.16666666666666666,-1.0,0.4237511968041203,-0.16326530612244897
-1.0,0.0,-0.23356113880726775,-0.9591836734693877
0.5555555555555556,0.0,-0.39412548009728504,0.32653061224489793
-1.0,0.0,-0.6206873782561326,0.2857142857142857
-0.4166666666666667,0.0,0.552411766647958,-0.5918367346938775
-0.5277777777777778,-1.0,0.31417346231305093,-0.10204081632653061
-0.6666666666666666,-1.0,-0.7938965741138146,-0.9795918367346939
-0.7222222222222222,0.0,-0.3301418556791795,-0.04081632653061224
-0.05555555555555555,0.0,-0.08194394004424048,-0.5510204081632653
-0.3333333333333333,0.0,-0.8602132787480603,0.9387755102040817
0.7222222222222222,-1.0,-0.24205707242453256,0.2653061224489796
-0.3888888888888889,-1.0,0.45856031342511583,0.3469387755102041
-0.8888888888888888,0.0,0.4929732466131819,0.42857142857142855
0.6666666666666666,-1.0,-0.5444660877986508,-0.673469387755102
-0.9722222222222222,0.0,-0.9241528827847293,-0.24489795918367346
1.0,0.0,-0.5120670870613094,-0.9387755102040817
0.1111111111111111,-1.0,-0.9352790341928313,-0.14285714285714285
-0.027777777777777776,-1.0,-0.6476938822674898,-0.9387755102040817
0.19444444444444445,0.0,0.7958004556109479,-0.5306122448979592
0.3055555555555556,-1.0,-0.8234892755345725,0.6938775510204082
0.4444444444444444,0.0,0.43247823742392727,-0.9183673469387755
0.2777777777777778,-1.0,-0.7800521641520024,-0.3877551020408163
0.8333333333333334,-1.0,0.29295563846060724,0.14285714285714285
-0.4166666666666667,-1.0,0.5388975095469202,0.7551020408163265
0.4722222222222222,-1.0,-0.5686112670166287,-0.02040816326530612
-0.4166666666666667,0.0,0.1544565133656883,0.10204081632653061
-0.3888888888888889,-1.0,-0.6379433677792818,0.04081632653061224
0.7222222222222222,0.0,0.25970924538061124,0.5510204081632653
0.6944444444444444,0.0,0.13097163986925947,0.8775510204081632
-0.8055555555555556,0.0,-0.9116731046474518,0.5510204081632653
0.3333333333333333,0.0,-0.41115036261789206,0.4897959183673469
0.5277777777777778,0.0,-0.04223755598842264,-0.40816326530612246
-0.5833333333333334,0.0,-0.5362672917560831,-0.7551020408163265
-0.5,-1.0,-0.806728515302585,-0.6530612244897959
-0.8888888888888888,-1.0,0.5048477445057061,0.4489795918367347
-0.1388888888888889,-1.0,0.1346693519099343,-0.30612244897959184
0.2777777777777778,-1.0,0.8502426623526693,0.8571428571428571
-0.9722222222222222,-1.0,0.756963474088503,-0.6326530612244898
-0.8888888888888888,-1.0,0.7455071698196265,0.6530612244897959
0.9166666666666666,-1.0,-0.12578823995509922,-0.061224489795918366
-0.19444444444444445,0.0,0.3009013173099145,0.6938775510204082
-0.8055555555555556,0.0,-0.8168972234144409,0.7551020408163265
-0.3333333333333333,0.0,-0.8389734447048983,-0.8979591836734694
-0.4444444444444444,-1.0,-0.40822300725235783,-0.8979591836734694
-0.16666666666666666,0.0,-0.5166121914446389,0.7551020408163265
-0.7777777777777778,0.0,-0.15076980642037263,0.9795918367346939
0.8611111111111112,-1.0,0.508402390306712,-0.32653061224489793
-0.3611111111111111,-1.0,0.0038958037571395557,0.8571428571428571
-0.4722222222222222,-1.0,0.06770334664949872,0.16326530612244897
0.4722222222222222,-1.0,-0.7697734050865551,0.2857142857142857
0.25,0.0,-0.7423266972608318,-0.24489795918367346
-0.3055555555555556,-1.0,-0.024475332078752462,-0.7755102040816326
0.8888888888888888,-1.0,-0.8336359734557099,0.7346938775510204
-0.3611111111111111,-1.0,-0.17885480977692672,0.2857142857142857
0.19444444444444445,-1.0,-0.46631890565331746,0.22448979591836735
-0.1111111111111111,0.0,0.0017498101621050547,-1.0
0.25,0.0,-0.4063741512320204,0.5714285714285714
0.1111111111111111,-1.0,-0.20426557496120704,-0.8571428571428571
-0.8333333333333334,-1.0,0.8432654318949674,0.8571428571428571
-0.6666666666666666,0.0,0.06978330967237831,0.08163265306122448
0.16666666666666666,0.0,-0.19422892799366107,0.7551020408163265
-0.9444444444444444,-1.0,-0.1628423960293616,-0.5510204081632653
-0.19444444444444445,0.0,0.17088712073690118,-0.6938775510204082
0.027777777777777776,-1.0,0.15525988532690635,-0.6938775510204082
-0.5833333333333334,0.0,-0.04570416102655529,-0.8775510204081632
0.3611111111111111,-1.0,-0.07920367129981182,0.7346938775510204
-0.5833333333333334,-1.0,0.9057853786303058,0.9591836734693877
0.0,0.0,0.91597609693288,-0.6530612244897959
0.6666666666666666,0.0,0.3285241066613842,0.32653061224489793
-0.2777777777777778,-1.0,0.7794688940979674,-0.6530612244897959
0.3055555555555556,-1.0,0.0008143770565771952,-0.6326530612244898
-0.9444444444444444,0.0,0.18710863129629018,0.3877551020408163
-0.05555555555555555,0.0,0.11608174584832777,-0.7142857142857143
-0.027777777777777776,-1.0,-0.12390636864868435,-0.32653061224489793
0.4722222222222222,-1.0,-0.00047321910044350533,0.8571428571428571
-0.5,-1.0,-0.7971100619586868,0.061224489795918366
-0.8611111111111112,0.0,-0.05752363344228378,-0.40816326530612246
-0.6388888888888888,0.0,-0.7535518945271661,0.3673469387755102
-0.5833333333333334,0.0,0.4847524403798959,0.9183673469387755
-0.5277777777777778,-1.0,0.7579979530522633,-0.8775510204081632
-0.08333333333333333,0.0,-0.010190718302574092,-0.12244897959183673
-0.4444444444444444,0.0,-0.3772876841977836,0.14285714285714285
1.0,-1.0,0.04513189606787943,-0.4489795918367347
0.0,-1.0,0.647847953602518,-0.24489795918367346
-0.8888888888888888,-1.0,0.5347045682150836,-0.42857142857142855
0.5555555555555556,-1.0,0.3909560126338495,-0.8367346938775511
-0.05555555555555555,-1.0,-0.15081382680180924,-0.7959183673469388
0.9722222222222222,-1.0,0.326323087589554,0.12244897959183673
0.9444444444444444,0.0,-0.3540339177038969,-0.9387755102040817
0.75,-1.0,-0.9311631285285087,-0.061224489795918366
-0.4166666666666667,0.0,0.18512771413164295,0.6530612244897959
-0.3333333333333333,-1.0,0.44360438883202924,-0.9183673469387755
0.0,-1.0,0.0911111844784135,0.8367346938775511
-0.9166666666666666,0.0,-0.8216184093235168,0.9591836734693877
-0.5555555555555556,0.0,0.3397493039277185,0.5306122448979592
-0.5,0.0,-0.1210010234738684,-0.5306122448979592
-0.16666666666666666,0.0,0.7359767572386015,-0.12244897959183673
-0.027777777777777776,0.0,0.08239514895396569,-0.4897959183673469
0.7222222222222222,-1.0,-0.8051547866662264,-0.2653061224489796
-0.25,0.0,0.28651765767550375,-0.5918367346938775
0.7222222222222222,-1.0,-0.431366722792653,0.6122448979591837
0.3333333333333333,-1.0,-0.049522929116180794,-0.46938775510204084
0.8888888888888888,-1.0,-0.2037593405746861,0.9591836734693877
-0.9444444444444444,-1.0,-0.9310310673841988,1.0
-0.8055555555555556,-1.0,-0.8035260325530721,-0.5306122448979592
0.4722222222222222,-1.0,-0.6034313887329834,-0.7959183673469388
-0.6388888888888888,-1.0,-0.17904189639803228,-0.8163265306122449
0.8333333333333334,0.0,0.9745892348157197,-0.061224489795918366
0.3888888888888889,0.0,-0.8854809776926718,0.22448979591836735
0.5555555555555556,-1.0,-0.8470401796031563,-0.32653061224489793
0.7222222222222222,0.0,-0.11077728988521686,0.7755102040816326
-0.8055555555555556,-1.0,0.16385486480240352,-0.7142857142857143
0.7777777777777778,0.0,-0.002542177027963947,0.5918367346938775
-0.8611111111111112,0.0,-0.702048048246338,-0.24489795918367346
-0.4166666666666667,0.0,0.023495878591788,1.0
0.25,0.0,-0.2923393531204948,0.1836734693877551
0.6944444444444444,-1.0,-0.11459605797484235,0.5918367346938775
0.4166666666666667,0.0,0.16978661120098607,0.24489795918367346
-0.16666666666666666,0.0,-0.4710180813716751,-0.5714285714285714
0.4722222222222222,-1.0,0.6043117963617155,0.24489795918367346
0.9722222222222222,-1.0,0.39608438707121396,0.08163265306122448
0.9722222222222222,0.0,-0.5974666270483234,-0.42857142857142855
-0.3888888888888889,-1.0,-0.26702763379444683,0.8571428571428571
0.4444444444444444,0.0,-0.6448765778555471,0.8367346938775511
-0.9166666666666666,0.0,-0.9043327060428978,0.30612244897959184
-0.3888888888888889,-1.0,-0.5616560467496451,0.08163265306122448
0.4722222222222222,-1.0,0.48175905444220674,-0.12244897959183673
0.1111111111111111,-1.0,-0.03537037648431224,0.7346938775510204
0.3333333333333333,-1.0,0.8283095073018808,0.32653061224489793
0.25,0.0,-0.19022307328293,-0.5102040816326531
0.8333333333333334,0.0,-0.25082813342577615,0.16326530612244897
0.16666666666666666,-1.0,-0.8645382812242068,-0.30612244897959184
0.1111111111111111,-1.0,0.3439092299734777,-0.3877551020408163
0.8333333333333334,-1.0,-0.1679487602760078,0.5102040816326531
0.5277777777777778,-1.0,-0.29243839897872714,-0.02040816326530612
-0.25,0.0,-0.30617275798694793,0.3877551020408163
0.2777777777777778,-1.0,-0.23839237566993518,0.5306122448979592
0.2777777777777778,0.0,0.9255615349907007,0.7755102040816326
-0.8611111111111112,-1.0,0.11495922612169435,0.7755102040816326
0.8888888888888888,-1.0,-0.02582895880792807,-0.7346938775510204
0.5833333333333334,-1.0,0.6351480735580574,-0.3469387755102041
-0.7777777777777778,-1.0,-0.26729175608306643,-0.32653061224489793
-0.9166666666666666,0.0,0.7032916240219221,-0.8979591836734694
0.5833333333333334,-1.0,0.30512727392782857,0.6122448979591837
0.6666666666666666,0.0,-0.0803151859310861,-0.9183673469387755
0.6666666666666666,0.0,0.832106265200788,-0.7959183673469388
0.5555555555555556,0.0,-0.41258102501458177,-0.32653061224489793
0.7777777777777778,-1.0,0.06906797847403348,-0.8979591836734694
0.25,-1.0,0.2915689964453542,0.6326530612244898
-0.9444444444444444,-1.0,-0.5391616318355399,-1.0
0.2222222222222222,-1.0,0.45794402808500334,-0.4897959183673469
-0.9722222222222222,0.0,0.8299162512243169,-0.9795918367346939
-0.6111111111111112,-1.0,-0.543101455974116,-0.5102040816326531
0.4166666666666667,0.0,-0.28887274808236213,0.7142857142857143
0.6666666666666666,0.0,-0.6891720866761311,-0.40816326530612246
0.3055555555555556,0.0,0.6536476388567907,-0.2653061224489796
0.3333333333333333,-1.0,-0.028745309078103163,-0.22448979591836735
-0.9166666666666666,0.0,-0.6778478435515644,0.9795918367346939
1.0,0.0,0.7767506355442569,0.5102040816326531
-0.9722222222222222,-1.0,0.8652976328039882,-0.3673469387755102
-0.9166666666666666,0.0,-0.24735052329228432,0.7551020408163265
0.5833333333333334,0.0,0.35993264881640197,0.14285714285714285
0.5555555555555556,-1.0,0.24618398318421428,-0.8367346938775511
-0.8055555555555556,-1.0,-0.8199566399242849,-0.12244897959183673
0.25,0.0,0.6088018752682492,0.8367346938775511
-0.8055555555555556,-1.0,0.98807047663068,-0.7959183673469388
-0.2222222222222222,-1.0,0.7091903551344272,0.5510204081632653
-0.027777777777777776,-1.0,0.7434822322735426,0.2653061224489796
0.9166666666666666,0.0,-0.45968283315174924,-0.2653061224489796
0.3333333333333333,0.0,0.23576215787909802,-0.2653061224489796
-0.5277777777777778,-1.0,-0.852542727282732,-0.8775510204081632
0.7222222222222222,0.0,-0.41200876005590586,-0.9795918367346939
-0.1111111111111111,0.0,-0.5442569909868269,-1.0204081632653061
0.027777777777777776,0.0,0.8303234397526055,-0.02040816326530612
-0.08333333333333333,0.0,-0.3847821541373656,-0.6122448979591837
-0.5277777777777778,0.0,0.7626421032938251,-0.20408163265306123
-0.2777777777777778,0.0,-0.9013063048191312,-0.10204081632653061
0.3611111111111111,-1.0,0.6778918639330009,0.08163265306122448
0.8333333333333334,-1.0,-0.7431300692220498,0.14285714285714285
-0.5277777777777778,-1.0,0.10373402885536002,-0.22448979591836735
0.5555555555555556,-1.0,-0.06939813133480802,0.6938775510204082
0.5833333333333334,0.0,0.46792564957575355,-0.673469387755102
-0.6388888888888888,-1.0,0.9269041566245172,-0.4897959183673469
0.8611111111111112,-1.0,-0.4350094093565321,0.6530612244897959
0.8333333333333334,0.0,-0.5261866244071005,0.3877551020408163
0.7777777777777778,-1.0,0.5397779171756524,-0.5714285714285714
0.2222222222222222,0.0,-0.7952612059383495,0.32653061224489793
0.8055555555555556,-1.0,-0.19873001199555393,0.12244897959183673
-0.1388888888888889,0.0,0.12382933298117028,0.2653061224489796
-0.8333333333333334,0.0,-0.32164592206191467,-0.8775510204081632
0.6111111111111112,0.0,0.5702290160344239,-0.2653061224489796
-0.5277777777777778,-1.0,0.42200138664201525,0.5102040816326531
-0.4166666666666667,0.0,0.9397911232900833,-0.02040816326530612
-0.1111111111111111,-1.0,-0.4002223029262549,-0.5714285714285714
-0.5833333333333334,-1.0,0.8610056456139192,0.6530612244897959
-0.4722222222222222,0.0,-0.24922138950334005,-0.02040816326530612
-0.05555555555555555,-1.0,0.8564165208491532,0.8979591836734694
0.6666666666666666,-1.0,-0.19452606556835814,0.4489795918367347
-0.1388888888888889,0.0,0.6640364488758295,0.5714285714285714
-0.6388888888888888,0.0,0.9190795338241606,0.40816326530612246
-0.8888888888888888,-1.0,0.37828914787546636,-0.6530612244897959
0.7777777777777778,-1.0,-0.3014405669825129,0.5306122448979592
0.7777777777777778,0.0,0.2053110590203264,-0.46938775510204084
-0.2777777777777778,0.0,0.7902538875499356,0.12244897959183673
0.0,0.0,0.577580419734337,-0.14285714285714285
0.2777777777777778,-1.0,0.18737275358490982,0.8163265306122449
-0.5833333333333334,-1.0,0.4423938283425226,0.5102040816326531
0.9166666666666666,0.0,0.2022626476058415,-0.5306122448979592
-0.16666666666666666,-1.0,-0.07743185094698846,-0.10204081632653061
-0.6388888888888888,0.0,-0.38363762422001385,0.5510204081632653
-1.0,0.0,0.30398274401047687,-0.16326530612244897
0.5277777777777778,0.0,-0.5359371388953085,0.9795918367346939
-0.9722222222222222,-1.0,0.4630613974270087,-0.14285714285714285
0.3611111111111111,-1.0,-0.8274070894824304,-0.1836734693877551
-0.5833333333333334,-1.0,0.6372390416762961,0.16326530612244897
0.6944444444444444,-1.0,-0.8730122046507534,0.8367346938775511
-0.6111111111111112,0.0,0.31831137816809185,-0.2653061224489796
1.0,0.0,-0.5419789362474826,-0.9795918367346939
-0.1388888888888889,-1.0,0.13529664234540592,0.4897959183673469
-0.5555555555555556,0.0,-0.42988103491916757,-0.6326530612244898
-0.75,-1.0,0.24530357555548218,-0.9795918367346939
0.9722222222222222,-1.0,0.6161752891588805,0.12244897959183673
0.5,0.0,-0.5740037637426129,0.5306122448979592
0.9722222222222222,0.0,0.04080689359173297,-0.673469387755102
0.027777777777777776,0.0,-0.1478644612455567,0.6938775510204082
-0.8611111111111112,0.0,-0.47828144430871494,-0.7346938775510204
0.6388888888888888,0.0,0.7502613710147799,-0.40816326530612246
0.08333333333333333,-1.0,-0.4779733016386587,0.061224489795918366
-0.027777777777777776,-1.0,-0.7786765272321085,-0.9591836734693877
0.8333333333333334,0.0,0.9469444352735317,0.8979591836734694
0.4722222222222222,0.0,0.647407749788152,0.5510204081632653
0.3055555555555556,0.0,0.9049379862876512,-0.16326530612244897
-0.3055555555555556,0.0,-0.20277988708772163,-0.46938775510204084
-0.08333333333333333,0.0,0.6143044229478248,-0.7551020408163265
-0.6666666666666666,0.0,-0.43051933044999835,0.8163265306122449
-0.4166666666666667,0.0,-0.9321425820154732,-0.5510204081632653
-0.6388888888888888,0.0,-0.1761255461278572,1.0
-0.25,-1.0,0.3413450427547955,-0.22448979591836735
0.16666666666666666,0.0,0.5542826328590137,-0.42857142857142855
-0.4166666666666667,-1.0,-0.6127527045021846,0.8163265306122449
0.6111111111111112,-1.0,-0.9158440357885701,-0.7959183673469388
-0.9722222222222222,-1.0,0.8832689535254823,-0.061224489795918366
0.6111111111111112,-1.0,0.5543596685265277,0.3673469387755102
0.2222222222222222,0.0,-0.5573860697502944,-0.3877551020408163
-0.6944444444444444,-1.0,0.6447665269019556,-0.8775510204081632
0.9722222222222222,0.0,0.501205057941827,-0.6530612244897959
-0.6111111111111112,0.0,-0.17897586582587738,0.7755102040816326
1.0,-1.0,-0.7308043624198004,0.5510204081632653
0.9166666666666666,0.0,0.9769773405086555,0.9795918367346939
0.8333333333333334,-1.0,-0.27091243245622726,-0.46938775510204084
0.8333333333333334,0.0,-0.31719986353681756,0.8367346938775511
-0.3888888888888889,-1.0,0.5534242354209999,0.3877551020408163
-0.9722222222222222,-1.0,0.8628875169203342,0.2857142857142857
0.7222222222222222,0.0,-0.3494998184159266,0.3877551020408163
0.5,0.0,0.45358601032277945,-0.7959183673469388
0.1388888888888889,-1.0,0.28711193282489794,-0.8775510204081632
0.3611111111111111,-1.0,0.43228014570746254,0.32653061224489793
-1.0,0.0,-0.6259037934563703,0.3877551020408163
0.4166666666666667,-1.0,0.7009365336150638,0.5306122448979592
-0.7777777777777778,0.0,-0.7932472734876248,0.8367346938775511
0.2777777777777778,-1.0,-0.4356807201734403,0.1836734693877551
-0.8888888888888888,0.0,-0.7531887263803141,0.32653061224489793
0.7777777777777778,-1.0,-0.5548659029130487,0.9183673469387755
-0.6111111111111112,0.0,-0.10369000847392343,0.4489795918367347
-0.8055555555555556,0.0,0.6193777719083936,-0.7551020408163265
-0.5,0.0,-0.474286594693343,-0.04081632653061224
-1.0,0.0,0.8445310178612697,0.6122448979591837
0.9444444444444444,-1.0,0.45051558871757624,-0.8163265306122449
0.4444444444444444,0.0,-0.7393443164185017,0.04081632653061224
0.2777777777777778,-1.0,0.12334510878536763,-0.2653061224489796
0.1111111111111111,0.0,0.17236180351502745,0.3673469387755102
-0.6666666666666666,0.0,-0.781691923360516,-0.7551020408163265
-0.6944444444444444,-1.0,0.8169412437958775,0.8571428571428571
-0.1388888888888889,-1.0,0.8119889508842594,-0.8979591836734694
-0.9166666666666666,-1.0,-0.40816798177556207,0.673469387755102
0.3333333333333333,0.0,-0.8472272662242618,-1.0
0.5833333333333334,-1.0,-0.6494987179063907,-0.32653061224489793
0.8888888888888888,-1.0,0.5631857550045671,-0.04081632653061224
0.5277777777777778,-1.0,-0.8140579088117799,-0.1836734693877551
-0.1111111111111111,0.0,-0.029570691230039508,-0.5306122448979592
0.25,0.0,-0.1090935102952667,0.0
-0.3611111111111111,0.0,0.044438575060252894,0.08163265306122448
0.25,-1.0,0.6453497969559906,0.5306122448979592
-0.2222222222222222,-1.0,-0.9726853533185865,-0.8163265306122449
-0.08333333333333333,-1.0,-0.18532580584810768,0.1836734693877551
-0.8611111111111112,0.0,0.7111052417269196,0.5102040816326531
0.9722222222222222,0.0,0.7378806387357346,0.5714285714285714
0.6111111111111112,0.0,-0.5905664322581355,0.6938775510204082
0.1388888888888889,-1.0,0.5754784465207391,0.04081632653061224
-0.3611111111111111,0.0,-0.3787953822619873,0.7959183673469388
0.2222222222222222,0.0,0.39102204320600437,0.08163265306122448
0.8611111111111112,-1.0,-0.7495680500071533,-0.9387755102040817
-0.5277777777777778,-1.0,-0.8119229203121046,0.8775510204081632
-0.4444444444444444,0.0,-0.9505100861698966,0.6938775510204082
-0.1388888888888889,0.0,-0.900634994002223,-0.16326530612244897
0.2777777777777778,-1.0,-0.6555185050678464,0.3673469387755102
-0.3333333333333333,-1.0,-0.6517547624550166,-0.24489795918367346
0.3055555555555556,-1.0,-0.5357610573695621,0.16326530612244897
0.75,0.0,0.8041533229885437,-0.8571428571428571
0.6388888888888888,-1.0,-0.3632011621380699,-0.6122448979591837
-0.75,0.0,-0.8553820418853929,0.02040816326530612
-0.16666666666666666,0.0,-0.3101125821255241,0.9591836734693877
-0.3888888888888889,-1.0,0.055795833470897026,-0.7755102040816326
1.0,0.0,0.4468949123444155,-0.2857142857142857
0.25,0.0,-0.3938063323318697,-0.8979591836734694
-0.1388888888888889,-1.0,-0.16061936676681304,-0.7142857142857143
-0.027777777777777776,0.0,0.0324870415002146,0.30612244897959184
-0.25,0.0,-0.5487030495119241,0.4489795918367347
-0.2777777777777778,0.0,-0.5297962956849022,-0.9387755102040817
-0.05555555555555555,0.0,0.38007197332364884,0.7346938775510204
-0.3888888888888889,0.0,0.027072534583512164,-0.7346938775510204
-0.3611111111111111,-1.0,0.15674557320039179,0.7346938775510204
0.8333333333333334,0.0,0.06658082692286528,-0.9591836734693877
-0.5833333333333334,0.0,0.7384969240758471,-0.6122448979591837
0.7777777777777778,-1.0,0.606094621809898,0.8367346938775511
1.0,-1.0,-0.3001419657301331,-0.9387755102040817
-0.2222222222222222,0.0,0.5605445321183709,-0.9591836734693877
-0.3055555555555556,-1.0,0.07374514400167277,-1.0
0.75,-1.0,-0.7773999361704469,0.22448979591836735
-0.6944444444444444,0.0,0.3389239217757822,0.3673469387755102
-0.3888888888888889,-1.0,0.0015847337317177854,0.8571428571428571
-0.4722222222222222,0.0,0.46100344459484743,-0.2857142857142857
0.5833333333333334,-1.0,0.8808808478325465,0.12244897959183673
-0.5555555555555556,0.0,0.40163095513222624,0.8979591836734694
0.027777777777777776,0.0,0.49163062497936544,-0.5102040816326531
0.6666666666666666,0.0,-0.15199137200523843,-0.9183673469387755
0.8888888888888888,0.0,0.01630955132226221,0.5918367346938775
0.5555555555555556,-1.0,-0.5971254690921897,-0.8979591836734694
-0.2222222222222222,-1.0,-0.8641641079819956,-0.7755102040816326
0.8055555555555556,0.0,-0.8560863679883787,-0.8367346938775511
-0.4444444444444444,0.0,-0.5899941672994596,0.02040816326530612
0.3888888888888889,-1.0,0.6235927234309485,0.8775510204081632
0.6944444444444444,-1.0,-0.08699527881409093,-0.40816326530612246
-0.16666666666666666,0.0,0.03621776882696689,-0.7755102040816326
-0.5555555555555556,0.0,0.05194405009519407,-0.7346938775510204
0.25,-1.0,0.4288135406693299,-1.0204081632653061
-0.2222222222222222,0.0,0.2805418908954846,0.20408163265306123
-0.1111111111111111,0.0,0.6472426733577646,0.30612244897959184
0.4722222222222222,0.0,-0.5741798452683593,-0.6938775510204082
0.8611111111111112,-1.0,-0.21510559388997105,0.9591836734693877
0.5833333333333334,0.0,-0.4856548581993463,-0.7755102040816326
-0.6666666666666666,0.0,-0.9007560500511737,-0.14285714285714285
0.5833333333333334,-1.0,-0.8372346396381525,0.9183673469387755
0.3055555555555556,0.0,-0.6770444715903463,0.42857142857142855
-1.0,0.0,0.5094038539843948,0.9387755102040817
-0.1388888888888889,0.0,-0.3461982898081812,0.8979591836734694
0.6666666666666666,0.0,-0.07048763577536399,-0.4489795918367347
-0.8055555555555556,-1.0,-0.44088613027831886,-0.673469387755102
-0.3055555555555556,-1.0,0.5850418743878416,0.6938775510204082
0.5555555555555556,0.0,-0.24083550683966676,-0.5918367346938775
-0.3055555555555556,0.0,-0.8812990414561942,-0.7142857142857143
0.6111111111111112,-1.0,0.20424356477048874,-0.2653061224489796
-0.2777777777777778,0.0,-0.6136991427030716,0.1836734693877551
-0.8055555555555556,0.0,0.15517184456403316,0.0
-0.5,-1.0,0.3758790319918122,0.20408163265306123
0.3333333333333333,0.0,-0.8481626993297897,0.12244897959183673
0.1388888888888889,0.0,0.18630525933507214,0.061224489795918366
0.9444444444444444,-1.0,0.8147402247240473,0.7551020408163265
0.16666666666666666,0.0,-0.43582378641310926,0.0
-0.6666666666666666,0.0,0.8716695830169369,-1.0
0.19444444444444445,0.0,-0.15707572606116632,0.4489795918367347
-0.25,-1.0,-0.7554227607382218,-0.22448979591836735
-0.3611111111111111,0.0,0.779083715760397,-0.8163265306122449
-0.9444444444444444,-1.0,0.887759032432016,0.9183673469387755
-0.05555555555555555,-1.0,-0.8881552158649455,-0.7959183673469388
0.8888888888888888,0.0,-0.44319720030374066,0.0
-0.9166666666666666,0.0,-0.4763665577162226,-0.30612244897959184
0.75,0.0,0.7088932175597301,0.8367346938775511
-0.6388888888888888,0.0,0.9037714461795812,-0.7551020408163265
0.75,-1.0,-0.6735668614568545,0.30612244897959184
0.05555555555555555,-1.0,0.3893382636160542,-0.6938775510204082
-0.8611111111111112,-1.0,0.9552862975557683,0.5918367346938775
0.2777777777777778,-1.0,-0.007384418985990513,-0.4489795918367347
1.0,0.0,0.41572848228729903,0.5510204081632653
-0.2777777777777778,0.0,-0.7876016595683801,-0.2653061224489796
-1.0,-1.0,0.46546050821530366,0.22448979591836735
0.6388888888888888,0.0,-0.4251488439147325,-0.7551020408163265
-0.6944444444444444,-1.0,-0.5108455214764436,0.8571428571428571
0.1388888888888889,-1.0,0.534000242112098,-0.20408163265306123
0.16666666666666666,0.0,0.6499169115300384,-0.6938775510204082
-0.2222222222222222,0.0,0.7780052164152003,-0.04081632653061224
-0.5555555555555556,0.0,0.9399011742436748,-0.5714285714285714
0.6111111111111112,0.0,-0.6075252842065877,0.02040816326530612
-0.7222222222222222,-1.0,0.07124698735514544,-0.5918367346938775
0.4722222222222222,0.0,0.7357456502360593,-0.8163265306122449
-0.027777777777777776,-1.0,0.9444572837223635,-0.8775510204081632
0.8611111111111112,0.0,0.005326466153829223,-0.9591836734693877
-0.5555555555555556,0.0,-0.5685892568259104,0.8163265306122449
-0.6944444444444444,-1.0,-0.6298986430717423,-0.2857142857142857
-0.9166666666666666,0.0,-0.22304026764391913,-0.9183673469387755
-0.3333333333333333,0.0,0.3604278781075638,0.10204081632653061
0.3611111111111111,0.0,-0.7191499664344592,-0.673469387755102
0.3333333333333333,0.0,-0.10747576127747147,0.6122448979591837
0.9722222222222222,0.0,0.1911254911023804,0.24489795918367346
-0.5277777777777778,-1.0,-0.9750074284393674,-0.24489795918367346
-0.1111111111111111,-1.0,-0.5274962307548395,0.3469387755102041
-0.5,0.0,0.6598875279254295,0.42857142857142855
-0.027777777777777776,0.0,-0.6140072853731278,-0.08163265306122448
-0.6666666666666666,-1.0,0.6917362738948133,-0.9387755102040817
-0.05555555555555555,-1.0,-0.21703148557782254,0.5306122448979592
-0.9722222222222222,-1.0,0.22247900778060242,-0.9387755102040817
0.1388888888888889,0.0,-0.2352669285879362,-0.7551020408163265
0.8333333333333334,-1.0,-0.9220729197618497,0.3877551020408163
0.6388888888888888,-1.0,0.8374327313546172,-0.8367346938775511
0.5833333333333334,-1.0,0.9728834450350512,-1.0204081632653061
-0.4722222222222222,-1.0,0.6623526692858793,0.32653061224489793
-0.6666666666666666,-1.0,0.05217515709773625,0.1836734693877551
0.6944444444444444,-1.0,0.8841603662495735,0.5918367346938775
0.6944444444444444,0.0,0.337889442812022,-0.04081632653061224
-0.6666666666666666,-1.0,-0.07717873375372798,-0.02040816326530612
-0.3611111111111111,0.0,0.34805815092387776,1.0
-0.05555555555555555,-1.0,-0.7866662264628523,0.5510204081632653
0.5,-1.0,-0.7383758680268965,0.9183673469387755
-0.6388888888888888,-1.0,0.41000583270054036,-0.7959183673469388
-0.05555555555555555,-1.0,-0.7273487624770268,0.7755102040816326
0.08333333333333333,0.0,-0.23279078213212717,-0.9183673469387755
-0.7222222222222222,-1.0,-0.1688071577140216,0.46938775510204084
0.08333333333333333,0.0,0.30413681534550496,-0.9795918367346939
0.4722222222222222,-1.0,0.15107794909042888,0.12244897959183673
-0.7777777777777778,0.0,0.0028613247933793346,0.7551020408163265
-0.75,0.0,0.009420361627433501,0.8163265306122449
-0.6666666666666666,0.0,-0.2803768144650973,-0.42857142857142855
-0.19444444444444445,0.0,0.25132336271693795,0.24489795918367346
0.9722222222222222,0.0,-0.7885040773878306,-0.9795918367346939
-0.08333333333333333,-1.0,0.48766879065007096,0.32653061224489793
-0.8333333333333334,0.0,-0.8091276260908801,-0.14285714285714285
-0.3055555555555556,-1.0,-0.7298689293142725,-0.4489795918367347
0.3611111111111111,-1.0,0.33103326840327074,0.6938775510204082
-0.5,0.0,0.9568710312874861,-0.6326530612244898
-0.3611111111111111,0.0,0.34475662231613236,0.3877551020408163
0.0,-1.0,0.3322108136066999,0.04081632653061224
0.6388888888888888,0.0,0.07847733500610783,-1.0204081632653061
0.4444444444444444,0.0,-0.5148183609010972,0.7142857142857143
0.5277777777777778,0.0,-0.4193271484697415,0.7346938775510204
0.5,-1.0,0.10229236136331121,0.24489795918367346
-0.7222222222222222,-1.0,0.025641872186822498,0.7755102040816326
0.1388888888888889,0.0,-0.9096041467199313,-0.9795918367346939
0.8055555555555556,0.0,-0.5707132402302266,-0.7346938775510204
0.1111111111111111,0.0,0.6423013855415057,-0.8979591836734694
-0.6111111111111112,0.0,-0.9787491608614789,0.061224489795918366
-0.08333333333333333,0.0,-0.8615008749050811,-0.8163265306122449
0.9722222222222222,-1.0,0.6111349554843892,-0.6122448979591837
-0.08333333333333333,0.0,0.7013437221433524,-0.3877551020408163
0.3055555555555556,0.0,0.1188330196881156,-0.9795918367346939
0.5555555555555556,0.0,0.6561788107893954,-0.2857142857142857
-0.8888888888888888,-1.0,0.9976559146885008,0.16326530612244897
-0.027777777777777776,0.0,-0.9177149019996258,0.8163265306122449
0.8333333333333334,-1.0,-0.6685595430684407,-0.9795918367346939
0.6666666666666666,-1.0,-0.40223623537697956,0.5510204081632653
0.6666666666666666,0.0,-0.04034467958664862,-1.0
0.16666666666666666,0.0,0.9275314470599888,0.5306122448979592
0.25,0.0,-0.36236477489077445,0.1836734693877551
-0.7777777777777778,-1.0,-0.5404272178018422,0.2653061224489796
0.3333333333333333,-1.0,-0.18963980322889498,0.8979591836734694
-0.3333333333333333,-1.0,-0.06134240153190927,-0.16326530612244897
-0.4444444444444444,-1.0,0.9120362727943038,-0.1836734693877551
0.6111111111111112,0.0,0.2795074119317244,-0.6530612244897959
-0.75,-1.0,-0.5167112373028713,-0.9183673469387755
-0.9722222222222222,-1.0,-0.2841955825547228,0.673469387755102
-0.19444444444444445,-1.0,-0.9123884358457967,-0.14285714285714285
0.8888888888888888,-1.0,0.3493567521762576,0.16326530612244897
-0.8611111111111112,0.0,-0.8049677000451209,0.8163265306122449
0.6666666666666666,-1.0,-0.9253854534649543,0.20408163265306123
0.6111111111111112,0.0,0.3719282027578769,0.673469387755102
-1.0,-1.0,-0.4901669472965983,-0.4897959183673469
-0.1388888888888889,-1.0,-0.5545797704337108,0.9387755102040817
0.3888888888888889,0.0,0.5144992131356818,-0.5306122448979592
0.8888888888888888,0.0,0.6390989027919927,0.0
0.3888888888888889,-1.0,-0.42398230380666246,-0.42857142857142855
-0.9166666666666666,-1.0,-0.4333806552433777,-0.20408163265306123
-0.6111111111111112,0.0,-0.9376121144089714,0.3469387755102041
-0.6111111111111112,-1.0,-0.3237368901801534,0.6938775510204082
0.6944444444444444,0.0,0.88018752682492,-0.46938775510204084
-0.25,0.0,0.9847029174507798,0.24489795918367346
0.5833333333333334,-1.0,0.9205432115069277,-0.673469387755102
0.1111111111111111,0.0,-0.38313138983349293,0.1836734693877551
0.19444444444444445,0.0,-0.38669704072985794,-0.7551020408163265
0.4444444444444444,0.0,-0.15559003818768088,-0.7346938775510204
-0.9444444444444444,0.0,0.8855470082648266,0.14285714285714285
-0.1111111111111111,-1.0,0.040003521630514925,0.9183673469387755
-0.4444444444444444,-1.0,0.35722539535805076,-0.3673469387755102
-0.5833333333333334,-1.0,-0.19579165153466055,0.32653061224489793
0.8888888888888888,0.0,0.6236697590984626,0.2653061224489796
-0.4166666666666667,-1.0,-0.919112549110238,0.1836734693877551
-0.3611111111111111,0.0,-0.07531887263803141,0.0
0.8888888888888888,0.0,0.7337537279760529,-0.4489795918367347
-0.5555555555555556,0.0,0.6949497617396855,-0.3877551020408163
-0.25,-1.0,0.5053979992736637,0.3469387755102041
-0.6388888888888888,-1.0,0.43188396227453313,-0.5306122448979592
0.4444444444444444,-1.0,0.6421142989204002,0.08163265306122448
0.5833333333333334,0.0,-0.542155017773229,0.32653061224489793
-0.8055555555555556,-1.0,-0.24350974501194053,-0.42857142857142855
-0.16666666666666666,-1.0,0.13331572518075868,0.7959183673469388
0.05555555555555555,-1.0,0.9985913477940286,0.8163265306122449
-0.08333333333333333,0.0,0.23674161136606248,0.40816326530612246
-0.5277777777777778,-1.0,0.24248627114353946,0.6938775510204082
0.2222222222222222,0.0,-0.07054266125215974,0.9591836734693877
0.25,-1.0,0.413835605885525,0.08163265306122448
0.5,-1.0,0.46879505210912653,-0.5306122448979592
0.25,0.0,0.35312049478908736,0.12244897959183673
-0.19444444444444445,0.0,-0.5166452067307163,0.6326530612244898
-0.9166666666666666,-1.0,0.4536740510856527,-0.9795918367346939
-0.4166666666666667,0.0,0.2410776189375681,-0.5102040816326531
1.0,0.0,0.7376275215424741,0.5102040816326531
0.25,-1.0,0.4048224327863801,0.8367346938775511
0.6388888888888888,-1.0,-0.38027006504011357,0.8367346938775511
0.5555555555555556,0.0,-0.36816446014504717,-0.9591836734693877
-0.2777777777777778,0.0,-0.17158044174452772,-0.7142857142857143
-0.5277777777777778,0.0,-0.01487888892557254,0.10204081632653061
-0.1111111111111111,-1.0,-0.38425390956012634,0.04081632653061224
0.0,-1.0,-0.12594231129012734,0.24489795918367346
0.6111111111111112,0.0,0.6795316231415145,-0.7755102040816326
-0.9722222222222222,-1.0,0.8984339749303928,-0.8775510204081632
-0.4444444444444444,-1.0,-0.4875697447918386,0.6122448979591837
0.7777777777777778,0.0,0.8986870921236533,0.5102040816326531
-0.2222222222222222,-1.0,-0.7134823423244963,-0.3469387755102041
-0.1111111111111111,-1.0,-0.3516127967248836,-0.8571428571428571
0.5833333333333334,0.0,0.9283238139258476,0.24489795918367346
0.6666666666666666,0.0,-0.9015374118216735,0.5714285714285714
0.9722222222222222,0.0,-0.1146070630702015,0.6938775510204082
-1.0,0.0,-0.3437991790198862,-1.0204081632653061
0.5555555555555556,-1.0,-0.8346374371333928,0.8367346938775511
0.25,0.0,0.6870921236532515,0.6326530612244898
0.5555555555555556,0.0,0.2915249760639176,0.30612244897959184
0.3055555555555556,-1.0,0.1823434250057777,-0.7142857142857143
-0.8888888888888888,0.0,-0.3153179922304027,0.7959183673469388
0.5555555555555556,0.0,0.8749711116246822,0.5510204081632653
-0.1111111111111111,0.0,-0.24967259841306524,0.2857142857142857
0.3333333333333333,-1.0,-0.8938888705470633,0.0
0.4166666666666667,-1.0,0.8036030682205861,0.9387755102040817
-0.5555555555555556,0.0,0.9128396447555218,-1.0204081632653061
-0.2777777777777778,0.0,0.796900965146863,-0.673469387755102
0.027777777777777776,0.0,0.7206246492125854,-0.8775510204081632
0.8333333333333334,-1.0,-0.09475387104229258,-0.20408163265306123
0.7222222222222222,-1.0,-0.4053836926496968,0.12244897959183673
0.5833333333333334,0.0,-0.8140469037164207,-0.42857142857142855
-0.027777777777777776,0.0,0.6647517800741743,0.9183673469387755
0.2222222222222222,0.0,-0.7485775914248297,-0.12244897959183673
0.8888888888888888,0.0,0.14049104735492532,0.46938775510204084
-0.8333333333333334,-1.0,0.38510130190278097,-0.9387755102040817
0.4444444444444444,-1.0,-0.4961317089812583,0.5510204081632653
0.4444444444444444,-1.0,0.18454444407760792,-0.7346938775510204
0.5277777777777778,0.0,-0.6100124357577559,0.6938775510204082
0.9722222222222222,0.0,-0.06925506509513905,0.12244897959183673
-0.5555555555555556,-1.0,0.38409983822509824,-0.3877551020408163
0.8888888888888888,0.0,0.0115443450317497,0.20408163265306123
0.5,-1.0,0.8850187636875874,-0.04081632653061224
-0.5555555555555556,0.0,-0.19558255472283667,-0.8775510204081632
0.5833333333333334,0.0,-0.6583578196705074,-0.1836734693877551
-0.75,0.0,0.8493292394378598,-0.673469387755102
0.1111111111111111,0.0,-0.8120990018378509,-0.7959183673469388
0.4722222222222222,0.0,0.3510295266708486,0.40816326530612246
-0.19444444444444445,0.0,0.20399044757722826,-0.20408163265306123
-0.8333333333333334,0.0,0.8269888958587827,-0.08163265306122448
-0.8333333333333334,-1.0,0.32671927102248344,-0.8979591836734694
0.08333333333333333,0.0,0.27235409994827603,-0.3469387755102041
0.4166666666666667,0.0,-0.6587429980080778,-0.40816326530612246
0.8611111111111112,-1.0,-0.7945788900260821,-0.6326530612244898
0.3333333333333333,0.0,0.7254778962659711,0.0
0.4444444444444444,0.0,-0.2623504682668075,-0.02040816326530612
0.05555555555555555,0.0,-0.5509700991559092,0.30612244897959184
0.75,0.0,-0.47639957300230007,0.46938775510204084
0.6388888888888888,0.0,-0.8597180494568986,0.9591836734693877
-0.5833333333333334,0.0,-0.8741237192820276,0.24489795918367346
-0.5277777777777778,0.0,0.011940528464679146,-0.5510204081632653
-0.5833333333333334,-1.0,0.5339782319213796,0.5306122448979592
-0.8888888888888888,-1.0,0.5558563614953723,0.10204081632653061
0.9444444444444444,-1.0,0.11613677132512354,-0.5510204081632653
0.19444444444444445,0.0,-0.5786148986980972,0.6938775510204082
0.6666666666666666,-1.0,-0.6010652932307659,0.42857142857142855
0.8055555555555556,0.0,0.7098726710466946,-0.12244897959183673
-0.1388888888888889,0.0,-0.9171646472316682,0.10204081632653061
0.2777777777777778,-1.0,0.31426150307592415,0.6530612244897959
-0.7777777777777778,-1.0,-0.7986727854996863,-0.4897959183673469
-0.3055555555555556,-1.0,-0.6874442867047443,0.2653061224489796
-0.19444444444444445,0.0,-0.8767319268821464,0.4489795918367347
-0.5555555555555556,-1.0,0.7956353791805606,-0.7959183673469388
0.2222222222222222,0.0,0.4490739212255274,0.5102040816326531
0.8055555555555556,-1.0,0.3594154093345219,0.08163265306122448
-0.8611111111111112,-1.0,0.39448864824413704,-0.673469387755102
-0.7777777777777778,0.0,-0.42768001584733734,-0.42857142857142855
-0.8888888888888888,-1.0,0.5448842814222985,0.8571428571428571
0.8888888888888888,-1.0,0.5789230413681534,-0.7142857142857143
0.5833333333333334,-1.0,-0.18246448105472834,0.30612244897959184
0.6388888888888888,0.0,0.016023418842924273,-0.16326530612244897
-0.3611111111111111,0.0,0.7862480328392045,-0.12244897959183673
1.0,-1.0,-0.2186162193095403,0.2857142857142857
0.0,0.0,0.793555416157681,-0.32653061224489793
0.05555555555555555,-1.0,0.5408013910440534,-0.16326530612244897
0.5277777777777778,0.0,-0.7655584535640001,-0.24489795918367346
-0.7777777777777778,-1.0,0.33402665434095985,-1.0204081632653061
0.1111111111111111,-1.0,0.057248506058305,0.7959183673469388
0.5555555555555556,-1.0,0.13235828188451254,0.673469387755102
-0.6666666666666666,0.0,0.5941320831545005,0.08163265306122448
-0.5833333333333334,-1.0,0.5185270780371312,0.30612244897959184
0.75,0.0,-0.02462940341378058,0.061224489795918366
-0.4722222222222222,-1.0,0.2921412614040301,-0.1836734693877551
0.16666666666666666,0.0,-0.6774076397371983,-0.5510204081632653
-0.6388888888888888,0.0,0.2523908569667756,-0.5102040816326531
0.1111111111111111,0.0,-0.5624153983294266,-0.2653061224489796
-0.5277777777777778,-1.0,-0.8268678398098319,-0.16326530612244897
-0.8055555555555556,0.0,-0.15776904706879286,-0.6530612244897959
-0.9166666666666666,0.0,-0.9399121793390339,-0.16326530612244897
0.6111111111111112,-1.0,-0.6899424433512716,-0.5918367346938775
-0.027777777777777776,0.0,0.5620522301825746,0.02040816326530612
-0.6388888888888888,-1.0,-0.49461300582169543,0.24489795918367346
0.05555555555555555,0.0,0.015021955165241506,-0.8163265306122449
-0.05555555555555555,-1.0,-0.2603255307207237,0.9795918367346939
-0.6111111111111112,-1.0,-0.019203891401718996,-0.30612244897959184
-0.2222222222222222,-1.0,-0.3784542243058536,-0.6938775510204082
-0.4722222222222222,0.0,-0.54862601384441,0.20408163265306123
0.6666666666666666,-1.0,-0.07194030836277196,-0.04081632653061224
-0.5555555555555556,0.0,0.9895121441227288,0.8163265306122449
-0.3333333333333333,-1.0,-0.8429352790341929,0.8163265306122449
-0.8055555555555556,-1.0,0.56950267974072,1.0
-0.9166666666666666,0.0,0.118425831159827,0.5510204081632653
0.4722222222222222,-1.0,-0.3040157592965543,0.5510204081632653
-0.027777777777777776,-1.0,-0.4413153289973258,-0.5918367346938775
0.3888888888888889,-1.0,0.09468784047013767,-0.8979591836734694
-0.5277777777777778,-1.0,0.6680863239679972,-0.8571428571428571
-1.0,-1.0,0.3694960766835045,-1.0
-0.6388888888888888,-1.0,0.050469367317067804,-0.9183673469387755
0.3888888888888889,0.0,0.1479084816269933,-0.7959183673469388
0.4166666666666667,-1.0,0.44807245754784464,-0.16326530612244897
0.1111111111111111,-1.0,0.8772711765547448,-0.3673469387755102
0.5,-1.0,0.5814982336821949,0.6938775510204082
-0.08333333333333333,-1.0,0.9333641476003389,0.16326530612244897
-0.9444444444444444,-1.0,0.23372621523765502,0.7346938775510204
0.8055555555555556,-1.0,0.27389481329855725,0.5510204081632653
-0.19444444444444445,0.0,0.15137508666512595,0.9795918367346939
0.16666666666666666,-1.0,-0.20539909978319962,-0.5102040816326531
-0.6388888888888888,-1.0,0.9558695676098034,0.5306122448979592
-0.3888888888888889,0.0,-0.6774296499279167,-0.7959183673469388
-0.9166666666666666,0.0,-0.1834219243509745,-0.20408163265306123
0.8888888888888888,-1.0,-0.36288201437265455,0.9387755102040817
-0.3055555555555556,-1.0,-0.3207545093378234,0.40816326530612246
-0.8055555555555556,-1.0,0.8273630691009938,0.1836734693877551
-0.6666666666666666,0.0,0.29217427669010754,0.5714285714285714
-0.1111111111111111,0.0,-0.5623273575665533,0.7551020408163265
-0.1111111111111111,-1.0,0.6197409400552456,-0.14285714285714285
-0.25,0.0,-0.12557914314327534,-0.673469387755102
0.6388888888888888,-1.0,-0.7282071599150407,1.0
0.19444444444444445,0.0,-0.2772733775738167,-0.6530612244897959
0.7222222222222222,0.0,0.37885040773878303,-0.7551020408163265
0.6666666666666666,-1.0,-0.6041247097406099,-0.7551020408163265
-0.7777777777777778,0.0,-0.5520816137871835,0.42857142857142855
0.5,0.0,0.5769861445849428,0.9387755102040817
-0.9166666666666666,-1.0,0.21338879901394345,0.20408163265306123
-0.1388888888888889,0.0,0.6194548075759077,0.46938775510204084
-0.6944444444444444,0.0,0.595914908602683,-0.5918367346938775
0.8055555555555556,-1.0,0.32205311059020325,-0.6530612244897959
0.6111111111111112,0.0,-0.5387874585933287,0.673469387755102
-0.08333333333333333,0.0,0.3601307405328667,-0.4897959183673469
-0.2222222222222222,-1.0,0.1120098605654418,-0.46938775510204084
-0.5555555555555556,0.0,-0.33183664036448873,-0.7755102040816326
-0.6111111111111112,-1.0,0.09418160608361671,-0.8571428571428571
0.2222222222222222,0.0,-0.6387797550265774,-0.9387755102040817
-0.1111111111111111,0.0,0.7758702279155248,-0.02040816326530612
0.3888888888888889,0.0,-0.6173308241715915,1.0
0.8333333333333334,0.0,0.85334609924395,0.12244897959183673
-0.9444444444444444,-1.0,0.9054662308648904,-0.8367346938775511
0.8888888888888888,-1.0,-0.3960513717851365,0.3877551020408163
-0.6944444444444444,0.0,0.1364301671673985,0.2857142857142857
-0.6944444444444444,-1.0,0.6422133447786325,-0.02040816326530612
-0.3888888888888889,0.0,0.7200964046353462,0.3673469387755102
0.9722222222222222,0.0,0.49667095865385674,0.5510204081632653
0.6388888888888888,-1.0,0.45727271726809515,0.4489795918367347
0.8055555555555556,-1.0,0.9559686134680357,0.46938775510204084
0.8888888888888888,0.0,-0.6608999966984714,-0.6938775510204082
-0.5277777777777778,0.0,-0.6504451561072777,-0.5714285714285714
-0.75,0.0,-0.658765008198796,-0.673469387755102
0.4722222222222222,0.0,-0.550375824006515,-0.22448979591836735
-0.1111111111111111,0.0,-0.2559455027677815,-0.32653061224489793
0.4722222222222222,0.0,0.8871867674733401,0.0
0.9166666666666666,-1.0,0.16849901504396536,0.4897959183673469
0.9722222222222222,0.0,0.6085267478842704,0.6530612244897959
0.5833333333333334,0.0,-0.3231095997446818,-0.9183673469387755
0.05555555555555555,-1.0,-0.6587870183895144,-0.14285714285714285
-0.4166666666666667,0.0,-0.9660602859123775,0.6122448979591837
0.6666666666666666,-1.0,-0.15618431333707505,-0.6530612244897959
0.5,-1.0,-0.7197002212024167,-0.5306122448979592
0.8888888888888888,0.0,0.2829850220652162,-0.7551020408163265
0.9166666666666666,-1.0,-0.831963198961119,-0.061224489795918366
0.08333333333333333,-1.0,-0.18827517140436023,-0.24489795918367346
-0.6388888888888888,-1.0,-0.44362639902274753,-0.7551020408163265
0.8611111111111112,-1.0,-0.6397371983228235,0.32653061224489793
-1.0,0.0,-0.11904211649993947,0.1836734693877551
0.6388888888888888,0.0,0.3249474506696601,-0.30612244897959184
-0.9166666666666666,-1.0,0.35806178260534627,-0.2653061224489796
0.7222222222222222,-1.0,-0.9386575984680907,0.9183673469387755
-0.027777777777777776,0.0,0.14800752748522567,-0.6530612244897959
0.6944444444444444,-1.0,-0.4763665577162226,-0.6122448979591837
0.1111111111111111,-1.0,-0.3216129067758372,-0.14285714285714285
0.25,-1.0,-0.4577569414638978,0.02040816326530612
1.0,-1.0,-0.774780723474969,-0.9183673469387755
0.6111111111111112,-1.0,-0.5684021702048049,-0.8571428571428571
-0.75,-1.0,-0.5051889024618398,-0.12244897959183673
-0.25,0.0,0.12215655848657929,-0.8979591836734694
-0.16666666666666666,-1.0,0.7415233252996137,-0.5510204081632653
-0.5833333333333334,0.0,0.5330978242926475,-0.5918367346938775
-0.19444444444444445,0.0,0.1300802271451682,0.02040816326530612
0.5555555555555556,-1.0,0.8047475981379378,-0.1836734693877551
0.75,-1.0,-0.38927223304389935,-0.46938775510204084
0.027777777777777776,0.0,-0.12986012523798518,0.8367346938775511
0.4722222222222222,0.0,0.8834890554326653,0.6530612244897959
0.3611111111111111,0.0,0.9794204716783871,0.2857142857142857
-0.8333333333333334,-1.0,-0.27046122354650204,-0.8775510204081632
0.0,-1.0,-0.8242046067329173,0.40816326530612246
-0.9166666666666666,-1.0,-0.7416113660624869,0.02040816326530612
-0.4444444444444444,0.0,-0.21976074922689204,0.5306122448979592
-0.3333333333333333,-1.0,0.3450427547954703,-0.8775510204081632
-0.2222222222222222,0.0,0.4596278076749535,0.42857142857142855
0.8055555555555556,-1.0,0.4838060021790089,-0.061224489795918366
0.8888888888888888,0.0,0.2777906170556968,-0.42857142857142855
0.6944444444444444,0.0,0.6169676560247395,-0.2653061224489796
-0.75,0.0,0.6722572551091155,-0.1836734693877551
0.08333333333333333,-1.0,-0.41425379950917274,0.6530612244897959
-0.08333333333333333,-1.0,0.9495966632550871,-0.2653061224489796
-0.9722222222222222,-1.0,0.7774989820286793,0.40816326530612246
-0.3333333333333333,0.0,-0.9280486865418689,-0.6938775510204082
-0.9444444444444444,0.0,0.25173055124522653,0.3673469387755102
-0.4444444444444444,0.0,0.18879241088624032,0.8979591836734694
0.8055555555555556,-1.0,0.6871031287486106,-0.8367346938775511
-0.4166666666666667,0.0,0.8996555405152585,-0.8979591836734694
-0.8611111111111112,-1.0,-0.06232185501887374,0.1836734693877551
0.1388888888888889,-1.0,0.7992010300769257,-0.3673469387755102
0.5,-1.0,0.19605577382328018,0.7755102040816326
-0.5,0.0,0.4242024057138455,-0.10204081632653061
-0.5277777777777778,0.0,0.0851464227937535,0.5918367346938775
-0.5,0.0,0.5255593339716289,0.42857142857142855
0.027777777777777776,0.0,-0.18487459693838246,-0.8979591836734694
0.8888888888888888,-1.0,0.5243487734821223,-0.1836734693877551
0.5833333333333334,0.0,0.8902902043646208,-0.8775510204081632
-0.9166666666666666,0.0,0.8191092475816303,0.5918367346938775
0.5277777777777778,0.0,-0.9751174793929589,0.6326530612244898
0.4166666666666667,0.0,-0.0696952689095051,-0.8571428571428571
0.05555555555555555,0.0,0.19997358777113805,0.10204081632653061
-0.1388888888888889,0.0,0.10340387599458549,-1.0204081632653061
-0.4166666666666667,0.0,0.6036294804494481,-0.40816326530612246
-0.3333333333333333,0.0,0.7764534979695599,-0.24489795918367346
-0.9166666666666666,0.0,0.6822718918859432,-0.46938775510204084
-0.7222222222222222,0.0,0.8796922975337581,-0.5510204081632653
0.8333333333333334,-1.0,-0.2454576468905103,-0.6122448979591837
-0.5833333333333334,0.0,0.1418776893701784,-0.7551020408163265
-0.5,-1.0,-0.9227112152926805,-1.0204081632653061
0.8611111111111112,0.0,-0.05513552774934795,-0.12244897959183673
-0.6388888888888888,-1.0,-0.6235266928587936,-0.7551020408163265
0.6666666666666666,-1.0,0.17297808885513993,-0.3469387755102041
0.9166666666666666,0.0,-0.8640210417423267,-0.6530612244897959
-0.6111111111111112,-1.0,0.07597917835958048,0.24489795918367346
-0.3888888888888889,0.0,0.7958664861831027,0.4489795918367347
-0.5833333333333334,-1.0,0.8065524337768387,-0.10204081632653061
0.3055555555555556,-1.0,0.2851970462324056,-0.5510204081632653
-0.1111111111111111,0.0,-0.03241000583270054,-0.4489795918367347
-0.8611111111111112,-1.0,0.46964244445178116,-0.4489795918367347
-0.8888888888888888,-1.0,-0.5360251796581817,0.2857142857142857
-0.6666666666666666,-1.0,-0.8582323615834131,0.12244897959183673
-0.2222222222222222,-1.0,0.48839512694377496,-0.16326530612244897
-0.08333333333333333,0.0,-0.9606017586142384,-0.3673469387755102
-0.7777777777777778,0.0,0.41681798672785497,0.02040816326530612
-0.5833333333333334,0.0,0.9549561446949938,0.2857142857142857
0.05555555555555555,-1.0,0.2765580463754718,-0.42857142857142855
-0.6388888888888888,-1.0,-0.14195472503769246,0.7755102040816326
-0.9444444444444444,0.0,-0.5034060770136574,0.10204081632653061
0.08333333333333333,0.0,-0.1636347628952205,-0.24489795918367346
0.16666666666666666,-1.0,0.2068957927520442,-0.3673469387755102
-1.0,0.0,0.18174914985638352,-0.30612244897959184
-0.4166666666666667,0.0,0.07497771468189772,-0.5714285714285714
0.0,0.0,-0.05517954813078455,-0.7959183673469388
0.8888888888888888,0.0,-0.8579462291040751,-0.04081632653061224
-0.3333333333333333,-1.0,-0.9173187185666963,-0.16326530612244897
0.9166666666666666,0.0,-0.005161389723441954,-0.40816326530612246
-0.027777777777777776,-1.0,0.11189980961185028,0.2653061224489796
-0.6388888888888888,-1.0,0.9355981819582466,-0.4897959183673469
0.8888888888888888,-1.0,0.5894769278175795,0.46938775510204084
0.1388888888888889,0.0,-0.5870007813617705,0.9795918367346939
0.2222222222222222,-1.0,-0.6120703885899171,-0.32653061224489793
-0.2777777777777778,0.0,0.980576006691098,-0.02040816326530612
-0.3611111111111111,-1.0,-0.4772469653449547,0.30612244897959184
0.7222222222222222,0.0,0.1726039156129288,-0.7142857142857143
0.6388888888888888,0.0,0.23881056929358294,-0.10204081632653061
-0.3888888888888889,-1.0,-0.4827605181198895,-0.24489795918367346
-0.16666666666666666,-1.0,-0.39618343292944636,0.9183673469387755
0.25,-1.0,-0.8007747587132843,0.8979591836734694
-0.25,0.0,-0.5369055872869138,-0.2653061224489796
-0.2222222222222222,-1.0,0.5931086092860994,0.4897959183673469
0.6666666666666666,0.0,0.7206576644986629,0.16326530612244897
0.8611111111111112,-1.0,-0.25625364543783774,0.32653061224489793
0.9722222222222222,0.0,0.04640848712954098,0.2857142857142857
-0.5,0.0,-0.979343436010873,-0.3877551020408163
-0.08333333333333333,-1.0,0.5349136650269074,0.42857142857142855
-0.8888888888888888,-1.0,0.1073106848470842,-0.5918367346938775
-0.9722222222222222,0.0,-0.45602914149251106,-0.08163265306122448
-0.8888888888888888,-1.0,0.9358843144375846,-0.5510204081632653
-0.08333333333333333,0.0,-0.4895836772425633,0.10204081632653061
-0.5833333333333334,0.0,-0.5493633552334731,-0.1836734693877551
-0.6944444444444444,0.0,-0.4346682514003984,0.8979591836734694
0.25,-1.0,0.531755202658831,0.9795918367346939
0.16666666666666666,0.0,-0.1671784036008672,0.7346938775510204
-0.2777777777777778,0.0,-0.06097923338505728,0.30612244897959184
0.3611111111111111,-1.0,0.47730199082175045,-0.9591836734693877
0.3055555555555556,-1.0,0.15079181661109092,-0.061224489795918366
-0.6111111111111112,-1.0,0.5325915899061265,0.6122448979591837
0.6944444444444444,-1.0,0.6241980036757019,0.32653061224489793
-0.027777777777777776,-1.0,-0.36841757733830766,0.2857142857142857
0.9722222222222222,0.0,-0.3128968712513894,-0.7959183673469388
0.5,0.0,0.27381777763104315,0.6326530612244898
-0.1388888888888889,-1.0,-0.14806255296202142,0.46938775510204084
0.027777777777777776,0.0,-0.414782044086412,0.40816326530612246
-0.1111111111111111,-1.0,0.48704150021459935,0.2653061224489796
-0.25,0.0,0.01742106595353649,-0.8979591836734694
0.9722222222222222,-1.0,0.6587760132941552,-0.6938775510204082
-0.7777777777777778,-1.0,0.22390967017729207,-0.5102040816326531
0.3611111111111111,0.0,-0.4677165527639297,-0.5918367346938775
-0.3611111111111111,0.0,0.08756754377276679,-0.9795918367346939
-0.3888888888888889,0.0,-0.28005766669968196,-0.32653061224489793
0.19444444444444445,0.0,0.8359580485764909,-0.7346938775510204
0.8333333333333334,0.0,0.11303333443384286,0.3673469387755102
0.1388888888888889,-1.0,-0.46273124456623416,-0.12244897959183673
0.75,0.0,0.9180890752418369,0.16326530612244897
0.7222222222222222,0.0,0.4251488439147325,-0.9591836734693877
-0.5,0.0,0.6343557066921985,0.5306122448979592
0.6666666666666666,-1.0,0.3363267192710225,-0.7551020408163265
0.5833333333333334,-1.0,0.6001518703159563,0.30612244897959184
0.7222222222222222,-1.0,0.7126459550772007,0.08163265306122448
0.9444444444444444,0.0,-0.822069618233242,-0.5918367346938775
0.8888888888888888,0.0,0.7232218517173451,-0.3469387755102041
0.3611111111111111,0.0,0.3815686662924934,0.9183673469387755
0.1388888888888889,0.0,-0.13693640155391945,0.061224489795918366
0.9722222222222222,-1.0,0.4467738562954648,0.673469387755102
0.5833333333333334,0.0,-0.3191587705107465,-0.9387755102040817
0.6388888888888888,-1.0,0.18765888606424774,-0.8979591836734694
-0.7777777777777778,-1.0,-0.9774175443230215,-0.2653061224489796
-0.05555555555555555,-1.0,-0.15812121012028568,-0.4489795918367347
0.2777777777777778,0.0,0.5236884677605731,-0.30612244897959184
-0.19444444444444445,-1.0,0.9178689733346539,0.24489795918367346
0.8611111111111112,-1.0,-0.18571098418567797,-0.5102040816326531
0.3611111111111111,0.0,-0.6512375229731365,0.8367346938775511
-0.8055555555555556,0.0,-0.8840613203913412,0.9387755102040817
-0.1388888888888889,-1.0,-0.9684924119867498,0.2857142857142857
0.9444444444444444,-1.0,0.35605885524998077,0.8775510204081632
-0.3055555555555556,0.0,-0.37964277460464196,-0.2653061224489796
-0.9722222222222222,-1.0,0.5448732763269394,0.9591836734693877
-0.1388888888888889,-1.0,-0.14572947274588136,0.6938775510204082
-0.6111111111111112,0.0,-0.7906940913643017,0.04081632653061224
-0.5833333333333334,0.0,-0.49901504396535595,-0.5102040816326531
-0.7777777777777778,0.0,-0.8480306381854799,0.4897959183673469
0.6111111111111112,0.0,-0.0466065788460057,0.04081632653061224
-0.19444444444444445,-1.0,0.9065337251147281,-0.6938775510204082
0.5,-1.0,-0.1629084266015165,-0.1836734693877551
-0.027777777777777776,0.0,0.609803338945932,0.673469387755102
-0.9166666666666666,-1.0,-0.3552554832887627,-0.12244897959183673
0.9722222222222222,0.0,0.8720327511637889,-0.6122448979591837
-0.5,0.0,0.4540482243278638,0.3673469387755102
0.2777777777777778,-1.0,0.33940814597158486,-0.4897959183673469
0.3055555555555556,-1.0,-0.6253535386884127,0.32653061224489793
-0.1111111111111111,0.0,0.7914974633255197,0.16326530612244897
0.4444444444444444,0.0,0.010124687730419184,-0.5918367346938775
0.0,0.0,-0.3860697502943863,-0.04081632653061224
0.2222222222222222,0.0,0.8384121848415816,0.2857142857142857
0.5833333333333334,-1.0,0.5562525449283018,0.32653061224489793
-0.3888888888888889,0.0,0.9945194625111426,-0.12244897959183673
-0.05555555555555555,-1.0,-0.42000946438200887,-0.8163265306122449
-0.7222222222222222,-1.0,-0.47457272717268095,-0.3877551020408163
-0.8888888888888888,0.0,-0.09080304180835727,0.30612244897959184
-0.5277777777777778,0.0,0.3075483949068419,0.3469387755102041
-0.8055555555555556,-1.0,-0.7567983976581157,-0.2653061224489796
0.9166666666666666,0.0,-0.3238579462291041,-0.3877551020408163
-0.6944444444444444,-1.0,-0.5592239206752726,-0.08163265306122448
0.027777777777777776,0.0,0.0397393993418953,0.16326530612244897
0.0,0.0,0.2698119229203121,-0.6122448979591837
-0.4722222222222222,-1.0,-0.09869369518086875,-0.9387755102040817
-0.3055555555555556,-1.0,0.16118062663012975,0.46938775510204084
-0.4444444444444444,0.0,-0.5485049577954593,-0.1836734693877551
-0.8055555555555556,0.0,-0.12857252908096448,-0.8571428571428571
-0.9722222222222222,-1.0,0.7354925330427988,-0.9183673469387755
0.8888888888888888,-1.0,-0.7395424081349665,0.9183673469387755
-0.5555555555555556,0.0,-0.7413692539645856,-0.02040816326530612
0.4444444444444444,-1.0,-0.2846137761783706,0.9183673469387755
-0.25,0.0,-0.4635126063367339,-0.673469387755102
-0.6666666666666666,0.0,-0.37822311730331143,0.8163265306122449
0.4444444444444444,0.0,0.5041544234980796,0.7551020408163265
-0.4722222222222222,0.0,0.6579836464282963,-0.4897959183673469
0.19444444444444445,0.0,-0.795591358799124,0.42857142857142855
-0.3611111111111111,-1.0,-0.7702576292823577,-0.673469387755102
-0.027777777777777776,0.0,0.02915249760639176,-1.0
0.8333333333333334,0.0,-0.2632308758955396,0.6530612244897959
-0.5277777777777778,-1.0,-0.6813914842572111,-0.3469387755102041
-0.1388888888888889,0.0,-0.9795195175366195,0.20408163265306123
-0.6666666666666666,-1.0,-0.3909780228245678,0.46938775510204084
-0.1388888888888889,0.0,0.34462456117182255,-0.7346938775510204
0.9166666666666666,0.0,-0.24825294111173474,-0.3877551020408163
0.5277777777777778,-1.0,-0.09158440357885701,0.9183673469387755
0.2222222222222222,0.0,0.3956661934475662,-0.7346938775510204
0.3611111111111111,0.0,0.6222170865110547,-0.6530612244897959
-0.1388888888888889,0.0,-0.5252842065876501,-0.5102040816326531
0.3888888888888889,-1.0,0.08386983173209196,-0.2857142857142857
-0.25,0.0,-0.8026566300196991,0.8367346938775511
0.08333333333333333,-1.0,-0.6708926232845808,-0.3469387755102041
0.08333333333333333,-1.0,0.6890730408178987,0.3877551020408163
-0.25,-1.0,-0.33934211539942993,0.5306122448979592
-0.7777777777777778,-1.0,0.2908646703423685,0.8163265306122449
-0.19444444444444445,0.0,0.8052538325244588,-0.9387755102040817
-0.7777777777777778,0.0,0.7450119405284646,-1.0204081632653061
0.7222222222222222,0.0,0.8516623196539999,0.46938775510204084
0.9444444444444444,-1.0,-0.42498376748434524,0.3673469387755102
0.5555555555555556,0.0,0.7316737649531733,0.5306122448979592
0.75,0.0,0.6802029339584228,0.40816326530612246
0.9444444444444444,0.0,0.32368186470335764,0.14285714285714285
-0.6388888888888888,0.0,0.9235365974446168,-0.20408163265306123
-0.3333333333333333,-1.0,-0.7259291051756963,0.8367346938775511
0.5,0.0,-0.1364081569766802,-0.8571428571428571
-0.5277777777777778,-1.0,0.2592690415662452,-0.7346938775510204
-1.0,0.0,0.5532371487998944,-0.7959183673469388
0.5833333333333334,-1.0,-0.6388347805033731,-0.3877551020408163
0.7222222222222222,0.0,0.49729824908932835,0.8979591836734694
0.05555555555555555,-1.0,0.8032619102644525,0.9795918367346939
0.08333333333333333,-1.0,-0.1703148557782253,0.16326530612244897
-0.5277777777777778,0.0,-0.040751868114937216,0.9183673469387755
-0.3055555555555556,0.0,-0.5040003521630515,0.673469387755102
0.6111111111111112,0.0,-0.7674293197750558,-0.32653061224489793
0.3055555555555556,-1.0,0.5778995674997524,-0.7755102040816326
-0.05555555555555555,0.0,-0.15669054772359603,0.673469387755102
0.4166666666666667,-1.0,-0.33836266191246545,-0.2857142857142857
0.8611111111111112,0.0,-0.23257068022494415,0.7551020408163265
0.4444444444444444,0.0,0.24264034247856758,0.8367346938775511
0.1388888888888889,-1.0,-0.14785345615019754,-0.8775510204081632
-0.8333333333333334,0.0,0.7389591380809315,0.6938775510204082
-0.1111111111111111,-1.0,-0.019776156360394863,-0.8367346938775511
-0.4444444444444444,0.0,-0.9313832304356917,0.3469387755102041
-0.7777777777777778,-1.0,0.632429815004347,-0.16326530612244897
-0.4444444444444444,-1.0,-0.8713064148700849,0.40816326530612246
0.4166666666666667,0.0,0.7541681798672786,0.14285714285714285
-0.8611111111111112,0.0,0.8912036272794304,0.9795918367346939
-0.5555555555555556,-1.0,0.9824358678067946,0.9183673469387755
0.08333333333333333,-1.0,-0.6995168763137333,0.5306122448979592
0.6944444444444444,0.0,0.16009112218957378,0.9387755102040817
0.9444444444444444,0.0,-0.048356389008110755,-0.5918367346938775
0.0,0.0,-0.8239294793489386,-0.3877551020408163
-0.3333333333333333,0.0,-0.9752385354419096,-0.24489795918367346
0.9722222222222222,0.0,-0.8358259874321811,0.22448979591836735
-0.6111111111111112,-1.0,-0.23117303311433193,-0.14285714285714285
0.3888888888888889,0.0,0.20866761310486756,-0.30612244897959184
-0.19444444444444445,-1.0,-0.7625760727216702,-0.22448979591836735
-0.3333333333333333,-1.0,0.7851365182079303,0.7959183673469388
-0.8611111111111112,-1.0,-0.16324958455765018,0.40816326530612246
0.8611111111111112,0.0,0.3849142152816754,0.20408163265306123
-0.3888888888888889,-1.0,0.0005722649586758669,-0.1836734693877551
0.3333333333333333,0.0,-0.09628357929721461,-0.24489795918367346
0.7777777777777778,0.0,0.4458934486667327,0.6326530612244898
0.08333333333333333,0.0,0.18641531028866365,-0.22448979591836735
0.027777777777777776,-1.0,0.7812297093554316,-0.5714285714285714
-0.2222222222222222,-1.0,-0.8435405592789461,0.673469387755102
-0.6388888888888888,-1.0,-0.6330901207258961,-0.5714285714285714
-0.5833333333333334,0.0,-0.0577437353494668,0.5306122448979592
-0.16666666666666666,-1.0,0.6758339111008397,0.7551020408163265
0.4444444444444444,0.0,0.6997259731255572,-0.9795918367346939
0.1388888888888889,0.0,0.18741677396634643,-0.7755102040816326
0.9444444444444444,-1.0,0.654616087248396,-0.5714285714285714
-0.8333333333333334,-1.0,-0.6947626751185799,0.5102040816326531
-0.1388888888888889,0.0,-0.1551828496593923,-0.9387755102040817
0.0,-1.0,0.18772491663640264,0.32653061224489793
1.0,-1.0,-0.8697326862337262,1.0
-0.5555555555555556,0.0,-0.10524172691956375,0.22448979591836735
-0.25,0.0,0.5089526450746695,0.20408163265306123
0.8611111111111112,0.0,0.059702642323395734,-0.673469387755102
-0.7777777777777778,0.0,0.014625771732312061,0.12244897959183673
0.5277777777777778,0.0,-0.9515775804197344,0.12244897959183673
0.3055555555555556,-1.0,-0.176037505364984,0.3673469387755102
0.0,0.0,-0.4732851310156603,0.8367346938775511
0.08333333333333333,0.0,-0.5567587793148228,0.5102040816326531
-0.05555555555555555,0.0,0.5551300252016683,0.14285714285714285
1.0,-1.0,-0.5517404558310498,-0.7551020408163265
0.8611111111111112,-1.0,0.9243949948826307,-0.5510204081632653
-0.3888888888888889,0.0,-0.8131444858969703,-0.8163265306122449
-0.8611111111111112,-1.0,0.46866299096481673,-0.08163265306122448
-0.2222222222222222,-1.0,-0.4615647044581641,-0.16326530612244897
0.3611111111111111,-1.0,-0.26740180703665795,-0.6326530612244898
0.19444444444444445,-1.0,-0.5617991129893141,0.46938775510204084
-0.3611111111111111,-1.0,-0.16304048774582633,-0.9183673469387755
-0.8888888888888888,0.0,0.2990194460034996,0.8163265306122449
-0.08333333333333333,0.0,0.6431597829795195,0.42857142857142855
0.2777777777777778,0.0,-0.34663849362254723,0.40816326530612246
-0.3611111111111111,0.0,0.5365754344261393,-0.6122448979591837
0.6111111111111112,-1.0,0.369242959490244,0.40816326530612246
0.5,-1.0,-0.4828815741688402,-0.24489795918367346
0.7777777777777778,-1.0,0.46843188396227453,-0.8979591836734694
-0.6666666666666666,0.0,-0.3467815598622162,-0.3673469387755102
0.5555555555555556,-1.0,0.25133436781229707,0.04081632653061224
0.5,0.0,0.4697304852146544,0.4897959183673469
-0.6111111111111112,0.0,-0.3250795118139699,0.6122448979591837
0.4166666666666667,-1.0,0.5529069959391198,-0.3673469387755102
-0.08333333333333333,0.0,0.7018499565298734,-0.7755102040816326
-0.8611111111111112,0.0,0.7567653823720383,-0.08163265306122448
-0.25,0.0,0.5060803151859311,0.5102040816326531
-0.7222222222222222,0.0,0.493996720481583,0.7346938775510204
0.2777777777777778,-1.0,0.49196077784014,-0.42857142857142855
0.5277777777777778,-1.0,-0.26788603123246063,-0.9387755102040817
-0.4722222222222222,-1.0,-0.14940517459583788,-0.5306122448979592
0.5277777777777778,0.0,0.8460057006393961,-0.6122448979591837
0.16666666666666666,0.0,0.13650720283491258,0.08163265306122448
-0.6666666666666666,0.0,0.707649641784146,0.10204081632653061
-0.3333333333333333,0.0,0.7285923382526109,0.7142857142857143
-0.6388888888888888,-1.0,-0.19877403237699054,-0.04081632653061224
-0.9166666666666666,0.0,-0.909648167101368,0.7755102040816326
0.3333333333333333,-1.0,0.7796449756237138,0.8571428571428571
0.9722222222222222,0.0,-0.3539238667503054,0.3469387755102041
-0.8888888888888888,-1.0,-0.8742667855216966,0.5510204081632653
0.6666666666666666,-1.0,0.8598831258872858,-0.8775510204081632
-0.6388888888888888,0.0,0.745474154533549,-0.5510204081632653
0.16666666666666666,-1.0,-0.6719931328204959,-0.5918367346938775
-0.19444444444444445,0.0,-0.9245490662176588,-0.6938775510204082
-0.3055555555555556,0.0,0.5150604729989985,0.5714285714285714
-0.8055555555555556,0.0,-0.07223744593746904,-0.6326530612244898
-0.7777777777777778,0.0,0.4336557826273565,0.6938775510204082
0.1388888888888889,-1.0,0.09462180989798277,-0.8163265306122449
-0.5833333333333334,-1.0,-0.08708331957696414,-0.40816326530612246
-0.8055555555555556,0.0,-0.18200226704964398,0.5510204081632653
0.5833333333333334,0.0,0.5673126657642489,0.42857142857142855
0.2222222222222222,0.0,-0.6345537984086632,0.16326530612244897
-0.08333333333333333,-1.0,-0.6055223568512221,0.5510204081632653
-0.4444444444444444,0.0,0.6188165120450768,-0.3877551020408163
0.08333333333333333,0.0,0.9852091518373006,0.30612244897959184
-0.9166666666666666,0.0,-0.7200193689678321,-0.8163265306122449
0.1111111111111111,0.0,-0.30896805220817236,-0.22448979591836735
0.2777777777777778,-1.0,-0.4620709388446851,0.8163265306122449
0.8888888888888888,-1.0,-0.22965432995476906,0.2653061224489796
-0.8333333333333334,-1.0,-0.7870734149911409,-0.9591836734693877
0.19444444444444445,-1.0,-0.026896453057765744,-0.6938775510204082
0.7222222222222222,-1.0,-0.33990337526274667,-0.5714285714285714
-0.8888888888888888,-1.0,0.4513299657741534,0.7142857142857143
-0.5277777777777778,0.0,-0.02984581861401829,0.12244897959183673
-0.4444444444444444,-1.0,-0.8893437661637338,0.7959183673469388
0.1111111111111111,0.0,-0.2026258157526935,0.9183673469387755
-0.9444444444444444,-1.0,0.1098858771611256,-0.7142857142857143
0.5555555555555556,-1.0,0.9983162204100499,-0.5306122448979592
0.8611111111111112,0.0,-0.9622745331088294,0.5510204081632653
-0.8055555555555556,-1.0,-0.10306271803845181,-0.7551020408163265
-0.8888888888888888,-1.0,-0.3691108983459342,0.7346938775510204
0.05555555555555555,-1.0,0.13032233924306955,0.5918367346938775
0.16666666666666666,0.0,-0.6069200039618343,-0.5102040816326531
0.4722222222222222,-1.0,-0.7256759879824358,-0.10204081632653061
0.05555555555555555,0.0,-0.593295695907205,-0.40816326530612246
-0.6666666666666666,-1.0,-0.8693805231822334,0.7346938775510204
-0.3333333333333333,0.0,0.2031210450438553,0.42857142857142855
-0.75,-1.0,-0.4551487338637789,-0.02040816326530612
0.2777777777777778,-1.0,0.30492918221136384,0.42857142857142855
0.19444444444444445,-1.0,-0.6915711974644261,0.32653061224489793
-0.4166666666666667,-1.0,0.7569414638977847,0.6938775510204082
0.1111111111111111,0.0,0.2155237875136188,0.40816326530612246
-0.6944444444444444,-1.0,0.07326091980587011,0.9591836734693877
-0.7777777777777778,-1.0,-0.3726875543376583,0.9591836734693877
-0.5555555555555556,-1.0,0.8203528233572144,-0.4489795918367347
-0.5,-1.0,-0.5659370288443549,0.8775510204081632
1.0,-1.0,0.836838456205223,-0.8367346938775511
-0.4444444444444444,-1.0,-0.3679003378564275,-0.1836734693877551
0.1388888888888889,0.0,-0.3316275435526649,0.6122448979591837
0.6944444444444444,-1.0,-0.33288212442360815,0.7142857142857143
0.25,0.0,0.21105571879780338,0.7959183673469388
-1.0,0.0,0.30243102556483653,-0.5306122448979592
-0.9166666666666666,-1.0,0.20744604752000176,-0.9183673469387755
0.4444444444444444,0.0,0.02325376649388667,0.2653061224489796
-0.2777777777777778,0.0,0.9843177391132094,-0.02040816326530612
0.2222222222222222,0.0,-0.29657631483376806,-0.24489795918367346
0.1111111111111111,-1.0,-0.07852135538754443,-0.5510204081632653
-0.9166666666666666,0.0,0.9067538270219111,-0.4489795918367347
0.4166666666666667,0.0,-0.9805650015957388,-0.7346938775510204
0.6388888888888888,0.0,-0.9658291789098352,-0.7755102040816326
0.1111111111111111,0.0,-0.966247372533483,-0.6122448979591837
-0.7222222222222222,-1.0,0.5614579550331804,-0.20408163265306123
0.4166666666666667,0.0,0.6389118161708871,0.9591836734693877
0.9444444444444444,-1.0,0.30348751471931507,-0.24489795918367346
0.5833333333333334,-1.0,0.9456018136397152,0.6122448979591837
-0.4722222222222222,0.0,-0.3087589553963485,0.16326530612244897
-0.9722222222222222,0.0,-0.14604862051129672,0.30612244897959184
0.16666666666666666,-1.0,0.8296411238403381,-0.32653061224489793
-0.4166666666666667,0.0,0.13607800411590568,0.8367346938775511
0.05555555555555555,0.0,-0.4613446025509811,-0.02040816326530612
0.6388888888888888,0.0,-0.3427316847700485,0.46938775510204084
0.9444444444444444,0.0,0.708155876170667,0.40816326530612246
-0.3055555555555556,-1.0,0.09045087875686443,0.673469387755102
-0.1111111111111111,0.0,-0.2828419558255472,-0.46938775510204084
-0.8611111111111112,-1.0,0.8558552609858364,0.32653061224489793
-0.2222222222222222,0.0,-0.2078422309529312,0.7551020408163265
0.3333333333333333,-1.0,-0.18440137783793897,0.8979591836734694
0.027777777777777776,-1.0,-0.5772722770642807,0.5714285714285714
-0.1111111111111111,-1.0,0.6374701486788383,-0.6530612244897959
0.7777777777777778,-1.0,0.9777807124698735,0.5918367346938775
0.05555555555555555,-1.0,0.7318608515742789,0.04081632653061224
0.05555555555555555,0.0,-0.9547250376924517,0.40816326530612246
-0.2222222222222222,-1.0,-0.5571989831291888,0.3877551020408163
-0.2777777777777778,-1.0,0.37589003708717134,0.4897959183673469
0.1111111111111111,-1.0,0.1645591909053892,0.673469387755102
0.5277777777777778,0.0,-0.9260347540911442,0.5510204081632653
-0.08333333333333333,-1.0,0.943763962714737,0.8775510204081632
-0.8055555555555556,0.0,0.01863162644304313,-0.42857142857142855
-0.08333333333333333,-1.0,0.01694784685309298,0.8979591836734694
-0.4722222222222222,-1.0,0.08695125843265432,-0.3673469387755102
0.16666666666666666,-1.0,-0.319995157758042,0.8367346938775511
-0.3611111111111111,-1.0,-0.4385750602528971,-0.04081632653061224
0.16666666666666666,-1.0,-0.029537675943962054,-0.7346938775510204
0.2777777777777778,-1.0,-0.040674832447423155,-0.14285714285714285
0.16666666666666666,0.0,0.4305303355453575,0.9795918367346939
0.8611111111111112,0.0,0.5641982237776091,-0.6938775510204082
0.2222222222222222,0.0,0.7935444110623219,0.32653061224489793
-0.3055555555555556,0.0,0.5103723023760001,-0.5714285714285714
0.08333333333333333,-1.0,0.5266268282214666,-0.6938775510204082
1.0,-1.0,-0.6747994321370795,0.061224489795918366
-0.19444444444444445,-1.0,-0.8331297390691891,0.5918367346938775
0.6388888888888888,-1.0,0.6980201833448887,0.4897959183673469
0.2777777777777778,-1.0,-0.7592415288278473,-0.8163265306122449
-0.5555555555555556,0.0,-0.41635577272277063,0.22448979591836735
0.8611111111111112,-1.0,-0.04717884380468157,0.22448979591836735
0.3333333333333333,0.0,-0.2575742568809359,-0.6326530612244898
-0.6666666666666666,0.0,0.8415046166375032,0.20408163265306123
-0.6944444444444444,0.0,-0.7249716618794502,-0.5918367346938775
0.5833333333333334,-1.0,-0.7625100421495152,0.8163265306122449
0.8611111111111112,0.0,0.8060902197717543,-1.0204081632653061
0.027777777777777776,-1.0,-0.4216822388765999,-0.16326530612244897
0.027777777777777776,0.0,0.2340453630030704,0.32653061224489793
-0.7222222222222222,0.0,-0.6880935873309342,-0.673469387755102
-0.8611111111111112,-1.0,-0.5213994079258697,0.30612244897959184
-0.3611111111111111,-1.0,0.9621204617738013,-0.6938775510204082
0.6111111111111112,-1.0,0.4914325332629007,-0.8367346938775511
0.9722222222222222,-1.0,0.28318311378168093,-0.5510204081632653
-0.2777777777777778,-1.0,-0.743438211892106,0.7346938775510204
0.5833333333333334,0.0,0.9009761519583567,0.9387755102040817
0.7777777777777778,0.0,0.5629216327159475,-0.14285714285714285
0.9722222222222222,0.0,-0.15076980642037263,0.14285714285714285
-0.05555555555555555,-1.0,-0.6407716772865837,-0.9387755102040817
-0.4444444444444444,-1.0,-0.871900690019479,-0.8775510204081632
0.16666666666666666,0.0,-0.9408806277306393,0.3877551020408163
-0.5,-1.0,-0.9289180890752419,-0.3877551020408163
-0.3333333333333333,0.0,-0.7983206224481935,0.9591836734693877
-0.2222222222222222,0.0,0.2934838830378465,-1.0
0.3333333333333333,-1.0,-0.8883753177721285,0.3469387755102041
-0.4166666666666667,0.0,0.5992494524965059,0.6530612244897959
-0.05555555555555555,-1.0,0.31489979860675493,0.2653061224489796
0.027777777777777776,-1.0,0.5703940924648112,-0.8367346938775511
0.4444444444444444,-1.0,0.6010652932307659,-0.30612244897959184
-0.5833333333333334,0.0,-0.38805066745903355,0.40816326530612246
-0.027777777777777776,0.0,0.6030682205861314,-0.8775510204081632
-0.8888888888888888,0.0,-0.3742942982600944,0.8979591836734694
0.4166666666666667,0.0,0.1785686772975888,0.061224489795918366
0.08333333333333333,0.0,0.09487492709124325,-0.3469387755102041
0.05555555555555555,0.0,-0.19619884006294916,0.8571428571428571
0.6388888888888888,0.0,0.29381403589862104,-0.08163265306122448
-0.6944444444444444,0.0,0.6921654726138202,-0.9387755102040817
0.9444444444444444,0.0,-0.4708199896552104,-1.0
0.05555555555555555,0.0,0.07218242046067329,-0.7551020408163265
-0.08333333333333333,0.0,-0.05074449470104658,0.12244897959183673
-1.0,-1.0,0.43532855712194746,0.7755102040816326
-0.6666666666666666,-1.0,0.6116521949662694,-0.9795918367346939
-0.5833333333333334,-1.0,0.25640771677286583,0.0
0.4722222222222222,-1.0,-0.8240945557793258,-0.30612244897959184
-0.6388888888888888,-1.0,0.485126613622107,-0.8571428571428571
-0.4722222222222222,0.0,-0.6942344305413406,0.24489795918367346
0.4166666666666667,-1.0,0.8299932868918309,-1.0204081632653061
-0.6944444444444444,-1.0,0.2231173033114332,-0.7959183673469388
0.027777777777777776,-1.0,0.27847293296796416,0.24489795918367346
1.0,0.0,-0.5035931636347629,-0.32653061224489793
-0.5833333333333334,-1.0,0.21015330097835297,-0.30612244897959184
-0.1388888888888889,-1.0,-0.5456106177160025,0.5510204081632653
-0.3333333333333333,-1.0,-0.7164537180714671,-0.7959183673469388
-0.8611111111111112,-1.0,-0.3220861258762807,-0.6530612244897959
0.1388888888888889,-1.0,0.2630988147512298,0.10204081632653061
0.6666666666666666,-1.0,0.34591215732884323,-0.30612244897959184
-0.6944444444444444,-1.0,-0.6993738100740643,-0.7142857142857143
-0.6666666666666666,-1.0,-0.2980509976118943,0.40816326530612246
-0.6111111111111112,-1.0,0.31597829795195176,0.9183673469387755
0.5555555555555556,-1.0,0.9449194977274478,0.8367346938775511
-0.5277777777777778,0.0,0.6455478886724554,-0.1836734693877551
0.6666666666666666,-1.0,-0.6785301594638318,-0.46938775510204084
0.6111111111111112,0.0,0.870084849285219,0.8367346938775511
0.05555555555555555,-1.0,-0.7523193238469411,-0.22448979591836735
0.5,0.0,-0.40434921368593657,0.7551020408163265
0.9444444444444444,-1.0,-0.10279859574983218,-0.22448979591836735
0.19444444444444445,-1.0,-0.6845719568160058,0.22448979591836735
0.8888888888888888,-1.0,0.7527705327566664,-0.46938775510204084
0.8611111111111112,0.0,-0.2043646208194394,-0.3673469387755102
-0.1388888888888889,-1.0,-0.8230380666248474,-0.7959183673469388
-0.3333333333333333,0.0,0.35078741457294726,0.42857142857142855
0.1388888888888889,0.0,0.7376935521146291,0.8979591836734694
0.25,-1.0,0.7354154973752848,0.40816326530612246
0.16666666666666666,-1.0,-0.6408707231448161,0.6122448979591837
-0.8055555555555556,-1.0,-0.06400563460882389,0.7959183673469388
-0.5277777777777778,-1.0,-0.6709476487613765,-0.7346938775510204
-0.1388888888888889,0.0,-0.0884479514014989,-0.24489795918367346
0.5277777777777778,0.0,-0.25321623911871194,0.12244897959183673
-0.9722222222222222,0.0,-0.2792102743570273,0.7346938775510204
0.8888888888888888,-1.0,-0.8533240890532316,-0.8571428571428571
-0.75,-1.0,0.7135153576105737,0.30612244897959184
-0.027777777777777776,-1.0,0.405031529598204,1.0
-0.8888888888888888,-1.0,-0.11481615988202538,0.9795918367346939
-0.7222222222222222,0.0,-0.28821244236081306,-0.6530612244897959
0.1111111111111111,0.0,-0.8259103965135858,0.5510204081632653
0.05555555555555555,0.0,0.27439004258971905,0.04081632653061224
0.3888888888888889,-1.0,-0.8859101764116786,0.2653061224489796
0.7777777777777778,-1.0,-0.08538853489165484,0.20408163265306123
0.19444444444444445,0.0,-0.6023418842924274,0.9795918367346939
0.4444444444444444,-1.0,0.3279848569887858,-0.12244897959183673
-0.6111111111111112,-1.0,-0.7803272915359811,1.0
-0.6666666666666666,-1.0,0.5554711831578021,1.0
0.5,0.0,0.8519154368472602,0.673469387755102
-0.6388888888888888,-1.0,-0.8527518240945557,-0.46938775510204084
0.4722222222222222,-1.0,0.14597158484378267,0.6122448979591837
-0.6111111111111112,-1.0,0.6002729263649069,-0.5102040816326531
-0.19444444444444445,-1.0,0.8892667304962197,-0.3673469387755102
0.6944444444444444,-1.0,0.1950322999548791,-0.2653061224489796
0.8888888888888888,-1.0,0.6482661472261657,-0.9795918367346939
0.9444444444444444,0.0,-0.21864923459561778,-0.20408163265306123
-0.08333333333333333,0.0,-0.6957751438916219,0.7755102040816326
0.5555555555555556,-1.0,0.03435790771127032,-0.8571428571428571
-0.7777777777777778,-1.0,-0.14087622569249564,0.5714285714285714
-0.3333333333333333,0.0,0.31256671839061484,0.16326530612244897
0.05555555555555555,-1.0,-0.3301528607745386,-0.5102040816326531
-0.9166666666666666,0.0,0.1762355970814487,0.22448979591836735
-0.9722222222222222,-1.0,0.11052417269195637,0.16326530612244897
0.9722222222222222,-1.0,-0.7470808984559851,0.8775510204081632
-0.25,-1.0,-0.6388567906940914,1.0
-0.5,-1.0,-0.12187042600724135,-0.6938775510204082
-0.08333333333333333,-1.0,0.824182596542199,-0.16326530612244897
-0.05555555555555555,0.0,-0.43815686662924935,0.14285714285714285
-0.75,0.0,0.660437782693387,0.40816326530612246
-0.9444444444444444,0.0,-0.7998723408938339,0.9183673469387755
-0.5555555555555556,-1.0,-0.09432467232328569,0.42857142857142855
-0.8055555555555556,0.0,-0.23875554381678718,0.9387755102040817
0.0,0.0,0.4355046386476939,-0.5510204081632653
0.4166666666666667,-1.0,0.21330075825107025,-0.02040816326530612
-0.8333333333333334,0.0,0.3975150494679036,-0.8775510204081632
-0.75,0.0,0.7357016298546227,-1.0
-0.5277777777777778,-1.0,-0.17508006206873783,-0.5306122448979592
0.4166666666666667,0.0,-0.039123114001782824,0.8163265306122449
-0.19444444444444445,0.0,-0.14105230721824205,0.8775510204081632
-0.5555555555555556,0.0,-0.1553149108037021,0.8571428571428571
0.0,0.0,0.7745386113770676,-0.3469387755102041
0.6111111111111112,-1.0,-0.013184104240263242,0.2653061224489796
-0.2777777777777778,0.0,0.25733214478303457,0.4489795918367347
-0.9444444444444444,-1.0,0.9937931262174386,0.6122448979591837
0.6111111111111112,0.0,0.6716959952457988,0.4897959183673469
-0.3333333333333333,0.0,-0.7553347199753486,-0.4489795918367347
0.75,0.0,-0.1394345582004468,0.8163265306122449
-0.027777777777777776,-1.0,-0.6431377727888012,-1.0204081632653061
-0.2777777777777778,-1.0,0.3445915458857451,-0.10204081632653061
0.8611111111111112,0.0,-0.27368571648673334,0.673469387755102
-1.0,0.0,0.81509238777554,0.673469387755102
0.5,-1.0,0.9981621490750218,-0.3673469387755102
0.25,-1.0,-0.47416553864439237,1.0
-0.1388888888888889,-1.0,0.09575533471997535,-0.9183673469387755
0.05555555555555555,0.0,0.880770796878955,-0.5306122448979592
-0.16666666666666666,-1.0,0.9596663255087106,0.3673469387755102
0.6666666666666666,-1.0,-0.055652767231228056,-0.22448979591836735
-0.75,-1.0,-0.7785444660877987,-0.8367346938775511
-0.6666666666666666,0.0,0.14787546634091583,-0.5510204081632653
0.3611111111111111,-1.0,0.9091309276194878,0.8979591836734694
0.5555555555555556,-1.0,0.7939405944952513,0.14285714285714285
-0.6111111111111112,0.0,-0.47001661769399233,-0.12244897959183673
-0.5555555555555556,0.0,0.2824017520111812,-0.6122448979591837
-0.4444444444444444,-1.0,-0.9456018136397152,-0.30612244897959184
0.1111111111111111,-1.0,0.08870106859475937,-0.22448979591836735
0.3611111111111111,-1.0,-0.8547657565452804,-0.24489795918367346
-1.0,0.0,-0.5748951764667041,-0.42857142857142855
-0.6944444444444444,0.0,-0.7695863184654494,-0.3469387755102041
-0.16666666666666666,-1.0,-0.14730320138223998,0.20408163265306123
0.7222222222222222,-1.0,-0.05450823731387632,0.7142857142857143
-0.4722222222222222,0.0,-0.7031265475915349,-0.7346938775510204
-0.1388888888888889,0.0,-0.8364312676769344,0.20408163265306123
0.5833333333333334,0.0,-0.7080238150263573,-0.08163265306122448
-0.7222222222222222,-1.0,-0.8148062552962021,0.22448979591836735
-0.16666666666666666,-1.0,-0.16649608768859983,-0.8775510204081632
0.6388888888888888,0.0,0.9870139874762015,-0.7959183673469388
-0.16666666666666666,0.0,-0.6218759285549209,0.2857142857142857
-0.3888888888888889,-1.0,-0.05822795954526946,-0.673469387755102
-0.08333333333333333,0.0,0.24664619718929864,0.8367346938775511
-0.5833333333333334,0.0,0.13491146400783563,-0.3469387755102041
-0.19444444444444445,0.0,0.8133865979948717,0.32653061224489793
0.8055555555555556,-1.0,0.927190289103855,-0.6530612244897959
-0.6111111111111112,-1.0,0.676142053770896,-0.5510204081632653
0.3333333333333333,-1.0,-0.20957003092431795,0.3469387755102041
0.9166666666666666,0.0,-0.5813881827286034,0.02040816326530612
0.3611111111111111,0.0,0.36255186151188,0.24489795918367346
-0.19444444444444445,0.0,-0.6125105924042832,-0.3673469387755102
-0.5,0.0,0.31499884446498727,-0.7755102040816326
0.8055555555555556,-1.0,0.4246095942421341,0.673469387755102
0.6111111111111112,-1.0,0.9487602760077916,0.6122448979591837
0.8611111111111112,0.0,-0.11730331143319357,0.24489795918367346
0.1388888888888889,-1.0,-0.38732433116532955,-0.46938775510204084
0.6666666666666666,0.0,-0.6118502866827341,0.9795918367346939
0.5277777777777778,-1.0,0.5466450966797627,0.5102040816326531
0.3611111111111111,-1.0,-0.03509524910033345,0.5102040816326531
-0.1111111111111111,0.0,-0.8485038572859234,0.5714285714285714
0.6666666666666666,0.0,-0.9556054453211837,0.673469387755102
-0.75,-1.0,0.8804406440181805,-0.4897959183673469
-0.9722222222222222,0.0,-0.2436087908701729,0.6326530612244898
0.1111111111111111,-1.0,-0.19034412933188066,-0.14285714285714285
-0.6666666666666666,0.0,-0.44050095194074856,0.3673469387755102
-1.0,-1.0,0.39455467881629197,0.9591836734693877
0.5,-1.0,0.11150362617892084,-0.22448979591836735
0.9166666666666666,-1.0,0.40013426216338166,0.46938775510204084
-0.08333333333333333,0.0,0.4028305105263737,0.10204081632653061
-0.8611111111111112,-1.0,0.23701673875004126,0.8367346938775511
0.3055555555555556,0.0,-0.644799542188033,-0.8979591836734694
-0.08333333333333333,-1.0,-0.45979288410534075,-0.2857142857142857
0.3055555555555556,0.0,0.44297709839655763,-0.16326530612244897
-0.6111111111111112,-1.0,-0.23919574763115323,0.5510204081632653
-0.5,0.0,-0.21181507037758482,-0.6326530612244898
-0.6111111111111112,0.0,-0.5317331924681127,-0.42857142857142855
0.6944444444444444,0.0,-0.12794523864549287,-0.9183673469387755
-0.5555555555555556,-1.0,-0.048081261624131975,0.2653061224489796
-0.25,0.0,-0.4849945524777972,-0.04081632653061224
0.4166666666666667,-1.0,-0.5026357203385168,-0.2857142857142857
-0.7222222222222222,-1.0,-0.9675129584997854,0.3877551020408163
0.0,0.0,-0.821420317607052,0.2857142857142857
0.05555555555555555,-1.0,0.001727799971386752,-0.46938775510204084
-0.08333333333333333,-1.0,-0.9780558398538524,0.12244897959183673
-0.4722222222222222,0.0,-0.7821871526516777,-0.16326530612244897
0.1111111111111111,0.0,0.5468762036823049,0.16326530612244897
-0.4444444444444444,0.0,-0.5698548427922128,0.22448979591836735
0.1111111111111111,-1.0,-0.8079390757920918,-0.3673469387755102
0.8333333333333334,-1.0,0.7800301539612841,0.7346938775510204
-0.9166666666666666,-1.0,0.8416696930678904,-0.7959183673469388
-0.05555555555555555,-1.0,-0.9502129485951996,0.8571428571428571
0.5,0.0,0.40940055245578705,0.6122448979591837
0.7777777777777778,0.0,0.6122244599249452,0.10204081632653061
0.25,0.0,-0.7695863184654494,-0.7551020408163265
-0.3333333333333333,0.0,-0.9584557650192039,0.9591836734693877
0.6666666666666666,0.0,0.38708221906742823,0.3673469387755102
0.7777777777777778,-1.0,-0.6416190696292383,-0.5918367346938775
-0.4722222222222222,-1.0,0.7041060010784993,0.1836734693877551
0.9722222222222222,-1.0,-0.8428582433666788,0.8979591836734694
0.05555555555555555,-1.0,-0.8055509700991559,-0.9795918367346939
-0.8333333333333334,-1.0,-0.11849186173198191,-0.6938775510204082
0.8611111111111112,0.0,0.7256979981731542,-0.42857142857142855
0.6944444444444444,-1.0,-0.21375196716079545,0.5102040816326531
0.1111111111111111,-1.0,-0.5115168322933519,0.9795918367346939
-0.9166666666666666,0.0,0.27393883367999383,-0.6122448979591837
-0.7222222222222222,-1.0,-0.16446014504715684,-0.1836734693877551
0.027777777777777776,0.0,-0.42162721339980413,-0.3877551020408163
0.8055555555555556,0.0,0.8403600867201514,0.7755102040816326
0.2222222222222222,-1.0,0.3780910561590016,-0.6938775510204082
-1.0,0.0,-0.27204595727821984,-0.24489795918367346
0.08333333333333333,0.0,-0.768309727403788,0.8367346938775511
-0.9722222222222222,-1.0,0.0894163997931042,-0.7755102040816326
0.9166666666666666,0.0,0.547096305589488,0.6326530612244898
0.05555555555555555,0.0,0.3808423299987894,0.5918367346938775
1.0,0.0,0.44992131356818205,-0.46938775510204084
-0.7222222222222222,0.0,0.7770697833096724,-0.04081632653061224
0.5833333333333334,-1.0,-0.9110568193073393,-0.22448979591836735
-0.75,-1.0,-0.5262746651699737,-0.30612244897959184
0.1111111111111111,-1.0,0.5400640496549902,0.10204081632653061
0.16666666666666666,-1.0,0.5084464106881487,0.5306122448979592
-0.3888888888888889,-1.0,-0.701167640617606,1.0
0.0,-1.0,0.959039035073239,-0.42857142857142855
0.4166666666666667,0.0,-0.01274390042589719,-0.40816326530612246
-0.16666666666666666,0.0,-0.760672191224537,-0.8367346938775511
0.4722222222222222,-1.0,0.7684968140248936,-0.12244897959183673
-0.05555555555555555,0.0,0.3212717488197035,-0.2653061224489796
-0.6111111111111112,0.0,-0.6478149383164405,-0.30612244897959184
0.3055555555555556,-1.0,-0.19469114199874543,-0.30612244897959184
-0.8611111111111112,-1.0,-0.39588629535474923,-0.14285714285714285
0.9444444444444444,-1.0,0.5671916097152981,-0.6326530612244898
0.3333333333333333,0.0,0.21790088811119548,-0.12244897959183673
-0.2222222222222222,-1.0,0.6848800994860621,-0.08163265306122448
-0.8888888888888888,-1.0,-0.511604873056225,0.20408163265306123
0.8888888888888888,-1.0,0.997743955451374,0.4489795918367347
-0.16666666666666666,0.0,-0.934750789615592,0.02040816326530612
0.25,-1.0,-0.3733368549638483,0.46938775510204084
-0.16666666666666666,-1.0,-0.6221290457481814,0.4897959183673469
-1.0,-1.0,0.28048686541868884,0.7346938775510204
0.8611111111111112,0.0,-0.8633717411161368,-0.4897959183673469
0.8611111111111112,-1.0,-0.3938063323318697,-0.4489795918367347
-0.8888888888888888,0.0,-0.10446036514906401,-0.02040816326530612
-0.8611111111111112,0.0,-0.5716046529543178,0.5510204081632653
0.4166666666666667,0.0,-0.9686024629403414,-0.3673469387755102
0.6944444444444444,0.0,0.13819098242486272,0.04081632653061224
0.1111111111111111,-1.0,-0.4658897069343106,0.4897959183673469
0.2222222222222222,-1.0,0.657741534330395,-0.9387755102040817
0.7777777777777778,0.0,-0.08171283304169831,0.673469387755102
-0.3333333333333333,-1.0,-0.6290072303476509,-0.30612244897959184
-1.0,-1.0,-0.05260435581674315,0.2857142857142857
-0.9722222222222222,0.0,-0.8502646725433876,-0.8775510204081632
-0.2777777777777778,-1.0,-0.2991625122431686,0.2653061224489796
-0.8888888888888888,0.0,-0.5659370288443549,-0.30612244897959184
0.3888888888888889,0.0,-0.2007329393509195,-0.7551020408163265
-0.9166666666666666,-1.0,0.8110315075880132,0.22448979591836735
0.19444444444444445,-1.0,-0.48628214863481795,0.1836734693877551
-0.9166666666666666,0.0,0.21600801170942147,0.3469387755102041
0.08333333333333333,0.0,-0.03702114078818493,0.22448979591836735
-0.9444444444444444,-1.0,-0.3569942883555086,-0.9183673469387755
0.3055555555555556,0.0,0.4116896122904905,0.8571428571428571
0.3333333333333333,0.0,0.1018191422628677,0.20408163265306123
-0.8055555555555556,0.0,0.6508193293494888,-0.6326530612244898
0.16666666666666666,-1.0,0.21233230985946494,0.30612244897959184
-0.3611111111111111,0.0,0.23616934640738663,-0.5306122448979592
-0.6111111111111112,-1.0,0.17100817678585184,-0.2653061224489796
-0.6388888888888888,-1.0,-0.5998767429319775,-0.7551020408163265
0.5833333333333334,-1.0,-0.9625166452067307,0.7755102040816326
-0.3611111111111111,-1.0,0.566960502712756,-0.6530612244897959
0.4166666666666667,0.0,-0.8187680896254966,0.061224489795918366
-0.8888888888888888,-1.0,0.02418919959941453,-0.7346938775510204
-0.4166666666666667,0.0,0.2441700507334896,0.7346938775510204
0.3611111111111111,0.0,-0.7530456601406451,0.4489795918367347
-0.9722222222222222,0.0,-0.7489407595716817,-0.8979591836734694
-0.027777777777777776,0.0,-0.6576975139489584,0.24489795918367346
-0.5,0.0,0.4662198597950851,-0.5510204081632653
-0.05555555555555555,0.0,-0.27327852795844476,0.30612244897959184
0.5,-1.0,0.5821255241176665,-0.42857142857142855
-0.3888888888888889,0.0,-0.4899028250079787,-0.6530612244897959
-0.3611111111111111,0.0,0.9567279650478171,0.6122448979591837
-0.19444444444444445,0.0,0.7317618057160465,0.12244897959183673
-0.1111111111111111,0.0,0.37187317728108116,-0.3877551020408163
-0.3611111111111111,0.0,0.3402115179328029,0.1836734693877551
0.4444444444444444,0.0,0.715650346110249,0.14285714285714285
0.9166666666666666,-1.0,0.6490915293781021,-0.3877551020408163
-0.7222222222222222,-1.0,-0.8757854886812594,-0.7142857142857143
-1.0,-1.0,0.9756017035887616,-0.5510204081632653
-0.6111111111111112,0.0,-0.7541681798672786,-0.6122448979591837
-0.6944444444444444,0.0,0.49298425170854104,0.8571428571428571
-0.6111111111111112,0.0,0.13364587804153322,-0.9795918367346939
-0.7777777777777778,-1.0,-0.7459693838247109,-0.6326530612244898
0.5833333333333334,0.0,-0.3449437089372379,-0.08163265306122448
0.2222222222222222,0.0,-0.8838742337702357,-0.7142857142857143
0.1111111111111111,0.0,-0.3820749006790144,0.9387755102040817
0.9722222222222222,0.0,0.921654726138202,0.5306122448979592
-0.4444444444444444,-1.0,-0.5596971397757161,-0.2857142857142857
-0.6944444444444444,-1.0,0.5862634399727074,-0.04081632653061224
0.9722222222222222,-1.0,0.7547404448259544,0.3469387755102041
-0.2222222222222222,-1.0,0.857715122101533,0.7755102040816326
0.5277777777777778,0.0,-0.36610650731288585,-0.30612244897959184
-0.5833333333333334,0.0,-0.1397757161565805,0.5714285714285714
0.4166666666666667,0.0,0.8305985671365842,-0.7755102040816326
-0.25,0.0,-0.19454807575907646,-0.1836734693877551
0.5277777777777778,-1.0,0.7249166364026545,0.9591836734693877
0.5277777777777778,-1.0,-0.09685584425589047,0.16326530612244897
0.19444444444444445,-1.0,-0.26980091782495297,0.12244897959183673
0.7222222222222222,0.0,-0.54499433237589,-0.02040816326530612
-0.027777777777777776,0.0,-0.7320589432907436,0.8367346938775511
-0.08333333333333333,-1.0,-0.4499323186635412,-0.1836734693877551
0.4166666666666667,-1.0,-0.739652459088558,-0.40816326530612246
-0.05555555555555555,-1.0,0.3750536498398759,0.40816326530612246
-0.8333333333333334,-1.0,0.8642411436495098,0.7959183673469388
0.1111111111111111,-1.0,0.2837113583589202,-0.40816326530612246
-0.9444444444444444,-1.0,-0.29589399892150064,-0.8979591836734694
-0.5,0.0,-0.6305149284118546,0.5510204081632653
-0.8888888888888888,0.0,-0.04665059922744231,0.5102040816326531
-0.9722222222222222,-1.0,-0.43345769091089176,0.5102040816326531
-0.5555555555555556,0.0,0.9831401939097802,-0.02040816326530612
-0.3611111111111111,0.0,0.7690360636974919,0.7755102040816326
0.2777777777777778,-1.0,0.31713383296466263,-0.20408163265306123
0.027777777777777776,-1.0,0.2630327841790749,0.5714285714285714
-0.6388888888888888,-1.0,-0.2548780085179438,0.5918367346938775
0.1111111111111111,-1.0,-0.005689634300681215,0.4897959183673469
0.2777777777777778,-1.0,0.3611762245919861,0.7959183673469388
0.08333333333333333,0.0,0.775363993529004,0.5510204081632653
0.5277777777777778,-1.0,0.8612367526164614,-0.7346938775510204
-0.4722222222222222,-1.0,-0.8601692583666237,-0.30612244897959184
-0.3888888888888889,-1.0,0.9486722352449184,-0.8367346938775511
0.7222222222222222,-1.0,0.9259026929468344,0.8979591836734694
-0.08333333333333333,0.0,0.9032211914116236,-0.46938775510204084
-0.8888888888888888,-1.0,-0.17995531931284184,0.6938775510204082
0.25,0.0,0.7891753882047388,0.5102040816326531
-0.027777777777777776,0.0,0.4552477797220113,0.08163265306122448
-0.75,-1.0,0.7561270868412074,-0.24489795918367346
-0.8888888888888888,0.0,0.4648662330659095,0.8367346938775511
0.5833333333333334,0.0,0.9398681589575973,-0.4897959183673469
-0.08333333333333333,-1.0,0.8864934464657136,-0.061224489795918366
-0.3055555555555556,0.0,0.46294034137805806,-0.8979591836734694
0.5555555555555556,0.0,-0.7673963044889784,-0.8979591836734694
-0.8055555555555556,-1.0,0.37358997215710876,-0.14285714285714285
-0.3888888888888889,0.0,0.36511604873056225,-0.42857142857142855
-0.8055555555555556,0.0,0.03735129364895947,0.14285714285714285
-0.8333333333333334,0.0,0.7489627697624,-0.2653061224489796
-0.027777777777777776,0.0,0.7049203781350766,-0.6122448979591837
0.25,-1.0,-0.7280200732939351,0.2857142857142857
0.7222222222222222,0.0,0.24556769784410182,0.22448979591836735
0.9722222222222222,0.0,-0.6300857296928478,0.9387755102040817
0.8333333333333334,-1.0,-0.4989159981071236,0.0
-0.7222222222222222,-1.0,-0.09682282896981302,-0.6122448979591837
-0.8333333333333334,-1.0,-0.5870558068385663,0.061224489795918366
0.2222222222222222,0.0,-0.7600669109797836,-0.8979591836734694
0.4166666666666667,0.0,0.3193788724179295,0.40816326530612246
-0.3611111111111111,0.0,0.429693948298062,0.9183673469387755
-0.08333333333333333,0.0,-0.69113099365006,0.8163265306122449
-0.1111111111111111,0.0,-0.018697657015198037,0.40816326530612246
-0.6666666666666666,0.0,-0.8742447753309782,0.22448979591836735
-0.5833333333333334,-1.0,0.3180472558794722,0.5510204081632653
-1.0,0.0,0.618024145179218,0.4489795918367347
0.8333333333333334,0.0,0.46186184203286124,-0.8979591836734694
-0.9444444444444444,0.0,-0.7709839655760617,-0.14285714285714285
0.8055555555555556,0.0,0.797264133293715,-0.6122448979591837
-0.2222222222222222,-1.0,0.38882102413417413,0.3469387755102041
-0.9444444444444444,-1.0,-0.34609924394994884,-0.3673469387755102
0.6388888888888888,0.0,0.1474352625265498,-0.9591836734693877
0.25,-1.0,0.8994354386080755,0.2857142857142857
0.5833333333333334,0.0,-0.60282610848823,-0.6326530612244898
-0.6944444444444444,-1.0,-0.07721174903980543,0.0
-1.0,-1.0,0.271550727987058,0.4489795918367347
-0.5833333333333334,-1.0,-0.9367647220663167,-0.7551020408163265
0.027777777777777776,0.0,0.4917846963143936,-0.42857142857142855
-0.3333333333333333,0.0,-0.4960216580276668,0.2857142857142857
-0.75,0.0,-0.8338670804582522,-0.14285714285714285
0.25,-1.0,-0.8701178645712965,0.6122448979591837
0.3611111111111111,-1.0,0.36781229709355434,-0.2653061224489796
0.5277777777777778,-1.0,0.6826350600327952,0.3469387755102041
0.4722222222222222,-1.0,-0.1125491102380402,-0.32653061224489793
-0.3611111111111111,-1.0,-0.9423333003180473,-0.9795918367346939
0.3611111111111111,-1.0,0.9196628038781957,0.9591836734693877
0.4722222222222222,-1.0,0.16384385970704435,-0.6938775510204082
0.5,-1.0,-0.964574598038892,0.20408163265306123
0.6666666666666666,0.0,0.36475288058371025,-0.6326530612244898
0.5,-1.0,0.6276756138091937,-0.8367346938775511
0.7777777777777778,-1.0,0.38425390956012634,-0.4897959183673469
-1.0,-1.0,0.893140524062641,0.9183673469387755
0.16666666666666666,0.0,-0.6168796152618663,0.3877551020408163
-0.2222222222222222,0.0,0.4170270835396789,-0.30612244897959184
0.3888888888888889,0.0,0.7025102622514224,-0.10204081632653061
-0.16666666666666666,-1.0,-0.8011819472415729,0.5306122448979592
0.9444444444444444,-1.0,0.8693915282775925,0.1836734693877551
0.05555555555555555,0.0,-0.5131235762157879,-0.061224489795918366
-0.8055555555555556,0.0,0.6050271275600603,-0.7551020408163265
-0.7222222222222222,-1.0,0.7264683548482948,-0.7551020408163265
-0.7222222222222222,-1.0,0.9172526879945415,0.3877551020408163
0.6111111111111112,0.0,-0.16030021900139765,-1.0204081632653061
0.7777777777777778,0.0,0.5471073106848471,0.2857142857142857
-0.5555555555555556,0.0,-0.49913610001430664,-0.30612244897959184
-0.19444444444444445,-1.0,0.723507984196683,0.9795918367346939
-0.5,-1.0,0.5213884028305106,0.24489795918367346
0.08333333333333333,-1.0,0.06080315185931086,-0.12244897959183673
-0.25,-1.0,-0.4647341719215997,-0.8775510204081632
-0.027777777777777776,0.0,0.7112262977758702,-0.6122448979591837
0.2777777777777778,-1.0,0.5613809193656663,-0.8163265306122449
-0.6111111111111112,-1.0,0.8619410787194471,0.5510204081632653
-0.2222222222222222,-1.0,-0.042820826042457655,0.7142857142857143
-0.4444444444444444,-1.0,-0.30398274401047687,-0.5306122448979592
-0.4444444444444444,0.0,-0.11219694718654737,0.7346938775510204
0.05555555555555555,-1.0,0.6979101323912972,0.8571428571428571
0.6111111111111112,0.0,0.6167035337361199,-0.5714285714285714
-0.4166666666666667,-1.0,-0.7393333113231426,-0.9591836734693877
0.4722222222222222,-1.0,-0.8694465537543883,-0.3673469387755102
-0.7777777777777778,0.0,0.26381414594957464,0.14285714285714285
-0.8888888888888888,0.0,-0.6554194592096141,0.5102040816326531
0.5,0.0,0.19301836750415444,-0.6326530612244898
0.2777777777777778,0.0,0.9041456194217923,0.10204081632653061
-0.2222222222222222,-1.0,-0.7257310134592316,0.8979591836734694
-0.08333333333333333,-1.0,0.8340871823654352,0.5918367346938775
0.2777777777777778,0.0,0.13911541043503142,-0.04081632653061224
0.5,-1.0,0.23846941133744923,-0.30612244897959184
-0.7222222222222222,-1.0,0.9812473175080062,-0.5714285714285714
0.7222222222222222,-1.0,0.35586076353351603,0.10204081632653061
-0.08333333333333333,0.0,0.16482331319400884,0.14285714285714285
0.4722222222222222,0.0,-0.7111602672037153,0.0
0.5555555555555556,-1.0,-0.6488164019941233,0.3673469387755102
0.4166666666666667,-1.0,0.4055377639847249,-1.0204081632653061
0.2777777777777778,0.0,-0.11689612290490498,-0.46938775510204084
-0.6111111111111112,0.0,0.07415233252996137,0.673469387755102
-0.027777777777777776,0.0,0.6012413747565123,0.8163265306122449
-0.4444444444444444,0.0,0.5920301099409027,-1.0
0.3611111111111111,-1.0,-0.4994772579704403,-0.6938775510204082
-0.9722222222222222,-1.0,0.20931691373105749,0.6530612244897959
-0.9722222222222222,-1.0,0.6673599876742932,0.7551020408163265
-0.19444444444444445,-1.0,0.444385750602529,-0.8571428571428571
-0.4444444444444444,0.0,-0.4864912454466418,-0.5510204081632653
1.0,0.0,-0.5496274775220927,0.4489795918367347
-0.7222222222222222,0.0,0.2774494590995631,0.4489795918367347
0.8611111111111112,0.0,-0.005315461058470071,0.5102040816326531
-0.5833333333333334,-1.0,0.5504418545786699,0.5102040816326531
0.3888888888888889,0.0,-0.07842230952931208,0.7959183673469388
0.6944444444444444,0.0,-0.7367911342951786,-0.6326530612244898
0.027777777777777776,0.0,0.33969427845092276,0.9591836734693877
-0.6666666666666666,-1.0,0.44976724223315395,-0.9387755102040817
0.6666666666666666,-1.0,0.3248484048114277,0.20408163265306123
0.8611111111111112,-1.0,-0.451517052395259,-0.5714285714285714
0.7222222222222222,-1.0,-0.22344745617220774,0.6122448979591837
0.6944444444444444,-1.0,0.5914798551729451,0.24489795918367346
0.6388888888888888,-1.0,-0.9791343391990491,0.22448979591836735
0.9166666666666666,-1.0,0.7600008804076287,0.3469387755102041
0.8611111111111112,0.0,-0.1364081569766802,0.7551020408163265
-0.25,0.0,-0.221939758108004,0.4897959183673469
-0.6666666666666666,0.0,-0.46408487129540976,0.4489795918367347
0.1388888888888889,-1.0,0.5363993529003929,-0.46938775510204084
0.2777777777777778,-1.0,-0.2674348223227354,-0.6530612244897959
-0.8888888888888888,-1.0,0.6543629700551356,-0.2857142857142857
-0.05555555555555555,0.0,0.3172989093950499,0.30612244897959184
0.3055555555555556,0.0,0.9943433809853962,-0.02040816326530612
0.9166666666666666,-1.0,0.4969901064192721,0.7551020408163265
-0.05555555555555555,-1.0,0.8428362331759605,-0.7755102040816326
-1.0,-1.0,0.853423134911464,0.20408163265306123
0.6666666666666666,-1.0,0.06366447665269019,0.8571428571428571
0.1388888888888889,0.0,-0.7499312181540053,0.6122448979591837
0.6666666666666666,-1.0,-0.46379873881607186,-0.6938775510204082
-0.4166666666666667,0.0,0.7016518648134086,0.5918367346938775
0.05555555555555555,0.0,0.8913687037098177,1.0
0.2777777777777778,-1.0,-0.6973818878140579,0.9795918367346939
0.0,0.0,-0.4685089196297886,0.8163265306122449
0.4444444444444444,-1.0,0.4210439433457691,0.6530612244897959
0.08333333333333333,0.0,-0.9512144122728824,0.8367346938775511
-0.2777777777777778,-1.0,0.13192908316550564,0.5102040816326531
-0.3055555555555556,-1.0,-0.011159166694179405,0.0
-0.05555555555555555,0.0,0.27924328964310474,0.8163265306122449
-0.4444444444444444,0.0,-0.12206851772370608,0.6938775510204082
-0.4166666666666667,-1.0,-0.9486282148634818,0.4897959183673469
0.6944444444444444,-1.0,0.21081360669990207,0.2653061224489796
-0.75,0.0,-0.9187493809633861,-0.5918367346938775
-0.027777777777777776,-1.0,-0.9386796086588091,0.673469387755102
0.75,0.0,-0.36346528442668957,-0.42857142857142855
-0.3333333333333333,-1.0,-0.6745683251345372,-0.9591836734693877
-0.6388888888888888,0.0,-0.39017465086334974,0.10204081632653061
0.9444444444444444,0.0,-0.6803460001980918,-0.673469387755102
-0.6666666666666666,-1.0,0.565507830125348,-0.8163265306122449
-0.9444444444444444,-1.0,0.4094555779325828,-0.5714285714285714
0.4166666666666667,0.0,-0.6070850803922216,0.02040816326530612
0.5833333333333334,-1.0,0.6491135395688203,-0.14285714285714285
-0.4444444444444444,0.0,0.4277350413241331,0.5102040816326531
-0.16666666666666666,0.0,0.49156459440721056,0.5918367346938775
-0.8888888888888888,-1.0,0.19970946548251842,-0.20408163265306123
0.4722222222222222,-1.0,-0.4347672972586307,0.8775510204081632
0.05555555555555555,0.0,0.07122497716442713,0.32653061224489793
0.0,0.0,-0.007901658467870625,0.2653061224489796
0.05555555555555555,0.0,0.4136815345504969,0.1836734693877551
-0.2222222222222222,0.0,0.08938338450702675,0.0
-0.05555555555555555,-1.0,-0.10145597411601572,0.04081632653061224
0.2222222222222222,0.0,0.9826229544279002,-0.02040816326530612
0.7777777777777778,-1.0,0.6316374481384881,-0.24489795918367346
-0.05555555555555555,0.0,0.4522653988796813,-0.3673469387755102
-0.8888888888888888,-1.0,-0.5539634850935984,-0.04081632653061224
0.6111111111111112,-1.0,0.8336249683603508,0.5714285714285714
0.3055555555555556,0.0,-0.187967028734304,0.4897959183673469
-0.75,0.0,-0.7086841207479063,-0.20408163265306123
1.0,-1.0,0.4197563471887484,-0.8775510204081632
-0.6666666666666666,0.0,0.5192644194261943,0.9183673469387755
-0.5555555555555556,0.0,0.8910605610397614,-0.8775510204081632
0.1388888888888889,0.0,-0.576050711479415,-0.9591836734693877
-0.8611111111111112,-1.0,0.3189716838896409,-0.8163265306122449
-0.3888888888888889,0.0,-0.6552323725885085,-0.12244897959183673
0.9722222222222222,-1.0,-0.3554425699098683,0.40816326530612246
0.08333333333333333,0.0,-0.30886900634994,0.42857142857142855
-0.7222222222222222,0.0,0.5432335171184258,0.5306122448979592
0.6944444444444444,-1.0,0.46702323175630317,0.9795918367346939
0.19444444444444445,0.0,0.8241275710654032,0.04081632653061224
-0.1111111111111111,0.0,0.3453178821794491,-0.6530612244897959
0.1111111111111111,-1.0,-0.3739641453993199,0.5918367346938775
0.5,-1.0,0.28870767165197486,1.0
-0.9444444444444444,-1.0,0.08994464437034347,0.46938775510204084
0.8888888888888888,-1.0,0.5075219826779799,0.22448979591836735
0.7777777777777778,0.0,0.5868577151221015,0.6938775510204082
-0.3055555555555556,0.0,-0.7301880770796879,-0.7959183673469388
-0.75,-1.0,-0.24501744307614426,0.6938775510204082
0.16666666666666666,-1.0,0.5255593339716289,0.6938775510204082
-0.5277777777777778,0.0,0.14697304852146545,0.1836734693877551
-1.0,-1.0,-0.6115641542033962,0.6938775510204082
-0.19444444444444445,-1.0,-0.41017090913092763,-0.20408163265306123
-0.7777777777777778,-1.0,-0.5518064864032047,-0.5102040816326531
0.6944444444444444,-1.0,-0.7845312379631769,0.3673469387755102
0.9722222222222222,-1.0,-0.9430266213256738,0.8163265306122449
-0.7222222222222222,-1.0,-0.6919893910880738,0.46938775510204084
-0.2222222222222222,0.0,-0.15862744450680666,0.16326530612244897
0.1111111111111111,-1.0,0.20859057743735349,-0.9387755102040817
-0.2777777777777778,0.0,0.14999944974523205,0.16326530612244897
-1.0,-1.0,-0.8172493864659337,0.7755102040816326
-0.75,0.0,0.3486084056918353,-0.5102040816326531
0.9722222222222222,0.0,-0.19249012292691517,-0.6326530612244898
0.4444444444444444,-1.0,0.14861280772997898,-0.40816326530612246
-0.08333333333333333,-1.0,0.8824105560874685,-0.8163265306122449
0.1111111111111111,-1.0,-0.8049346847590434,-0.9591836734693877
0.75,0.0,-0.31819032211914117,-1.0
1.0,-1.0,0.36485192644194264,0.5918367346938775
0.8888888888888888,0.0,0.7031265475915349,0.9591836734693877
-0.08333333333333333,0.0,-0.9648717356135891,0.22448979591836735
-0.4166666666666667,0.0,0.2408465119350259,0.9183673469387755
-0.5,-1.0,-0.23769905466230865,0.10204081632653061
0.0,-1.0,-0.7369562107255659,0.02040816326530612
-1.0,0.0,-0.5374008165780757,-0.7959183673469388
0.027777777777777776,-1.0,0.8626454048224328,-0.8979591836734694
0.7222222222222222,0.0,-0.774714692902814,-0.02040816326530612
0.16666666666666666,0.0,-0.49543838797363177,-0.16326530612244897
0.3333333333333333,-1.0,0.10720063389349269,-0.5510204081632653
0.8888888888888888,-1.0,-0.6409477588123301,0.8775510204081632
-0.7222222222222222,0.0,0.8424950752198268,-0.5918367346938775
-0.2777777777777778,-1.0,-0.6476828771721307,0.14285714285714285
-0.75,0.0,0.14244995432885427,-0.6530612244897959
0.8055555555555556,0.0,-0.10556087468497914,-0.5102040816326531
-0.05555555555555555,0.0,0.7782363234177424,0.4489795918367347
0.3611111111111111,0.0,-0.13187405768870988,-0.8775510204081632
-0.6666666666666666,0.0,0.6414760033895693,-0.8367346938775511
-0.75,0.0,-0.7928180747686179,0.8571428571428571
0.5833333333333334,0.0,0.16457019600074835,0.061224489795918366
-0.3333333333333333,0.0,0.8266037175212123,-0.7346938775510204
0.6111111111111112,0.0,0.2835682921192512,0.4897959183673469
0.19444444444444445,-1.0,0.22231393135021515,-0.5714285714285714
0.5277777777777778,0.0,-0.9069189034522984,-0.08163265306122448
-0.3333333333333333,0.0,0.0834516381084442,-0.8571428571428571
-0.2777777777777778,-1.0,-0.6203242101092806,-0.9387755102040817
0.8055555555555556,-1.0,0.7292856592602375,-0.20408163265306123
0.6944444444444444,0.0,0.49483310772887845,-0.8571428571428571
0.3055555555555556,0.0,-0.32608097549165266,-0.7959183673469388
-0.6944444444444444,0.0,0.6972828419558256,0.0
0.6111111111111112,-1.0,0.7421506157350853,-0.30612244897959184
0.8055555555555556,0.0,-0.9043217009475387,0.061224489795918366
0.25,-1.0,-0.7074845653537588,0.20408163265306123
-0.5277777777777778,0.0,0.3816897223414441,-0.02040816326530612
0.9722222222222222,-1.0,-0.0495889596883357,0.5102040816326531
0.2222222222222222,-1.0,-0.8798903892502229,0.42857142857142855
0.2222222222222222,-1.0,0.31527397184896605,-0.20408163265306123
0.3888888888888889,0.0,-0.5677088491971783,-0.10204081632653061
0.6666666666666666,0.0,0.10064159705943852,0.5102040816326531
0.6111111111111112,0.0,0.17177853346099245,1.0
0.05555555555555555,-1.0,-0.29277955693486085,0.32653061224489793
0.3055555555555556,-1.0,-0.02924053836926497,0.5306122448979592
0.6666666666666666,-1.0,-0.807663948408113,-1.0
0.3888888888888889,-1.0,-0.4073536047189849,0.42857142857142855
0.5277777777777778,-1.0,0.9069299085476575,0.3877551020408163
-0.5277777777777778,0.0,-0.09921093466274886,0.8979591836734694
0.9166666666666666,-1.0,-0.1252710004732191,0.5102040816326531
0.4722222222222222,0.0,0.944061100289434,0.4489795918367347
-0.9722222222222222,0.0,0.279408366073492,0.6326530612244898
0.6388888888888888,0.0,-0.5019423993308902,-1.0
0.3333333333333333,-1.0,0.6068649784850386,-0.9795918367346939
-0.6388888888888888,0.0,-0.7397625100421495,-0.5714285714285714
0.5555555555555556,-1.0,0.305809589840096,-0.5102040816326531
-0.6944444444444444,0.0,-0.9136210065260215,-0.5918367346938775
0.6111111111111112,-1.0,0.37151000913422916,-0.2857142857142857
0.9444444444444444,-1.0,0.8589366876863987,-0.9183673469387755
0.3888888888888889,-1.0,-0.8836211165769752,0.9183673469387755
0.4444444444444444,0.0,0.5547998723408938,-0.9591836734693877
0.25,0.0,-0.24894626211936127,0.7551020408163265
-0.1111111111111111,-1.0,0.689678321062652,-0.08163265306122448
0.7222222222222222,-1.0,-0.5086555074999725,0.673469387755102
0.8611111111111112,-1.0,-0.17742414738023704,0.6938775510204082
-0.8333333333333334,-1.0,0.13627609583237038,-0.7142857142857143
-0.25,-1.0,0.3697491938767649,-0.10204081632653061
0.8055555555555556,-1.0,-0.02281356267952062,0.3877551020408163
0.9444444444444444,0.0,-0.23303289423002851,0.22448979591836735
0.4166666666666667,0.0,-0.30091232240527366,-1.0204081632653061
0.16666666666666666,-1.0,-0.266312302596102,-0.4489795918367347
0.6666666666666666,0.0,0.42780107189628797,-0.42857142857142855
-0.9722222222222222,-1.0,0.6206323527793368,0.7959183673469388
-0.19444444444444445,0.0,-0.25343634102589496,0.7346938775510204
0.2222222222222222,-1.0,0.6253095183069761,0.42857142857142855
0.4722222222222222,0.0,-0.22098231481175784,-0.6530612244897959
0.1111111111111111,0.0,-0.7764975183509966,0.9183673469387755
0.1388888888888889,-1.0,-0.2674238172273763,0.14285714285714285
-0.25,0.0,0.053748885734094885,-0.9795918367346939
-1.0,-1.0,0.728889475827308,-0.7142857142857143
-0.3055555555555556,0.0,-0.222886196308891,-0.02040816326530612
-0.6388888888888888,-1.0,0.9797396194438025,0.4489795918367347
0.2777777777777778,-1.0,0.9124434613225924,0.5102040816326531
0.6944444444444444,-1.0,0.9075682040784884,0.46938775510204084
-0.9722222222222222,0.0,-0.6369969295783948,0.673469387755102
-0.8055555555555556,-1.0,-0.7544433072512573,-0.5714285714285714
0.08333333333333333,0.0,0.5226759989875313,-0.30612244897959184
-0.5833333333333334,0.0,-0.8017872274863261,-0.8979591836734694
0.6944444444444444,-1.0,-0.7636435669715078,-0.12244897959183673
0.8888888888888888,-1.0,0.6548581993462973,-0.4897959183673469
-0.1111111111111111,0.0,-0.35844696094291656,0.6530612244897959
0.5277777777777778,-1.0,0.8779644975623714,-0.1836734693877551
-0.6111111111111112,-1.0,0.8958367724256331,0.8979591836734694
-0.4444444444444444,-1.0,0.992076331341411,-0.42857142857142855
-0.08333333333333333,-1.0,0.9368417577338307,-0.04081632653061224
0.1388888888888889,-1.0,-0.7393883367999383,-0.42857142857142855
0.5,-1.0,-0.32587187867982875,0.5510204081632653
-0.8611111111111112,0.0,0.8133535827087942,0.6122448979591837
0.4166666666666667,0.0,0.4801413054244115,-0.5714285714285714
-0.75,-1.0,0.4586373490926299,-0.4489795918367347
0.8611111111111112,0.0,0.018950774208458518,0.673469387755102
-0.8888888888888888,-1.0,-0.24810987487206576,-0.02040816326530612
-0.3611111111111111,0.0,0.054849395270010017,0.061224489795918366
-0.05555555555555555,-1.0,-0.919112549110238,0.4489795918367347
0.6944444444444444,-1.0,0.35647704887362847,0.3469387755102041
0.8888888888888888,-1.0,-0.7988818823115102,-0.9387755102040817
0.0,-1.0,-0.41326334092684913,0.5102040816326531
0.6111111111111112,0.0,0.5245358601032278,0.4489795918367347
0.0,-1.0,0.8285186041137046,-0.32653061224489793
-0.05555555555555555,-1.0,0.07666149427184786,-0.02040816326530612
0.1111111111111111,0.0,-0.08645602914149252,0.3877551020408163
0.9444444444444444,-1.0,0.036657972641332935,0.061224489795918366
0.75,-1.0,-0.6905367185006658,0.4489795918367347
-1.0,-1.0,-0.9581806376352251,0.4897959183673469
-0.1111111111111111,-1.0,-0.26228443769465265,-0.3877551020408163
-0.2222222222222222,0.0,-0.18866034974193052,0.5918367346938775
-0.5555555555555556,0.0,-0.5597521652525119,-0.40816326530612246
0.0,0.0,0.9665004897267435,0.08163265306122448
0.7777777777777778,0.0,-0.546590071202967,0.12244897959183673
0.16666666666666666,-1.0,-0.09550221752671487,0.8163265306122449
-0.7777777777777778,0.0,-0.3139423553105088,0.16326530612244897
0.8888888888888888,0.0,-0.43520750107299677,0.40816326530612246
0.75,0.0,0.8267137684748038,-0.6122448979591837
0.4444444444444444,-1.0,0.2600283931460266,0.5714285714285714
-0.027777777777777776,0.0,0.7843221411513531,-0.7142857142857143
-0.3055555555555556,0.0,-0.012666864758383132,-0.16326530612244897
-0.1388888888888889,-1.0,0.694916746453608,-0.8367346938775511
0.9444444444444444,-1.0,0.30278318861632936,0.08163265306122448
-0.8333333333333334,0.0,-0.033378454224305854,0.2857142857142857
0.75,0.0,-0.6490475089966654,-0.2653061224489796
0.9722222222222222,-1.0,0.13990777730089032,-0.2653061224489796
-0.5555555555555556,-1.0,-0.5951555570229016,-0.2653061224489796
-0.4444444444444444,0.0,0.5356840217020481,-0.40816326530612246
-0.08333333333333333,0.0,0.5672136199060165,-0.6938775510204082
0.08333333333333333,0.0,0.8983129188814422,0.8571428571428571
-0.2222222222222222,0.0,0.6654671112725192,-0.5918367346938775
0.3888888888888889,0.0,0.2568919409686685,0.7959183673469388
-0.8611111111111112,0.0,-0.3628269888958588,-1.0204081632653061
-0.8611111111111112,0.0,-0.25685892568259105,-0.5306122448979592
-0.7222222222222222,-1.0,0.3148117578438817,0.04081632653061224
-0.9722222222222222,0.0,0.4322691406121034,0.5102040816326531
0.3611111111111111,0.0,0.18627224404899467,0.4897959183673469
-0.7222222222222222,-1.0,0.47529906346638495,-0.4897959183673469
-0.8333333333333334,0.0,-0.7132292251312358,0.9591836734693877
-0.6111111111111112,-1.0,0.19750844641068815,0.8571428571428571
0.3055555555555556,0.0,-0.01694784685309298,-0.9795918367346939
-0.027777777777777776,-1.0,-0.632792983151199,-0.10204081632653061
0.5,0.0,0.8492852190564231,0.6122448979591837
-0.6111111111111112,0.0,0.29351689832392397,0.3877551020408163
0.5277777777777778,0.0,0.010146697921137487,0.6326530612244898
0.9166666666666666,-1.0,-0.42075781086643116,0.5306122448979592
-0.8055555555555556,-1.0,0.4947450669660053,0.6326530612244898
0.3611111111111111,-1.0,-0.9466803129849121,-0.5510204081632653
-1.0,0.0,0.6815235454015209,-0.6326530612244898
-0.6666666666666666,-1.0,-0.6978551069145014,0.08163265306122448
0.1388888888888889,0.0,0.8985000055025477,-0.7755102040816326
0.3888888888888889,-1.0,-0.03223392430695412,-0.08163265306122448
0.2222222222222222,-1.0,-0.8312808830488516,-0.7755102040816326
0.08333333333333333,0.0,0.9958070586681633,0.6530612244897959
0.9722222222222222,0.0,0.43388688962989863,-0.8367346938775511
0.4166666666666667,-1.0,-0.7263913191807807,0.5714285714285714
0.8333333333333334,0.0,0.025817953712568918,-0.3877551020408163
-0.3333333333333333,0.0,0.36732807289775166,0.42857142857142855
-0.8888888888888888,0.0,-0.38930524832997676,0.20408163265306123
-0.7777777777777778,0.0,-0.6715089086246933,0.2653061224489796
0.75,-1.0,-0.649817865671806,0.12244897959183673
-0.6111111111111112,0.0,-0.5839963903287222,-1.0204081632653061
0.5555555555555556,-1.0,-0.6377562811581763,-0.7959183673469388
-0.2222222222222222,0.0,0.6614942718478656,0.22448979591836735
0.3333333333333333,-1.0,-0.9667646120153631,0.7346938775510204
0.9166666666666666,0.0,0.8007967689040025,0.9387755102040817
0.5833333333333334,-1.0,0.2448963870271936,-0.2653061224489796
-0.8333333333333334,-1.0,-0.1759274544113925,0.5510204081632653
-0.3611111111111111,0.0,-0.2339133018587606,-0.3469387755102041
0.19444444444444445,0.0,0.5612488582213565,-0.04081632653061224
-0.8333333333333334,0.0,0.6911860191268557,-0.7755102040816326
0.4166666666666667,-1.0,-0.5614579550331804,-0.4897959183673469
0.2222222222222222,-1.0,-0.45208931735393487,0.12244897959183673
0.1111111111111111,0.0,0.05455225769531293,-0.3673469387755102
0.7222222222222222,0.0,0.7532767671431873,-0.6530612244897959
0.5833333333333334,0.0,-0.2872109786831303,-0.8979591836734694
-0.8333333333333334,-1.0,-0.3455709993727096,-0.673469387755102
0.2777777777777778,-1.0,-0.7096525691395116,-0.9183673469387755
0.6111111111111112,-1.0,-0.9287640177402137,0.9591836734693877
-0.75,-1.0,0.859453927168279,0.10204081632653061
0.9166666666666666,-1.0,0.8749380963386048,0.9387755102040817
-0.08333333333333333,-1.0,-0.5914248296961493,-0.7346938775510204
-0.19444444444444445,0.0,0.6744802843716641,0.6938775510204082
0.4166666666666667,-1.0,0.6287100927729539,-0.7142857142857143
-0.5277777777777778,0.0,0.24806585449062915,0.12244897959183673
0.9166666666666666,-1.0,0.17678585184940626,0.6326530612244898
-0.8333333333333334,-1.0,-0.7035887615966192,0.10204081632653061
0.19444444444444445,-1.0,-0.3563890081107553,-0.5306122448979592
-0.027777777777777776,-1.0,0.8707891753882048,0.6938775510204082
0.8611111111111112,0.0,0.775584095436187,-0.2857142857142857
-0.027777777777777776,-1.0,-0.2922513123576216,-0.46938775510204084
0.3333333333333333,0.0,0.09440170799079974,-0.04081632653061224
-0.3055555555555556,0.0,0.5596971397757161,0.9591836734693877
0.05555555555555555,0.0,-0.2910187416773966,0.08163265306122448
0.4722222222222222,-1.0,0.016452617561931174,-0.12244897959183673
-0.6944444444444444,0.0,-0.39794424818691054,0.7142857142857143
0.05555555555555555,0.0,-0.5384132853511175,0.16326530612244897
-0.25,0.0,-0.55575731563714,-0.1836734693877551
-1.0,-1.0,-0.16902725962120463,0.32653061224489793
0.5555555555555556,0.0,0.4425589047729099,-0.40816326530612246
-0.9722222222222222,-1.0,-0.16923635643302848,0.8163265306122449
-0.19444444444444445,-1.0,-0.949442591920059,-0.3673469387755102
0.4444444444444444,0.0,-0.1982017674183147,0.9387755102040817
-1.0,0.0,0.07887351843903727,-0.30612244897959184
-0.2777777777777778,0.0,-0.21790088811119548,0.8571428571428571
0.3333333333333333,0.0,-0.2811581762355971,-0.04081632653061224
-0.8055555555555556,-1.0,0.24059339474176544,-0.5918367346938775
-0.6111111111111112,0.0,0.9043987366150528,-0.7142857142857143
-0.5277777777777778,0.0,-0.8692484620379236,-0.42857142857142855
0.7777777777777778,-1.0,0.07985297192600174,0.5306122448979592
0.5,0.0,-0.7093444264694554,0.5714285714285714
-0.9722222222222222,-1.0,-0.3197530456601406,0.9387755102040817
0.5277777777777778,0.0,-0.8722748632616901,-0.4489795918367347
-0.1388888888888889,0.0,-0.7786765272321085,0.5918367346938775
-0.6944444444444444,0.0,0.9710896144915095,0.6326530612244898
-0.8055555555555556,-1.0,-0.38573959743361175,0.24489795918367346
0.2777777777777778,0.0,0.1449921313568182,0.673469387755102
0.8888888888888888,-1.0,-0.6151408101951203,-0.40816326530612246
-0.3888888888888889,-1.0,-0.8112736196859146,0.40816326530612246
-0.5277777777777778,0.0,-0.8007857638086434,-0.9387755102040817
-0.5555555555555556,-1.0,0.294463336524811,-0.8163265306122449
0.3888888888888889,-1.0,0.09479789142372919,-0.02040816326530612
-0.9166666666666666,-1.0,0.6197299349598864,0.9591836734693877
-0.3611111111111111,0.0,-0.019225901592437297,-0.02040816326530612
0.05555555555555555,-1.0,0.0,0.7551020408163265
0.5277777777777778,0.0,-0.6421363091111184,0.3469387755102041
-0.4444444444444444,-1.0,-0.6403864989490133,-0.40816326530612246
-0.08333333333333333,-1.0,-0.33660184665500126,0.3469387755102041
0.7222222222222222,-1.0,-0.8404921478644612,0.5918367346938775
-0.19444444444444445,-1.0,-0.9166804230358656,-0.673469387755102
0.3611111111111111,-1.0,0.7583611211991151,0.14285714285714285
1.0,-1.0,0.580639836244181,-0.8775510204081632
0.8333333333333334,0.0,0.31192842285978406,0.30612244897959184
-0.6666666666666666,-1.0,-0.7369121903441294,-0.46938775510204084
0.9722222222222222,0.0,-0.9506311422188474,0.12244897959183673
0.3333333333333333,-1.0,0.894956364796901,-0.02040816326530612
0.75,0.0,-0.39543508644502406,-0.08163265306122448
0.6666666666666666,0.0,-0.013327170479932208,0.8979591836734694
-0.19444444444444445,0.0,0.9683163304610034,-0.6530612244897959
0.16666666666666666,-1.0,-0.0906819857594066,-0.24489795918367346
-0.6944444444444444,0.0,0.7765635489231514,0.2857142857142857
1.0,0.0,0.9038814971331727,0.9387755102040817
0.8611111111111112,-1.0,0.5066415750492478,-0.6530612244897959
0.19444444444444445,0.0,0.9020326411128352,-0.22448979591836735
0.19444444444444445,0.0,-0.12244269096591721,0.2653061224489796
-0.6666666666666666,0.0,-0.9792774054387181,-0.7142857142857143
0.25,0.0,-0.02077762003807763,0.22448979591836735
0.5,0.0,0.29264749579055105,0.061224489795918366
0.05555555555555555,-1.0,0.7663288102391407,0.5510204081632653
-0.9444444444444444,0.0,-0.06665786259037934,-0.16326530612244897
-0.5555555555555556,0.0,0.8287056907348103,0.10204081632653061
-0.4166666666666667,-1.0,0.04833437881739245,-0.3877551020408163
0.4166666666666667,-1.0,-0.18332287849274215,0.04081632653061224
-0.08333333333333333,-1.0,0.25465790661076076,0.16326530612244897
0.027777777777777776,0.0,-0.5896750195340442,-0.4489795918367347
-0.3611111111111111,0.0,-0.7144728009068199,-0.22448979591836735
-0.9444444444444444,0.0,-0.6271363641365952,0.061224489795918366
0.6666666666666666,0.0,0.8471282203660294,-0.8775510204081632
-0.6388888888888888,0.0,-0.2497716442712976,-0.6122448979591837
-0.5,-1.0,0.07329393509194757,-0.1836734693877551
-0.6111111111111112,-1.0,0.5585746200490828,0.1836734693877551
-0.5555555555555556,0.0,0.9984812968404371,-0.02040816326530612
-0.5833333333333334,0.0,-0.8261194933254097,0.12244897959183673
0.05555555555555555,-1.0,-0.38350556307570405,0.8571428571428571
-0.8333333333333334,0.0,-0.31143319356862226,0.3673469387755102
-0.5555555555555556,0.0,-0.9731255571329526,0.6326530612244898
0.6944444444444444,-1.0,0.6121364191620721,0.20408163265306123
0.8611111111111112,0.0,-0.7139445563295806,-0.8775510204081632
0.05555555555555555,-1.0,-0.966467474440666,-0.42857142857142855
0.6666666666666666,-1.0,0.37799201030076923,0.3673469387755102
-0.5555555555555556,-1.0,0.05714946020007263,0.6326530612244898
-0.2777777777777778,-1.0,0.7413802590599448,-0.5918367346938775
-0.9444444444444444,-1.0,-0.5391836420262581,0.4897959183673469
-0.8611111111111112,0.0,-0.3265651996874553,0.5714285714285714
0.3055555555555556,0.0,0.15375218726270262,-0.46938775510204084
-0.3055555555555556,0.0,-0.2575742568809359,-0.061224489795918366
-0.5277777777777778,-1.0,-0.382845257354155,0.2857142857142857
-0.5277777777777778,0.0,0.752231283084068,-0.9591836734693877
-0.4166666666666667,-1.0,-0.4252809050590423,0.9591836734693877
-0.4166666666666667,0.0,-0.30282720899776594,0.20408163265306123
0.5833333333333334,0.0,0.850440754069134,-0.04081632653061224
0.027777777777777776,-1.0,0.5733104427349863,-0.2857142857142857
0.6944444444444444,0.0,0.7803603068220586,-0.02040816326530612
0.75,0.0,-0.4908932835903023,-0.14285714285714285
1.0,0.0,0.13131279782539315,0.46938775510204084
-0.08333333333333333,-1.0,0.1483596905367185,0.08163265306122448
0.5833333333333334,0.0,-0.8816732146984053,-0.5510204081632653
0.8333333333333334,0.0,0.03357654594077058,0.6122448979591837
0.8888888888888888,0.0,0.24499543288542594,-0.40816326530612246
0.2777777777777778,-1.0,0.8832689535254823,0.0
-0.6666666666666666,-1.0,-0.7710279859574983,0.8775510204081632
0.3333333333333333,-1.0,0.6403424785675768,0.1836734693877551
-0.5833333333333334,-1.0,-0.8418457745936369,-0.42857142857142855
-0.4722222222222222,-1.0,-0.963771226077674,-0.16326530612244897
0.5833333333333334,-1.0,0.5004897267434822,-0.5510204081632653
-0.3611111111111111,0.0,-0.765118249749634,-0.7551020408163265
-0.7777777777777778,0.0,-0.21193612642653548,0.5102040816326531
0.75,0.0,0.7556428626454048,-0.6530612244897959
0.08333333333333333,0.0,-0.3364587804153323,-0.061224489795918366
0.7222222222222222,-1.0,0.610892843386488,0.04081632653061224
-0.9722222222222222,-1.0,0.274313006922205,0.1836734693877551
-0.7777777777777778,-1.0,-0.5930865990953812,-0.3673469387755102
-0.7222222222222222,0.0,-0.4637877337207127,0.6122448979591837
0.2777777777777778,0.0,0.37114684098737716,0.32653061224489793
-0.6944444444444444,0.0,0.08439807630933122,-0.8775510204081632
-0.5,0.0,-0.06663585239966105,-0.7142857142857143
-0.9722222222222222,0.0,-0.39793324309155137,0.3877551020408163
0.25,-1.0,-0.630613974270087,1.0
-0.4722222222222222,-1.0,-0.6496637943367779,0.2857142857142857
0.6388888888888888,0.0,0.2450944787436583,0.14285714285714285
0.08333333333333333,0.0,-0.9752165252511913,-0.3877551020408163
0.6388888888888888,-1.0,-0.24095656288861744,-0.20408163265306123
0.027777777777777776,-1.0,0.9168234892755346,0.7142857142857143
-0.4444444444444444,-1.0,0.8580342698669484,0.40816326530612246
0.8333333333333334,0.0,0.9540427217801842,0.4897959183673469
0.027777777777777776,-1.0,-0.01394345582004468,0.8775510204081632
-0.9444444444444444,-1.0,0.9989655210362398,0.9795918367346939
-0.2222222222222222,0.0,-0.4251598490100917,0.5510204081632653
-0.19444444444444445,0.0,-0.40942256264650534,0.04081632653061224
0.4444444444444444,-1.0,0.3271924901229269,-0.3673469387755102
0.9444444444444444,-1.0,-0.9432797385189343,0.6530612244897959
0.027777777777777776,0.0,0.5558893767814498,-0.08163265306122448
0.3055555555555556,0.0,0.8047035777565013,0.8163265306122449
1.0,-1.0,-0.145630426887649,-0.8775510204081632
0.1111111111111111,-1.0,-0.5145542386124776,0.061224489795918366
1.0,0.0,0.31565915018653634,-0.5714285714285714
0.6944444444444444,0.0,0.7130201283194119,0.6938775510204082
0.2222222222222222,0.0,0.2773173979552533,0.5918367346938775
-0.5555555555555556,0.0,-0.2612609638262516,0.8979591836734694
0.3888888888888889,0.0,0.37388710973180583,0.8979591836734694
0.8888888888888888,0.0,-0.8871427470919035,0.5714285714285714
-0.027777777777777776,-1.0,0.6340695742128606,0.8775510204081632
0.027777777777777776,-1.0,0.807234749689106,0.7346938775510204
0.6666666666666666,0.0,-0.389756457239702,1.0
0.5833333333333334,-1.0,-0.5360692000396183,-0.8775510204081632
0.1111111111111111,-1.0,-0.48277152321524863,-0.02040816326530612
-0.8055555555555556,0.0,0.8605544367041941,-0.46938775510204084
-0.7222222222222222,0.0,-0.33990337526274667,0.02040816326530612
-0.1111111111111111,0.0,-0.727359767572386,-0.5102040816326531
0.7222222222222222,0.0,0.9273773757249607,0.30612244897959184
0.8888888888888888,-1.0,-0.2273872803107839,0.02040816326530612
-0.4444444444444444,0.0,-0.7637976383065359,-0.40816326530612246
-0.4722222222222222,-1.0,-0.38045715166121913,-0.2857142857142857
-0.1111111111111111,0.0,0.9166253975590698,0.5918367346938775
-0.4166666666666667,-1.0,0.14571846765052218,0.7346938775510204
-0.027777777777777776,-1.0,0.7686839006459991,-0.673469387755102
-0.05555555555555555,-1.0,0.6605588387423377,-1.0
0.19444444444444445,-1.0,-0.051845004236961714,-0.5306122448979592
-0.8055555555555556,0.0,0.49156459440721056,0.20408163265306123
-0.19444444444444445,-1.0,0.3630911111844784,-0.9591836734693877
-0.3055555555555556,0.0,-0.7223084288025355,-0.5102040816326531
-0.19444444444444445,0.0,-0.5847557419085037,0.4489795918367347
0.2222222222222222,0.0,0.1744527716332662,-0.9183673469387755
-0.8333333333333334,0.0,0.3149108037021141,-0.4897959183673469
0.0,0.0,0.8383461542694267,-0.14285714285714285
0.3055555555555556,-1.0,0.1251389393289093,-0.7346938775510204
0.0,-1.0,0.5409334521883632,0.3469387755102041
0.9166666666666666,0.0,0.8391715364213631,-0.16326530612244897
0.2222222222222222,-1.0,-0.8946812374129222,0.3469387755102041
1.0,-1.0,0.4044262493534507,0.7346938775510204
-0.5,-1.0,-0.7239812032971266,0.08163265306122448
-0.08333333333333333,-1.0,-0.09828650665258014,0.46938775510204084
0.6111111111111112,0.0,0.8993143825591249,0.14285714285714285
0.8888888888888888,0.0,-0.5220597136474188,-0.5918367346938775
0.027777777777777776,0.0,0.5691505166892271,0.2653061224489796
-0.8055555555555556,-1.0,-0.8654847194250939,-0.9591836734693877
-0.4166666666666667,0.0,0.16060836167145387,-0.8979591836734694
-0.25,0.0,-0.05788680158913577,-0.24489795918367346
-0.9166666666666666,-1.0,0.015495174265685013,-0.9591836734693877
0.3333333333333333,0.0,-0.3928268788449052,-0.8775510204081632
0.3888888888888889,-1.0,-0.4168399969185733,0.04081632653061224
0.75,0.0,-0.16496637943367778,-0.5306122448979592
0.2777777777777778,-1.0,-0.8434745287067913,-0.9183673469387755
0.4166666666666667,-1.0,-0.24711941628974216,-0.14285714285714285
1.0,0.0,-0.6225032189903925,0.7551020408163265
0.5,-1.0,0.5014141547536509,0.9183673469387755
0.16666666666666666,-1.0,0.19240208216404195,0.9387755102040817
0.3888888888888889,-1.0,0.665169973697822,-0.30612244897959184
0.0,-1.0,0.8744318619520838,-0.5918367346938775
-0.4444444444444444,-1.0,-0.8735624594187109,-0.2653061224489796
0.3888888888888889,-1.0,0.8534781603882597,0.3877551020408163
-0.7777777777777778,-1.0,0.5775694146389778,-0.4897959183673469
0.8055555555555556,-1.0,0.8013250134812419,0.8775510204081632
-0.6944444444444444,0.0,0.6347298799344097,0.32653061224489793
-0.1388888888888889,0.0,-0.7876676901405351,0.6122448979591837
-0.8888888888888888,-1.0,0.19671607954482925,-0.4897959183673469
0.3333333333333333,-1.0,-0.6972938470511847,1.0
0.16666666666666666,-1.0,0.6655001265585966,-0.5918367346938775
0.5555555555555556,0.0,-0.6592162171085213,-0.3877551020408163
-0.5,-1.0,0.3939383934761795,0.8979591836734694
0.8055555555555556,0.0,-0.013437221433523721,-0.6326530612244898
0.4166666666666667,0.0,-0.8214093125116929,0.46938775510204084
-0.5,-1.0,0.6817876676901405,-0.2857142857142857
0.75,0.0,-0.048257343149878396,0.4489795918367347
-0.2222222222222222,0.0,-0.36170446916922533,0.673469387755102
-0.5555555555555556,-1.0,-0.31955495394367595,-0.7755102040816326
0.3055555555555556,-1.0,-0.7336766923085388,0.7959183673469388
-0.3055555555555556,0.0,0.9765701519803669,-0.8775510204081632
-0.8611111111111112,0.0,-0.7698284305633508,-0.9795918367346939
0.5833333333333334,0.0,0.14988939879164054,0.7142857142857143
0.8611111111111112,0.0,0.14302221928753012,0.7959183673469388
-0.19444444444444445,-1.0,-0.44309815444550826,0.12244897959183673
-0.75,-1.0,-0.795591358799124,0.8775510204081632
-0.2222222222222222,0.0,-0.8957047112813232,0.22448979591836735
-0.8888888888888888,0.0,-0.9125425071808247,-0.8367346938775511
0.8888888888888888,0.0,0.8077189738849088,0.30612244897959184
0.5277777777777778,0.0,-0.3392430695411976,0.22448979591836735
-0.19444444444444445,-1.0,-0.5953646538347255,0.14285714285714285
0.3055555555555556,-1.0,0.6463842759197509,-0.6938775510204082
-0.3888888888888889,0.0,-0.2827429099673149,0.5306122448979592
0.05555555555555555,0.0,-0.12290490497100158,-1.0204081632653061
0.1111111111111111,-1.0,0.2290600548053749,0.24489795918367346
-0.6111111111111112,-1.0,-0.44064401818041754,-0.8367346938775511
0.25,0.0,0.6571912795624374,-0.6326530612244898
0.6944444444444444,0.0,-0.5052109126525581,0.04081632653061224
0.9722222222222222,0.0,-0.44273498629865626,-0.9387755102040817
-0.3333333333333333,-1.0,-0.8535992164372104,-0.7959183673469388
-0.2777777777777778,0.0,0.7254008605984571,0.8775510204081632
0.7777777777777778,-1.0,0.3644007175322174,-0.9183673469387755
0.4722222222222222,0.0,-0.820760011885503,-0.6326530612244898
0.7777777777777778,0.0,0.7074405449723222,0.8367346938775511
-0.9166666666666666,0.0,0.3742062574972212,-0.7551020408163265
0.2777777777777778,0.0,-0.7831115806618464,0.5510204081632653
-1.0,-1.0,-0.11871196363916493,-0.6122448979591837
0.4166666666666667,0.0,0.526802909747213,-0.1836734693877551
0.1388888888888889,0.0,-0.15006548031738695,0.5306122448979592
0.6111111111111112,0.0,0.05637910352493204,0.061224489795918366
0.4444444444444444,-1.0,0.9658511891005536,-0.6122448979591837
0.1388888888888889,0.0,0.9262328458076089,0.061224489795918366
-0.9166666666666666,-1.0,0.8538413285351117,0.673469387755102
-0.4166666666666667,0.0,0.46495427382878274,-0.5714285714285714
0.4444444444444444,0.0,-0.408234012347717,-0.4489795918367347
-0.6944444444444444,-1.0,0.9614601560522522,0.061224489795918366
0.027777777777777776,-1.0,-0.6922315031859751,-0.32653061224489793
-0.5555555555555556,-1.0,-0.7257090032685133,-0.2857142857142857
-0.9444444444444444,-1.0,0.26808412294892536,0.5510204081632653
-0.027777777777777776,0.0,0.4456293263781131,-0.9591836734693877
-0.1388888888888889,-1.0,-0.4822212684472911,-0.1836734693877551
0.6111111111111112,0.0,-0.9760859277845643,0.02040816326530612
-0.6111111111111112,0.0,0.8949673698922601,-0.4489795918367347
-0.6944444444444444,0.0,-0.6491245446641796,0.8775510204081632
0.6388888888888888,0.0,0.8500225604454863,-0.46938775510204084
-0.5555555555555556,0.0,-0.5657719524139677,-0.5714285714285714
-0.3888888888888889,-1.0,0.6950928279793545,-0.7755102040816326
0.7777777777777778,-1.0,-0.37151000913422916,-0.08163265306122448
0.1111111111111111,0.0,-0.13952259896332,0.6122448979591837
0.6666666666666666,-1.0,-0.4968140248935257,-0.30612244897959184
0.1111111111111111,-1.0,-0.44212970605390295,-0.9795918367346939
-0.8055555555555556,-1.0,-0.6174188649344646,-0.6530612244897959
-1.0,0.0,-0.06735118359800588,-0.061224489795918366
-0.2777777777777778,-1.0,-0.6092750943686928,-0.8979591836734694
0.4444444444444444,0.0,0.2779006680092883,0.08163265306122448
0.8888888888888888,-1.0,0.49396370519550553,-0.9591836734693877
-0.9166666666666666,-1.0,0.23018257453200833,-0.02040816326530612
-0.027777777777777776,0.0,0.7437133392760849,-0.5918367346938775
-0.6666666666666666,-1.0,-0.6165054420196551,0.08163265306122448
-0.9166666666666666,0.0,0.618530379565739,0.8163265306122449
0.6666666666666666,0.0,0.3873133260699704,0.7959183673469388
0.6388888888888888,-1.0,0.4077497881519143,0.22448979591836735
-0.5277777777777778,-1.0,0.9881805275842716,-0.3673469387755102
-0.5555555555555556,0.0,-0.311994453431939,-0.2857142857142857
0.4166666666666667,-1.0,0.950675162600284,0.12244897959183673
0.027777777777777776,0.0,-0.7185226759989876,-0.6326530612244898
-0.25,-1.0,0.22222589058734193,-0.3673469387755102
-0.5277777777777778,-1.0,-0.7679355541615768,0.6326530612244898
-0.8611111111111112,0.0,0.779006680092883,-0.2653061224489796
-0.4166666666666667,0.0,-0.8718346594473241,-0.14285714285714285
0.4722222222222222,-1.0,0.8725389855503098,-0.7755102040816326
0.8611111111111112,0.0,0.2759747763214368,-0.6938775510204082
-0.8888888888888888,0.0,-0.9706053902957069,-0.5918367346938775
-0.6666666666666666,0.0,-0.5133987035997667,-0.9183673469387755
-0.5555555555555556,-1.0,-0.30202383703654795,-0.7959183673469388
-0.19444444444444445,-1.0,-0.9119042116499939,-0.2653061224489796
0.2222222222222222,0.0,0.3517008374877568,-0.20408163265306123
0.2222222222222222,-1.0,-0.3492577063180252,0.04081632653061224
0.0,0.0,-0.7250046771655276,-0.7142857142857143
0.0,-1.0,0.7476311532239427,0.04081632653061224
-0.6944444444444444,-1.0,0.47705987872384914,-0.02040816326530612
0.5833333333333334,-1.0,-0.31850946988455653,-1.0204081632653061
-0.1111111111111111,-1.0,-0.061001243575775584,-0.5306122448979592
-0.9722222222222222,-1.0,0.7740103667998284,-0.8163265306122449
0.08333333333333333,-1.0,-0.6176059515555702,-0.5510204081632653
-0.3055555555555556,-1.0,0.6417071103921116,-0.02040816326530612
0.1388888888888889,-1.0,-0.7001991922260007,-0.14285714285714285
0.7777777777777778,0.0,-0.37017839259577184,0.3877551020408163
0.6944444444444444,0.0,0.9048499455247779,-0.8775510204081632
-0.8611111111111112,-1.0,0.35305446421693243,-0.16326530612244897
-0.9444444444444444,0.0,0.5485819934629733,0.24489795918367346
-0.4722222222222222,0.0,-0.19375570889321755,0.8979591836734694
-0.6388888888888888,-1.0,0.8290468486909439,-0.24489795918367346
-0.6111111111111112,-1.0,-0.8066294694443528,-0.3673469387755102
-0.8888888888888888,0.0,-0.13798188561303884,0.10204081632653061
0.9722222222222222,0.0,-0.44543123466164836,-0.16326530612244897
-0.16666666666666666,-1.0,0.8240065150164526,-0.6530612244897959
-0.1111111111111111,-1.0,0.4855007868643182,-0.7142857142857143
0.9444444444444444,0.0,0.7285153025850969,0.46938775510204084
0.19444444444444445,0.0,0.07064170711039211,-0.16326530612244897
-0.3611111111111111,-1.0,0.1381029416619895,0.5102040816326531
0.5833333333333334,0.0,-0.7780712469873552,-0.5918367346938775
0.9722222222222222,-1.0,0.944490299008441,-0.8163265306122449
-0.4444444444444444,0.0,-0.4431641850176632,0.1836734693877551
-0.8611111111111112,-1.0,-0.8062002707253458,-0.08163265306122448
0.08333333333333333,0.0,0.21802194416014614,0.12244897959183673
-0.05555555555555555,-1.0,0.85334609924395,-0.8367346938775511
-0.08333333333333333,0.0,0.7428219265519935,0.14285714285714285
-0.9722222222222222,-1.0,0.08104152222479008,-0.9183673469387755
-0.6944444444444444,0.0,-0.43299547690580736,0.22448979591836735
-0.3055555555555556,-1.0,0.30018598611156966,-0.14285714285714285
0.5833333333333334,0.0,-0.2907326091980587,0.8775510204081632
0.8055555555555556,-1.0,-0.24207908261525085,0.20408163265306123
0.5,0.0,-0.7424697635005008,-0.6326530612244898
0.9444444444444444,0.0,0.6241980036757019,0.4897959183673469
0.4722222222222222,0.0,0.33657983646428297,0.5510204081632653
0.25,-1.0,0.5301044383549584,-0.2857142857142857
-0.1111111111111111,0.0,-0.22125744219573662,-0.14285714285714285
-0.6388888888888888,-1.0,0.41992142361913565,0.1836734693877551
0.3055555555555556,0.0,-0.5605445321183709,0.5714285714285714
0.9444444444444444,0.0,0.29687345240846513,-0.20408163265306123
0.4722222222222222,-1.0,-0.7878987971430772,-0.20408163265306123
-0.3055555555555556,0.0,-0.1796911970242222,0.1836734693877551
0.5,-1.0,-0.23506883687147148,-0.30612244897959184
0.3888888888888889,0.0,-0.32331869655650564,0.5510204081632653
0.75,-1.0,-0.8389734447048983,-0.3877551020408163
0.6666666666666666,0.0,-0.09782429264749579,-0.46938775510204084
-0.8888888888888888,0.0,0.1543684726028151,0.12244897959183673
-0.05555555555555555,0.0,-0.0564561391924461,0.7346938775510204
-0.9444444444444444,0.0,0.6370959754366271,-0.5306122448979592
-0.4722222222222222,0.0,-0.5349246701222666,-0.7959183673469388
-0.5833333333333334,-1.0,-0.8641090825051999,-0.02040816326530612
0.8055555555555556,0.0,0.9880374613446026,-0.12244897959183673
-0.9444444444444444,0.0,-0.28773922326036955,-0.14285714285714285
0.0,-1.0,-0.9652569139511594,0.24489795918367346
0.6111111111111112,-1.0,-0.867894835308748,-0.9183673469387755
0.25,0.0,-0.6231525196165825,0.4489795918367347
0.5277777777777778,-1.0,-0.32928345824116567,0.0
-0.8333333333333334,0.0,0.37695753133700904,0.8979591836734694
0.4166666666666667,0.0,-0.45582004468068715,0.10204081632653061
0.7222222222222222,-1.0,0.39520397944248187,-1.0204081632653061
0.6388888888888888,0.0,-0.5465790661076079,-0.9795918367346939
0.2777777777777778,-1.0,0.027545753683955673,0.20408163265306123
0.7222222222222222,-1.0,-0.7046012303696612,-0.2653061224489796
-0.5277777777777778,0.0,-0.9640573585570119,-0.32653061224489793
-0.7777777777777778,-1.0,0.421330075825107,-0.6938775510204082
0.4166666666666667,0.0,0.25100421495152253,-0.12244897959183673
0.3888888888888889,0.0,0.8082692286528663,-0.24489795918367346
0.2222222222222222,0.0,0.7736692088436946,-0.6122448979591837
-1.0,0.0,0.8400959644315318,1.0
0.25,0.0,0.3522731024464327,0.7551020408163265
-0.6944444444444444,-1.0,-0.5882553622327138,0.6938775510204082
-0.4722222222222222,0.0,0.04389932538765448,-0.32653061224489793
0.6388888888888888,-1.0,-0.2344745617220773,-0.673469387755102
0.3888888888888889,0.0,-0.962252522918111,-0.7755102040816326
0.5277777777777778,-1.0,0.7249936720701685,-0.8571428571428571
-0.08333333333333333,-1.0,-0.6243740852014483,0.9795918367346939
0.1388888888888889,0.0,-0.11206488604223755,-0.7551020408163265
0.6944444444444444,-1.0,0.6613402005128375,0.7551020408163265
-0.6944444444444444,-1.0,0.09134229148095568,0.7959183673469388
-0.25,-1.0,0.6864208128363433,-0.04081632653061224
-0.2222222222222222,0.0,-0.4622029999889949,-0.16326530612244897
0.9722222222222222,-1.0,0.3920785323604829,-0.32653061224489793
-0.16666666666666666,0.0,-0.23371521014229588,0.9183673469387755
0.3055555555555556,-1.0,0.19352460189067539,0.46938775510204084
-0.8611111111111112,-1.0,0.7663068000484224,-0.7142857142857143
0.4166666666666667,0.0,0.13769575313370092,0.5102040816326531
-0.3611111111111111,0.0,0.608284635786369,0.7551020408163265
0.8333333333333334,-1.0,0.42419140061848637,-0.6326530612244898
0.19444444444444445,0.0,-0.38189881915326795,-0.6122448979591837
0.6388888888888888,-1.0,-0.9721571087413472,0.2653061224489796
-0.9722222222222222,-1.0,-0.14677495680500072,0.7346938775510204
0.7222222222222222,0.0,0.4571406561237853,-0.7551020408163265
-0.19444444444444445,-1.0,0.08423299987894395,-0.10204081632653061
-0.8333333333333334,0.0,0.5203209085806728,0.2857142857142857
-0.6388888888888888,0.0,0.5497045131896068,0.8979591836734694
0.8611111111111112,0.0,-0.5832040234628633,-0.5714285714285714
-0.7777777777777778,-1.0,-0.46396381524645913,0.22448979591836735
0.6111111111111112,0.0,-0.45776794655925696,-0.061224489795918366
-0.7222222222222222,-1.0,0.7658996115201339,-0.6122448979591837
-0.1111111111111111,-1.0,-0.857715122101533,-0.6530612244897959
0.1111111111111111,0.0,-0.31717785334609927,0.2653061224489796
-0.027777777777777776,0.0,-0.18528178546667107,0.2653061224489796
0.6111111111111112,0.0,-0.24387291315879253,0.8367346938775511
-0.3055555555555556,-1.0,-0.6877414242794414,0.12244897959183673
0.027777777777777776,-1.0,-0.6719491124390593,-0.5714285714285714
1.0,0.0,-0.2347937094874927,0.6326530612244898
0.08333333333333333,-1.0,-0.607921467639517,-0.6122448979591837
0.6666666666666666,-1.0,0.6479690096514686,0.3469387755102041
-0.8888888888888888,-1.0,0.7708849197178294,-0.02040816326530612
0.1111111111111111,-1.0,0.3234397526054563,0.061224489795918366
0.5555555555555556,0.0,-0.039585328006867176,0.3877551020408163
0.5277777777777778,-1.0,0.4983767484345252,-0.46938775510204084
0.027777777777777776,-1.0,0.5462599183421925,-0.3469387755102041
-0.7777777777777778,-1.0,-0.7331814630173771,0.22448979591836735
0.4166666666666667,-1.0,-0.6995278814090924,-0.6122448979591837
-0.6111111111111112,-1.0,-0.6993958202647826,0.4489795918367347
0.2777777777777778,-1.0,0.9493875664432633,-0.42857142857142855
-0.16666666666666666,0.0,-0.15090186756468243,-0.1836734693877551
0.3333333333333333,0.0,-0.4025443780470358,-0.4489795918367347
0.9166666666666666,0.0,0.8571648673335754,-0.8163265306122449
-0.19444444444444445,-1.0,0.010487855877271177,-0.5918367346938775
0.0,-1.0,-0.17434272067967468,0.2857142857142857
-0.6111111111111112,0.0,0.5819054222104835,0.6326530612244898
0.5833333333333334,0.0,0.9333861577910573,0.46938775510204084
0.9722222222222222,-1.0,-0.902516865308638,0.6530612244897959
0.8888888888888888,0.0,-0.011236202361693464,0.1836734693877551
0.2222222222222222,-1.0,0.03695511021603002,0.20408163265306123
-0.8611111111111112,-1.0,0.7760353043459122,0.02040816326530612
0.9722222222222222,0.0,-0.5052989534154313,-0.10204081632653061
-0.3055555555555556,0.0,-0.07279870580078576,-0.7959183673469388
-0.2777777777777778,0.0,0.40646219199489364,-0.08163265306122448
-0.25,0.0,0.061364411722627576,0.42857142857142855
-0.05555555555555555,-1.0,-0.6448215523787514,-0.3469387755102041
-0.6388888888888888,0.0,-0.8425280905059043,-0.8571428571428571
0.3888888888888889,-1.0,0.9144463886779579,0.22448979591836735
0.25,-1.0,0.35955847557419085,0.42857142857142855
0.4722222222222222,-1.0,-0.8880891852927906,-0.1836734693877551
0.4722222222222222,0.0,0.2549880594715353,0.5306122448979592
0.9444444444444444,-1.0,-0.2717598247988819,0.16326530612244897
0.7222222222222222,0.0,-0.7970220211958137,0.5306122448979592
0.5277777777777778,-1.0,-0.3691329085366525,0.02040816326530612
-0.1388888888888889,-1.0,-0.058855249980741084,-0.4897959183673469
-0.25,0.0,-0.7029394609704294,0.02040816326530612
-0.19444444444444445,-1.0,0.8836761420537709,-0.7551020408163265
-0.6111111111111112,-1.0,-0.10343689128066294,0.08163265306122448
0.9166666666666666,-1.0,-0.6879945414727019,-0.7755102040816326
-0.3888888888888889,-1.0,0.9541417676384166,-0.42857142857142855
0.8055555555555556,0.0,0.15401630955132226,0.04081632653061224
0.6944444444444444,0.0,0.6390989027919927,-0.7755102040816326
0.9444444444444444,-1.0,0.22861985099100884,-0.3673469387755102
-0.2777777777777778,-1.0,-0.7357896706174959,0.6938775510204082
0.9166666666666666,-1.0,0.5166892271121529,-0.1836734693877551
0.16666666666666666,0.0,-0.30946328149933416,-0.3877551020408163
0.3055555555555556,-1.0,0.6865858892667305,0.3469387755102041
0.027777777777777776,0.0,0.03111140458032069,0.14285714285714285
-0.6666666666666666,0.0,-0.8949233495108235,0.16326530612244897
0.0,0.0,-0.22784949431586823,-0.061224489795918366
-0.19444444444444445,0.0,0.6646967545973785,-0.40816326530612246
-0.4722222222222222,-1.0,-0.7761563603948628,-0.3673469387755102
-0.3888888888888889,0.0,0.5352988433644777,-0.8163265306122449
0.05555555555555555,-1.0,-0.3943015616230315,-0.5510204081632653
0.5833333333333334,0.0,0.1736824149581256,0.5102040816326531
-0.16666666666666666,-1.0,0.36895682701090604,0.9387755102040817
0.7222222222222222,-1.0,0.17270296147116115,-0.3877551020408163
0.9444444444444444,-1.0,-0.8198355838753343,-0.9183673469387755
0.3611111111111111,-1.0,0.22814663189056533,-0.6938775510204082
0.3888888888888889,0.0,-0.23247163436671178,0.4897959183673469
-0.4444444444444444,0.0,0.21682238876599866,0.7346938775510204
0.19444444444444445,0.0,0.9205101962208503,-0.2653061224489796
0.05555555555555555,0.0,0.15540295156657533,0.9591836734693877
-0.6111111111111112,0.0,0.36930899006239887,-0.42857142857142855
-0.16666666666666666,-1.0,-0.08017211969141713,-0.2653061224489796
0.4166666666666667,-1.0,0.11927322350248165,0.061224489795918366
-0.5555555555555556,-1.0,-0.8098539623845841,-0.4897959183673469
0.8611111111111112,-1.0,0.7398285406143045,0.2653061224489796
0.6944444444444444,-1.0,-0.3667778181297941,-0.1836734693877551
-0.4722222222222222,0.0,-0.5748511560852675,0.3469387755102041
0.5555555555555556,0.0,-0.5725951115366414,-0.12244897959183673
0.3055555555555556,-1.0,0.7034456953569502,-0.3877551020408163
0.3055555555555556,0.0,-0.21317970220211957,-0.7959183673469388
0.6944444444444444,-1.0,0.2013822399771094,-0.9387755102040817
-0.3333333333333333,0.0,0.21139687675393706,-0.30612244897959184
-0.7222222222222222,0.0,0.6148436726204233,-0.9795918367346939
-0.2777777777777778,-1.0,0.5165241506817656,0.2857142857142857
-0.08333333333333333,0.0,-0.34857539040575786,0.5918367346938775
0.5277777777777778,0.0,-0.12509491894747268,0.3469387755102041
-0.5277777777777778,-1.0,0.232559675129585,-0.1836734693877551
-0.5555555555555556,0.0,-0.7508666512595331,0.46938775510204084
-0.8611111111111112,0.0,0.5715276172868038,0.6326530612244898
-0.5,-1.0,-0.7243663816346969,0.9183673469387755
-0.4166666666666667,0.0,0.6689777366920885,0.08163265306122448
0.027777777777777776,0.0,0.6489264529477148,-0.30612244897959184
0.9166666666666666,-1.0,-0.9054992461509679,-0.5510204081632653
0.8888888888888888,0.0,0.9295783947967909,-0.7755102040816326
0.3333333333333333,-1.0,-0.026379213575885636,-0.4489795918367347
-0.4444444444444444,-1.0,-0.04164328083902847,-0.8979591836734694
-0.3333333333333333,0.0,0.8116367878327666,0.16326530612244897
0.027777777777777776,-1.0,0.00957443296246162,0.3673469387755102
-0.75,0.0,0.4817700595375659,0.8571428571428571
0.8333333333333334,-1.0,0.4421847315306987,0.5510204081632653
-0.6944444444444444,0.0,0.9964563592943533,0.9591836734693877
-0.8611111111111112,-1.0,-0.764601010267754,0.6122448979591837
0.8055555555555556,0.0,0.8980377914974633,-0.04081632653061224
0.7777777777777778,-1.0,0.6791244346132259,-0.04081632653061224
0.25,0.0,0.9690096514686299,0.6326530612244898
-0.1388888888888889,-1.0,0.34279771534220344,-0.5510204081632653
-0.3333333333333333,-1.0,-0.16757458703379666,0.5102040816326531
-0.16666666666666666,-1.0,0.6084056918353198,-0.12244897959183673
0.8333333333333334,-1.0,0.8330086830202383,-0.3877551020408163
0.4166666666666667,0.0,0.8189881915326797,-0.5102040816326531
-0.08333333333333333,0.0,0.2700650401135726,-0.42857142857142855
0.19444444444444445,0.0,-0.18501766317805143,-0.9591836734693877
0.5555555555555556,-1.0,-0.10436131929083166,0.0
-0.6111111111111112,-1.0,0.21662429704953393,0.7551020408163265
-0.1388888888888889,-1.0,0.5667844211870096,0.3877551020408163
-0.08333333333333333,0.0,-0.2624715243157582,-0.08163265306122448
-0.6944444444444444,-1.0,-0.17060098825756326,-0.08163265306122448
0.6111111111111112,-1.0,-0.9344206367548175,-0.14285714285714285
-0.5277777777777778,-1.0,0.7805804087292416,0.9591836734693877
0.8888888888888888,-1.0,0.8758405141580552,0.2653061224489796
0.8333333333333334,-1.0,0.7313216019016805,0.8775510204081632
0.6944444444444444,0.0,0.045781196694069354,-0.32653061224489793
-0.6666666666666666,0.0,0.1718775793192248,0.42857142857142855
-0.6666666666666666,-1.0,0.3013305160289214,-0.7755102040816326
-0.3055555555555556,-1.0,0.8877920477180935,0.42857142857142855
0.9722222222222222,0.0,-0.6758669263869171,-0.02040816326530612
-0.3333333333333333,0.0,-0.2892579264199324,-0.5102040816326531
-0.9722222222222222,-1.0,-0.8720657664498663,0.1836734693877551
0.4722222222222222,0.0,0.816611090935103,0.6530612244897959
0.1111111111111111,-1.0,-0.6563218770290644,0.1836734693877551
0.6666666666666666,0.0,0.8001914886592493,-0.8163265306122449
-0.1388888888888889,0.0,-0.3817777631043173,0.22448979591836735
0.3055555555555556,0.0,0.6885668064313777,-0.04081632653061224
-0.8611111111111112,0.0,0.41709311411183375,-0.9183673469387755
-0.4722222222222222,0.0,-0.47581630294826505,0.8571428571428571
-0.5833333333333334,0.0,0.1659128176345648,-0.6326530612244898
1.0,-1.0,-0.10549484411282424,-0.8367346938775511
-0.25,-1.0,-0.2972146103645988,0.9795918367346939
0.08333333333333333,-1.0,0.9154148370695632,0.16326530612244897
0.0,0.0,0.6932109566729395,0.12244897959183673
-0.9722222222222222,-1.0,-0.9653999801908284,-0.4489795918367347
0.1388888888888889,0.0,-0.30314635676318136,-0.4489795918367347
-0.6388888888888888,0.0,0.7116885117809546,1.0
0.4444444444444444,-1.0,-0.7809765921621711,0.673469387755102
0.05555555555555555,-1.0,-0.8791640529565189,-0.14285714285714285
-0.4166666666666667,-1.0,-0.386047740103668,0.30612244897959184
0.5,0.0,-0.38622382162941443,0.16326530612244897
-0.6944444444444444,-1.0,-0.1985099100883709,0.4897959183673469
0.2222222222222222,-1.0,-0.46524040630812064,-0.20408163265306123
0.0,-1.0,-0.10309573332452926,0.10204081632653061
0.3055555555555556,-1.0,0.04643049732025928,0.8163265306122449
-0.5277777777777778,0.0,-0.5052769432247131,-0.46938775510204084
-0.9166666666666666,-1.0,-0.6415090186756468,-0.673469387755102
0.4444444444444444,0.0,0.3150758801325014,0.061224489795918366
0.6111111111111112,0.0,-0.40694641619069627,0.5714285714285714
0.4722222222222222,0.0,0.40277548504957794,-0.8775510204081632
-0.3888888888888889,-1.0,-0.5745099981291338,-0.20408163265306123
0.9444444444444444,0.0,-0.16160982534913665,-0.5918367346938775
-0.1111111111111111,-1.0,0.7644139236466484,-0.8367346938775511
-0.8055555555555556,0.0,0.3433699803008793,-0.40816326530612246
-0.3333333333333333,-1.0,0.9057523633442284,0.8979591836734694
-0.8611111111111112,-1.0,-0.3206664685749502,-0.5306122448979592
0.8055555555555556,0.0,-0.6080205134977494,0.8775510204081632
-1.0,0.0,-0.8253601417456282,0.12244897959183673
-0.5555555555555556,-1.0,0.3725664982887077,0.3673469387755102
0.2777777777777778,-1.0,-0.017520111811768848,-0.08163265306122448
0.6944444444444444,-1.0,-0.7099607118095679,0.8775510204081632
-1.0,0.0,0.9715408234012348,-0.24489795918367346
0.9444444444444444,0.0,0.5352658280784003,-0.8367346938775511
-0.5555555555555556,0.0,-0.6931449261007847,0.5306122448979592
-0.9722222222222222,0.0,0.7437683647528806,-0.6122448979591837
-0.3611111111111111,0.0,-0.30775749171866573,0.5918367346938775
0.3333333333333333,0.0,0.8552499807410832,-0.6326530612244898
0.5555555555555556,-1.0,0.43951049335842496,0.673469387755102
-0.7777777777777778,-1.0,0.11371565034611025,-0.10204081632653061
-0.05555555555555555,0.0,-0.08631296290182354,0.9387755102040817
0.6666666666666666,0.0,-0.7058007857638087,-0.46938775510204084
-0.4166666666666667,-1.0,0.5322944523314295,-0.5510204081632653
-0.7222222222222222,0.0,0.09648167101367934,-0.8163265306122449
0.3888888888888889,-1.0,-0.4393894373094743,0.8571428571428571
-0.7222222222222222,0.0,-0.6985814432082054,0.5510204081632653
-0.3888888888888889,0.0,-0.48282654869204444,0.4897959183673469
0.8611111111111112,-1.0,-0.809842957289225,0.8979591836734694
0.3611111111111111,-1.0,-0.458571318520475,0.6326530612244898
0.05555555555555555,0.0,0.9120472778896629,-0.1836734693877551
0.5277777777777778,-1.0,-0.8461817821651425,0.673469387755102
0.16666666666666666,0.0,-0.9326268062112758,0.6122448979591837
-0.8333333333333334,-1.0,-0.08683020238370366,-0.40816326530612246
0.2222222222222222,0.0,-0.58791420427658,0.5102040816326531
0.3611111111111111,0.0,0.41687301220465073,-0.22448979591836735
-0.6666666666666666,0.0,-0.636578735954747,0.5306122448979592
1.0,-1.0,0.2745110986386697,0.8367346938775511
0.7222222222222222,-1.0,0.308428802535574,-0.7346938775510204
-0.1111111111111111,0.0,-0.46555955407353605,-0.08163265306122448
0.4166666666666667,0.0,-0.027160575346385378,-0.6938775510204082
0.4444444444444444,0.0,0.8478985770411701,-0.04081632653061224
-0.9444444444444444,0.0,-0.25733214478303457,0.8979591836734694
-0.4722222222222222,-1.0,0.9030781251719546,0.7551020408163265
-0.16666666666666666,0.0,-0.2827429099673149,0.3877551020408163
-1.0,0.0,-0.20304400937634123,0.4897959183673469
-0.4722222222222222,0.0,-0.6717950411040312,-0.8775510204081632
-0.4444444444444444,0.0,-0.18890246183983184,-0.5306122448979592
-0.5833333333333334,-1.0,0.73288432544268,-0.42857142857142855
-0.6388888888888888,-1.0,-0.07593515797814387,0.12244897959183673
0.25,-1.0,0.4228047586032333,0.7551020408163265
-1.0,0.0,0.9400992659601396,-1.0
-0.05555555555555555,-1.0,-0.559245930865991,0.32653061224489793
0.3055555555555556,0.0,-0.47862260226484865,-0.6938775510204082
-0.75,0.0,-0.3876434789307449,0.2857142857142857
0.25,0.0,0.4461245556692749,-0.5714285714285714
-0.1111111111111111,-1.0,-0.511747939295894,0.20408163265306123
0.1388888888888889,0.0,0.7407199533383957,0.2653061224489796
-0.05555555555555555,-1.0,0.22782748412514994,0.2653061224489796
-0.8055555555555556,0.0,-0.34552697899127294,0.0
0.6111111111111112,0.0,0.4078818492962242,-0.2857142857142857
-0.6944444444444444,0.0,0.021426920664267556,-0.12244897959183673
-0.3055555555555556,0.0,-0.3075704050975602,0.7755102040816326
0.16666666666666666,-1.0,-0.3819428395347046,-0.8163265306122449
-0.1388888888888889,0.0,-0.5828078400299339,-0.20408163265306123
-0.9166666666666666,-1.0,-0.772964882740709,0.673469387755102
-0.6111111111111112,0.0,0.5401410853225043,-0.6326530612244898
0.4722222222222222,0.0,-0.12740598897289446,-0.4489795918367347
0.7222222222222222,0.0,0.9753816016815786,0.24489795918367346
0.3611111111111111,0.0,0.6516227013107069,-0.3673469387755102
0.1111111111111111,0.0,0.7958334708970253,0.673469387755102
-0.4444444444444444,-1.0,-0.5664212530401576,-0.1836734693877551
0.19444444444444445,0.0,0.07747587132842507,-0.24489795918367346
-0.1111111111111111,0.0,-0.7809765921621711,-0.6938775510204082
0.7222222222222222,0.0,0.9378432214115136,0.7142857142857143
-0.3333333333333333,0.0,-0.5052439279386356,-0.02040816326530612
0.4166666666666667,0.0,-0.973521740565882,-0.40816326530612246
-0.6388888888888888,0.0,-0.9774945799905356,-0.4897959183673469
-0.4722222222222222,-1.0,0.9339144023682965,-0.7755102040816326
0.8611111111111112,0.0,0.6246051922039905,-0.8775510204081632
-0.027777777777777776,-1.0,0.3077905070047432,-0.7346938775510204
-0.6111111111111112,0.0,0.9329679641674095,0.32653061224489793
1.0,0.0,0.8362441810558289,0.8571428571428571
-0.6944444444444444,-1.0,0.051459825899391416,0.3469387755102041
-0.19444444444444445,0.0,-0.08032619102644524,-0.4897959183673469
-0.3055555555555556,-1.0,-0.8250299888848537,0.7346938775510204
0.75,-1.0,0.3298667282952007,-0.5306122448979592
-0.8055555555555556,0.0,-0.03094632814993342,-0.673469387755102
0.9444444444444444,0.0,-0.5406583248043845,-0.6326530612244898
0.4722222222222222,0.0,0.9256605808489331,0.22448979591836735
0.8333333333333334,-1.0,-0.137046452507511,-0.46938775510204084
-0.8888888888888888,-1.0,-0.4916856504561612,1.0
-0.8333333333333334,-1.0,0.24434613225923602,-0.40816326530612246
-0.6111111111111112,-1.0,-0.6199390317717103,-0.08163265306122448
0.25,0.0,-0.9261778203308132,0.8979591836734694
-0.3333333333333333,-1.0,0.2146213696941684,0.673469387755102
-0.3888888888888889,0.0,-0.3698812550210748,0.7755102040816326
0.8333333333333334,-1.0,-0.5840954361869546,-0.7142857142857143
0.6666666666666666,0.0,-0.2225010179713207,-0.40816326530612246
-0.4722222222222222,-1.0,-0.11826075472943973,0.1836734693877551
0.1388888888888889,0.0,0.7193040377694873,0.40816326530612246
0.4722222222222222,-1.0,0.2475596201041082,-0.30612244897959184
0.8055555555555556,-1.0,-0.594748368494613,-0.1836734693877551
1.0,0.0,-0.4934244555229071,-0.3877551020408163
0.8333333333333334,-1.0,0.26921764777091794,-0.22448979591836735
0.9444444444444444,-1.0,-0.7214170160784443,-0.8979591836734694
-0.6111111111111112,0.0,-0.624792278825096,-0.7959183673469388
-0.8333333333333334,-1.0,0.6149537235740148,0.14285714285714285
-0.3333333333333333,0.0,0.14482705492643094,0.0
0.027777777777777776,0.0,-0.8442228751912135,0.16326530612244897
0.3888888888888889,-1.0,-0.6818757084530137,0.0
0.9166666666666666,-1.0,-0.20977912773614182,-0.1836734693877551
-0.5555555555555556,-1.0,-0.19126855734204937,-0.8979591836734694
-0.8888888888888888,0.0,0.5950014856878735,-0.7755102040816326
-0.8611111111111112,0.0,0.0005612598633167157,0.9795918367346939
-0.2222222222222222,0.0,-0.449338043514147,-0.24489795918367346
0.8055555555555556,0.0,-0.5689304147820441,0.24489795918367346
0.027777777777777776,-1.0,0.2936709696589521,0.9183673469387755
0.5555555555555556,-1.0,0.7326422133447786,1.0
0.1388888888888889,0.0,-0.071797242123103,-0.5306122448979592
-0.9722222222222222,-1.0,0.9536025179658182,-0.6326530612244898
0.6388888888888888,0.0,0.17429870029823807,-0.30612244897959184
-0.4166666666666667,0.0,-0.05969163722803658,-1.0204081632653061
-0.6111111111111112,-1.0,-0.7930161664850826,-0.30612244897959184
0.9444444444444444,0.0,-0.6645756985484279,-0.8367346938775511
0.5277777777777778,-1.0,0.8361231250068781,-0.5306122448979592
0.7777777777777778,0.0,-0.9681512540306162,-0.24489795918367346
-0.1388888888888889,-1.0,-0.32582785829839217,-0.8163265306122449
-0.5,0.0,0.4324122068517724,-1.0
-0.8888888888888888,0.0,0.7824842902263748,0.9591836734693877
-0.3055555555555556,-1.0,-0.9524139676670298,0.5306122448979592
0.5555555555555556,-1.0,-0.009200259720250476,-0.8163265306122449
0.5277777777777778,0.0,-0.11714924009816545,-0.8367346938775511
0.1111111111111111,-1.0,-0.10451539062585977,0.7959183673469388
-0.05555555555555555,0.0,-0.022109236576534935,-0.1836734693877551
-0.19444444444444445,-1.0,0.5058271979926706,0.32653061224489793
-0.6944444444444444,-1.0,-0.09979420471678387,0.1836734693877551
-0.4722222222222222,-1.0,-0.02530071423068881,-0.7959183673469388
0.3888888888888889,0.0,0.45098880781801975,0.10204081632653061
-0.8888888888888888,-1.0,0.09878173594374196,0.7346938775510204
-0.08333333333333333,0.0,-0.43535056731266575,0.08163265306122448
0.6666666666666666,0.0,0.0062508941639979314,-0.30612244897959184
0.5277777777777778,-1.0,0.07504374525405262,-0.16326530612244897
0.027777777777777776,-1.0,0.6570041929413318,0.12244897959183673
0.5,0.0,0.6792675008528949,0.7346938775510204
0.25,-1.0,0.6363916493336415,-0.4897959183673469
0.0,-1.0,0.42681061331396436,0.5918367346938775
-0.5833333333333334,0.0,-0.6033213377793919,0.9387755102040817
0.4166666666666667,-1.0,-0.03235498035590478,-0.9183673469387755
-0.5833333333333334,-1.0,0.28956606908998866,0.8979591836734694
-0.75,-1.0,-0.44435273531645153,0.42857142857142855
0.027777777777777776,-1.0,0.28280894053946976,0.673469387755102
0.4444444444444444,-1.0,-0.10886240329272454,0.7551020408163265
0.8333333333333334,0.0,0.5616670518450042,0.6530612244897959
0.6388888888888888,-1.0,0.5365864395214984,-0.20408163265306123
-0.6111111111111112,-1.0,0.11130553446245611,-0.5918367346938775
-0.1388888888888889,0.0,0.6295354749248903,-0.6530612244897959
-0.3611111111111111,-1.0,-0.7361748489550662,-0.3877551020408163
-0.2222222222222222,0.0,0.8549308329756677,0.5714285714285714
-0.4444444444444444,0.0,0.35438608075538974,0.24489795918367346
0.08333333333333333,-1.0,0.8305435416597885,-0.2857142857142857
-0.6944444444444444,0.0,-0.4916746453608021,-0.8571428571428571
-0.3055555555555556,-1.0,0.4447929391308176,0.6122448979591837
0.9722222222222222,0.0,-0.005788680158913577,-0.5102040816326531
-0.8611111111111112,-1.0,0.9843507543992869,0.40816326530612246
-0.75,0.0,0.8850957993551014,-0.22448979591836735
-0.08333333333333333,-1.0,0.8030748236433469,-0.9183673469387755
-0.6944444444444444,0.0,-0.2998558332507951,0.24489795918367346
-0.7222222222222222,0.0,0.7463325519715628,-0.1836734693877551
-0.6666666666666666,0.0,-0.6055993925187362,-0.7755102040816326
-0.3333333333333333,0.0,0.7396084387071215,-0.8775510204081632
0.75,0.0,0.7531226958081592,0.7755102040816326
0.1388888888888889,0.0,-0.8746959842407035,-0.6530612244897959
-0.4166666666666667,0.0,0.5632737957674403,0.10204081632653061
0.6944444444444444,-1.0,0.6390989027919927,-0.5510204081632653
0.5555555555555556,-1.0,-0.20027072534583512,0.1836734693877551
0.7777777777777778,-1.0,0.9348608405691835,0.8775510204081632
-0.7777777777777778,0.0,0.6176939923184435,-0.22448979591836735
0.4444444444444444,0.0,0.4301011368263506,0.2653061224489796
-0.3055555555555556,-1.0,0.5177347111712723,0.3673469387755102
-0.6111111111111112,0.0,0.27097846302838213,-0.7346938775510204
-0.5277777777777778,0.0,0.9782099111888805,-0.061224489795918366
0.8888888888888888,0.0,0.37629722561546,-0.30612244897959184
0.027777777777777776,0.0,0.36313513156591504,-0.8979591836734694
0.1111111111111111,-1.0,-0.5072028349125646,-0.14285714285714285
0.3055555555555556,-1.0,0.31207148909945304,-0.3469387755102041
0.5,-1.0,-0.603838577261272,0.14285714285714285
0.1111111111111111,0.0,-0.8216184093235168,0.7142857142857143
-0.6111111111111112,-1.0,0.9105505849208183,0.7959183673469388
0.5277777777777778,0.0,0.7599348498354738,-0.20408163265306123
-0.75,-1.0,0.17032586087358448,0.04081632653061224
0.027777777777777776,-1.0,0.8471392254613886,-0.673469387755102
0.8333333333333334,-1.0,0.36633761431542805,0.20408163265306123
0.6944444444444444,-1.0,-0.8369485071588145,-0.5102040816326531
0.1111111111111111,-1.0,-0.26403424785675766,-0.10204081632653061
0.027777777777777776,-1.0,-0.9168454994662528,0.8979591836734694
-0.1111111111111111,0.0,0.7951841702708354,-0.20408163265306123
0.9444444444444444,0.0,0.6406946416190696,0.5306122448979592
-0.5555555555555556,-1.0,0.7533538028107013,0.6938775510204082
-0.9166666666666666,0.0,-0.6286220520100807,0.8979591836734694
0.3888888888888889,-1.0,0.24113264441436386,-0.1836734693877551
0.9722222222222222,-1.0,-0.8580562800576667,0.6122448979591837
0.05555555555555555,-1.0,0.09032982270791376,0.30612244897959184
-0.5833333333333334,-1.0,0.19464712161730882,0.12244897959183673
0.3055555555555556,0.0,-0.33477500082538214,0.30612244897959184
-0.4444444444444444,-1.0,-0.690041489209504,-0.12244897959183673
0.6111111111111112,-1.0,0.041489209504000354,-0.673469387755102
0.08333333333333333,0.0,0.5209481990161444,0.40816326530612246
0.8611111111111112,-1.0,0.39447764314877787,0.9795918367346939
0.16666666666666666,-1.0,-0.7290655573530544,-0.22448979591836735
-0.8055555555555556,0.0,0.6243630801060891,-0.5102040816326531
-0.08333333333333333,-1.0,0.8904882960810856,0.2857142857142857
0.4444444444444444,-1.0,-0.5306877084089934,0.1836734693877551
0.2777777777777778,0.0,-0.6505111866794325,-0.3673469387755102
-0.9166666666666666,0.0,0.19488923371521014,0.42857142857142855
0.5,-1.0,0.04676065018103382,-1.0
-0.3611111111111111,0.0,0.5967953162314151,0.7959183673469388
0.8888888888888888,-1.0,-0.10735470522852081,0.3469387755102041
0.6111111111111112,-1.0,0.8112075891137597,0.1836734693877551
-0.1111111111111111,-1.0,0.6343226914061211,-0.5510204081632653
-0.1388888888888889,-1.0,0.37340288553600315,0.1836734693877551
0.5277777777777778,0.0,0.4494921148491752,0.061224489795918366
1.0,-1.0,-0.8128473483222732,-0.5510204081632653
0.027777777777777776,-1.0,-0.04496681963749216,-0.14285714285714285
-0.9166666666666666,-1.0,0.8822344745617221,-0.2653061224489796
0.027777777777777776,-1.0,0.2685023165725731,0.5102040816326531
0.25,-1.0,0.4267555878371686,0.40816326530612246
0.4722222222222222,-1.0,0.9237126789703632,0.12244897959183673
-0.1388888888888889,-1.0,0.3745584205487141,-0.46938775510204084
-0.027777777777777776,0.0,-0.5928775022835573,0.8979591836734694
0.5277777777777778,0.0,-0.3533626068869887,1.0
0.05555555555555555,0.0,0.8447731299591711,0.20408163265306123
-0.2222222222222222,-1.0,-0.694333476399573,-0.8775510204081632
-0.08333333333333333,-1.0,0.8081151573178381,-0.9795918367346939
0.9722222222222222,0.0,-0.6891610815807719,0.2653061224489796
-0.75,-1.0,0.2577943587881189,0.1836734693877551
-0.1111111111111111,0.0,0.6908118458846446,0.6938775510204082
0.2222222222222222,-1.0,-0.4555229071059901,0.3673469387755102
-0.3055555555555556,-1.0,0.3027391682348928,-0.2653061224489796
-0.25,0.0,0.3383736670078246,0.04081632653061224
0.2777777777777778,-1.0,-0.8013470236719601,-0.9387755102040817
-0.19444444444444445,0.0,0.5765349356752176,0.6938775510204082
0.9166666666666666,0.0,0.5119240208216405,-0.6938775510204082
0.8055555555555556,-1.0,-0.6737649531733192,-0.8367346938775511
-0.7777777777777778,-1.0,0.20976812264078268,0.3877551020408163
0.7777777777777778,0.0,0.408740246734238,-0.673469387755102
-0.1388888888888889,0.0,-0.8521025234683659,0.46938775510204084
-0.7222222222222222,-1.0,-0.47952502008429904,0.7755102040816326
0.3611111111111111,-1.0,-0.12082494194812197,0.8367346938775511
-0.5277777777777778,0.0,-0.932857913213818,0.46938775510204084
-0.7777777777777778,-1.0,-0.2913709047288895,-0.8163265306122449
-0.6111111111111112,0.0,-0.5213113671629964,0.5510204081632653
-0.8888888888888888,-1.0,0.03857285923382526,-0.5510204081632653
-0.16666666666666666,0.0,0.09505100861698966,-0.46938775510204084
-0.8888888888888888,-1.0,-0.04545104383329482,0.7346938775510204
-0.027777777777777776,-1.0,-0.5983140193909781,0.9795918367346939
-0.7777777777777778,0.0,0.2978969262768662,0.8979591836734694
0.5833333333333334,-1.0,0.5444330725125733,0.3469387755102041
0.4444444444444444,-1.0,-0.5345394917846963,-0.8163265306122449
-0.19444444444444445,-1.0,-0.10845521476443594,0.3877551020408163
0.75,0.0,0.05206510614414474,-0.24489795918367346
0.3055555555555556,-1.0,0.4246316044328524,-0.7755102040816326
-0.9722222222222222,-1.0,0.7900668009288301,0.02040816326530612
-0.6944444444444444,-1.0,0.5575511461806817,-0.8979591836734694
0.6666666666666666,0.0,-0.9563868070916834,0.12244897959183673
-0.6111111111111112,-1.0,-0.566454268326235,0.46938775510204084
-0.6944444444444444,0.0,0.9530302530071423,-0.10204081632653061
0.027777777777777776,0.0,-0.9138080931471271,0.4489795918367347
-0.08333333333333333,-1.0,-0.26502470643908127,0.4489795918367347
-0.05555555555555555,0.0,0.40191708761156414,0.7551020408163265
-0.6111111111111112,-1.0,0.33780140204914877,-0.8571428571428571
-0.4444444444444444,-1.0,0.13836706395060913,-0.8163265306122449
0.4444444444444444,-1.0,-0.15250861148711853,-0.46938775510204084
-0.6666666666666666,-1.0,0.3446795866486183,0.6326530612244898
0.08333333333333333,-1.0,-0.09868269008550959,-0.20408163265306123
-0.7222222222222222,0.0,0.7981555460178062,-0.9591836734693877
-0.1111111111111111,-1.0,-0.10233638174474782,-0.5510204081632653
-0.25,-1.0,-0.6001518703159563,0.24489795918367346
0.7222222222222222,0.0,0.732080953481462,0.22448979591836735
-0.8888888888888888,0.0,0.3488835330758141,-0.8367346938775511
0.0,-1.0,0.13598996335303246,-0.8979591836734694
0.5833333333333334,0.0,-0.6614392463710698,-0.10204081632653061
-0.7777777777777778,0.0,0.6186514356146896,0.22448979591836735
-0.1111111111111111,-1.0,0.5495394367592196,0.5102040816326531
-0.3055555555555556,0.0,0.7259291051756963,0.22448979591836735
0.5,-1.0,-0.949739729494756,0.5510204081632653
0.5,-1.0,-0.8788999306678993,0.20408163265306123
-0.4166666666666667,-1.0,-0.011511329745672247,-0.8163265306122449
0.2222222222222222,0.0,-0.39884666600636093,0.6122448979591837
-0.6388888888888888,0.0,0.4521663530214489,-0.14285714285714285
0.8333333333333334,0.0,-0.2064665940330373,-0.16326530612244897
-0.7222222222222222,-1.0,0.06417071103921115,-0.9387755102040817
0.7777777777777778,-1.0,-0.5900491927762554,0.02040816326530612
-0.19444444444444445,-1.0,-0.6793995619972047,-0.7959183673469388
0.0,0.0,-0.7037208227409291,0.6938775510204082
0.6944444444444444,-1.0,0.5657169269371719,0.3673469387755102
0.0,-1.0,-0.045462048928653964,0.9183673469387755
0.3055555555555556,-1.0,-0.11690712800026412,-0.12244897959183673
0.8333333333333334,-1.0,-0.2562976658192743,-0.2653061224489796
-0.6111111111111112,0.0,-0.8374547415453355,0.9795918367346939
0.6388888888888888,0.0,0.935334059669627,-0.7959183673469388
0.6111111111111112,-1.0,-0.04692572661142109,-0.8367346938775511
0.3333333333333333,0.0,-0.7369672158209251,-1.0204081632653061
0.9444444444444444,-1.0,-0.42989204001452674,-0.02040816326530612
0.1388888888888889,0.0,0.9712216756358194,-0.08163265306122448
-0.3333333333333333,-1.0,-0.8707231448160498,-0.5102040816326531
-0.25,0.0,0.5769861445849428,0.2653061224489796
0.4166666666666667,0.0,0.8408223007252358,-0.8979591836734694
0.6944444444444444,-1.0,-0.3210296367218022,-0.22448979591836735
0.6944444444444444,-1.0,0.6294254239712987,0.5306122448979592
0.8055555555555556,-1.0,0.2141921709751615,-0.9387755102040817
0.08333333333333333,0.0,0.33805451924240926,0.6326530612244898
-0.5555555555555556,0.0,0.3243091551388293,0.22448979591836735
0.7777777777777778,0.0,-0.5730573255417258,0.20408163265306123
0.2222222222222222,-1.0,-0.08794171701497794,0.5714285714285714
0.1111111111111111,0.0,0.19257816368978836,0.3469387755102041
-0.9444444444444444,0.0,-0.2788911265916119,0.42857142857142855
0.2222222222222222,-1.0,0.6399683053253656,0.9591836734693877
-0.9722222222222222,0.0,-0.582015473164075,0.8979591836734694
-0.4722222222222222,0.0,0.8776013294155194,0.10204081632653061
0.6388888888888888,0.0,0.11369364015539195,-0.5510204081632653
0.9722222222222222,-1.0,0.13355783727866002,0.3673469387755102
-0.75,-1.0,0.08587275908745749,0.3673469387755102
0.8055555555555556,-1.0,0.05620302199918562,0.9795918367346939
0.027777777777777776,0.0,-0.5297412702081064,-0.5714285714285714
-0.16666666666666666,0.0,0.7297918936467584,0.0
-0.7222222222222222,-1.0,-0.5411755642862646,-0.9387755102040817
0.7777777777777778,-1.0,-0.33377353714769936,0.2857142857142857
-0.027777777777777776,-1.0,-0.6963804241363751,0.8571428571428571
-0.9444444444444444,0.0,-0.5500016507643039,-0.4897959183673469
-0.3055555555555556,-1.0,0.3689898422969835,0.3673469387755102
-0.5833333333333334,-1.0,-0.48487349642884653,0.4489795918367347
0.1111111111111111,-1.0,-0.10624319059724653,0.7959183673469388
-0.4444444444444444,-1.0,-0.39482980620027075,0.5102040816326531
0.19444444444444445,0.0,0.024497342269470763,-0.6530612244897959
-0.9166666666666666,-1.0,0.7143517448578692,0.2857142857142857
-0.7777777777777778,-1.0,0.1166870260930811,0.04081632653061224
0.75,0.0,0.11483817007274368,0.8367346938775511
-0.3055555555555556,-1.0,0.9931878459726854,0.3673469387755102
0.2777777777777778,0.0,-0.07871944710400916,-0.5510204081632653
0.75,0.0,0.7340398604553908,0.3673469387755102
0.9166666666666666,-1.0,-0.3038176675800896,0.14285714285714285
-0.3611111111111111,0.0,-0.023969097692231503,0.6326530612244898
0.3333333333333333,-1.0,0.9020766614942719,0.40816326530612246
-0.08333333333333333,-1.0,0.3642906665786259,0.9591836734693877
0.3888888888888889,0.0,0.5473604278781076,-0.6938775510204082
-0.5833333333333334,0.0,-0.04841141448490651,0.4489795918367347
0.8333333333333334,-1.0,0.407507676054013,-0.40816326530612246
0.16666666666666666,0.0,-0.16364576799057964,0.0
0.7777777777777778,0.0,0.5144331825635269,-0.7142857142857143
0.6666666666666666,0.0,-0.8657488417137135,0.3469387755102041
0.027777777777777776,0.0,-0.8288267467837609,-0.10204081632653061
-0.9722222222222222,0.0,0.6652910297467728,-0.20408163265306123
0.1111111111111111,0.0,0.46646197189298644,0.5714285714285714
-0.9444444444444444,0.0,0.8186580386719051,-0.9387755102040817
-0.4444444444444444,-1.0,-0.8225978628104813,0.1836734693877551
-0.08333333333333333,-1.0,0.9175278153785202,0.8367346938775511
-0.8888888888888888,-1.0,-0.5953866640254438,-0.40816326530612246
0.3333333333333333,-1.0,0.7830565551850507,0.8775510204081632
-0.3888888888888889,-1.0,0.958026566300197,0.22448979591836735
0.1388888888888889,-1.0,0.6396931779413869,0.7142857142857143
0.2222222222222222,0.0,-0.5769751394895837,0.32653061224489793
0.25,-1.0,0.5680390020579529,0.3877551020408163
0.8333333333333334,-1.0,-0.6052802447533208,0.12244897959183673
0.8888888888888888,0.0,-0.724597488637239,0.3469387755102041
-0.6388888888888888,0.0,-0.23377023561909163,-0.14285714285714285
-0.1111111111111111,-1.0,0.9192336051591887,0.04081632653061224
-0.7222222222222222,0.0,-0.3742722880693761,0.24489795918367346
0.8055555555555556,0.0,0.600790165846787,-0.04081632653061224
1.0,0.0,0.5161389723441954,0.24489795918367346
-0.9722222222222222,-1.0,-0.4506586549572452,-0.12244897959183673
-0.4166666666666667,-1.0,-0.0799300075935158,0.7959183673469388
-0.4166666666666667,0.0,-0.3072952777135814,-0.7142857142857143
0.6111111111111112,-1.0,0.25315020854655707,0.7959183673469388
0.75,0.0,-0.5226980091782495,-0.40816326530612246
0.19444444444444445,-1.0,0.910671640969769,-0.9387755102040817
-0.1111111111111111,0.0,0.6814905301154435,-0.3673469387755102
-0.8055555555555556,0.0,0.5173165175476245,0.9795918367346939
-0.6388888888888888,0.0,0.019776156360394863,-0.24489795918367346
-0.5277777777777778,0.0,0.45667844211870096,-0.6326530612244898
-0.3055555555555556,0.0,0.8267797990469588,0.9183673469387755
0.8055555555555556,-1.0,-0.9770323659854513,-0.8163265306122449
-0.25,-1.0,0.8484158165230502,0.6122448979591837
-0.8888888888888888,0.0,0.27463215468762037,0.7755102040816326
0.2222222222222222,-1.0,-0.08434305083253546,0.8979591836734694
-0.19444444444444445,-1.0,-0.3851893426656542,0.3673469387755102
-0.8055555555555556,-1.0,-0.5758746299536686,-0.6530612244897959
1.0,-1.0,0.6591611916317255,0.7959183673469388
-0.8333333333333334,0.0,-0.39408145971584846,0.12244897959183673
0.16666666666666666,0.0,0.5006658082692287,0.5918367346938775
0.6944444444444444,-1.0,-0.8363872472954978,0.673469387755102
0.3333333333333333,-1.0,-0.5204309595342643,0.9795918367346939
0.5555555555555556,0.0,0.2599073370970759,-0.04081632653061224
1.0,-1.0,-0.3680874244775331,0.5918367346938775
0.5277777777777778,0.0,0.27070333564440335,0.32653061224489793
-0.6388888888888888,0.0,-0.4081129562987663,-0.7142857142857143
-0.8333333333333334,0.0,0.38852388655947706,-0.46938775510204084
0.027777777777777776,-1.0,0.008991162908426602,0.9387755102040817
-0.1111111111111111,0.0,-0.8959468233792246,0.8571428571428571
-0.8611111111111112,-1.0,-0.6822498816952249,-0.9183673469387755
0.7222222222222222,-1.0,0.011643390889982062,-0.4489795918367347
0.2222222222222222,0.0,0.820616945645834,0.04081632653061224
0.027777777777777776,0.0,0.016551663420163537,-0.12244897959183673
0.5,0.0,-0.5587507015748292,-0.5510204081632653
0.3611111111111111,-1.0,-0.5059482540416212,0.5714285714285714
-0.3888888888888889,-1.0,0.41953624528156536,-0.5714285714285714
-0.6111111111111112,0.0,-0.21314668691604213,-0.9183673469387755
-0.75,-1.0,0.06662484730430189,-0.20408163265306123
-0.16666666666666666,0.0,-0.4205597191499664,0.5714285714285714
-0.6944444444444444,0.0,0.431949992846688,-0.8367346938775511
0.7777777777777778,-1.0,0.4527166077894065,-0.2653061224489796
0.25,0.0,0.2671046694619609,-0.42857142857142855
0.05555555555555555,-1.0,0.6061826625727712,-0.3469387755102041
1.0,0.0,0.15184830576556946,0.6530612244897959
0.3055555555555556,-1.0,0.14571846765052218,0.9591836734693877
0.5833333333333334,0.0,0.9983052153146907,-0.8979591836734694
0.027777777777777776,0.0,-0.8454004203946427,-0.32653061224489793
0.5,0.0,0.2633739421352086,-0.22448979591836735
0.25,0.0,-0.34372214335237217,0.16326530612244897
0.8888888888888888,0.0,-0.13998481296840437,-0.9795918367346939
-0.6666666666666666,0.0,0.24097857307933573,-0.5306122448979592
-0.4722222222222222,0.0,0.10155501997424808,-0.20408163265306123
-0.08333333333333333,-1.0,0.6153939273883808,-0.7142857142857143
-0.08333333333333333,-1.0,0.812396139412548,1.0
-0.25,-1.0,-0.42240857517030383,0.6326530612244898
0.6388888888888888,-1.0,0.045968283315174926,-0.5714285714285714
0.1388888888888889,0.0,0.0811955935598182,-0.8367346938775511
0.7222222222222222,0.0,-0.17802942762499038,-0.7346938775510204
0.8611111111111112,-1.0,-0.17364939967204815,0.8367346938775511
-0.1388888888888889,0.0,0.17991129893140523,0.3673469387755102
0.4166666666666667,-1.0,0.7413142284877898,0.02040816326530612
-0.3333333333333333,0.0,0.9475387104229258,-0.6530612244897959
-0.027777777777777776,0.0,0.5189562767561381,0.5714285714285714
0.2222222222222222,-1.0,-0.5810580298678288,0.9183673469387755
-0.3333333333333333,-1.0,-0.08263726105186701,-0.7551020408163265
0.8333333333333334,0.0,0.14120637855327017,-0.7755102040816326
0.5555555555555556,0.0,-0.16428406352141042,0.24489795918367346
0.0,-1.0,-0.3960073514036999,-0.673469387755102
0.2777777777777778,0.0,-0.2541186569381624,0.2857142857142857
0.5555555555555556,-1.0,-0.6506322427283833,0.08163265306122448
0.8888888888888888,-1.0,-0.7938855690184555,1.0
0.7777777777777778,0.0,-0.3959853412129816,0.10204081632653061
0.3055555555555556,-1.0,-0.21298161048565487,-0.673469387755102
-0.8055555555555556,-1.0,0.7087281411293429,-0.22448979591836735
-0.3888888888888889,-1.0,-0.43124566674370235,0.0
-0.5833333333333334,0.0,0.10736571032387995,0.5306122448979592
-0.4722222222222222,0.0,-0.5511571857770148,0.32653061224489793
-0.5277777777777778,-1.0,-0.7213840007923669,0.7551020408163265
0.8055555555555556,0.0,-0.0011115146312742799,-0.9795918367346939
0.25,0.0,-0.05252732014922909,-0.8163265306122449
0.027777777777777776,-1.0,-0.46692418589807083,0.4897959183673469
-0.08333333333333333,0.0,0.7512848448831809,-0.30612244897959184
0.9444444444444444,0.0,0.24391693354022911,-0.7142857142857143
-0.25,0.0,-0.8383901746508633,-0.14285714285714285
0.25,-1.0,-0.07345901152233485,0.7959183673469388
0.05555555555555555,0.0,0.6615492973246613,0.7551020408163265
0.6111111111111112,0.0,0.5200127659106166,-1.0
0.1388888888888889,0.0,0.9463501601241375,-0.16326530612244897
-0.027777777777777776,-1.0,-0.1860191268557342,0.04081632653061224
0.0,-1.0,0.9816545060362948,0.46938775510204084
-0.9722222222222222,0.0,-0.16858705580683855,0.061224489795918366
-0.8611111111111112,0.0,-0.0005502547679575643,-0.20408163265306123
0.6666666666666666,-1.0,0.5247999823918474,0.7959183673469388
-0.16666666666666666,0.0,-0.8291568996445354,1.0
0.3611111111111111,-1.0,0.8062773063928599,0.3469387755102041
0.5833333333333334,-1.0,-0.7741534330394972,-0.46938775510204084
-0.4722222222222222,-1.0,0.8626454048224328,-0.4489795918367347
0.1388888888888889,-1.0,0.1826295574851156,-0.42857142857142855
0.16666666666666666,-1.0,0.6353461652745221,1.0
-0.08333333333333333,-1.0,0.4595837872935169,-0.7346938775510204
0.8055555555555556,-1.0,-0.803735129364896,0.6938775510204082
0.8333333333333334,-1.0,0.9190024981566465,-1.0
0.2777777777777778,0.0,-0.850583820308803,-0.673469387755102
-0.9444444444444444,0.0,0.4199764490959314,-0.061224489795918366
-0.2222222222222222,-1.0,-0.3493347419855393,-0.40816326530612246
0.3055555555555556,0.0,-0.373534946680313,-0.5102040816326531
-0.5833333333333334,0.0,0.2942542397129871,-0.3469387755102041
-0.5555555555555556,0.0,0.6643886119273223,-0.9795918367346939
0.8055555555555556,-1.0,-0.27501733302519066,0.5714285714285714
0.027777777777777776,-1.0,0.9662693827242013,-0.4489795918367347
-0.75,-1.0,0.877359217317618,-0.5306122448979592
-0.4166666666666667,0.0,0.0637305072248451,0.3469387755102041
-0.16666666666666666,0.0,-0.1711732532162391,0.14285714285714285
0.9166666666666666,0.0,-0.13028932395699208,0.22448979591836735
0.5833333333333334,0.0,-0.6798397658115708,-0.5714285714285714
0.08333333333333333,0.0,0.6850121606303718,0.7142857142857143
-0.5555555555555556,0.0,-0.7934453652040895,0.3877551020408163
-0.8611111111111112,0.0,-0.1534440445926464,0.6122448979591837
0.6388888888888888,0.0,0.6139082395148954,-0.9387755102040817
0.25,0.0,0.36610650731288585,0.6326530612244898
-0.3055555555555556,0.0,0.9018345493963705,-0.4897959183673469
0.9166666666666666,0.0,-0.5129474946900415,-0.2653061224489796
0.9444444444444444,0.0,0.9051030627180384,-0.16326530612244897
-0.5,0.0,0.7512298194063851,0.3469387755102041
-0.7777777777777778,0.0,-0.2260996841537632,0.6530612244897959
0.8055555555555556,-1.0,0.2959600294936556,1.0
0.8888888888888888,0.0,0.3123686266741501,-0.3877551020408163
0.8888888888888888,-1.0,0.003268513321667932,0.3469387755102041
0.9166666666666666,-1.0,0.5256693849252204,0.8979591836734694
-0.1111111111111111,-1.0,-0.5877381227508336,0.5102040816326531
-0.6111111111111112,0.0,0.8958147622349147,0.32653061224489793
-0.8333333333333334,-1.0,-0.2941441887593956,-0.08163265306122448
-0.1111111111111111,0.0,0.679058404041071,0.8163265306122449
0.3888888888888889,-1.0,-0.8647253678453124,0.5102040816326531
-0.027777777777777776,-1.0,0.9893030473109049,-0.7551020408163265
-0.3333333333333333,0.0,-0.6430167167398505,0.7551020408163265
-0.8333333333333334,0.0,0.36473087039299196,-0.673469387755102
0.6388888888888888,-1.0,-0.6454158275281455,0.061224489795918366
0.6111111111111112,0.0,-0.16646307240252237,0.08163265306122448
-0.7777777777777778,-1.0,0.5913918144100718,-0.08163265306122448
0.5,-1.0,0.2906335633398263,0.04081632653061224
-0.08333333333333333,-1.0,0.5160619366766813,-0.1836734693877551
-0.08333333333333333,0.0,0.05870117864571296,0.3673469387755102
0.5277777777777778,0.0,-0.10249045307977593,-0.3877551020408163
0.6666666666666666,-1.0,-0.5808379279606458,0.9591836734693877
-0.2222222222222222,0.0,-0.6436990326521179,0.5306122448979592
-0.6388888888888888,-1.0,-0.25130135252621966,0.6530612244897959
0.6666666666666666,-1.0,-0.6776387467397404,0.30612244897959184
0.9722222222222222,0.0,-0.630900106749425,0.8979591836734694
-0.2777777777777778,-1.0,-0.05692935829288961,-0.04081632653061224
-0.1111111111111111,0.0,-0.8935917329723662,-0.3469387755102041
-0.6666666666666666,0.0,0.5374668471502305,0.5714285714285714
-0.7777777777777778,-1.0,0.8414716013514257,-0.6530612244897959
0.4166666666666667,-1.0,0.6808962549660493,0.30612244897959184
0.05555555555555555,-1.0,0.45277163326620223,0.7142857142857143
-0.4166666666666667,-1.0,0.02272552191664741,0.6122448979591837
0.2222222222222222,-1.0,-0.9183201822443792,0.7346938775510204
-0.7777777777777778,0.0,0.22520827142967192,0.24489795918367346
-0.9166666666666666,0.0,-0.27492929226231744,0.8979591836734694
0.8888888888888888,0.0,-0.7423817227376275,0.32653061224489793
0.7777777777777778,0.0,0.2915910066360725,0.4489795918367347
-0.9166666666666666,-1.0,-0.565948033939714,-0.6530612244897959
0.05555555555555555,-1.0,0.48345383912751605,-0.6122448979591837
0.3611111111111111,0.0,0.6032773173979552,-0.22448979591836735
-0.6666666666666666,0.0,0.1944270197101258,-0.12244897959183673
-0.08333333333333333,-1.0,0.4139456568391165,0.5510204081632653
-0.2777777777777778,0.0,0.6481560962725742,-0.7755102040816326
0.9444444444444444,0.0,0.7407089482430366,-0.061224489795918366
-0.4722222222222222,0.0,-0.2574421957366261,0.46938775510204084
0.3333333333333333,-1.0,0.8665742238656498,-0.08163265306122448
0.1388888888888889,-1.0,-0.9376891500764855,-0.8163265306122449
0.4166666666666667,0.0,-0.41039101103811065,0.8163265306122449
-1.0,-1.0,-0.5677748797693332,0.4897959183673469
-0.2777777777777778,-1.0,0.8647913984174673,0.5102040816326531
-0.8333333333333334,0.0,0.9031001353626729,0.8367346938775511
-1.0,0.0,-0.30375163700793467,0.8775510204081632
0.8055555555555556,-1.0,0.2552631868555141,-0.9591836734693877
0.9722222222222222,-1.0,0.5422760738221797,0.6530612244897959
0.1111111111111111,-1.0,-0.25677088491971783,-0.9387755102040817
0.9166666666666666,0.0,-0.40620907480163315,-0.8979591836734694
-1.0,-1.0,0.7286803790154842,0.6122448979591837
0.5833333333333334,0.0,0.37532877722385466,0.30612244897959184
-0.5833333333333334,-1.0,-0.3089900623988907,-0.9387755102040817
-0.8055555555555556,0.0,-0.053495768540834404,0.6326530612244898
-1.0,0.0,-0.11265916119163173,0.6122448979591837
-0.4166666666666667,-1.0,0.07624330064820012,-0.3673469387755102
1.0,-1.0,0.574961207038859,-0.6122448979591837
-0.6666666666666666,-1.0,0.5028118018642631,-0.5918367346938775
-0.6111111111111112,-1.0,-0.6567400706527122,0.08163265306122448
0.3611111111111111,0.0,-0.9627147369231954,0.5306122448979592
0.4166666666666667,-1.0,0.7261161917968019,-0.12244897959183673
-0.3055555555555556,0.0,-0.8636468685001155,0.3877551020408163
0.8333333333333334,0.0,0.3465614579550332,0.1836734693877551
0.5277777777777778,-1.0,0.01837850924978265,-0.12244897959183673
0.25,-1.0,-0.6888859541967931,-0.42857142857142855
0.6944444444444444,0.0,-0.7612774714692903,-0.6530612244897959
-0.05555555555555555,-1.0,-0.5746640694641619,0.3673469387755102
-0.8611111111111112,-1.0,-0.14410071863272694,0.30612244897959184
-0.16666666666666666,0.0,-0.21246437100377474,0.0
-0.2222222222222222,0.0,-0.6079434778302354,0.6122448979591837
-0.2777777777777778,-1.0,-0.3596135010509866,0.6122448979591837
-0.6944444444444444,0.0,0.9486392199588409,-0.1836734693877551
-0.75,0.0,-0.4095876390768926,-0.1836734693877551
0.75,0.0,-0.08239514895396569,0.7346938775510204
0.9722222222222222,0.0,-0.2924714142648046,-0.6938775510204082
-0.6111111111111112,-1.0,-0.6539887968129244,0.8367346938775511
0.5555555555555556,0.0,-0.3458571318520475,0.4489795918367347
0.75,-1.0,-0.008925132336271693,0.02040816326530612
0.5833333333333334,-1.0,0.08611487118535882,-0.24489795918367346
0.3888888888888889,-1.0,0.6858595529730265,-1.0
0.5277777777777778,0.0,0.10962175487250597,-0.14285714285714285
-0.08333333333333333,0.0,0.06817656574994223,-0.8571428571428571
-0.6111111111111112,0.0,0.6494546975249541,0.12244897959183673
0.027777777777777776,0.0,-0.826944875477346,0.24489795918367346
0.3333333333333333,-1.0,0.7334015649245601,-0.6122448979591837
-0.75,-1.0,0.7931262174386741,-0.5306122448979592
-0.5555555555555556,-1.0,0.18606314723717082,-0.4489795918367347
0.19444444444444445,-1.0,0.8944171151243026,-0.6530612244897959
-0.6666666666666666,0.0,-0.10940165296532295,-0.40816326530612246
-0.5833333333333334,-1.0,0.9451616098253491,-0.5918367346938775
0.7777777777777778,0.0,-0.8108334158715486,0.8367346938775511
-0.4444444444444444,-1.0,0.36881376077123706,0.40816326530612246
0.4444444444444444,-1.0,0.1936566630349852,0.3469387755102041
-0.2777777777777778,-1.0,-0.8175795393267082,-0.9591836734693877
-0.25,0.0,-0.2947274588134306,-0.9795918367346939
0.5833333333333334,-1.0,-0.6251994673533846,-0.5714285714285714
0.9444444444444444,0.0,0.4196132809490794,0.7551020408163265
0.9722222222222222,0.0,0.6236477489077443,0.5102040816326531
0.4166666666666667,-1.0,0.17743515247559621,-0.6326530612244898
0.6944444444444444,-1.0,0.26787502613710146,0.1836734693877551
0.6666666666666666,-1.0,0.1407001441667492,-0.7142857142857143
0.3888888888888889,-1.0,0.3349620874464877,-0.6122448979591837
-0.3888888888888889,0.0,0.0910231437155403,-0.5306122448979592
0.3333333333333333,-1.0,0.674546314943819,-0.46938775510204084
-0.8055555555555556,0.0,-0.6291392914919608,0.46938775510204084
0.9444444444444444,-1.0,-0.5980498971023583,-0.24489795918367346
0.5833333333333334,-1.0,-0.3398483497859509,0.02040816326530612
-0.1388888888888889,0.0,0.46223601527507235,0.6326530612244898
-0.75,-1.0,0.6579836464282963,0.8979591836734694
-0.75,-1.0,0.26550893063488396,-0.8367346938775511
-0.4722222222222222,-1.0,0.37781592877502285,0.8367346938775511
-0.25,-1.0,-0.2648156096272574,0.10204081632653061
0.4166666666666667,0.0,0.8901691483156702,-0.3469387755102041
-1.0,0.0,0.8172273762752155,-0.22448979591836735
0.19444444444444445,-1.0,-0.7818680048862623,-0.673469387755102
0.9444444444444444,-1.0,0.29553083077464865,-0.10204081632653061
-0.08333333333333333,-1.0,0.9193216459220619,-1.0204081632653061
0.08333333333333333,0.0,0.7290875675437728,-0.2653061224489796
-0.8611111111111112,0.0,-0.11199885547008265,-1.0204081632653061
0.75,-1.0,0.15478666622646287,0.40816326530612246
-0.6388888888888888,-1.0,0.5303245402621414,-0.8163265306122449
-0.9444444444444444,-1.0,-0.07360207776200381,-0.22448979591836735
0.3333333333333333,-1.0,0.34486667326972387,0.6326530612244898
0.0,-1.0,0.2626476058415046,-0.02040816326530612
0.9166666666666666,-1.0,0.7746266521399408,0.673469387755102
0.6388888888888888,0.0,0.21834109192556153,-0.10204081632653061
-0.1388888888888889,0.0,0.6601076298326125,-0.8979591836734694
0.4166666666666667,-1.0,-0.7923668658588927,-0.1836734693877551
-0.3888888888888889,0.0,-0.3694410512067087,-0.5714285714285714
0.3055555555555556,-1.0,-0.8835000605280244,0.1836734693877551
0.4722222222222222,0.0,0.15395027897916735,0.24489795918367346
-0.9722222222222222,-1.0,-0.8941309826449646,0.3469387755102041
-0.8888888888888888,-1.0,0.7389591380809315,-0.20408163265306123
-0.6111111111111112,0.0,0.2963011874497892,-0.3877551020408163
-0.5277777777777778,0.0,-0.8183829112879263,-0.6530612244897959
-0.4166666666666667,0.0,0.014669792113748666,-0.3877551020408163
-0.3611111111111111,0.0,0.19034412933188066,0.20408163265306123
0.7222222222222222,0.0,-0.5789450515588718,-0.22448979591836735
0.2222222222222222,-1.0,0.025278704039970505,-0.30612244897959184
0.2777777777777778,-1.0,-0.6645646934530688,-0.32653061224489793
-0.3888888888888889,-1.0,0.8343182893679774,1.0
-0.6666666666666666,0.0,-0.6771545225439378,-0.8979591836734694
-0.7777777777777778,0.0,0.7254008605984571,-0.2653061224489796
-0.25,-1.0,0.9249122343645108,0.8571428571428571
0.25,-1.0,-0.31516392089537454,1.0
-0.16666666666666666,0.0,0.33115432445222137,-0.061224489795918366
-0.05555555555555555,0.0,-0.2966643555966412,-0.8979591836734694
-0.5833333333333334,-1.0,-0.15437947769817426,0.5306122448979592
-0.3611111111111111,0.0,0.3577426348399309,-0.5510204081632653
0.5,0.0,0.39397140876225695,-0.1836734693877551
-0.5833333333333334,0.0,-0.8397217911893207,0.2653061224489796
0.9722222222222222,0.0,-0.7137464646131159,0.5714285714285714
0.2777777777777778,-1.0,0.7669230853885349,-0.9387755102040817
0.8888888888888888,-1.0,0.6788052868478105,-0.5714285714285714
0.2777777777777778,0.0,0.820914083220531,-0.16326530612244897
0.25,0.0,0.4215831930183675,0.5918367346938775
0.9166666666666666,0.0,-0.8935917329723662,-0.7346938775510204
0.9444444444444444,0.0,-0.20976812264078268,0.14285714285714285
-0.5,0.0,0.23703874894075957,-0.46938775510204084
0.6944444444444444,0.0,-0.08972454246316044,0.3469387755102041
-0.19444444444444445,0.0,0.7059218418127593,-0.9183673469387755
-0.4444444444444444,-1.0,-0.5072138400079237,-0.8775510204081632
-0.027777777777777776,-1.0,0.4667481043723244,0.3877551020408163
0.9722222222222222,0.0,-0.5620632352779337,0.4489795918367347
0.6944444444444444,-1.0,-0.4770708838192083,0.7959183673469388
-0.05555555555555555,-1.0,0.7402687444286705,-0.20408163265306123
0.5555555555555556,0.0,0.1950543101455974,0.32653061224489793
-0.3888888888888889,-1.0,0.9306568941419877,-0.9795918367346939
0.75,0.0,-0.7966588530489617,-0.5102040816326531
-0.5,0.0,0.5357610573695621,1.0
1.0,-1.0,-0.6502140491047355,-0.14285714285714285
0.8611111111111112,-1.0,-0.7437903749435989,-0.2653061224489796
-0.08333333333333333,-1.0,-0.17630162765360363,1.0
-0.7777777777777778,-1.0,-0.8323483772986893,-0.7755102040816326
-0.08333333333333333,-1.0,0.6355112417049094,-0.02040816326530612
0.5833333333333334,-1.0,-0.49988444649872893,-0.5714285714285714
-0.9166666666666666,-1.0,0.24002112978308957,0.4489795918367347
0.08333333333333333,-1.0,-0.3248153895253502,0.42857142857142855
-0.3888888888888889,-1.0,0.6369198939108808,0.32653061224489793
0.19444444444444445,-1.0,0.07510977582620754,-0.5510204081632653
0.5,-1.0,-0.4489418600812176,0.22448979591836735
0.8888888888888888,0.0,0.0064159705943852,-0.02040816326530612
0.9722222222222222,0.0,0.45470853004941286,-0.3877551020408163
-0.5,0.0,-0.8690943907028954,-0.2653061224489796
0.6666666666666666,0.0,0.7625760727216702,-0.8775510204081632
0.3055555555555556,-1.0,-0.46668207380016946,-0.16326530612244897
-0.25,0.0,-0.5284976944325223,-0.8775510204081632
-0.7222222222222222,-1.0,-0.4891324683328381,-0.5102040816326531
0.9166666666666666,-1.0,-0.964134394224526,0.02040816326530612
-0.5555555555555556,-1.0,-0.2349807961085983,0.22448979591836735
-0.1388888888888889,-1.0,-0.2010851024024123,0.7959183673469388
0.8888888888888888,-1.0,0.8899490464084872,0.5102040816326531
0.5833333333333334,0.0,0.34634135604785016,0.2857142857142857
0.9722222222222222,0.0,0.7491498563835055,-0.4489795918367347
0.8888888888888888,-1.0,0.5731123510185215,0.3469387755102041
-0.05555555555555555,0.0,-0.8353417632363784,-0.5510204081632653
0.4444444444444444,-1.0,0.8271539722891699,-0.30612244897959184
0.3611111111111111,-1.0,0.6769674359228323,0.8367346938775511
-0.8611111111111112,-1.0,-0.7955253282269691,0.8163265306122449
-0.5277777777777778,-1.0,-0.03814366051481836,-0.14285714285714285
-0.6111111111111112,-1.0,-0.4924339969405835,-0.6122448979591837
0.6944444444444444,-1.0,-0.10022340343579077,0.42857142857142855
0.027777777777777776,0.0,0.06614062310849923,0.9795918367346939
0.3611111111111111,-1.0,-0.3054244115025257,0.8163265306122449
-0.3888888888888889,-1.0,0.2175597301550618,-0.5918367346938775
-0.5,-1.0,0.489924835198697,0.22448979591836735
0.0,0.0,0.7897256429726963,-0.3673469387755102
-0.8333333333333334,0.0,-0.6194217922898302,0.4897959183673469
0.9444444444444444,0.0,0.5475585195945722,-0.8979591836734694
1.0,-1.0,0.9742810921456635,0.4489795918367347
-0.4166666666666667,-1.0,0.9243949948826307,-0.32653061224489793
-0.3888888888888889,-1.0,0.9439290391451242,-0.10204081632653061
-0.4166666666666667,-1.0,-0.045120890972520276,0.22448979591836735
-1.0,-1.0,-0.9352680290974721,0.10204081632653061
-0.027777777777777776,0.0,0.4543673720932792,0.8163265306122449
0.8888888888888888,-1.0,0.7897146378773372,0.1836734693877551
-0.2222222222222222,-1.0,-0.18472052560335436,-0.32653061224489793
0.8055555555555556,0.0,0.7357126349499818,-0.6530612244897959
0.7222222222222222,-1.0,0.22687004082890377,0.5102040816326531
0.027777777777777776,0.0,0.5128594539271683,0.3877551020408163
0.5277777777777778,0.0,-0.1445629326378113,-0.3469387755102041
0.9444444444444444,0.0,-0.010157703016496638,0.5918367346938775
-0.2222222222222222,-1.0,-0.14583952369947287,0.40816326530612246
-0.8055555555555556,-1.0,-0.36228773922326035,0.4489795918367347
-0.027777777777777776,0.0,-0.6024739454367372,-0.061224489795918366
0.0,0.0,-0.7090362837993991,0.08163265306122448
-0.9166666666666666,-1.0,0.6292603475409114,-0.46938775510204084
0.4722222222222222,0.0,0.4409191455643963,-0.9387755102040817
-0.8055555555555556,-1.0,-0.9268711413384397,0.4489795918367347
0.25,0.0,-0.2849769443252226,0.42857142857142855
0.8888888888888888,0.0,-0.6214577349312732,0.4489795918367347
-0.5277777777777778,0.0,-0.637228036580937,-0.6326530612244898
-0.8055555555555556,0.0,0.3380104988609726,0.8367346938775511
-0.5277777777777778,0.0,-0.6331451462026918,0.9795918367346939
-0.9722222222222222,0.0,-0.11087633574344921,0.08163265306122448
0.8888888888888888,-1.0,0.25450383527573267,-0.8571428571428571
-0.6944444444444444,-1.0,-0.6956871031287486,-0.8571428571428571
-0.9444444444444444,-1.0,0.8108334158715486,-0.9591836734693877
0.6666666666666666,0.0,-0.340948859321866,-0.7755102040816326
0.8888888888888888,0.0,-0.09747212959600295,0.2653061224489796
-0.2222222222222222,0.0,0.41879890389250224,-0.6326530612244898
-0.19444444444444445,0.0,-0.27398285406143047,0.20408163265306123
0.5555555555555556,-1.0,-0.8656277856647628,-0.10204081632653061
-0.5,0.0,-0.2116169786611201,0.4489795918367347
0.7777777777777778,0.0,0.34108092046617583,0.8775510204081632
-0.8055555555555556,0.0,0.22297423707176423,0.8367346938775511
0.0,-1.0,-0.17713801490089912,-0.7551020408163265
-0.8055555555555556,0.0,0.30589763060296915,-0.3469387755102041
0.75,0.0,0.8037901548416917,0.8163265306122449
0.6666666666666666,-1.0,-0.5119790462984362,-0.8979591836734694
0.6388888888888888,-1.0,0.24661318190322118,-0.3469387755102041
-0.3333333333333333,-1.0,0.46813474638757746,-0.5510204081632653
-0.5277777777777778,-1.0,-0.2997457822972036,0.5510204081632653
-0.3888888888888889,0.0,0.14023793016166486,0.3469387755102041
0.5833333333333334,0.0,-0.07514279111228499,0.22448979591836735
0.5555555555555556,0.0,-0.8448721758174035,0.42857142857142855
1.0,0.0,0.6954009706494106,-0.30612244897959184
0.5833333333333334,0.0,-0.40878426711567456,0.7346938775510204
0.19444444444444445,-1.0,0.407144507907161,-0.7959183673469388
0.3611111111111111,-1.0,0.9880924868213983,0.1836734693877551
-0.05555555555555555,0.0,0.024508347364829916,0.6122448979591837
-0.6111111111111112,-1.0,0.0598236983723464,0.8775510204081632
-0.6111111111111112,-1.0,0.6013954460915404,-0.2653061224489796
0.6944444444444444,0.0,-0.9421792289830191,-0.7142857142857143
0.2777777777777778,0.0,-0.4171041192071929,-0.6122448979591837
-0.5277777777777778,0.0,0.1573728636358634,1.0
0.9166666666666666,0.0,-0.22651787777741095,-0.32653061224489793
-0.8333333333333334,-1.0,0.4451010818008738,0.16326530612244897
-0.3333333333333333,-1.0,-0.756237137794799,0.7959183673469388
0.3888888888888889,0.0,-0.8494833107728879,-0.8979591836734694
0.5833333333333334,-1.0,0.5155777124808787,0.8571428571428571
-0.4722222222222222,0.0,-0.13145586406506213,0.9183673469387755
0.75,0.0,-0.18253051162688325,-0.20408163265306123
-0.6388888888888888,-1.0,0.33710808104152223,0.7755102040816326
-0.19444444444444445,-1.0,0.1765547448468641,-0.7959183673469388
-0.3611111111111111,-1.0,-0.7394873826581707,0.8979591836734694
0.3333333333333333,-1.0,-0.3392540746365567,-0.6122448979591837
0.5277777777777778,0.0,0.29573992758647255,0.40816326530612246
0.3888888888888889,0.0,-0.1757403677902869,0.061224489795918366
0.8333333333333334,0.0,0.8728141129342886,-0.6938775510204082
-0.3333333333333333,-1.0,-0.8276271913896134,0.5306122448979592
-0.9722222222222222,-1.0,0.6837245644733512,-0.673469387755102
-0.9444444444444444,0.0,0.8790760121936456,0.5102040816326531
0.9444444444444444,-1.0,0.7463325519715628,0.3673469387755102
-0.5833333333333334,-1.0,-0.881277031265476,0.8571428571428571
-0.75,0.0,0.0564121188110095,0.9795918367346939
0.08333333333333333,0.0,-0.14416674920488187,0.0
0.7777777777777778,-1.0,0.9882795734425038,-0.08163265306122448
-1.0,0.0,-0.07632033631571418,-0.3877551020408163
-0.19444444444444445,-1.0,-0.8075318872638031,-0.1836734693877551
-0.1388888888888889,-1.0,0.08929534374415354,-0.14285714285714285
-0.75,0.0,-0.7159474836849461,-0.1836734693877551
-0.9166666666666666,-1.0,0.005700639396040367,-0.4897959183673469
0.5,-1.0,0.8468310827913323,-0.40816326530612246
-0.1388888888888889,0.0,0.43573574565023604,-0.7755102040816326
-0.7222222222222222,0.0,0.05105263737110282,0.9387755102040817
-0.2777777777777778,-1.0,0.8106353241550838,-0.6530612244897959
0.05555555555555555,-1.0,0.18510570394092465,0.6326530612244898
-0.3611111111111111,-1.0,0.25985231162028016,0.5714285714285714
0.9722222222222222,-1.0,0.7351073547052285,-0.32653061224489793
-0.8611111111111112,0.0,-0.3877425247889773,0.5306122448979592
0.8055555555555556,-1.0,0.7501513200611883,0.24489795918367346
0.3611111111111111,-1.0,-0.2567048543475629,-0.8367346938775511
0.75,-1.0,-0.602528970913533,0.2653061224489796
0.6111111111111112,-1.0,0.26562998668383464,-0.8979591836734694
-0.3611111111111111,-1.0,0.894373094742866,-0.8775510204081632
-1.0,0.0,-0.5464690151540164,-0.32653061224489793
-0.6944444444444444,-1.0,0.31450361517382547,-0.6122448979591837
0.8055555555555556,-1.0,0.5505078851508248,-0.46938775510204084
-1.0,0.0,0.64341290017278,0.46938775510204084
0.2222222222222222,-1.0,-0.43004611134955484,-0.5714285714285714
0.9444444444444444,0.0,-0.8508149273113451,-0.6326530612244898
-0.8888888888888888,-1.0,0.4670892623284581,-0.32653061224489793
0.3611111111111111,-1.0,0.19055322614370454,0.32653061224489793
0.8888888888888888,-1.0,0.952204870855206,-0.4897959183673469
0.4444444444444444,-1.0,0.6089229313171999,-0.3877551020408163
0.6666666666666666,-1.0,-0.12432456227233209,-0.8571428571428571
-0.19444444444444445,-1.0,-0.4085091397316958,0.6326530612244898
-0.4444444444444444,-1.0,-0.46322647385739596,-0.5306122448979592
-0.6944444444444444,-1.0,0.6374591435834791,0.5918367346938775
-0.19444444444444445,0.0,-0.8261304984207688,-0.16326530612244897
0.8333333333333334,-1.0,0.24037329283458242,-0.2857142857142857
-0.8611111111111112,-1.0,-0.15233252996137212,-0.8775510204081632
0.6944444444444444,0.0,-0.3408388083682745,-0.40816326530612246
0.05555555555555555,-1.0,0.021338879901394346,0.2653061224489796
-0.05555555555555555,-1.0,0.49032101863162647,-0.7755102040816326
0.3611111111111111,0.0,-0.5048917648871427,0.1836734693877551
0.3611111111111111,0.0,-0.36054893415651446,-0.8979591836734694
0.7777777777777778,-1.0,-0.5275402511362761,-0.6938775510204082
0.16666666666666666,-1.0,-0.5143231316099354,0.6938775510204082
0.8888888888888888,-1.0,0.3020128319411888,-0.2653061224489796
-0.8333333333333334,-1.0,-0.6721802194416014,0.7959183673469388
0.8611111111111112,-1.0,-0.44685089196297884,0.42857142857142855
-0.4444444444444444,-1.0,-0.4301231470170689,-0.12244897959183673
0.9444444444444444,0.0,0.3237368901801534,-0.04081632653061224
-0.1111111111111111,0.0,0.5966632550871054,-0.10204081632653061
0.1111111111111111,-1.0,-0.9236246382074901,-0.5306122448979592
-0.08333333333333333,0.0,0.45200127659106165,-0.12244897959183673
0.9722222222222222,0.0,0.8229720360526924,-0.24489795918367346
-0.8055555555555556,0.0,0.3225703500720834,0.9183673469387755
0.8333333333333334,-1.0,0.04428450372522478,0.7346938775510204
0.5833333333333334,-1.0,-0.05493743603288322,-0.3877551020408163
0.4444444444444444,-1.0,-0.458065084133954,-1.0204081632653061
-0.05555555555555555,0.0,-0.5874519902714957,-0.14285714285714285
0.9166666666666666,0.0,0.7716772865836883,0.9183673469387755
-0.9722222222222222,-1.0,-0.48320072193425556,0.9387755102040817
0.5555555555555556,0.0,0.8822784949431587,-0.7959183673469388
0.8888888888888888,0.0,-0.5885855150934883,-0.24489795918367346
0.2777777777777778,-1.0,0.08740246734237953,0.30612244897959184
0.8333333333333334,0.0,0.10479051800983856,-0.6122448979591837
-0.5555555555555556,0.0,0.15404932483739972,-0.4897959183673469
0.3055555555555556,-1.0,-0.5074339419151067,-0.7142857142857143
-0.2222222222222222,0.0,-0.8721538072127395,0.7755102040816326
-0.2777777777777778,0.0,-0.6367658225758526,-0.4489795918367347
0.25,-1.0,0.07503274015869348,-0.22448979591836735
-1.0,0.0,0.3075704050975602,-0.8367346938775511
-0.7222222222222222,-1.0,0.41756633321227726,-0.5510204081632653
-0.25,0.0,0.6274224966159332,0.42857142857142855
0.4166666666666667,-1.0,0.9796405735855701,0.5306122448979592
-0.16666666666666666,-1.0,-0.013294155193854755,-0.46938775510204084
0.16666666666666666,0.0,0.9366876863988026,-0.1836734693877551
0.1111111111111111,-1.0,-0.8511230699814014,0.8163265306122449
0.8888888888888888,0.0,0.20957003092431795,-0.3469387755102041
0.3333333333333333,0.0,-0.7769267170700034,-0.9591836734693877
-0.5,-1.0,-0.04094995983140194,0.5306122448979592
-0.4166666666666667,0.0,-0.2563416862007109,0.16326530612244897
-0.5,-1.0,-0.04601230369661153,-0.5306122448979592
-0.08333333333333333,-1.0,0.6057864791398417,0.16326530612244897
-0.5,-1.0,-0.4878558772711766,-0.9183673469387755
-0.1111111111111111,-1.0,0.6420372632528861,-0.6530612244897959
0.3611111111111111,0.0,-0.18512771413164295,-0.30612244897959184
-0.4444444444444444,-1.0,0.39386135780866544,-0.9591836734693877
-0.19444444444444445,0.0,0.4705558673665907,-0.08163265306122448
0.9722222222222222,-1.0,-0.05972465251411403,-0.16326530612244897
0.5833333333333334,-1.0,0.11375967072754685,-0.08163265306122448
-0.3611111111111111,0.0,0.20539909978319962,0.4897959183673469
0.05555555555555555,0.0,-0.6344767627411492,0.3673469387755102
-0.3055555555555556,0.0,0.7947549715518285,0.7959183673469388
-0.19444444444444445,-1.0,0.25896089889618895,0.2653061224489796
0.9166666666666666,-1.0,0.44014878888925574,0.5102040816326531
-0.7777777777777778,0.0,-0.7044691692253513,-0.46938775510204084
0.3611111111111111,0.0,-0.38077629942663455,0.5918367346938775
0.8333333333333334,0.0,-0.4994662528750812,0.9183673469387755
0.9444444444444444,-1.0,-0.2427724036228774,1.0
-0.2222222222222222,-1.0,0.9420691780294276,0.8367346938775511
0.2222222222222222,-1.0,0.020051283744373646,-0.5714285714285714
0.3888888888888889,-1.0,0.22130146257717323,0.3469387755102041
1.0,-1.0,0.36642565507830127,-0.8367346938775511
0.08333333333333333,0.0,0.31959897432511253,-0.6122448979591837
-0.7222222222222222,0.0,-0.7623669759098463,-0.5510204081632653
0.05555555555555555,-1.0,-0.7998943510845522,-1.0
0.1111111111111111,-1.0,0.11721527067032037,0.3469387755102041
-0.25,0.0,-0.15952986232625704,0.42857142857142855
-0.8055555555555556,-1.0,0.7213840007923669,-0.6938775510204082
0.3888888888888889,-1.0,0.07195131345813112,-0.1836734693877551
1.0,-1.0,-0.9390867971870976,-0.3469387755102041
0.3055555555555556,0.0,0.7674733401564925,0.30612244897959184
0.4722222222222222,0.0,0.9614051305754564,0.6122448979591837
-0.4444444444444444,0.0,-0.768529829310971,0.9795918367346939
0.6388888888888888,0.0,-0.9484741435284537,-0.8163265306122449
0.6944444444444444,-1.0,0.27047222864186116,0.6530612244897959
0.6666666666666666,-1.0,0.23426546491025343,0.16326530612244897
0.7222222222222222,-1.0,0.1674755411755643,-0.04081632653061224
0.8055555555555556,-1.0,0.39114309925495505,-0.2653061224489796
0.9444444444444444,0.0,0.6600085839743801,-0.40816326530612246
0.9444444444444444,0.0,0.2703071522114739,0.5510204081632653
-0.2222222222222222,-1.0,0.28437166408046927,0.1836734693877551
0.4722222222222222,0.0,0.5574521003224493,0.8367346938775511
-0.027777777777777776,0.0,-0.7423046870701134,-0.8775510204081632
0.027777777777777776,-1.0,-0.6217878877920477,0.3673469387755102
0.2222222222222222,0.0,0.3116092750943687,-0.8775510204081632
0.8333333333333334,0.0,0.49901504396535595,0.6938775510204082
0.8055555555555556,-1.0,0.3600977252467893,1.0
0.5277777777777778,0.0,0.013217119526340696,-0.10204081632653061
0.2777777777777778,0.0,-0.5170854105450824,0.4489795918367347
-0.7222222222222222,0.0,0.8188341201976516,0.8367346938775511
-0.9166666666666666,0.0,-0.42891258652756226,-0.46938775510204084
0.4166666666666667,-1.0,0.17163546722132347,-0.7142857142857143
0.08333333333333333,0.0,0.7916515346605478,-0.8571428571428571
-0.5,0.0,0.09429165703720822,-0.7551020408163265
-0.5833333333333334,0.0,-0.7168278913136782,0.02040816326530612
-0.4722222222222222,0.0,0.9737528475684242,-0.32653061224489793
0.2777777777777778,0.0,0.8620291194823203,-1.0204081632653061
0.8333333333333334,-1.0,0.35351667822201677,-0.04081632653061224
0.2222222222222222,0.0,0.9124874817040289,0.02040816326530612
0.9722222222222222,0.0,0.05120670870613094,0.2653061224489796
0.1388888888888889,0.0,0.9076342346506433,0.42857142857142855
-0.8888888888888888,-1.0,-0.930965036812044,-0.7959183673469388
0.7777777777777778,-1.0,0.9200699924064842,0.7142857142857143
0.6111111111111112,-1.0,0.1691923360515919,-0.02040816326530612
-0.19444444444444445,-1.0,0.49864087072314484,0.8163265306122449
0.5277777777777778,-1.0,0.45730573255417256,0.0
-1.0,0.0,-0.10786093961504177,-0.2857142857142857
0.7777777777777778,-1.0,-0.6710466946196089,0.7346938775510204
0.8055555555555556,0.0,-0.9253414330835177,-0.5102040816326531
-0.3333333333333333,-1.0,-0.8747510097174992,-0.24489795918367346
-0.8611111111111112,0.0,0.38506828661670356,0.9387755102040817
-0.5277777777777778,-1.0,0.04687070113462533,-0.12244897959183673
-0.7222222222222222,0.0,-0.6382405053539789,0.22448979591836735
0.3611111111111111,0.0,0.8388303784652295,0.16326530612244897
0.19444444444444445,-1.0,-0.6275545577602429,0.40816326530612246
-0.2222222222222222,-1.0,-0.500984956034644,-0.46938775510204084
0.3888888888888889,-1.0,0.8926562998668384,0.14285714285714285
-0.5,0.0,0.18029647726897555,0.9591836734693877
0.4166666666666667,-1.0,-0.860180263461983,0.8571428571428571
-0.1111111111111111,0.0,0.40681435504638647,0.8367346938775511
-0.6944444444444444,-1.0,-0.5814432082053991,0.12244897959183673
-0.4444444444444444,0.0,0.06633871482496397,0.2653061224489796
0.9444444444444444,-1.0,-0.18395016892821375,-0.9387755102040817
-0.9166666666666666,0.0,-0.2883004831236863,0.9591836734693877
0.9444444444444444,-1.0,-0.1749259907337097,0.10204081632653061
0.08333333333333333,0.0,0.029548681039321206,0.20408163265306123
0.5,0.0,-0.013976471106122134,0.9183673469387755
-0.6944444444444444,-1.0,0.7526494767077156,0.9795918367346939
-0.6666666666666666,-1.0,-0.3308791970682426,-0.3469387755102041
0.2777777777777778,-1.0,0.39929787491608615,0.2653061224489796
0.3055555555555556,-1.0,-0.043283040047542014,0.7551020408163265
0.9444444444444444,0.0,-0.924780173220201,0.5918367346938775
-0.5277777777777778,0.0,-0.059867718753783,0.8163265306122449
0.0,-1.0,-0.3803691108983459,0.7755102040816326
0.4444444444444444,-1.0,-0.17975722759637713,-0.9591836734693877
-0.8888888888888888,0.0,-0.3335754454312347,-0.40816326530612246
0.0,0.0,-0.09260787744725808,0.4489795918367347
0.9166666666666666,-1.0,0.4734942278274841,0.9591836734693877
0.3333333333333333,-1.0,-0.3308461817821651,-0.8571428571428571
0.6388888888888888,0.0,-0.46675910946768356,-0.9795918367346939
0.5,-1.0,-0.4235971254690922,-0.30612244897959184
0.2777777777777778,-1.0,0.22855382041885394,-0.9795918367346939
-0.19444444444444445,-1.0,-0.4918837421726259,0.6326530612244898
-0.2222222222222222,-1.0,0.07034456953569503,-0.3469387755102041
0.1111111111111111,0.0,-0.43275336480790605,0.6938775510204082
0.6111111111111112,0.0,-0.7759032432016023,0.32653061224489793
-0.3055555555555556,0.0,0.6646417291205828,-0.4897959183673469
-0.6388888888888888,0.0,0.8380380115993705,-0.08163265306122448
0.4722222222222222,0.0,0.4576358854149471,-0.5306122448979592
-0.2777777777777778,-1.0,-0.8698537422826769,0.5306122448979592
0.7777777777777778,-1.0,-0.6778258333608461,0.20408163265306123
-0.8333333333333334,0.0,-0.32845807608922933,0.20408163265306123
-1.0,-1.0,-0.7844762124863812,-0.5918367346938775
0.4444444444444444,-1.0,0.5313039937491059,0.1836734693877551
-0.08333333333333333,0.0,-0.6044878778874619,0.16326530612244897
-0.2777777777777778,-1.0,0.3101566025069607,0.42857142857142855
-0.3333333333333333,-1.0,-0.5581454213300758,0.9183673469387755
-0.6944444444444444,-1.0,0.1167090362837994,-0.2653061224489796
-0.8333333333333334,0.0,-0.6403975040443726,-0.3469387755102041
0.3611111111111111,-1.0,-0.5919420691780294,0.0
0.19444444444444445,0.0,0.9108697326862337,-0.3673469387755102
0.1388888888888889,-1.0,0.6996159221719657,-0.5306122448979592
0.8611111111111112,-1.0,0.6504781713933552,0.9591836734693877
-0.7222222222222222,-1.0,-0.47701585834241256,-0.10204081632653061
0.3055555555555556,0.0,0.44371443978562075,0.8163265306122449
-0.3888888888888889,0.0,0.36026280167717656,0.04081632653061224
0.25,0.0,0.12454466417951511,0.6938775510204082
0.027777777777777776,-1.0,0.12497386289852201,0.30612244897959184
-0.6944444444444444,0.0,-0.8168091826515677,0.9387755102040817
-0.8611111111111112,0.0,-0.741545335490332,-1.0204081632653061
0.3611111111111111,-1.0,-0.09768122640782682,-0.2653061224489796
0.2222222222222222,-1.0,-0.8316440511957036,-0.22448979591836735
0.8611111111111112,0.0,0.10333784542243059,0.02040816326530612
-0.5277777777777778,-1.0,0.19847689480229347,-0.9795918367346939
0.6666666666666666,-1.0,0.8128473483222732,-0.7551020408163265
-0.4722222222222222,0.0,0.19334852036492897,-0.9795918367346939
0.19444444444444445,-1.0,0.1941739025168653,0.8775510204081632
-0.5,0.0,0.4265134757392673,0.673469387755102
0.3888888888888889,0.0,0.8533681094346682,-0.1836734693877551
0.3611111111111111,-1.0,-0.6891500764854127,0.9387755102040817
-0.5,-1.0,-0.5257574256880936,-0.7551020408163265
0.8333333333333334,-1.0,-0.16956650929380304,0.9183673469387755
-0.4166666666666667,-1.0,-0.028525207170920136,0.46938775510204084
0.2777777777777778,0.0,0.32562976658192744,-0.10204081632653061
0.4166666666666667,0.0,0.6793775518064864,-1.0
-0.8055555555555556,-1.0,-0.8451913235828189,0.10204081632653061
-0.8333333333333334,0.0,0.17785334609924394,0.8163265306122449
-0.2222222222222222,0.0,0.04054277130311334,-0.20408163265306123
-0.25,0.0,0.812616241319731,-0.8571428571428571
0.5,-1.0,0.9610859828100411,-0.46938775510204084
-0.8055555555555556,-1.0,0.08301143429407816,0.4897959183673469
1.0,0.0,-0.40483343788173926,-0.40816326530612246
0.16666666666666666,-1.0,0.9469884556549683,-0.9183673469387755
0.3055555555555556,0.0,0.004842241958026567,0.9795918367346939
-0.4166666666666667,-1.0,-0.10431729890939505,-0.10204081632653061
-0.9444444444444444,-1.0,0.12707583611211992,0.0
-0.3888888888888889,0.0,-0.2466792124753761,0.14285714285714285
-0.8888888888888888,0.0,-0.04385530500621788,0.5714285714285714
0.25,-1.0,-0.6080755389745452,0.8571428571428571
0.8055555555555556,-1.0,-0.3704865352658281,0.5102040816326531
-0.2222222222222222,-1.0,0.873067230127549,0.061224489795918366
0.5,-1.0,0.8195714615867147,0.30612244897959184
0.027777777777777776,-1.0,0.4698625463589642,0.7755102040816326
-0.8611111111111112,0.0,-0.6380864340189508,-0.7755102040816326
1.0,0.0,-0.15121001023473868,-0.22448979591836735
-0.1388888888888889,-1.0,-0.045792201789428506,-1.0204081632653061
0.3333333333333333,0.0,-0.824908932835903,-1.0
-0.3055555555555556,-1.0,-0.23542099992296434,0.02040816326530612
-0.5277777777777778,0.0,0.5005667624109963,0.0
0.0,-1.0,-0.7132842506080315,0.6938775510204082
-0.05555555555555555,-1.0,-0.012721890235178888,0.3469387755102041
0.6388888888888888,0.0,-0.879901394345582,-0.6326530612244898
-0.7222222222222222,-1.0,0.6271363641365952,0.061224489795918366
-0.9722222222222222,-1.0,-0.6924185898070807,0.04081632653061224
0.6388888888888888,-1.0,-0.5511571857770148,-0.20408163265306123
0.25,0.0,-0.27293737000231105,-0.6326530612244898
-0.8611111111111112,-1.0,0.10017938305435417,-0.3877551020408163
-0.7222222222222222,0.0,-0.2262537554887913,0.9387755102040817
-0.3888888888888889,0.0,0.6281818481957147,-0.04081632653061224
0.027777777777777776,0.0,-0.3306480900657004,-0.2653061224489796
-0.8333333333333334,0.0,-0.15888056170006712,0.5102040816326531
0.4722222222222222,0.0,-0.677968899600515,0.04081632653061224
0.1388888888888889,-1.0,0.0958323703874894,-0.4897959183673469
0.5833333333333334,0.0,-0.37002432126074375,-0.673469387755102
0.6111111111111112,0.0,0.5471623361616429,0.9183673469387755
0.5277777777777778,-1.0,0.6544179955319313,-1.0204081632653061
0.9722222222222222,0.0,-0.83960073514037,-0.16326530612244897
0.027777777777777776,-1.0,0.4919057523633442,-0.8367346938775511
-0.1388888888888889,0.0,0.2841845774593637,-0.10204081632653061
0.8888888888888888,-1.0,0.7674623350611333,-0.5510204081632653
0.7777777777777778,0.0,-0.623845840624209,0.9591836734693877
0.3888888888888889,0.0,0.23718181518042855,0.5510204081632653
0.8055555555555556,0.0,0.8270659315262967,-0.3877551020408163
-0.1388888888888889,-1.0,-0.3078785477676164,-0.7959183673469388
0.2777777777777778,0.0,0.01486788383021339,0.4897959183673469
-0.6388888888888888,-1.0,-0.04588024255230171,0.12244897959183673
-0.75,-1.0,-0.8371135835892018,-0.8775510204081632
0.3888888888888889,0.0,-0.11953734579110128,-0.9795918367346939
0.3055555555555556,0.0,0.8662440710048752,0.5306122448979592
0.7777777777777778,0.0,0.3055344624561172,-0.04081632653061224
0.4166666666666667,-1.0,-0.7116114761134406,0.1836734693877551
-0.4166666666666667,0.0,-0.03756039046078334,0.0
-0.75,-1.0,0.23875554381678718,-0.3877551020408163
0.7222222222222222,-1.0,0.8275171404360219,-0.7755102040816326
0.5833333333333334,-1.0,-0.00923327500632793,-0.5102040816326531
-0.7222222222222222,-1.0,0.10317276899204332,0.7755102040816326
0.6388888888888888,-1.0,0.11522334841031398,0.3469387755102041
-0.6944444444444444,0.0,0.15368615669054772,-0.46938775510204084
-0.3055555555555556,0.0,0.14914105230721825,0.8775510204081632
0.5833333333333334,0.0,0.9602275853720272,0.6122448979591837
0.3333333333333333,0.0,-0.4594627312445662,0.9795918367346939
-0.4166666666666667,0.0,-0.32745661241154655,0.5714285714285714
0.4166666666666667,-1.0,-0.5244918397217911,0.40816326530612246
0.6944444444444444,-1.0,-0.08990062398890686,-0.5714285714285714
0.6111111111111112,0.0,0.5255043084948331,0.5714285714285714
-0.9722222222222222,-1.0,0.34267665929325275,0.6326530612244898
0.8611111111111112,0.0,0.26996599425534024,0.3877551020408163
0.16666666666666666,0.0,-0.9424103359855613,-0.4489795918367347
0.16666666666666666,0.0,-0.9185732994376397,0.7346938775510204
0.4166666666666667,0.0,-0.8555691285064985,0.9591836734693877
0.0,0.0,-0.8966511494822103,0.20408163265306123
-0.4722222222222222,-1.0,-0.7209768122640783,0.4489795918367347
0.16666666666666666,0.0,0.002002927355365534,0.2857142857142857
0.6111111111111112,-1.0,-0.3423244962417599,0.24489795918367346
-0.7777777777777778,-1.0,-0.515456656431928,0.1836734693877551
0.8333333333333334,-1.0,-0.8926783100575566,-0.08163265306122448
-0.2777777777777778,-1.0,-0.2952226881045924,-0.46938775510204084
0.6666666666666666,-1.0,-0.7279210274357027,0.5714285714285714
-0.3055555555555556,0.0,-0.4972432236125326,0.3673469387755102
-0.9166666666666666,0.0,-0.0944787436583138,-0.3673469387755102
0.3055555555555556,-1.0,0.49553743383186416,-0.3673469387755102
0.16666666666666666,-1.0,-0.609517206466594,-0.5714285714285714
0.4166666666666667,-1.0,0.8572308979057304,-0.20408163265306123
0.75,0.0,0.02487151551168191,-0.3673469387755102
0.16666666666666666,-1.0,-0.5762047828144431,-0.9795918367346939
-0.8055555555555556,-1.0,0.6073932230622778,0.12244897959183673
0.05555555555555555,-1.0,0.6619344756622316,0.3469387755102041
0.9722222222222222,-1.0,-0.7558409543618696,-0.24489795918367346
0.5277777777777778,-1.0,0.4144408861302783,-0.6122448979591837
-0.4722222222222222,0.0,-0.2962901823544301,0.2857142857142857
-0.4722222222222222,-1.0,0.652866277086291,-1.0204081632653061
1.0,-1.0,-0.7080678354077938,0.8163265306122449
0.4166666666666667,0.0,0.24759263539018567,-0.4489795918367347
-0.027777777777777776,-1.0,-0.1693023870051834,0.16326530612244897
-0.8888888888888888,-1.0,-0.44886482441370357,-0.1836734693877551
-0.2222222222222222,0.0,0.7340398604553908,-0.5102040816326531
0.2777777777777778,-1.0,0.9361484367262042,-0.061224489795918366
-0.75,-1.0,0.6743922436087909,-1.0
0.8055555555555556,0.0,0.6880385618541385,-1.0204081632653061
0.1388888888888889,-1.0,0.9199489363575335,-0.20408163265306123
-0.4444444444444444,0.0,-0.9022197277339408,0.673469387755102
-0.4166666666666667,0.0,-0.32980069772304577,-0.42857142857142855
0.8611111111111112,-1.0,0.7637536179250993,-0.5918367346938775
0.0,-1.0,-0.11936126426535486,-0.8979591836734694
-0.6666666666666666,0.0,-0.5228410754179185,0.08163265306122448
0.0,0.0,0.7852245589708035,0.6122448979591837
0.8055555555555556,-1.0,-0.7411491520574026,-0.9795918367346939
0.6388888888888888,-1.0,-0.5895649685804527,-0.8163265306122449
0.6666666666666666,-1.0,-0.4043051933045,0.7346938775510204
0.8888888888888888,-1.0,-0.29230633783441734,-0.3469387755102041
-0.8611111111111112,-1.0,-0.9541747829244941,-0.30612244897959184
1.0,0.0,0.6558706681193393,0.8571428571428571
0.9722222222222222,-1.0,0.038209691086973266,-0.2653061224489796
-0.9166666666666666,-1.0,-0.20557518130894603,0.9591836734693877
0.0,-1.0,0.16250123807322792,-0.7346938775510204
0.0,-1.0,-0.8295860983635424,-0.9591836734693877
0.3333333333333333,-1.0,0.7588123301088404,0.9795918367346939
-0.5833333333333334,-1.0,0.6200160674392243,0.9795918367346939
-0.8611111111111112,-1.0,0.5930425787139445,0.42857142857142855
0.16666666666666666,0.0,-0.7291205828298503,-0.6530612244897959
0.7222222222222222,-1.0,-0.7119856493556517,0.5510204081632653
-0.5555555555555556,0.0,0.0581289136870371,-0.3469387755102041
-0.25,0.0,0.9047839149526231,0.5306122448979592
-0.1388888888888889,-1.0,0.002982380842329999,0.14285714285714285
0.8888888888888888,-1.0,-0.24312456667437024,-0.40816326530612246
-0.8333333333333334,-1.0,-0.9100443505342973,0.08163265306122448
-0.6111111111111112,0.0,0.3190267093664367,-0.40816326530612246
0.16666666666666666,-1.0,0.19465812671266797,0.4489795918367347
0.8611111111111112,-1.0,-0.9545929765481418,-0.46938775510204084
-0.4444444444444444,0.0,0.6605258234562602,-0.5102040816326531
0.3611111111111111,0.0,0.9302717158044175,0.2653061224489796
-0.4722222222222222,-1.0,-0.22771743317155843,0.8775510204081632
-0.4444444444444444,0.0,0.09977219452606557,-1.0204081632653061
-0.25,0.0,0.2609968415376319,0.8979591836734694
0.8055555555555556,-1.0,-0.5518835220707188,-0.8775510204081632
0.05555555555555555,-1.0,0.1854358568016992,0.3469387755102041
-0.08333333333333333,-1.0,0.3534726578405802,-0.24489795918367346
-0.1111111111111111,-1.0,-0.5244588244357138,0.8163265306122449
0.05555555555555555,-1.0,0.5325585746200491,-0.3877551020408163
0.8055555555555556,-1.0,0.9080634333696501,0.5918367346938775
-0.027777777777777776,0.0,0.09926596013954461,-0.3877551020408163
0.9722222222222222,0.0,-0.2081393685276283,-0.7551020408163265
0.6111111111111112,0.0,0.011874497892524238,0.1836734693877551
0.8888888888888888,0.0,-0.43542760298017985,-0.5918367346938775
-0.027777777777777776,-1.0,-0.7337317177853346,0.20408163265306123
0.3611111111111111,-1.0,0.9278065744439675,0.10204081632653061
-0.3611111111111111,0.0,-0.3997380787304522,-0.9591836734693877
0.4444444444444444,-1.0,-0.8711193282489793,0.673469387755102
1.0,-1.0,0.2818625023385828,-0.7346938775510204
0.05555555555555555,-1.0,0.2906445684351855,-0.20408163265306123
-0.3333333333333333,-1.0,0.8597400596476168,0.30612244897959184
-0.75,0.0,-0.8655507499972487,-0.24489795918367346
0.8611111111111112,-1.0,0.6348069156019237,0.7142857142857143
0.0,0.0,0.5375658930084629,0.0
0.9444444444444444,-1.0,0.5951995774043382,-0.7346938775510204
-0.75,-1.0,-0.23582818845125292,0.32653061224489793
0.3055555555555556,-1.0,-0.5782957509326818,0.24489795918367346
0.6111111111111112,0.0,-0.33943015616230315,-0.5714285714285714
-0.05555555555555555,0.0,-0.8301363531314999,0.22448979591836735
0.8333333333333334,-1.0,-0.2768221686640915,0.12244897959183673
0.3333333333333333,0.0,-0.21210120285692274,0.42857142857142855
-0.9444444444444444,0.0,0.5634718874839051,0.7959183673469388
-0.25,-1.0,0.23674161136606248,-0.30612244897959184
-0.6388888888888888,-1.0,0.07234749689106056,0.7959183673469388
0.25,-1.0,-0.06305919640793688,0.6326530612244898
-1.0,0.0,0.3219870800180484,-0.6326530612244898
-0.2222222222222222,0.0,-0.8622932417709399,-0.9795918367346939
-0.8888888888888888,0.0,0.6312192545148404,0.8775510204081632
-0.19444444444444445,-1.0,-0.8278362882014373,-0.32653061224489793
0.8055555555555556,0.0,0.27686618904552807,-0.8571428571428571
-0.5,0.0,-0.294100168377959,-0.6938775510204082
-0.19444444444444445,-1.0,0.2572000836387247,-0.2653061224489796
0.6944444444444444,0.0,0.0709608548758075,0.5102040816326531
0.3333333333333333,0.0,0.32473835385783617,-0.673469387755102
0.5,-1.0,-0.41163458681369475,0.7755102040816326
0.4722222222222222,0.0,0.0897575577492379,0.3877551020408163
-1.0,-1.0,-0.7376715419239108,-0.20408163265306123
-0.8888888888888888,0.0,0.9877293186745463,-0.8775510204081632
0.8888888888888888,-1.0,-0.34681457514829367,0.10204081632653061
-0.1388888888888889,0.0,-0.6828661670353373,-0.2857142857142857
0.5833333333333334,0.0,-0.0014306623966896673,-0.30612244897959184
-0.8333333333333334,-1.0,-0.13157692011401279,0.5306122448979592
0.2222222222222222,-1.0,-0.5097009915590919,0.5306122448979592
-0.8888888888888888,0.0,0.6938822674898478,0.32653061224489793
0.9722222222222222,-1.0,0.3354463116422904,-0.04081632653061224
0.8888888888888888,0.0,-0.9325827858298392,-0.24489795918367346
0.8611111111111112,0.0,0.9231624242024057,0.10204081632653061
-0.027777777777777776,-1.0,-0.6449976339044978,0.7551020408163265
0.16666666666666666,-1.0,0.03948628214863482,0.4897959183673469
-0.7222222222222222,0.0,0.8383791695555042,0.10204081632653061
0.5833333333333334,0.0,0.9848569887858079,-0.40816326530612246
-0.027777777777777776,-1.0,-0.6566080095084024,0.2857142857142857
0.9722222222222222,0.0,0.17974622250101796,-0.2653061224489796
-0.9722222222222222,0.0,0.18224437914754532,0.7959183673469388
0.8611111111111112,0.0,-0.97912333410369,0.061224489795918366
-0.08333333333333333,-1.0,-0.4843012314701707,-0.7755102040816326
0.7777777777777778,-1.0,0.12178238524436814,-0.32653061224489793
0.3888888888888889,0.0,0.7193370530555647,-0.14285714285714285
-0.9444444444444444,-1.0,0.9481219804769608,-0.10204081632653061
0.9722222222222222,-1.0,-0.9729494756072061,0.9591836734693877
-0.6111111111111112,0.0,-0.8891896948287057,0.7959183673469388
-0.25,-1.0,-0.1545005337471249,0.1836734693877551
-0.6388888888888888,0.0,0.7318608515742789,0.2857142857142857
-0.5,-1.0,-0.5980278869116401,0.061224489795918366
0.4722222222222222,-1.0,0.8039112108906423,-0.8163265306122449
-1.0,-1.0,0.8490761222445993,-0.24489795918367346
1.0,-1.0,0.4553358204848845,0.5102040816326531
-0.5,-1.0,-0.8294650423145916,-0.7346938775510204
-0.7222222222222222,0.0,0.016650709278395896,0.9387755102040817
0.16666666666666666,0.0,-0.7475100971749921,-0.16326530612244897
-0.25,0.0,0.5749722121342181,0.02040816326530612
0.9722222222222222,0.0,-0.8870877216151078,-0.2653061224489796
-0.5277777777777778,0.0,-0.9777476971837961,0.8775510204081632
0.05555555555555555,0.0,-0.5209922193975811,0.16326530612244897
0.75,0.0,-0.18592008099750185,0.9591836734693877
0.9166666666666666,0.0,0.9473516238018203,-0.3877551020408163
0.5833333333333334,-1.0,-0.26647737902648927,-0.20408163265306123
-0.5555555555555556,-1.0,0.4225296312192545,0.7959183673469388
-0.4722222222222222,0.0,-0.6706615162820386,-0.10204081632653061
-0.1388888888888889,-1.0,-0.08580672851530259,0.4489795918367347
-0.2777777777777778,-1.0,0.49925715606325727,-0.3877551020408163
-0.9166666666666666,0.0,0.24849505320963605,-0.5102040816326531
-0.2222222222222222,-1.0,0.809270692330549,0.4897959183673469
0.25,0.0,-0.005018323483772987,-0.10204081632653061
0.4722222222222222,0.0,-0.8798683790595045,0.9795918367346939
-0.7222222222222222,0.0,-0.9404294188209141,0.9183673469387755
0.3333333333333333,-1.0,-0.20373733038396777,0.6122448979591837
-0.2222222222222222,-1.0,0.962978859211815,-0.7142857142857143
-0.3611111111111111,-1.0,0.5760727216701332,-0.3877551020408163
0.0,-1.0,-0.23835936038385772,0.8979591836734694
0.6388888888888888,-1.0,-0.13127978253931571,0.7142857142857143
-0.8333333333333334,-1.0,-0.49371058800224504,0.10204081632653061
-0.9722222222222222,-1.0,0.08000704326102985,-0.46938775510204084
-0.5833333333333334,0.0,-0.38316440511957034,0.42857142857142855
0.19444444444444445,0.0,-0.007681556560687599,-0.8367346938775511
0.08333333333333333,0.0,-0.4622690305611498,-0.9591836734693877
0.5277777777777778,0.0,-0.37339188044064403,-0.3877551020408163
0.4166666666666667,-1.0,-0.25950014856878734,-0.2857142857142857
0.8055555555555556,0.0,-0.7141866684274819,0.2857142857142857
-0.8888888888888888,-1.0,0.34367812297093553,-0.4897959183673469
0.3888888888888889,-1.0,0.5086445024046133,0.6122448979591837
0.5277777777777778,0.0,-0.6276976239999119,0.24489795918367346
-0.5277777777777778,0.0,0.7261051867014428,-0.9795918367346939
-0.75,-1.0,-0.940132281246217,0.20408163265306123
-0.25,0.0,-0.6420372632528861,-0.9591836734693877
0.2777777777777778,-1.0,0.6190035986661825,0.4897959183673469
0.8055555555555556,-1.0,0.8975975876830973,0.20408163265306123
0.19444444444444445,-1.0,0.3152849769443252,0.4489795918367347
-0.6944444444444444,0.0,0.7717983426326389,0.3673469387755102
0.027777777777777776,0.0,-0.8986870921236533,0.6938775510204082
0.2222222222222222,-1.0,-0.14129441931614337,-1.0204081632653061
0.3055555555555556,-1.0,0.49465702620313207,-0.42857142857142855
1.0,-1.0,-0.12594231129012734,0.30612244897959184
0.25,0.0,-0.33030693210956674,-0.5306122448979592
-0.3055555555555556,0.0,0.4424378487239592,0.5714285714285714
-0.7222222222222222,-1.0,-0.2111657697513949,-0.04081632653061224
-0.3055555555555556,-1.0,-0.44471590346330353,0.8163265306122449
-0.3888888888888889,0.0,0.5892018004336007,0.7551020408163265
1.0,0.0,0.17903089130267313,-0.9183673469387755
-0.8055555555555556,-1.0,-0.03975040443725445,-0.4489795918367347
0.8333333333333334,0.0,-0.6869930777950191,-0.4489795918367347
-0.8333333333333334,-1.0,-0.5833140744164548,-0.4489795918367347
0.25,0.0,-0.8373006702103074,-0.6938775510204082
-0.8888888888888888,0.0,0.5474374635456216,-0.3469387755102041
0.1111111111111111,-1.0,0.7886251334367812,0.08163265306122448
-0.5,0.0,-0.700155171844564,0.8367346938775511
0.3055555555555556,-1.0,0.27660206675690846,-0.4489795918367347
-0.9722222222222222,-1.0,-0.8969482870569073,0.2857142857142857
-0.9722222222222222,-1.0,-0.6027710830114343,-0.16326530612244897
1.0,0.0,-0.20579528321612905,0.3469387755102041
-0.16666666666666666,0.0,-0.9521718555691285,-0.8979591836734694
-0.08333333333333333,-1.0,-0.05703940924648112,0.9795918367346939
-0.4722222222222222,-1.0,-0.5869237456942564,-0.7551020408163265
0.6944444444444444,-1.0,-0.9804549506421473,-0.2857142857142857
-0.8333333333333334,0.0,0.031078389294243235,0.6122448979591837
-0.25,-1.0,-0.5878811889905026,-0.8163265306122449
-0.3611111111111111,-1.0,0.8763137332584987,-0.3469387755102041
0.7222222222222222,0.0,-0.8014680797209108,-1.0
-0.6666666666666666,0.0,0.06259698240285252,0.3877551020408163
-0.7222222222222222,-1.0,0.34552697899127294,0.22448979591836735
0.3333333333333333,-1.0,0.9577844542022956,-0.7755102040816326
0.5,0.0,-0.36706395060913205,-0.1836734693877551
-0.6944444444444444,-1.0,0.6363256187614865,0.04081632653061224
-0.5,-1.0,-0.6014064511868995,0.16326530612244897
0.2222222222222222,0.0,-0.6757898907194031,0.7959183673469388
0.9444444444444444,-1.0,0.3777609032982271,-1.0204081632653061
0.16666666666666666,-1.0,0.3617264793599437,-0.5102040816326531
0.25,-1.0,0.1901790529014934,0.24489795918367346
-0.9166666666666666,0.0,0.6604818030748236,-0.08163265306122448
-0.6111111111111112,0.0,-0.9068638779755026,-0.40816326530612246
-0.2777777777777778,-1.0,-0.2269360714010587,0.7551020408163265
0.3611111111111111,0.0,0.9448974875367295,-0.20408163265306123
-0.3888888888888889,0.0,-0.865715826427636,-0.12244897959183673
-0.25,0.0,-0.2742359712546909,-0.5102040816326531
0.8888888888888888,0.0,0.4118326785301595,0.0
0.4722222222222222,-1.0,0.8985550309793434,0.3469387755102041
-0.9722222222222222,0.0,0.39276084827275026,-0.673469387755102
-0.25,0.0,0.06764832117270296,0.5306122448979592
0.08333333333333333,0.0,0.5935598181958247,-0.46938775510204084
0.2777777777777778,-1.0,0.6262339463171448,-0.08163265306122448
0.9166666666666666,-1.0,0.13980873144265796,-0.673469387755102
-0.6944444444444444,-1.0,0.07637536179250994,0.6938775510204082
-1.0,-1.0,0.12243168587055807,0.3877551020408163
-0.3333333333333333,0.0,-0.19076232295552842,0.673469387755102
0.9166666666666666,-1.0,-0.9019225901592437,-0.7959183673469388
0.5833333333333334,0.0,-0.8401619950036867,-0.8163265306122449
0.6111111111111112,-1.0,-0.18743878415706472,-0.9387755102040817
-0.9444444444444444,0.0,-0.7916405295651887,-0.8775510204081632
-0.4722222222222222,-1.0,-0.7164317078807488,0.0
0.9722222222222222,0.0,0.6947186547371433,0.6530612244897959
-0.8055555555555556,-1.0,0.14521223326400123,-0.9591836734693877
-0.16666666666666666,0.0,0.026038055619751945,-0.7959183673469388
0.2777777777777778,0.0,-0.672510372302376,0.0
-0.9166666666666666,0.0,-0.3751857109841857,-0.08163265306122448
-0.1111111111111111,-1.0,-0.6181892216096052,-0.7755102040816326
0.25,0.0,0.3993639054882411,-0.8775510204081632
-0.3055555555555556,-1.0,-0.6878294650423146,0.08163265306122448
0.2777777777777778,-1.0,-0.44423167926750085,-0.2653061224489796
1.0,0.0,0.7866882366535706,0.30612244897959184
-0.9444444444444444,0.0,-0.15742788911265918,-0.46938775510204084
-0.5555555555555556,0.0,0.5405702840415112,0.8775510204081632
0.08333333333333333,0.0,0.9467243333663486,0.8979591836734694
0.05555555555555555,-1.0,-0.621226627928731,-0.7142857142857143
0.5,-1.0,-0.7404558310497761,-0.4897959183673469
-0.25,-1.0,-0.108169082285098,0.061224489795918366
0.4444444444444444,-1.0,-0.16253425335930535,0.3673469387755102
0.8888888888888888,-1.0,-0.37234639638152467,0.8163265306122449
-0.4444444444444444,-1.0,-0.8803415981599481,-0.20408163265306123
-0.6388888888888888,-1.0,-0.001804835638900811,0.7959183673469388
0.9444444444444444,-1.0,-0.9774615647044582,0.6938775510204082
0.16666666666666666,-1.0,-0.34477863250685065,-0.5102040816326531
0.4722222222222222,-1.0,0.45455445871438477,-1.0
-0.9166666666666666,0.0,-0.18045054860400364,0.32653061224489793
-0.7222222222222222,0.0,0.3029592701420758,0.20408163265306123
-0.2777777777777778,0.0,-0.8612477577118206,-0.3673469387755102
-0.19444444444444445,0.0,-0.7405878921940858,0.9387755102040817
0.5555555555555556,-1.0,0.40004622140050844,-0.22448979591836735
0.9166666666666666,-1.0,-0.9465592569359613,-0.2653061224489796
-0.4166666666666667,0.0,-0.8823885458967502,0.7755102040816326
-0.3333333333333333,-1.0,0.7286803790154842,0.6530612244897959
-0.19444444444444445,0.0,0.8302353989897322,-0.6122448979591837
0.3333333333333333,-1.0,0.9308990062398891,-0.9795918367346939
0.9722222222222222,-1.0,-0.05060142846137762,-0.6530612244897959
-0.8611111111111112,0.0,0.6474957905510251,-0.30612244897959184
0.08333333333333333,-1.0,-0.8603013195109336,-0.04081632653061224
0.75,-1.0,-0.2501568226088679,0.20408163265306123
0.16666666666666666,0.0,0.7859508952645075,-0.5714285714285714
0.027777777777777776,0.0,0.3845620522301826,0.7959183673469388
-0.1388888888888889,0.0,0.567180604619939,0.3877551020408163
0.8055555555555556,0.0,-0.8789439510493359,0.46938775510204084
-0.1111111111111111,-1.0,0.7051514851376187,-0.8775510204081632
0.25,0.0,0.08271429671938108,-0.2857142857142857
-0.8888888888888888,0.0,-0.12026368208480527,0.0
-0.9722222222222222,0.0,0.4646461311587265,-0.7142857142857143
0.7777777777777778,-1.0,-0.4994442426843629,-0.5306122448979592
-0.5,-1.0,-0.8535772062464921,0.3877551020408163
-0.5,-1.0,0.8047475981379378,0.9183673469387755
0.0,-1.0,-0.4039640353483663,0.12244897959183673
-0.5833333333333334,0.0,-0.8914237291866134,-0.7142857142857143
-0.027777777777777776,-1.0,-0.30968338340651724,0.6326530612244898
-0.3611111111111111,0.0,-0.366623746794766,-0.2653061224489796
-0.4166666666666667,-1.0,-0.15160619366766814,0.8571428571428571
0.9444444444444444,-1.0,0.20042479668086324,0.3877551020408163
-0.7222222222222222,0.0,0.07022351348674437,0.08163265306122448
-0.6388888888888888,-1.0,0.4972322185171735,-0.7551020408163265
0.6111111111111112,-1.0,-0.3683625518615119,-0.7346938775510204
0.1111111111111111,-1.0,0.4846423894263044,0.14285714285714285
-0.2222222222222222,0.0,-0.031617638966841645,0.40816326530612246
-0.6388888888888888,0.0,0.6368208480526484,0.3469387755102041
0.7777777777777778,0.0,0.45247449569150516,0.8979591836734694
-0.5,-1.0,-0.6190256088569007,-0.08163265306122448
-0.3888888888888889,-1.0,-0.10294166198950114,-0.10204081632653061
0.8888888888888888,-1.0,0.2574091804505486,-0.08163265306122448
-0.5,0.0,0.6705294551377288,0.32653061224489793
0.9444444444444444,0.0,0.12736196859145785,-0.22448979591836735
0.6111111111111112,-1.0,0.666325508710533,-0.8775510204081632
0.2222222222222222,-1.0,-0.8661010047652062,-0.5918367346938775
0.7777777777777778,-1.0,-0.9573222401972113,0.3877551020408163
1.0,-1.0,0.9875092167673633,0.7551020408163265
0.3333333333333333,-1.0,0.737253348300263,-0.42857142857142855
-0.25,0.0,0.38806167255439267,0.24489795918367346
0.6111111111111112,-1.0,0.24012017564132193,-0.46938775510204084
0.1111111111111111,0.0,-0.1167090362837994,0.8775510204081632
0.3055555555555556,-1.0,-0.5352328127923228,0.9591836734693877
-0.6388888888888888,-1.0,-0.27169379422672696,0.7346938775510204
0.1111111111111111,-1.0,-0.5559774175443231,-0.16326530612244897
0.8055555555555556,0.0,-0.2526109588739586,-0.7551020408163265
1.0,0.0,-0.024904530797759363,0.5306122448979592
0.8333333333333334,0.0,0.9867938855690185,-0.8775510204081632
0.19444444444444445,0.0,-0.13356884237401917,-0.7551020408163265
-0.16666666666666666,0.0,-0.11032608097549165,0.9591836734693877
0.19444444444444445,-1.0,0.7136254085641652,-0.7346938775510204
-0.6111111111111112,-1.0,0.040245633728416254,-0.2653061224489796
0.7222222222222222,-1.0,-0.6610430629381404,-0.24489795918367346
-0.8611111111111112,-1.0,0.1764887142747092,-0.02040816326530612
0.3611111111111111,-1.0,0.1922149955429364,-0.46938775510204084
-0.3611111111111111,-1.0,-0.5228630856086368,0.22448979591836735
0.5277777777777778,-1.0,-0.3845400420394643,0.7142857142857143
0.6111111111111112,-1.0,0.7295607866442163,0.9795918367346939
0.1388888888888889,-1.0,0.5830169368417577,-0.24489795918367346
0.3333333333333333,-1.0,-0.027930932021525967,-0.24489795918367346
-0.8611111111111112,-1.0,0.5044185457866992,0.7959183673469388
-0.19444444444444445,0.0,0.7411601571527617,-0.3673469387755102
0.5,0.0,-0.35427602980179823,0.20408163265306123
-0.9444444444444444,0.0,-0.4925660580848933,-0.14285714285714285
-0.8055555555555556,-1.0,-0.20281290237379906,1.0
0.8055555555555556,0.0,-0.7964717664278561,-0.4489795918367347
0.7777777777777778,-1.0,-0.6749204881860301,0.4897959183673469
-0.027777777777777776,-1.0,0.9742700870503043,0.24489795918367346
0.8333333333333334,0.0,0.7446267621908944,-0.6326530612244898
0.8611111111111112,-1.0,-0.8004556109478689,0.2857142857142857
0.5555555555555556,0.0,-0.7730639285989414,0.0
-0.027777777777777776,0.0,-0.539898973224603,-0.9183673469387755
0.2777777777777778,-1.0,-0.779589950146918,-0.40816326530612246
-0.75,0.0,-0.025817953712568918,0.6326530612244898
-0.2222222222222222,0.0,0.5420889872010741,-0.16326530612244897
-0.4444444444444444,0.0,0.5173275226429837,-0.6530612244897959
0.9722222222222222,0.0,-0.5933507213840008,-0.9183673469387755
0.0,-1.0,-0.8057270516249023,0.1836734693877551
-0.8611111111111112,-1.0,0.6941243795877491,-1.0204081632653061
-0.3333333333333333,-1.0,0.40126778698537424,-0.5714285714285714
-0.19444444444444445,0.0,-0.3994409411557551,0.46938775510204084
-0.8611111111111112,0.0,0.6442712976107938,-0.08163265306122448
-0.5,0.0,0.9917901988620731,0.08163265306122448
0.5277777777777778,0.0,0.4988389624396095,-0.2653061224489796
-0.8055555555555556,0.0,-0.3575115278373887,0.7346938775510204
-0.6111111111111112,-1.0,0.871614557540141,0.4897959183673469
0.8333333333333334,0.0,0.4034247856757679,0.4489795918367347
0.75,0.0,-0.19115850638845786,0.12244897959183673
0.6666666666666666,-1.0,0.21365292130256308,0.8979591836734694
0.2222222222222222,0.0,-0.47359327368571646,0.8571428571428571
-0.4166666666666667,0.0,0.1564264254349764,0.5102040816326531
-0.6388888888888888,-1.0,0.14694003323538798,0.7551020408163265
0.16666666666666666,-1.0,0.4061760595155557,-1.0
0.5555555555555556,-1.0,0.872043756259148,0.8571428571428571
0.9166666666666666,0.0,0.7108851398197366,0.20408163265306123
-0.08333333333333333,-1.0,-0.06612961801314009,-0.9183673469387755
0.8611111111111112,0.0,0.02143792575962671,-0.2857142857142857
-0.3611111111111111,-1.0,-0.310541780844531,0.6122448979591837
-0.75,-1.0,0.3433259599194427,-0.7755102040816326
0.4722222222222222,0.0,-0.2644744516711237,-0.9183673469387755
1.0,0.0,-0.2160410269954989,0.4897959183673469
-0.25,-1.0,-0.6705074449470104,-0.5102040816326531
0.3333333333333333,0.0,0.7581080040058548,0.4489795918367347
-0.16666666666666666,-1.0,0.31758504187438785,-0.5102040816326531
0.3888888888888889,-1.0,-0.17119526340695743,-0.8571428571428571
-0.3333333333333333,-1.0,-0.08705030429088668,-0.6122448979591837
0.75,0.0,0.16141173363267192,-0.5306122448979592
0.0,-1.0,0.5312819835583875,0.7551020408163265
-0.6111111111111112,0.0,-0.32340673731937886,-0.6122448979591837
-0.4166666666666667,0.0,-0.09079203671299811,-0.6122448979591837
0.19444444444444445,-1.0,0.525427272827319,0.6530612244897959
-0.1111111111111111,0.0,0.5316891720866761,0.0
-0.3611111111111111,0.0,0.26535485929985586,-0.3673469387755102
0.8333333333333334,0.0,-0.6392749843177391,-0.7959183673469388
0.3055555555555556,0.0,-0.6573563559928247,0.2653061224489796
0.2777777777777778,0.0,-0.26679652679190463,0.20408163265306123
0.05555555555555555,-1.0,0.3434140006823159,0.7551020408163265
0.0,0.0,-0.6886108268128144,-0.9795918367346939
-1.0,-1.0,0.5047707088381921,0.08163265306122448
0.027777777777777776,-1.0,-0.42632638911816173,-0.10204081632653061
-0.6666666666666666,0.0,0.0649960931911475,-0.08163265306122448
-0.5833333333333334,0.0,-0.6810283161103591,0.02040816326530612
-0.5555555555555556,0.0,0.09935400090241782,-0.22448979591836735
-0.5833333333333334,-1.0,-0.07543992868698207,0.22448979591836735
0.08333333333333333,0.0,0.33623867850814926,-0.4897959183673469
0.3055555555555556,-1.0,0.8181518042853841,0.5306122448979592
0.5555555555555556,-1.0,0.41277911673104645,-0.8775510204081632
-0.6666666666666666,0.0,0.6159661923470567,0.42857142857142855
-0.5555555555555556,0.0,-0.6675910946768354,0.4489795918367347
0.027777777777777776,-1.0,-0.9023297786875323,0.673469387755102
-0.25,-1.0,0.13723353912861655,0.22448979591836735
0.19444444444444445,-1.0,-0.2134218143000209,0.8571428571428571
0.3055555555555556,0.0,0.8378949453597015,0.02040816326530612
-0.25,-1.0,-0.36153939273883806,-0.7959183673469388
-0.1111111111111111,-1.0,0.7218462147974513,0.42857142857142855
0.8333333333333334,0.0,0.41397867212519396,-0.673469387755102
0.1388888888888889,0.0,0.1967270846401884,-0.6122448979591837
-0.5,-1.0,0.19773955341323032,0.7142857142857143
-0.4722222222222222,-1.0,-0.01633156151298051,-0.9591836734693877
0.4444444444444444,-1.0,0.2573101345923162,0.1836734693877551
-0.1111111111111111,0.0,-0.32958059581586274,0.6938775510204082
-0.8611111111111112,0.0,-0.6378553270164086,-0.24489795918367346
0.7222222222222222,0.0,-0.773768254701927,-0.42857142857142855
0.1388888888888889,-1.0,-0.2070718742777906,0.6938775510204082
0.4722222222222222,-1.0,-0.43646208194394004,0.6938775510204082
0.9166666666666666,-1.0,-0.4104790518009839,0.3673469387755102
-0.6666666666666666,-1.0,-0.39599634630834074,1.0
-0.4166666666666667,0.0,0.4612125414066713,-0.5510204081632653
0.4722222222222222,0.0,0.20729197618497364,0.32653061224489793
-0.6388888888888888,0.0,-0.03466605038132656,-0.7755102040816326
0.75,-1.0,0.3606149647286694,0.4489795918367347
-0.6388888888888888,0.0,-0.8393256077563912,0.4489795918367347
0.08333333333333333,-1.0,-0.5143231316099354,0.7142857142857143
-0.6111111111111112,-1.0,-0.7954372874640959,-0.12244897959183673
-0.4722222222222222,0.0,-0.3668658588926673,0.6326530612244898
0.5277777777777778,0.0,0.27707528585735197,-0.7755102040816326
-0.7222222222222222,0.0,-0.8718896849241199,-0.9795918367346939
-0.75,-1.0,-0.19644095216085047,0.8571428571428571
-0.6111111111111112,0.0,-0.6182772623724785,0.061224489795918366
-0.9166666666666666,0.0,0.7173011104141217,-0.5918367346938775
-0.4166666666666667,-1.0,0.17247185446861896,0.7346938775510204
-0.05555555555555555,-1.0,0.7615746090439873,0.24489795918367346
-0.2222222222222222,-1.0,-0.11407881849296224,0.9183673469387755
0.3055555555555556,-1.0,0.08198796042567709,0.9387755102040817
-0.4444444444444444,-1.0,0.589873111250509,-0.7959183673469388
-0.5555555555555556,-1.0,0.2507510977582621,-0.8163265306122449
0.4722222222222222,0.0,0.1678387093224163,-1.0204081632653061
-0.1111111111111111,-1.0,-0.7915524888023154,-0.24489795918367346
0.7222222222222222,-1.0,0.057908811779854075,0.3673469387755102
0.5555555555555556,-1.0,-0.3194228927993661,1.0
-0.75,-1.0,0.22925814652183962,-0.8571428571428571
0.9722222222222222,0.0,0.870370981764557,-0.32653061224489793
0.4722222222222222,-1.0,-0.5698438376968537,0.8367346938775511
0.6388888888888888,-1.0,-0.3854314547635555,-0.30612244897959184
-0.7777777777777778,0.0,-0.4673974049985143,-0.32653061224489793
-0.5833333333333334,-1.0,0.1341521124280542,0.4489795918367347
-0.6666666666666666,0.0,0.05763368439587529,-0.3877551020408163
0.8888888888888888,-1.0,0.35662011511329744,0.12244897959183673
0.7222222222222222,0.0,0.6850671861071677,0.6938775510204082
0.8888888888888888,-1.0,-0.023704975403611873,0.8775510204081632
-0.8055555555555556,0.0,0.35359371388953087,0.7959183673469388
-0.6944444444444444,-1.0,-0.1219034412933188,0.8367346938775511
-0.75,-1.0,0.6669638042413637,-0.9387755102040817
-0.4722222222222222,-1.0,0.5266268282214666,0.9591836734693877
0.4722222222222222,-1.0,0.09049489913830103,0.6938775510204082
0.2777777777777778,-1.0,0.3006371950212949,-0.9795918367346939
1.0,0.0,0.5158088194834208,-0.14285714285714285
-0.5277777777777778,-1.0,-0.2511692913819098,0.04081632653061224
-0.9722222222222222,0.0,0.5326136000968449,-0.10204081632653061
0.3611111111111111,0.0,-0.906962923833735,0.6122448979591837
0.9166666666666666,0.0,-0.9397140876225692,0.673469387755102
0.5833333333333334,0.0,-0.874662968954626,0.20408163265306123
-0.9722222222222222,0.0,0.4171371344932704,0.7755102040816326
0.05555555555555555,-1.0,0.2368076419382174,0.3673469387755102
-0.1111111111111111,0.0,0.89626597114464,-0.14285714285714285
-0.5277777777777778,-1.0,0.11439796625837763,0.9183673469387755
-0.1388888888888889,-1.0,-0.6373821079159651,-0.8163265306122449
-0.6388888888888888,0.0,-0.7388600922226991,-0.7959183673469388
-0.6388888888888888,0.0,-0.6605588387423377,-0.10204081632653061
0.5277777777777778,0.0,-0.891324683328381,-0.6530612244897959
-0.3888888888888889,0.0,-0.32072149405174594,0.8163265306122449
0.25,-1.0,-0.9014823863448777,0.8163265306122449
0.7777777777777778,-1.0,-0.5738276822168664,-0.6122448979591837
0.1388888888888889,0.0,-0.19924725147743405,0.8775510204081632
0.08333333333333333,-1.0,0.8126492566058084,0.12244897959183673
-0.7222222222222222,0.0,-0.794501854358568,-0.5714285714285714
-0.2777777777777778,-1.0,-0.5849428285296092,0.8775510204081632
-0.027777777777777776,-1.0,-0.6352801347023672,0.10204081632653061
-0.25,0.0,-0.9186503351051537,-0.7142857142857143
0.6388888888888888,0.0,-0.10677143517448578,0.7346938775510204
-0.19444444444444445,-1.0,0.004269976999350699,-0.8367346938775511
0.6111111111111112,0.0,-0.6986804890664378,0.7755102040816326
1.0,0.0,-0.5002586197409401,-0.12244897959183673
0.4166666666666667,0.0,-0.42174826944875476,-0.14285714285714285
0.25,0.0,0.1681028316110359,-0.22448979591836735
0.4166666666666667,-1.0,-0.32264738573959745,0.9183673469387755
-0.5277777777777778,-1.0,-0.4294848514862381,-0.9183673469387755
0.3333333333333333,0.0,-0.21486348179206974,0.7959183673469388
-0.5555555555555556,-1.0,0.9777476971837961,0.5102040816326531
-0.8333333333333334,0.0,-0.28269888958587824,0.30612244897959184
-0.75,0.0,0.2695367955363333,0.9183673469387755
-0.2777777777777778,0.0,-0.826581707330494,0.9387755102040817
-0.9166666666666666,0.0,-0.6533945216635302,0.40816326530612246
-0.9444444444444444,-1.0,0.2509932098561634,-0.02040816326530612
-0.1111111111111111,-1.0,-0.314690701794931,0.7959183673469388
-0.2777777777777778,0.0,-0.46233506113330475,-0.42857142857142855
0.8055555555555556,0.0,-0.8880671751020722,-0.4897959183673469
0.7222222222222222,0.0,-0.8906643776068319,0.7551020408163265
-0.6666666666666666,-1.0,0.008308846996159221,-0.7346938775510204
0.1111111111111111,0.0,0.10111481615988202,0.9795918367346939
0.16666666666666666,0.0,-0.5578262735646604,-0.7755102040816326
0.1388888888888889,0.0,0.49761739685474377,0.5918367346938775
-0.3611111111111111,0.0,-0.4345361902560886,-0.7346938775510204
0.8055555555555556,-1.0,0.7294947560720614,-0.22448979591836735
0.5,0.0,0.22253403325739818,-0.7959183673469388
-0.2222222222222222,-1.0,0.01957806464393014,0.6326530612244898
-0.4722222222222222,-1.0,-0.09045087875686443,0.4489795918367347
0.6111111111111112,-1.0,0.39657961636237576,-0.7959183673469388
0.027777777777777776,0.0,-0.035953646538347254,-0.1836734693877551
-0.027777777777777776,0.0,-0.6408156976680203,-0.08163265306122448
-0.25,-1.0,0.6190916394290557,-0.1836734693877551
0.5277777777777778,0.0,-0.39708585074889674,-0.46938775510204084
0.6111111111111112,0.0,-0.46777157824072546,0.5918367346938775
-0.9444444444444444,0.0,0.5765899611520133,0.7346938775510204
-0.75,0.0,0.7452320424356477,0.3877551020408163
0.9166666666666666,-1.0,0.9100223403435791,0.12244897959183673
0.1111111111111111,-1.0,0.11322042105494844,0.24489795918367346
0.3611111111111111,-1.0,0.08077739993617045,0.5306122448979592
0.16666666666666666,0.0,-0.8215743889420802,-0.673469387755102
0.19444444444444445,0.0,0.44972322185171737,0.08163265306122448
0.4166666666666667,-1.0,0.7803382966313404,0.5102040816326531
-0.5,-1.0,0.8925682591039651,0.22448979591836735
0.75,-1.0,-0.22640782682381944,0.7551020408163265
0.6388888888888888,-1.0,-0.6971287706207975,-0.8979591836734694
0.027777777777777776,-1.0,-0.08582873870602088,-0.5714285714285714
0.1111111111111111,0.0,0.6464503064919057,-0.8163265306122449
-0.19444444444444445,-1.0,0.6634201635357171,0.5714285714285714
-0.25,-1.0,0.665896309991526,0.32653061224489793
0.3611111111111111,0.0,0.5160179162952447,0.46938775510204084
-0.3611111111111111,0.0,-0.7864791398417468,-1.0204081632653061
1.0,-1.0,-0.6774076397371983,-0.20408163265306123
0.4722222222222222,-1.0,0.41820462874310804,-0.7551020408163265
0.4722222222222222,-1.0,0.2117270296147116,0.5918367346938775
0.9166666666666666,-1.0,0.22405273641696105,-0.3469387755102041
0.9722222222222222,-1.0,0.5196385926684055,0.14285714285714285
0.05555555555555555,0.0,0.09738408883312974,0.9591836734693877
0.4166666666666667,0.0,0.2017674183146797,0.08163265306122448
0.8333333333333334,-1.0,-0.5691064963077905,-0.10204081632653061
0.7777777777777778,0.0,-0.5920851354176984,0.8775510204081632
-0.3055555555555556,0.0,-0.6042567708849197,0.30612244897959184
1.0,-1.0,-0.595617771027986,0.8979591836734694
-0.7222222222222222,0.0,-0.6815015352108026,-0.3673469387755102
0.6111111111111112,-1.0,0.17176752836563328,0.7142857142857143
-0.3888888888888889,-1.0,0.4362639902274753,-0.061224489795918366
-0.3888888888888889,0.0,-0.4716233616164284,0.5714285714285714
0.9166666666666666,-1.0,0.009046188385222358,0.14285714285714285
-0.4722222222222222,-1.0,0.02935058932285648,-0.5102040816326531
-0.4166666666666667,-1.0,-0.9593031573618586,0.10204081632653061
0.2777777777777778,-1.0,0.34756292163271596,-0.9183673469387755
0.6666666666666666,0.0,-0.09655870668119339,-0.9591836734693877
0.08333333333333333,0.0,0.9481990161444749,-0.7346938775510204
0.6388888888888888,0.0,-0.5630096734788207,0.32653061224489793
0.8055555555555556,0.0,0.018026346198289807,0.4489795918367347
-0.4166666666666667,-1.0,0.8699527881409093,0.8775510204081632
0.8611111111111112,0.0,0.24829696149317135,0.3673469387755102
-0.8888888888888888,-1.0,-0.2614810657334346,-0.14285714285714285
-0.05555555555555555,-1.0,-0.9127185887065712,0.7755102040816326
0.1388888888888889,-1.0,0.2428604443857506,0.04081632653061224
0.0,0.0,0.5475034941177765,-0.08163265306122448
-0.19444444444444445,-1.0,0.29919552752924605,0.7551020408163265
0.1388888888888889,0.0,-0.7740984075627015,-0.5102040816326531
0.9722222222222222,0.0,0.9505761167420516,-0.16326530612244897
0.7222222222222222,0.0,-0.3449767242233154,0.22448979591836735
-0.6388888888888888,-1.0,-0.49097031925781637,0.9591836734693877
-0.1388888888888889,0.0,-0.25070707737682546,-0.04081632653061224
-0.16666666666666666,0.0,0.48977076386366886,-0.6122448979591837
-0.4166666666666667,-1.0,0.2743790374943599,-0.8775510204081632
0.8055555555555556,0.0,0.023297786875323273,-0.673469387755102
-0.5833333333333334,-1.0,-0.2666094401707991,-0.5918367346938775
0.3333333333333333,0.0,0.365754344261393,-0.12244897959183673
0.16666666666666666,0.0,-0.7170589983162204,-0.5510204081632653
0.2222222222222222,0.0,0.49811262614590557,-0.1836734693877551
0.8611111111111112,0.0,0.39967204815829727,0.42857142857142855
0.5833333333333334,0.0,-0.16491135395688203,0.30612244897959184
-0.05555555555555555,0.0,-0.9314272508171283,0.7142857142857143
-0.5,-1.0,-0.13070751758063984,-0.8571428571428571
-0.8611111111111112,0.0,-0.33039497287243996,0.9387755102040817
-0.7222222222222222,-1.0,0.9004699175718358,0.5918367346938775
-0.8333333333333334,-1.0,-0.0978683130289324,0.32653061224489793
0.3333333333333333,0.0,0.8209581036019677,-0.16326530612244897
0.6666666666666666,0.0,0.7036657972641333,-0.42857142857142855
-0.2222222222222222,0.0,-0.9552973026511274,-0.8979591836734694
0.9444444444444444,0.0,-0.09606347739003158,-0.6326530612244898
0.8055555555555556,0.0,0.40729857924218915,0.2857142857142857
-0.9722222222222222,-1.0,0.9513244632264739,-0.10204081632653061
0.6388888888888888,-1.0,0.6136221070355574,0.04081632653061224
-0.3888888888888889,0.0,-0.15762598082912388,-0.061224489795918366
-0.75,-1.0,0.5154126360504914,1.0
0.3888888888888889,-1.0,-0.08287937314976834,0.6938775510204082
-0.75,-1.0,0.9347287794248738,-0.6326530612244898
-0.4722222222222222,-1.0,0.8127703126547592,0.8367346938775511
-0.1388888888888889,0.0,-0.18947472679850771,0.2857142857142857
0.4166666666666667,0.0,-0.4447599238447401,-0.3469387755102041
0.6666666666666666,-1.0,-0.9654550056676241,-0.673469387755102
0.7222222222222222,0.0,0.3207324991471051,-0.2857142857142857
0.2777777777777778,0.0,-0.08472822917010576,-0.10204081632653061
-0.8055555555555556,-1.0,-0.8503747234969791,0.9795918367346939
-0.05555555555555555,0.0,0.9962142471964519,0.5306122448979592
-0.16666666666666666,0.0,-0.3996940583490156,-0.22448979591836735
0.8888888888888888,-1.0,0.7287354044922799,0.2653061224489796
0.3055555555555556,0.0,-0.9776376462302045,-0.5918367346938775
-0.2777777777777778,-1.0,0.7943918034049765,-0.9183673469387755
0.7777777777777778,-1.0,-0.7665599172416829,0.9591836734693877
-0.7777777777777778,0.0,-0.8166991316979761,-0.42857142857142855
-0.9444444444444444,-1.0,0.4099508072237446,0.9591836734693877
-0.7222222222222222,-1.0,-0.8815191433633772,0.8775510204081632
0.05555555555555555,0.0,-0.3666897773669209,-1.0
0.3333333333333333,-1.0,-0.6207974292097241,-0.5918367346938775
0.19444444444444445,0.0,0.45839523699472856,0.5510204081632653
-0.1388888888888889,0.0,-0.2019655100311444,-0.46938775510204084
-0.4444444444444444,0.0,-0.6262559565078631,0.5510204081632653
0.7777777777777778,0.0,0.18488560203374163,0.3877551020408163
0.8611111111111112,0.0,-0.3035645503868291,0.3469387755102041
-0.19444444444444445,0.0,-0.21637117985627347,-0.02040816326530612
0.5555555555555556,0.0,-0.929435328557122,0.2653061224489796
-0.08333333333333333,0.0,-0.027930932021525967,0.10204081632653061
0.9444444444444444,0.0,-0.935697227816479,0.6938775510204082
-0.8611111111111112,-1.0,-0.5846456909549121,0.5918367346938775
0.1388888888888889,0.0,-0.9197728548317872,0.6122448979591837
-0.4444444444444444,0.0,-0.8166331011258212,-0.08163265306122448
-0.08333333333333333,0.0,-0.3451858210351393,-0.7346938775510204
-0.08333333333333333,0.0,-0.0019699120692880804,0.8979591836734694
-0.8333333333333334,0.0,0.561788107893955,0.4897959183673469
0.8333333333333334,-1.0,-0.5510691450141415,-0.02040816326530612
-0.6944444444444444,0.0,0.8290028283095073,-0.7755102040816326
0.8055555555555556,0.0,-0.34155413956661934,0.42857142857142855
0.1111111111111111,-1.0,-0.04072985792421891,0.6938775510204082
-0.8888888888888888,0.0,0.5515973895913808,1.0
-0.2222222222222222,0.0,-0.4693343017817249,0.7142857142857143
0.4722222222222222,0.0,0.26893151529158,-0.14285714285714285
-0.8333333333333334,0.0,0.6629139291491961,0.061224489795918366
0.75,-1.0,0.7312555713295256,-0.16326530612244897
-0.8333333333333334,-1.0,0.4911684109742811,0.8367346938775511
0.16666666666666666,0.0,-0.6657642488472163,0.04081632653061224
-0.5833333333333334,-1.0,-0.7475651226517878,-0.673469387755102
-0.3611111111111111,0.0,0.9821937557088932,-0.5102040816326531
0.08333333333333333,0.0,-0.24361979596553204,0.14285714285714285
0.5,0.0,-0.4503285020964707,0.5306122448979592
-0.5277777777777778,-1.0,-0.6997039629348388,-0.04081632653061224
-0.8333333333333334,0.0,0.8363212167233429,0.10204081632653061
0.6944444444444444,-1.0,0.5998657378366183,0.16326530612244897
-0.7222222222222222,0.0,-0.5110436131929084,-0.08163265306122448
0.08333333333333333,0.0,0.0949959831401939,0.04081632653061224
-0.7777777777777778,0.0,-0.7674623350611333,-0.3469387755102041
0.16666666666666666,0.0,0.5064324782374239,-0.7142857142857143
0.8055555555555556,0.0,-0.5898400959644315,0.24489795918367346
-0.2777777777777778,0.0,-0.4898147842451055,-0.10204081632653061
0.4722222222222222,0.0,0.29230633783441734,0.6122448979591837
-0.1111111111111111,0.0,-0.08424400497430311,-0.9183673469387755
-0.25,-1.0,-0.9084706218979387,-0.02040816326530612
0.027777777777777776,0.0,-0.8923481571967821,-0.4897959183673469
0.6111111111111112,0.0,-0.9409026379213576,0.8979591836734694
0.08333333333333333,0.0,-0.6062817084310036,-0.3469387755102041
0.7222222222222222,0.0,0.24721846214797452,0.46938775510204084
-0.9444444444444444,-1.0,-0.367427118755984,0.14285714285714285
-0.16666666666666666,-1.0,0.8827297038528839,0.5306122448979592
-0.3055555555555556,-1.0,0.34859740059647615,-0.7142857142857143
-0.19444444444444445,-1.0,0.9865187581850396,0.32653061224489793
-0.9444444444444444,-1.0,-0.7260941816060836,0.2653061224489796
1.0,0.0,0.3245512672367306,-0.6530612244897959
-0.4166666666666667,-1.0,-0.8470731948892337,-0.02040816326530612
-0.7222222222222222,0.0,-0.08677517690690789,0.8163265306122449
-1.0,0.0,-0.26729175608306643,-0.5510204081632653
-0.5833333333333334,0.0,0.7826713768474803,-0.6326530612244898
-0.7777777777777778,-1.0,0.1463677682767121,0.7959183673469388
0.6388888888888888,0.0,-0.7262262427503934,-0.7346938775510204
-0.9444444444444444,-1.0,0.9385145322284217,0.8571428571428571
-0.6388888888888888,0.0,0.1978385992714627,0.24489795918367346
0.8611111111111112,-1.0,-0.2537334786005921,-0.2653061224489796
0.8888888888888888,-1.0,0.9340134482265289,-0.3469387755102041
-0.05555555555555555,0.0,0.22109236576534935,-0.4489795918367347
0.3888888888888889,0.0,0.5431564814509118,0.0
0.19444444444444445,0.0,0.5605225219276525,0.6326530612244898
0.3888888888888889,-1.0,-0.3739641453993199,0.9387755102040817
0.6666666666666666,-1.0,-0.8606094621809898,-0.6326530612244898
0.25,-1.0,-0.004380027952942212,-0.6326530612244898
0.5833333333333334,0.0,-0.8087204375625915,-0.12244897959183673
-0.25,0.0,-0.6876313733258499,0.4897959183673469
-0.3888888888888889,-1.0,-0.18444539821937558,-0.2857142857142857
-0.75,0.0,0.519891709861666,-0.4489795918367347
0.5833333333333334,0.0,0.43459121573288434,0.8979591836734694
0.9722222222222222,0.0,0.6918353197530457,0.42857142857142855
0.05555555555555555,-1.0,-0.3384286924846204,0.7346938775510204
-0.4722222222222222,-1.0,-0.5765899611520133,-0.4897959183673469
-0.9722222222222222,-1.0,-0.8709872671046694,0.5918367346938775
-0.16666666666666666,0.0,0.17643368879791343,-0.5714285714285714
0.7777777777777778,0.0,0.07431740896034864,-0.3469387755102041
0.3333333333333333,0.0,-0.7252247790727107,-0.4897959183673469
-0.4722222222222222,0.0,0.7212739498387754,-0.5510204081632653
0.1388888888888889,0.0,0.0906819857594066,0.46938775510204084
0.1388888888888889,-1.0,0.9272453145806508,0.02040816326530612
-0.8333333333333334,0.0,0.3794666930788955,-0.6122448979591837
0.7222222222222222,0.0,0.9200479822157659,0.8775510204081632
0.08333333333333333,0.0,0.5151154984757943,0.7755102040816326
0.4444444444444444,0.0,0.4135824886922645,0.7755102040816326
-0.6388888888888888,0.0,-0.5368065414286814,0.30612244897959184
0.9722222222222222,0.0,0.6458450262471525,0.4489795918367347
0.75,0.0,0.5889156679542629,0.3469387755102041
0.9166666666666666,0.0,-0.8294540372192325,0.6530612244897959
0.16666666666666666,-1.0,-0.8469851541263606,-0.6122448979591837
0.9166666666666666,-1.0,0.10305171294309265,0.9183673469387755
0.6944444444444444,-1.0,-0.7510867531667161,0.6122448979591837
-0.1388888888888889,-1.0,0.7659656420922887,-0.40816326530612246
-0.8055555555555556,0.0,-0.8171723507984197,0.5510204081632653
-0.25,0.0,-0.3393531204947891,-0.04081632653061224
1.0,0.0,0.8719557154962748,0.7551020408163265
-0.9166666666666666,0.0,0.4429110678244027,0.2653061224489796
-0.8333333333333334,-1.0,0.3212607437243444,0.12244897959183673
-0.4722222222222222,-1.0,0.9496736989226011,-0.9795918367346939
-0.25,0.0,-0.13915943081646803,0.8979591836734694
0.3333333333333333,0.0,-0.5792641993242872,-0.02040816326530612
0.1111111111111111,-1.0,-0.412889167684638,-0.5102040816326531
-0.7222222222222222,-1.0,-0.9478578581883412,0.02040816326530612
0.8888888888888888,-1.0,0.04760804252368847,-0.1836734693877551
0.1111111111111111,-1.0,0.3117413362386785,-0.3673469387755102
-0.3333333333333333,0.0,0.6225802546579066,0.5510204081632653
-0.1388888888888889,-1.0,0.656288861742987,-0.5102040816326531
-0.1111111111111111,0.0,-0.36200160674392245,-0.02040816326530612
-0.4722222222222222,-1.0,-0.8097549165263517,-1.0204081632653061
-0.1111111111111111,-1.0,-0.746563658974105,-0.5102040816326531
-0.6388888888888888,0.0,0.36289301946801367,-0.9591836734693877
-0.9444444444444444,0.0,-0.18765888606424774,0.8979591836734694
-0.4722222222222222,-1.0,-0.7518130894604201,0.5102040816326531
0.9444444444444444,-1.0,0.5204199544389052,0.9795918367346939
0.6388888888888888,-1.0,0.458065084133954,0.24489795918367346
0.5555555555555556,0.0,-0.43496538897509546,0.7959183673469388
-0.3333333333333333,-1.0,-0.7853566201151133,-0.6530612244897959
0.9722222222222222,0.0,-0.2014482705492643,-0.9795918367346939
0.7777777777777778,0.0,-0.8866585228961009,-0.20408163265306123
0.5277777777777778,-1.0,-0.500764854127461,-0.3469387755102041
-0.3888888888888889,0.0,0.7826163513706846,-0.3469387755102041
0.5,-1.0,0.6346748544576138,-0.9387755102040817
0.5555555555555556,0.0,-0.023462863305710544,0.9591836734693877
-0.9166666666666666,0.0,-0.038385772612719686,-0.12244897959183673
0.5833333333333334,-1.0,0.8771501205057942,0.04081632653061224
0.19444444444444445,0.0,-0.8187020590533417,0.10204081632653061
-0.8888888888888888,-1.0,-0.8113946757348652,0.8163265306122449
0.9166666666666666,-1.0,0.033983734469059175,-0.24489795918367346
-0.3611111111111111,0.0,0.7544763225373348,-0.061224489795918366
0.4166666666666667,-1.0,0.032927245314580654,0.3469387755102041
0.2222222222222222,-1.0,0.4038319742040565,0.14285714285714285
0.9444444444444444,0.0,-0.7734270967457934,0.10204081632653061
-0.2777777777777778,-1.0,0.4908052428274291,-0.2653061224489796
-0.16666666666666666,-1.0,-0.6588860642477468,0.0
0.6666666666666666,0.0,0.29153598115927676,0.20408163265306123
0.6666666666666666,0.0,-0.576336843958753,-0.5510204081632653
-0.75,-1.0,0.276789153378014,-0.5714285714285714
0.7222222222222222,0.0,-0.10300769256165605,-0.7551020408163265
-0.08333333333333333,-1.0,-0.46051922039904475,-0.7346938775510204
0.4444444444444444,0.0,0.6780349301726699,0.8163265306122449
0.7777777777777778,-1.0,-0.48373997160685395,0.10204081632653061
-0.6388888888888888,0.0,-0.13670529455137728,0.42857142857142855
-0.2777777777777778,-1.0,0.6006030792256815,-1.0204081632653061
0.6944444444444444,0.0,0.5497595386664026,0.4489795918367347
0.7222222222222222,0.0,-0.08470621897938746,0.8571428571428571
0.5555555555555556,0.0,-0.6312192545148404,0.4489795918367347
0.4444444444444444,0.0,-0.8650885359921644,0.6530612244897959
0.6388888888888888,-1.0,0.25121331176334644,-0.8163265306122449
0.6111111111111112,0.0,0.7377485775914249,-0.1836734693877551
0.9444444444444444,0.0,0.8519374470379786,0.6530612244897959
0.6666666666666666,0.0,-0.08128363432269141,-0.6530612244897959
-0.08333333333333333,0.0,-0.13010223733588652,0.4897959183673469
-0.8611111111111112,0.0,0.6766482881574168,0.2857142857142857
0.5,0.0,-0.5382041885392936,-0.7551020408163265
0.5,0.0,0.012446762851200105,-0.2857142857142857
0.027777777777777776,0.0,-0.5826647737902649,-0.16326530612244897
0.8333333333333334,0.0,-0.5409774725697998,0.6938775510204082
0.5833333333333334,-1.0,0.860334334797011,0.1836734693877551
-0.7777777777777778,0.0,0.19260017388050668,-0.8163265306122449
0.5,0.0,0.860257299129497,0.7959183673469388
0.75,-1.0,-0.24907832326367108,-0.5102040816326531
-0.16666666666666666,0.0,0.8656608009508402,0.14285714285714285
0.1388888888888889,0.0,-0.8398208370475531,-0.02040816326530612
0.027777777777777776,0.0,-0.9458659359283348,0.08163265306122448
0.8611111111111112,-1.0,-0.7293626949277515,0.7142857142857143
0.3055555555555556,-1.0,-0.3578526857935224,0.2653061224489796
0.3611111111111111,0.0,-0.950972300174981,0.6326530612244898
0.5277777777777778,0.0,-0.42287078917538823,-0.7142857142857143
0.6666666666666666,0.0,-0.43889420801831247,0.8979591836734694
0.8888888888888888,-1.0,-0.2902703951929744,0.5918367346938775
0.19444444444444445,-1.0,0.8876159661923471,0.42857142857142855
-0.2777777777777778,0.0,-0.16052032090858068,-0.8979591836734694
0.6944444444444444,0.0,0.515456656431928,-0.4897959183673469
-0.8333333333333334,-1.0,-0.6437540581289137,-0.6938775510204082
0.9444444444444444,0.0,0.5327786765272321,0.0
-0.1388888888888889,0.0,-0.044691692253513375,0.20408163265306123
0.08333333333333333,-1.0,0.19411887704006955,-0.20408163265306123
0.6666666666666666,0.0,-0.0722044306513916,-0.7142857142857143
0.3055555555555556,-1.0,-0.759439620544312,0.3469387755102041
0.6111111111111112,-1.0,0.08494833107728879,-0.8163265306122449
0.3888888888888889,0.0,0.17077706978330967,-0.12244897959183673
0.6111111111111112,0.0,0.8928874068693805,0.14285714285714285
-0.1388888888888889,0.0,0.15759296554304644,0.7755102040816326
-0.8888888888888888,-1.0,-0.3922986342676659,-0.16326530612244897
0.75,-1.0,-0.6105186701442769,-0.9591836734693877
-0.5,-1.0,0.03002190013976471,0.5510204081632653
-0.5277777777777778,0.0,-0.7721615107794909,-0.24489795918367346
0.4444444444444444,0.0,-0.7786765272321085,-0.5102040816326531
0.4166666666666667,-1.0,-0.6107167618607415,0.3673469387755102
-0.8611111111111112,-1.0,-0.08891016540658325,-0.5306122448979592
-0.16666666666666666,0.0,-0.07832326367107971,-0.6938775510204082
0.1111111111111111,0.0,-0.4625221477544103,-0.04081632653061224
0.08333333333333333,-1.0,0.8754003103436891,0.12244897959183673
0.05555555555555555,0.0,0.6671618959578285,0.8367346938775511
-0.19444444444444445,-1.0,0.696226352801347,0.9591836734693877
0.25,0.0,-0.9618233241991042,-0.8571428571428571
0.1388888888888889,0.0,0.2797275138389074,0.7142857142857143
-0.5277777777777778,0.0,0.5197596487173561,0.2857142857142857
-0.4444444444444444,-1.0,0.0316286440622008,-0.8367346938775511
-0.3611111111111111,0.0,0.2986672829520068,0.8163265306122449
-0.9722222222222222,-1.0,-0.08363872472954978,0.6326530612244898
0.2222222222222222,-1.0,-0.45317882179449087,0.20408163265306123
0.16666666666666666,0.0,0.4307064170711039,0.6530612244897959
-0.9722222222222222,-1.0,0.5699979090318817,-0.2653061224489796
-1.0,-1.0,-0.6089889618893548,-0.14285714285714285
0.0,0.0,-0.2823797418204629,-1.0204081632653061
-0.5,0.0,0.547679575643523,0.4489795918367347
0.6944444444444444,0.0,-0.6730496219749744,0.32653061224489793
0.7222222222222222,0.0,-0.4210879637272057,0.7755102040816326
0.08333333333333333,-1.0,-0.026082076001188552,0.12244897959183673
-0.16666666666666666,-1.0,-0.740378795382262,0.04081632653061224
-0.7222222222222222,-1.0,-0.5847557419085037,0.04081632653061224
-0.3333333333333333,-1.0,-0.2685243267632914,-0.3673469387755102
-0.9444444444444444,0.0,0.28529609209063794,-0.061224489795918366
0.027777777777777776,0.0,-0.1838291128792631,-0.673469387755102
0.2777777777777778,-1.0,0.3273135461718776,-0.6938775510204082
-0.8333333333333334,-1.0,-0.5907755290699593,0.14285714285714285
0.05555555555555555,0.0,-0.26969086687136146,0.2857142857142857
0.08333333333333333,0.0,0.8119229203121046,-0.08163265306122448
-0.3888888888888889,0.0,-0.5612928786027931,-0.32653061224489793
0.2222222222222222,0.0,0.5990733709707594,0.10204081632653061
-0.027777777777777776,-1.0,-0.9209504000352163,0.9387755102040817
0.8888888888888888,0.0,-0.0786424114364951,0.6122448979591837
-0.027777777777777776,-1.0,0.566817436473087,0.2653061224489796
-0.05555555555555555,0.0,0.35338461707770696,-0.8571428571428571
0.2777777777777778,0.0,0.2736306910099376,0.8979591836734694
0.05555555555555555,0.0,0.5020524502844818,0.673469387755102
-0.8611111111111112,-1.0,0.3535717036988125,-0.7551020408163265
-0.5,0.0,0.7050414341840272,0.7551020408163265
0.3055555555555556,0.0,0.2883775187912003,-0.5510204081632653
0.4166666666666667,-1.0,-0.8525647374734502,0.30612244897959184
0.7222222222222222,-1.0,-0.807300780261261,-0.3469387755102041
-0.8611111111111112,-1.0,-0.16366777818129793,-0.6938775510204082
0.5555555555555556,-1.0,0.032035832590489394,-0.2857142857142857
-0.1388888888888889,0.0,-0.6401113715650346,0.7346938775510204
-0.9444444444444444,-1.0,-0.9537785994915646,0.4897959183673469
-0.6111111111111112,0.0,0.35844696094291656,0.5510204081632653
-0.2222222222222222,0.0,0.6007241352746322,0.7959183673469388
-0.5277777777777778,-1.0,0.7271506707605622,-0.5510204081632653
0.3055555555555556,-1.0,0.714560841669693,0.4489795918367347
0.8333333333333334,0.0,-0.07729978980267864,-0.4897959183673469
-0.2222222222222222,-1.0,-0.6162633299217538,0.5714285714285714
0.7222222222222222,0.0,0.12329008330857187,0.7142857142857143
0.3055555555555556,-1.0,0.2939681072336492,0.16326530612244897
-0.9444444444444444,-1.0,0.9094500753849032,-0.8775510204081632
-0.2777777777777778,-1.0,-0.17371543024420308,-0.5306122448979592
-0.7222222222222222,0.0,-0.645889046628589,0.14285714285714285
-0.5,-1.0,0.5648035040223623,0.16326530612244897
-0.4166666666666667,-1.0,0.9397360978132876,0.42857142857142855
-0.05555555555555555,0.0,0.9316693629150297,-0.5714285714285714
-0.9444444444444444,0.0,0.6169786611200986,-0.5714285714285714
-0.6111111111111112,0.0,0.7976162963452078,-0.14285714285714285
-0.19444444444444445,0.0,-0.8481186789483531,0.16326530612244897
0.027777777777777776,0.0,0.37930161664850826,0.14285714285714285
0.7777777777777778,-1.0,0.5043745254052626,-0.02040816326530612
-0.7222222222222222,-1.0,-0.29488153014845875,-0.5918367346938775
0.1111111111111111,-1.0,0.0034996203242101094,-0.3469387755102041
-0.9722222222222222,-1.0,0.42382823247163437,-0.7142857142857143
1.0,0.0,-0.22403072622624276,-0.8367346938775511
0.7777777777777778,-1.0,-0.06980531986309661,0.32653061224489793
0.6388888888888888,0.0,-0.7831225857572056,-0.40816326530612246
0.16666666666666666,-1.0,0.020480482463380544,0.2857142857142857
0.3333333333333333,-1.0,-0.8410864230138554,-0.08163265306122448
-0.027777777777777776,0.0,0.32546469015154017,-0.8979591836734694
0.3055555555555556,-1.0,-0.06933210076265311,-0.6326530612244898
-0.4166666666666667,-1.0,0.023616934640738663,0.16326530612244897
-0.6388888888888888,0.0,0.38488119999559794,0.6122448979591837
-0.25,-1.0,-0.06303718621721857,0.9183673469387755
0.8888888888888888,0.0,-0.23943785972905454,-0.8571428571428571
0.027777777777777776,0.0,-0.7020370431509789,0.3877551020408163
0.9722222222222222,-1.0,-0.3632011621380699,-0.8979591836734694
-0.5833333333333334,-1.0,0.8982248781185689,0.5306122448979592
0.4166666666666667,0.0,0.6236697590984626,0.04081632653061224
0.5555555555555556,0.0,-0.5644073205894329,0.46938775510204084
-0.19444444444444445,0.0,-0.7055476685705482,-0.6326530612244898
0.3888888888888889,0.0,-0.1467309364235641,0.8163265306122449
-0.9166666666666666,0.0,0.827748247438564,-0.2653061224489796
0.6666666666666666,-1.0,-0.023550904068583754,-0.4897959183673469
0.0,0.0,0.8988741787447588,-0.02040816326530612
0.5,-1.0,-0.5491872737077267,0.7959183673469388
0.3333333333333333,0.0,0.3716310651831798,0.30612244897959184
-0.3611111111111111,-1.0,0.9579605357280421,1.0
0.9166666666666666,0.0,-0.7343810184115246,0.4489795918367347
-0.19444444444444445,0.0,-0.6388567906940914,0.5510204081632653
-0.3333333333333333,0.0,-0.5714065612378532,-0.3877551020408163
-0.19444444444444445,0.0,-0.5790771127031815,0.9795918367346939
-0.25,0.0,-0.1017751218814311,0.5918367346938775
-0.3333333333333333,0.0,0.2183961174023573,-0.22448979591836735
-0.3611111111111111,0.0,-0.5457536839556715,0.42857142857142855
-0.3333333333333333,-1.0,-0.8375317772128495,0.7755102040816326
0.4444444444444444,0.0,0.9276304929182211,-0.8775510204081632
-0.2222222222222222,-1.0,0.12946394180505574,-0.20408163265306123
-0.2222222222222222,0.0,0.08802975777785114,-0.30612244897959184
0.2777777777777778,-1.0,-0.9109357632583887,-0.7959183673469388
-1.0,-1.0,-0.5642202339683273,-0.2857142857142857
-0.6388888888888888,0.0,-0.7989699230743834,0.3469387755102041
0.5833333333333334,-1.0,-0.05506949717719304,0.16326530612244897
-0.6666666666666666,-1.0,0.5432885425952216,0.8979591836734694
-0.5277777777777778,-1.0,0.6061276370959754,0.5714285714285714
0.6111111111111112,0.0,0.300648200116654,-0.9591836734693877
-0.6388888888888888,0.0,-0.9656751075748071,1.0
0.6388888888888888,0.0,0.09101213862018115,0.46938775510204084
-0.5277777777777778,-1.0,-0.9099122893899876,-0.14285714285714285
0.75,0.0,0.5013261139907778,0.42857142857142855
-0.16666666666666666,-1.0,0.5782297203605269,0.061224489795918366
-0.25,0.0,-0.7429429826009443,0.30612244897959184
0.05555555555555555,0.0,0.5568027996962593,-0.5102040816326531
0.1388888888888889,0.0,-0.5257354154973752,0.9183673469387755
0.4444444444444444,-1.0,0.40187306723012756,0.673469387755102
-0.3888888888888889,0.0,-0.2957949530632683,-0.1836734693877551
0.4166666666666667,-1.0,0.07975392606776938,-0.20408163265306123
-0.5833333333333334,-1.0,-0.11949332540966467,-0.16326530612244897
-0.8333333333333334,-1.0,-0.058613137882839755,0.1836734693877551
-0.027777777777777776,0.0,0.22593460772337592,0.7346938775510204
-0.3888888888888889,-1.0,0.17068902902043645,0.9183673469387755
0.7222222222222222,0.0,0.7754300241011588,0.42857142857142855
-0.4166666666666667,0.0,-0.9437749678100961,-0.673469387755102
0.5833333333333334,0.0,0.1325453685056181,-0.1836734693877551
-0.6666666666666666,-1.0,0.013558277482474386,-0.5918367346938775
-0.8611111111111112,-1.0,-0.5795723419943434,-1.0
-0.5277777777777778,0.0,-0.44791838621281654,0.02040816326530612
-0.08333333333333333,0.0,-0.29573992758647255,0.2857142857142857
-0.1388888888888889,0.0,0.8591127692121452,0.5102040816326531
0.75,-1.0,0.9625826757788857,0.08163265306122448
0.2222222222222222,-1.0,-0.6634751890125128,0.9591836734693877
-0.4166666666666667,-1.0,-0.1980146807972091,0.9387755102040817
-0.4444444444444444,-1.0,-0.5539524799982392,-0.6122448979591837
0.9722222222222222,-1.0,0.7488637239041677,0.6122448979591837
-0.5833333333333334,0.0,0.6615382922293022,-0.7755102040816326
-0.4722222222222222,0.0,-0.9271462687224185,0.32653061224489793
0.5,-1.0,-0.21866023969097692,0.32653061224489793
-0.5,0.0,-0.055828848756974477,-0.5510204081632653
-0.9166666666666666,-1.0,-0.38461707770697834,0.061224489795918366
0.027777777777777776,-1.0,0.6851662319653999,0.8367346938775511
0.3055555555555556,0.0,0.7701035579473297,-0.3673469387755102
-0.4166666666666667,0.0,-0.34043161983998593,-0.10204081632653061
0.8055555555555556,-1.0,-0.24314657686508853,0.46938775510204084
0.16666666666666666,0.0,-0.13177501183047752,1.0
-0.6666666666666666,-1.0,0.6622646285230062,0.673469387755102
-0.8333333333333334,-1.0,0.7389041126041357,0.7959183673469388
0.8611111111111112,0.0,0.425038792961141,-0.5306122448979592
0.5,-1.0,0.9527441205278043,-0.42857142857142855
0.6666666666666666,-1.0,-0.7530456601406451,-0.14285714285714285
-0.9444444444444444,0.0,-0.30093433259599195,-0.42857142857142855
-0.75,0.0,0.5049137750778611,-0.3877551020408163
-0.8055555555555556,-1.0,-0.8572529080964486,-0.3469387755102041
0.8333333333333334,-1.0,0.8968162259125976,0.24489795918367346
0.19444444444444445,-1.0,0.7110942366315605,-0.4489795918367347
0.3333333333333333,-1.0,-0.0029713757469708476,0.0
0.4166666666666667,0.0,-0.28634157614975736,-0.7755102040816326
0.3611111111111111,0.0,0.4059999779898093,0.8979591836734694
-0.8888888888888888,-1.0,0.6550452859674029,-0.16326530612244897
-0.5555555555555556,0.0,0.6621545775694146,-0.8775510204081632
0.16666666666666666,0.0,-0.24434613225923602,0.24489795918367346
0.19444444444444445,-1.0,-0.6816225912597532,0.7755102040816326
0.9166666666666666,0.0,-0.005370486535265828,-0.8979591836734694
0.16666666666666666,-1.0,0.7313656222831171,1.0
-0.2222222222222222,0.0,0.35153576105736956,0.6938775510204082
-0.2222222222222222,-1.0,-0.7771138036911089,0.9591836734693877
0.8333333333333334,0.0,0.8206389558365523,-0.7755102040816326
0.8611111111111112,0.0,-0.11771049996148217,-0.12244897959183673
0.8333333333333334,0.0,-0.05591688951984769,-0.8367346938775511
-0.2777777777777778,-1.0,-0.9757887902098672,-0.7551020408163265
-0.7222222222222222,0.0,-0.637305072248451,0.6326530612244898
0.3333333333333333,-1.0,0.15245358601032277,0.673469387755102
0.2777777777777778,-1.0,-0.2249001287596157,0.8163265306122449
0.6944444444444444,-1.0,0.6564649432687334,0.5306122448979592
0.3055555555555556,-1.0,0.5047376935521146,-0.7142857142857143
0.4166666666666667,-1.0,-0.8850297687829465,-1.0
0.3888888888888889,0.0,0.06119933529224031,0.8979591836734694
0.9722222222222222,0.0,0.6700012105604896,0.7959183673469388
0.3055555555555556,0.0,-0.03431388732983371,-0.4489795918367347
-0.1111111111111111,-1.0,0.944930502822807,-0.6122448979591837
0.9444444444444444,0.0,-0.13021228828947803,0.6938775510204082
-0.25,-1.0,-0.45337691351095555,0.04081632653061224
0.9444444444444444,0.0,-0.23627939736097814,-0.5714285714285714
0.6666666666666666,-1.0,0.013063048191312578,0.08163265306122448
0.4444444444444444,0.0,-0.23233957322240198,0.7551020408163265
0.6388888888888888,-1.0,-0.6902065656398912,-0.2857142857142857
-0.7777777777777778,0.0,0.7683317375945062,-0.12244897959183673
-0.9722222222222222,-1.0,-0.5343193898775133,-0.8367346938775511
0.3055555555555556,0.0,0.4213520860158253,-0.6122448979591837
-0.6944444444444444,-1.0,-0.6561237853125997,0.061224489795918366
0.7777777777777778,0.0,0.6554634795910507,0.42857142857142855
0.0,0.0,0.17767726457349753,1.0
0.19444444444444445,-1.0,-0.835385783617815,-0.7142857142857143
-0.2777777777777778,-1.0,0.6269162622294122,-0.9591836734693877
0.6944444444444444,-1.0,0.1266246272023947,0.7959183673469388
0.4444444444444444,0.0,-0.2716277636545721,-0.16326530612244897
0.19444444444444445,0.0,0.7636655771622262,-0.30612244897959184
-0.19444444444444445,0.0,0.7466076793555416,0.9387755102040817
-0.75,-1.0,-0.5434316088348905,-0.40816326530612246
0.6666666666666666,0.0,-0.859024728449272,-0.30612244897959184
-0.9722222222222222,-1.0,0.8903892502228532,-0.8775510204081632
0.9722222222222222,0.0,-0.6415310288663651,0.6938775510204082
-0.5833333333333334,-1.0,0.42114298920400145,-0.8979591836734694
0.7222222222222222,-1.0,-0.8476674700386279,-0.5102040816326531
0.3611111111111111,0.0,-0.3745584205487141,0.20408163265306123
-0.1111111111111111,0.0,0.5930425787139445,-0.7755102040816326
1.0,-1.0,-0.5546788162919432,0.4489795918367347
0.8611111111111112,0.0,-0.011401278792080733,0.24489795918367346
-0.5833333333333334,0.0,-0.6346638493622547,-0.10204081632653061
-0.08333333333333333,-1.0,-0.31522995146752947,0.4897959183673469
-0.8611111111111112,-1.0,0.36990326521179306,-0.2857142857142857
-0.4166666666666667,0.0,-0.7561380919365667,-0.16326530612244897
-0.5833333333333334,0.0,0.6110689249122344,0.2857142857142857
-0.6111111111111112,0.0,-0.8190102017233979,0.14285714285714285
0.027777777777777776,0.0,0.2989314052406264,-0.6326530612244898
-0.4722222222222222,-1.0,0.2884325442679961,-0.1836734693877551
-0.25,-1.0,0.5849758438156867,-0.08163265306122448
0.9444444444444444,-1.0,0.20729197618497364,-0.8367346938775511
-0.7777777777777778,-1.0,0.4934024453321888,0.8163265306122449
0.7222222222222222,0.0,0.1479745121991482,0.9795918367346939
-0.2777777777777778,0.0,-0.584128451473032,0.08163265306122448
-0.6111111111111112,-1.0,-0.6703093532305457,-0.32653061224489793
-0.5833333333333334,-1.0,-0.9545929765481418,-0.16326530612244897
0.8888888888888888,0.0,0.0850583820308803,-0.6530612244897959
0.0,-1.0,-0.08874508897619598,-0.6938775510204082
0.25,0.0,-0.37769487272607216,0.8979591836734694
0.9444444444444444,-1.0,0.8394356587099827,-0.3877551020408163
-1.0,-1.0,0.06988235553061067,0.8367346938775511
-0.4722222222222222,-1.0,-0.20377034567004523,-1.0
-0.6111111111111112,-1.0,-0.05902032641112835,0.40816326530612246
0.05555555555555555,-1.0,-0.23921775782187152,-0.3877551020408163
-0.5277777777777778,-1.0,-0.6277636545720668,-0.30612244897959184
-0.9166666666666666,0.0,0.18420328612147424,0.2857142857142857
0.4444444444444444,-1.0,0.8338670804582522,-0.02040816326530612
-0.6666666666666666,0.0,-0.9258036470886021,0.32653061224489793
0.3055555555555556,-1.0,0.29722561545995796,-0.9387755102040817
0.7777777777777778,0.0,-0.04777311895407574,-0.30612244897959184
-0.9166666666666666,-1.0,0.9139731695775144,0.4489795918367347
-0.05555555555555555,0.0,0.14381458615338902,-1.0204081632653061
0.19444444444444445,-1.0,0.35969053671850065,-0.10204081632653061
-0.6944444444444444,0.0,0.08537752979629569,-0.3877551020408163
-0.027777777777777776,-1.0,-0.04783914952623065,0.5102040816326531
-0.3333333333333333,-1.0,-0.3999801908283535,0.10204081632653061
0.027777777777777776,0.0,-0.10908250519990756,0.22448979591836735
-0.027777777777777776,-1.0,0.17811746838786358,0.6326530612244898
0.8055555555555556,-1.0,0.04404239162732345,0.5714285714285714
0.08333333333333333,-1.0,-0.8283865429693948,-0.6326530612244898
-0.027777777777777776,-1.0,0.7007604520893174,-0.8367346938775511
0.3055555555555556,-1.0,0.09226671949112439,0.02040816326530612
0.9444444444444444,-1.0,0.3790264892645295,0.30612244897959184
-0.75,-1.0,0.7785224558970804,-0.32653061224489793
0.5277777777777778,0.0,-0.2138730232097461,-0.40816326530612246
0.3611111111111111,-1.0,-0.40474539711886603,-0.7755102040816326
-0.3333333333333333,-1.0,-0.8307086180901757,-0.3673469387755102
0.3611111111111111,-1.0,-0.4924119867498652,0.8571428571428571
0.3611111111111111,-1.0,-0.9046078334268767,0.22448979591836735
-0.7777777777777778,0.0,-0.29624616197299347,-1.0
0.4722222222222222,0.0,-0.3241991041852378,-0.8367346938775511
-0.5833333333333334,-1.0,0.7810866431157626,-0.30612244897959184
-0.1388888888888889,0.0,-0.4212860554436704,-0.02040816326530612
-0.1111111111111111,-1.0,0.6862117160245194,-0.2857142857142857
0.4722222222222222,-1.0,0.6272133998041093,0.8775510204081632
-0.6666666666666666,0.0,0.7413362386785082,-0.8163265306122449
0.6111111111111112,-1.0,-0.9573992758647254,-0.7959183673469388
0.6944444444444444,0.0,-0.8781295739927586,0.5510204081632653
-0.8333333333333334,-1.0,-0.8269228652866277,0.32653061224489793
1.0,0.0,0.8011709421462136,0.2857142857142857
0.1111111111111111,0.0,-0.08541054508237314,-0.8367346938775511
0.05555555555555555,-1.0,0.9614931713383297,0.5510204081632653
-0.75,0.0,0.7502503659194207,0.04081632653061224
-0.4722222222222222,-1.0,-0.7550595925913698,0.40816326530612246
-0.1388888888888889,-1.0,-0.7784344151342072,-0.3673469387755102
0.3611111111111111,0.0,0.1158506388457856,0.5714285714285714
0.5555555555555556,0.0,0.3322328237974182,-0.6326530612244898
-0.8333333333333334,0.0,-0.20970209206862778,0.24489795918367346
-0.9166666666666666,-1.0,-0.7401476883797198,-0.14285714285714285
-0.5277777777777778,0.0,-0.004611134955484389,0.0
0.6666666666666666,-1.0,0.7895715716376682,-1.0204081632653061
-0.6666666666666666,0.0,-0.06039596333102226,-0.04081632653061224
0.027777777777777776,-1.0,0.23437551586384495,-0.24489795918367346
0.3888888888888889,-1.0,-0.5988862843496539,-0.42857142857142855
0.75,-1.0,0.5668064313777279,0.2653061224489796
0.25,-1.0,-0.9468563945106584,-0.5306122448979592
-0.6111111111111112,-1.0,0.9665665202988983,0.6530612244897959
0.19444444444444445,0.0,0.7005733654682118,-0.9387755102040817
0.19444444444444445,0.0,0.3071522114739124,-0.4897959183673469
0.25,-1.0,-0.056918353197530455,-0.4897959183673469
1.0,0.0,0.3819318344393454,0.9183673469387755
-0.6666666666666666,-1.0,-0.558959798386653,0.24489795918367346
-0.19444444444444445,-1.0,-0.9523039167134383,0.2857142857142857
-0.9166666666666666,0.0,-0.6588750591523875,0.4897959183673469
-1.0,0.0,0.8970803482012172,0.8163265306122449
0.7222222222222222,0.0,-0.14385860653482563,-0.6122448979591837
-0.8888888888888888,-1.0,-0.3990997831996214,0.02040816326530612
-0.6111111111111112,0.0,0.4395655188352207,-0.9591836734693877
0.2777777777777778,0.0,0.6649608768859983,-0.14285714285714285
0.5,0.0,0.3166936291502966,0.04081632653061224
0.9444444444444444,0.0,-0.9516656211826076,0.3469387755102041
-0.3611111111111111,-1.0,0.8852938910715661,0.20408163265306123
-0.75,0.0,0.8667062850099596,-0.6122448979591837
-0.6944444444444444,0.0,0.21325673786963364,-0.8163265306122449
-0.16666666666666666,-1.0,0.871394455632958,-0.7551020408163265
-0.5833333333333334,0.0,0.1929083165505629,0.1836734693877551
-0.7222222222222222,0.0,-0.3896354011907513,-1.0
-0.4722222222222222,0.0,-0.04386631010157703,0.30612244897959184
0.027777777777777776,0.0,-0.6931559311961438,-0.3673469387755102
0.5555555555555556,-1.0,0.4316858705580684,-0.8979591836734694
-0.5,-1.0,0.5793742502778787,-0.2857142857142857
0.9166666666666666,-1.0,-0.4221774681677617,0.0
-0.6944444444444444,0.0,-0.9472965983250244,-0.32653061224489793
-0.3333333333333333,0.0,0.02683042248561084,-0.6122448979591837
0.2777777777777778,0.0,-0.6043338065524337,0.0
0.1388888888888889,0.0,-0.5540515258564715,0.16326530612244897
0.2222222222222222,-1.0,0.9294903540339177,-0.2857142857142857
0.1388888888888889,-1.0,0.37584601670573475,0.7959183673469388
0.05555555555555555,0.0,0.9739619443802481,-0.2857142857142857
0.08333333333333333,0.0,0.9179680191928863,-0.3469387755102041
-0.8888888888888888,-1.0,-0.6051701937997293,0.7142857142857143
0.6666666666666666,0.0,-0.5454895616670519,-0.22448979591836735
0.1111111111111111,0.0,0.6217988928874069,1.0
-0.9444444444444444,0.0,-0.6280497870514048,-0.40816326530612246
0.16666666666666666,0.0,0.09987124038429793,-0.7959183673469388
-0.5,0.0,-0.9077552906995939,-0.22448979591836735
0.5555555555555556,0.0,-0.044009376341246,0.7959183673469388
-0.3333333333333333,-1.0,-0.13710147798430675,0.9387755102040817
0.3055555555555556,-1.0,0.3562459418710863,0.02040816326530612
0.08333333333333333,0.0,-0.8176455698988632,0.3469387755102041
-0.1111111111111111,-1.0,0.49274213961063973,-0.08163265306122448
-0.3888888888888889,-1.0,0.4569645745980389,-0.673469387755102
0.027777777777777776,-1.0,-0.5365314140447027,0.20408163265306123
-0.25,0.0,-0.8214313227024113,0.6938775510204082
-0.8055555555555556,-1.0,0.928642961691263,-0.4489795918367347
0.3888888888888889,0.0,0.3834395325035491,-0.5102040816326531
0.75,0.0,-0.48334378817392454,-0.9387755102040817
-0.19444444444444445,0.0,0.35644403358755106,0.7346938775510204
0.19444444444444445,0.0,-0.08378179096921874,0.04081632653061224
-0.2777777777777778,0.0,-0.943620896475068,0.42857142857142855
-0.3611111111111111,0.0,0.4498002575192314,0.3673469387755102
0.7222222222222222,0.0,0.771369143913632,0.14285714285714285
0.027777777777777776,-1.0,0.995124742755896,0.08163265306122448
-0.7222222222222222,-1.0,0.5488020953701563,-0.6530612244897959
-0.5277777777777778,0.0,-0.9715078081151574,-0.9795918367346939
-0.25,-1.0,-0.1709311411183378,1.0
0.25,0.0,0.915106694399507,-0.8571428571428571
0.25,0.0,-0.3896354011907513,-0.22448979591836735
-0.8888888888888888,0.0,-0.3946097042930877,-0.5510204081632653
0.4444444444444444,-1.0,0.9943874013668328,-0.20408163265306123
0.5,0.0,-0.2745881343061838,0.5714285714285714
0.7222222222222222,-1.0,-0.33312423652150946,0.04081632653061224
-0.08333333333333333,0.0,-0.6752066206653681,1.0
-0.5277777777777778,-1.0,0.9633090120725896,0.5102040816326531
0.3888888888888889,0.0,0.016386586989776266,0.3469387755102041
-0.1111111111111111,0.0,-0.9596002949365556,-0.12244897959183673
-0.6388888888888888,-1.0,0.10006933210076266,-0.02040816326530612
0.4444444444444444,-1.0,0.9464382008870107,-0.3469387755102041
0.3055555555555556,-1.0,-0.6595023495878591,0.6530612244897959
0.3055555555555556,0.0,-0.7670991669142813,0.08163265306122448
-0.9444444444444444,0.0,0.011577360317827154,-0.061224489795918366
-0.8888888888888888,0.0,0.09598644172251752,-0.30612244897959184
-0.08333333333333333,0.0,0.8611046914721516,-0.12244897959183673
-0.6666666666666666,-1.0,0.8833900095744329,0.7142857142857143
-0.08333333333333333,-1.0,0.931691373105748,-0.24489795918367346
-0.08333333333333333,-1.0,-0.7476091430332243,0.12244897959183673
-0.1111111111111111,-1.0,-0.5935488131004655,0.8367346938775511
-0.4444444444444444,-1.0,0.672290270395193,-0.22448979591836735
-0.6666666666666666,-1.0,0.544917296708376,0.8163265306122449
-0.4722222222222222,0.0,-0.049104735492533046,-0.14285714285714285
0.2777777777777778,-1.0,0.6540768375757976,-0.2857142857142857
-1.0,-1.0,0.5360361847535409,0.673469387755102
-0.8888888888888888,0.0,0.8164460145047157,0.2857142857142857
-0.7777777777777778,0.0,0.28961008947142525,0.5510204081632653
0.7777777777777778,0.0,-0.7902648926452948,-0.12244897959183673
0.16666666666666666,-1.0,-0.6904596828331517,0.061224489795918366
-0.4166666666666667,0.0,0.5416707935774263,-0.061224489795918366
0.4444444444444444,-1.0,0.716299646736439,-0.9387755102040817
0.08333333333333333,-1.0,0.9573882707693662,-0.061224489795918366
0.19444444444444445,-1.0,-0.15478666622646287,-0.9795918367346939
-0.4166666666666667,-1.0,-0.8070036426865639,-0.4897959183673469
-0.2777777777777778,-1.0,0.6221510559388997,-0.4897959183673469
0.4722222222222222,0.0,0.10994090263792136,-0.40816326530612246
-0.08333333333333333,0.0,0.12757106540328172,0.4897959183673469
0.8333333333333334,-1.0,0.08776563548923151,0.6326530612244898
0.4444444444444444,0.0,0.8100410490056896,0.5714285714285714
-0.3611111111111111,0.0,-0.31055278593989016,0.8979591836734694
0.2222222222222222,-1.0,0.9394829806200271,0.8367346938775511
-0.7222222222222222,0.0,-0.3417412261877249,-0.7551020408163265
-0.5277777777777778,0.0,-0.12161730881398088,1.0
-0.8888888888888888,-1.0,-0.28056390108620294,-0.8775510204081632
-0.7777777777777778,0.0,-0.6928257783353693,-0.02040816326530612
-0.6666666666666666,-1.0,0.27430200182684583,0.1836734693877551
-0.7222222222222222,0.0,-0.8556351590786534,0.02040816326530612
0.8333333333333334,-1.0,0.738992153367009,-0.02040816326530612
-0.08333333333333333,-1.0,0.9142262867707749,0.3877551020408163
0.5833333333333334,-1.0,0.8584634685859553,0.20408163265306123
0.3888888888888889,-1.0,0.8805176796856945,0.04081632653061224
-0.8888888888888888,0.0,-0.049654990260490604,0.30612244897959184
-0.6944444444444444,0.0,-0.887175762377981,-0.32653061224489793
-0.5,-1.0,0.19995157758041973,0.12244897959183673
-1.0,-1.0,0.6425655078301253,0.02040816326530612
0.2777777777777778,0.0,-0.16531854248517064,-0.673469387755102
-1.0,0.0,0.8536322317232878,-0.20408163265306123
0.3888888888888889,0.0,0.508402390306712,-0.46938775510204084
0.5833333333333334,-1.0,-0.8830598567136584,0.40816326530612246
0.6666666666666666,0.0,-0.7003862788471062,-1.0
0.05555555555555555,0.0,0.29016034423938286,-0.7346938775510204
0.16666666666666666,-1.0,-0.6858485478776674,0.6530612244897959
0.9722222222222222,-1.0,0.8142009750514488,0.6938775510204082
-0.6944444444444444,0.0,0.47494690041489207,-0.1836734693877551
-1.0,0.0,0.5184060219881805,0.2857142857142857
-0.3333333333333333,0.0,-0.6978000814377057,-0.24489795918367346
-0.3055555555555556,-1.0,-0.8024695433985936,-1.0204081632653061
-0.2222222222222222,-1.0,-0.3761431542804318,0.02040816326530612
0.9166666666666666,-1.0,0.6455809039585328,0.08163265306122448
0.8888888888888888,-1.0,-0.4649102534473461,-0.5306122448979592
-0.3611111111111111,-1.0,-0.6932109566729395,0.5714285714285714
-0.7222222222222222,-1.0,-0.6841757733830763,-0.8367346938775511
0.3888888888888889,-1.0,-0.333597455621953,-0.30612244897959184
0.7777777777777778,-1.0,0.3376143154280432,-0.6326530612244898
-0.1111111111111111,0.0,-0.28034379917901986,0.04081632653061224
-0.19444444444444445,0.0,0.6718170512947494,0.42857142857142855
-0.5833333333333334,-1.0,-0.05881122959930448,-0.5714285714285714
-0.6666666666666666,0.0,0.9025388754993562,-0.7346938775510204
0.7222222222222222,0.0,-0.6199830521531469,0.22448979591836735
-0.3055555555555556,0.0,-0.3189496736989226,-0.673469387755102
0.3333333333333333,-1.0,-0.11118447841350546,-0.42857142857142855
-0.1111111111111111,0.0,-0.5849318234342501,-0.40816326530612246
-0.3333333333333333,-1.0,0.9579275204419646,-0.10204081632653061
-0.6666666666666666,0.0,-0.772601714593857,0.8571428571428571
-0.16666666666666666,-1.0,0.08280233748225428,-0.08163265306122448
-0.8611111111111112,0.0,-0.3865209592041115,-0.1836734693877551
-0.4444444444444444,0.0,0.08397988268568347,0.5306122448979592
-0.027777777777777776,-1.0,-0.2249881695224889,-0.32653061224489793
0.5555555555555556,0.0,-0.641376957531337,-0.8367346938775511
0.027777777777777776,-1.0,0.8695676098033389,0.2653061224489796
0.5,-1.0,0.5098220476080425,0.5510204081632653
0.9444444444444444,-1.0,0.9204771809347728,-0.8163265306122449
0.2777777777777778,0.0,0.23760000880407628,0.6326530612244898
-0.5277777777777778,0.0,-0.24973862898522015,0.7142857142857143
-0.8888888888888888,0.0,-0.15568908404591325,-0.3877551020408163
-0.16666666666666666,0.0,0.7816368978837201,0.9591836734693877
0.8055555555555556,-1.0,0.2080733379554734,0.5306122448979592
1.0,0.0,-0.6836035084244005,0.5306122448979592
-0.5277777777777778,0.0,-0.737396414539932,-0.8775510204081632
-0.16666666666666666,0.0,0.30861588915667953,0.8979591836734694
-0.3333333333333333,0.0,-0.9527661307185227,-0.40816326530612246
0.7222222222222222,-1.0,0.6710136793335314,-0.5102040816326531
0.3888888888888889,-1.0,-0.7207126899754587,-0.673469387755102
-0.6388888888888888,-1.0,-0.7827043921335578,0.9795918367346939
-0.9444444444444444,-1.0,-0.5305666523600427,-0.7346938775510204
0.9722222222222222,-1.0,0.51996874552918,-0.6938775510204082
-0.9722222222222222,-1.0,-0.3653251455423861,0.3877551020408163
-0.6944444444444444,0.0,-0.29169005249430485,-0.8775510204081632
0.8333333333333334,-1.0,0.7491718665742239,0.9387755102040817
-0.6944444444444444,0.0,-0.8076859585988313,-0.8571428571428571
0.25,-1.0,0.7046452507510977,0.9795918367346939
0.9444444444444444,0.0,0.7957014097527155,0.3673469387755102
-0.3333333333333333,-1.0,0.14337438233902297,-0.6938775510204082
-0.4166666666666667,-1.0,0.6018466550012656,0.30612244897959184
0.1111111111111111,-1.0,-0.682987223084288,0.6938775510204082
-0.9166666666666666,-1.0,-0.19636391649333643,-0.32653061224489793
0.25,0.0,0.8541164559190906,0.8979591836734694
0.3055555555555556,-1.0,0.42805418908954845,-0.2653061224489796
-0.6111111111111112,0.0,-0.9366986914941619,-0.4897959183673469
0.8611111111111112,0.0,-0.5675107574807136,-0.5306122448979592
0.05555555555555555,-1.0,-0.254745947373634,-0.42857142857142855
-0.1111111111111111,-1.0,-0.698042193535607,-0.30612244897959184
0.6111111111111112,-1.0,-0.7555658269778908,0.46938775510204084
-0.6666666666666666,-1.0,0.9468453894152993,-0.46938775510204084
0.0,-1.0,-0.23148117578438818,0.2857142857142857
-0.6111111111111112,-1.0,0.13438321943059636,-1.0204081632653061
0.8611111111111112,-1.0,-0.43013415211242806,-0.4897959183673469
-0.6944444444444444,-1.0,0.3191037450339507,0.32653061224489793
0.5833333333333334,0.0,0.7652503108939439,-0.5918367346938775
0.08333333333333333,0.0,-0.4589564968580453,0.7142857142857143
-0.4722222222222222,-1.0,-0.8941089724542464,0.9183673469387755
0.4166666666666667,0.0,-0.559543068440688,-0.8571428571428571
0.05555555555555555,0.0,0.41820462874310804,-0.061224489795918366
0.2222222222222222,0.0,-0.3816897223414441,0.6938775510204082
0.9444444444444444,-1.0,-0.24937546083836817,0.8163265306122449
0.3333333333333333,0.0,-0.04502184511428792,-0.30612244897959184
-0.3611111111111111,0.0,-0.4896717180054365,-0.3877551020408163
-0.1388888888888889,-1.0,0.2729483750976702,0.673469387755102
-0.4166666666666667,0.0,-0.28864164107981993,-0.10204081632653061
-0.2222222222222222,-1.0,-0.12212354320050184,-0.6938775510204082
0.3888888888888889,-1.0,-0.8975315571109423,-0.061224489795918366
0.16666666666666666,0.0,-0.5932406704304093,0.3469387755102041
-0.5277777777777778,0.0,0.2097461124500644,0.3673469387755102
0.05555555555555555,0.0,-0.972069067978474,-0.04081632653061224
-0.8611111111111112,0.0,0.9037274257981446,0.9183673469387755
0.25,0.0,-0.4124379587749128,0.02040816326530612
0.2222222222222222,0.0,-0.017916295244698295,0.061224489795918366
0.2222222222222222,0.0,-0.003114441986639814,0.6122448979591837
-0.9166666666666666,-1.0,0.6628478985770412,0.3469387755102041
0.16666666666666666,0.0,0.5722319433897894,0.2857142857142857
0.9166666666666666,-1.0,0.7105219716728846,0.4489795918367347
-0.1388888888888889,-1.0,0.3402555383142395,-0.6122448979591837
-0.8333333333333334,0.0,-0.12875961570207006,0.12244897959183673
0.2222222222222222,-1.0,-0.5420889872010741,-0.5714285714285714
-0.6388888888888888,-1.0,-0.135956948066955,-0.24489795918367346
-0.6111111111111112,0.0,0.6809842957289225,-0.3469387755102041
0.3333333333333333,0.0,-0.32016023418842926,-0.4489795918367347
-0.05555555555555555,0.0,-0.5172945073569063,0.8367346938775511
-0.3611111111111111,0.0,-0.7437023341807256,0.08163265306122448
0.5833333333333334,-1.0,0.42310189617793037,0.8979591836734694
0.9444444444444444,0.0,0.14039200149669298,0.3469387755102041
0.0,0.0,0.744890884479514,0.42857142857142855
0.4722222222222222,-1.0,0.2945953976691208,-0.9387755102040817
0.4444444444444444,0.0,0.0709608548758075,0.14285714285714285
0.6666666666666666,-1.0,-0.4702697348872528,0.4897959183673469
0.6666666666666666,0.0,-0.8928764017740214,0.42857142857142855
0.2222222222222222,-1.0,-0.6916482331319401,-0.6326530612244898
-0.3055555555555556,0.0,-0.3283700353263561,-0.9387755102040817
0.4444444444444444,0.0,-0.587253898555031,0.9795918367346939
0.1388888888888889,0.0,-0.7564352295112637,-0.4489795918367347
-0.6388888888888888,0.0,-0.34026654340959867,-0.3673469387755102
0.4166666666666667,0.0,0.6883577096195539,0.9795918367346939
-1.0,-1.0,-0.5138499125094919,0.9183673469387755
0.8611111111111112,-1.0,0.3884028305105264,-0.9795918367346939
-0.05555555555555555,-1.0,0.21667932252632968,0.24489795918367346
0.19444444444444445,-1.0,-0.8121980476960833,-0.5306122448979592
-0.6388888888888888,0.0,-0.37372203330141857,0.7959183673469388
0.19444444444444445,0.0,-0.8647143627499533,-0.5714285714285714
-0.3333333333333333,0.0,-0.06290512507290875,0.3877551020408163
-0.3333333333333333,0.0,-0.8556571692693717,-0.061224489795918366
0.3055555555555556,-1.0,-0.20340717752319323,-0.8979591836734694
0.2222222222222222,0.0,-0.6470445816413,-0.9183673469387755
0.6944444444444444,0.0,-0.4610254547855657,0.5306122448979592
-0.4166666666666667,-1.0,0.5994145289268932,0.7346938775510204
-0.4722222222222222,0.0,0.5510691450141415,0.14285714285714285
0.0,-1.0,0.5974446168576051,-0.4897959183673469
0.5555555555555556,0.0,0.44830356455038683,0.8775510204081632
0.6944444444444444,-1.0,-0.5392826878844905,0.42857142857142855
-0.2222222222222222,0.0,-0.2753474858859652,0.10204081632653061
-0.5555555555555556,-1.0,0.8576711017200964,0.2857142857142857
0.6666666666666666,0.0,0.8475244037989589,-0.4897959183673469
0.9166666666666666,-1.0,-0.5433655782627357,-0.9795918367346939
-0.19444444444444445,-1.0,0.8186360284811868,0.3877551020408163
0.4722222222222222,0.0,0.6218429132688434,0.16326530612244897
0.5555555555555556,-1.0,-0.2958169632539866,0.10204081632653061
0.19444444444444445,0.0,-0.6903716420702786,0.7755102040816326
-0.5555555555555556,-1.0,-0.7369782209162843,0.12244897959183673
-0.4722222222222222,-1.0,0.06868280013646318,-0.7755102040816326
0.9444444444444444,-1.0,0.8202757876897003,0.08163265306122448
0.0,-1.0,-0.7887792047718093,0.9591836734693877
0.5,-1.0,-0.8278472932967964,0.8979591836734694
0.5833333333333334,0.0,0.6030462103954131,0.5714285714285714
0.75,-1.0,0.26194327973851894,0.6326530612244898
-0.5,-1.0,-0.4204386631010158,-0.30612244897959184
-0.8333333333333334,0.0,-0.9710235839193546,-0.24489795918367346
-0.6666666666666666,-1.0,0.7510427327852796,0.32653061224489793
-0.25,0.0,-0.9218858331407441,-0.5102040816326531
-0.1111111111111111,-1.0,0.11566355222468003,0.7959183673469388
0.5555555555555556,-1.0,-0.16542859343876215,-0.04081632653061224
0.4722222222222222,-1.0,0.7400596476168466,0.6122448979591837
-0.2222222222222222,-1.0,-0.42635940440423914,0.24489795918367346
0.2777777777777778,0.0,0.763731607734381,-0.46938775510204084
0.0,0.0,-0.7614315428043184,-0.9183673469387755
-0.6111111111111112,-1.0,-0.9438850187636876,-0.9795918367346939
0.3888888888888889,0.0,0.46666006360945117,0.7959183673469388
0.4166666666666667,0.0,-0.5291469950587122,-0.673469387755102
-0.08333333333333333,0.0,0.5406032993275887,-0.2653061224489796
-0.2222222222222222,-1.0,0.012776915711974644,-0.6326530612244898
0.25,0.0,0.5494954163777829,0.12244897959183673
0.6944444444444444,-1.0,-0.5635709333421374,0.2653061224489796
0.19444444444444445,0.0,-0.7918716365677309,0.7755102040816326
-0.9444444444444444,-1.0,-0.24512749402973577,-0.9591836734693877
0.6944444444444444,0.0,0.5389745452144343,0.40816326530612246
0.3333333333333333,0.0,-0.44294408311048017,0.3469387755102041
-0.05555555555555555,0.0,0.5167772678750261,-0.7142857142857143
-0.4444444444444444,0.0,0.023473868401069697,0.3469387755102041
-0.1388888888888889,0.0,-0.6101334918067065,-0.9183673469387755
-0.4166666666666667,0.0,0.8875279254294739,0.8571428571428571
0.08333333333333333,-1.0,-0.6632550871053298,-0.6938775510204082
0.75,-1.0,-0.8416146675910947,0.6530612244897959
-0.25,0.0,-0.11860191268557342,-0.30612244897959184
-0.3611111111111111,-1.0,-0.14317629062255824,-0.9183673469387755
-0.5555555555555556,0.0,-0.43865209592041116,0.0
0.2777777777777778,0.0,0.9032542066977011,-0.6938775510204082
0.3611111111111111,0.0,-0.3334323791915657,-0.9387755102040817
0.4722222222222222,0.0,-0.053715870448017435,-0.5714285714285714
-0.75,0.0,-0.2712756006030792,0.0
-0.19444444444444445,0.0,0.09608548758074989,-0.6938775510204082
0.25,0.0,0.8881992362463821,0.24489795918367346
-0.75,0.0,-0.10410820209757117,0.5918367346938775
-0.6388888888888888,-1.0,0.8256022538435296,-1.0204081632653061
1.0,0.0,0.32528860862579373,0.4489795918367347
0.9722222222222222,-1.0,0.12862755455776023,0.6122448979591837
0.5277777777777778,-1.0,-0.6503571153444044,-0.5306122448979592
0.1111111111111111,-1.0,-0.11643390889982062,0.16326530612244897
0.5555555555555556,0.0,0.644073205894329,0.673469387755102
0.0,-1.0,0.33735019313942355,-0.1836734693877551
0.8333333333333334,0.0,0.8536212266279287,0.6326530612244898
0.75,-1.0,-0.5823456260248495,-0.4489795918367347
0.08333333333333333,0.0,-0.8411634586813694,0.7959183673469388
-0.9722222222222222,-1.0,0.026302177908371575,-0.5102040816326531
1.0,-1.0,-0.5138499125094919,-0.7346938775510204
-0.7777777777777778,0.0,-0.35820484884501524,0.10204081632653061
0.6111111111111112,0.0,-0.16364576799057964,-0.8571428571428571
-0.6111111111111112,-1.0,-0.47225065205190003,-0.061224489795918366
-0.25,0.0,-0.6505001815840734,-0.5102040816326531
-0.8333333333333334,-1.0,-0.1466869160421275,-0.8571428571428571
0.5833333333333334,0.0,0.45586406506212374,0.7346938775510204
-0.027777777777777776,0.0,0.8805286847810536,0.08163265306122448
0.08333333333333333,0.0,0.9705833801049886,-0.7551020408163265
-0.4444444444444444,-1.0,0.8847986617804043,0.16326530612244897
-0.25,0.0,0.6290952711105242,0.673469387755102
-0.6388888888888888,0.0,0.311488219045418,0.673469387755102
0.5277777777777778,-1.0,0.8110755279694498,0.10204081632653061
0.25,0.0,0.07668350446256617,-0.42857142857142855
0.0,0.0,-0.12235465020304401,0.04081632653061224
0.2222222222222222,-1.0,-0.6873892612279485,-0.7142857142857143
-0.5555555555555556,0.0,-0.093983514367152,-0.20408163265306123
0.5,-1.0,0.4968470401796032,0.3877551020408163
-0.8611111111111112,-1.0,0.456898544025884,-0.5714285714285714
0.8888888888888888,-1.0,-0.23600426997699936,0.8775510204081632
-0.4166666666666667,0.0,0.6426315384022803,-0.8571428571428571
0.2222222222222222,-1.0,0.9102204320600438,-0.9183673469387755
-0.8611111111111112,-1.0,-0.7433281609385145,0.32653061224489793
-0.5,-1.0,0.14379257596267073,-0.9387755102040817
-0.6111111111111112,0.0,-0.39584227497331265,-0.5510204081632653
0.16666666666666666,0.0,-0.3871152343535057,0.5918367346938775
0.5277777777777778,-1.0,0.3904937986287651,-0.5306122448979592
-0.9444444444444444,-1.0,0.5282335721439027,1.0
-0.2777777777777778,0.0,0.7346451407001442,0.8571428571428571
0.3888888888888889,-1.0,0.3972289169885657,-0.2653061224489796
0.2777777777777778,0.0,0.07976493116312852,0.6326530612244898
-0.5555555555555556,-1.0,-0.1263054794369793,-0.8775510204081632
0.2222222222222222,-1.0,-0.7151771270098055,-0.7346938775510204
0.3611111111111111,0.0,0.1031067384198884,0.0
0.75,-1.0,0.2860114232889828,-0.4897959183673469
-0.7777777777777778,0.0,0.45767990579638373,0.3877551020408163
-0.2222222222222222,-1.0,0.6955330317937205,0.5714285714285714
0.8888888888888888,0.0,-0.952568039002058,0.7755102040816326
-0.9722222222222222,0.0,-0.9528981918628325,0.42857142857142855
-0.4166666666666667,0.0,-0.8702939460970429,-0.22448979591836735
-0.16666666666666666,0.0,0.5468321833008684,0.5918367346938775
0.3888888888888889,-1.0,-0.1251389393289093,-0.3877551020408163
-0.3611111111111111,-1.0,0.7625540625309518,-0.3877551020408163
-0.16666666666666666,-1.0,-0.5364543783771887,-0.3877551020408163
0.7777777777777778,0.0,-0.3490155942201239,0.8775510204081632
-0.3333333333333333,0.0,0.3316165384573057,0.4489795918367347
0.3055555555555556,-1.0,0.5862194195912708,-0.40816326530612246
0.6388888888888888,-1.0,-0.560049302827209,0.7346938775510204
-0.6111111111111112,0.0,0.19926926166815234,-0.42857142857142855
0.8055555555555556,0.0,-0.3090340827803273,-0.5102040816326531
-0.2222222222222222,-1.0,-0.04588024255230171,-0.24489795918367346
0.4722222222222222,0.0,-0.5106914501414155,0.9591836734693877
-0.5,-1.0,0.6388788008848096,0.24489795918367346
-0.3333333333333333,-1.0,0.4928631956595904,-0.08163265306122448
-0.9722222222222222,-1.0,-0.6822828969813023,-0.24489795918367346
-0.6944444444444444,0.0,0.884633585350017,0.6530612244897959
-0.6111111111111112,0.0,-0.28220366029471644,0.3469387755102041
-0.25,0.0,0.06539227662407694,0.3469387755102041
0.8333333333333334,0.0,-0.4949981841592657,0.04081632653061224
0.3611111111111111,-1.0,0.5514873386377893,-0.42857142857142855
0.8055555555555556,-1.0,0.7518240945557794,0.061224489795918366
-0.6666666666666666,-1.0,0.8123631241264706,-0.3673469387755102
0.4444444444444444,-1.0,0.44023682965212896,0.3469387755102041
-0.3888888888888889,0.0,-0.7561270868412074,-0.7346938775510204
-0.9166666666666666,-1.0,-0.940935653207435,-0.1836734693877551
0.5555555555555556,0.0,0.3236488494172802,-0.24489795918367346
-0.2222222222222222,0.0,-0.5660800950840239,-0.14285714285714285
-0.3888888888888889,-1.0,0.7163656773085939,0.3673469387755102
0.5833333333333334,0.0,-0.11414484906511715,0.4489795918367347
-0.7222222222222222,-1.0,-0.7877557309034082,0.04081632653061224
-0.3055555555555556,-1.0,0.44741215182629557,-0.2857142857142857
0.19444444444444445,-1.0,-0.24574377936984823,0.4897959183673469
-0.5277777777777778,-1.0,0.23299987894395105,-0.42857142857142855
-0.3055555555555556,-1.0,0.04266675470742954,-0.8163265306122449
0.8055555555555556,-1.0,-0.08950444055597742,0.0
0.8611111111111112,-1.0,-0.49725422870789177,-0.10204081632653061
-1.0,-1.0,0.8549748533571043,0.3673469387755102
0.6388888888888888,-1.0,0.9208073337955474,-0.8163265306122449
0.6111111111111112,0.0,-0.4217152541626773,-0.9795918367346939
0.05555555555555555,0.0,0.07094984978044835,0.3877551020408163
0.9166666666666666,-1.0,-0.1360009684483916,-0.5306122448979592
0.7222222222222222,-1.0,0.6616923635643303,-0.40816326530612246
0.0,-1.0,0.5476575654528046,0.30612244897959184
0.7222222222222222,-1.0,0.7074625551630405,-0.6122448979591837
-0.5833333333333334,-1.0,0.9009321315769201,0.22448979591836735
0.4722222222222222,0.0,-0.8315009849560346,-0.1836734693877551
0.25,-1.0,-0.05718247548615009,0.4897959183673469
-0.4166666666666667,-1.0,0.12306998140138885,-0.061224489795918366
0.25,0.0,-0.16296345207831225,-0.4489795918367347
-0.6388888888888888,-1.0,-0.3909670177292086,0.2857142857142857
-0.9722222222222222,0.0,0.5464910253447346,-0.30612244897959184
0.5555555555555556,0.0,-0.6104196242860445,-0.3469387755102041
0.2777777777777778,-1.0,-0.1428021173803471,0.3469387755102041
-0.5833333333333334,-1.0,0.9674689381183488,-0.3469387755102041
0.8333333333333334,0.0,0.16006911199885546,0.8163265306122449
0.16666666666666666,-1.0,-0.1842142912168334,-0.8163265306122449
-0.5,-1.0,-0.3785312599733677,-0.5918367346938775
-0.9722222222222222,-1.0,-0.6680533086819197,-0.12244897959183673
0.5833333333333334,-1.0,-0.9673698922601164,-0.7755102040816326
-0.25,-1.0,0.24087952722110337,-0.6938775510204082
-0.75,-1.0,-0.11120648860422376,-0.9591836734693877
0.7222222222222222,-1.0,-0.06341135945942972,-0.22448979591836735
0.1388888888888889,0.0,0.9536135230611773,0.2857142857142857
0.0,0.0,0.6421583193018368,-0.6122448979591837
0.9722222222222222,-1.0,-0.9112439059284448,0.7959183673469388
-0.1388888888888889,-1.0,0.3052813452628567,0.6122448979591837
1.0,0.0,-0.11597169489473626,0.12244897959183673
1.0,-1.0,-0.7783133590852565,0.6530612244897959
0.2777777777777778,-1.0,0.15368615669054772,-0.8163265306122449
0.6388888888888888,-1.0,0.4769608328656168,0.4897959183673469
-0.08333333333333333,-1.0,0.6121034038759946,0.0
0.3333333333333333,-1.0,0.09203561248858222,-0.22448979591836735
-0.25,-1.0,0.0953591512870459,-0.061224489795918366
-0.7777777777777778,0.0,0.5421660228685882,0.46938775510204084
-0.4166666666666667,-1.0,0.5894769278175795,0.9183673469387755
0.7777777777777778,-1.0,-0.8995895099431036,0.5510204081632653
-0.3888888888888889,0.0,-0.1338329646626388,-0.9591836734693877
0.8333333333333334,-1.0,-0.3619465812671267,-0.7551020408163265
-0.6944444444444444,-1.0,-0.5684021702048049,-0.7142857142857143
-0.6111111111111112,0.0,-0.8929094170600989,-0.7755102040816326
-0.3055555555555556,-1.0,0.10712359822597863,-0.8979591836734694
0.2777777777777778,0.0,0.16576975139489583,-0.5510204081632653
0.8055555555555556,-1.0,0.5858342412537004,-0.9183673469387755
0.3888888888888889,0.0,-0.2222148854919828,0.5918367346938775
0.9722222222222222,0.0,0.8797473230105539,-0.4489795918367347
-0.6111111111111112,0.0,-0.4711281323252666,0.5918367346938775
0.2222222222222222,-1.0,0.8620401245776794,-0.4489795918367347
-0.75,-1.0,-0.8835660911001794,0.5306122448979592
-0.6111111111111112,-1.0,-0.8913797088051768,0.22448979591836735
0.9722222222222222,0.0,0.588420438663101,0.12244897959183673
-0.6388888888888888,-1.0,-0.891324683328381,0.8775510204081632
0.2777777777777778,0.0,-0.4418985990513608,-0.8367346938775511
-0.19444444444444445,0.0,-0.02702851420207556,-0.30612244897959184
-0.9166666666666666,-1.0,0.4920268084122949,-0.20408163265306123
0.6388888888888888,0.0,-0.4962087446487724,0.10204081632653061
-0.6944444444444444,0.0,-0.23741292218297072,0.1836734693877551
-0.8333333333333334,-1.0,-0.8393146026610321,-1.0
-0.8888888888888888,-1.0,0.8250850143616495,-0.40816326530612246
0.7222222222222222,-1.0,-0.9572452045296973,-0.5714285714285714
-0.08333333333333333,0.0,0.17455181749149856,0.1836734693877551
0.027777777777777776,0.0,-0.8950223953690559,-0.08163265306122448
0.6388888888888888,0.0,0.8063323318696557,-0.9387755102040817
0.05555555555555555,0.0,-0.800323549803559,-0.14285714285714285
0.6111111111111112,-1.0,0.9063246283029043,-1.0
-0.16666666666666666,-1.0,0.6055663772326587,-0.9795918367346939
0.2222222222222222,-1.0,-0.39019666105406803,0.6938775510204082
-0.05555555555555555,0.0,0.3415981599480559,-0.8163265306122449
-0.1111111111111111,0.0,-0.5428703489715738,-0.6122448979591837
0.08333333333333333,-1.0,0.962032421010928,0.24489795918367346
-0.5,0.0,-0.2663563229775386,-0.20408163265306123
0.8888888888888888,0.0,0.3244522213784982,-0.08163265306122448
-0.3888888888888889,0.0,-0.24821992582565727,0.46938775510204084
-0.5833333333333334,-1.0,0.09784630283821409,0.1836734693877551
-0.9166666666666666,0.0,-0.23892062024717445,1.0
1.0,-1.0,-0.7882839754806475,-0.14285714285714285
-0.2777777777777778,-1.0,0.5046276425985231,-0.6326530612244898
0.8888888888888888,-1.0,-0.30895704711281324,0.08163265306122448
-0.6944444444444444,0.0,0.044592646395281016,0.6122448979591837
0.7777777777777778,0.0,0.7668350446256617,0.3673469387755102
-0.9166666666666666,-1.0,-0.9516876313733259,0.02040816326530612
-0.6944444444444444,0.0,0.5891027545753684,0.8367346938775511
0.2777777777777778,-1.0,-0.36834054167079355,0.7142857142857143
-0.3055555555555556,0.0,0.5678189001507699,-0.6938775510204082
-0.2222222222222222,-1.0,-0.9757447698284306,-0.5510204081632653
0.19444444444444445,-1.0,0.3429627917725907,0.5918367346938775
0.08333333333333333,0.0,-0.033070311554249616,-0.5714285714285714
0.9722222222222222,-1.0,0.800609682282897,-0.12244897959183673
-0.8888888888888888,0.0,-0.260127439004259,0.6938775510204082
-0.9722222222222222,-1.0,-0.9754366271583743,0.8571428571428571
0.9444444444444444,0.0,0.06849571351535762,-0.2857142857142857
0.2777777777777778,0.0,0.5342643644007176,0.7755102040816326
-0.08333333333333333,-1.0,0.005931746398582544,0.6530612244897959
-0.5555555555555556,-1.0,-0.6712888067175102,0.30612244897959184
-0.3055555555555556,0.0,0.9004699175718358,-0.7551020408163265
0.3611111111111111,-1.0,0.5137508666512596,-0.42857142857142855
0.7222222222222222,-1.0,0.42386124775771183,0.10204081632653061
0.4166666666666667,-1.0,0.49878393696281376,-0.32653061224489793
1.0,0.0,0.23656552984031606,0.5306122448979592
-0.3611111111111111,0.0,0.7543772766791024,-0.32653061224489793
0.8611111111111112,-1.0,-0.025784938426491464,0.9387755102040817
-1.0,-1.0,-0.32269140612103403,0.8775510204081632
0.2777777777777778,0.0,0.9177149019996258,-0.6938775510204082
-0.4166666666666667,-1.0,-0.33709707594616306,-0.22448979591836735
0.6388888888888888,-1.0,-0.8212222258905874,-0.7346938775510204
0.5555555555555556,-1.0,0.061529488153014844,0.2653061224489796
-0.5277777777777778,0.0,0.8425721108873409,0.20408163265306123
0.027777777777777776,0.0,-0.12116609990425567,0.12244897959183673
0.9722222222222222,-1.0,0.25229181110854326,0.6122448979591837
0.4166666666666667,-1.0,-0.34114695103833076,-0.46938775510204084
-0.4722222222222222,-1.0,-0.498508809578835,-0.2653061224489796
0.9166666666666666,-1.0,0.9916691428131225,-0.2857142857142857
-0.08333333333333333,0.0,-0.13630911111844785,-0.04081632653061224
-0.1388888888888889,-1.0,-0.6159992076331341,-0.46938775510204084
-0.6388888888888888,0.0,0.9963903287221983,-0.6326530612244898
0.8888888888888888,-1.0,-0.3518218935367075,-0.10204081632653061
-0.08333333333333333,-1.0,0.44405559774175446,0.673469387755102
0.3888888888888889,-1.0,0.9683603508424401,-0.673469387755102
-0.6666666666666666,-1.0,0.4471040091562393,-0.9387755102040817
-0.3055555555555556,0.0,0.2544928301803735,-0.4897959183673469
-0.4166666666666667,-1.0,-0.34093785422650685,0.5102040816326531
-0.6388888888888888,-1.0,-0.030803261910264453,0.8979591836734694
0.08333333333333333,-1.0,-0.972355200457812,-0.7551020408163265
-0.2777777777777778,0.0,0.29306568941419875,-0.8979591836734694
-0.8611111111111112,-1.0,0.3292724531458065,0.02040816326530612
-0.4722222222222222,0.0,-0.14764435933837367,-0.12244897959183673
0.3611111111111111,0.0,-0.8025245688753893,-0.20408163265306123
0.3055555555555556,-1.0,0.7189628798133536,-1.0
-0.027777777777777776,-1.0,0.36819747543112463,-0.02040816326530612
0.5555555555555556,-1.0,0.8620401245776794,0.061224489795918366
0.3611111111111111,-1.0,-0.9169445453244852,0.3469387755102041
0.4166666666666667,0.0,0.18819813573684616,0.8571428571428571
-0.5555555555555556,-1.0,0.7540251136276096,0.061224489795918366
-0.8611111111111112,0.0,-0.9471645371807147,-0.16326530612244897
0.3611111111111111,0.0,0.8218825316121364,1.0
0.7222222222222222,-1.0,0.6440071753221742,0.9387755102040817
0.4722222222222222,0.0,0.27610683746574666,0.7959183673469388
0.1388888888888889,-1.0,-0.8683570493138323,0.9387755102040817
0.3888888888888889,0.0,0.6723783111580662,0.3469387755102041
-0.4444444444444444,0.0,-0.6512155127824183,-0.5102040816326531
0.6944444444444444,0.0,0.6249683603508425,0.32653061224489793
-0.8611111111111112,0.0,-0.5570449117941607,-0.42857142857142855
-0.5277777777777778,0.0,0.5598071907293076,-0.14285714285714285
0.3888888888888889,-1.0,0.692737737572496,-0.8367346938775511
0.6944444444444444,0.0,-0.17248285956397813,0.12244897959183673
0.8611111111111112,-1.0,-0.6741721417016079,-0.673469387755102
-0.9722222222222222,-1.0,0.4065832480438443,0.04081632653061224
-0.8888888888888888,0.0,-0.8271869875752473,0.6326530612244898
1.0,0.0,0.4827385079291712,-0.20408163265306123
-0.8055555555555556,0.0,0.42365215094588793,0.6938775510204082
-0.08333333333333333,-1.0,0.3032233924306954,-0.32653061224489793
0.8333333333333334,-1.0,0.3595254602881134,0.5102040816326531
0.8611111111111112,0.0,0.4719204991911255,0.04081632653061224
-0.6944444444444444,0.0,0.49876192677209547,0.6326530612244898
-0.19444444444444445,0.0,-0.4420306601956706,-0.6530612244897959
0.3333333333333333,0.0,0.6983613413010223,0.8979591836734694
0.3888888888888889,-1.0,0.18101180846732037,-0.1836734693877551
-0.027777777777777776,0.0,0.8463688687862481,0.7551020408163265
0.8611111111111112,0.0,0.8159838004996314,-0.7959183673469388
0.25,-1.0,0.3957432291150803,0.2857142857142857
-0.9444444444444444,-1.0,0.60464194922249,-0.6326530612244898
-0.6388888888888888,0.0,-0.8753012644854568,-0.3673469387755102
0.027777777777777776,-1.0,0.5107574807135704,-0.8367346938775511
0.027777777777777776,0.0,-0.67323670859608,-0.9183673469387755
-0.4444444444444444,-1.0,-0.96421142989204,-0.8775510204081632
-0.9166666666666666,0.0,-0.18338890906489705,0.02040816326530612
-0.027777777777777776,-1.0,-0.26181121859420914,-0.4897959183673469
0.3888888888888889,0.0,-0.5394037439334411,-0.32653061224489793
0.05555555555555555,0.0,-0.38682910187416775,-0.3673469387755102
-0.4166666666666667,-1.0,-0.2521047244874377,-0.061224489795918366
0.6388888888888888,0.0,0.03813265541945921,-0.08163265306122448
-0.5833333333333334,0.0,-0.4765316341466099,0.08163265306122448
-0.9166666666666666,-1.0,0.02624715243157582,0.3673469387755102
0.5833333333333334,0.0,0.2758317100817679,-0.32653061224489793
-1.0,-1.0,-0.051030627180384515,-0.8571428571428571
0.25,0.0,-0.3593383736670078,0.24489795918367346
0.5833333333333334,-1.0,-0.32646615382922295,-0.061224489795918366
-0.7222222222222222,0.0,-0.6838676307130201,0.6326530612244898
0.3611111111111111,0.0,-0.5695356950267975,0.42857142857142855
-0.6944444444444444,-1.0,-0.03180472558794722,-0.7755102040816326
-0.7222222222222222,-1.0,0.7343149878393697,-0.2857142857142857
0.1388888888888889,0.0,0.6161862942542398,0.8571428571428571
0.05555555555555555,0.0,-0.49962032421010927,1.0
-0.2777777777777778,-1.0,-0.03541439686574884,-0.1836734693877551
0.7222222222222222,0.0,0.5325255593339716,0.04081632653061224
0.5277777777777778,0.0,-0.7601989721240935,0.1836734693877551
0.19444444444444445,0.0,0.7037758482177248,-0.061224489795918366
0.3611111111111111,-1.0,-0.4644370343469026,-0.42857142857142855
0.027777777777777776,-1.0,0.4823093092101643,-0.7959183673469388
-0.5277777777777778,0.0,-0.5841834769498278,-0.8571428571428571
-0.16666666666666666,0.0,0.888188231151023,0.32653061224489793
-0.6111111111111112,-1.0,0.6419602275853721,0.5918367346938775
-0.75,0.0,-0.33387258300593176,-0.4897959183673469
0.19444444444444445,-1.0,-0.34056368098429574,-0.673469387755102
-0.4444444444444444,-1.0,0.31809127626090883,0.5510204081632653
-0.4444444444444444,0.0,-0.6718720767715453,-0.8571428571428571
-0.25,0.0,0.8323153620126118,-0.5306122448979592
0.8888888888888888,0.0,-0.04133513816897223,0.5714285714285714
-0.3055555555555556,0.0,0.590522411876699,-0.4897959183673469
0.1111111111111111,-1.0,-0.5899721571087414,0.9591836734693877
1.0,0.0,0.8268898500005503,-0.12244897959183673
0.75,0.0,0.37276459000517237,0.16326530612244897
0.5555555555555556,0.0,0.7781812979409467,-1.0
0.6111111111111112,0.0,-0.06092420790826152,-0.10204081632653061
-0.4166666666666667,0.0,-0.7050194239933089,0.02040816326530612
-0.16666666666666666,0.0,0.0003191477654153873,0.5918367346938775
0.4444444444444444,-1.0,0.4424818691053958,0.8979591836734694
-0.6388888888888888,0.0,-0.6989996368318532,-0.24489795918367346
-0.6666666666666666,-1.0,0.8513321667932252,-0.3469387755102041
-0.3055555555555556,-1.0,-0.5043855305006217,0.24489795918367346
0.1111111111111111,0.0,-0.07360207776200381,-0.5102040816326531
0.7222222222222222,0.0,0.4481164779292813,-0.24489795918367346
0.1111111111111111,0.0,-0.8986650819329349,-0.4897959183673469
0.75,-1.0,0.9358072787700705,-0.3877551020408163
-0.3888888888888889,0.0,-0.25613258938888706,-0.42857142857142855
0.9444444444444444,-1.0,-0.5754124159485842,-0.5510204081632653
-0.2222222222222222,0.0,0.9021647022571451,-0.8775510204081632
0.5555555555555556,0.0,0.9526120593834946,0.46938775510204084
-0.8333333333333334,0.0,-0.48109874872065767,0.10204081632653061
0.05555555555555555,0.0,-0.8497254228707892,-1.0
-0.2777777777777778,-1.0,0.7319598974325112,0.08163265306122448
0.8611111111111112,-1.0,0.9580705866816336,-0.12244897959183673
0.1388888888888889,0.0,0.4298039992516535,-0.6530612244897959
-0.4444444444444444,-1.0,-0.16394290556527671,-0.24489795918367346
0.0,0.0,0.992582565727932,0.7959183673469388
0.4444444444444444,-1.0,-0.6006911199885547,-0.8163265306122449
-0.6944444444444444,-1.0,-0.17879978430013097,-0.4489795918367347
-0.9166666666666666,0.0,0.12716387687499311,-0.04081632653061224
-0.05555555555555555,0.0,0.07469158220255978,0.9591836734693877
-0.6666666666666666,-1.0,0.9693508094247637,0.46938775510204084
0.7777777777777778,-1.0,-0.8804296389228212,-0.9387755102040817
-0.5555555555555556,-1.0,-0.8117028184049215,0.2857142857142857
0.2222222222222222,-1.0,-0.5589818085773713,0.4489795918367347
-0.3611111111111111,-1.0,-0.08239514895396569,0.32653061224489793
0.5,-1.0,0.011280222743130069,-0.673469387755102
-0.2777777777777778,0.0,0.3489715738386873,0.30612244897959184
-0.3333333333333333,0.0,-0.624572176917913,-0.2653061224489796
1.0,0.0,0.20922887296818427,-0.40816326530612246
-0.1111111111111111,-1.0,-0.5462819285329107,-0.7755102040816326
0.5277777777777778,0.0,-0.7415673456810503,-0.3469387755102041
0.027777777777777776,-1.0,-0.21571087413472437,0.8367346938775511
-0.2777777777777778,0.0,0.2010410820209757,0.14285714285714285
-0.9166666666666666,-1.0,0.5634828925792642,-0.4489795918367347
-0.3055555555555556,0.0,0.8804956694949762,-0.24489795918367346
0.1388888888888889,-1.0,-0.8947032476036405,0.24489795918367346
0.3611111111111111,0.0,0.612642653548593,-0.9183673469387755
-0.1111111111111111,0.0,-0.5788790209867168,0.8775510204081632
-0.6111111111111112,-1.0,0.25886185303795656,-0.5918367346938775
0.9722222222222222,0.0,0.2035502437628622,-0.22448979591836735
0.5555555555555556,0.0,-0.9512364224636006,0.7346938775510204
0.7777777777777778,-1.0,0.2838324144078708,-0.8163265306122449
0.6666666666666666,0.0,-0.6726754487327633,-0.08163265306122448
-0.9166666666666666,0.0,-0.29699450845741576,0.7959183673469388
-0.9166666666666666,-1.0,-0.77282181650104,-0.4897959183673469
0.9166666666666666,-1.0,-0.9380303080326191,-0.20408163265306123
0.0,0.0,-0.22908206499609318,0.4897959183673469
0.6388888888888888,-1.0,-0.18465449503119943,0.42857142857142855
0.19444444444444445,-1.0,0.30612873760551135,-0.02040816326530612
0.16666666666666666,-1.0,-0.6651369584117446,-0.7346938775510204
-0.1388888888888889,-1.0,-0.05159188704370123,-0.02040816326530612
-0.9166666666666666,-1.0,0.233506113330472,0.0
-1.0,0.0,-0.5564946570262032,-0.2653061224489796
0.7777777777777778,-1.0,-0.7528585735195396,0.7755102040816326
0.9444444444444444,0.0,0.9584117446377672,0.3877551020408163
-0.19444444444444445,0.0,-0.2247460574245876,-0.12244897959183673
0.25,0.0,0.68218385112307,-0.5306122448979592
-0.027777777777777776,0.0,0.42912168333938616,0.2653061224489796
-0.4444444444444444,-1.0,-0.2576953129298865,0.7551020408163265
-0.19444444444444445,-1.0,-0.002112978308957047,0.20408163265306123
-0.5277777777777778,-1.0,-0.4852916900524943,-0.4489795918367347
0.027777777777777776,0.0,-0.09693287992340453,0.5714285714285714
-0.9722222222222222,0.0,0.9842076881596179,0.673469387755102
-0.16666666666666666,0.0,-0.697238821574389,0.8775510204081632
-0.8888888888888888,-1.0,0.9776816666116412,-0.7346938775510204
0.5,-1.0,-0.8444649872891149,0.8367346938775511
0.9444444444444444,-1.0,0.9775165901812539,0.04081632653061224
0.8333333333333334,0.0,-0.6601076298326125,-0.24489795918367346
-0.3611111111111111,-1.0,0.05063444374745507,-0.2857142857142857
-0.6944444444444444,0.0,0.9532503549143253,1.0
-0.6944444444444444,0.0,0.43079445783397713,0.4897959183673469
0.4444444444444444,0.0,0.11097538160168158,0.7959183673469388
-0.027777777777777776,0.0,0.5945062563967117,0.8571428571428571
-0.4444444444444444,0.0,0.31516392089537454,0.7755102040816326
-0.4166666666666667,-1.0,0.02916350270175091,0.04081632653061224
0.3055555555555556,0.0,-0.007230347650962396,0.3469387755102041
0.5555555555555556,0.0,0.5001705789780668,0.6938775510204082
0.05555555555555555,0.0,0.6688236653570603,-0.40816326530612246
0.0,-1.0,0.4028305105263737,-0.9183673469387755
-0.5,0.0,0.6621435724740555,0.08163265306122448
0.3611111111111111,0.0,-0.33451087853676253,0.7551020408163265
0.8333333333333334,-1.0,0.5141690602749073,0.5714285714285714
0.3055555555555556,-1.0,-0.5919750844641068,-0.3469387755102041
0.3055555555555556,0.0,-0.03474308604884061,-0.20408163265306123
-0.16666666666666666,-1.0,0.9456238238304335,-0.12244897959183673
-0.25,-1.0,-0.31314998844464986,0.9795918367346939
-0.75,-1.0,-0.41547536509403854,0.061224489795918366
0.7222222222222222,-1.0,-0.5263076804560511,-0.2857142857142857
0.6944444444444444,0.0,-0.19779457889002608,-0.40816326530612246
0.027777777777777776,0.0,0.0675932956959072,0.673469387755102
0.3055555555555556,0.0,0.4034137805804087,-0.5306122448979592
-0.05555555555555555,-1.0,0.8667943257728328,0.8163265306122449
0.2777777777777778,-1.0,0.6957091133194669,-0.5714285714285714
-0.8055555555555556,0.0,-0.10019038814971332,0.8367346938775511
0.8888888888888888,0.0,-0.601219364565794,-0.24489795918367346
-0.8888888888888888,0.0,-0.8327665709223371,-0.7346938775510204
-0.027777777777777776,0.0,0.6452177358116808,-0.24489795918367346
0.6111111111111112,0.0,0.7318388413835606,0.2653061224489796
0.1111111111111111,0.0,-0.395941320831545,-0.8979591836734694
-0.3611111111111111,0.0,-0.13978672125193964,-0.46938775510204084
-0.7777777777777778,-1.0,0.6262559565078631,0.8163265306122449
-0.3333333333333333,0.0,-0.4525735415497375,-0.8775510204081632
-0.3888888888888889,0.0,-0.3074053286671729,0.7755102040816326
0.4722222222222222,0.0,-0.9247581630294827,-0.5714285714285714
-0.9444444444444444,0.0,-0.5427382878272641,-0.32653061224489793
-0.3055555555555556,-1.0,-0.02242838434195032,0.7346938775510204
0.3055555555555556,0.0,-0.9802238436396051,0.46938775510204084
0.6944444444444444,-1.0,-0.18496263770125568,-0.9795918367346939
0.7777777777777778,-1.0,0.4093785422650687,0.0
-0.6666666666666666,0.0,0.49566949497617396,-0.8979591836734694
0.4722222222222222,0.0,-0.17021580991999297,0.5510204081632653
0.8333333333333334,-1.0,-0.013349180670650511,0.22448979591836735
0.4166666666666667,-1.0,0.900921126481561,0.30612244897959184
0.9166666666666666,0.0,-0.25998437276459,0.4489795918367347
0.7777777777777778,0.0,0.8364092574862161,0.0
0.8611111111111112,-1.0,-0.17233979332430915,0.7551020408163265
-0.5555555555555556,0.0,-0.888551399297875,0.40816326530612246
0.16666666666666666,0.0,0.6975909846258818,-0.2857142857142857
-0.5833333333333334,-1.0,0.43496538897509546,-0.22448979591836735
-0.05555555555555555,0.0,-0.8031738695015792,0.30612244897959184
0.7222222222222222,0.0,-0.27084640188407233,1.0
-0.9444444444444444,0.0,-0.10002531171932605,-0.6938775510204082
-0.2222222222222222,-1.0,-0.5723750096294584,1.0
-0.19444444444444445,-1.0,-0.5592239206752726,-1.0
0.3888888888888889,0.0,-0.7869413538468311,0.32653061224489793
-0.6388888888888888,-1.0,0.9468123741292218,0.3469387755102041
0.4444444444444444,0.0,-0.42073580067571287,-0.46938775510204084
0.08333333333333333,0.0,0.7235520045781196,-0.6530612244897959
0.1111111111111111,0.0,0.9357192380071974,-0.10204081632653061
-0.3055555555555556,0.0,-0.8795272211033709,-0.3877551020408163
0.3055555555555556,-1.0,-0.21970572375009628,0.8775510204081632
-0.6666666666666666,0.0,0.8245017443076145,-0.6326530612244898
0.08333333333333333,-1.0,0.20835947043481132,-0.24489795918367346
-0.16666666666666666,0.0,-0.7565782957509327,0.22448979591836735
0.3333333333333333,0.0,-0.09665775253942575,0.8979591836734694
-0.3888888888888889,-1.0,-0.7756831412944193,-0.7551020408163265
0.1388888888888889,0.0,-0.772392617782033,-0.04081632653061224
-0.19444444444444445,-1.0,-0.3784542243058536,0.4489795918367347
-0.4166666666666667,-1.0,-0.8024035128264386,-0.40816326530612246
0.027777777777777776,0.0,0.24869314492610078,-0.20408163265306123
0.3611111111111111,-1.0,0.6141393465174376,0.6938775510204082
-0.9444444444444444,-1.0,-0.1205718247548615,0.8367346938775511
0.8611111111111112,0.0,0.5699758988411635,-0.8571428571428571
0.8611111111111112,0.0,0.11350655353428638,0.8571428571428571
-0.08333333333333333,-1.0,0.5426942674458274,-0.6530612244897959
0.1388888888888889,-1.0,0.9958070586681633,-0.8775510204081632
0.16666666666666666,-1.0,-0.6801589135769861,0.9183673469387755
0.6944444444444444,-1.0,0.789769663354133,0.6122448979591837
-0.4444444444444444,-1.0,-0.23667558079390758,0.8775510204081632
-0.3333333333333333,0.0,0.5003796757898907,1.0
0.4444444444444444,0.0,-0.3101455974116016,0.20408163265306123
-0.6388888888888888,-1.0,0.4091144199764491,-0.10204081632653061
0.0,-1.0,0.9031111404580321,0.9387755102040817
-0.5555555555555556,-1.0,0.4163887880088481,-0.46938775510204084
-0.027777777777777776,0.0,-0.049236796636842856,0.9387755102040817
-0.25,-1.0,-0.3307581410192919,-0.6122448979591837
0.1111111111111111,0.0,-0.552268700408289,0.8571428571428571
0.19444444444444445,0.0,0.9515445651336569,1.0
0.2777777777777778,0.0,-0.4665169973697822,0.6326530612244898
-0.027777777777777776,-1.0,-0.2565837982986123,0.42857142857142855
-0.6111111111111112,-1.0,0.6994618508369375,0.14285714285714285
-0.8055555555555556,0.0,0.2601494491949773,0.6326530612244898
0.08333333333333333,-1.0,0.34909262988763795,0.8571428571428571
0.6388888888888888,0.0,-0.339782319213796,0.22448979591836735
1.0,0.0,0.8603453398923702,-0.20408163265306123
0.3611111111111111,-1.0,0.6213586890730408,-0.3877551020408163
-0.75,0.0,-0.26296675360692,-0.061224489795918366
-0.1388888888888889,-1.0,0.2606556835814982,-0.30612244897959184
0.25,0.0,-0.8530049412878162,0.3469387755102041
0.9444444444444444,0.0,0.8541824864912454,-0.673469387755102
0.6388888888888888,-1.0,-0.6968316330461003,-0.02040816326530612
1.0,-1.0,0.8667062850099596,0.46938775510204084
-0.2222222222222222,0.0,0.005931746398582544,-0.8163265306122449
0.6388888888888888,0.0,-0.045858232361583415,-0.9183673469387755
-0.05555555555555555,0.0,-0.953734579110128,-0.7959183673469388
0.5555555555555556,0.0,-0.8361781504836739,-0.6530612244897959
0.3055555555555556,-1.0,-0.8030308032619102,-0.7142857142857143
0.7777777777777778,0.0,-0.6657312335611388,-0.6326530612244898
-0.4444444444444444,-1.0,0.22122442690965918,-0.9591836734693877
-0.25,0.0,0.9678321062652008,0.02040816326530612
-0.027777777777777776,-1.0,0.22416278737055256,0.4897959183673469
0.25,0.0,0.6795756435229511,-0.22448979591836735
-0.8611111111111112,0.0,0.5504088392925924,-0.16326530612244897
0.9444444444444444,0.0,-0.6855624153983294,0.5918367346938775
-0.4444444444444444,-1.0,-0.14472800906819858,0.8979591836734694
-0.9722222222222222,-1.0,0.48776783650830335,0.7346938775510204
-0.2777777777777778,-1.0,0.752891588805617,-0.8571428571428571
-0.5277777777777778,-1.0,0.7644689491234442,0.32653061224489793
-0.3333333333333333,0.0,-0.5138719227002102,-0.08163265306122448
-0.8333333333333334,0.0,-0.4904420746805771,-0.7551020408163265
-0.2777777777777778,-1.0,0.7756501260083418,0.4489795918367347
0.25,0.0,-0.3397382988323594,-0.8979591836734694
-0.3888888888888889,-1.0,0.07678255032079853,-0.14285714285714285
0.9444444444444444,-1.0,-0.8221576589961151,-0.6326530612244898
-0.19444444444444445,-1.0,0.11259313061947682,-0.7346938775510204
-0.05555555555555555,0.0,-0.279914600460013,0.7551020408163265
0.3888888888888889,-1.0,0.8877370222412977,-0.5918367346938775
0.1111111111111111,0.0,-0.942025157647991,0.8367346938775511
-0.9444444444444444,0.0,0.5011170171789538,0.24489795918367346
0.3611111111111111,-1.0,0.35684021702048047,-0.9387755102040817
0.1388888888888889,0.0,-0.6751075748071357,0.7755102040816326
0.5,0.0,0.6429396810723365,-0.1836734693877551
-0.7777777777777778,0.0,0.08491531579121134,0.5714285714285714
-0.16666666666666666,-1.0,-0.08729241638878801,-0.10204081632653061
0.9166666666666666,-1.0,-0.47296598325024486,-0.08163265306122448
0.0,-1.0,-0.1244566234166419,-0.08163265306122448
-0.7777777777777778,0.0,0.736086808192193,0.9183673469387755
0.3611111111111111,0.0,0.7895715716376682,-0.6938775510204082
0.3333333333333333,-1.0,-0.45864835418798905,-0.7959183673469388
0.08333333333333333,-1.0,0.2757546744142538,-0.3877551020408163
-0.5277777777777778,0.0,-0.3930249705613699,-0.8367346938775511
0.6666666666666666,-1.0,0.5452914699505871,0.7346938775510204
0.16666666666666666,-1.0,0.987630272816314,0.5306122448979592
0.027777777777777776,0.0,-0.9646296235156878,0.5714285714285714
0.8888888888888888,-1.0,0.8816071841262505,0.0
-0.16666666666666666,-1.0,0.8584854787766736,-0.8367346938775511
0.1111111111111111,-1.0,-0.8027336656872132,0.8571428571428571
0.6388888888888888,0.0,-0.41228388743988464,0.2653061224489796
-0.027777777777777776,0.0,-0.1664300571164449,0.24489795918367346
0.9166666666666666,-1.0,-0.979486502250542,0.6530612244897959
-0.8055555555555556,0.0,-0.1817711600471018,-0.7755102040816326
0.05555555555555555,0.0,-0.013195109335622393,-0.42857142857142855
-0.5,0.0,0.34859740059647615,-0.6326530612244898
0.8055555555555556,0.0,-0.101257882399551,0.9387755102040817
-0.8888888888888888,0.0,-0.44967920147028073,-0.14285714285714285
1.0,0.0,0.5071147941496913,0.46938775510204084
-0.5833333333333334,0.0,0.29797396194438025,0.9591836734693877
-0.1111111111111111,0.0,0.1421748269448755,-0.24489795918367346
-0.19444444444444445,-1.0,-0.08561964189419702,-0.10204081632653061
0.9166666666666666,0.0,-0.35359371388953087,-0.08163265306122448
0.25,0.0,-0.5017553127097847,-0.8979591836734694
-0.6944444444444444,0.0,-0.9660602859123775,-0.5510204081632653
-0.4722222222222222,-1.0,-0.9288190432170095,-0.8571428571428571
0.2777777777777778,-1.0,-0.6615713075153796,0.10204081632653061
-0.75,-1.0,0.7048433424675625,0.061224489795918366
0.05555555555555555,0.0,-0.6886328370035326,-0.04081632653061224
0.5,0.0,-0.7355365534242354,0.20408163265306123
0.9444444444444444,-1.0,0.01733302519066328,-0.7142857142857143
-0.9444444444444444,0.0,0.9305358380930371,-0.6938775510204082
0.25,0.0,-0.33352041995443893,-0.16326530612244897
-0.5277777777777778,-1.0,0.9420141525526319,-0.2857142857142857
1.0,-1.0,-0.6718060461993903,0.42857142857142855
-0.6388888888888888,-1.0,-0.8299162512243169,-0.02040816326530612
-0.8888888888888888,0.0,-0.5076980642037263,0.6938775510204082
-0.3333333333333333,0.0,0.43221411513530766,-0.20408163265306123
0.08333333333333333,0.0,0.8948022934618729,0.4489795918367347
0.8333333333333334,0.0,0.6354232009420362,-0.46938775510204084
0.05555555555555555,0.0,-0.07408630195780647,-0.6326530612244898
0.08333333333333333,-1.0,-0.5871438476014395,-0.22448979591836735
0.9444444444444444,-1.0,-0.7123378124071446,0.8571428571428571
-0.9722222222222222,-1.0,-0.8605654417995532,0.20408163265306123
0.75,-1.0,0.710621017531117,0.8979591836734694
0.6944444444444444,-1.0,-0.8688192633189167,-0.20408163265306123
0.08333333333333333,-1.0,0.49641784146059625,-0.9795918367346939
-0.9444444444444444,0.0,-0.40335875510361296,0.5306122448979592
0.9444444444444444,0.0,0.7037538380270065,-0.7551020408163265
-0.2777777777777778,0.0,0.9489473626288972,-0.22448979591836735
-0.5555555555555556,0.0,0.7340838808368274,-1.0
-0.19444444444444445,-1.0,-0.8183939163832855,0.5306122448979592
0.4722222222222222,0.0,-0.21353186525361242,1.0
0.6944444444444444,0.0,-0.04696974699285769,-0.2857142857142857
-0.19444444444444445,0.0,-0.9214896497078148,-0.5306122448979592
-0.75,-1.0,-0.039101103811064526,-0.9183673469387755
0.7777777777777778,-1.0,0.4929512364224636,-0.42857142857142855
-0.5,0.0,0.29528871867674733,0.3673469387755102
-0.3055555555555556,-1.0,0.9459979970726446,0.0
0.5277777777777778,0.0,-0.21910044350534297,0.8775510204081632
-0.5277777777777778,0.0,-0.7072754685419349,0.1836734693877551
-0.6944444444444444,-1.0,0.4161576810063059,-0.9591836734693877
-0.25,-1.0,-0.2722110337086071,-0.5918367346938775
0.9166666666666666,0.0,0.4584832777576018,-0.2653061224489796
0.25,-1.0,-0.5193524601890676,0.7551020408163265
0.1111111111111111,-1.0,-0.4721846214797451,0.04081632653061224
0.5,-1.0,-0.36114320930590865,-0.5918367346938775
-0.08333333333333333,-1.0,-0.22872990194460036,-0.3877551020408163
0.19444444444444445,0.0,0.170656013734359,0.5918367346938775
-0.19444444444444445,-1.0,0.695863184654495,0.8163265306122449
0.0,-1.0,0.4984427790066801,-0.9795918367346939
0.5,-1.0,-0.6965675107574807,0.40816326530612246
-0.8333333333333334,0.0,0.5114177864351195,0.3469387755102041
-0.9166666666666666,-1.0,-0.7263362937039849,0.9387755102040817
-0.3611111111111111,-1.0,-0.10789395490111922,-0.7551020408163265
1.0,0.0,0.052725411865693815,-0.08163265306122448
0.0,-1.0,-0.8244357137354595,-0.14285714285714285
0.9166666666666666,0.0,0.5718247548615009,0.4489795918367347
0.8611111111111112,0.0,0.45941871086312963,-0.04081632653061224
0.19444444444444445,-1.0,-0.8579242189133569,-0.7755102040816326
-0.9166666666666666,-1.0,0.8605764468949123,0.4489795918367347
-0.6666666666666666,0.0,-0.7405328667172901,-1.0204081632653061
0.4722222222222222,0.0,-0.15514983437331484,0.061224489795918366
-0.6944444444444444,0.0,0.7907711270318157,0.24489795918367346
0.8333333333333334,-1.0,-0.23959193106408266,-0.46938775510204084
-0.6666666666666666,-1.0,0.044416564869534596,0.1836734693877551
0.7222222222222222,0.0,0.5084684208788669,0.9183673469387755
-0.8055555555555556,0.0,-0.6326279067208117,0.7959183673469388
-0.25,0.0,0.6640254437804703,-0.1836734693877551
0.1388888888888889,-1.0,-0.7146598875279254,-0.22448979591836735
0.6666666666666666,0.0,0.5474154533549033,0.5102040816326531
0.4722222222222222,0.0,-0.43820088701068594,-0.24489795918367346
0.6111111111111112,0.0,-0.9244720305501447,0.3469387755102041
0.5833333333333334,-1.0,0.339496186734458,0.6326530612244898
0.1111111111111111,-1.0,-0.9736868169962692,-0.02040816326530612
0.6388888888888888,-1.0,-0.9638922821266246,0.46938775510204084
-0.4722222222222222,0.0,-0.26893151529158,-0.04081632653061224
-0.75,0.0,0.7774109412658061,0.8571428571428571
-0.8333333333333334,-1.0,0.920202053550794,-0.5918367346938775
0.5833333333333334,-1.0,0.21408212002156998,0.12244897959183673
-0.6666666666666666,0.0,-0.2480328392045517,-0.40816326530612246
0.1111111111111111,0.0,-0.2588288377518791,0.32653061224489793
0.08333333333333333,-1.0,-0.3956441832568479,-0.3673469387755102
0.05555555555555555,-1.0,0.06565639891269658,0.673469387755102
0.7222222222222222,-1.0,-0.6367878327665709,0.02040816326530612
-0.2222222222222222,-1.0,-0.8350336205663222,0.2653061224489796
-0.3888888888888889,-1.0,0.44109522709014276,-0.5102040816326531
0.16666666666666666,0.0,-0.28078400299338596,-0.40816326530612246
0.027777777777777776,0.0,0.23293384837179615,0.20408163265306123
-0.8055555555555556,-1.0,-0.15658049677000452,0.4897959183673469
-0.5555555555555556,0.0,-0.4639087897696634,0.5714285714285714
0.9166666666666666,-1.0,0.7427338857891204,-0.7346938775510204
0.19444444444444445,-1.0,0.5497485335710434,-0.16326530612244897
-0.9444444444444444,-1.0,0.870007813617705,0.14285714285714285
-0.16666666666666666,0.0,0.020051283744373646,-0.46938775510204084
-0.5,0.0,-0.34018950774208456,-0.8775510204081632
0.3888888888888889,0.0,-0.11283524271737815,0.32653061224489793
0.027777777777777776,0.0,-0.4004644150241562,-0.3469387755102041
0.4166666666666667,0.0,0.22696908668713614,0.5714285714285714
0.1388888888888889,0.0,0.6659513354683219,-0.8979591836734694
0.5,0.0,-0.922381062431906,0.22448979591836735
-0.3888888888888889,0.0,-0.5822575852619762,0.40816326530612246
0.3055555555555556,-1.0,-0.44077607932472734,-0.9183673469387755
0.8333333333333334,0.0,-0.5690844861170722,-0.6938775510204082
0.08333333333333333,0.0,-0.15261866244071004,-0.9183673469387755
0.5277777777777778,-1.0,-0.030814267005623605,0.6326530612244898
-0.5277777777777778,-1.0,-0.7293626949277515,0.7959183673469388
-1.0,-1.0,-0.6888309287199974,-0.8775510204081632
-0.7777777777777778,0.0,-0.922887296818427,0.42857142857142855
-0.6666666666666666,0.0,-0.5727711930623879,0.5306122448979592
0.3055555555555556,-1.0,0.4505265938129354,-0.9183673469387755
0.027777777777777776,0.0,0.7936874773019909,0.9591836734693877
-0.3333333333333333,-1.0,-0.934244555229071,-0.1836734693877551
0.7777777777777778,-1.0,0.9934629733566641,0.32653061224489793
0.9444444444444444,-1.0,0.04090593944996533,0.02040816326530612
0.3055555555555556,0.0,0.47124918837421725,0.02040816326530612
0.027777777777777776,0.0,0.32216316154379476,0.673469387755102
1.0,0.0,-0.903540339177039,-0.40816326530612246
-0.9166666666666666,-1.0,-0.07998503307031156,0.7959183673469388
0.05555555555555555,0.0,-0.8568897399495967,-0.4489795918367347
-0.5,0.0,-0.44791838621281654,0.5714285714285714
-0.25,0.0,-0.8712844046793665,0.9795918367346939
-0.3888888888888889,-1.0,-0.7096965895209482,-0.42857142857142855
0.6388888888888888,-1.0,-0.08635698328326015,-0.32653061224489793
-0.7777777777777778,-1.0,-0.40473439202350686,0.2857142857142857
-0.9444444444444444,0.0,0.06441282313711248,-0.32653061224489793
-0.6388888888888888,-1.0,0.16276536036184752,0.5306122448979592
-0.8888888888888888,-1.0,0.2984141657587463,-0.2857142857142857
0.2777777777777778,0.0,0.3711138257012997,0.7142857142857143
-0.6111111111111112,-1.0,0.8710753078675427,0.3469387755102041
0.6111111111111112,0.0,0.03762642103293825,-0.5918367346938775
0.6666666666666666,-1.0,-0.709322416278737,0.4897959183673469
0.3055555555555556,-1.0,0.536553424235421,-0.5510204081632653
0.5277777777777778,0.0,-0.4199874541912906,0.20408163265306123
0.7222222222222222,0.0,0.04837839919882906,-0.6530612244897959
-0.9444444444444444,-1.0,-0.08762256924956255,-0.10204081632653061
0.25,0.0,0.35002806299316586,0.40816326530612246
0.027777777777777776,0.0,0.1444748918749381,-0.1836734693877551
-0.6111111111111112,-1.0,-0.17647770917935005,0.7551020408163265
0.5277777777777778,-1.0,-0.6650819329349489,-0.673469387755102
-0.4166666666666667,0.0,-0.008661010047652063,-0.20408163265306123
-0.1388888888888889,0.0,-0.9514675294661428,-0.2857142857142857
-0.5555555555555556,-1.0,0.24718544686189706,-0.5102040816326531
-0.3055555555555556,0.0,0.6966005260435582,0.20408163265306123
-0.4722222222222222,-1.0,0.9102534473461212,-0.42857142857142855
0.1388888888888889,-1.0,-0.3374492389976559,0.061224489795918366
-0.08333333333333333,0.0,0.8698867575687543,0.5102040816326531
0.2222222222222222,0.0,-0.10701354727238711,-0.061224489795918366
-0.9722222222222222,-1.0,0.3117193260479602,-0.2653061224489796
0.5277777777777778,-1.0,0.11574058789219409,0.7551020408163265
0.05555555555555555,-1.0,0.5808379279606458,0.8163265306122449
-0.4444444444444444,0.0,-0.23214148150593725,0.42857142857142855
-0.1111111111111111,0.0,0.8401619950036867,-0.2653061224489796
0.027777777777777776,0.0,-0.008627994761574609,-0.08163265306122448
-0.2222222222222222,-1.0,0.8301803735129365,-0.22448979591836735
-0.6666666666666666,-1.0,-0.20253777498982029,-1.0
-0.4722222222222222,-1.0,0.6238018202427724,-0.5510204081632653
0.5277777777777778,0.0,-0.3866530203484213,0.5918367346938775
1.0,-1.0,0.9607448248539073,0.3673469387755102
-0.08333333333333333,-1.0,0.6889079643875115,0.16326530612244897
0.6111111111111112,0.0,0.581872406924406,-0.3469387755102041
-0.08333333333333333,0.0,-0.46287431080590313,0.9591836734693877
0.25,-1.0,-0.39831842142912166,0.8775510204081632
-0.3888888888888889,-1.0,0.2647055586736659,-0.02040816326530612
0.1388888888888889,0.0,-0.5349576854083441,0.9183673469387755
-0.75,-1.0,0.5267038638889806,-0.16326530612244897
-0.4166666666666667,0.0,0.6639594132083154,-0.3877551020408163
0.9444444444444444,-1.0,0.2097461124500644,-0.16326530612244897
-0.5555555555555556,0.0,0.97199203231096,-1.0
-0.75,0.0,0.800103447896376,0.5102040816326531
-0.6666666666666666,0.0,0.6284789857704117,-0.14285714285714285
0.4166666666666667,0.0,-0.9565628886174299,-0.46938775510204084
-0.3611111111111111,0.0,-0.8383461542694267,-0.20408163265306123
0.5555555555555556,-1.0,0.20618046155369937,-0.4489795918367347
0.3888888888888889,0.0,0.8728801435064435,0.32653061224489793
0.2222222222222222,0.0,-0.7401917087611564,0.22448979591836735
0.3333333333333333,-1.0,0.13703544741215182,0.12244897959183673
0.1388888888888889,0.0,-0.007978694135384682,-0.9387755102040817
-0.8055555555555556,0.0,0.15534792608977957,0.7959183673469388
0.5,-1.0,-0.27711930623878855,0.6938775510204082
-0.25,0.0,0.15787909802238437,0.16326530612244897
-0.4444444444444444,0.0,0.28423960293615946,0.20408163265306123
-1.0,-1.0,0.6649608768859983,-0.3877551020408163
0.3611111111111111,-1.0,0.6845719568160058,0.32653061224489793
-0.25,0.0,-0.3800389580375714,0.10204081632653061
-0.7777777777777778,-1.0,0.8599931768408773,0.0
0.4166666666666667,-1.0,-0.758856350490277,-0.9387755102040817
0.75,-1.0,-0.07698064203726325,1.0
-0.05555555555555555,0.0,0.9353450647649861,-0.9387755102040817
-0.3333333333333333,-1.0,-0.2768111635687323,-0.7755102040816326
-0.9722222222222222,0.0,-0.24377386730056017,0.42857142857142855
-0.6666666666666666,-1.0,-0.31576920114012785,0.8163265306122449
0.0,0.0,0.01788327995862084,-0.10204081632653061
0.5,-1.0,0.08590577437353494,0.7755102040816326
0.6111111111111112,0.0,-0.05074449470104658,0.02040816326530612
-0.4722222222222222,-1.0,-0.0031914776541538733,0.7142857142857143
0.6388888888888888,0.0,-0.7107860939615042,0.7755102040816326
0.6944444444444444,-1.0,0.05775474044482595,-0.7346938775510204
-0.3333333333333333,0.0,0.13457030605170195,0.8163265306122449
-0.9166666666666666,-1.0,0.9725422870789175,0.22448979591836735
-0.6388888888888888,-1.0,0.23035865605775474,0.2653061224489796
0.1111111111111111,-1.0,0.6569491674645361,0.9591836734693877
-0.3888888888888889,0.0,0.9520177842341004,-0.8979591836734694
0.6111111111111112,-1.0,0.32359382394048447,0.32653061224489793
0.9444444444444444,0.0,-0.2183080766394841,-0.061224489795918366
0.3333333333333333,0.0,0.07454851596289082,-0.7755102040816326
0.19444444444444445,0.0,-0.9134449250002751,-0.08163265306122448
0.8611111111111112,-1.0,-0.2680401025674887,0.46938775510204084
-0.6388888888888888,0.0,0.9321535871108323,0.5918367346938775
-0.3611111111111111,0.0,-0.4505265938129354,-0.4897959183673469
-0.7222222222222222,0.0,-0.19896111899809613,0.5918367346938775
0.8888888888888888,0.0,-0.12628346924626102,-0.20408163265306123
0.9166666666666666,0.0,-0.05520155832150286,-0.4897959183673469
-0.8333333333333334,0.0,0.6326719271022483,0.04081632653061224
0.6944444444444444,0.0,0.3209966214357247,0.12244897959183673
0.5833333333333334,-1.0,0.24872616021217825,-0.9183673469387755
-0.75,0.0,0.2933408167981776,1.0
-0.19444444444444445,-1.0,-0.503967336876974,-0.22448979591836735
0.8055555555555556,0.0,-0.16193997820991118,-0.9183673469387755
-0.3888888888888889,-1.0,0.5610837817909692,0.20408163265306123
0.3055555555555556,-1.0,-0.3353362606886989,-0.5102040816326531
-0.16666666666666666,-1.0,-0.8689623295585857,0.8979591836734694
-0.1388888888888889,-1.0,0.8165670705536664,-0.9387755102040817
-0.5277777777777778,-1.0,0.36460981434404127,-0.6530612244897959
0.3611111111111111,0.0,-0.6249243399694059,0.10204081632653061
0.5833333333333334,-1.0,-0.43732047938195384,0.7346938775510204
0.9444444444444444,-1.0,0.44112824237622017,0.9387755102040817
0.8333333333333334,-1.0,0.8144761024354276,0.2653061224489796
0.5,0.0,-0.09672378311158066,0.12244897959183673
0.9166666666666666,0.0,-0.3045990293505893,0.1836734693877551
0.7222222222222222,0.0,-0.08346264320380337,0.10204081632653061
0.5833333333333334,0.0,-0.13963264991691152,0.5714285714285714
-0.8333333333333334,-1.0,-0.6268942520386939,1.0
-0.5555555555555556,0.0,-0.7877887461894857,0.061224489795918366
-0.5277777777777778,0.0,0.41795151154984755,-0.22448979591836735
0.16666666666666666,-1.0,-0.7236950708177886,-0.061224489795918366
-0.5833333333333334,0.0,0.30981544455082705,-0.9387755102040817
0.5,0.0,-0.4763005271440677,0.9183673469387755
-0.2222222222222222,0.0,0.7949200479822157,-0.5306122448979592
-0.75,0.0,0.44964618618420327,-0.1836734693877551
1.0,-1.0,0.3490155942201239,-1.0
0.25,0.0,-0.32514554238612475,-0.8775510204081632
-0.5277777777777778,-1.0,0.6606028591237743,-0.40816326530612246
-0.5555555555555556,-1.0,-0.0923767704447159,0.16326530612244897
-0.5,0.0,-0.4995652987333135,0.6938775510204082
0.027777777777777776,-1.0,-0.7227926529983383,-0.40816326530612246
-0.9444444444444444,0.0,-0.5346495427382878,0.5510204081632653
-0.19444444444444445,-1.0,-0.7404448259544169,0.6530612244897959
-0.16666666666666666,-1.0,-0.32923943785972903,-1.0
-0.6944444444444444,0.0,-0.25219276525031087,-0.673469387755102
0.027777777777777776,-1.0,0.6776387467397404,-0.4489795918367347
-0.4444444444444444,0.0,0.030913312863855964,-0.20408163265306123
-0.8888888888888888,-1.0,-0.8905653317485996,-0.5510204081632653
-0.16666666666666666,-1.0,0.16870811185578924,1.0
0.3611111111111111,-1.0,0.26887648981478424,0.9795918367346939
-0.9444444444444444,0.0,0.8901911585063884,0.3673469387755102
0.1111111111111111,0.0,0.6799608218605214,0.6122448979591837
0.3333333333333333,-1.0,0.15802216426205334,0.24489795918367346
-0.5555555555555556,-1.0,0.35595980939174837,-0.5102040816326531
-0.3055555555555556,-1.0,0.5347155733104427,0.8367346938775511
0.9444444444444444,0.0,-0.8096448655727602,-0.22448979591836735
-0.1111111111111111,0.0,-0.686839006459991,0.5918367346938775
1.0,-1.0,0.08378179096921874,-0.9387755102040817
0.75,-1.0,0.4536740510856527,0.04081632653061224
0.4444444444444444,-1.0,-0.7586142383923756,0.7551020408163265
0.6944444444444444,0.0,0.26996599425534024,0.9183673469387755
-1.0,0.0,0.6352691296070081,-0.8775510204081632
-0.5,0.0,0.8761046364466748,0.5102040816326531
0.6388888888888888,0.0,-0.06856174408751252,0.22448979591836735
-0.8333333333333334,-1.0,-0.6181121859420912,-0.3469387755102041
-0.3333333333333333,-1.0,0.1832678530159464,0.5102040816326531
-0.25,0.0,0.2107805914138246,0.32653061224489793
0.1111111111111111,0.0,0.9520948199016145,-1.0
0.5833333333333334,0.0,0.30289323956992087,0.42857142857142855
0.7222222222222222,0.0,-0.5502217526714869,0.42857142857142855
0.3055555555555556,-1.0,0.6479249892700321,0.7346938775510204
-0.027777777777777776,-1.0,0.14730320138223998,-0.4897959183673469
0.8611111111111112,0.0,-0.36335523347309806,0.42857142857142855
0.8333333333333334,0.0,-0.4433622767341279,0.16326530612244897
-0.4722222222222222,0.0,-0.4031276481010708,-0.9183673469387755
0.8055555555555556,-1.0,0.6236147336216669,-0.3469387755102041
0.2222222222222222,0.0,0.7503934321590897,-0.5102040816326531
-0.5277777777777778,0.0,-0.6186954559961262,-0.061224489795918366
-0.9722222222222222,-1.0,-0.9181551058139918,-0.4897959183673469
-0.7777777777777778,0.0,-0.4347672972586307,0.24489795918367346
-1.0,-1.0,0.8385332408905323,0.14285714285714285
0.16666666666666666,0.0,-0.8919519737638527,0.061224489795918366
-0.6944444444444444,-1.0,-0.8919849890499301,0.30612244897959184
0.3888888888888889,-1.0,-0.4033367449128947,0.8775510204081632
0.08333333333333333,-1.0,0.1090054695323935,0.5306122448979592
-0.75,-1.0,0.7498541824864913,-0.1836734693877551
0.19444444444444445,-1.0,-0.06622866387137244,0.9795918367346939
-0.4722222222222222,-1.0,-0.14461795811460706,-0.20408163265306123
0.4722222222222222,0.0,0.7988048466439962,-0.4489795918367347
0.3333333333333333,-1.0,0.7233869281477324,-0.6938775510204082
0.6111111111111112,-1.0,-0.8039772414627973,0.7959183673469388
-0.8055555555555556,-1.0,0.3850242662352669,0.4489795918367347
-0.8055555555555556,0.0,-0.7097846302838214,0.30612244897959184
0.08333333333333333,-1.0,0.7232988873848591,0.9387755102040817
0.2777777777777778,-1.0,-0.46060726116191797,0.08163265306122448
-0.3055555555555556,0.0,-0.6095612268480306,-0.46938775510204084
0.8888888888888888,-1.0,-0.9548350886460432,1.0
0.3055555555555556,-1.0,-0.9338703819868599,-0.1836734693877551
0.5833333333333334,-1.0,-0.9501359129276855,0.7755102040816326
-0.8888888888888888,0.0,0.06687796449756238,0.8979591836734694
-0.027777777777777776,0.0,-0.3819318344393454,0.4489795918367347
-0.3888888888888889,0.0,-0.7510647429759979,0.6938775510204082
-0.3888888888888889,0.0,0.07388821024134175,0.3877551020408163
-0.3888888888888889,-1.0,0.1359789582576733,0.7142857142857143
-0.4722222222222222,0.0,-0.3303729626817216,-0.061224489795918366
-0.19444444444444445,0.0,-0.6254635896420042,0.673469387755102
-0.4166666666666667,0.0,0.03579957520331914,0.8163265306122449
0.9722222222222222,0.0,-0.026544290006272904,0.6326530612244898
0.3055555555555556,-1.0,0.34732080953481465,-0.9387755102040817
0.19444444444444445,0.0,-0.3666567620808434,1.0
0.6388888888888888,-1.0,0.9494535970154181,0.673469387755102
0.7777777777777778,-1.0,0.030583160003081426,-0.673469387755102
0.1111111111111111,0.0,0.06130938624583182,-0.42857142857142855
0.5833333333333334,0.0,-0.9222159860015187,0.7959183673469388
0.9166666666666666,0.0,0.5088095788350006,0.3673469387755102
-0.2777777777777778,-1.0,0.9247581630294827,0.6326530612244898
-0.5,-1.0,-0.3546722132347277,0.14285714285714285
-0.4444444444444444,0.0,-0.9629348388303784,0.9591836734693877
-1.0,0.0,-0.34339199049159763,0.22448979591836735
-0.2777777777777778,-1.0,-0.6527672312280586,0.14285714285714285
0.9444444444444444,0.0,-0.9315373017707198,0.02040816326530612
-0.75,0.0,0.4131642950686168,0.9387755102040817
0.5277777777777778,0.0,-0.6847480383417522,-0.22448979591836735
-0.5,-1.0,0.41513420713790483,-0.9795918367346939
-0.8611111111111112,-1.0,-0.16262229412217857,-0.40816326530612246
0.3888888888888889,-1.0,-0.616494436924296,0.7142857142857143
-0.3055555555555556,-1.0,0.06856174408751252,0.9387755102040817
-0.5555555555555556,0.0,-0.12621743867410612,0.42857142857142855
-0.8055555555555556,-1.0,-0.35536553424235423,0.5714285714285714
-0.7777777777777778,-1.0,0.9495636479690096,0.10204081632653061
-0.6388888888888888,0.0,-0.5866596234056368,0.12244897959183673
0.8888888888888888,0.0,0.7958884963738211,-0.3469387755102041
0.8055555555555556,0.0,-0.45607316187394764,0.32653061224489793
-0.6666666666666666,0.0,0.6747003862788471,-0.3877551020408163
-0.05555555555555555,0.0,-0.3587330934222545,0.3673469387755102
-0.5,-1.0,0.6513035535452915,0.061224489795918366
-0.75,-1.0,0.034589014713812496,0.8979591836734694
0.3333333333333333,0.0,-0.4663409158440358,-0.16326530612244897
0.5555555555555556,0.0,0.40365589267831004,0.9183673469387755
0.08333333333333333,-1.0,-0.20021569986903937,-0.8571428571428571
0.75,0.0,0.44150241561843134,-1.0
-0.9722222222222222,-1.0,-0.9742260666688677,0.673469387755102
0.16666666666666666,0.0,0.3904497782473285,0.4489795918367347
-0.4722222222222222,-1.0,0.14897597587683098,0.6326530612244898
-0.5,0.0,0.5166121914446389,0.8571428571428571
-0.6944444444444444,0.0,0.3502481649003489,0.42857142857142855
0.9444444444444444,-1.0,0.6687136144034688,-0.7755102040816326
-0.05555555555555555,-1.0,-0.06286110469147216,-0.061224489795918366
0.2222222222222222,-1.0,0.06837465746640695,-0.24489795918367346
0.0,-1.0,-0.8954515940880627,0.8571428571428571
-0.5833333333333334,-1.0,-0.23137112483079667,0.12244897959183673
-0.1388888888888889,0.0,-0.9389547360427878,-0.46938775510204084
-0.8888888888888888,-1.0,0.41517822751934147,0.9387755102040817
0.6666666666666666,0.0,-0.2929776486513256,-0.3673469387755102
0.8333333333333334,-1.0,-1.1005095359151287e-05,0.2857142857142857
-0.8333333333333334,0.0,0.1514301121419217,0.8979591836734694
-0.5555555555555556,-1.0,-0.42002046947736804,-0.12244897959183673
-0.8055555555555556,0.0,-0.8626894252038694,0.7142857142857143
-0.8055555555555556,0.0,0.7601549517426569,-0.5714285714285714
-0.4444444444444444,-1.0,-0.4163777829134889,-0.46938775510204084
0.1111111111111111,0.0,-0.13571483596905368,0.9795918367346939
0.4166666666666667,0.0,-0.8540724355376539,0.5102040816326531
0.1111111111111111,-1.0,-0.2616241319731035,-0.3673469387755102
0.7222222222222222,-1.0,-0.8012589829090869,-0.7755102040816326
0.4444444444444444,0.0,0.5045396018356499,0.7755102040816326
0.25,-1.0,-0.7153642136309111,0.7551020408163265
0.08333333333333333,-1.0,-0.5279804549506422,-0.04081632653061224
0.7777777777777778,0.0,-0.8844575038242707,-0.5918367346938775
0.25,0.0,0.41139247471579343,-0.8163265306122449
0.4722222222222222,-1.0,-0.3509634960986937,-0.40816326530612246
-0.1388888888888889,-1.0,0.5875400310343689,0.3673469387755102
0.6666666666666666,0.0,-0.11147061089284338,0.3673469387755102
0.4444444444444444,0.0,-0.8371025784938426,-1.0
0.2777777777777778,0.0,0.23401234771699297,0.6122448979591837
0.4444444444444444,0.0,-0.7742304687070114,0.7551020408163265
0.05555555555555555,-1.0,0.9238227299239548,0.7755102040816326
0.6111111111111112,0.0,0.1915987102028239,0.7959183673469388
-0.6388888888888888,-1.0,0.04044372544488098,-0.2857142857142857
-1.0,0.0,0.9082175047046782,0.9591836734693877
-0.4722222222222222,0.0,-0.4732961361110194,-0.4897959183673469
0.4444444444444444,0.0,0.7486106067109072,0.5510204081632653
-0.027777777777777776,0.0,-0.7535298843364477,0.5918367346938775
0.2222222222222222,0.0,-0.11597169489473626,-0.24489795918367346
-0.4166666666666667,0.0,-0.4699285769311191,-0.5510204081632653
-0.8333333333333334,-1.0,-0.6118282764920158,0.7142857142857143
0.3888888888888889,0.0,0.5327566663365138,-0.1836734693877551
0.05555555555555555,0.0,0.4767407309584338,-0.3469387755102041
-0.4722222222222222,-1.0,-0.12117710499961482,-0.3469387755102041
-0.8611111111111112,-1.0,-0.6657972641332938,-0.1836734693877551
0.3611111111111111,0.0,-0.04985308197695533,0.2857142857142857
-0.7777777777777778,0.0,-0.0666688676857385,-0.4489795918367347
-0.75,-1.0,-0.2479447984416785,0.7142857142857143
0.8333333333333334,0.0,-0.6809402753474859,-1.0
-0.8888888888888888,-1.0,0.6052362243718842,0.22448979591836735
0.6111111111111112,-1.0,0.6017145938569558,0.3673469387755102
0.5,-1.0,-0.2310849923514587,-0.46938775510204084
0.7222222222222222,-1.0,0.36286000418193626,-0.22448979591836735
0.3333333333333333,0.0,-0.6232295552840965,0.1836734693877551
-0.1111111111111111,-1.0,-0.5498255692385574,0.7142857142857143
0.05555555555555555,-1.0,-0.722055311609275,0.04081632653061224
0.25,0.0,-0.2557033906698802,-0.9183673469387755
0.19444444444444445,0.0,-0.13757469708475023,0.673469387755102
-0.4444444444444444,0.0,-0.1658247768716916,-0.7755102040816326
0.5555555555555556,0.0,0.9440500951940749,0.3469387755102041
0.5277777777777778,0.0,0.4655045285967403,-0.5918367346938775
0.4444444444444444,-1.0,-0.965157868092927,0.7959183673469388
-0.2222222222222222,0.0,-0.6081635797374184,-0.9591836734693877
0.2222222222222222,0.0,0.49371058800224504,0.24489795918367346
-0.5555555555555556,-1.0,-0.9274544113924748,-0.4489795918367347
0.9722222222222222,-1.0,-0.6891720866761311,0.3877551020408163
-0.08333333333333333,0.0,-0.6632660922006889,-0.10204081632653061
-0.3611111111111111,0.0,0.4145179217977924,0.5918367346938775
-0.8888888888888888,-1.0,-0.8876379763830654,-0.7551020408163265
-0.7777777777777778,-1.0,0.7879868379059505,0.9795918367346939
0.1388888888888889,-1.0,0.39694278450922776,0.04081632653061224
-0.08333333333333333,-1.0,0.20765514433182564,0.8367346938775511
0.75,0.0,-0.4594517261492071,-0.5918367346938775
0.3055555555555556,-1.0,0.39829641123840337,-0.1836734693877551
0.9722222222222222,0.0,0.04115905664322581,0.061224489795918366
0.5277777777777778,-1.0,0.06986034533989237,0.3469387755102041
0.8333333333333334,0.0,0.375570889321756,-0.7142857142857143
-0.4444444444444444,0.0,-0.31314998844464986,-0.3469387755102041
0.4166666666666667,-1.0,-0.47729098572639134,-0.7142857142857143
0.4722222222222222,-1.0,-0.15399429936060396,0.02040816326530612
-0.5833333333333334,-1.0,-0.5290479492004798,-0.14285714285714285
0.9166666666666666,-1.0,0.7814278010718962,0.8163265306122449
-0.5277777777777778,-1.0,-0.023330802161400727,-0.10204081632653061
0.6388888888888888,0.0,-0.31269877953492464,-0.2857142857142857
0.19444444444444445,-1.0,-0.0017057897806684495,-0.5918367346938775
0.8055555555555556,-1.0,0.9802238436396051,0.42857142857142855
-0.6388888888888888,0.0,0.34697965157868094,-0.7959183673469388
0.7222222222222222,0.0,0.14455192754245216,0.32653061224489793
-1.0,0.0,-0.05333069211044714,0.5510204081632653
0.1388888888888889,0.0,-0.7565232702741369,-0.24489795918367346
0.05555555555555555,-1.0,0.9450185435856802,-0.8571428571428571
-0.08333333333333333,0.0,-0.7668460497210209,0.9591836734693877
-0.6944444444444444,-1.0,-0.33929809501799335,0.08163265306122448
0.7777777777777778,0.0,-0.732014922909307,-0.5102040816326531
0.7777777777777778,0.0,0.9607448248539073,0.08163265306122448
-0.05555555555555555,-1.0,-0.7139995818063763,-0.46938775510204084
0.1388888888888889,0.0,-0.13955561424939747,-0.5918367346938775
0.25,-1.0,0.9765371366942894,0.20408163265306123
-0.9444444444444444,0.0,0.9851541263605049,0.0
-0.2777777777777778,0.0,0.34535089746552655,0.6938775510204082
-0.4166666666666667,0.0,0.5036481891115586,-0.40816326530612246
-1.0,0.0,-0.06326829321976075,-0.8775510204081632
0.3333333333333333,0.0,-0.8851948452133338,-0.5306122448979592
-0.2222222222222222,0.0,-0.6328810239140722,-0.30612244897959184
0.6388888888888888,-1.0,-0.8032068847876567,-0.4897959183673469
-0.7222222222222222,0.0,0.6861456854523644,-0.12244897959183673
-0.6388888888888888,-1.0,-0.7129981181286936,0.08163265306122448
0.0,-1.0,-0.5139269481770059,0.04081632653061224
-0.6666666666666666,-1.0,0.5338241605863515,0.2857142857142857
-0.5277777777777778,-1.0,0.7846963143935642,-1.0204081632653061
-0.5833333333333334,0.0,0.6133579847469378,-0.4897959183673469
-0.3333333333333333,-1.0,-0.5838533240890532,-0.7551020408163265
0.08333333333333333,0.0,0.4791838621281653,-0.5306122448979592
-0.9166666666666666,-1.0,-0.6695940220322009,0.6938775510204082
0.6666666666666666,0.0,0.562591479855173,0.9591836734693877
-0.2777777777777778,-1.0,-0.7197002212024167,-0.16326530612244897
-0.9444444444444444,-1.0,0.965157868092927,-0.7755102040816326
-0.4166666666666667,-1.0,0.9188374217262593,-0.8571428571428571
0.7222222222222222,-1.0,-0.807454851596289,-0.3877551020408163
-0.2777777777777778,-1.0,-0.4218143000209097,0.3469387755102041
-0.4444444444444444,-1.0,0.9117281301242475,-0.9183673469387755
-0.6666666666666666,0.0,0.21488549198278803,-0.12244897959183673
-0.8888888888888888,0.0,-0.3348190212068188,0.3877551020408163
-0.3055555555555556,-1.0,-0.30917714901999627,-1.0
0.8055555555555556,0.0,0.12151826295574851,-0.12244897959183673
-0.7222222222222222,0.0,0.19289731145520375,0.8163265306122449
-0.8611111111111112,0.0,0.8985000055025477,-0.5306122448979592
-1.0,-1.0,0.3449327038418788,0.8979591836734694
-0.5277777777777778,0.0,-0.7050634443747456,-0.3877551020408163
-0.1111111111111111,-1.0,-0.10755279694498553,0.10204081632653061
-0.5277777777777778,-1.0,0.707935774263484,0.02040816326530612
-0.8055555555555556,0.0,0.4649102534473461,-0.061224489795918366
0.6388888888888888,-1.0,0.28317210868632176,-0.7142857142857143
0.75,0.0,-0.596784311136056,0.9387755102040817
-0.3888888888888889,0.0,-0.06528222567048543,0.8979591836734694
0.6666666666666666,0.0,0.3728526307680456,0.7755102040816326
-0.6666666666666666,-1.0,-0.28241275710654035,-0.24489795918367346
0.9166666666666666,-1.0,-0.4614216382184952,-0.1836734693877551
-0.08333333333333333,-1.0,0.7447918386212816,0.32653061224489793
-0.2777777777777778,0.0,0.856042347606942,0.6530612244897959
0.9166666666666666,-1.0,0.5476685705481638,-0.12244897959183673
0.0,-1.0,-0.7353164515170524,-0.7755102040816326
-0.1111111111111111,-1.0,-0.18397217911893207,0.8571428571428571
0.4166666666666667,-1.0,-0.4824083550683967,0.02040816326530612
0.6666666666666666,-1.0,0.30326741281213204,-0.1836734693877551
0.5,-1.0,-0.5032520056786292,-0.7959183673469388
0.3333333333333333,0.0,0.4118436836255186,0.5918367346938775
-0.6666666666666666,-1.0,-0.6689227112152927,-0.08163265306122448
0.4722222222222222,-1.0,-0.3077464866233066,-0.6938775510204082
-0.5833333333333334,-1.0,-0.5586626608119559,-0.9795918367346939
-0.7222222222222222,0.0,-0.24461025454785565,-0.3877551020408163
-0.1111111111111111,0.0,0.3672840525163151,0.4897959183673469
-0.5833333333333334,0.0,0.6231745298073008,-0.32653061224489793
0.05555555555555555,-1.0,-0.6084607173121155,0.3877551020408163
0.3055555555555556,0.0,-0.49964233440082756,-0.10204081632653061
-0.4444444444444444,-1.0,0.5943631901570428,0.6938775510204082
-0.3055555555555556,0.0,0.9718049456898544,-0.46938775510204084
-0.7777777777777778,0.0,0.594385200347761,-0.2857142857142857
0.3888888888888889,0.0,-0.8379829861225747,0.42857142857142855
-0.6111111111111112,-1.0,0.051107662847898576,-0.8775510204081632
-0.1111111111111111,0.0,-0.2532602595001486,-0.04081632653061224
0.8888888888888888,-1.0,0.10366799828320512,0.7755102040816326
-0.25,-1.0,0.9238667503053914,0.30612244897959184
0.5555555555555556,0.0,0.2573431498783937,-0.14285714285714285
-0.5555555555555556,-1.0,0.8634047564022143,-0.9387755102040817
0.7222222222222222,0.0,-0.8174694883731167,-0.6530612244897959
0.9444444444444444,0.0,-0.4542683262350468,-0.7142857142857143
0.5,-1.0,-0.7017729208623593,-0.8367346938775511
-0.7777777777777778,-1.0,-0.7267214720415552,-0.9795918367346939
-0.3611111111111111,-1.0,0.947626751185799,0.673469387755102
-0.8611111111111112,0.0,0.9828760716211606,0.4897959183673469
0.7222222222222222,0.0,-0.44685089196297884,-0.6530612244897959
-0.1111111111111111,0.0,-0.15010950069882356,0.5714285714285714
0.7222222222222222,0.0,-0.5683911651094457,-0.5306122448979592
0.5,-1.0,-0.5164140997281741,-0.5714285714285714
-0.1388888888888889,0.0,0.7345130795558343,0.9795918367346939
0.75,0.0,-0.23308791970682427,0.08163265306122448
-0.2222222222222222,0.0,-0.2356300967347882,-0.9795918367346939
-0.1388888888888889,-1.0,0.6453277867652724,0.46938775510204084
-0.8055555555555556,-1.0,0.06105626905257134,0.10204081632653061
0.1111111111111111,-1.0,-0.18585405042534694,-0.1836734693877551
-0.9722222222222222,0.0,-0.6509734006845169,0.20408163265306123
0.08333333333333333,-1.0,-0.7751659018125392,-0.8367346938775511
-0.3055555555555556,0.0,-0.6205993374932594,-0.8163265306122449
0.5,-1.0,-0.4392133557837279,-0.6530612244897959
0.1111111111111111,-1.0,-0.9752825558233462,0.8571428571428571
0.4722222222222222,-1.0,0.20576226793005162,-0.1836734693877551
-0.3888888888888889,0.0,-0.31275380501172045,-0.04081632653061224
-0.3611111111111111,0.0,-0.927982655969714,0.3877551020408163
0.6388888888888888,0.0,-0.9745011940528465,-1.0204081632653061
0.3611111111111111,-1.0,-0.7586142383923756,-0.9387755102040817
0.6111111111111112,-1.0,0.23718181518042855,0.9591836734693877
-0.2222222222222222,0.0,0.6552763929699451,-0.04081632653061224
0.027777777777777776,0.0,-0.5928444869974798,0.9795918367346939
0.3055555555555556,0.0,0.9792113748665632,-0.6122448979591837
0.1111111111111111,-1.0,0.6885998217174552,0.4489795918367347
-0.1388888888888889,0.0,0.2697238821574389,0.5102040816326531
-0.4166666666666667,0.0,0.3650390130630482,0.42857142857142855
0.25,0.0,-0.21696545500566763,-0.40816326530612246
-0.1388888888888889,0.0,-0.49255505298953417,-0.8979591836734694
-0.9444444444444444,0.0,-0.8250740092662903,-0.7346938775510204
-0.1388888888888889,0.0,0.9775826207534088,-0.8775510204081632
-0.25,0.0,0.6275765679509613,-0.7346938775510204
0.6111111111111112,-1.0,0.12327907821321271,0.8367346938775511
0.7222222222222222,0.0,0.8530709718599712,-0.6938775510204082
-0.08333333333333333,0.0,0.33516017916295243,0.5102040816326531
0.9166666666666666,-1.0,0.1775231932384694,0.20408163265306123
-0.5,-1.0,-0.7906280607921468,-0.5714285714285714
0.3611111111111111,0.0,0.30400475420119516,0.6122448979591837
0.8611111111111112,-1.0,-0.2941661989501139,0.4489795918367347
0.5555555555555556,0.0,0.8317651072446542,-0.20408163265306123
-0.5555555555555556,-1.0,-0.5201338219595673,0.22448979591836735
0.027777777777777776,0.0,0.6575874629953669,0.5306122448979592
1.0,-1.0,0.026137101477984308,-0.40816326530612246
-0.5833333333333334,0.0,-0.17441975634718876,0.3673469387755102
-0.19444444444444445,0.0,0.18922160960524723,-0.02040816326530612
-0.08333333333333333,-1.0,-0.674183146796967,0.7551020408163265
-0.4444444444444444,-1.0,0.7422606666886769,-1.0204081632653061
0.027777777777777776,0.0,-0.08296741391264155,0.2653061224489796
-0.08333333333333333,-1.0,-0.3317596046969747,-0.2857142857142857
0.1388888888888889,0.0,0.8303124346572464,-0.14285714285714285
0.6666666666666666,0.0,0.6898764127791167,0.3673469387755102
-0.5833333333333334,0.0,-0.2676439191345593,-0.2857142857142857
0.7777777777777778,0.0,0.3636743812385134,-0.24489795918367346
0.75,0.0,0.36131929083165504,0.12244897959183673
0.8888888888888888,-1.0,0.7698724509447874,0.2653061224489796
0.75,0.0,0.36695389965554054,-0.9387755102040817
0.08333333333333333,-1.0,0.6919673808973554,0.02040816326530612
-0.8888888888888888,-1.0,0.43483332783078565,0.7551020408163265
-0.9166666666666666,-1.0,-0.665092938030308,-1.0204081632653061
-0.75,-1.0,-0.6554854897817689,-0.3469387755102041
0.08333333333333333,0.0,-0.38273520640056347,-0.16326530612244897
-0.8333333333333334,-1.0,-0.7880748786688236,-0.8163265306122449
-0.08333333333333333,-1.0,-0.33438982248781185,0.02040816326530612
0.0,0.0,-0.779369848239735,0.7551020408163265
-0.027777777777777776,0.0,-0.23503582158539404,-0.6122448979591837
0.19444444444444445,-1.0,0.013239129717058998,-0.6530612244897959
-0.9722222222222222,0.0,-0.957377265674007,-0.8979591836734694
0.8055555555555556,-1.0,-0.07194030836277196,-0.6530612244897959
0.1111111111111111,-1.0,0.5629656530973841,-1.0
-0.8055555555555556,0.0,0.24445618321282753,0.7959183673469388
0.2222222222222222,0.0,-0.1809347727998063,0.12244897959183673
0.8611111111111112,-1.0,0.8551289246921324,-0.2653061224489796
0.8333333333333334,-1.0,0.7299569700771458,0.30612244897959184
0.6388888888888888,0.0,-0.11269217647770918,-0.1836734693877551
-0.6666666666666666,0.0,0.03667998283205124,-0.04081632653061224
0.4444444444444444,-1.0,-0.284426689557265,-1.0
1.0,0.0,0.5084354055927894,-0.46938775510204084
-0.9444444444444444,-1.0,0.7754300241011588,0.8367346938775511
0.19444444444444445,0.0,-0.20980113792686014,-0.673469387755102
-0.2777777777777778,-1.0,-0.9078983569392629,-0.2653061224489796
-0.5,-1.0,0.9730155061793611,-0.7959183673469388
0.2222222222222222,-1.0,-0.5396458560313425,-0.9387755102040817
-0.16666666666666666,-1.0,0.159452826658743,0.22448979591836735
0.6388888888888888,0.0,-0.7578658919079534,-0.1836734693877551
0.5277777777777778,-1.0,-0.16354672213234728,-0.5306122448979592
-0.5833333333333334,-1.0,-0.4452441480405428,0.8979591836734694
0.5555555555555556,-1.0,-0.1278021724058239,0.7755102040816326
-0.8333333333333334,-1.0,-0.9170656013734358,0.3877551020408163
0.2222222222222222,-1.0,-0.03674601340420615,0.5510204081632653
0.0,0.0,-0.5536773526142604,-0.9591836734693877
-0.3611111111111111,0.0,-0.023297786875323273,0.7755102040816326
0.4166666666666667,0.0,0.1659788482067197,0.14285714285714285
-0.8611111111111112,0.0,0.07235850198641972,-0.02040816326530612
-0.4166666666666667,0.0,0.5582884875697448,-0.5306122448979592
-0.8055555555555556,-1.0,0.20362727943037626,-0.5714285714285714
-0.7777777777777778,0.0,0.25381051426810614,-0.02040816326530612
0.9444444444444444,-1.0,-0.9295013591292769,-0.30612244897959184
0.25,0.0,-0.7979354441106232,-0.2653061224489796
0.8055555555555556,-1.0,-0.3903507323890962,0.20408163265306123
0.9444444444444444,-1.0,0.9235255923492577,-0.9387755102040817
0.4722222222222222,0.0,0.2270681325453685,0.7755102040816326
-0.8055555555555556,-1.0,0.23184434393124018,0.02040816326530612
0.4722222222222222,0.0,-0.4547415453354903,0.5918367346938775
0.8611111111111112,-1.0,0.8870106859475937,-1.0
-0.25,-1.0,0.5790110821310267,-0.04081632653061224
-0.3333333333333333,-1.0,0.36994728559322965,0.6530612244897959
-0.5,0.0,0.978617099717169,-0.4897959183673469
-0.3055555555555556,-1.0,0.6900855095909406,-0.8163265306122449
-0.8333333333333334,-1.0,-0.06988235553061067,0.7959183673469388
0.9166666666666666,-1.0,0.5431784916416301,-0.9183673469387755
-0.08333333333333333,-1.0,-0.2522367856317475,-0.3673469387755102
-0.3888888888888889,0.0,-0.8073448006426975,0.12244897959183673
-0.8333333333333334,0.0,0.8477224955154237,0.9183673469387755
0.3333333333333333,-1.0,-0.5219496626938273,-0.7142857142857143
0.9166666666666666,-1.0,0.11300031914776541,-0.40816326530612246
0.6666666666666666,0.0,-0.7132952557033907,0.2857142857142857
0.6111111111111112,0.0,0.6938822674898478,0.5510204081632653
-0.9166666666666666,-1.0,0.008000704326102986,0.10204081632653061
0.7777777777777778,-1.0,-0.9045528079500809,0.3877551020408163
-0.7777777777777778,0.0,0.8067395203979443,-0.5714285714285714
-0.5277777777777778,0.0,-0.20675272651237522,-0.9183673469387755
-0.7777777777777778,-1.0,-0.4073866200050623,0.14285714285714285
-0.6111111111111112,-1.0,-0.5853940374393344,-0.7959183673469388
-0.3333333333333333,0.0,-0.31464668141349444,-0.8571428571428571
-0.2222222222222222,-1.0,0.6457349752935609,0.1836734693877551
0.3055555555555556,-1.0,0.07920367129981182,0.5102040816326531
-0.5833333333333334,-1.0,-0.730056015935378,0.6530612244897959
-0.05555555555555555,-1.0,-0.25319422892799365,-0.46938775510204084
-0.5,0.0,0.1085762708133866,-0.7142857142857143
0.3055555555555556,0.0,0.6303498519814674,-0.3469387755102041
0.3333333333333333,-1.0,-0.756963474088503,-0.3877551020408163
-0.9166666666666666,0.0,0.31279782539315704,-0.7142857142857143
-0.8055555555555556,0.0,0.5377859949156459,-0.02040816326530612
-0.4166666666666667,0.0,0.14028195054310147,-0.9795918367346939
-0.8333333333333334,-1.0,0.9109357632583887,0.5510204081632653
-0.4722222222222222,-1.0,-0.4416895022395369,-0.6938775510204082
-0.1111111111111111,0.0,-0.002057952832161291,-0.8775510204081632
-0.1388888888888889,0.0,-0.9710896144915095,-0.16326530612244897
-0.2222222222222222,-1.0,0.9653889750954692,0.30612244897959184
0.4166666666666667,0.0,0.4214291216833394,-0.7755102040816326
-0.9444444444444444,0.0,0.36385046276425986,0.061224489795918366
-0.05555555555555555,0.0,0.8616329360493908,0.5306122448979592
0.4166666666666667,0.0,0.6405075549979641,-0.7551020408163265
0.6111111111111112,0.0,-0.6767363289202901,0.8979591836734694
-0.2222222222222222,-1.0,0.02941661989501139,0.40816326530612246
-0.05555555555555555,0.0,0.11873397382988324,0.3673469387755102
0.7777777777777778,-1.0,-0.3881166980311884,0.061224489795918366
-0.4166666666666667,-1.0,0.9208403490816248,0.42857142857142855
0.8611111111111112,0.0,-0.3517228476784751,0.14285714285714285
0.9166666666666666,0.0,-0.7111822773944336,0.02040816326530612
-0.8055555555555556,0.0,-0.016958851948452133,-0.3673469387755102
-0.4444444444444444,-1.0,-0.30476410578097657,-0.42857142857142855
-0.3055555555555556,0.0,-0.4743856405515754,-0.24489795918367346
-0.3333333333333333,-1.0,0.9254514840371092,-0.4897959183673469
0.5,0.0,-0.761178425611058,-0.4489795918367347
0.8055555555555556,0.0,0.820616945645834,-0.5714285714285714
-0.8888888888888888,0.0,0.35561865143561466,0.7346938775510204
0.6666666666666666,-1.0,0.7333465394477643,-0.08163265306122448
0.3611111111111111,0.0,-0.7968789549561447,0.7959183673469388
-0.9722222222222222,0.0,-0.1298381150472669,0.9183673469387755
0.9444444444444444,0.0,-0.2863305710543982,-0.9591836734693877
0.6666666666666666,-1.0,0.19635291139797725,-0.5102040816326531
0.4444444444444444,-1.0,0.3193568622272112,0.02040816326530612
-0.6388888888888888,-1.0,0.6673819978650115,0.2653061224489796
-0.19444444444444445,-1.0,-0.5351117567433722,-0.02040816326530612
-0.2222222222222222,0.0,-0.5642202339683273,-0.7755102040816326
-0.6944444444444444,0.0,-0.1462357071324023,-0.061224489795918366
0.8888888888888888,0.0,-0.8956496858045275,-0.2653061224489796
-0.5833333333333334,0.0,0.2816974259081955,0.7346938775510204
1.0,0.0,0.08307746486623306,0.8979591836734694
-0.6388888888888888,-1.0,0.46820077695973233,-0.061224489795918366
0.2777777777777778,0.0,-0.41695004787216483,-0.8367346938775511
-0.1388888888888889,-1.0,0.27091243245622726,0.6122448979591837
0.027777777777777776,-1.0,-0.4847964607613325,0.7142857142857143
0.4444444444444444,0.0,-0.7628512001056489,0.5918367346938775
-0.3888888888888889,-1.0,-0.5888496373821079,-0.12244897959183673
0.1388888888888889,-1.0,-0.19187383758680268,-0.6530612244897959
-0.5555555555555556,-1.0,-0.42790011775452036,0.42857142857142855
-0.1111111111111111,-1.0,0.8950444055597742,1.0
0.4722222222222222,-1.0,-0.5159188704370123,-0.42857142857142855
-0.6944444444444444,0.0,0.3792906115531491,-0.6326530612244898
0.7222222222222222,0.0,-0.4953503472107586,0.673469387755102
-0.8888888888888888,0.0,-0.603332342874751,-0.02040816326530612
0.5555555555555556,0.0,0.3357984746937832,-0.16326530612244897
-0.25,0.0,-0.8229940462434107,-0.7346938775510204
0.5,-1.0,-0.8389074141327435,0.673469387755102
1.0,-1.0,0.563394851816391,-0.30612244897959184
0.5555555555555556,-1.0,0.1873947637756281,-0.5918367346938775
0.6111111111111112,0.0,0.8722968734524085,0.5510204081632653
-0.4166666666666667,-1.0,0.5994255340222523,-0.10204081632653061
-0.027777777777777776,0.0,-0.6139632649916912,0.3877551020408163
0.6666666666666666,0.0,0.6349499818415927,-0.3673469387755102
0.3333333333333333,-1.0,-0.6281598380049963,-0.02040816326530612
-0.3055555555555556,-1.0,0.2681721637117986,-0.8571428571428571
-0.19444444444444445,-1.0,0.9414528926893152,-0.08163265306122448
-0.5,0.0,0.9856163403655893,0.4489795918367347
-0.9722222222222222,0.0,-0.5308747950300989,0.14285714285714285
-1.0,-1.0,0.32981170281840494,0.9795918367346939
0.6111111111111112,-1.0,0.686552873980653,0.12244897959183673
0.25,-1.0,0.916999570801281,0.2857142857142857
-0.8888888888888888,-1.0,-0.6593702884435494,0.8775510204081632
0.027777777777777776,-1.0,0.16878514752330329,-1.0204081632653061
-0.6944444444444444,-1.0,0.6766702983481352,0.5306122448979592
-0.9444444444444444,-1.0,-0.10022340343579077,0.32653061224489793
-0.3333333333333333,-1.0,-0.48642521487448687,0.0
-0.6388888888888888,0.0,-0.18564495361352307,-0.40816326530612246
0.16666666666666666,0.0,0.2639352019985253,-0.9387755102040817
0.6388888888888888,0.0,-0.943257728328216,0.061224489795918366
0.6666666666666666,0.0,-0.016221510559389,0.5510204081632653
-0.8888888888888888,0.0,-0.2480328392045517,0.9795918367346939
0.3611111111111111,0.0,-0.9757337647330714,-0.8367346938775511
0.9722222222222222,-1.0,-0.17075505959259138,0.5306122448979592
0.7777777777777778,-1.0,-0.0038407782803437994,-0.32653061224489793
-0.5277777777777778,-1.0,0.10397614095326135,-0.8775510204081632
-0.8611111111111112,-1.0,-0.551828496593923,0.14285714285714285
0.7222222222222222,-1.0,0.6185743999471756,-0.3877551020408163
-1.0,0.0,-0.6651589686024629,0.9591836734693877
0.4722222222222222,0.0,-0.2615030759241529,-0.5510204081632653
-0.9722222222222222,-1.0,-0.31797022021195814,-0.40816326530612246
0.027777777777777776,0.0,-0.04410842219947836,1.0
-0.2222222222222222,0.0,-0.2623614733621667,-0.7551020408163265
0.3055555555555556,0.0,-0.8763357434492169,0.30612244897959184
0.05555555555555555,0.0,-0.778357379466693,0.30612244897959184
0.05555555555555555,-1.0,0.4859740059647617,0.10204081632653061
-0.75,-1.0,0.15847337317177854,0.8775510204081632
-0.9444444444444444,-1.0,0.5033730617275799,0.32653061224489793
-0.8055555555555556,-1.0,-0.2281796471766428,0.3673469387755102
0.3888888888888889,-1.0,-0.8659029130487416,-0.8775510204081632
-0.5,-1.0,-0.6528772821816501,-0.16326530612244897
0.3333333333333333,0.0,0.05298953415431345,-0.5510204081632653
-0.08333333333333333,-1.0,0.5051448820804032,-0.3877551020408163
-0.8333333333333334,0.0,0.5018213432819395,0.0
0.7222222222222222,0.0,-0.7381007406429176,-0.8571428571428571
-0.3055555555555556,-1.0,0.09706494106771435,0.3877551020408163
-0.7222222222222222,0.0,0.9747653163414661,0.08163265306122448
0.9722222222222222,-1.0,0.59634410732169,0.14285714285714285
0.3611111111111111,-1.0,-0.47073194889233716,-0.6122448979591837
-0.6666666666666666,-1.0,0.7143187295717918,0.5510204081632653
-0.3055555555555556,-1.0,0.14428780525383253,0.8775510204081632
-0.8888888888888888,0.0,-0.17853566201151133,0.10204081632653061
-0.4166666666666667,-1.0,0.5665533141844674,0.02040816326530612
-0.19444444444444445,-1.0,-0.35462819285329106,-0.42857142857142855
-0.16666666666666666,-1.0,-0.1380589212805529,0.22448979591836735
-0.3333333333333333,0.0,0.8671134735382482,0.5510204081632653
0.027777777777777776,0.0,-0.4558310497760463,0.2857142857142857
-0.9722222222222222,-1.0,-0.9391088073778159,-0.6326530612244898
-0.08333333333333333,0.0,-0.3772766791024244,0.04081632653061224
-0.6388888888888888,0.0,0.25443780470357774,0.7551020408163265
-0.1111111111111111,-1.0,-0.84906511714924,-0.22448979591836735
-0.3888888888888889,-1.0,-0.1594088062773064,-0.10204081632653061
-0.1388888888888889,0.0,-0.15300384077828033,0.9387755102040817
0.9166666666666666,-1.0,-0.7823632341774241,-0.8163265306122449
0.08333333333333333,-1.0,0.5709223370420504,0.3877551020408163
1.0,0.0,0.7847843551564374,-0.7346938775510204
-0.6944444444444444,0.0,-0.23677462665213994,-0.8163265306122449
-0.7222222222222222,-1.0,-0.5986881926331892,0.5306122448979592
-0.6388888888888888,0.0,-0.040146587870183895,0.7551020408163265
-0.5277777777777778,0.0,0.20359426414429882,0.7959183673469388
-0.4444444444444444,0.0,-0.09643765063224273,-0.8979591836734694
0.027777777777777776,0.0,-0.13417412261877248,0.5510204081632653
0.6111111111111112,-1.0,0.21437925759626708,-0.04081632653061224
-0.3888888888888889,-1.0,0.23882157438894208,0.3877551020408163
-0.3055555555555556,0.0,0.10830114342940782,0.061224489795918366
-0.3611111111111111,-1.0,-0.533857175872429,0.08163265306122448
-0.25,0.0,-0.16313953360405867,-0.061224489795918366
-0.4444444444444444,0.0,0.2947934893855855,0.46938775510204084
0.5833333333333334,0.0,-0.27962846798067503,0.5510204081632653
-0.9444444444444444,-1.0,0.6468134746387577,0.2857142857142857
-0.16666666666666666,-1.0,-0.536410357995752,0.32653061224489793
0.8611111111111112,0.0,0.2689535254822983,0.6938775510204082
0.6111111111111112,-1.0,-0.3577866552213675,0.6530612244897959
0.3611111111111111,-1.0,0.22947824842902265,0.8775510204081632
-0.9444444444444444,-1.0,-0.16688126602617012,-0.3469387755102041
0.75,0.0,-0.6966005260435582,-0.3877551020408163
-0.4444444444444444,-1.0,0.050304290886680536,-0.32653061224489793
-0.2777777777777778,-1.0,0.27574366931889466,-0.5714285714285714
0.6111111111111112,-1.0,-0.3490376044108422,-0.6326530612244898
-0.4444444444444444,-1.0,0.6499059064346793,-0.3673469387755102
1.0,-1.0,0.6230094533769135,-0.40816326530612246
-0.3055555555555556,-1.0,0.5804747598137938,0.8163265306122449
0.7777777777777778,-1.0,0.16249023297786874,0.6530612244897959
0.4166666666666667,-1.0,0.7559179900293836,-0.6122448979591837
-0.6388888888888888,0.0,-0.9681952744120528,0.7959183673469388
0.9444444444444444,-1.0,-0.5685892568259104,-0.22448979591836735
1.0,0.0,0.881133965025807,0.8979591836734694
0.16666666666666666,-1.0,-0.48083462643203806,-0.6938775510204082
-0.5555555555555556,0.0,-0.6436880275567588,-0.3469387755102041
0.05555555555555555,0.0,0.5969493875664432,-0.02040816326530612
0.7777777777777778,0.0,0.5447852355640662,-0.14285714285714285
-0.9444444444444444,-1.0,-0.07034456953569503,0.5918367346938775
-0.8333333333333334,0.0,-0.4857539040575787,0.7551020408163265
0.9722222222222222,-1.0,-0.9359943653911761,0.46938775510204084
-0.3055555555555556,0.0,-0.7959765371366943,0.5714285714285714
0.7777777777777778,-1.0,-0.7704557209988224,0.8367346938775511
0.3055555555555556,-1.0,0.9737528475684242,0.32653061224489793
0.8888888888888888,-1.0,-0.6821398307416334,-0.22448979591836735
-0.7222222222222222,0.0,-0.8301583633222182,-0.16326530612244897
-1.0,-1.0,-0.22299624726248252,0.30612244897959184
0.5555555555555556,-1.0,0.46396381524645913,0.0
0.7222222222222222,-1.0,0.5398329426524481,0.5510204081632653
0.05555555555555555,-1.0,-0.7309804439455468,-0.1836734693877551
0.6666666666666666,0.0,0.7695092827979354,0.7551020408163265
0.8888888888888888,0.0,-0.9694388501876369,0.14285714285714285
-0.3055555555555556,0.0,0.10931361220244973,0.4489795918367347
0.6388888888888888,-1.0,-0.1632275743669319,-0.8979591836734694
0.9444444444444444,0.0,-0.9529532173396282,-0.5510204081632653
-0.3055555555555556,-1.0,0.49002388105692934,-0.5306122448979592
1.0,-1.0,-0.030043910330483013,0.8163265306122449
-0.7777777777777778,0.0,0.5613919244610255,-0.30612244897959184
-0.3611111111111111,-1.0,-0.4268436286000418,0.30612244897959184
0.7777777777777778,-1.0,-0.11046914721516062,-0.5102040816326531
0.8611111111111112,0.0,-0.47656464943268734,-0.7346938775510204
0.027777777777777776,-1.0,0.07895055410655133,0.5918367346938775
-0.9444444444444444,-1.0,0.25432775374998623,-0.5306122448979592
-0.2777777777777778,-1.0,0.4418325684792059,-0.04081632653061224
-0.6666666666666666,-1.0,-0.07796009552422772,0.9183673469387755
0.08333333333333333,0.0,0.02264848624913335,0.2857142857142857
0.25,0.0,0.9108807377815928,-0.40816326530612246
-0.1388888888888889,0.0,0.44063301308505837,0.6938775510204082
-0.1111111111111111,-1.0,-0.7280420834846534,-0.40816326530612246
-0.16666666666666666,0.0,0.39758108004005854,-0.7346938775510204
-0.3333333333333333,-1.0,-0.857858188341202,0.5714285714285714
-0.6111111111111112,-1.0,0.9700221202416719,0.8775510204081632
-0.05555555555555555,-1.0,-0.4420966907678255,0.3469387755102041
0.2222222222222222,-1.0,0.25564836519308437,0.08163265306122448
0.9444444444444444,-1.0,0.4395655188352207,-0.8163265306122449
-0.19444444444444445,0.0,0.9306678992373469,0.12244897959183673
-0.7777777777777778,-1.0,0.11061221345482959,-0.8775510204081632
-0.9444444444444444,-1.0,0.3250685067186107,-0.9591836734693877
0.3055555555555556,-1.0,-0.2704061980697063,-0.7346938775510204
0.8888888888888888,-1.0,-0.04557209988224548,0.3469387755102041
0.2222222222222222,0.0,-0.5481637998393256,0.6530612244897959
-0.7777777777777778,0.0,-0.7458593328711193,0.7959183673469388
-0.05555555555555555,-1.0,-0.14909703192578164,-0.8775510204081632
-0.9444444444444444,0.0,0.4825514213080656,0.40816326530612246
0.25,-1.0,-0.17021580991999297,-0.24489795918367346
0.027777777777777776,0.0,0.6288421539172637,0.24489795918367346
0.05555555555555555,-1.0,-0.3931570317056797,0.4489795918367347
0.2777777777777778,0.0,0.48432324166088897,-0.7959183673469388
0.0,0.0,-0.00019809171646472317,0.3877551020408163
0.9444444444444444,-1.0,-0.5283106078114167,-0.5102040816326531
0.6388888888888888,-1.0,0.3817337427228807,0.9387755102040817
0.08333333333333333,-1.0,0.16242420240571384,0.9387755102040817
0.4722222222222222,-1.0,-0.7204045473054024,0.9183673469387755
0.6666666666666666,-1.0,0.12162831390934002,0.5714285714285714
0.6944444444444444,-1.0,-0.2934948881332057,0.16326530612244897
0.027777777777777776,0.0,0.6519638592668405,0.8367346938775511
0.6666666666666666,0.0,-0.8817282401752011,0.22448979591836735
-0.9722222222222222,0.0,-0.37483354793269286,-0.7142857142857143
-0.6388888888888888,0.0,-0.6256396711677507,0.5102040816326531
0.2222222222222222,0.0,-0.8483717961416136,-0.7755102040816326
-0.2222222222222222,-1.0,0.583688247658666,-0.2653061224489796
0.5,-1.0,-0.1873507433941915,-0.10204081632653061
-0.16666666666666666,-1.0,-0.06564539381733743,0.6122448979591837
0.5555555555555556,-1.0,0.7620588332397901,0.2857142857142857
-0.4722222222222222,-1.0,0.11491520574025774,-0.9591836734693877
-0.8055555555555556,0.0,0.759582686783981,-0.5918367346938775
0.4444444444444444,-1.0,-0.6884127350963496,-0.6530612244897959
-0.8888888888888888,0.0,-0.6817876676901405,0.3673469387755102
-0.2222222222222222,0.0,-0.21823104097197002,0.9183673469387755
-0.4166666666666667,-1.0,-0.1438365963441073,0.8979591836734694
-0.16666666666666666,-1.0,-0.838511230699814,-0.16326530612244897
-0.08333333333333333,0.0,-0.7562921632715948,-0.12244897959183673
0.4166666666666667,0.0,-0.016804780613424015,0.7142857142857143
-0.2777777777777778,0.0,0.4836849461300582,-0.5918367346938775
-0.6666666666666666,-1.0,-0.21634916966555515,0.5102040816326531
-0.4722222222222222,0.0,-0.4452551531359019,0.5714285714285714
-0.6666666666666666,-1.0,-0.5128154335457317,0.16326530612244897
0.3611111111111111,-1.0,-0.9333201272189023,-0.8571428571428571
0.9722222222222222,0.0,0.24951852707803712,-0.3673469387755102
0.7777777777777778,0.0,-0.6867619707924769,-0.8979591836734694
-1.0,-1.0,0.44751119768452796,-0.04081632653061224
-0.9166666666666666,-1.0,-0.15568908404591325,-0.5510204081632653
0.8888888888888888,0.0,0.7779501909384045,-0.7755102040816326
-0.5555555555555556,0.0,0.35882113418512773,-0.9387755102040817
0.1388888888888889,0.0,0.3066679872781098,0.42857142857142855
0.0,-1.0,-0.5782627356466044,0.14285714285714285
-0.8888888888888888,0.0,-0.18040652822256706,-0.5102040816326531
1.0,0.0,-0.1686420812836343,0.9591836734693877
-0.3611111111111111,-1.0,-0.04770708838192083,-0.5306122448979592
-0.5833333333333334,-1.0,0.4521553479260898,-0.46938775510204084
-0.027777777777777776,0.0,0.29182211363861466,0.40816326530612246
-0.7777777777777778,0.0,-0.2548339881365072,0.8571428571428571
-0.8055555555555556,-1.0,0.9381953844630063,-1.0204081632653061
0.5,0.0,0.8878910935763258,0.2857142857142857
0.3333333333333333,0.0,0.4985748401509899,0.04081632653061224
0.5555555555555556,-1.0,0.02471744417665379,0.8979591836734694
-1.0,0.0,-0.7700265222798156,-0.673469387755102
-0.75,0.0,0.750569513684836,0.6938775510204082
-0.3611111111111111,0.0,-0.9637272056962374,-0.7142857142857143
-0.5277777777777778,-1.0,-0.6185964101378938,-1.0
-0.8888888888888888,0.0,-0.631197244324122,0.12244897959183673
-0.8055555555555556,-1.0,-0.07282071599150407,-0.24489795918367346
-0.7777777777777778,-1.0,0.6230094533769135,-0.14285714285714285
0.7777777777777778,0.0,-0.6523380325090516,-0.8163265306122449
-0.5833333333333334,-1.0,0.8493182343425005,-0.5918367346938775
-0.6111111111111112,-1.0,-0.4736593042578714,0.9387755102040817
-0.1388888888888889,-1.0,0.9858254371774131,-0.32653061224489793
-0.8055555555555556,-1.0,0.006581047024772469,0.20408163265306123
1.0,0.0,0.3860367350083089,-0.9387755102040817
-1.0,-1.0,-0.6655551520353924,-0.673469387755102
0.3333333333333333,0.0,-0.6631230259610199,0.4897959183673469
-0.9722222222222222,-1.0,0.7650852344635566,-0.3469387755102041
-0.08333333333333333,-1.0,-0.16081745848327775,-0.8163265306122449
0.8888888888888888,-1.0,-0.9778027226605919,0.9795918367346939
0.25,-1.0,-0.9331440456931559,-0.8775510204081632
-0.2222222222222222,0.0,0.35338461707770696,-0.3673469387755102
-0.6666666666666666,-1.0,0.005425512012061585,-0.24489795918367346
0.05555555555555555,-1.0,0.1619839985913478,-0.5306122448979592
0.027777777777777776,0.0,-0.6294914545434536,0.08163265306122448
0.5,-1.0,-0.5476135450713681,-0.9795918367346939
0.4166666666666667,0.0,0.27415893558717686,0.7755102040816326
-0.6388888888888888,0.0,-0.6161862942542398,-0.20408163265306123
-0.3611111111111111,0.0,0.34645140700144167,0.6326530612244898
-0.2777777777777778,-1.0,-0.10214929512364225,0.3673469387755102
-0.5555555555555556,0.0,-0.6474297599788702,0.46938775510204084
-0.9722222222222222,-1.0,-0.5672796504781714,0.16326530612244897
0.6111111111111112,-1.0,-0.4375956067659326,-0.9591836734693877
0.1111111111111111,0.0,-0.7486106067109072,-0.5102040816326531
0.6388888888888888,0.0,-0.8538963540119076,-0.4897959183673469
-0.8611111111111112,0.0,0.6997369782209163,-0.061224489795918366
0.0,-1.0,0.7454851596289082,-0.673469387755102
-0.6111111111111112,-1.0,0.738265817073305,0.2857142857142857
0.4722222222222222,0.0,-0.5840844310915954,-0.32653061224489793
0.5,0.0,-0.9023297786875323,0.6530612244897959
0.3611111111111111,0.0,-0.2848448831809128,0.5306122448979592
-0.4166666666666667,0.0,0.41176664795800455,0.0
-0.4722222222222222,-1.0,0.25353538688412736,-0.14285714285714285
-1.0,-1.0,-0.37856427525944514,-0.6122448979591837
-0.8333333333333334,-1.0,-0.13355783727866002,-0.2653061224489796
-0.5833333333333334,-1.0,0.4451671123730287,0.02040816326530612
-0.3888888888888889,-1.0,-0.7546524040630812,0.46938775510204084
-0.6388888888888888,-1.0,-0.3788724179295014,-0.673469387755102
1.0,-1.0,-0.9743141074317409,0.3673469387755102
0.8055555555555556,-1.0,-0.2836013074053287,0.12244897959183673
0.5,-1.0,-0.2977978804186338,-0.46938775510204084
-0.19444444444444445,-1.0,-0.635049027699825,0.10204081632653061
-0.8055555555555556,0.0,-0.9523149218087975,0.7755102040816326
0.19444444444444445,0.0,-0.05317662077541902,-0.7142857142857143
0.8055555555555556,-1.0,0.5789340464635127,-0.3469387755102041
0.05555555555555555,-1.0,-0.9073150868852279,-0.14285714285714285
0.75,-1.0,-0.8461817821651425,-0.8571428571428571
-0.9444444444444444,-1.0,0.5388424840701245,0.42857142857142855
0.1111111111111111,-1.0,-0.3860037197222314,0.7346938775510204
0.05555555555555555,0.0,-0.9229313171998635,-0.7346938775510204
0.027777777777777776,0.0,-0.90819549451396,-0.5714285714285714
0.5555555555555556,0.0,0.5837432731354617,-0.9795918367346939
-0.8055555555555556,0.0,0.22107035557463106,-0.3469387755102041
0.6666666666666666,0.0,0.9445123091991592,0.30612244897959184
0.9166666666666666,-1.0,0.13623207545093377,-0.4897959183673469
0.0,-1.0,0.4860620467276349,0.7346938775510204
0.19444444444444445,-1.0,-0.9664234540592295,0.8571428571428571
1.0,0.0,-0.47122717818349896,0.10204081632653061
-0.5555555555555556,0.0,-0.5679509612950796,-1.0204081632653061
-1.0,0.0,0.9425093818437936,0.5510204081632653
-0.1388888888888889,0.0,0.24941948121980476,-0.5714285714285714
-0.3055555555555556,-1.0,0.30834076177270076,0.3469387755102041
0.8611111111111112,0.0,0.054739344316418505,0.4489795918367347
-0.16666666666666666,-1.0,0.6280387819560457,0.1836734693877551
0.0,0.0,0.16468024695433986,0.42857142857142855
-0.4444444444444444,-1.0,0.6946306139742701,1.0
-0.4444444444444444,-1.0,0.5490332023726986,0.1836734693877551
0.1111111111111111,-1.0,-0.3840668229390208,0.7551020408163265
0.9444444444444444,0.0,-0.14319830081327656,-0.42857142857142855
-0.25,-1.0,0.3290523512386235,-0.7346938775510204
0.3888888888888889,0.0,-0.21739465372467454,-0.10204081632653061
0.6388888888888888,-1.0,0.5541945920961405,-0.16326530612244897
0.1388888888888889,0.0,-0.30703115542496173,0.32653061224489793
0.9166666666666666,-1.0,0.9271792840084959,-0.5306122448979592
1.0,-1.0,-0.8865154566564319,0.02040816326530612
-0.2777777777777778,0.0,-0.5418908954846093,0.30612244897959184
0.4722222222222222,0.0,0.43987366150527696,0.12244897959183673
0.1111111111111111,0.0,0.010223733588651546,1.0
-0.027777777777777776,-1.0,0.6284239602936159,-0.7755102040816326
-0.16666666666666666,0.0,-0.9584557650192039,0.5510204081632653
0.8611111111111112,-1.0,-0.9232284547745606,0.061224489795918366
0.3333333333333333,-1.0,0.6539117611454103,0.6326530612244898
-0.5555555555555556,0.0,-0.23454059229423224,-0.14285714285714285
-0.3888888888888889,0.0,-0.5371146840987377,-0.673469387755102
0.6944444444444444,0.0,0.3111360559939252,0.16326530612244897
-0.4722222222222222,0.0,0.07540691340090462,0.6122448979591837
-0.25,-1.0,0.2733885789120363,0.02040816326530612
0.1111111111111111,-1.0,0.5851189100553557,-0.061224489795918366
0.8055555555555556,-1.0,0.2091298271099519,-0.08163265306122448
0.1388888888888889,0.0,-0.7652833261800214,-0.3877551020408163
0.4166666666666667,0.0,-0.5849758438156867,0.8367346938775511
0.9722222222222222,0.0,0.8997435812781318,-0.32653061224489793
-0.3333333333333333,-1.0,0.5253062167783684,0.3877551020408163
-0.2222222222222222,0.0,-0.8652976328039882,0.04081632653061224
-0.5833333333333334,-1.0,0.7335006107827924,-0.04081632653061224
0.6666666666666666,0.0,0.09691086973268623,0.9591836734693877
-1.0,-1.0,-0.6419272122992946,-0.7959183673469388
0.4722222222222222,-1.0,-0.8062993165835782,-0.2653061224489796
-0.3888888888888889,0.0,-0.9277075285857352,-0.9387755102040817
0.8888888888888888,-1.0,-0.7481593978011819,-0.16326530612244897
0.4722222222222222,0.0,-0.1604873056225032,-0.6122448979591837
0.3611111111111111,0.0,-0.2545808709432467,-0.6530612244897959
0.16666666666666666,-1.0,-0.8383791695555042,-0.5510204081632653
-0.8333333333333334,0.0,-0.4049544939306899,-0.24489795918367346
-0.6944444444444444,-1.0,-0.9018125392056522,-0.8571428571428571
0.25,-1.0,-0.04060880187526825,-0.9183673469387755
-0.6111111111111112,-1.0,-0.23222952226881047,-0.8775510204081632
0.08333333333333333,-1.0,-0.725323824930943,0.42857142857142855
0.5555555555555556,0.0,0.7755510801501095,0.30612244897959184
0.3333333333333333,-1.0,0.38112846247812737,-0.1836734693877551
-0.3333333333333333,0.0,0.7322240197211309,0.8571428571428571
-0.9444444444444444,-1.0,0.45358601032277945,0.7755102040816326
0.8888888888888888,-1.0,-0.9214456293263781,0.46938775510204084
-1.0,0.0,0.11184478413505453,-0.16326530612244897
0.5555555555555556,0.0,0.7329833713009123,0.08163265306122448
0.5277777777777778,-1.0,0.5665753243751858,0.4897959183673469
0.5277777777777778,-1.0,0.3341917307713471,0.9387755102040817
-0.05555555555555555,0.0,0.6342896761200436,0.673469387755102
-0.1111111111111111,0.0,0.6965675107574807,-0.9591836734693877
-0.3055555555555556,-1.0,-0.3445695356950268,-0.30612244897959184
0.5555555555555556,-1.0,0.8387533427977153,-0.7346938775510204
0.08333333333333333,0.0,-0.7960755829949266,-0.5918367346938775
-0.8611111111111112,0.0,-0.6568391165109446,-0.673469387755102
-0.6666666666666666,-1.0,-0.19746442602925154,0.2653061224489796
-0.1388888888888889,0.0,-0.22231393135021515,0.10204081632653061
0.8611111111111112,-1.0,0.4487217581740346,-0.30612244897959184
0.4444444444444444,0.0,-0.9688225648475244,0.9183673469387755
0.75,-1.0,0.8413725554931933,0.3469387755102041
-1.0,-1.0,0.524480834626432,0.9387755102040817
0.5833333333333334,-1.0,0.6461421638218495,-0.10204081632653061
-0.5555555555555556,0.0,-0.24415904563813046,-1.0
-0.9444444444444444,-1.0,-0.7278770070542662,-0.10204081632653061
-0.08333333333333333,-1.0,-0.6659293252776035,0.1836734693877551
-0.027777777777777776,-1.0,-0.5973125557132952,0.16326530612244897
-0.5555555555555556,-1.0,-0.9398241385761608,-0.32653061224489793
-0.3333333333333333,0.0,-0.3375152695698108,-0.5102040816326531
0.8055555555555556,-1.0,0.35831489979860676,-0.061224489795918366
0.8888888888888888,-1.0,-0.5900271825855371,0.7755102040816326
0.16666666666666666,0.0,-0.6186294254239713,0.6530612244897959
-1.0,0.0,0.9472965983250244,-0.02040816326530612
0.8888888888888888,0.0,0.8859762069838335,-0.5510204081632653
-0.6388888888888888,-1.0,-0.2850429748973775,0.7346938775510204
-0.6388888888888888,-1.0,0.20279089218308077,0.673469387755102
0.027777777777777776,0.0,0.5861093686376793,0.3673469387755102
-0.75,-1.0,0.22403072622624276,0.7959183673469388
-0.16666666666666666,-1.0,-0.4668581553259159,-0.8367346938775511
0.6388888888888888,0.0,0.8528838852388656,0.24489795918367346
0.0,-1.0,0.45644733511615876,-0.14285714285714285
-0.6111111111111112,-1.0,0.9512474275589597,0.8367346938775511
-0.5833333333333334,0.0,0.8159727954042721,0.6122448979591837
0.25,0.0,-0.4022032200909021,-0.673469387755102
0.2777777777777778,0.0,0.08109654770158584,0.02040816326530612
0.7777777777777778,0.0,0.048213322768441785,-0.5306122448979592
0.3055555555555556,0.0,0.4835308747950301,0.6326530612244898
-0.8611111111111112,0.0,-0.9767022131246768,-0.8979591836734694
0.08333333333333333,-1.0,0.39803228894978376,0.2653061224489796
-0.8888888888888888,-1.0,0.6023969097692231,0.32653061224489793
0.6944444444444444,-1.0,0.09891379708805177,0.5918367346938775
-0.9166666666666666,-1.0,-0.7164207027853896,-0.9591836734693877
-0.8611111111111112,-1.0,-0.1802414517921798,-0.5306122448979592
-0.3333333333333333,-1.0,-0.03450097395093928,-0.10204081632653061
0.2777777777777778,-1.0,-0.6061716574774121,0.0
-0.19444444444444445,0.0,0.5251851607294177,-0.20408163265306123
0.08333333333333333,-1.0,-0.9640793687477301,-0.14285714285714285
-0.5,0.0,-0.3113891731871857,-0.16326530612244897
-1.0,-1.0,-0.8469631439356422,-0.7755102040816326
-0.5833333333333334,-1.0,0.8333498409763721,-0.5918367346938775
-0.08333333333333333,0.0,0.2737517470588883,0.42857142857142855
-0.2222222222222222,0.0,0.2725962120461774,0.8367346938775511
0.05555555555555555,-1.0,-0.5869237456942564,0.5510204081632653
-0.2222222222222222,-1.0,0.3028492191884843,0.9795918367346939
0.16666666666666666,-1.0,-0.06169456458340212,-0.061224489795918366
0.4444444444444444,-1.0,0.444022582455677,-0.46938775510204084
0.9166666666666666,-1.0,0.14443087149350148,-0.6530612244897959
0.6944444444444444,-1.0,-0.422419580265663,-0.673469387755102
-0.6388888888888888,0.0,-0.8409873771556231,-0.7755102040816326
-0.1388888888888889,0.0,-0.5481748049346847,0.2653061224489796
-0.25,-1.0,0.8017982325816854,-0.2857142857142857
0.7777777777777778,-1.0,-0.24494040740863018,-0.5510204081632653
-0.08333333333333333,-1.0,-0.9646296235156878,0.8775510204081632
0.9166666666666666,0.0,0.742414738023705,-0.3469387755102041
-0.5555555555555556,0.0,-0.7667249936720701,-0.673469387755102
-0.6388888888888888,0.0,0.569139511593868,0.12244897959183673
0.1388888888888889,-1.0,0.4679696699571902,-0.061224489795918366
-0.6944444444444444,-1.0,0.259764270857407,-0.5918367346938775
0.25,-1.0,0.3203913411909714,0.8979591836734694
-0.3611111111111111,0.0,-0.15519385475475145,-0.7551020408163265
-1.0,0.0,0.7615636039486282,0.08163265306122448
-0.4722222222222222,-1.0,0.04454862601384441,0.12244897959183673
-0.5833333333333334,-1.0,-0.433402665434096,0.4489795918367347
-0.027777777777777776,0.0,0.4020381436605148,-0.8979591836734694
-0.9166666666666666,0.0,-0.9280817018279464,0.9387755102040817
-0.4444444444444444,-1.0,0.581366172537885,-0.9795918367346939
-0.6666666666666666,0.0,-0.9291271858870657,0.2653061224489796
-0.7777777777777778,-1.0,-0.9597543662715837,-0.6326530612244898
0.6666666666666666,-1.0,0.7830455500896916,0.3469387755102041
0.8888888888888888,-1.0,-0.4836189155579033,0.0
0.4722222222222222,-1.0,-0.13420713790484995,-0.16326530612244897
0.9722222222222222,0.0,-0.615559003818768,-0.5102040816326531
0.6944444444444444,0.0,0.1038550849043107,0.32653061224489793
-0.1111111111111111,-1.0,0.8818272860334335,-0.6122448979591837
0.05555555555555555,0.0,0.5723089790573035,0.3877551020408163
-0.3888888888888889,0.0,-0.06938712623944887,0.9591836734693877
-0.05555555555555555,0.0,-0.5250751097758262,-0.14285714285714285
0.9722222222222222,-1.0,-0.2859013723353913,0.5306122448979592
0.25,0.0,0.08908624693232967,-0.04081632653061224
-0.08333333333333333,-1.0,-0.013800389580375714,0.5510204081632653
0.8611111111111112,0.0,0.5881453112791223,-0.4897959183673469
0.75,-1.0,-0.6943774967810096,-0.42857142857142855
0.0,0.0,0.9530302530071423,0.7755102040816326
0.3611111111111111,-1.0,0.5015021955165242,-0.5714285714285714
-0.3888888888888889,0.0,-0.044130432390196664,-0.1836734693877551
0.9722222222222222,-1.0,0.8753562899622526,-0.14285714285714285
-0.25,-1.0,-0.4102149295123642,-0.9591836734693877
-0.5277777777777778,0.0,0.5952876181672114,-0.9183673469387755
0.4722222222222222,-1.0,-0.6119493325409665,0.9795918367346939
-0.9444444444444444,-1.0,0.8661230149559246,-0.32653061224489793
-0.1111111111111111,0.0,-0.3029812803327941,0.9591836734693877
-0.027777777777777776,-1.0,0.39744901889574874,-0.42857142857142855
-0.5277777777777778,-1.0,0.20816137871834658,0.40816326530612246
-0.75,0.0,0.28769520287893297,-0.061224489795918366
-0.05555555555555555,0.0,0.17415563405856913,0.7346938775510204
-0.1388888888888889,-1.0,0.25130135252621966,0.46938775510204084
-0.4166666666666667,-1.0,0.9277735591578901,0.8571428571428571
-0.5555555555555556,-1.0,0.7649201580331694,-0.1836734693877551
-0.2777777777777778,-1.0,0.010729967975172505,-0.2653061224489796
-0.3611111111111111,-1.0,-0.12973906918903452,0.5102040816326531
0.5555555555555556,0.0,-0.4378707341499114,0.5102040816326531
-0.75,-1.0,0.9042556703753838,-0.3877551020408163
-0.4444444444444444,0.0,-0.47199753485863954,0.5714285714285714
0.6944444444444444,-1.0,0.8597070443615394,-0.46938775510204084
0.5,-1.0,0.4297599788702169,-0.6938775510204082
-0.2777777777777778,0.0,-0.2296213146686916,0.8367346938775511
0.6111111111111112,0.0,-0.18119889508842593,-0.5510204081632653
0.3333333333333333,-1.0,-0.266895572650137,1.0
-0.3888888888888889,-1.0,0.14730320138223998,-0.5714285714285714
-0.2777777777777778,-1.0,0.47935994365391177,0.16326530612244897
0.16666666666666666,-1.0,0.18941970132171196,-0.1836734693877551
-0.9444444444444444,0.0,-0.44223975700749446,-0.5510204081632653
0.4166666666666667,0.0,-0.04857649091529378,0.32653061224489793
0.9722222222222222,-1.0,0.007340398604553908,0.8979591836734694
0.05555555555555555,-1.0,-0.3181573068330637,-0.9795918367346939
-0.6111111111111112,0.0,0.42792212794523865,0.08163265306122448
-0.05555555555555555,-1.0,-0.6297995972135099,-0.40816326530612246
0.5833333333333334,-1.0,-0.40137783793896575,0.5510204081632653
0.027777777777777776,-1.0,0.75376099133899,0.16326530612244897
0.3888888888888889,-1.0,0.5809919992956739,-0.7755102040816326
-0.6944444444444444,-1.0,0.878734854237512,-0.3877551020408163
0.2222222222222222,0.0,0.25318322383263453,-0.6530612244897959
-0.16666666666666666,-1.0,-0.339639252974127,-0.1836734693877551
0.5277777777777778,0.0,0.19382173946537246,0.061224489795918366
0.75,0.0,0.1838731332606997,0.3469387755102041
-0.5833333333333334,0.0,-0.2681171382350028,-0.3877551020408163
-0.3611111111111111,-1.0,0.9035623493677573,-0.5918367346938775
-0.4166666666666667,-1.0,-0.6326939372929666,-0.14285714285714285
-0.9722222222222222,0.0,0.8691384110843321,0.20408163265306123
0.9166666666666666,-1.0,-0.5984130652492103,-0.9795918367346939
-0.8055555555555556,-1.0,0.8792851090054695,-1.0
-0.4722222222222222,0.0,-0.6256286660723915,0.8775510204081632
-0.9722222222222222,0.0,0.6829542077982106,0.6530612244897959
-0.5833333333333334,-1.0,0.8696556505662122,-1.0
0.6111111111111112,-1.0,0.8341201976515127,0.20408163265306123
0.4166666666666667,-1.0,-0.0821640419514235,0.12244897959183673
0.6666666666666666,0.0,-0.41681798672785497,0.3877551020408163
0.3055555555555556,-1.0,-0.8976966335413297,0.7959183673469388
-0.8888888888888888,-1.0,-0.7619707924769168,-0.4897959183673469
-0.6666666666666666,-1.0,0.7093774417555329,0.673469387755102
-0.6666666666666666,-1.0,0.40079456788493073,1.0
0.19444444444444445,0.0,-0.5748621611806266,-0.8367346938775511
-0.4166666666666667,0.0,-0.7128660569843838,-0.2857142857142857
-0.2222222222222222,0.0,0.4707649641784146,0.5306122448979592
-0.3888888888888889,0.0,0.11226297775870228,0.02040816326530612
-0.9444444444444444,-1.0,-0.5024046133359745,0.8979591836734694
-0.9444444444444444,0.0,0.8448501656266851,0.6122448979591837
-0.6666666666666666,0.0,0.3811174573827682,-0.46938775510204084
0.0,0.0,-0.5938679608658809,-0.1836734693877551
0.8055555555555556,0.0,0.6910539579825459,-0.7959183673469388
0.6388888888888888,0.0,-0.39174837949970837,0.3877551020408163
0.75,-1.0,0.40376594363190155,0.32653061224489793
0.4166666666666667,0.0,-0.9135769861445849,-0.6326530612244898
0.5555555555555556,0.0,0.5806838566256176,0.3469387755102041
0.7222222222222222,0.0,-0.5471953514477202,0.5918367346938775
-0.8333333333333334,-1.0,-0.01505497045131896,0.4897959183673469
-0.2777777777777778,-1.0,-0.8731992912718589,0.6938775510204082
0.19444444444444445,0.0,-0.07530786754267225,-0.673469387755102
0.6666666666666666,0.0,-0.9745452144342831,0.3877551020408163
-0.3611111111111111,0.0,-0.40054145069167024,-0.6326530612244898
0.6666666666666666,0.0,-0.6366777818129794,-0.2857142857142857
0.08333333333333333,-1.0,0.86281048125282,-0.24489795918367346
0.3055555555555556,-1.0,-0.15424741655386445,-0.3673469387755102
-0.8611111111111112,0.0,0.18934266565419788,-0.20408163265306123
-0.9166666666666666,0.0,0.10019038814971332,-0.20408163265306123
-0.8611111111111112,-1.0,0.8939879164052956,-0.5918367346938775
0.7222222222222222,0.0,0.135956948066955,-0.9591836734693877
0.7777777777777778,0.0,-0.15072578603893602,-0.1836734693877551
-0.5833333333333334,-1.0,-0.2938470511846985,0.6122448979591837
-0.08333333333333333,-1.0,0.3903617374844553,0.5102040816326531
0.2777777777777778,-1.0,0.07258960898896188,0.32653061224489793
-0.7222222222222222,0.0,0.2327577668460497,-0.40816326530612246
0.6666666666666666,-1.0,-0.9376781449811262,0.20408163265306123
-0.25,0.0,-0.7716222611068925,0.8979591836734694
0.2222222222222222,0.0,0.9223150318597511,-0.061224489795918366
-0.6388888888888888,0.0,-0.06064908052428274,0.4897959183673469
0.9444444444444444,-1.0,-0.37400816578075646,0.7959183673469388
0.6944444444444444,-1.0,0.44043492136859363,-0.12244897959183673
-0.5833333333333334,-1.0,0.46667106870481034,-0.2857142857142857
-0.6388888888888888,-1.0,0.24497342269470765,-0.4897959183673469
-0.2777777777777778,0.0,-0.29082064996093193,0.12244897959183673
0.5,-1.0,0.5887285813331572,-0.02040816326530612
0.4722222222222222,0.0,0.30922116940143285,0.9795918367346939
-0.4444444444444444,0.0,-0.4304422947824843,0.7959183673469388
0.7777777777777778,0.0,-0.48094467738562957,1.0
0.2777777777777778,-1.0,-0.184984647891974,-0.4897959183673469
0.1388888888888889,0.0,-0.47098506608559765,0.32653061224489793
0.6111111111111112,-1.0,-0.7796009552422771,0.5510204081632653
0.3611111111111111,-1.0,0.4465977747697184,0.5714285714285714
0.2777777777777778,0.0,0.011170171789538556,0.3877551020408163
-0.9722222222222222,0.0,-0.9117721505056842,0.2653061224489796
-0.7777777777777778,0.0,0.2938250409939802,0.2653061224489796
-0.7777777777777778,-1.0,-0.5614909703192578,-0.9795918367346939
-0.9722222222222222,0.0,-0.13296356212926586,0.3673469387755102
-0.3888888888888889,-1.0,-0.2808610386609,-0.6326530612244898
0.2777777777777778,-1.0,0.8296631340310564,-1.0204081632653061
-0.1111111111111111,-1.0,-0.3260589653009343,0.46938775510204084
-1.0,0.0,-0.09506201371234882,-0.5918367346938775
-0.25,0.0,-0.49429385805628007,0.3673469387755102
-0.8333333333333334,0.0,0.3944446278627004,0.12244897959183673
0.8055555555555556,-1.0,0.49099232944853466,0.2653061224489796
0.5277777777777778,-1.0,0.780459352680291,-0.5102040816326531
-0.7777777777777778,0.0,-0.2774164438134856,-0.16326530612244897
-0.25,-1.0,-0.9409686684935125,-0.08163265306122448
0.1111111111111111,-1.0,-0.8912916680423036,-0.7142857142857143
-0.1111111111111111,-1.0,0.24507246855294001,0.42857142857142855
-0.8055555555555556,-1.0,0.3744043492136859,-0.1836734693877551
0.3888888888888889,0.0,-0.8119449305028228,1.0
-0.6111111111111112,0.0,0.22999548791090274,-0.7551020408163265
0.027777777777777776,0.0,-0.9115300384077828,0.12244897959183673
0.9444444444444444,-1.0,0.004347012666864759,0.42857142857142855
-0.6944444444444444,-1.0,-0.5456766482881574,0.8367346938775511
0.5833333333333334,-1.0,-0.002916350270175091,0.7755102040816326
0.7222222222222222,0.0,0.43347970110161005,0.1836734693877551
-0.9722222222222222,-1.0,0.9502679740719954,-0.5102040816326531
-0.6666666666666666,0.0,0.8487239591931064,-0.04081632653061224
0.2777777777777778,-1.0,0.7321910044350535,0.0
0.3888888888888889,-1.0,0.18688852938910716,-0.3469387755102041
-0.4444444444444444,-1.0,0.08906423674161136,-0.8775510204081632
-0.19444444444444445,0.0,-0.9694828705690735,-0.3673469387755102
-0.05555555555555555,-1.0,-0.5696677561711072,-0.7755102040816326
-0.05555555555555555,-1.0,-0.18366403644887583,0.32653061224489793
-0.5555555555555556,-1.0,-0.7557419085036372,-0.8979591836734694
0.7222222222222222,-1.0,0.23454059229423224,0.16326530612244897
0.75,0.0,-0.5053539788922271,0.14285714285714285
-0.75,-1.0,-0.23161323692869798,-0.14285714285714285
-0.16666666666666666,-1.0,-0.6127086841207479,0.7959183673469388
0.7222222222222222,0.0,0.503747234969791,0.08163265306122448
-0.25,0.0,0.7016958851948452,0.24489795918367346
0.5,0.0,-0.3964805705041434,-0.46938775510204084
0.6388888888888888,0.0,0.2278825096019457,0.42857142857142855
-0.9166666666666666,0.0,0.5195505519055322,-0.7142857142857143
0.0,0.0,0.060406968426381415,0.2857142857142857
0.25,0.0,-0.5099651138477115,-1.0
-0.6944444444444444,-1.0,0.37799201030076923,-0.14285714285714285
0.6666666666666666,-1.0,-0.3852883885238866,-0.04081632653061224
0.2777777777777778,-1.0,-0.09354331055278595,0.42857142857142855
0.9722222222222222,0.0,-0.28378839402643424,0.10204081632653061
0.4722222222222222,0.0,0.31575819604476874,0.3673469387755102
0.75,-1.0,-0.6299976889299745,-0.9183673469387755
0.4444444444444444,-1.0,-0.16574774120417754,0.4897959183673469
-0.75,-1.0,0.6370079346737539,-0.6530612244897959
-0.6388888888888888,0.0,0.6717620258179537,0.6326530612244898
0.1388888888888889,-1.0,-0.8607525284206587,-0.5510204081632653
0.3055555555555556,0.0,0.5379950917274698,0.24489795918367346
-0.5833333333333334,-1.0,-0.05116268832469433,0.7959183673469388
0.6666666666666666,0.0,-0.7103679003378565,-0.8163265306122449
0.3055555555555556,0.0,0.449844277900668,-0.22448979591836735
-0.6388888888888888,0.0,0.4789857704117006,0.6326530612244898
-0.8055555555555556,0.0,0.4432742359712547,-0.7551020408163265
-0.08333333333333333,-1.0,-0.22636380644238283,0.5102040816326531
-0.9722222222222222,0.0,-0.5869897762664114,-0.5714285714285714
-0.6111111111111112,0.0,-0.9056423123906369,-0.10204081632653061
0.3888888888888889,0.0,-0.7489297544763225,-0.14285714285714285
1.0,0.0,-0.48090065700419293,0.4489795918367347
-0.5555555555555556,-1.0,0.9950367019930227,-0.9387755102040817
-0.4722222222222222,-1.0,-0.3414660988037461,-0.673469387755102
0.9444444444444444,-1.0,0.9723882157438895,0.7142857142857143
-0.5277777777777778,0.0,-0.0410049853081977,-0.2857142857142857
-0.16666666666666666,-1.0,-0.6596894362089647,-0.4897959183673469
0.4722222222222222,0.0,0.20543211506927708,-0.7755102040816326
0.6111111111111112,-1.0,-0.18289367977373525,-0.5306122448979592
0.3611111111111111,-1.0,0.9268711413384397,0.6326530612244898
-0.7777777777777778,0.0,0.9138851288146411,-0.14285714285714285
-0.5,-1.0,0.31659458329206425,-0.7346938775510204
0.6944444444444444,-1.0,-0.7133172658941089,0.16326530612244897
-0.6111111111111112,0.0,-0.7001771820352823,0.5306122448979592
0.5833333333333334,-1.0,-0.48047145828518606,-0.8775510204081632
0.9444444444444444,0.0,-0.766780019148866,-0.22448979591836735
0.3611111111111111,-1.0,-0.9587749127846192,0.10204081632653061
0.3611111111111111,-1.0,-0.18154005304455964,0.1836734693877551
-0.6111111111111112,-1.0,-0.5643743053033554,0.2653061224489796
0.6666666666666666,-1.0,-0.09597543662715838,-0.8775510204081632
-0.8888888888888888,0.0,0.07241352746321547,-0.3877551020408163
-0.16666666666666666,0.0,0.2855602143792576,0.9591836734693877
0.1111111111111111,0.0,0.6301517602650027,0.2653061224489796
0.05555555555555555,0.0,0.4733951819692518,-1.0
-0.9166666666666666,-1.0,-0.032255934497672424,-0.42857142857142855
-0.25,-1.0,-0.4923019357962737,-0.10204081632653061
0.027777777777777776,-1.0,0.5164471150142516,-0.24489795918367346
0.3055555555555556,-1.0,-0.1833999141602562,0.9795918367346939
0.9444444444444444,0.0,-0.5136518207930272,-0.7551020408163265
0.8611111111111112,-1.0,0.4704017960315626,0.14285714285714285
-0.08333333333333333,0.0,-0.18002134988499674,-0.8367346938775511
0.8611111111111112,-1.0,-0.2480328392045517,0.10204081632653061
-0.4166666666666667,0.0,-0.84439895671696,0.5918367346938775
0.9722222222222222,-1.0,-0.38495823566311205,0.8979591836734694
-0.9444444444444444,0.0,0.1735943741952524,-0.9387755102040817
0.8055555555555556,-1.0,-0.11994453431938988,0.04081632653061224
-0.8333333333333334,-1.0,-0.5165681710632023,-0.5510204081632653
-0.8888888888888888,0.0,-0.6575544477092894,-0.42857142857142855
-0.6388888888888888,0.0,0.1534660547833647,0.30612244897959184
-1.0,0.0,0.7500192589168785,0.061224489795918366
0.2777777777777778,-1.0,-0.6959182101312907,0.14285714285714285
0.9444444444444444,-1.0,0.16390989027919928,-0.6530612244897959
-0.7222222222222222,-1.0,0.9365776354452111,-0.10204081632653061
0.1111111111111111,-1.0,-0.41622371157846083,-0.5714285714285714
-0.16666666666666666,-1.0,-0.0059867718753783,-0.8367346938775511
-0.3055555555555556,-1.0,-0.5259445123091991,-0.3673469387755102
0.1111111111111111,-1.0,-0.34747488086984274,0.7959183673469388
-0.027777777777777776,-1.0,-0.4758933386157791,-0.02040816326530612
-0.8333333333333334,-1.0,0.16991867234529587,0.6122448979591837
-0.4722222222222222,-1.0,-0.9690206565639892,-0.14285714285714285
-0.8333333333333334,-1.0,0.916053132600394,0.9795918367346939
-0.5833333333333334,-1.0,-0.0542881354066933,-0.8163265306122449
0.4722222222222222,-1.0,-0.6537686949057414,-0.5306122448979592
-0.3333333333333333,0.0,0.10279859574983218,-0.7551020408163265
0.3333333333333333,0.0,0.22766240769476268,0.5714285714285714
-0.1111111111111111,0.0,-0.32859013723353914,-0.5714285714285714
0.6388888888888888,-1.0,-0.31538402280255756,0.6326530612244898
0.6111111111111112,0.0,-0.34932373689018015,-0.02040816326530612
-0.9166666666666666,-1.0,0.6587099827220003,-0.7755102040816326
-0.25,0.0,0.5100861698966621,0.061224489795918366
0.25,0.0,0.6029801798232581,0.7959183673469388
0.3888888888888889,-1.0,-0.2818955176246602,-0.40816326530612246
-0.3888888888888889,0.0,0.10341488108994465,0.6530612244897959
0.9722222222222222,-1.0,0.2979079313722253,0.22448979591836735
0.6388888888888888,0.0,-0.33694300461113497,0.8571428571428571
0.05555555555555555,-1.0,-0.9361594418215634,-0.6326530612244898
-0.027777777777777776,0.0,0.9502899842627136,-0.8571428571428571
0.4166666666666667,0.0,-0.09759318564495362,-0.5510204081632653
-0.19444444444444445,-1.0,0.6281048125282006,1.0
1.0,-1.0,0.9645635929435329,0.5306122448979592
-0.8888888888888888,0.0,0.8610386608999967,0.42857142857142855
0.9722222222222222,0.0,-0.5871768628875169,0.9591836734693877
-0.6388888888888888,0.0,0.7514169060274908,0.6530612244897959
0.5,-1.0,-0.21970572375009628,-0.2857142857142857
0.6111111111111112,0.0,-0.8674766416851002,0.40816326530612246
0.9166666666666666,-1.0,0.046991757183576,-0.5102040816326531
-0.7777777777777778,-1.0,0.1669803118844025,0.7142857142857143
0.3611111111111111,0.0,-0.4528926893151529,-0.8979591836734694
0.4722222222222222,0.0,0.9280817018279464,-0.5714285714285714
0.5833333333333334,-1.0,-0.04505486040036537,0.4897959183673469
0.3611111111111111,-1.0,-0.25688093587330935,-0.4489795918367347
-0.6944444444444444,-1.0,-0.14096426645536883,-0.8571428571428571
-0.3611111111111111,-1.0,-0.5693376033103327,0.40816326530612246
0.05555555555555555,-1.0,-0.8332177798320622,-0.16326530612244897
-0.5277777777777778,-1.0,0.7203055014471701,0.2653061224489796
0.5277777777777778,-1.0,-0.11954835088646043,0.08163265306122448
0.08333333333333333,-1.0,-0.5690514708309947,-0.9795918367346939
-0.3055555555555556,-1.0,0.7723045770191599,0.16326530612244897
0.027777777777777776,-1.0,-0.6197959655320413,-0.4897959183673469
0.9722222222222222,0.0,0.4840040938954736,-0.5714285714285714
0.4166666666666667,0.0,0.39055982920092003,-1.0
-0.7222222222222222,0.0,-0.6705404602330879,-0.30612244897959184
0.0,0.0,-0.8763137332584987,-1.0204081632653061
-0.5,-1.0,-0.18837421726259257,0.5714285714285714
-0.8055555555555556,0.0,-0.38028107013547274,-0.1836734693877551
-0.5,0.0,-0.5723860147248175,-0.08163265306122448
-0.3611111111111111,-1.0,0.7660096624737254,-0.3673469387755102
0.1388888888888889,-1.0,0.5177567213619906,-0.3469387755102041
0.0,-1.0,0.05689634300681216,0.12244897959183673
0.6944444444444444,0.0,-0.7318058260974831,-0.8163265306122449
-0.3333333333333333,-1.0,-0.6320006162853401,0.2653061224489796
0.3055555555555556,0.0,0.6962043426106287,0.0
-0.3055555555555556,0.0,0.9544168950223954,0.3469387755102041
0.08333333333333333,0.0,-0.44112824237622017,-0.673469387755102
0.8333333333333334,0.0,0.3053473758350116,0.0
0.5833333333333334,0.0,0.33780140204914877,0.8367346938775511
0.5555555555555556,-1.0,-0.22687004082890377,0.20408163265306123
0.3611111111111111,-1.0,0.5773493127317948,-0.9795918367346939
-0.9444444444444444,-1.0,-0.20937193920785324,-0.2857142857142857
0.5277777777777778,0.0,0.6726754487327633,0.1836734693877551
-0.08333333333333333,0.0,-0.5526758889365776,0.08163265306122448
-0.6944444444444444,-1.0,-0.813122475706252,0.7346938775510204
0.3333333333333333,-1.0,0.9176378663321118,-0.4489795918367347
-0.19444444444444445,-1.0,-0.89509943103657,0.7142857142857143
-0.4166666666666667,-1.0,0.5782627356466044,-0.10204081632653061
-0.8055555555555556,-1.0,-0.005689634300681215,-0.02040816326530612
-0.9722222222222222,0.0,0.7175212123213047,-0.30612244897959184
0.08333333333333333,-1.0,0.694190410159904,0.7959183673469388
0.3611111111111111,-1.0,0.36940803592063126,0.24489795918367346
-0.7777777777777778,0.0,-0.2324936445574301,0.061224489795918366
0.3333333333333333,-1.0,0.680147908481627,0.8571428571428571
-0.19444444444444445,0.0,0.9861445849428285,0.12244897959183673
0.8055555555555556,0.0,-0.5089526450746695,0.3673469387755102
-0.6111111111111112,-1.0,-0.8965851189100553,0.4489795918367347
-0.4722222222222222,0.0,-0.6258377628842154,0.5918367346938775
0.8611111111111112,0.0,0.460827363069101,0.08163265306122448
0.6111111111111112,-1.0,0.32387995641982237,0.24489795918367346
0.8055555555555556,-1.0,0.24562272332089757,-0.40816326530612246
0.6388888888888888,0.0,-0.7213289753155712,0.08163265306122448
0.4444444444444444,0.0,-0.5497375284756842,-0.24489795918367346
0.7222222222222222,0.0,-0.19083935862304247,0.7346938775510204
0.3611111111111111,-1.0,-0.7737132292251312,0.08163265306122448
0.7777777777777778,0.0,-0.4183366898874179,-0.2653061224489796
0.4444444444444444,0.0,0.6918463248484048,0.40816326530612246
-0.5833333333333334,-1.0,-0.4699725973125557,-0.673469387755102
-0.5833333333333334,0.0,-0.16524150681765656,-0.7346938775510204
-0.5833333333333334,-1.0,-0.7100927729538776,-0.40816326530612246
0.05555555555555555,0.0,0.22039904475772282,-0.6530612244897959
-0.8333333333333334,0.0,-0.08820583930359757,0.3877551020408163
-0.5833333333333334,0.0,0.44708199896552103,-0.061224489795918366
-0.9444444444444444,0.0,-0.16780569403633883,-0.3877551020408163
0.25,-1.0,0.7846632991074868,0.14285714285714285
-1.0,0.0,-0.7411711622481209,0.5306122448979592
-1.0,0.0,-0.8039992516535156,0.7142857142857143
-0.4166666666666667,-1.0,-0.4894296059075352,-0.6326530612244898
-0.5277777777777778,0.0,0.6522720019368968,0.32653061224489793
-0.05555555555555555,0.0,-0.9279716508743548,0.5918367346938775
-0.2222222222222222,-1.0,0.7935774263483993,-0.3469387755102041
-0.4722222222222222,-1.0,-0.49590060197871616,0.0
-0.05555555555555555,-1.0,0.6530973840888331,0.8367346938775511
0.8888888888888888,-1.0,-0.41461696765602474,0.16326530612244897
0.3888888888888889,0.0,0.5658269778907634,-0.5102040816326531
-0.1111111111111111,-1.0,-0.008506938712623945,0.08163265306122448
-0.2777777777777778,0.0,0.7407749788151914,0.7755102040816326
0.8888888888888888,-1.0,0.28107013547272386,0.30612244897959184
-0.5277777777777778,-1.0,-0.2176917912993716,0.16326530612244897
0.5833333333333334,-1.0,-0.665313039937491,-0.5102040816326531
0.19444444444444445,0.0,-0.41127141866684275,0.14285714285714285
-0.3333333333333333,0.0,0.7278219815774704,-0.8163265306122449
0.7777777777777778,-1.0,0.8171503406077014,-0.2653061224489796
0.7222222222222222,0.0,0.6374261282974018,0.7755102040816326
-0.08333333333333333,0.0,-0.3975920851354177,1.0
0.027777777777777776,-1.0,0.886812594231129,0.9591836734693877
0.7222222222222222,-1.0,-0.5283216129067758,0.3877551020408163
0.8611111111111112,0.0,-0.9759758768309728,-1.0
-0.3333333333333333,0.0,0.9489913830103338,0.7755102040816326
-0.16666666666666666,0.0,0.4655485489781769,-0.9387755102040817
-1.0,-1.0,0.4854677715782407,-0.2653061224489796
-0.9444444444444444,-1.0,-0.5069827330053814,0.16326530612244897
0.9444444444444444,0.0,0.06662484730430189,-0.14285714285714285
0.7222222222222222,0.0,-0.5955077200743945,0.12244897959183673
-0.5555555555555556,-1.0,0.5588277372423432,-0.7959183673469388
0.7222222222222222,0.0,-0.5920631252269801,0.3469387755102041
-0.1388888888888889,0.0,-0.5600382977318499,0.12244897959183673
-0.5277777777777778,-1.0,-0.3229995487910903,0.5510204081632653
-0.19444444444444445,0.0,-0.2184401377837939,-0.7551020408163265
0.6944444444444444,0.0,0.24319059724652514,-0.8979591836734694
0.3333333333333333,0.0,0.8434195032299955,-0.7551020408163265
-0.7777777777777778,-1.0,0.8206719711226298,0.6326530612244898
-0.3611111111111111,0.0,0.19061925671585944,-0.04081632653061224
1.0,0.0,-0.012380732279045199,-0.7346938775510204
0.25,-1.0,-0.4314437584601671,-0.673469387755102
-0.4444444444444444,0.0,-0.7546413989677221,0.8367346938775511
-0.5833333333333334,0.0,0.7791057259511154,-0.5510204081632653
-0.8611111111111112,-1.0,-0.08296741391264155,-0.1836734693877551
-0.4722222222222222,0.0,0.07293076694509558,0.7755102040816326
-0.2222222222222222,0.0,-0.6448105472833923,-0.12244897959183673
-0.7222222222222222,0.0,0.7180054365171075,-0.5102040816326531
-0.16666666666666666,-1.0,0.7361748489550662,0.5918367346938775
-0.027777777777777776,-1.0,-0.863536817546524,-0.4489795918367347
-0.6944444444444444,0.0,0.26648838412184844,0.24489795918367346
0.25,0.0,-0.8474143528453674,-0.5306122448979592
-0.6388888888888888,0.0,-0.46388677957894503,-0.22448979591836735
0.3333333333333333,-1.0,0.09933199071169951,0.22448979591836735
-0.9166666666666666,-1.0,-0.0045781196694069356,1.0
-0.4166666666666667,-1.0,-0.9273773757249607,-0.5510204081632653
-0.6111111111111112,-1.0,0.26641134845433434,-0.8571428571428571
0.027777777777777776,-1.0,-0.7634674854457614,-0.10204081632653061
0.8611111111111112,-1.0,0.5954857098836761,-0.32653061224489793
-0.027777777777777776,-1.0,0.7062079742920973,0.02040816326530612
-0.3611111111111111,0.0,0.033807652943312755,-0.9183673469387755
-0.4166666666666667,-1.0,-0.7170589983162204,-0.10204081632653061
-0.5833333333333334,0.0,0.13470236719601175,0.2653061224489796
-0.4166666666666667,0.0,-0.9330229896442053,-0.22448979591836735
-0.2222222222222222,-1.0,0.23270274136925395,-0.5714285714285714
-0.6388888888888888,0.0,-0.27696523490376046,-0.30612244897959184
0.05555555555555555,-1.0,0.2202009530412581,-0.08163265306122448
0.7222222222222222,-1.0,-0.6949057413582489,-0.32653061224489793
-1.0,0.0,-0.3492246910319478,0.04081632653061224
-0.75,0.0,-0.03988246558156426,-0.04081632653061224
0.4166666666666667,-1.0,-0.35062233814256,0.1836734693877551
0.027777777777777776,0.0,-0.541351645812011,-0.22448979591836735
-0.8055555555555556,0.0,-0.4309595342643644,-0.40816326530612246
0.2222222222222222,0.0,0.753617925099321,-0.9795918367346939
-0.3333333333333333,0.0,0.7457052615360912,-0.16326530612244897
-0.6388888888888888,0.0,-0.3725775033840668,0.8163265306122449
0.8888888888888888,-1.0,-0.3316495537433832,0.8163265306122449
-0.5555555555555556,0.0,-0.0935983360295817,-0.42857142857142855
-0.05555555555555555,-1.0,0.6252324826394621,0.5714285714285714
-0.6944444444444444,0.0,-0.10998492301935796,0.5510204081632653
-0.5555555555555556,-1.0,-0.03762642103293825,0.8979591836734694
0.2777777777777778,0.0,-0.4454202295662892,-0.02040816326530612
0.19444444444444445,-1.0,-0.3882377540801391,-0.4897959183673469
-0.2777777777777778,-1.0,-0.8560533527023012,0.9591836734693877
0.5,0.0,-0.31871856669638043,-0.1836734693877551
-0.08333333333333333,-1.0,-0.2825778335369276,-0.3877551020408163
0.3055555555555556,-1.0,-0.8216514246095943,0.061224489795918366
0.08333333333333333,0.0,-0.7998063103216789,0.16326530612244897
-0.3611111111111111,-1.0,0.9963132930546843,-0.04081632653061224
0.16666666666666666,-1.0,0.8265596971397757,-0.08163265306122448
-0.4722222222222222,0.0,-0.2657180274467078,0.30612244897959184
0.8333333333333334,0.0,0.17237280861038662,0.30612244897959184
-0.6388888888888888,-1.0,0.5620192148964971,0.6530612244897959
-0.3888888888888889,-1.0,0.7452100322449294,0.8571428571428571
-0.5833333333333334,0.0,-0.12236565529840317,-0.1836734693877551
0.8611111111111112,-1.0,-0.9802788691164009,0.8775510204081632
-0.6944444444444444,-1.0,0.9357192380071974,-0.6122448979591837
0.19444444444444445,0.0,-0.8275061353406628,-0.04081632653061224
-0.6666666666666666,0.0,-0.31736493996720483,0.6530612244897959
-0.9444444444444444,-1.0,-0.3750206345537984,-0.5918367346938775
-0.4444444444444444,0.0,-0.9249452496505882,0.2653061224489796
-0.6944444444444444,-1.0,-0.1574168840173,-0.9183673469387755
0.8888888888888888,-1.0,0.10162105054640298,0.9591836734693877
0.8888888888888888,0.0,0.5775914248296962,-0.7142857142857143
0.8333333333333334,0.0,0.3840778280343799,0.5510204081632653
-0.2222222222222222,0.0,0.5177016958851949,0.24489795918367346
-0.7222222222222222,-1.0,0.2648266147226166,-0.2653061224489796
0.8055555555555556,0.0,0.8369044867773779,-0.32653061224489793
0.08333333333333333,0.0,0.841350545302475,-0.9591836734693877
-0.2222222222222222,-1.0,-0.5581234111393575,0.7142857142857143
-0.7777777777777778,-1.0,0.6381304544003874,0.4489795918367347
-0.7222222222222222,-1.0,-0.1462357071324023,-0.20408163265306123
-0.6111111111111112,0.0,-0.8442338802865726,1.0
0.6944444444444444,0.0,-0.4632814993341917,0.8571428571428571
0.75,-1.0,-0.04189639803228895,0.30612244897959184
0.6388888888888888,0.0,-0.5075109775826208,0.6122448979591837
-0.4722222222222222,0.0,-0.45030649190575234,-0.14285714285714285
0.08333333333333333,-1.0,-0.47111712722990745,0.24489795918367346
0.75,0.0,0.8594649322636381,0.1836734693877551
0.027777777777777776,0.0,0.3448446630790056,-0.8571428571428571
0.16666666666666666,-1.0,-0.09538116147776421,0.8775510204081632
0.5555555555555556,-1.0,0.6799168014790848,0.8775510204081632
0.9722222222222222,0.0,0.02147094104570416,0.30612244897959184
-0.4722222222222222,-1.0,0.7690910891742877,-0.3877551020408163
-0.6944444444444444,-1.0,-0.5663552224680027,-0.42857142857142855
-0.3888888888888889,-1.0,0.023308791970682426,0.6122448979591837
-0.9722222222222222,-1.0,0.5363773427096746,0.5306122448979592
0.8333333333333334,-1.0,-0.45296972498266697,0.16326530612244897
0.4444444444444444,0.0,0.28204958895968835,-0.9591836734693877
0.8055555555555556,0.0,0.32562976658192744,0.7142857142857143
0.25,0.0,-0.2830950730188077,-0.2857142857142857
-0.2777777777777778,-1.0,-0.6683504462566168,-0.22448979591836735
0.0,-1.0,-0.21655826647737902,-0.9591836734693877
0.16666666666666666,-1.0,0.4473461212541407,-0.42857142857142855
0.6388888888888888,-1.0,-0.6867179504110403,0.3673469387755102
-0.5833333333333334,-1.0,-0.4941397867212519,-0.3673469387755102
0.3888888888888889,-1.0,-0.9586428516403095,-1.0
0.3611111111111111,-1.0,0.7205586186404305,0.5306122448979592
0.5,0.0,0.836695389965554,0.9183673469387755
0.3055555555555556,-1.0,-0.610463644667481,-0.7142857142857143
-0.5833333333333334,-1.0,-0.5458087094324673,0.9591836734693877
-0.3333333333333333,0.0,-0.2726622426183323,0.3877551020408163
0.6666666666666666,-1.0,0.1752451384991251,0.8163265306122449
0.4444444444444444,0.0,-0.8881772260556637,0.12244897959183673
-0.08333333333333333,-1.0,0.25601153333993637,-0.2857142857142857
0.3611111111111111,0.0,0.8101841152453586,-0.6938775510204082
0.2222222222222222,0.0,-0.11915216745353098,-0.8979591836734694
-0.5833333333333334,0.0,0.7837828914787547,0.9183673469387755
0.6388888888888888,0.0,0.4699395820264783,0.10204081632653061
-0.08333333333333333,-1.0,0.21960667789186394,0.6326530612244898
0.2777777777777778,0.0,0.9740719953338396,0.8979591836734694
0.1388888888888889,0.0,-0.07819120252676989,-0.04081632653061224
-0.2777777777777778,-1.0,-0.2061474462676219,0.1836734693877551
0.0,-1.0,0.5197596487173561,0.40816326530612246
0.2777777777777778,-1.0,0.7405768870987267,0.9387755102040817
-0.6666666666666666,-1.0,-0.3345659040135583,0.8979591836734694
0.6666666666666666,-1.0,0.9083825811350655,0.9795918367346939
-0.8055555555555556,0.0,-0.4770048532470534,0.40816326530612246
-0.6388888888888888,-1.0,0.6740070652712206,-0.2857142857142857
-0.3611111111111111,0.0,0.8199346297335667,-0.2653061224489796
-0.1388888888888889,0.0,-0.5383142394928853,-0.8775510204081632
0.1111111111111111,0.0,-0.5466340915844036,-1.0
0.8333333333333334,-1.0,0.5854930832975668,0.6938775510204082
-0.5555555555555556,0.0,-0.6468685001155535,-0.24489795918367346
-0.9166666666666666,0.0,-0.7532107365710324,0.2653061224489796
0.9722222222222222,0.0,-0.4368582653768695,-0.5306122448979592
0.6388888888888888,0.0,0.2439939692077432,0.46938775510204084
-0.5555555555555556,0.0,0.7503604168730122,-0.7755102040816326
-0.3055555555555556,0.0,0.6502140491047355,0.3877551020408163
-0.25,-1.0,0.7659986573783661,0.7346938775510204
0.027777777777777776,0.0,0.3377903969537896,-0.12244897959183673
-0.4444444444444444,0.0,-0.5520155832150285,-0.12244897959183673
0.6944444444444444,-1.0,-0.492180879747323,-0.22448979591836735
-0.8055555555555556,-1.0,0.5966962703731827,0.4897959183673469
0.3611111111111111,0.0,-0.7735041324133074,-0.16326530612244897
0.2222222222222222,-1.0,0.5484719425093818,0.9591836734693877
-0.3611111111111111,0.0,-0.25613258938888706,0.6938775510204082
0.3611111111111111,0.0,-0.7504374525405263,-0.9591836734693877
-0.3611111111111111,-1.0,0.5991173913521961,0.5918367346938775
-0.8333333333333334,-1.0,0.9392628787128441,0.7959183673469388
-0.16666666666666666,0.0,-0.7028294100168377,0.40816326530612246
0.3333333333333333,-1.0,-0.6398912696578516,-0.4489795918367347
-0.6666666666666666,0.0,-0.9499928466880165,-0.3877551020408163
-0.8333333333333334,0.0,-0.07382217966918683,-0.02040816326530612
0.4444444444444444,-1.0,0.7399936170446917,-0.8775510204081632
0.3611111111111111,-1.0,0.8590357335446311,-0.12244897959183673
0.16666666666666666,-1.0,-0.9758768309727404,0.8163265306122449
0.16666666666666666,0.0,-0.6411788658148723,0.8163265306122449
-0.6111111111111112,-1.0,0.34981896618134195,-0.6938775510204082
-0.8888888888888888,0.0,0.4038980047762114,0.5918367346938775
0.9166666666666666,-1.0,-0.6466043778269339,-0.061224489795918366
-0.6666666666666666,0.0,0.29820506894692245,0.673469387755102
0.5833333333333334,0.0,0.4679696699571902,0.2857142857142857
0.3055555555555556,0.0,0.03490816247922788,-0.7346938775510204
0.25,0.0,-0.3218660239690977,-0.673469387755102
-0.9444444444444444,0.0,0.8173814476102436,-0.9591836734693877
0.08333333333333333,-1.0,-0.046463512606336736,0.4897959183673469
-0.3888888888888889,-1.0,-0.3560918705360582,1.0
-0.9722222222222222,0.0,0.5494513959963463,0.20408163265306123
0.3611111111111111,-1.0,0.6127196892161071,-0.7959183673469388
0.0,0.0,0.38741237192820277,1.0
-0.4166666666666667,0.0,0.20915183730067022,0.02040816326530612
0.6388888888888888,-1.0,0.9210824611795261,0.12244897959183673
-0.2222222222222222,0.0,-0.06035194294958566,-0.2857142857142857
-0.9444444444444444,-1.0,0.22132347276789152,-0.6530612244897959
-0.7777777777777778,-1.0,-0.4034467958664862,-0.7959183673469388
-0.8055555555555556,-1.0,0.29752275303465503,-0.24489795918367346
-1.0,0.0,0.21580991999295673,-0.4897959183673469
0.7222222222222222,0.0,-0.6935080942476367,-0.061224489795918366
0.2777777777777778,0.0,0.44313116973158573,0.02040816326530612
0.7777777777777778,0.0,-0.6244731310596806,0.3673469387755102
-0.1111111111111111,-1.0,-0.772238546447005,-0.9795918367346939
0.8888888888888888,-1.0,0.2090858067285153,0.30612244897959184
0.3888888888888889,-1.0,0.9680522081723838,-0.7755102040816326
-0.7222222222222222,-1.0,-0.8581883412019765,-0.10204081632653061
-0.4166666666666667,-1.0,0.53124896827231,0.5918367346938775
1.0,0.0,-0.6767363289202901,-0.42857142857142855
-0.5555555555555556,0.0,-0.06509513904937986,-0.7551020408163265
0.5555555555555556,-1.0,0.6242750393432159,1.0
0.6944444444444444,-1.0,0.72393718291569,0.2653061224489796
-0.6388888888888888,0.0,-0.2860114232889828,0.8163265306122449
0.8888888888888888,-1.0,-0.5387874585933287,-0.16326530612244897
0.6944444444444444,-1.0,0.5121221125381051,-1.0204081632653061
-0.1388888888888889,-1.0,0.25081712833041697,-0.5714285714285714
-0.4722222222222222,-1.0,-0.44916196198840064,-0.3469387755102041
0.19444444444444445,0.0,-0.182585537103679,0.8775510204081632
-0.7222222222222222,-1.0,0.16514246095942423,0.42857142857142855
-0.8611111111111112,0.0,-0.8768859982171745,0.6122448979591837
-0.6666666666666666,-1.0,-0.1701387742524789,0.1836734693877551
-0.5277777777777778,0.0,0.23200942036162744,-1.0
-0.9166666666666666,0.0,-0.5666523600426998,-0.7142857142857143
0.5555555555555556,0.0,0.7896816225912597,0.14285714285714285
0.6111111111111112,-1.0,0.9634740885029769,-0.061224489795918366
0.5833333333333334,-1.0,0.5425732113968768,0.5306122448979592
0.08333333333333333,0.0,0.10848823005051339,0.02040816326530612
0.9166666666666666,-1.0,0.8146411788658149,0.5918367346938775
0.5555555555555556,0.0,0.4773350061078279,0.3673469387755102
-0.1111111111111111,-1.0,-0.25147743405196604,-0.7142857142857143
0.3611111111111111,0.0,0.3371851167090363,-1.0
-0.3611111111111111,-1.0,0.9889398791640529,0.20408163265306123
0.8888888888888888,0.0,0.32351678827297037,-0.14285714285714285
0.027777777777777776,0.0,-0.5274302001826846,-0.02040816326530612
1.0,-1.0,-0.7081338659799488,-0.46938775510204084
-0.75,0.0,0.9375570889321756,0.9591836734693877
0.5555555555555556,-1.0,0.15148513761871746,0.9183673469387755
-0.08333333333333333,-1.0,-0.15878151584183478,-0.3673469387755102
0.3055555555555556,-1.0,-0.9160421275050349,-0.9387755102040817
-0.6388888888888888,-1.0,0.9888408333058206,-0.5510204081632653
-0.5833333333333334,0.0,-0.21618409323516788,-0.30612244897959184
0.4166666666666667,-1.0,0.012446762851200105,-0.5918367346938775
-0.1111111111111111,0.0,-0.7252137739773515,-0.40816326530612246
0.2777777777777778,0.0,0.5590038187680896,-0.24489795918367346
-0.9444444444444444,0.0,0.08962549660492808,-0.8367346938775511
0.8333333333333334,0.0,-0.893943896023859,-0.5306122448979592
-0.8333333333333334,-1.0,0.7967248836211166,-0.40816326530612246
-0.1388888888888889,0.0,0.4171371344932704,0.04081632653061224
-0.5277777777777778,0.0,0.341455093708387,-0.1836734693877551
0.2777777777777778,-1.0,0.5167882729703853,0.0
0.75,-1.0,0.14163557727227707,-0.10204081632653061
-0.1388888888888889,-1.0,0.701607844431972,-0.5714285714285714
-0.2222222222222222,-1.0,0.03435790771127032,0.08163265306122448
0.05555555555555555,-1.0,0.2171745518174915,-0.8979591836734694
-1.0,0.0,-0.8477335006107828,0.8979591836734694
0.5,0.0,0.04924780173220201,0.42857142857142855
-0.3888888888888889,-1.0,0.03052813452628567,0.8367346938775511
0.2222222222222222,-1.0,0.7478622602264848,-0.22448979591836735
-1.0,-1.0,-0.5162380182024278,-0.14285714285714285
-0.5,0.0,0.4806915601923691,0.7142857142857143
-0.8888888888888888,-1.0,0.4763555526208635,0.02040816326530612
-0.8611111111111112,-1.0,0.20625749722121342,0.7142857142857143
-0.6111111111111112,0.0,-0.9323846941133745,0.5102040816326531
0.8888888888888888,-1.0,0.20733599656641025,0.12244897959183673
0.9722222222222222,-1.0,-0.9175278153785202,0.3673469387755102
0.7777777777777778,0.0,0.007131301792730034,0.16326530612244897
0.5277777777777778,0.0,-0.4385970704436154,-1.0
0.6944444444444444,-1.0,0.2612499587308924,0.5102040816326531
0.19444444444444445,-1.0,0.7033356444033587,-0.42857142857142855
-0.1111111111111111,0.0,-0.8469301286495647,0.20408163265306123
-0.4722222222222222,-1.0,-0.32684032707143407,-0.8979591836734694
0.1111111111111111,-1.0,0.5786809292702522,0.12244897959183673
0.3611111111111111,0.0,0.9544279001177545,0.22448979591836735
0.3333333333333333,-1.0,-0.16831192842285977,0.9795918367346939
-0.9722222222222222,-1.0,0.8690063499400222,-0.673469387755102
0.8888888888888888,-1.0,-0.8682139830741633,-0.6326530612244898
0.2777777777777778,-1.0,0.49632980069772303,-0.9795918367346939
0.1111111111111111,-1.0,0.2475376099133899,0.42857142857142855
-0.4722222222222222,0.0,-0.6787172460849373,0.6530612244897959
-0.75,0.0,-0.9795965532041335,-0.061224489795918366
-0.5833333333333334,0.0,-0.0747576127747147,0.02040816326530612
0.25,-1.0,0.706262999768893,-0.9387755102040817
-0.5555555555555556,0.0,-0.8958367724256331,0.8163265306122449
-0.05555555555555555,-1.0,-0.4187328733203473,0.8571428571428571
0.75,0.0,0.6419602275853721,0.6530612244897959
0.3055555555555556,-1.0,-0.3189496736989226,-0.2653061224489796
0.8888888888888888,-1.0,0.1526516777267875,0.02040816326530612
-0.6111111111111112,0.0,0.13667227926529985,0.6122448979591837
-0.8888888888888888,0.0,-0.12572220938294432,0.32653061224489793
0.1111111111111111,0.0,0.054101048785587726,-0.5510204081632653
0.3611111111111111,-1.0,0.5042754795470302,-0.3469387755102041
-0.1388888888888889,-1.0,0.12203550243762862,1.0
-0.6111111111111112,0.0,0.27330053814916305,0.061224489795918366
-0.25,0.0,-0.28733203473208097,-0.12244897959183673
-0.25,-1.0,-0.5481968151254031,-0.5714285714285714
0.8611111111111112,-1.0,0.47678475133987036,-0.8571428571428571
-0.75,0.0,-0.6062486931449261,-0.10204081632653061
-0.5555555555555556,-1.0,-0.8603453398923702,0.6326530612244898
-0.6944444444444444,-1.0,0.9968635478226419,-0.8163265306122449
0.4722222222222222,0.0,-0.2996247262482529,-0.6938775510204082
-0.3611111111111111,-1.0,-0.6908338560753629,-0.04081632653061224
0.1388888888888889,0.0,0.6439301396546601,-0.7551020408163265
0.5833333333333334,0.0,0.32425412966203354,-0.20408163265306123
0.1388888888888889,-1.0,0.194878228619851,0.7142857142857143
0.8055555555555556,-1.0,0.9057633684395875,-0.32653061224489793
0.08333333333333333,0.0,0.28404151121969473,-0.3469387755102041
-0.75,-1.0,-0.3757689810382207,0.7551020408163265
-0.4166666666666667,0.0,-0.9358512991515071,0.7959183673469388
-0.3888888888888889,0.0,0.06261899259357083,-0.2653061224489796
0.9166666666666666,0.0,0.9193216459220619,-0.16326530612244897
0.8055555555555556,0.0,0.7973301638658699,0.2857142857142857
-0.75,0.0,-0.08458516293043679,0.7551020408163265
-0.4166666666666667,-1.0,-0.43535056731266575,-0.9387755102040817
-0.05555555555555555,-1.0,0.8423299987894395,0.14285714285714285
0.2222222222222222,0.0,0.9089768562844597,0.14285714285714285
0.7222222222222222,-1.0,0.7200193689678321,0.2653061224489796
-0.7777777777777778,-1.0,-0.6986364686850012,-0.673469387755102
-0.5833333333333334,-1.0,-0.7707088381920829,-0.10204081632653061
-0.8333333333333334,0.0,0.9370508545456546,1.0
-0.6388888888888888,0.0,0.6325948914347342,0.7142857142857143
-0.5555555555555556,-1.0,-0.15036261789208402,0.9795918367346939
-0.5,-1.0,0.5473604278781076,-0.3877551020408163
-0.027777777777777776,-1.0,0.3427316847700485,0.9387755102040817
0.027777777777777776,-1.0,0.21341080920466177,-0.8163265306122449
-0.9722222222222222,0.0,-0.17729208623592724,1.0
-0.4166666666666667,0.0,0.3768694905741358,-1.0204081632653061
0.25,0.0,0.5877051074647561,-0.2857142857142857
0.8055555555555556,-1.0,-0.237577998613358,0.9591836734693877
0.2777777777777778,-1.0,0.35141470500841887,-0.8367346938775511
-0.9444444444444444,0.0,0.30831875158198246,-0.6938775510204082
0.0,0.0,-0.5359371388953085,0.40816326530612246
-0.1111111111111111,-1.0,0.06349940022230292,0.7755102040816326
-0.8333333333333334,-1.0,0.4372214335237215,0.9387755102040817
0.05555555555555555,0.0,0.9207633134141108,0.0
-0.08333333333333333,0.0,0.39500588772601714,0.7346938775510204
-0.027777777777777776,0.0,-0.0812616241319731,0.30612244897959184
0.5555555555555556,0.0,0.9561777102798595,-0.3469387755102041
-0.6944444444444444,-1.0,-0.6885007758592229,-0.2857142857142857
0.8055555555555556,-1.0,-0.7664278560973731,-0.9795918367346939
0.25,0.0,-0.1409972817414463,0.061224489795918366
0.3333333333333333,0.0,0.532910737671542,-0.46938775510204084
0.3055555555555556,-1.0,0.2474935895319533,0.7142857142857143
-0.5555555555555556,-1.0,0.05413406407166518,0.46938775510204084
0.8888888888888888,-1.0,-0.1688951984768948,0.6122448979591837
-1.0,0.0,0.9246040916944546,-0.22448979591836735
-0.9444444444444444,0.0,-0.915910066360725,-0.40816326530612246
0.75,-1.0,-0.8460937414022692,0.6530612244897959
-0.5833333333333334,-1.0,-0.8595639781218705,0.3673469387755102
0.3333333333333333,-1.0,0.6944325222578054,-0.20408163265306123
0.6666666666666666,-1.0,0.8087424477533098,0.673469387755102
0.4444444444444444,-1.0,-0.15102292361363312,0.3877551020408163
-0.25,0.0,0.32262537554887916,-0.46938775510204084
0.6944444444444444,-1.0,-0.47222864186118174,0.8979591836734694
0.5277777777777778,-1.0,0.9680742183631021,-0.2857142857142857
-0.3333333333333333,0.0,-0.8703489715738387,0.10204081632653061
0.16666666666666666,0.0,0.3633002079963023,0.7755102040816326
-0.7222222222222222,-1.0,0.17860169258366623,0.9795918367346939
-0.6111111111111112,-1.0,0.7601439466472977,-0.04081632653061224
0.6944444444444444,0.0,0.9722011291227839,-0.08163265306122448
0.5,0.0,0.05771072006338935,-0.8571428571428571
0.25,0.0,0.4518031848745969,-0.061224489795918366
0.9722222222222222,0.0,0.9249342445552291,-0.8979591836734694
0.3055555555555556,-1.0,-0.9200039618343293,-0.7346938775510204
-0.4166666666666667,-1.0,-0.32576182772623724,-0.08163265306122448
-0.8888888888888888,0.0,-0.7073304940187307,0.12244897959183673
-0.5277777777777778,-1.0,-0.5639341014889894,-0.9795918367346939
-0.7777777777777778,0.0,-0.11100839688775903,-0.8367346938775511
-0.9166666666666666,0.0,-0.44313116973158573,-0.14285714285714285
0.8055555555555556,-1.0,-0.9573882707693662,-0.40816326530612246
-0.16666666666666666,-1.0,-0.929292262317453,-0.5714285714285714
-0.6111111111111112,0.0,0.08633497309254184,0.4489795918367347
-0.05555555555555555,0.0,-0.9200920025972025,0.2857142857142857
0.4722222222222222,0.0,0.6198069706274005,0.6326530612244898
0.3055555555555556,0.0,0.5379290611553149,-0.14285714285714285
0.75,-1.0,0.18781295739927586,0.9183673469387755
-0.5,-1.0,-0.6587760132941552,-0.16326530612244897
0.19444444444444445,-1.0,0.050722484510328285,0.12244897959183673
0.08333333333333333,-1.0,0.4362199698460387,-0.8367346938775511
0.5555555555555556,-1.0,-0.8869996808522346,0.6530612244897959
0.6944444444444444,0.0,0.2685243267632914,0.4489795918367347
0.3611111111111111,-1.0,-0.13221521564484356,-0.30612244897959184
0.9722222222222222,-1.0,0.5772612719689216,0.08163265306122448
-0.4722222222222222,0.0,-0.31269877953492464,0.24489795918367346
-0.3333333333333333,-1.0,-0.9179570140975272,0.061224489795918366
0.4722222222222222,0.0,-0.8668933716310652,0.7755102040816326
-0.2777777777777778,-1.0,0.90158143220311,-0.7959183673469388
-0.3333333333333333,0.0,-0.8091826515676759,-0.7142857142857143
-0.19444444444444445,-1.0,-0.428604443857506,0.8979591836734694
-0.7777777777777778,-1.0,0.057094434723276875,-0.04081632653061224
-0.7222222222222222,0.0,-0.8540394202515765,0.40816326530612246
0.75,-1.0,0.3882377540801391,-0.8979591836734694
-0.6944444444444444,-1.0,-0.9535915128704591,0.04081632653061224
-0.3333333333333333,-1.0,0.30276117842561107,0.6122448979591837
-0.6944444444444444,0.0,0.9673698922601164,-0.7142857142857143
-0.5277777777777778,-1.0,0.16595683801600142,-0.42857142857142855
-0.6111111111111112,-1.0,0.12455566927487427,-0.5306122448979592
0.6666666666666666,-1.0,-0.5079291712062685,0.3673469387755102
1.0,-1.0,0.16318355398549528,-0.2857142857142857
-0.6388888888888888,0.0,0.4192501128022274,-0.46938775510204084
0.25,-1.0,-0.3639274984317739,0.9591836734693877
0.6666666666666666,0.0,0.30032905235123863,0.32653061224489793
0.08333333333333333,-1.0,-0.32391297170589983,0.02040816326530612
0.2222222222222222,0.0,0.6208854699725973,0.9795918367346939
0.6388888888888888,0.0,-0.7324881420097505,0.12244897959183673
-0.9444444444444444,-1.0,-0.8042853841328536,0.0
0.16666666666666666,0.0,0.45405922942322297,-0.8571428571428571
0.3055555555555556,0.0,-0.3374932593790925,-0.8775510204081632
-0.3611111111111111,-1.0,0.6820077695973236,0.8367346938775511
-0.25,0.0,-0.18684450900767055,0.9183673469387755
-0.08333333333333333,-1.0,0.11904211649993947,0.7959183673469388
-0.3888888888888889,0.0,0.6551113165395578,-0.9591836734693877
0.6944444444444444,-1.0,0.44610254547855654,-0.5714285714285714
-0.3055555555555556,0.0,-0.2356300967347882,0.7755102040816326
0.7222222222222222,0.0,0.05722649586758669,-0.5306122448979592
-0.3055555555555556,-1.0,-0.306029691747279,0.6938775510204082
0.1111111111111111,-1.0,0.3081536751515952,0.8571428571428571
-0.7777777777777778,-1.0,0.06409367537169709,-0.7142857142857143
0.6388888888888888,0.0,0.5501887373854094,0.673469387755102
0.9444444444444444,-1.0,-0.7959105065645394,-0.7346938775510204
-0.8611111111111112,-1.0,-0.7156173308241716,0.02040816326530612
-0.4722222222222222,-1.0,0.8726160212178239,-0.9795918367346939
-0.1111111111111111,-1.0,0.6429396810723365,0.8571428571428571
-0.8333333333333334,0.0,0.013437221433523721,-0.20408163265306123
0.19444444444444445,-1.0,-0.629887637976383,-0.30612244897959184
0.05555555555555555,0.0,0.5983910550584921,0.7959183673469388
-0.4166666666666667,0.0,0.24301451572077873,0.4489795918367347
-0.1388888888888889,-1.0,0.8939879164052956,-0.40816326530612246
0.9722222222222222,-1.0,0.7043040927949641,-0.8979591836734694
-0.6388888888888888,-1.0,-0.964068363652371,-0.8775510204081632
-0.3055555555555556,0.0,0.5460288113396503,-0.16326530612244897
-0.25,-1.0,-0.29784190080007045,0.4489795918367347
-0.3333333333333333,-1.0,-0.8358590027182585,-0.2653061224489796
-0.05555555555555555,-1.0,-0.5434095986441723,0.6530612244897959
0.8333333333333334,-1.0,-0.3723794116676021,0.8979591836734694
-0.6666666666666666,-1.0,0.07961085982810041,-0.16326530612244897
0.7222222222222222,-1.0,-0.5372247350523293,-0.8775510204081632
-0.16666666666666666,0.0,-0.056709256385706584,-0.20408163265306123
-0.3611111111111111,-1.0,0.1679707704667261,0.4489795918367347
-0.9444444444444444,-1.0,-0.5148843914732522,0.6122448979591837
-0.1388888888888889,-1.0,-0.7463875774483586,0.4897959183673469
0.4722222222222222,0.0,0.784608273630691,0.6122448979591837
0.8888888888888888,0.0,-0.9630008694025334,-0.7551020408163265
-0.7777777777777778,0.0,-0.4734281972553292,-0.9591836734693877
0.5833333333333334,-1.0,0.913290853665247,-0.7346938775510204
-0.08333333333333333,-1.0,0.6793115212343315,-0.30612244897959184
-0.1111111111111111,-1.0,0.16124665720228465,-0.12244897959183673
0.75,-1.0,-0.8825756325178558,0.6530612244897959
1.0,0.0,-0.7349422782748413,0.6938775510204082
0.4166666666666667,-1.0,-0.9515445651336569,0.1836734693877551
-0.5555555555555556,-1.0,-0.6149867388600923,-0.5918367346938775
0.25,0.0,0.3113341477103899,-0.4897959183673469
-0.6111111111111112,-1.0,0.8868676197079247,0.0
1.0,-1.0,-0.7845972685353318,0.42857142857142855
0.6666666666666666,-1.0,0.971122629777587,0.5918367346938775
0.5,0.0,-0.14145949574653063,-0.8571428571428571
1.0,0.0,0.17725907094984977,-0.08163265306122448
-0.027777777777777776,0.0,-0.9698240285252072,-0.6122448979591837
-0.25,0.0,0.5851189100553557,-0.3877551020408163
-0.8611111111111112,-1.0,0.7406429176708816,0.7346938775510204
0.6388888888888888,-1.0,0.9898202867927851,0.8163265306122449
0.3888888888888889,0.0,0.8194394004424048,-0.04081632653061224
0.3888888888888889,0.0,-0.7876236697590985,0.5102040816326531
0.6111111111111112,0.0,-0.9314162457217692,-0.8367346938775511
0.4722222222222222,-1.0,0.6440071753221742,-0.7755102040816326
0.8333333333333334,-1.0,0.6230534737583501,-0.9795918367346939
-0.1111111111111111,0.0,0.4031056379103525,-0.30612244897959184
0.5277777777777778,0.0,-0.17060098825756326,-0.2653061224489796
0.8888888888888888,-1.0,-0.4942388325794843,-0.5918367346938775
0.19444444444444445,0.0,-0.9555174045583105,0.6122448979591837
0.8888888888888888,0.0,-0.12856152398560533,0.3469387755102041
0.8888888888888888,0.0,0.966830642587518,0.9183673469387755
-0.9444444444444444,0.0,-0.6894472140601098,-0.7142857142857143
-0.2222222222222222,0.0,-0.5868136947406649,-0.30612244897959184
-0.6944444444444444,-1.0,0.5244368142449954,-0.9591836734693877
-0.5,-1.0,-0.358623042468663,-0.9183673469387755
-0.7777777777777778,0.0,0.4688500775859223,0.8163265306122449
1.0,0.0,0.6139082395148954,-0.02040816326530612
0.3055555555555556,0.0,-0.4675074559521058,-0.04081632653061224
0.5555555555555556,-1.0,0.9400992659601396,0.9795918367346939
-0.027777777777777776,0.0,-0.15275072358501987,-0.3877551020408163
-1.0,0.0,-0.8520585030869292,0.8775510204081632
0.8611111111111112,-1.0,-0.5564066162633299,-0.2653061224489796
-0.6388888888888888,-1.0,0.8332838104042172,-0.20408163265306123
0.4166666666666667,-1.0,0.6537797000011005,-0.5510204081632653
0.8888888888888888,0.0,0.38223997710940166,0.6530612244897959
-0.19444444444444445,0.0,0.18596410137893846,0.24489795918367346
0.6666666666666666,0.0,0.2685463369540097,-0.1836734693877551
0.05555555555555555,-1.0,0.6845609517206467,0.9183673469387755
0.6666666666666666,0.0,-0.567609803338946,-0.5306122448979592
0.6388888888888888,-1.0,-0.9716398692594671,0.2653061224489796
-0.3333333333333333,-1.0,-0.9055212563416862,0.9591836734693877
0.2777777777777778,-1.0,-0.701387742524789,0.4489795918367347
-0.027777777777777776,0.0,-0.1830587562041225,0.24489795918367346
0.8333333333333334,-1.0,0.8861963088910165,-0.16326530612244897
-0.8888888888888888,0.0,0.48901141228388745,-0.20408163265306123
0.6944444444444444,-1.0,0.22204980906159552,-0.2857142857142857
0.5833333333333334,0.0,0.420746805771072,0.4489795918367347
-0.5,0.0,-0.6004159926045759,0.3877551020408163
-0.16666666666666666,0.0,-0.1454213300758251,0.30612244897959184
0.2222222222222222,0.0,0.2753694960766835,-0.6530612244897959
-0.9166666666666666,-1.0,0.2506300417093114,-0.30612244897959184
-0.027777777777777776,-1.0,-0.20416652910297467,-0.7142857142857143
-0.2777777777777778,0.0,0.09738408883312974,-0.8571428571428571
0.0,-1.0,0.6842968294320271,-0.16326530612244897
0.7777777777777778,0.0,0.9007450449558145,0.46938775510204084
-0.1388888888888889,-1.0,0.7675943962054431,0.5306122448979592
0.3055555555555556,0.0,-0.16178590687488306,-0.32653061224489793
0.9444444444444444,0.0,-0.33079115630536937,-0.061224489795918366
0.0,-1.0,0.46944435273531643,1.0
-0.8333333333333334,0.0,0.38881001903881496,0.12244897959183673
0.19444444444444445,-1.0,-0.23476069420141527,0.24489795918367346
0.75,-1.0,0.1509348828507599,0.7755102040816326
-0.6666666666666666,-1.0,0.13382195956727966,-0.6530612244897959
0.9722222222222222,-1.0,-0.28541714813958863,-0.3469387755102041
-0.7777777777777778,0.0,0.6693519099342996,0.9183673469387755
0.3055555555555556,-1.0,0.99221939758108,0.5306122448979592
-0.1388888888888889,-1.0,0.614898698097219,0.7959183673469388
0.08333333333333333,-1.0,0.6673159672928566,0.02040816326530612
0.4444444444444444,0.0,-0.043106958521795594,0.3673469387755102
-0.9722222222222222,0.0,-0.8766879065007098,1.0
-0.6666666666666666,-1.0,-0.7180274467078257,-0.6530612244897959
0.6388888888888888,0.0,-0.22339243069541198,-0.2653061224489796
-0.08333333333333333,-1.0,0.06294914545434536,0.5714285714285714
-0.4444444444444444,-1.0,-0.8339000957443297,-0.22448979591836735
0.05555555555555555,-1.0,0.22779446883907248,-0.9183673469387755
-0.9722222222222222,-1.0,0.09538116147776421,0.7755102040816326
-0.8888888888888888,0.0,0.7593956001628754,0.5918367346938775
-0.5555555555555556,0.0,-0.6979101323912972,-0.16326530612244897
1.0,-1.0,0.9725532921742767,0.1836734693877551
0.3888888888888889,0.0,-0.24783474748808698,0.5102040816326531
-0.19444444444444445,-1.0,0.49422782748412514,0.7959183673469388
0.3611111111111111,0.0,-0.43634102589498935,-0.6530612244897959
-0.3888888888888889,-1.0,-0.07885150824831898,0.8367346938775511
-0.75,-1.0,-0.5054750349411777,-0.5510204081632653
0.5,-1.0,-0.23265872098781737,0.7551020408163265
0.75,-1.0,0.8692374569425644,-0.7959183673469388
0.16666666666666666,-1.0,0.12896871251389394,1.0
-1.0,-1.0,0.39841746728735405,-0.3673469387755102
-0.5277777777777778,-1.0,0.05016122464701157,0.5918367346938775
0.8888888888888888,0.0,-0.7355255483288763,-0.8571428571428571
0.0,-1.0,0.7299569700771458,-0.1836734693877551
-0.3888888888888889,0.0,-0.002454136265090737,0.1836734693877551
0.8055555555555556,-1.0,0.77100597576678,0.2857142857142857
0.8888888888888888,0.0,0.8642851640309464,-0.3877551020408163
0.1111111111111111,-1.0,0.018312478677627742,0.3877551020408163
0.6944444444444444,0.0,-0.8753342797715342,-0.5714285714285714
-0.1111111111111111,-1.0,-0.19002498156646527,0.8979591836734694
-0.19444444444444445,-1.0,0.03813265541945921,0.6326530612244898
0.3611111111111111,-1.0,-0.11103040707847733,0.8163265306122449
0.19444444444444445,-1.0,0.7642598523116203,-0.6530612244897959
-0.5,-1.0,-0.14930612873760551,0.10204081632653061
0.05555555555555555,-1.0,0.7256759879824358,-0.8979591836734694
-0.9444444444444444,-1.0,0.11046914721516062,0.0
0.25,0.0,-0.2813342577613435,-0.8571428571428571
-0.8333333333333334,0.0,0.19507632033631572,-0.8775510204081632
0.9166666666666666,0.0,-0.22855382041885394,0.6530612244897959
-0.6944444444444444,-1.0,0.2554942938580563,0.3877551020408163
-1.0,-1.0,0.23091991592107144,-0.673469387755102
-0.8888888888888888,0.0,-0.6489594682337922,-0.10204081632653061
0.9722222222222222,-1.0,-0.2167453530984846,0.8163265306122449
-0.9444444444444444,0.0,-0.32454026214137144,-0.40816326530612246
-0.16666666666666666,-1.0,-0.5448402610408619,-0.22448979591836735
0.8888888888888888,0.0,0.9450185435856802,0.7346938775510204
-0.5555555555555556,0.0,0.40327071434073974,-0.7346938775510204
-0.8333333333333334,0.0,0.7991239944094115,-0.16326530612244897
0.2222222222222222,-1.0,0.34743086048840616,0.673469387755102
-0.1388888888888889,0.0,-0.8654076837575797,0.04081632653061224
0.5833333333333334,0.0,-0.1120538809468784,-0.5918367346938775
-0.3888888888888889,-1.0,-0.2458208150373623,-0.6938775510204082
0.8888888888888888,-1.0,-0.9246591171712503,-0.08163265306122448
-0.4722222222222222,0.0,-0.633882487591755,0.7551020408163265
0.8611111111111112,0.0,-0.7031595628776124,0.8163265306122449
-0.08333333333333333,-1.0,-0.03351051536861567,-1.0
0.8055555555555556,0.0,-0.4031056379103525,-0.673469387755102
0.2222222222222222,-1.0,0.6753386818096779,-0.22448979591836735
0.027777777777777776,-1.0,-0.2938030308032619,0.5714285714285714
-0.08333333333333333,-1.0,0.26192126954780065,0.02040816326530612
0.75,-1.0,-0.03650390130630482,-0.46938775510204084
-0.1111111111111111,-1.0,-0.6139962802777686,-0.8775510204081632
0.3333333333333333,0.0,0.8015121001023474,-0.9795918367346939
-0.4166666666666667,-1.0,-0.2793753507874146,-0.04081632653061224
-0.5277777777777778,0.0,0.34026654340959867,0.14285714285714285
0.6111111111111112,-1.0,0.9621644821552379,-0.10204081632653061
0.75,-1.0,0.750998712403843,0.16326530612244897
1.0,0.0,-0.07238051217713802,-0.6938775510204082
0.75,-1.0,-0.8147072094379698,-0.32653061224489793
0.027777777777777776,0.0,0.26449646186184206,0.5510204081632653
0.25,0.0,0.41856779688996004,0.9183673469387755
-0.6111111111111112,0.0,0.9049379862876512,0.7346938775510204
-0.5555555555555556,-1.0,0.43077244764325884,0.0
0.1388888888888889,-1.0,0.16898323923976802,-0.24489795918367346
-0.4722222222222222,-1.0,-0.33696501480185326,0.5918367346938775
0.75,-1.0,0.781691923360516,0.7142857142857143
-0.6944444444444444,0.0,0.5639451065843486,-0.08163265306122448
-0.6666666666666666,0.0,-0.5528959908437606,-0.4897959183673469
0.0,0.0,0.06521619509833053,0.46938775510204084
-0.3611111111111111,-1.0,0.8993914182266389,0.42857142857142855
-0.8333333333333334,0.0,-0.7342159419811373,0.42857142857142855
0.5,-1.0,0.8840062949145454,-0.7755102040816326
0.3888888888888889,-1.0,-0.03163964915755995,1.0
-0.6111111111111112,0.0,0.3531314998844465,0.02040816326530612
-0.16666666666666666,-1.0,0.7239701982017674,-0.42857142857142855
0.1111111111111111,0.0,0.20687378256132588,0.02040816326530612
0.2777777777777778,-1.0,0.9374140226925066,-0.4489795918367347
0.1111111111111111,-1.0,0.5323824930943026,0.5918367346938775
0.8333333333333334,0.0,0.4148040542771303,0.46938775510204084
-1.0,0.0,0.3988356609110018,-0.9591836734693877
0.3611111111111111,-1.0,0.7401256781890015,0.6122448979591837
0.4722222222222222,-1.0,-0.6538347254778962,-0.5306122448979592
0.8333333333333334,-1.0,-0.19049820066690878,-0.061224489795918366
0.16666666666666666,-1.0,0.1769619333751527,-0.20408163265306123
-0.3888888888888889,0.0,0.04953393421153994,0.7959183673469388
-0.8611111111111112,0.0,0.09880374613446026,-1.0204081632653061
-0.1388888888888889,-1.0,-0.8155876170667019,0.22448979591836735
-0.3055555555555556,-1.0,-0.5944512309199159,-0.4489795918367347
-0.5,0.0,0.4023352812352119,-0.30612244897959184
0.2777777777777778,0.0,-0.8407452650577217,0.3877551020408163
0.027777777777777776,-1.0,0.9347397845202329,-0.7346938775510204
0.08333333333333333,-1.0,-0.647627851695335,0.8571428571428571
0.5277777777777778,0.0,-0.35761057369562105,0.02040816326530612
0.8888888888888888,0.0,0.2264628523006152,-0.7142857142857143
-0.7222222222222222,0.0,-0.18551289246921324,0.7755102040816326
-0.5833333333333334,0.0,-0.759868819263319,0.6530612244897959
-0.7222222222222222,0.0,-0.23302188913466934,0.673469387755102
0.6111111111111112,-1.0,0.15631637448138488,-0.6938775510204082
0.4166666666666667,0.0,-0.48753672950576116,-0.8367346938775511
0.6944444444444444,-1.0,0.7797110061958686,-0.061224489795918366
0.6666666666666666,0.0,0.9919772854831788,0.40816326530612246
0.9444444444444444,0.0,0.6351370684626982,0.30612244897959184
-0.2222222222222222,0.0,-0.33156151298050995,-1.0
0.08333333333333333,-1.0,-0.938822674898478,0.6530612244897959
0.16666666666666666,0.0,-0.3020128319411888,-0.40816326530612246
0.3055555555555556,-1.0,0.6157350853445145,0.0
0.1111111111111111,0.0,0.31475673236708596,0.061224489795918366
0.19444444444444445,-1.0,0.04045473054024013,-0.673469387755102
-0.9722222222222222,-1.0,0.8095678299052461,-0.8367346938775511
0.5833333333333334,0.0,-0.7123818327885811,0.5306122448979592
-0.3333333333333333,-1.0,-0.0923767704447159,0.9387755102040817
-0.05555555555555555,-1.0,0.7022021195813661,0.02040816326530612
0.6944444444444444,-1.0,-0.885580023550904,-0.5102040816326531
0.3611111111111111,0.0,0.40993980212838543,-0.02040816326530612
-0.6666666666666666,-1.0,0.40684737033246393,0.6938775510204082
-0.6111111111111112,-1.0,-0.6495427382878273,-0.5102040816326531
0.5555555555555556,-1.0,-0.19531843243421704,0.7755102040816326
0.9722222222222222,0.0,-0.44261393024970563,0.9795918367346939
0.75,-1.0,-0.4931823434250058,-0.4897959183673469
0.5833333333333334,-1.0,0.042512683372401425,0.32653061224489793
-0.75,0.0,0.8119339254074637,0.5714285714285714
0.08333333333333333,-1.0,0.47100707627631594,-0.9795918367346939
0.75,-1.0,0.770642807619928,-0.7142857142857143
-0.8888888888888888,0.0,-0.5276282918991493,0.8163265306122449
0.1388888888888889,0.0,-0.46856394510658433,-0.5918367346938775
-0.6388888888888888,-1.0,-0.5917329723662056,-0.5102040816326531
-0.1111111111111111,0.0,-0.8229280156712558,0.30612244897959184
-0.9722222222222222,-1.0,-0.1831467969669957,0.3673469387755102
0.08333333333333333,0.0,0.34129001727799974,0.3673469387755102
0.4722222222222222,-1.0,-0.7855657169269372,-1.0204081632653061
0.8333333333333334,0.0,-0.011566355222468003,0.40816326530612246
-0.9166666666666666,0.0,-0.15042864846423895,-0.8367346938775511
0.6111111111111112,0.0,-0.44420966907678255,0.7551020408163265
-0.6666666666666666,-1.0,-0.6517877777410941,0.14285714285714285
-0.16666666666666666,0.0,-0.7831886163293605,0.08163265306122448
-0.5555555555555556,-1.0,0.2798925902692947,0.7755102040816326
0.2222222222222222,0.0,-0.7300119955539415,0.20408163265306123
-0.8611111111111112,0.0,0.9273113451528058,0.20408163265306123
0.6666666666666666,0.0,0.4025883984284724,-0.14285714285714285
0.5833333333333334,0.0,0.5667073855194955,-0.1836734693877551
-0.5555555555555556,-1.0,-0.8710532976768244,0.061224489795918366
-0.2222222222222222,-1.0,0.20747906280607922,-0.5918367346938775
-0.05555555555555555,0.0,-0.6782990524612896,-0.3673469387755102
0.19444444444444445,0.0,0.7710940165296533,-0.04081632653061224
-0.9166666666666666,0.0,0.1154214401267787,-0.1836734693877551
0.5833333333333334,0.0,-0.6454818581003005,-0.04081632653061224
-0.8611111111111112,-1.0,-0.8481406891390714,-0.42857142857142855
-0.19444444444444445,0.0,-0.1418556791794601,0.5714285714285714
0.8611111111111112,-1.0,-0.3706626167915745,-0.14285714285714285
-0.9166666666666666,-1.0,-0.23915172724971662,0.061224489795918366
-0.5277777777777778,-1.0,0.7240252236785631,0.7959183673469388
-0.8888888888888888,0.0,-0.6473197090252787,0.4489795918367347
0.6388888888888888,0.0,-0.3927828584634686,-0.5102040816326531
-0.3611111111111111,0.0,-0.619113649619774,-0.22448979591836735
0.8055555555555556,-1.0,-0.5558233462092949,-0.8571428571428571
0.5555555555555556,0.0,0.6037615415937579,-0.7142857142857143
-0.9166666666666666,-1.0,0.08346264320380337,-0.02040816326530612
0.4166666666666667,-1.0,0.08852498706901295,-0.1836734693877551
0.3333333333333333,-1.0,-0.5110656233836266,0.7959183673469388
0.9722222222222222,-1.0,0.4138025905994475,-0.5306122448979592
0.6666666666666666,-1.0,-0.23246062927135264,0.9591836734693877
0.3888888888888889,-1.0,0.6970517349532833,-0.6122448979591837
0.25,-1.0,-0.7964937766185743,0.6938775510204082
-0.7777777777777778,-1.0,-0.19371168851178094,-0.8367346938775511
0.7222222222222222,-1.0,-0.7765415387324331,-0.5918367346938775
-0.8055555555555556,-1.0,-0.981302342984802,0.5918367346938775
0.8888888888888888,-1.0,-0.5894219023407837,0.2653061224489796
-0.8333333333333334,0.0,-0.6217988928874069,0.46938775510204084
-0.1388888888888889,0.0,-0.2783078565375769,-0.2857142857142857
0.7222222222222222,-1.0,-0.5962670716541759,-1.0204081632653061
0.4166666666666667,0.0,-0.5433545731673765,0.08163265306122448
-0.6666666666666666,-1.0,0.47420955902582895,-0.3673469387755102
-0.75,-1.0,-0.44656475948364094,-0.7551020408163265
0.5,0.0,0.8808258223557507,0.5102040816326531
0.3888888888888889,-1.0,-0.020568523226253757,0.7346938775510204
-0.19444444444444445,-1.0,-0.2601714593856956,0.10204081632653061
0.3888888888888889,0.0,0.2509491894747268,-0.673469387755102
0.4166666666666667,0.0,0.48851618299272564,0.24489795918367346
-0.4444444444444444,0.0,0.8511230699814014,0.8571428571428571
-0.2222222222222222,-1.0,0.8758955396348509,-0.061224489795918366
0.8888888888888888,-1.0,-0.35901922590159246,0.061224489795918366
0.1111111111111111,0.0,0.3212607437243444,-0.8571428571428571
0.6666666666666666,-1.0,-0.16858705580683855,1.0
-0.6666666666666666,-1.0,-0.4810877436252985,0.5510204081632653
-0.8611111111111112,0.0,0.09195857682106816,-0.8979591836734694
-0.027777777777777776,-1.0,0.6240109170545963,-0.6938775510204082
-0.3333333333333333,0.0,0.7424587584051415,0.8979591836734694
0.8333333333333334,0.0,-0.3295916009112219,0.9795918367346939
-0.8611111111111112,0.0,-0.7009475387104229,-0.7142857142857143
0.6944444444444444,-1.0,0.4471590346330351,0.30612244897959184
-0.6111111111111112,0.0,0.07245754784465207,-0.7346938775510204
-0.5833333333333334,-1.0,0.646901515401631,-0.3673469387755102
0.3055555555555556,-1.0,-0.07509877073084838,0.02040816326530612
0.19444444444444445,0.0,-0.6475067956463842,0.7755102040816326
-0.4722222222222222,0.0,0.11750140314965829,-0.4897959183673469
-0.5833333333333334,-1.0,0.09128726600415993,-0.6122448979591837
-0.5833333333333334,0.0,-0.4011137156503461,-0.5714285714285714
-0.4444444444444444,0.0,-0.6852212574421958,-0.061224489795918366
-0.6388888888888888,0.0,-0.2205421109973918,0.08163265306122448
0.6388888888888888,0.0,-0.7436913290853665,-0.08163265306122448
-0.8611111111111112,0.0,0.4357467507455952,0.7959183673469388
0.05555555555555555,-1.0,0.8179537125689194,-0.10204081632653061
-0.3888888888888889,0.0,-0.742931977505585,-0.12244897959183673
0.6111111111111112,-1.0,0.15294881530148458,0.5714285714285714
0.3888888888888889,0.0,-0.16335963551124172,0.42857142857142855
0.4722222222222222,-1.0,0.5515973895913808,0.40816326530612246
-0.6111111111111112,-1.0,-0.720668669594022,0.22448979591836735
0.16666666666666666,-1.0,0.3759120472778897,-0.673469387755102
0.7222222222222222,0.0,0.7878217614755632,0.7755102040816326
-0.8055555555555556,-1.0,0.5940330372962682,-0.6938775510204082
-0.8055555555555556,-1.0,-0.11523435350567313,-0.42857142857142855
-0.08333333333333333,-1.0,-0.6625727711930623,-0.7142857142857143
-0.7777777777777778,-1.0,-0.7197552466792124,-0.40816326530612246
0.9722222222222222,0.0,-0.05658820033675592,0.12244897959183673
0.7777777777777778,-1.0,-0.002145993595034501,-0.04081632653061224
-0.3333333333333333,-1.0,-0.7062409895781747,-0.8571428571428571
0.5555555555555556,0.0,0.6013184104240263,0.9183673469387755
0.3333333333333333,0.0,-0.10238040212618442,0.30612244897959184
0.9722222222222222,-1.0,0.6614392463710698,-0.1836734693877551
-0.5,0.0,-0.1261514081019512,-0.9591836734693877
-1.0,0.0,-0.44287805253832524,-0.7755102040816326
0.2777777777777778,0.0,0.8048026236147336,-0.6938775510204082
-1.0,0.0,0.2145333289312952,0.6530612244897959
-0.6666666666666666,-1.0,-0.3705745760287013,-0.24489795918367346
-0.1111111111111111,-1.0,0.5122981940638516,-1.0
-0.027777777777777776,0.0,0.49397471029086465,0.3469387755102041
0.5,0.0,-0.26173418292669504,-0.5714285714285714
0.3055555555555556,-1.0,-0.7218021944160146,0.32653061224489793
0.8888888888888888,-1.0,0.5560434481164779,0.04081632653061224
0.5833333333333334,-1.0,0.3288872748082362,-0.6326530612244898
0.8333333333333334,-1.0,-0.6521839611740236,0.2857142857142857
-0.3333333333333333,0.0,-0.8420328612147424,0.08163265306122448
-0.6666666666666666,-1.0,-0.20583930359756566,0.30612244897959184
-0.8611111111111112,0.0,-0.55277493479481,-0.7755102040816326
0.6111111111111112,-1.0,-0.08883312973906919,0.5714285714285714
-0.5,0.0,0.016551663420163537,0.32653061224489793
0.1111111111111111,-1.0,0.8909725202768882,-0.2857142857142857
-0.6666666666666666,0.0,0.3648189111558652,0.8571428571428571
0.3055555555555556,0.0,0.5921951863712899,-0.22448979591836735
-0.7222222222222222,0.0,0.5492422991845224,-0.9387755102040817
0.1388888888888889,0.0,0.7985187141646582,0.40816326530612246
0.8611111111111112,-1.0,0.5604344811647793,-0.08163265306122448
-0.6944444444444444,-1.0,0.18627224404899467,-0.7346938775510204
-0.5,0.0,0.15533692099442042,-0.7142857142857143
0.8055555555555556,0.0,0.36342126404525293,-0.5510204081632653
0.05555555555555555,-1.0,-0.1285285086995279,0.6122448979591837
0.1388888888888889,0.0,-0.42682161840932353,0.3673469387755102
-0.3333333333333333,-1.0,-0.963121925451484,0.3877551020408163
1.0,0.0,-0.5827197992670606,0.5714285714285714
0.027777777777777776,0.0,0.5352658280784003,-1.0
-0.5,-1.0,-0.6988015451153884,-0.24489795918367346
-0.3333333333333333,0.0,0.24553468255802435,0.30612244897959184
0.5555555555555556,0.0,0.4457833977131412,0.9795918367346939
-0.7777777777777778,0.0,0.37942267269745894,-0.30612244897959184
0.75,0.0,-0.30847282291701056,-0.8979591836734694
0.5833333333333334,-1.0,-0.0385178337570295,0.10204081632653061
-0.5555555555555556,-1.0,-0.8052758427151772,0.5102040816326531
0.3611111111111111,0.0,0.027457712921082462,-0.4897959183673469
-0.5555555555555556,-1.0,0.5798694795690404,-0.6326530612244898
0.9444444444444444,0.0,-0.8883973279628468,0.8775510204081632
-0.16666666666666666,0.0,-0.8141789648607305,-0.5714285714285714
-0.3333333333333333,0.0,0.2639792223799619,0.12244897959183673
0.3055555555555556,0.0,0.3460662286638714,-0.2857142857142857
-0.25,0.0,0.6868059911739135,-0.04081632653061224
0.4444444444444444,0.0,0.33522620973510736,0.7959183673469388
0.6111111111111112,0.0,-0.09537015638240505,0.46938775510204084
-0.027777777777777776,-1.0,-0.4527166077894065,-0.9795918367346939
-0.5277777777777778,-1.0,0.9170215809919993,-0.3469387755102041
-0.1111111111111111,-1.0,0.8972674348223227,-0.8979591836734694
0.6111111111111112,-1.0,-0.6630349851981467,0.6122448979591837
0.4166666666666667,-1.0,-0.27771358138818275,0.9387755102040817
0.08333333333333333,0.0,0.7991129893140524,0.7142857142857143
-0.3611111111111111,0.0,0.05231822333740522,0.20408163265306123
0.9444444444444444,-1.0,-0.9328028877370222,0.46938775510204084
-0.5833333333333334,0.0,-0.8548537973081537,0.9183673469387755
0.1388888888888889,0.0,-0.5614139346517437,0.5102040816326531
-0.3888888888888889,-1.0,-0.08138268018092376,-0.04081632653061224
-0.1111111111111111,0.0,0.5790330923217449,-0.16326530612244897
-0.3611111111111111,0.0,-0.14724817590544423,0.2857142857142857
-0.75,-1.0,-0.31810228135626795,-0.673469387755102
-0.7777777777777778,-1.0,0.7700155171844564,0.08163265306122448
0.6944444444444444,-1.0,0.18791200325750823,-0.5714285714285714
0.75,0.0,-0.4249727623889861,-0.32653061224489793
-0.8333333333333334,-1.0,0.6345427933133041,0.46938775510204084
0.027777777777777776,0.0,0.45629326378113066,0.8163265306122449
-0.5277777777777778,-1.0,-0.6047409950807223,-0.8979591836734694
0.5,-1.0,0.7042160520320908,-1.0
0.4166666666666667,-1.0,-0.8454114254900019,-0.24489795918367346
-0.6111111111111112,0.0,-0.547679575643523,-0.5102040816326531
0.4722222222222222,-1.0,-0.47780822520827143,0.1836734693877551
0.027777777777777776,0.0,-0.41595958928984117,0.6938775510204082
-0.25,-1.0,-0.44953613523061176,0.5714285714285714
-0.3888888888888889,-1.0,-0.8960568743328161,0.7551020408163265
-0.5277777777777778,-1.0,-0.044933804351414704,-0.04081632653061224
0.4444444444444444,-1.0,-0.002795294221224427,-0.9183673469387755
-0.6944444444444444,-1.0,-0.1261954284833878,-0.42857142857142855
-0.8888888888888888,0.0,-0.3943015616230315,0.46938775510204084
-1.0,-1.0,0.0346330350952491,-0.061224489795918366
-0.7777777777777778,-1.0,-0.16373380875345284,-0.9387755102040817
-0.9722222222222222,0.0,-0.34275369496076685,-1.0
