Age,Gender,Annual_Income,Spending_Score,Cluster
-0.6666666666666666,0.0,0.4653944776431488,0.7755102040816326,0
0.1111111111111111,-1.0,0.8352647275688644,0.8979591836734694,1
0.2222222222222222,-1.0,-0.4212530401575929,0.5102040816326531,1
-0.8611111111111112,0.0,-0.5913037736471987,0.1224489795918367,0
-0.8333333333333334,0.0,0.4904090593944996,0.5102040816326531,0
-0.3333333333333333,0.0,0.54084541142549,-0.2244897959183673,0
-0.75,-1.0,0.5976977340508656,-0.2857142857142857,1
-0.8333333333333334,0.0,-0.4260512617341829,-0.6938775510204082,0
0.8055555555555556,0.0,-0.6762300945337691,-0.3469387755102041,0
0.2222222222222222,-1.0,-0.5033950719182981,-0.979591836734694,1
-0.4722222222222222,0.0,0.6754487327632694,0.4897959183673469,0
0.25,-1.0,-0.2182860664487657,0.5918367346938775,1
-0.8055555555555556,0.0,-0.2378641310926959,-0.6938775510204082,0
-0.6111111111111112,-1.0,0.5579803448996885,0.9183673469387756,1
-0.0833333333333333,-1.0,0.2849109137530676,0.7346938775510204,1
0.2777777777777778,-1.0,-0.8399198829057853,0.6122448979591837,1
-0.9722222222222222,0.0,0.984867993881167,0.6326530612244898,0
0.9722222222222222,0.0,-0.775661131103701,0.9387755102040816,0
0.3055555555555556,0.0,-0.2412316902725962,-0.979591836734694,0
-0.7777777777777778,0.0,-0.7007164317078808,-0.7959183673469388,0
-0.9166666666666666,0.0,0.998041093026071,-0.0408163265306122,0
0.4444444444444444,0.0,0.601296400233308,-0.3061224489795918,0
-0.8333333333333334,0.0,-2.201019071830257e-05,-0.9183673469387756,0
-0.4166666666666667,-1.0,-0.6710687048103272,-0.3061224489795918,1
0.1944444444444444,0.0,0.3566311202086566,-0.1224489795918367,0
-0.9722222222222222,-1.0,0.9167464536080204,0.1224489795918367,1
0.6944444444444444,0.0,0.0039618343292944,-0.8979591836734694,0
0.1944444444444444,-1.0,-0.7820000660305721,-0.7346938775510204,1
0.5277777777777778,-1.0,0.6797737352394159,0.0816326530612244,1
0.1111111111111111,0.0,-0.3131940088260865,-0.5714285714285714,0
1.0,-1.0,0.1529158000154071,-0.5306122448979592,1
-0.4166666666666667,-1.0,0.2922733225483399,0.8979591836734694,1
-0.5277777777777778,-1.0,-0.4161906962923833,0.0204081632653061,1
0.6944444444444444,0.0,0.6060395963331022,0.9183673469387756,0
0.0833333333333333,-1.0,-0.0379455687983536,-0.8979591836734694,1
0.6111111111111112,0.0,0.8828507599018346,0.7346938775510204,0
-0.3888888888888889,0.0,-0.4939196848140689,0.2244897959183673,0
0.7777777777777778,-1.0,-0.2665874299800808,0.3061224489795918,1
0.8333333333333334,-1.0,-0.808753452848669,-0.9387755102040816,1
0.0555555555555555,-1.0,-0.7242893459671828,0.0204081632653061,1
-0.9166666666666666,-1.0,0.0984625881783265,-0.1632653061224489,1
0.0277777777777777,0.0,-0.3524381788768199,0.7142857142857143,0
-0.8333333333333334,0.0,0.1181066833944116,0.5918367346938775,0
-0.25,0.0,-0.2945513772876842,-0.2448979591836734,0
-0.7222222222222222,0.0,0.4466748104372324,-0.7346938775510204,0
0.3611111111111111,-1.0,0.2233374052186162,0.5918367346938775,1
0.4166666666666667,-1.0,-0.3930029603706516,0.5306122448979592,1
-0.7777777777777778,-1.0,-0.3073833184764546,-0.4489795918367347,1
-0.25,0.0,0.4174892975447632,-1.020408163265306,0
-0.4166666666666667,-1.0,-0.7089042226550893,-0.7959183673469388,1
-0.75,-1.0,0.9844828155435968,-0.5306122448979592,1
0.1111111111111111,-1.0,-0.2642213344778632,-0.7142857142857143,1
-0.2222222222222222,0.0,-0.2360482903584359,-0.979591836734694,0
-0.25,-1.0,0.311488219045418,0.3469387755102041,1
0.25,-1.0,-0.5795173165175477,-1.0,1
-0.5,0.0,-0.5021184808566366,-0.5714285714285714,0
-0.8055555555555556,-1.0,0.9802788691164008,-0.4489795918367347,1
0.2222222222222222,0.0,-0.9523259269041566,-0.2448979591836734,0
-0.5,0.0,0.1807476861787007,-0.3265306122448979,0
-0.1666666666666666,-1.0,0.6748214423277977,0.0612244897959183,1
-0.1111111111111111,-1.0,-0.0892403182673577,-0.3877551020408163,1
-0.1666666666666666,-1.0,-0.6990766724993672,0.8979591836734694,1
-0.1388888888888889,-1.0,0.886372390416763,-1.0,1
0.7222222222222222,-1.0,-0.8635918430233198,-0.0408163265306122,1
-0.5833333333333334,-1.0,0.2833041698306315,0.7959183673469388,1
-0.9166666666666666,0.0,-0.5856031342511583,-0.3469387755102041,0
-0.4444444444444444,-1.0,-0.7983096173528343,0.8163265306122449,1
0.8055555555555556,-1.0,0.70837597807785,0.0408163265306122,1
0.0,-1.0,-0.8804406440181805,0.2040816326530612,1
0.75,-1.0,0.8740466836145135,-0.1224489795918367,1
-0.2777777777777778,0.0,-0.0847172240747466,0.0816326530612244,0
-0.8611111111111112,0.0,0.6583027941937117,-0.4081632653061224,0
-0.4166666666666667,-1.0,0.4013558277482474,0.6122448979591837,1
0.5833333333333334,-1.0,0.0976482111217493,-0.3265306122448979,1
-0.9722222222222222,-1.0,-0.1463567631813529,0.8571428571428571,1
-0.8333333333333334,0.0,0.497562371377948,0.5714285714285714,0
-0.2777777777777778,-1.0,0.0402566388237754,-0.7551020408163265,1
0.0277777777777777,-1.0,0.2009640463534616,-0.4081632653061224,1
0.1666666666666666,0.0,-0.1140458032068847,-0.4897959183673469,0
-0.5833333333333334,0.0,-0.4536410357995752,-0.4897959183673469,0
-0.0555555555555555,-1.0,-0.532701640859718,-0.8571428571428571,1
0.5,-1.0,-0.4707319488923371,0.0408163265306122,1
0.5,0.0,0.4771149042006449,0.1632653061224489,0
0.5,-1.0,-0.8108884413483443,0.4285714285714285,1
0.3888888888888889,0.0,0.645812010961075,-0.5510204081632653,0
0.3055555555555556,0.0,-0.9485071588145312,-0.3877551020408163,0
0.75,-1.0,0.02502558684671,-0.3469387755102041,1
0.2777777777777778,-1.0,0.1241264705558673,-0.6326530612244898,1
0.6111111111111112,0.0,-0.2559344976724223,-0.0612244897959183,0
-0.6666666666666666,-1.0,-0.1075307867542672,-0.9591836734693876,1
0.3888888888888889,-1.0,0.937072864736373,-0.3265306122448979,1
0.4444444444444444,0.0,0.8566696380424136,-0.7551020408163265,0
0.0833333333333333,0.0,0.6128627554557761,-0.8571428571428571,0
1.0,-1.0,-0.8244357137354595,0.9591836734693876,1
0.3055555555555556,0.0,-0.1289797176092531,0.3265306122448979,0
-0.5,-1.0,0.3702774384540042,-0.2244897959183673,1
0.5,-1.0,-0.5184060219881805,0.1632653061224489,1
0.1944444444444444,0.0,0.6334752990634663,0.8571428571428571,0
-0.2222222222222222,0.0,-0.725466891170612,0.0612244897959183,0
0.3888888888888889,0.0,0.0541560742623834,-0.1836734693877551,0
-0.6388888888888888,-1.0,-0.3687477301990822,0.2857142857142857,1
-0.0833333333333333,0.0,0.958466770114563,-0.4081632653061224,0
-0.4722222222222222,-1.0,0.2597532657620478,-0.5918367346938775,1
-0.8055555555555556,0.0,0.3566531303993749,0.2448979591836734,0
-0.6666666666666666,0.0,0.9459759868819264,-0.4897959183673469,0
-0.9166666666666666,-1.0,0.7254778962659711,-0.3673469387755102,1
0.3055555555555556,0.0,-0.3050282280695962,-0.8367346938775511,0
-0.9166666666666666,0.0,0.6928477885260875,0.5918367346938775,0
-0.8888888888888888,-1.0,-0.0298898389954548,0.4693877551020408,1
0.4444444444444444,-1.0,0.9801578130674502,-0.7755102040816326,1
0.4722222222222222,0.0,0.4353175520265883,-0.7755102040816326,0
-0.75,-1.0,-0.7585482078202208,0.5306122448979592,1
-0.9166666666666666,-1.0,0.0729197618497364,0.0816326530612244,1
-0.0277777777777777,0.0,0.4477973301638658,-0.3877551020408163,0
-0.0833333333333333,-1.0,-0.2328788228950004,0.673469387755102,1
-0.1388888888888889,-1.0,0.9315703170567972,-0.1632653061224489,1
0.0555555555555555,-1.0,-0.6011643390889982,-0.673469387755102,1
0.0277777777777777,0.0,0.2808940539469775,0.9183673469387756,0
0.8333333333333334,0.0,0.8628655067296158,-0.1428571428571428,0
-0.4444444444444444,0.0,0.2259015924372984,0.4081632653061224,0
-0.2222222222222222,-1.0,-0.6704854347562922,0.2244897959183673,1
-0.75,0.0,0.7708408993363928,0.9387755102040816,0
-0.0277777777777777,-1.0,0.5184280321788989,-0.3265306122448979,1
0.3055555555555556,0.0,0.515390625859773,-0.0408163265306122,0
-0.8888888888888888,0.0,0.5411535540955462,0.6530612244897959,0
-0.8611111111111112,-1.0,0.0585691175014031,-0.5306122448979592,1
-1.0,-1.0,-0.1407881849296224,0.2653061224489796,1
-0.2777777777777778,-1.0,0.6859145784498223,0.5102040816326531,1
-0.4444444444444444,-1.0,0.7961966390438773,0.3469387755102041,1
0.0,0.0,-0.6799718269558805,-0.1836734693877551,0
0.9444444444444444,-1.0,0.6441832568479205,0.0,1
-0.8333333333333334,-1.0,0.837564792498927,0.8979591836734694,1
0.4444444444444444,0.0,0.5613258938888706,-0.3469387755102041,0
-0.3333333333333333,-1.0,0.0962945843925737,0.6326530612244898,1
0.5555555555555556,0.0,0.8996445354198994,0.2857142857142857,0
-0.8888888888888888,-1.0,0.3194779182761618,-0.6326530612244898,1
0.6666666666666666,0.0,-0.1587595056511164,0.4897959183673469,0
-0.2777777777777778,-1.0,-0.2773173979552533,-1.020408163265306,1
0.4444444444444444,0.0,-0.2921632715947483,0.1020408163265306,0
0.1111111111111111,-1.0,0.1556450636644766,0.8163265306122449,1
-0.4444444444444444,0.0,-0.4265024706439081,-0.5510204081632653,0
0.9444444444444444,0.0,0.8793401344822653,-0.0204081632653061,0
-0.5833333333333334,-1.0,0.7555878371686091,-0.4489795918367347,1
0.1388888888888889,-1.0,-0.1369694168399969,0.9387755102040816,1
0.5,-1.0,-0.2858243366678772,-0.3877551020408163,1
-0.75,0.0,-0.7721505056841318,-0.4489795918367347,0
-0.5277777777777778,-1.0,0.3302078862513343,-0.3673469387755102,1
-0.4722222222222222,-1.0,0.3833074713592393,-0.1224489795918367,1
-0.2777777777777778,-1.0,0.8511010597906831,-0.9183673469387756,1
-0.6944444444444444,0.0,-0.6714538831478974,0.0408163265306122,0
0.1111111111111111,-1.0,0.3329811702818405,-0.3265306122448979,1
-0.4166666666666667,-1.0,0.1087413472437738,-0.979591836734694,1
-0.5833333333333334,0.0,0.7990249485511792,-1.020408163265306,0
0.3055555555555556,-1.0,0.4578890026082076,-0.1428571428571428,1
-0.0555555555555555,-1.0,-0.360879087017289,-0.4081632653061224,1
-0.25,-1.0,-0.5610507665048917,0.2653061224489796,1
0.7777777777777778,0.0,0.1456524370783672,-0.1020408163265306,0
0.1388888888888889,-1.0,-0.6951918738375868,0.5510204081632653,1
-0.5555555555555556,-1.0,-0.5252401862062135,0.4285714285714285,1
-0.0555555555555555,0.0,-0.872406924406,-0.979591836734694,0
0.1388888888888889,0.0,0.9364785895869788,-0.0816326530612244,0
-0.25,-1.0,-0.1407331594528266,-0.1632653061224489,1
-0.6944444444444444,0.0,0.4083660734920268,0.6326530612244898,0
0.8055555555555556,0.0,0.4318949673698922,0.4081632653061224,0
-0.7777777777777778,0.0,0.0202493754608383,0.9183673469387756,0
0.6944444444444444,0.0,-0.9030120945997996,-0.0612244897959183,0
-0.1388888888888889,0.0,0.9730485214654384,-0.3673469387755102,0
-0.9722222222222222,-1.0,-0.5943411799663244,-0.3877551020408163,1
-0.1666666666666666,-1.0,-0.1783815906764832,0.3877551020408163,1
-0.8888888888888888,0.0,-0.7554997964057358,-0.2244897959183673,0
0.0,0.0,-0.2314261503075924,-0.2244897959183673,0
0.8055555555555556,0.0,0.624209008771061,0.0204081632653061,0
0.1666666666666666,0.0,0.6399573002300065,-0.3469387755102041,0
0.6666666666666666,-1.0,-0.201866464172912,0.5306122448979592,1
-0.5833333333333334,-1.0,-0.8096558706681194,0.4489795918367347,1
-0.75,-1.0,-0.7485005557573157,-0.0204081632653061,1
-0.5833333333333334,-1.0,0.1232460629271352,0.0,1
0.0277777777777777,0.0,-0.3822509822047608,-0.7755102040816326,0
-0.2222222222222222,-1.0,0.7912113308461818,0.2653061224489796,1
0.9166666666666666,-1.0,-0.6886658522896101,0.5102040816326531,1
0.6944444444444444,0.0,-0.2845587507015748,0.4489795918367347,0
-0.9722222222222222,-1.0,0.6228663871372445,-0.1428571428571428,1
-0.8888888888888888,-1.0,-0.1045814211980146,0.0,1
-0.6388888888888888,0.0,-0.279914600460013,-0.8775510204081632,0
0.8333333333333334,0.0,0.5042754795470302,0.5918367346938775,0
-0.75,0.0,-0.5826097483134691,1.0,0
-0.9444444444444444,0.0,0.0301869765701519,-0.2448979591836734,0
-0.5,0.0,0.9041786347078696,0.979591836734694,0
0.6388888888888888,-1.0,-0.1567565782957509,0.8367346938775511,1
0.3611111111111111,-1.0,-0.5076210285362123,-0.5102040816326531,1
-0.7777777777777778,0.0,-0.2914479403964035,-0.9591836734693876,0
-0.5555555555555556,-1.0,0.2880913863118624,-0.4897959183673469,1
-0.3888888888888889,0.0,-0.7153091881541154,0.3877551020408163,0
-0.3611111111111111,0.0,-0.8393256077563912,0.8979591836734694,0
0.0833333333333333,0.0,-0.097185997116665,-0.673469387755102,0
-0.5277777777777778,-1.0,-0.887395864285164,-0.673469387755102,1
0.8611111111111112,-1.0,0.361605423310993,-0.8163265306122449,1
0.25,-1.0,0.0257079027589774,0.8163265306122449,1
-0.5277777777777778,0.0,-0.8380270065040114,-0.7346938775510204,0
0.6388888888888888,0.0,0.5298073007802613,0.1224489795918367,0
-0.8055555555555556,0.0,-0.4100828683680544,-0.2448979591836734,0
-0.7222222222222222,0.0,0.9374250277878656,-0.6530612244897959,0
-0.6388888888888888,0.0,-0.2600173880506675,-0.4693877551020408,0
0.8611111111111112,-1.0,0.230017498101621,-0.2857142857142857,1
1.0,0.0,-0.7376605368285516,0.8775510204081632,0
-0.7222222222222222,0.0,0.554953943675922,0.4081632653061224,0
0.4444444444444444,0.0,-0.6921654726138202,0.0612244897959183,0
-0.2222222222222222,0.0,-0.3856515566707385,-0.0612244897959183,0
0.4722222222222222,0.0,0.8947252577943587,0.4897959183673469,0
0.75,-1.0,0.1730221092365765,-0.5510204081632653,1
-0.5277777777777778,0.0,-0.2749072820715991,0.0408163265306122,0
-0.4722222222222222,0.0,0.281664410622118,-0.9183673469387756,0
0.4722222222222222,0.0,0.8449272012941992,-0.9183673469387756,0
-0.1111111111111111,0.0,0.3486964464547085,0.6530612244897959,0
0.3055555555555556,0.0,0.7464756182112318,1.0,0
0.8055555555555556,0.0,0.4621919948936357,0.7551020408163265,0
-0.4166666666666667,-1.0,-0.8363762422001386,-1.0,1
-0.6111111111111112,-1.0,0.5950895264507466,0.2653061224489796,1
-0.7777777777777778,0.0,-0.7576457900007704,-0.5714285714285714,0
-0.8333333333333334,0.0,0.8240615404932484,-0.6122448979591837,0
0.3055555555555556,-1.0,-0.708882212464371,-0.3061224489795918,1
-0.5,-1.0,0.113484543343568,0.0204081632653061,1
-0.3611111111111111,-1.0,0.0499521278351876,0.0612244897959183,1
0.8055555555555556,-1.0,0.933430178172494,0.0816326530612244,1
0.1944444444444444,-1.0,-0.5404162127064831,-0.3061224489795918,1
0.8333333333333334,-1.0,0.386047740103668,-1.020408163265306,1
-0.5833333333333334,-1.0,0.0049302827208997,-0.0408163265306122,1
0.9722222222222222,-1.0,-0.2314261503075924,-0.0204081632653061,1
-0.5277777777777778,-1.0,0.8085773713229225,0.3469387755102041,1
0.9722222222222222,-1.0,-0.1986529763280398,0.1632653061224489,1
-0.3888888888888889,0.0,0.7855437067362189,-0.5714285714285714,0
0.4166666666666667,-1.0,-0.5634168620071093,-0.3265306122448979,1
0.9444444444444444,-1.0,0.6996049170766064,0.3673469387755102,1
-0.5555555555555556,-1.0,-0.774934794809997,0.673469387755102,1
0.9444444444444444,0.0,-0.3203693310002531,-0.8571428571428571,0
0.1944444444444444,-1.0,-0.9387566443263232,0.1632653061224489,1
0.1666666666666666,-1.0,0.8878580782902484,0.9591836734693876,1
0.6666666666666666,-1.0,-0.9447654263924196,0.8163265306122449,1
-0.5277777777777778,-1.0,-0.3560588552499807,-0.4489795918367347,1
-0.0277777777777777,0.0,0.6699351799883346,-0.4693877551020408,0
-0.5833333333333334,0.0,-0.107519781658908,0.2653061224489796,0
0.8888888888888888,0.0,0.7241022593460772,0.4081632653061224,0
1.0,-1.0,0.0966907678255032,0.6938775510204082,1
0.8333333333333334,0.0,-0.3820418853929369,0.0612244897959183,0
0.0,-1.0,-0.0670320358325904,-0.0408163265306122,1
-0.9444444444444444,0.0,0.8759395600162876,-0.6122448979591837,0
0.8888888888888888,-1.0,-0.8914457393773317,-0.2857142857142857,1
0.5277777777777778,-1.0,0.3992098341532129,0.0612244897959183,1
-0.5277777777777778,-1.0,0.1241594858419448,0.8775510204081632,1
0.9444444444444444,-1.0,-0.791156305369386,-0.9591836734693876,1
0.0,-1.0,0.0426117292306337,0.2857142857142857,1
-0.9722222222222222,0.0,0.4502954868103932,0.2040816326530612,0
0.8333333333333334,0.0,-0.9545599612620644,-0.0612244897959183,0
0.1666666666666666,-1.0,-0.7302541076518428,-0.3877551020408163,1
-0.4166666666666667,-1.0,-0.304797121067054,0.3061224489795918,1
0.8611111111111112,-1.0,-0.5415497375284757,-0.2653061224489796,1
0.1666666666666666,-1.0,-0.1924020821640419,0.7755102040816326,1
0.8611111111111112,0.0,-0.8582103513926949,0.0,0
0.7777777777777778,-1.0,0.5604014658787019,-0.1428571428571428,1
-0.2777777777777778,0.0,0.997457822972036,-0.9591836734693876,0
-0.1666666666666666,0.0,0.1734623130509426,-1.020408163265306,0
-0.9166666666666666,-1.0,-0.733687697403898,-0.0612244897959183,1
0.9166666666666666,0.0,-0.6009772524678927,0.8775510204081632,0
-0.3611111111111111,0.0,-0.4528046485522797,-0.2857142857142857,0
-0.0555555555555555,-1.0,0.3511835980058767,-0.4285714285714285,1
0.6111111111111112,-1.0,-0.3803471007076276,-0.4897959183673469,1
0.5,-1.0,-0.4271847865561755,-0.9591836734693876,1
0.3611111111111111,0.0,-0.9505100861698966,-0.6530612244897959,0
-0.6111111111111112,-1.0,-0.2814002883334984,0.5306122448979592,1
0.4722222222222222,-1.0,-0.138576160762433,-0.3673469387755102,1
-0.4444444444444444,0.0,-0.593515797814388,0.0408163265306122,0
0.0833333333333333,-1.0,-0.9097141976735228,0.1632653061224489,1
0.7222222222222222,0.0,0.4741765437397515,-0.0204081632653061,0
0.1666666666666666,0.0,0.4559631109203561,0.0,0
-0.0277777777777777,0.0,0.7536069200039618,-0.5102040816326531,0
0.8333333333333334,-1.0,0.3277537499862436,0.7959183673469388,1
-0.7777777777777778,0.0,-0.624286044438575,0.4897959183673469,0
-0.5555555555555556,-1.0,0.3288102391407221,0.2448979591836734,1
0.3611111111111111,-1.0,0.9295673897014316,-0.5714285714285714,1
-0.6388888888888888,-1.0,0.4980906159551873,-0.2653061224489796,1
0.75,-1.0,0.0855536113220421,0.7755102040816326,1
0.3611111111111111,0.0,0.1508248318971684,-0.2040816326530612,0
-0.6111111111111112,-1.0,0.739289290941706,-1.0,1
-0.6111111111111112,-1.0,0.104174232669726,-0.6122448979591837,1
0.75,0.0,-0.4492279925605555,0.8571428571428571,0
0.6388888888888888,0.0,-0.0359206312522698,-0.8979591836734694,0
-0.75,-1.0,0.1707220443065139,-0.6938775510204082,1
0.1388888888888889,-1.0,0.4163997931042072,-0.0408163265306122,1
-0.4722222222222222,-1.0,0.0183234837729868,-1.020408163265306,1
-0.1944444444444444,0.0,-0.4235641101830147,0.3061224489795918,0
-0.7222222222222222,0.0,-0.2934728779424874,-0.8367346938775511,0
0.25,0.0,-0.735800675712855,0.7551020408163265,0
-1.0,0.0,0.7634234650643248,0.7959183673469388,0
0.0277777777777777,0.0,0.2279925605555372,-0.2448979591836734,0
-0.2222222222222222,-1.0,0.2794193711688512,-1.020408163265306,1
0.5,-1.0,-0.0199632429815004,-0.2653061224489796,1
0.6666666666666666,-1.0,0.1760485104603431,0.8979591836734694,1
0.2222222222222222,0.0,0.8493952700100147,0.2040816326530612,0
0.1666666666666666,-1.0,0.2010851024024123,-0.4081632653061224,1
0.6111111111111112,-1.0,-0.3803360956122685,-0.2857142857142857,1
-0.6111111111111112,0.0,-0.1558651655716597,-0.9387755102040816,0
0.6388888888888888,-1.0,0.190663277097296,0.0204081632653061,1
0.0555555555555555,0.0,0.630107739883566,0.7755102040816326,0
0.2777777777777778,0.0,0.5449503119944534,-1.0,0
0.3611111111111111,-1.0,0.1260413571483596,0.7346938775510204,1
-0.0555555555555555,0.0,-0.5693155931196143,-0.3265306122448979,0
0.1111111111111111,-1.0,-0.8796372720569624,0.6530612244897959,1
-0.1111111111111111,0.0,0.8973554755851959,-0.1020408163265306,0
0.0,-1.0,0.8261855238975646,-0.7755102040816326,1
-0.8611111111111112,0.0,0.3650940385398439,-0.2857142857142857,0
0.1388888888888889,0.0,0.9283128088304884,-0.0816326530612244,0
-0.8888888888888888,-1.0,0.2231283084067923,0.8367346938775511,1
0.6388888888888888,0.0,-0.4843452518516073,0.4897959183673469,0
-0.0277777777777777,0.0,-0.8677187537830016,-0.5102040816326531,0
-0.2222222222222222,-1.0,-0.7738122750833636,0.4489795918367347,1
0.0833333333333333,0.0,0.2872329888738485,-0.2448979591836734,0
0.6111111111111112,-1.0,0.8816732146984053,-0.2448979591836734,1
-0.5555555555555556,0.0,0.4613556076463402,-0.3265306122448979,0
0.9722222222222222,0.0,-0.4717554227607382,0.7142857142857143,0
-0.5555555555555556,-1.0,0.7139995818063763,-0.7346938775510204,1
0.2777777777777778,0.0,-0.3580507775099871,-0.7142857142857143,0
-0.8333333333333334,0.0,0.3761761695665093,-0.5306122448979592,0
0.0277777777777777,-1.0,0.0283271154544554,-0.673469387755102,1
0.8333333333333334,0.0,0.364224636006471,-0.2448979591836734,0
0.5,-1.0,0.4306954119757448,0.8979591836734694,1
-0.0277777777777777,-1.0,-0.0894604201745408,0.2040816326530612,1
0.8611111111111112,0.0,0.580342698669484,-0.5102040816326531,0
0.8611111111111112,-1.0,0.7049313832304357,0.673469387755102,1
-0.25,0.0,0.963331022263308,-0.6530612244897959,0
-0.3055555555555556,-1.0,-0.971056599205432,-0.3877551020408163,1
0.8888888888888888,-1.0,-0.0018488560203374,-0.4489795918367347,1
-0.9722222222222222,-1.0,0.223689568270109,-0.6122448979591837,1
-0.25,-1.0,0.6032222919211595,0.0,1
-0.5,-1.0,-0.8952645074669572,-0.3061224489795918,1
-0.0833333333333333,-1.0,0.3959743361176224,0.4081632653061224,1
-0.4444444444444444,0.0,-0.910814707209438,-0.2448979591836734,0
-0.75,0.0,-0.5831269877953492,-0.3877551020408163,0
-0.9722222222222222,0.0,-0.2973246613181903,-0.8367346938775511,0
0.75,0.0,-0.6071841262504539,-0.6938775510204082,0
0.5,0.0,-0.5968503417082109,-1.0,0
0.6666666666666666,0.0,0.8453784102039245,0.9387755102040816,0
-0.0277777777777777,0.0,0.5655298403160663,-0.9183673469387756,0
0.8055555555555556,-1.0,0.7610903848481847,-0.4489795918367347,1
0.6388888888888888,-1.0,0.6661274169940683,0.0816326530612244,1
0.0,-1.0,0.6232735756655331,0.9591836734693876,1
-0.3333333333333333,0.0,0.9228322713416311,0.7755102040816326,0
0.4444444444444444,0.0,-0.3400904618838522,-0.979591836734694,0
-0.6944444444444444,-1.0,0.1044823753397823,-0.3469387755102041,1
0.9444444444444444,0.0,0.0794017630162765,-0.2448979591836734,0
-0.4722222222222222,0.0,0.1393135021514961,-0.9591836734693876,0
-0.8888888888888888,-1.0,0.3799949376561348,-0.2040816326530612,1
-0.9166666666666666,-1.0,-0.0837927960645779,0.6530612244897959,1
-0.5,-1.0,-0.9118381810778392,0.1224489795918367,1
-0.1111111111111111,0.0,0.532261437045352,-0.6938775510204082,0
-0.0277777777777777,0.0,-0.3791475453134801,0.0816326530612244,0
0.4444444444444444,0.0,0.2237445937469048,-0.4081632653061224,0
-0.4444444444444444,-1.0,0.3076474407650742,0.1632653061224489,1
0.1111111111111111,0.0,-0.77995311829377,0.1836734693877551,0
-0.1666666666666666,-1.0,-0.1950433050502382,0.3673469387755102,1
-0.0833333333333333,-1.0,-0.6967435922832271,-0.7346938775510204,1
-0.75,0.0,-0.625078411304434,-0.2040816326530612,0
-0.5833333333333334,-1.0,0.1173143165285527,0.1020408163265306,1
0.6111111111111112,-1.0,0.6700782462280036,-0.9183673469387756,1
0.6944444444444444,0.0,0.0896034864142097,-0.5102040816326531,0
-0.0555555555555555,-1.0,0.7183686046639595,0.0816326530612244,1
0.8611111111111112,-1.0,-0.0861588915667954,0.9183673469387756,1
-1.0,0.0,-0.1198014680797209,0.1428571428571428,0
-0.3611111111111111,-1.0,0.3913632011621381,0.5510204081632653,1
0.7777777777777778,-1.0,-0.9340024431311698,-0.5714285714285714,1
0.0,0.0,-0.0272486161092585,-0.6326530612244898,0
-0.8888888888888888,0.0,0.9433237589003708,0.5102040816326531,0
0.5833333333333334,0.0,-0.2574201855459077,0.9183673469387756,0
0.4722222222222222,0.0,-0.4975183509965113,0.4897959183673469,0
-0.3611111111111111,-1.0,-0.243399694058349,-0.5306122448979592,1
1.0,-1.0,0.3438652095920411,-0.8367346938775511,1
-0.9166666666666666,-1.0,-0.2030440093763412,0.1020408163265306,1
0.4166666666666667,0.0,0.7208777664058459,-0.1632653061224489,0
0.5833333333333334,-1.0,-0.4150681765657499,0.8163265306122449,1
0.4444444444444444,0.0,-0.5812451164889344,-0.8979591836734694,0
-0.3888888888888889,0.0,-0.2281466318905653,0.8979591836734694,0
-0.8611111111111112,-1.0,0.2720899776596564,-0.1428571428571428,1
-0.3611111111111111,-1.0,0.8070366579726413,0.5714285714285714,1
-0.5555555555555556,0.0,0.8160938514532229,-0.5918367346938775,0
0.6666666666666666,-1.0,0.3035095249100333,-0.3673469387755102,1
-0.3888888888888889,0.0,-0.9734777201844454,0.0,0
-0.9444444444444444,-1.0,-0.7461124500643798,-0.4285714285714285,1
0.5277777777777778,0.0,-0.8032068847876567,-0.6122448979591837,0
-0.1944444444444444,-1.0,-0.4790297907931372,0.1224489795918367,1
0.0555555555555555,0.0,-0.1256561788107894,0.4693877551020408,0
0.4722222222222222,-1.0,0.9755576832073248,-0.7346938775510204,1
0.0833333333333333,-1.0,-0.6022098231481176,-0.8367346938775511,1
0.1666666666666666,-1.0,0.1635027017509106,0.9591836734693876,1
0.5277777777777778,0.0,-0.3066789923734689,0.3877551020408163,0
0.7777777777777778,-1.0,-0.7681446509734007,-0.5102040816326531,1
-0.1666666666666666,0.0,-0.0892293131719986,-0.5102040816326531,0
0.6388888888888888,-1.0,0.0039508292339353,0.4693877551020408,1
0.1388888888888889,0.0,0.9435108455214763,-0.2244897959183673,0
0.1666666666666666,0.0,0.7578328766218759,0.0612244897959183,0
-0.8611111111111112,-1.0,-0.0271165549649487,-0.5918367346938775,1
-0.25,0.0,0.9852091518373006,-0.6530612244897959,0
0.25,0.0,-0.1786347078697437,-0.5306122448979592,0
-1.0,0.0,0.5502217526714869,0.1020408163265306,0
0.4722222222222222,0.0,-0.1734403028602242,-0.7142857142857143,0
-0.8333333333333334,-1.0,-0.7376385266378334,0.4693877551020408,1
0.4722222222222222,-1.0,0.1467089262328458,0.3061224489795918,1
0.9166666666666666,-1.0,0.288278472932968,0.5510204081632653,1
-0.2777777777777778,0.0,0.822432786380094,-1.0,0
0.4444444444444444,0.0,-0.971551828496594,0.3469387755102041,0
0.1111111111111111,-1.0,0.7127450009354331,0.1020408163265306,1
0.9444444444444444,-1.0,-0.1639429055652767,0.6530612244897959,1
-0.7777777777777778,-1.0,-0.9633970528354628,0.1632653061224489,1
0.4166666666666667,-1.0,0.7829024838500226,0.0408163265306122,1
0.5277777777777778,0.0,-0.7882839754806475,0.7142857142857143,0
0.9444444444444444,-1.0,-0.3003510625419569,0.4489795918367347,1
0.2777777777777778,0.0,-0.0839688775903243,0.4897959183673469,0
0.8611111111111112,0.0,-0.7107420735800676,-0.7755102040816326,0
0.2777777777777778,0.0,0.7060649080524283,0.673469387755102,0
0.25,-1.0,0.2007879648277152,0.5306122448979592,1
0.2777777777777778,0.0,0.6787942817524514,0.4285714285714285,0
-0.9166666666666666,0.0,0.2267049643985165,-0.8979591836734694,0
0.6944444444444444,0.0,-0.3191807807014648,0.6530612244897959,0
0.8055555555555556,0.0,0.5549209283898445,-0.8775510204081632,0
0.6111111111111112,0.0,-0.2177138014900899,-0.7142857142857143,0
0.3611111111111111,0.0,0.4879769333201272,0.1632653061224489,0
0.8611111111111112,-1.0,0.9859134779402864,0.7755102040816326,1
0.1388888888888889,0.0,-0.3367118976085927,-0.6530612244897959,0
0.0277777777777777,0.0,-0.2649476707715672,0.8163265306122449,0
-0.4166666666666667,0.0,0.9292482419360164,0.6938775510204082,0
0.6388888888888888,-1.0,-0.0746475618211231,1.0,1
-0.5555555555555556,-1.0,-0.2191004435053429,0.1020408163265306,1
0.8888888888888888,0.0,-0.2931977505585086,0.1836734693877551,0
-0.3888888888888889,-1.0,-0.0610782792432896,0.0204081632653061,1
0.3888888888888889,-1.0,-0.1957256209625056,-1.020408163265306,1
0.6944444444444444,0.0,0.1568776343447016,0.3061224489795918,0
-0.6944444444444444,0.0,0.3090230776849681,0.3061224489795918,0
0.8055555555555556,0.0,0.6840547173341257,0.2448979591836734,0
-0.3611111111111111,-1.0,0.3513816897223414,-0.2244897959183673,1
0.7777777777777778,-1.0,0.201789428505398,-0.7551020408163265,1
0.5833333333333334,-1.0,0.8348905543266533,-0.0816326530612244,1
0.6666666666666666,-1.0,-0.0186646417291205,0.8775510204081632,1
-0.0277777777777777,0.0,-0.5667844211870096,-0.8367346938775511,0
0.6666666666666666,0.0,0.4462125964321481,-0.1428571428571428,0
0.5833333333333334,0.0,-0.6485742898962219,0.5510204081632653,0
0.3333333333333333,-1.0,0.2830620577327302,0.1632653061224489,1
0.8888888888888888,-1.0,-0.3815356510064159,-0.9183673469387756,1
-0.6944444444444444,0.0,0.4354165978848207,0.6326530612244898,0
-0.9722222222222222,-1.0,0.5771292108246118,-0.8571428571428571,1
0.3888888888888889,0.0,-0.7776420482683483,0.9591836734693876,0
0.8333333333333334,0.0,-0.9495306326829324,0.4897959183673469,0
0.3611111111111111,-1.0,0.8654627092343755,-0.8367346938775511,1
-0.2222222222222222,-1.0,-0.1461036459880924,0.6122448979591837,1
0.0277777777777777,-1.0,0.4825844365941431,-0.2653061224489796,1
0.8333333333333334,0.0,-0.3625628666072391,-0.0204081632653061,0
0.3611111111111111,0.0,0.2248230930921016,-0.2653061224489796,0
0.4166666666666667,-1.0,0.9798056500159574,-0.5306122448979592,1
0.3055555555555556,0.0,0.1128462478127372,0.8571428571428571,0
0.6666666666666666,0.0,-0.7785224558970804,-0.0612244897959183,0
-0.3888888888888889,0.0,-0.1259973367669231,0.0204081632653061,0
0.5,-1.0,0.6074372434437144,-0.1020408163265306,1
0.0,0.0,-0.1977065381271528,-0.4693877551020408,0
-0.9722222222222222,-1.0,0.142361913565981,-0.1020408163265306,1
0.2222222222222222,-1.0,-0.601582532712646,0.5102040816326531,1
0.0277777777777777,0.0,0.5428263285901372,-0.0204081632653061,0
-0.7777777777777778,-1.0,0.5023715980498971,0.6530612244897959,1
-0.0833333333333333,0.0,0.4933694300461113,0.4081632653061224,0
-0.0833333333333333,0.0,0.906236587540031,-0.2040816326530612,0
-0.5555555555555556,0.0,-0.4686629909648167,0.8163265306122449,0
0.6944444444444444,-1.0,-0.4325992934728779,-0.4489795918367347,1
-0.0277777777777777,-1.0,-0.2583226033653581,-0.7755102040816326,1
-0.1388888888888889,-1.0,0.8929754476322538,0.0408163265306122,1
-0.1666666666666666,0.0,-0.9146664905851408,0.0204081632653061,0
-0.8611111111111112,-1.0,0.721031837740874,0.6938775510204082,1
0.7222222222222222,-1.0,0.5236554524744957,0.3265306122448979,1
-0.9722222222222222,-1.0,0.6612521597499642,0.8979591836734694,1
0.6944444444444444,-1.0,-0.1491300472118591,0.5102040816326531,1
0.5833333333333334,-1.0,0.1684659997578879,-0.4897959183673469,1
-0.2777777777777778,-1.0,0.1264375405812891,0.5306122448979592,1
-0.0555555555555555,0.0,0.4743746354562162,0.8163265306122449,0
0.4166666666666667,0.0,0.6166925286407606,-0.4897959183673469,0
0.3333333333333333,-1.0,0.5567807895055411,-0.3877551020408163,1
-0.4444444444444444,-1.0,0.7320039178139479,-0.4081632653061224,1
0.2777777777777778,-1.0,0.3087479503009893,0.1836734693877551,1
-0.25,-1.0,0.9375570889321756,-0.9591836734693876,1
0.5277777777777778,-1.0,-0.5494513959963463,-0.3265306122448979,1
0.25,-1.0,-0.1488439147325211,0.979591836734694,1
0.5277777777777778,0.0,-0.6726424334466858,0.6326530612244898,0
0.8055555555555556,-1.0,0.0442955088205839,0.3877551020408163,1
0.5555555555555556,0.0,-0.6089559466032773,-0.5714285714285714,0
-0.4166666666666667,-1.0,0.6929908547657565,-0.9183673469387756,1
0.8888888888888888,-1.0,-0.4058789219408586,0.0612244897959183,1
-0.3611111111111111,0.0,-0.6563989126965785,-0.1632653061224489,0
0.0833333333333333,-1.0,0.1193062387885591,-0.2448979591836734,1
0.4166666666666667,0.0,0.6395721218924362,0.0612244897959183,0
0.3333333333333333,0.0,-0.2165692715727381,-0.1020408163265306,0
-0.3888888888888889,0.0,-0.5940770576777048,-0.7142857142857143,0
0.1666666666666666,-1.0,-0.0035986661824424,0.5918367346938775,1
-0.2222222222222222,-1.0,0.7929391308175685,0.9591836734693876,1
0.9444444444444444,0.0,0.6597334565904014,1.0,0
0.0833333333333333,-1.0,0.6032222919211595,0.0816326530612244,1
-0.0833333333333333,-1.0,-0.793335314250498,-0.1632653061224489,1
0.4444444444444444,0.0,-0.5890257189078544,-0.5918367346938775,0
0.2777777777777778,-1.0,0.7436803239900074,0.3469387755102041,1
0.75,0.0,0.9623625738717028,0.4693877551020408,0
-0.9444444444444444,-1.0,0.8275501557220993,-0.2244897959183673,1
0.1111111111111111,0.0,-0.0498530819769553,-0.0816326530612244,0
0.6388888888888888,-1.0,0.3369099893250575,-0.5918367346938775,1
-0.3611111111111111,-1.0,0.7187867982876072,0.0204081632653061,1
0.8888888888888888,0.0,-0.6270043029922854,0.2244897959183673,0
-0.3888888888888889,0.0,-0.3203363157141756,0.5714285714285714,0
-0.3055555555555556,-1.0,0.199830521531469,-0.8979591836734694,1
0.0555555555555555,0.0,-0.6660723915172725,-0.0816326530612244,0
0.5555555555555556,-1.0,-0.7538600371972223,0.4897959183673469,1
0.7777777777777778,0.0,0.286902836013074,0.2448979591836734,0
-0.8055555555555556,-1.0,0.2908756754377277,-0.1428571428571428,1
-0.0555555555555555,0.0,-0.9510493358424952,-1.020408163265306,0
-0.5,0.0,0.8425721108873409,-0.4081632653061224,0
0.1111111111111111,0.0,0.1723728086103866,-0.4285714285714285,0
0.8055555555555556,-1.0,-0.919035513442724,0.4693877551020408,1
-0.1388888888888889,-1.0,0.1573618585405042,0.5714285714285714,1
0.6944444444444444,-1.0,0.155964211429892,-0.8979591836734694,1
-0.5,-1.0,0.272860334334797,0.8571428571428571,1
0.0555555555555555,0.0,-0.6466924185898071,0.0204081632653061,0
0.5555555555555556,0.0,0.0031804725587947,0.4897959183673469,0
-0.6944444444444444,-1.0,-0.322185171734513,-0.2653061224489796,1
-0.1666666666666666,0.0,-0.4218143000209097,0.5714285714285714,0
0.1944444444444444,0.0,0.7108301143429407,0.1224489795918367,0
-0.3333333333333333,0.0,0.1684439895671696,0.2653061224489796,0
-0.9444444444444444,0.0,0.893943896023859,0.3673469387755102,0
-0.5555555555555556,0.0,-0.0993870161884952,0.1632653061224489,0
-0.5833333333333334,0.0,-0.6017586142383924,0.9183673469387756,0
-0.4444444444444444,0.0,0.5171074207358006,-0.2040816326530612,0
-0.0833333333333333,0.0,-0.5420119515335601,0.1632653061224489,0
-0.8888888888888888,0.0,0.3954901119218198,0.0408163265306122,0
0.3611111111111111,0.0,-0.4874596938382471,0.979591836734694,0
0.8333333333333334,-1.0,-0.2242618332287849,0.0,1
-0.7777777777777778,-1.0,0.50142515984901,0.1224489795918367,1
0.4166666666666667,0.0,0.5582774824743857,-0.2244897959183673,0
-0.9722222222222222,0.0,-0.7027193590632462,0.0408163265306122,0
0.0555555555555555,-1.0,0.5617110722264408,-0.7959183673469388,1
-0.3611111111111111,0.0,0.3866530203484213,-0.6122448979591837,0
-0.8888888888888888,-1.0,0.2495955627455512,-0.7551020408163265,1
0.4166666666666667,0.0,-0.9803999251653516,-0.2448979591836734,0
0.0833333333333333,-1.0,-0.3437771688291679,-0.9387755102040816,1
-0.8333333333333334,0.0,0.9892040014526726,0.2857142857142857,0
-0.6388888888888888,0.0,-0.1820242772403623,-1.0,0
-0.8055555555555556,0.0,0.6797737352394159,0.3877551020408163,0
0.0277777777777777,0.0,-0.2820385838643292,-0.3469387755102041,0
0.0,0.0,0.6954339859354881,-0.5714285714285714,0
-0.4166666666666667,0.0,-0.5412525999537786,-0.4897959183673469,0
-0.6388888888888888,0.0,0.3926287871284404,0.6122448979591837,0
0.5,0.0,0.9566949497617396,-0.8163265306122449,0
0.9166666666666666,-1.0,-0.902670936643666,-0.3673469387755102,1
0.4722222222222222,0.0,0.6549902604906072,0.979591836734694,0
0.4166666666666667,-1.0,-0.16869710676043,-0.7959183673469388,1
-0.4722222222222222,-1.0,-0.5909736207864241,-0.4897959183673469,1
-0.1944444444444444,-1.0,0.0542551201206158,-0.7346938775510204,1
-0.0555555555555555,0.0,0.8656497958554811,0.1632653061224489,0
-0.1388888888888889,-1.0,-0.1013129078763467,0.2448979591836734,1
0.5555555555555556,0.0,0.8327335556362596,-0.4489795918367347,0
-0.5555555555555556,0.0,0.5682370937744176,-0.0204081632653061,0
0.5,0.0,-0.3876104636446675,0.2857142857142857,0
-0.5,-1.0,0.326036955110216,0.2857142857142857,1
-0.7222222222222222,0.0,0.3993859156789593,0.7551020408163265,0
1.0,-1.0,0.0620577327302541,-1.0,-1
-0.1944444444444444,0.0,-0.2398230380666248,-0.5510204081632653,0
0.8888888888888888,0.0,-0.5267368791750581,-0.8979591836734694,0
0.5277777777777778,-1.0,0.1690822850980003,-0.7346938775510204,1
0.0277777777777777,-1.0,-0.2779336832953658,0.6938775510204082,1
0.3611111111111111,0.0,-0.5315240956562889,0.1632653061224489,0
0.6666666666666666,0.0,-0.9769993506993738,-0.1428571428571428,0
0.2777777777777778,0.0,-0.0041819362364774,0.2448979591836734,0
-0.3055555555555556,-1.0,0.2592030109940902,-0.3061224489795918,1
0.8055555555555556,-1.0,-0.0551245226539887,-1.020408163265306,1
-0.5555555555555556,0.0,0.1755752913598996,0.6938775510204082,0
0.6388888888888888,-1.0,-0.8467650522191775,0.2448979591836734,1
0.1388888888888889,0.0,0.0245963881277031,0.0204081632653061,0
0.5,-1.0,-0.7766515896860247,-0.4081632653061224,1
0.0833333333333333,0.0,-0.4997633904497782,0.1224489795918367,0
0.4722222222222222,0.0,0.928345824116566,0.2448979591836734,0
-0.6388888888888888,0.0,-0.865935928334819,-0.0612244897959183,0
0.75,-1.0,-0.4002112978308957,-0.5510204081632653,1
0.7777777777777778,0.0,0.0873804571516612,0.1428571428571428,0
-0.3611111111111111,0.0,0.0578097659216217,-0.7551020408163265,0
0.1111111111111111,-1.0,0.194008826086478,-0.3469387755102041,1
0.5,-1.0,0.5685122211583964,0.9387755102040816,1
0.7222222222222222,0.0,-0.1495922612169434,-0.0816326530612244,0
-0.8611111111111112,-1.0,-0.3901856559587088,0.9591836734693876,1
0.8055555555555556,-1.0,0.5984460805352878,-0.673469387755102,1
-0.5277777777777778,-1.0,0.9518086874222764,0.4081632653061224,1
0.3611111111111111,0.0,0.1462247020370431,-0.6530612244897959,0
-0.6944444444444444,-1.0,-0.1230919915921071,-0.2653061224489796,1
0.3333333333333333,-1.0,0.3399914160256199,-0.1428571428571428,1
-0.5833333333333334,-1.0,0.8139148425721109,0.673469387755102,1
0.9166666666666666,0.0,0.3402885536003169,-0.1428571428571428,0
0.5,-1.0,-0.7767286253535387,0.7346938775510204,1
0.1944444444444444,0.0,0.9477037868533132,0.3061224489795918,0
0.25,0.0,0.6767913543970858,0.4489795918367347,0
0.4166666666666667,-1.0,-0.3417082109016474,-0.2040816326530612,1
-0.6388888888888888,0.0,0.4822212684472911,0.1428571428571428,0
-0.75,-1.0,0.2414958125612158,0.979591836734694,1
-0.8888888888888888,0.0,-0.3642686563879076,-0.7755102040816326,0
-0.4444444444444444,-1.0,0.8271979926706065,0.4081632653061224,1
0.8055555555555556,-1.0,-0.8578361781504836,0.1428571428571428,1
-0.1111111111111111,0.0,-0.1976515126503571,-0.4897959183673469,0
-0.4444444444444444,-1.0,-0.4802953767594396,0.2040816326530612,1
0.5833333333333334,0.0,0.2200688918969482,-0.6122448979591837,0
0.4444444444444444,-1.0,-0.1997754960546733,-0.8163265306122449,1
0.8611111111111112,-1.0,0.4822102633519319,-0.4081632653061224,1
0.9166666666666666,-1.0,0.4809666875763478,0.3877551020408163,1
0.0833333333333333,0.0,-0.8508149273113451,-0.1632653061224489,0
-0.5,-1.0,-0.1342401531909273,0.5918367346938775,1
0.0,0.0,0.7205586186404305,-0.2857142857142857,0
-0.3055555555555556,-1.0,-0.5793852553732378,0.6122448979591837,1
0.9166666666666666,-1.0,-0.92725631967601,0.3877551020408163,1
-0.4166666666666667,-1.0,-0.683053253656443,-0.5102040816326531,1
0.5555555555555556,0.0,0.2772733775738167,-0.5102040816326531,0
-0.25,-1.0,-0.4123279078213213,-0.6122448979591837,1
-0.7777777777777778,-1.0,0.5467661527287134,0.5306122448979592,1
-0.2777777777777778,0.0,0.5938899710565992,0.5714285714285714,0
-0.9166666666666666,0.0,0.3937072864736373,-0.3061224489795918,0
-0.6388888888888888,-1.0,0.3853654241914006,0.6122448979591837,1
0.7777777777777778,0.0,0.0049853081976955,-0.7142857142857143,0
-0.8888888888888888,0.0,-0.1010377804923679,-0.4693877551020408,0
-0.0277777777777777,0.0,-0.4124599689656311,1.0,0
0.4166666666666667,0.0,0.9178469631439355,0.4081632653061224,0
-0.6666666666666666,-1.0,0.9592481318850627,-0.8571428571428571,1
0.2777777777777778,-1.0,0.8191862832491443,-0.673469387755102,1
0.7777777777777778,-1.0,0.9418710863129628,0.4693877551020408,1
0.0833333333333333,-1.0,0.6396711677506686,-0.3877551020408163,1
-0.8888888888888888,-1.0,0.3396612631648453,0.0,1
0.0555555555555555,0.0,-0.124687730419184,0.0408163265306122,0
1.0,-1.0,0.9897322460299118,-0.8163265306122449,1
-0.5555555555555556,-1.0,-0.5648475244037989,0.2244897959183673,1
-0.3611111111111111,0.0,-0.1551278241825965,0.5510204081632653,0
-0.9166666666666666,-1.0,0.4052736416961053,0.6938775510204082,1
-0.9166666666666666,0.0,-0.5002696248362992,0.7551020408163265,0
-0.1944444444444444,0.0,-0.7572826218539184,-0.8367346938775511,0
0.9166666666666666,0.0,0.3682084805264837,0.4285714285714285,0
0.8888888888888888,0.0,0.8166991316979761,-0.5510204081632653,0
0.4722222222222222,-1.0,-0.383868731222556,-0.5102040816326531,1
-0.9444444444444444,0.0,0.4512199148205619,0.979591836734694,0
-0.5833333333333334,0.0,0.3365358160828464,-0.8775510204081632,0
0.2777777777777778,0.0,0.951698636468685,0.6530612244897959,0
0.8333333333333334,0.0,0.9662913929149196,0.7142857142857143,0
0.3333333333333333,0.0,0.4875587396964794,-0.1020408163265306,0
-0.9166666666666666,-1.0,-0.4771919398681589,0.4081632653061224,1
0.4722222222222222,-1.0,-0.443373281829487,-0.8979591836734694,1
-0.1666666666666666,0.0,-0.8237974182046287,0.4285714285714285,0
0.4166666666666667,-1.0,0.3439752605456326,-0.4081632653061224,1
-0.3333333333333333,-1.0,-0.6479690096514686,0.9591836734693876,1
0.2222222222222222,0.0,0.7896926276866189,-0.0612244897959183,0
-0.1111111111111111,-1.0,-0.3686816996269272,-0.1428571428571428,1
0.7777777777777778,0.0,0.6482331319400882,0.8367346938775511,0
0.8333333333333334,0.0,-0.2059163392650797,0.9183673469387756,0
-0.5555555555555556,-1.0,-0.4577899567499752,-0.8571428571428571,1
0.0,-1.0,-0.774054387181265,0.8163265306122449,1
-0.4722222222222222,-1.0,-0.5068286616703533,0.5510204081632653,1
1.0,0.0,0.2658610936863768,0.2244897959183673,0
-0.4166666666666667,0.0,0.8934376616373381,-0.0204081632653061,0
0.9166666666666666,-1.0,0.2488692264518472,-0.9183673469387756,1
-0.4166666666666667,0.0,0.1081580771897388,-0.2653061224489796,0
0.7222222222222222,-1.0,-0.6656321877029064,-0.4081632653061224,1
0.3888888888888889,-1.0,0.3450757700815478,0.0,1
0.3333333333333333,-1.0,0.0415772502668735,0.4489795918367347,1
0.8611111111111112,0.0,0.2188033059306459,0.2040816326530612,0
-0.4722222222222222,0.0,0.9568160058106904,0.0816326530612244,0
-0.0277777777777777,-1.0,0.1992802667635115,-0.8775510204081632,1
0.0833333333333333,0.0,-0.0598126932769872,-0.7551020408163265,0
0.9722222222222222,0.0,-0.5173055124522654,-0.5918367346938775,0
0.25,0.0,-0.2227761453552995,-0.5102040816326531,0
-0.4722222222222222,-1.0,0.7798430673401785,0.7551020408163265,1
0.1111111111111111,0.0,0.6357533538028107,-0.4489795918367347,0
0.2222222222222222,-1.0,0.4580100586571582,-0.3061224489795918,1
0.75,-1.0,-0.0713240230226594,-0.9183673469387756,1
0.9722222222222222,-1.0,0.2693056885337911,-1.0,1
-0.9722222222222222,0.0,0.3856295464800202,-0.3061224489795918,0
-0.4166666666666667,0.0,0.9421352086015824,-0.1020408163265306,0
-0.3333333333333333,-1.0,0.9112989314052408,0.7755102040816326,1
0.1111111111111111,0.0,-0.0976482111217493,-0.8163265306122449,0
0.5,0.0,-0.134867443626399,0.7755102040816326,0
-0.8333333333333334,0.0,0.7793038176675801,-0.6938775510204082,0
1.0,-1.0,-0.7748247438564055,0.2653061224489796,1
-0.8055555555555556,-1.0,0.3738650995410875,-0.1224489795918367,1
0.8333333333333334,0.0,-0.1512100102347386,0.5510204081632653,0
-0.0555555555555555,-1.0,-0.9301836750415442,-0.2040816326530612,1
0.3333333333333333,-1.0,-0.4640408509139732,0.6122448979591837,1
0.0277777777777777,0.0,0.7895715716376682,0.1428571428571428,0
-0.6666666666666666,-1.0,-0.1282863966016265,0.979591836734694,1
0.6944444444444444,0.0,0.4747047883169907,0.8979591836734694,0
0.5833333333333334,0.0,-0.241726919563758,-0.8571428571428571,0
-0.7222222222222222,-1.0,-0.4218693254977054,0.1632653061224489,1
0.9444444444444444,0.0,-0.7686839006459991,0.3265306122448979,0
-0.3333333333333333,-1.0,-0.759945854930833,0.0408163265306122,1
-0.1666666666666666,0.0,-0.4171701497793478,-1.020408163265306,0
0.2777777777777778,0.0,0.4048004225956618,-0.7142857142857143,0
-0.2777777777777778,-1.0,-0.8273630691009938,0.1224489795918367,1
-0.4166666666666667,0.0,-0.8324254129662033,-0.8163265306122449,0
-0.6111111111111112,-1.0,-0.6963143935642202,-0.9591836734693876,1
0.7222222222222222,-1.0,0.3042468662990965,0.6938775510204082,1
-0.5555555555555556,-1.0,-0.6890290204364621,-1.0,1
0.4444444444444444,0.0,0.7777300890312214,-0.2040816326530612,0
0.8055555555555556,0.0,0.7877007054266125,0.5918367346938775,0
-0.6388888888888888,-1.0,0.9701761915767,0.4285714285714285,1
-1.0,0.0,0.2563967116775066,0.7346938775510204,0
0.8888888888888888,0.0,-0.4480504473571263,-0.3877551020408163,0
0.7777777777777778,0.0,-0.096239558915778,0.5306122448979592,0
0.8888888888888888,0.0,-0.1374646461311587,-0.3265306122448979,0
-0.5555555555555556,-1.0,-0.6336733907799311,0.6326530612244898,1
-0.2222222222222222,-1.0,0.223106298216074,-0.5918367346938775,1
0.0,-1.0,0.0461883852223579,0.9387755102040816,1
0.8611111111111112,-1.0,-0.6582257585261976,-0.7346938775510204,1
-0.1388888888888889,0.0,-0.2308648904442757,0.9183673469387756,0
0.5277777777777778,-1.0,0.8939659062145774,0.2448979591836734,1
0.1666666666666666,-1.0,0.7103899105285747,-0.6326530612244898,1
0.2222222222222222,0.0,0.4915755995025697,-0.6938775510204082,0
-0.9166666666666666,0.0,-0.8355178447621249,0.8571428571428571,0
0.3055555555555556,0.0,0.5877381227508336,0.2653061224489796,0
0.8055555555555556,0.0,-0.3783001529708255,0.6326530612244898,0
-0.3333333333333333,-1.0,-0.8889805980168818,-0.8979591836734694,1
1.0,0.0,0.5950014856878735,-0.9591836734693876,0
0.6666666666666666,-1.0,-0.7002762278935147,0.4285714285714285,1
0.1944444444444444,-1.0,0.5514433182563527,0.3877551020408163,1
0.2777777777777778,-1.0,0.6269382724201306,0.0816326530612244,1
-1.0,0.0,0.4952843166386036,-0.4285714285714285,0
-0.5277777777777778,-1.0,-0.354628192853291,0.4081632653061224,1
-1.0,-1.0,-0.8345714065612378,-1.0,-1
0.8055555555555556,-1.0,0.1130003191477654,-0.6122448979591837,1
0.1111111111111111,0.0,-0.8605984570856307,-0.2857142857142857,0
-0.9444444444444444,-1.0,-0.7001001463677683,0.7551020408163265,1
0.6666666666666666,0.0,0.55990623658754,0.5918367346938775,0
0.4722222222222222,0.0,0.2216756358193843,0.2040816326530612,0
0.0,0.0,0.0321018631626443,-0.1428571428571428,0
-0.6944444444444444,-1.0,-0.251840602198818,-0.8571428571428571,1
-0.1666666666666666,-1.0,0.5819604476872792,0.3265306122448979,1
-0.5,-1.0,0.2236675580793907,0.4285714285714285,1
0.0,-1.0,0.8360680995300824,-0.2653061224489796,1
0.3611111111111111,0.0,0.055212563416862,-0.9387755102040816,0
-0.9722222222222222,0.0,0.1286715749391968,0.1020408163265306,0
-0.5277777777777778,0.0,0.7989919332651018,-0.1836734693877551,0
-0.75,0.0,-0.544851266136221,-0.3469387755102041,0
-1.0,0.0,0.1466759109467683,0.6938775510204082,0
0.25,0.0,0.058194944259192,0.979591836734694,0
0.4722222222222222,-1.0,0.4259522158759505,0.6530612244897959,1
-0.6944444444444444,0.0,-0.8693805231822334,0.5714285714285714,0
-0.1944444444444444,-1.0,0.2352779336832953,-0.0408163265306122,1
0.9722222222222222,0.0,0.7323120604840041,-0.3469387755102041,0
0.3333333333333333,0.0,-0.6659733456590401,0.0612244897959183,0
-0.2222222222222222,-1.0,0.8587055806838566,0.6122448979591837,1
0.9722222222222222,0.0,-0.4769608328656168,-0.0408163265306122,0
-0.5555555555555556,-1.0,-0.8669924174892976,0.5510204081632653,1
-0.3055555555555556,-1.0,-0.2503549143253326,0.6122448979591837,1
0.2777777777777778,-1.0,-0.3030693210956673,0.4489795918367347,1
0.4722222222222222,0.0,0.4972872439939692,-0.3877551020408163,0
-0.3333333333333333,-1.0,-0.2143132270241121,-0.0816326530612244,1
-0.5833333333333334,-1.0,0.6732697238821574,-0.979591836734694,1
-0.8333333333333334,0.0,0.4465097340068452,-0.5510204081632653,0
0.8611111111111112,0.0,-0.3708827186987575,-0.7551020408163265,0
-0.7777777777777778,-1.0,-0.561061771600251,0.5510204081632653,1
0.3055555555555556,-1.0,0.8174364730870393,0.6326530612244898,1
0.8888888888888888,-1.0,0.970682425963221,0.2244897959183673,1
0.4166666666666667,-1.0,-0.4891874938096338,0.673469387755102,1
-0.8611111111111112,0.0,-0.1574609043987366,0.3061224489795918,0
-0.5277777777777778,0.0,-0.1680478061342401,0.4693877551020408,0
-0.25,-1.0,0.9396920774318508,-0.5918367346938775,1
0.4444444444444444,-1.0,0.5752253293274786,-0.1224489795918367,1
0.2222222222222222,-1.0,0.4602881133965026,0.4693877551020408,1
0.0833333333333333,-1.0,-0.2412867157493919,0.979591836734694,1
-0.0555555555555555,-1.0,0.970539359723552,0.2653061224489796,1
-0.1111111111111111,0.0,0.6109258586725654,0.4489795918367347,0
-0.5277777777777778,-1.0,-0.2434547195351447,0.4693877551020408,1
0.3611111111111111,-1.0,0.3701013569282578,-0.7959183673469388,1
-0.9444444444444444,-1.0,-0.5697998173154171,0.3061224489795918,1
-0.8611111111111112,-1.0,-0.8074328414055708,-0.5102040816326531,1
0.3888888888888889,-1.0,0.2281576369859244,0.3877551020408163,1
-0.6388888888888888,0.0,0.6243190597246525,-0.2448979591836734,0
-0.3888888888888889,-1.0,-0.1366722792652998,0.0,1
0.5555555555555556,0.0,0.5688753893052483,-0.9387755102040816,0
-0.5555555555555556,-1.0,-0.5855481087743625,-0.8571428571428571,1
-0.3611111111111111,-1.0,0.5437727667910243,-0.673469387755102,1
0.3333333333333333,-1.0,0.7876676901405351,0.5714285714285714,1
-0.6111111111111112,-1.0,-0.9372599513574784,-0.6530612244897959,1
0.8611111111111112,0.0,-0.0680114893195549,-0.3469387755102041,0
-0.3333333333333333,-1.0,-0.6517217471689393,-0.7755102040816326,1
1.0,0.0,0.4885712084695214,-0.3061224489795918,0
0.4722222222222222,-1.0,-0.1520463974820342,-0.3061224489795918,1
0.8333333333333334,-1.0,-0.8367724256330681,0.3469387755102041,1
0.9166666666666666,0.0,0.3851453222842176,0.6530612244897959,0
0.6111111111111112,-1.0,-0.1138587165857792,0.673469387755102,1
-0.0555555555555555,-1.0,-0.6627488527188088,1.0,1
-0.8611111111111112,-1.0,-0.2734105891027545,-0.6938775510204082,1
0.7222222222222222,-1.0,-0.3151529158000154,-0.8775510204081632,1
0.8333333333333334,-1.0,-0.4134504275479547,0.7755102040816326,1
0.0277777777777777,-1.0,0.2848448831809128,-0.7959183673469388,1
0.6944444444444444,0.0,-0.1695555041984438,-0.3673469387755102,0
0.4444444444444444,0.0,0.980719072930767,0.6938775510204082,0
-0.0277777777777777,-1.0,0.4101048785587727,0.3469387755102041,1
-0.6388888888888888,0.0,0.7559289951247428,-0.6326530612244898,0
0.2777777777777778,0.0,0.6812924383989787,-0.5510204081632653,0
0.1111111111111111,0.0,0.6254085641652085,-0.2448979591836734,0
-0.1666666666666666,0.0,-0.5942641442988104,0.979591836734694,0
0.3055555555555556,-1.0,0.030704216052032,0.1428571428571428,1
0.2222222222222222,0.0,-0.3790264892645295,0.8775510204081632,0
-0.9444444444444444,0.0,-0.5777895165461608,-0.9591836734693876,0
-0.5833333333333334,-1.0,-0.1162578273740742,0.6326530612244898,1
-0.2222222222222222,0.0,0.0645778995674997,0.4897959183673469,0
-0.3611111111111111,-1.0,0.99338593768915,-0.8571428571428571,1
0.3888888888888889,0.0,0.3365248109874872,0.1836734693877551,0
-0.1388888888888889,-1.0,-0.4902439829641123,-0.979591836734694,1
0.8888888888888888,-1.0,0.5011720426557497,0.7346938775510204,1
0.4444444444444444,-1.0,0.2801457074625552,0.1836734693877551,1
0.0277777777777777,0.0,0.6600305941650985,0.6326530612244898,0
0.2777777777777778,-1.0,-0.660217680786204,0.3877551020408163,1
0.9444444444444444,0.0,-0.5419129056753277,0.0408163265306122,0
-0.4166666666666667,-1.0,0.0245963881277031,0.6938775510204082,1
0.1111111111111111,-1.0,0.06976129948166,-0.2653061224489796,1
-0.1388888888888889,0.0,0.9446663805341872,0.979591836734694,0
-0.9444444444444444,-1.0,0.8709212365325145,-0.7755102040816326,1
-0.6388888888888888,-1.0,-0.7537499862436308,1.0,1
-0.2222222222222222,-1.0,0.6906027490728207,0.5510204081632653,1
0.9444444444444444,0.0,0.1360780041159056,0.2857142857142857,0
-0.8055555555555556,-1.0,0.199610419624286,0.6530612244897959,1
0.9166666666666666,-1.0,0.7648871427470919,-0.4897959183673469,1
0.6666666666666666,0.0,0.2624495141250399,-0.6530612244897959,0
-0.1111111111111111,-1.0,-0.5787139445563296,0.4285714285714285,1
0.0277777777777777,-1.0,0.8887164757282622,0.9387755102040816,1
0.8611111111111112,-1.0,0.2686453828122421,-1.020408163265306,1
-0.3611111111111111,0.0,-0.1831357918716365,-0.8775510204081632,0
-0.6388888888888888,0.0,0.4817370442514884,-0.1428571428571428,0
-0.3055555555555556,0.0,0.3903067120076595,-0.6938775510204082,0
0.8055555555555556,0.0,0.2566608339661263,-0.8979591836734694,0
0.4166666666666667,-1.0,0.6619014603761542,-0.8367346938775511,1
-0.25,-1.0,-0.4068913907139005,-0.1224489795918367,1
-0.5,0.0,0.2820055685782517,1.0,0
0.7222222222222222,0.0,0.8992593570823291,-0.6122448979591837,0
0.1388888888888889,-1.0,0.6604157725026687,0.7755102040816326,1
-0.5555555555555556,0.0,0.7677924879219078,0.8571428571428571,0
-0.8611111111111112,0.0,0.8659139181441007,0.0408163265306122,0
-0.9722222222222222,-1.0,-0.0404767407309584,-0.0816326530612244,1
0.1944444444444444,0.0,0.1065293230765844,0.5510204081632653,0
0.8888888888888888,0.0,-0.1029306568941419,-0.2040816326530612,0
-0.9166666666666666,-1.0,0.7665379070509646,-0.7142857142857143,1
0.7222222222222222,-1.0,-0.0809314712711985,0.6122448979591837,1
0.8055555555555556,-1.0,-0.7689920433160553,-0.6122448979591837,1
-0.6111111111111112,0.0,-0.5109885877161126,-0.6938775510204082,0
-0.5,-1.0,-0.4806915601923691,-0.2857142857142857,1
0.3611111111111111,0.0,0.0185655958708882,-0.5918367346938775,0
0.6111111111111112,0.0,-0.1826515676758339,0.2857142857142857,0
-0.1944444444444444,0.0,0.8304885161829927,0.3469387755102041,0
-0.4722222222222222,-1.0,-0.4471260193469576,-0.0612244897959183,1
0.4166666666666667,-1.0,0.2545038352757326,-0.3469387755102041,1
0.2777777777777778,-1.0,0.3794116676020997,0.6938775510204082,1
-0.8333333333333334,-1.0,0.2398780635434206,0.8367346938775511,1
0.3333333333333333,-1.0,-0.8255362232713747,-0.8979591836734694,1
-0.3333333333333333,0.0,0.6816335963551124,0.4897959183673469,0
0.5,0.0,0.8683680544091914,-0.979591836734694,0
-0.0833333333333333,0.0,0.5255813441623471,-0.4489795918367347,0
-0.1944444444444444,0.0,-0.0333784542243058,0.6326530612244898,0
-0.9444444444444444,-1.0,-0.4141107332695037,-0.3877551020408163,1
-0.3333333333333333,-1.0,-0.1125821255241176,0.0,1
-0.2222222222222222,0.0,-0.4517151441117237,0.4285714285714285,0
0.7777777777777778,0.0,0.3257288124401598,-0.2040816326530612,0
-0.75,-1.0,0.631263274896277,0.2857142857142857,1
-0.7222222222222222,-1.0,-0.863393751306855,-0.9591836734693876,1
0.5277777777777778,-1.0,0.0931691373105748,-0.5714285714285714,1
0.3611111111111111,0.0,-0.9021977175432224,0.4081632653061224,0
-0.2777777777777778,-1.0,0.5775143891621821,-0.3265306122448979,1
0.0277777777777777,0.0,0.1701277691571197,0.1428571428571428,0
0.1388888888888889,-1.0,0.8676527232108466,-0.3673469387755102,1
-0.5,-1.0,0.4879549231294089,0.2448979591836734,1
-0.0833333333333333,0.0,0.7539260677693772,-0.3469387755102041,0
0.5,-1.0,-0.2091298271099519,-0.1632653061224489,1
-0.1388888888888889,-1.0,-0.3013855415057171,0.6938775510204082,1
0.1666666666666666,-1.0,-0.4551927542452155,-0.7959183673469388,1
0.6388888888888888,0.0,-0.5806508413395403,0.5102040816326531,0
0.5555555555555556,0.0,-0.9554953943675922,0.9591836734693876,0
0.3055555555555556,-1.0,0.779149746332552,0.3265306122448979,1
-0.4722222222222222,0.0,0.0594935455115718,0.3265306122448979,0
-0.3888888888888889,-1.0,0.7690910891742877,0.2857142857142857,1
0.2222222222222222,-1.0,0.1404250167827704,-0.2040816326530612,1
0.0833333333333333,-1.0,-0.7512628346924626,-0.5714285714285714,1
-0.9444444444444444,-1.0,0.6471326224041731,-0.6530612244897959,1
-0.6111111111111112,0.0,0.1369364015539194,-0.2244897959183673,0
0.1666666666666666,-1.0,-0.8078620401245776,0.1428571428571428,1
0.9166666666666666,0.0,-0.045759186503351,0.8775510204081632,0
-0.7777777777777778,-1.0,-0.7787425578042634,-0.4081632653061224,1
-0.2777777777777778,0.0,0.7125469092189683,0.8163265306122449,0
-0.7777777777777778,0.0,0.8562184291326884,-0.1836734693877551,0
0.7222222222222222,-1.0,-0.3861798012479778,-0.2244897959183673,1
0.25,-1.0,0.451153884248407,-0.7755102040816326,1
0.4722222222222222,0.0,0.0661186129177809,0.5306122448979592,0
0.25,-1.0,-0.3399914160256199,-0.3469387755102041,1
-0.7222222222222222,0.0,-0.3178601692583666,-0.2653061224489796,0
0.0277777777777777,0.0,-0.6179581146070631,-0.4489795918367347,0
0.9166666666666666,0.0,-0.5876500819879604,0.673469387755102,0
-0.5,-1.0,-0.7648651325563736,-0.0408163265306122,1
-0.9722222222222222,0.0,0.490728207159915,-0.9183673469387756,0
-0.0555555555555555,0.0,0.0822300725235784,-0.4489795918367347,0
-0.4444444444444444,0.0,-0.3579627367471139,0.5918367346938775,0
-0.8333333333333334,-1.0,0.5527199093180143,0.5714285714285714,1
0.5,-1.0,0.1199005139379532,0.6122448979591837,1
0.25,0.0,-0.0772887847073195,-0.6530612244897959,0
-0.4722222222222222,-1.0,0.7297038528838853,0.4489795918367347,1
-0.4444444444444444,0.0,0.8983569392628787,-0.2653061224489796,0
0.4722222222222222,0.0,-0.2742689865407683,-0.4897959183673469,0
-0.4166666666666667,0.0,0.5902032641112835,0.7755102040816326,0
0.7222222222222222,0.0,-0.8363542320094204,0.2448979591836734,0
0.7222222222222222,0.0,-0.3153289973257618,0.4897959183673469,0
-0.0833333333333333,-1.0,0.8226198730011995,-0.673469387755102,1
-0.5833333333333334,-1.0,0.6016265530940825,-0.2857142857142857,1
0.9166666666666666,0.0,-0.3719061925671586,0.6530612244897959,0
-0.1111111111111111,0.0,-0.4567444726908559,0.5714285714285714,0
0.8055555555555556,0.0,-0.4143308351766868,-0.8367346938775511,0
0.4722222222222222,0.0,-0.0063389349268711,-0.4081632653061224,0
-0.9722222222222222,0.0,-0.5485159628908185,-0.5714285714285714,0
0.8611111111111112,-1.0,0.1857550045671145,0.4285714285714285,1
0.2222222222222222,-1.0,-0.8500555757315638,-1.020408163265306,1
0.9722222222222222,0.0,0.7518901251279342,0.2244897959183673,0
1.0,0.0,-0.2669946185083693,0.6530612244897959,0
1.0,0.0,0.3397603090230777,0.5714285714285714,0
0.0833333333333333,-1.0,-0.7809875972575302,-0.9591836734693876,1
-0.3888888888888889,-1.0,-0.9766802029339584,-0.5714285714285714,1
-0.1944444444444444,0.0,0.5850528794832007,0.7142857142857143,0
-0.5,-1.0,0.9986463732708244,-0.2653061224489796,1
0.6944444444444444,-1.0,-0.0035766559917241,-0.5102040816326531,1
0.4722222222222222,0.0,0.4790738111745738,-0.8163265306122449,0
-0.7777777777777778,0.0,0.3566751405900932,0.673469387755102,0
-0.7222222222222222,0.0,-0.3609231073987256,0.9183673469387756,0
1.0,-1.0,0.3484983547382438,-0.1224489795918367,1
-0.5,0.0,0.5815202438729131,-0.8571428571428571,0
0.0277777777777777,-1.0,0.8982688985000055,-0.5918367346938775,1
-0.3888888888888889,-1.0,-0.716376682403953,-0.6938775510204082,1
0.3611111111111111,0.0,-0.6710136793335314,-0.3469387755102041,0
-0.25,-1.0,-0.1612796724883621,-0.8979591836734694,1
0.8055555555555556,-1.0,0.1796141613567081,-0.7959183673469388,1
0.3333333333333333,0.0,-0.5917219672708464,0.9591836734693876,0
0.1388888888888889,-1.0,-0.5076540438222897,0.5714285714285714,1
0.3611111111111111,0.0,0.6692748742667856,0.0,0
-0.3611111111111111,0.0,-0.3228784927421396,0.1224489795918367,0
0.75,-1.0,0.5833030693210957,-0.0204081632653061,1
0.7222222222222222,0.0,-0.3160883489055432,-0.3265306122448979,0
-0.4166666666666667,0.0,0.6544069904365721,0.8163265306122449,0
0.5833333333333334,-1.0,-0.1346803570052934,0.5510204081632653,1
0.4722222222222222,0.0,-0.6871471491300473,-0.4897959183673469,0
1.0,-1.0,-0.6678992373468916,0.7346938775510204,1
0.8055555555555556,0.0,0.14963628159838,0.9387755102040816,0
-0.2777777777777778,-1.0,-0.5843155380941376,0.9591836734693876,1
0.6666666666666666,0.0,0.1208249419481219,-0.3469387755102041,0
0.3333333333333333,0.0,-0.7000891412724092,-1.020408163265306,0
-0.3611111111111111,0.0,0.5769311191081471,-0.8979591836734694,0
0.2777777777777778,-1.0,0.8848536872572,0.673469387755102,1
-0.2222222222222222,0.0,-0.0138884303432489,-0.9387755102040816,0
-0.2777777777777778,-1.0,-0.7646120153631131,-0.0816326530612244,1
-0.75,0.0,-0.7350193139423553,0.0408163265306122,0
-0.0277777777777777,-1.0,0.3063598446080535,-0.6122448979591837,1
-0.2222222222222222,0.0,-0.5087985737396414,-0.7346938775510204,0
0.1388888888888889,0.0,0.2874530907810316,-0.0408163265306122,0
-0.6944444444444444,-1.0,-0.8197365380171019,-0.5102040816326531,1
0.4166666666666667,-1.0,0.5765789560566542,-0.1224489795918367,1
0.8055555555555556,0.0,0.4707759692737737,0.5510204081632653,0
-0.6111111111111112,0.0,-0.8005986771875379,-0.4897959183673469,0
0.5833333333333334,0.0,-0.4850385728592338,-0.0204081632653061,0
-0.5,0.0,0.353461652745221,-0.8571428571428571,0
0.4166666666666667,-1.0,-0.71615658049677,-0.4081632653061224,1
-0.7222222222222222,-1.0,0.2962791772590709,0.2448979591836734,1
-0.6388888888888888,0.0,0.5722869688665853,-0.8163265306122449,0
-0.5277777777777778,0.0,0.2422221488549198,-0.4897959183673469,0
-0.3611111111111111,0.0,-0.5513882927795569,0.4693877551020408,0
0.3333333333333333,0.0,0.1314998844464987,-0.4897959183673469,0
0.9722222222222222,-1.0,0.5875400310343689,0.4897959183673469,1
-0.1944444444444444,-1.0,-0.357973741842473,0.2448979591836734,1
-0.3055555555555556,0.0,-0.551179195967733,0.1224489795918367,0
-0.1388888888888889,0.0,-0.1769399231844343,0.4489795918367347,0
-0.8055555555555556,0.0,0.0470357775650126,-1.020408163265306,0
-0.8333333333333334,-1.0,-0.6328370035326356,-0.4081632653061224,1
-0.4722222222222222,0.0,0.5217735811680808,-0.8979591836734694,0
0.5833333333333334,-1.0,0.0201723397933243,0.4489795918367347,1
0.1111111111111111,0.0,-0.6560247394543673,0.6122448979591837,0
0.5555555555555556,-1.0,-0.3430398274401047,0.6122448979591837,1
-0.0833333333333333,-1.0,-0.8364422727722935,0.1428571428571428,1
0.3888888888888889,0.0,-0.6994838610276558,-0.6326530612244898,0
0.1111111111111111,-1.0,0.4241693904277681,0.0,1
0.6111111111111112,0.0,-0.0697833096723783,-0.4897959183673469,0
-0.4166666666666667,0.0,0.630173770455721,-0.3469387755102041,0
0.8888888888888888,0.0,0.1161257662297643,0.8775510204081632,0
0.8888888888888888,-1.0,0.9212475376099134,-0.4897959183673469,1
0.7777777777777778,-1.0,-0.6708486029031442,-0.5306122448979592,1
0.5555555555555556,0.0,-0.8924031826735779,0.0,0
-0.5833333333333334,0.0,-0.4885712084695214,-0.1224489795918367,0
-0.3055555555555556,0.0,-0.3695621072556593,0.4081632653061224,0
-0.6666666666666666,0.0,-0.8931515291580001,0.5714285714285714,0
-0.5,-1.0,0.3992538545346495,0.2857142857142857,1
0.25,-1.0,0.0911111844784135,-0.6938775510204082,1
-0.8888888888888888,0.0,-0.6178480636534716,0.6326530612244898,0
-0.2777777777777778,-1.0,-0.0999482760518119,-0.7755102040816326,1
0.1666666666666666,-1.0,0.7337977483574896,-0.8979591836734694,1
-0.3611111111111111,0.0,0.8692924824193602,-0.673469387755102,0
0.9444444444444444,0.0,0.195098330527034,0.673469387755102,0
0.5277777777777778,-1.0,0.7623339606237688,0.4897959183673469,1
0.8333333333333334,0.0,-0.7917725907094985,-0.3265306122448979,0
0.6111111111111112,-1.0,0.1723618035150274,-0.8571428571428571,1
-0.7222222222222222,-1.0,0.200920025972025,-0.3469387755102041,1
0.0,0.0,0.6885558013360186,0.6938775510204082,0
-0.25,0.0,-0.6655881673214699,0.5714285714285714,0
0.0555555555555555,-1.0,-0.2597752759527661,0.8163265306122449,1
0.2777777777777778,0.0,0.2382052890488296,0.2857142857142857,0
-1.0,-1.0,-0.2328348025135637,0.6326530612244898,1
-0.25,0.0,0.6542419140061848,-0.2857142857142857,0
0.4166666666666667,-1.0,0.0312324606292713,0.1632653061224489,1
0.6388888888888888,0.0,-0.5780756490254988,0.5510204081632653,0
-0.6111111111111112,0.0,0.4154423498079611,-0.6122448979591837,0
-0.3611111111111111,-1.0,0.1053957982545918,-0.5306122448979592,1
0.6944444444444444,0.0,-0.0836497298249089,-0.0204081632653061,0
0.8055555555555556,-1.0,-0.516260028393146,-1.020408163265306,1
-0.0277777777777777,-1.0,-0.3311103040707848,-0.9591836734693876,1
0.4166666666666667,-1.0,-0.86644216272134,-0.8163265306122449,1
0.1944444444444444,0.0,0.297665819274324,0.7755102040816326,0
0.6944444444444444,0.0,-0.0508985660360747,-0.0612244897959183,0
0.6666666666666666,0.0,0.2924714142648046,0.7142857142857143,0
0.8611111111111112,-1.0,-0.5048917648871427,-0.8979591836734694,1
0.3055555555555556,-1.0,0.8695896199940573,-0.4693877551020408,1
-0.4166666666666667,0.0,0.96239558915778,0.5510204081632653,0
-0.5833333333333334,0.0,0.3260149449194977,-0.8979591836734694,0
0.0277777777777777,-1.0,0.2341994343380985,0.5102040816326531,1
0.1388888888888889,-1.0,-0.9232394598699196,0.5102040816326531,1
-0.3611111111111111,0.0,0.908789769663354,0.3469387755102041,0
0.6944444444444444,-1.0,-0.1048895638680709,-0.673469387755102,1
0.25,0.0,0.2866717290105319,0.3061224489795918,0
-0.2222222222222222,0.0,0.2719579165153466,0.8775510204081632,0
0.6666666666666666,-1.0,0.845708563064699,0.1836734693877551,1
0.4166666666666667,-1.0,0.5277933683295366,0.7551020408163265,1
0.7777777777777778,-1.0,0.3059526560797649,-0.2040816326530612,1
-0.6388888888888888,0.0,0.1576810063059196,0.1836734693877551,0
1.0,0.0,0.9150516689227112,0.1632653061224489,0
-0.1666666666666666,-1.0,-0.7063950609132028,0.673469387755102,1
0.8055555555555556,-1.0,0.4586593592833481,0.4081632653061224,1
0.0833333333333333,-1.0,-0.3840998382250982,0.0,1
-0.3055555555555556,0.0,0.7511637888342303,-0.7551020408163265,0
0.3055555555555556,0.0,0.2264188319191785,-0.2857142857142857,0
-0.5,0.0,-0.6946196088789109,-1.0,0
-0.5,0.0,-0.0025751923140414,0.3877551020408163,0
-0.9444444444444444,-1.0,0.4301781724938646,0.7959183673469388,1
-0.9166666666666666,-1.0,-0.2918221136386146,0.9183673469387756,1
0.0555555555555555,0.0,0.7772348597400597,-1.0,0
-0.4444444444444444,-1.0,-0.0961625232482639,0.979591836734694,1
0.4444444444444444,0.0,0.3596245061463458,0.6326530612244898,0
-0.1388888888888889,0.0,0.290028283095073,0.9591836734693876,0
0.7777777777777778,0.0,-0.1638108444209669,0.7551020408163265,0
-0.9166666666666666,0.0,0.1269547800631692,-0.2857142857142857,0
-0.9444444444444444,0.0,0.4382889277735591,-1.020408163265306,0
-0.3611111111111111,0.0,0.5585416047630053,0.7959183673469388,0
0.6388888888888888,0.0,-0.5547008264826615,0.5510204081632653,0
-0.6666666666666666,-1.0,-0.3564000132061144,0.9387755102040816,1
-0.75,0.0,-0.5904673863999031,-0.3877551020408163,0
0.1666666666666666,0.0,0.2332309859464932,0.9591836734693876,0
0.7222222222222222,0.0,-0.1644381348564385,-0.1224489795918367,0
-0.2777777777777778,-1.0,0.5302475045946273,0.5306122448979592,1
-0.1944444444444444,0.0,0.5694476542639242,0.5306122448979592,0
-0.4722222222222222,0.0,0.3703544741215183,-0.979591836734694,0
-0.4166666666666667,0.0,-0.2906445684351855,0.5306122448979592,0
0.4166666666666667,0.0,-0.3038726930568853,0.3673469387755102,0
-0.3611111111111111,-1.0,-0.3845400420394643,0.4693877551020408,1
0.1944444444444444,0.0,-0.8531480075274852,0.0,0
-0.9166666666666666,-1.0,-0.7213399804109303,-0.2040816326530612,1
0.6388888888888888,-1.0,0.2227761453552995,-0.7755102040816326,1
-0.9166666666666666,-1.0,0.3572364004534099,0.1632653061224489,1
-0.25,-1.0,-0.1230589763060296,-0.3673469387755102,1
1.0,0.0,-0.8703269613831204,0.6122448979591837,0
0.75,-1.0,0.0079676890400255,-0.2653061224489796,1
0.2777777777777778,0.0,0.8811009497397295,-0.4081632653061224,0
0.3333333333333333,-1.0,0.1060561039761409,-0.7551020408163265,1
0.5833333333333334,0.0,0.2278935146973048,0.2653061224489796,0
0.6388888888888888,0.0,-0.1401718995895099,0.2040816326530612,0
0.6388888888888888,0.0,0.9095601263384948,-0.5918367346938775,0
-0.6666666666666666,-1.0,-0.8439587529025939,0.1224489795918367,1
0.4166666666666667,-1.0,-0.2923283480251356,0.8979591836734694,1
-0.6944444444444444,-1.0,0.9086907238051216,0.7551020408163265,1
0.1388888888888889,0.0,0.3773647198652976,0.0,0
0.5,0.0,-0.6971507808115157,0.4693877551020408,0
-0.75,0.0,0.1464668141349444,-0.5510204081632653,0
0.7222222222222222,-1.0,-0.9358292889607888,-1.020408163265306,1
-0.1111111111111111,0.0,0.008661010047652,0.5510204081632653,0
-0.8055555555555556,-1.0,0.9949706714208678,-0.2857142857142857,1
-0.5833333333333334,0.0,-0.298535221807697,0.0408163265306122,0
-0.9444444444444444,-1.0,-0.5289378982468883,-0.7142857142857143,1
-0.9722222222222222,0.0,-0.7957124148480746,0.1632653061224489,0
0.6944444444444444,0.0,0.8883973279628468,0.6122448979591837,0
-0.3611111111111111,0.0,-0.7605511351755863,0.7346938775510204,0
0.6666666666666666,-1.0,-0.1161587815158418,-0.6530612244897959,1
0.1944444444444444,0.0,0.9239988114497012,-0.2448979591836734,0
-0.6388888888888888,0.0,0.6681303443494337,0.7142857142857143,0
-0.1666666666666666,0.0,-0.258311598269999,-0.4489795918367347,0
-0.1666666666666666,0.0,-0.8569777807124699,-0.0816326530612244,0
-0.4444444444444444,-1.0,-0.2621413714549837,0.2040816326530612,1
-0.3055555555555556,-1.0,-0.1889574873166276,-0.5306122448979592,1
0.1944444444444444,0.0,0.6822388765998657,-0.4489795918367347,0
-0.7222222222222222,0.0,0.1541703808863503,0.9591836734693876,0
0.2777777777777778,0.0,-0.853566201151133,-0.4489795918367347,0
0.4444444444444444,-1.0,0.4887693001859861,-0.4081632653061224,1
0.6111111111111112,0.0,-0.5622503218990392,-0.4693877551020408,0
-0.0555555555555555,0.0,-0.920047982215766,0.7959183673469388,0
-0.2777777777777778,0.0,0.8053308681919729,-0.3877551020408163,0
0.8055555555555556,-1.0,0.8409763720602639,0.4285714285714285,1
-0.0833333333333333,-1.0,0.7994871625562635,-0.1224489795918367,1
0.9166666666666666,-1.0,-0.6710907150010454,-0.1020408163265306,1
0.5833333333333334,-1.0,-0.8598721207919267,0.8979591836734694,1
-0.2222222222222222,0.0,-0.1203737330383967,0.673469387755102,0
-0.8888888888888888,-1.0,-0.305523457360758,0.6122448979591837,1
-0.8333333333333334,0.0,0.5005007318388414,0.2653061224489796,0
-0.1944444444444444,0.0,-0.2372698559433017,-0.6938775510204082,0
0.1388888888888889,0.0,-0.4120968008187791,0.0,0
-0.2222222222222222,0.0,-0.2732895330538039,0.2653061224489796,0
-0.2777777777777778,-1.0,-0.8979607558299493,0.8979591836734694,1
0.75,-1.0,0.1016540658324804,-0.2448979591836734,1
0.1111111111111111,0.0,-0.573585570118965,-0.7755102040816326,0
0.3333333333333333,-1.0,-0.9158660459792884,0.4693877551020408,1
0.3333333333333333,0.0,-0.7919816875213224,0.1632653061224489,0
0.1388888888888889,-1.0,-0.3996390328722198,0.1632653061224489,1
-0.7222222222222222,-1.0,-0.2259676230094534,0.2653061224489796,1
-0.1111111111111111,0.0,-0.6633211176774847,-0.4693877551020408,0
0.75,0.0,-0.151309056092971,-0.2040816326530612,0
-0.75,-1.0,0.7527815378520255,-0.1020408163265306,1
0.25,0.0,-0.3253216239118712,0.9387755102040816,0
0.0555555555555555,-1.0,0.6914831567015528,0.1632653061224489,1
-0.6666666666666666,-1.0,0.8590357335446311,-0.5714285714285714,1
-0.4444444444444444,0.0,0.4466858155325915,0.5306122448979592,0
0.1944444444444444,-1.0,-0.5207721174903981,0.7959183673469388,1
-0.3333333333333333,0.0,-0.6349389767462335,0.5102040816326531,0
-0.8611111111111112,-1.0,0.9026269162622296,0.7755102040816326,1
-1.0,-1.0,0.673170678023925,-0.0204081632653061,1
-0.8611111111111112,0.0,-0.7378916438310938,0.1020408163265306,0
1.0,-1.0,0.4933144045693156,0.8775510204081632,1
-0.3611111111111111,-1.0,0.5717477191939868,-0.5714285714285714,1
0.2777777777777778,0.0,0.7942267269745892,0.6326530612244898,0
-0.2222222222222222,-1.0,-0.858518494062751,0.9387755102040816,1
0.1666666666666666,-1.0,-0.088018752682492,0.0612244897959183,1
0.5555555555555556,0.0,0.9856493556516668,-0.4081632653061224,0
-0.5277777777777778,0.0,0.0338406682293902,0.979591836734694,0
0.6944444444444444,0.0,0.643126767693442,0.0204081632653061,0
0.8333333333333334,-1.0,0.3613082857362959,-0.8367346938775511,1
0.9722222222222222,-1.0,0.3446245611718225,-0.7959183673469388,1
0.8888888888888888,0.0,0.1094016529653229,-0.4693877551020408,0
0.5,-1.0,-0.6822058613137882,0.1020408163265306,1
0.8611111111111112,-1.0,-0.0013426216338164,-1.0,1
0.75,-1.0,0.1371785136518208,0.1020408163265306,1
-0.4444444444444444,-1.0,0.9323076584458604,0.3061224489795918,1
-0.5833333333333334,-1.0,0.639407045462049,0.7551020408163265,1
0.5277777777777778,-1.0,-0.6001738805066746,-0.4897959183673469,1
-0.4722222222222222,0.0,0.848404811427691,-0.9387755102040816,0
-1.0,-1.0,-0.1319180780701464,-0.0612244897959183,1
-0.1666666666666666,-1.0,-0.1229709355431564,-0.3265306122448979,1
0.1111111111111111,0.0,0.4957025102622514,-0.3877551020408163,0
-0.6111111111111112,-1.0,0.0199082175047046,-0.3877551020408163,1
-0.0833333333333333,-1.0,-0.8244577239261778,-0.979591836734694,1
0.8888888888888888,0.0,0.066415750492478,0.0,0
0.1666666666666666,-1.0,0.8218165010399815,-0.3469387755102041,1
0.2222222222222222,-1.0,-0.937447037978584,-0.8979591836734694,1
1.0,-1.0,0.4849725422870789,0.6122448979591837,1
-0.25,-1.0,-0.6717400156272354,0.0612244897959183,1
-0.6944444444444444,-1.0,0.8554370673621887,-0.7142857142857143,1
-0.0833333333333333,0.0,0.8724949651688731,-0.9591836734693876,0
0.4722222222222222,0.0,0.3873903617374845,-0.2653061224489796,0
0.4444444444444444,-1.0,0.1771930403776948,-0.1020408163265306,1
0.9722222222222222,0.0,-0.5418798903892502,-0.7755102040816326,0
0.6388888888888888,0.0,0.9726523380325092,-0.9183673469387756,0
0.0555555555555555,-1.0,0.5438167871724608,-0.9183673469387756,1
0.6666666666666666,0.0,-0.2901603442393828,-0.5918367346938775,0
0.9444444444444444,-1.0,-0.3406077013657323,-0.673469387755102,1
0.2777777777777778,0.0,-0.6583578196705074,0.1020408163265306,0
-0.3611111111111111,-1.0,-0.2470864010036647,0.4081632653061224,1
-0.7222222222222222,-1.0,-0.9756897443516348,-0.6326530612244898,1
-0.9722222222222222,0.0,0.0451649113539568,0.9387755102040816,0
-0.1111111111111111,-1.0,0.7032365985451264,0.1632653061224489,1
-0.8888888888888888,-1.0,-0.1940308362771963,-0.0408163265306122,1
-0.7777777777777778,0.0,-0.5639451065843486,0.5918367346938775,0
0.25,-1.0,0.3623977901768518,-0.4693877551020408,1
0.6388888888888888,-1.0,0.5143891621820903,-0.0816326530612244,1
0.1666666666666666,0.0,0.311708320952601,0.979591836734694,0
0.3055555555555556,0.0,0.1068374657466407,0.9387755102040816,0
0.6944444444444444,-1.0,-0.5182629557485116,0.0816326530612244,1
-0.3888888888888889,0.0,-0.7559069849340244,-0.8979591836734694,0
-0.1944444444444444,0.0,0.2021195813661725,0.7346938775510204,0
-0.25,0.0,-0.2026698361341301,0.1632653061224489,0
-0.9166666666666666,0.0,0.1725598952314921,-0.6530612244897959,0
0.0277777777777777,0.0,0.9304918177116004,0.1020408163265306,0
0.0555555555555555,-1.0,-0.3974930392771853,0.7755102040816326,1
-0.4166666666666667,0.0,-0.5836442272772293,-0.1428571428571428,0
-0.1111111111111111,0.0,-0.661164118987091,0.4693877551020408,0
-0.5,-1.0,0.2398780635434206,-0.9591836734693876,1
0.9166666666666666,-1.0,0.802282456777488,-0.7551020408163265,1
0.4444444444444444,0.0,-0.6311312137519671,0.8775510204081632,0
-0.4444444444444444,0.0,-0.1762796174628853,0.9183673469387756,0
0.8611111111111112,0.0,-0.6478149383164405,0.1020408163265306,0
0.8611111111111112,-1.0,-0.0896144915095689,0.2857142857142857,1
0.0277777777777777,0.0,0.8222456997589884,-0.0816326530612244,0
0.5833333333333334,-1.0,0.3705525658379829,-0.1224489795918367,1
-0.25,-1.0,-0.9725202768881992,-0.8775510204081632,1
-0.0555555555555555,0.0,-0.7125359041236092,-0.9591836734693876,0
-0.6111111111111112,0.0,0.0606160652382052,0.7346938775510204,0
0.3055555555555556,0.0,0.6018576600966248,0.5510204081632653,0
0.25,-1.0,0.1278021724058239,-0.8571428571428571,1
-0.8888888888888888,0.0,0.8545236444473792,-0.9183673469387756,0
0.3055555555555556,-1.0,-0.7571725709003269,0.0204081632653061,1
0.2222222222222222,-1.0,-0.1309936500599777,-0.9387755102040816,1
0.6944444444444444,0.0,-0.2854941838071027,-0.7755102040816326,0
-0.8611111111111112,0.0,-0.789329459539767,0.9387755102040816,0
-0.5555555555555556,-1.0,0.4411942729483751,-0.8163265306122449,1
-0.6944444444444444,-1.0,0.6721692143462423,-0.9387755102040816,1
-0.8888888888888888,0.0,-0.4636116521949662,-0.7755102040816326,0
0.8333333333333334,0.0,-0.2387555438167871,-0.3469387755102041,0
-0.9444444444444444,0.0,-0.383648629315373,0.9183673469387756,0
-0.0833333333333333,-1.0,-0.8838632286748764,-0.8571428571428571,1
-0.3888888888888889,0.0,0.6983723463963816,0.3469387755102041,0
0.9444444444444444,0.0,0.0992659601395446,-0.1020408163265306,0
-0.0833333333333333,0.0,-0.4458494282852961,-0.6122448979591837,0
0.0,-1.0,-0.9708695125843264,-0.8979591836734694,1
-0.2222222222222222,0.0,-0.4407650742293681,-0.6326530612244898,0
-0.7777777777777778,-1.0,-0.5473274125920301,0.8775510204081632,1
0.0,-1.0,-0.9422012391737374,0.0408163265306122,1
0.0277777777777777,0.0,0.6926717070003412,0.9591836734693876,0
0.8333333333333334,0.0,0.6113770675822906,0.5102040816326531,0
-1.0,0.0,-0.8299492665103944,-0.7755102040816326,0
-0.3611111111111111,0.0,0.1069145014141547,-0.3061224489795918,0
0.0555555555555555,0.0,0.1652084915315791,0.0612244897959183,0
0.6666666666666666,-1.0,-0.6997809986023529,0.1632653061224489,1
0.4444444444444444,-1.0,-0.4512199148205619,-0.979591836734694,1
0.7777777777777778,0.0,-0.5057501623251566,-0.6530612244897959,0
0.9722222222222222,-1.0,-0.8175245138499125,-0.7755102040816326,1
-0.3333333333333333,0.0,-0.2070388589917131,0.1224489795918367,0
-0.8611111111111112,0.0,0.5510691450141415,0.3877551020408163,0
-0.5833333333333334,0.0,0.3428087204375626,0.4897959183673469,0
0.1666666666666666,0.0,0.6996599425534022,0.5714285714285714,0
0.7222222222222222,0.0,0.2446762851200105,0.0204081632653061,0
-0.9444444444444444,0.0,-0.7186437320479382,0.7142857142857143,0
-0.2777777777777778,0.0,0.2295662891918958,-0.9387755102040816,0
-0.25,-1.0,-0.0559719149966434,-0.0816326530612244,1
-0.1111111111111111,0.0,-0.3757799861335798,-0.4489795918367347,0
-0.9444444444444444,0.0,0.953811614777642,0.9591836734693876,0
-0.8888888888888888,-1.0,-0.6147776420482683,0.6938775510204082,1
0.0,0.0,0.7814938316440512,-0.2040816326530612,0
0.2777777777777778,0.0,0.1513310662836893,-0.4693877551020408,0
-0.0833333333333333,0.0,-0.4194812198047696,0.5102040816326531,0
0.1388888888888889,0.0,0.4739124214511319,-0.6122448979591837,0
0.5,0.0,0.8843254426799608,0.1632653061224489,0
0.6944444444444444,-1.0,0.348080161114596,0.1632653061224489,1
0.8333333333333334,-1.0,-0.3254646901515401,-0.5306122448979592,1
0.4166666666666667,-1.0,0.8220476080425236,-0.2857142857142857,1
-0.4166666666666667,-1.0,0.6465493523501381,-0.6938775510204082,1
0.25,-1.0,-0.7695092827979354,0.0612244897959183,1
0.4444444444444444,-1.0,-0.2062244819351359,-0.5306122448979592,1
-0.3055555555555556,0.0,-0.8005986771875379,-0.2448979591836734,0
-0.1388888888888889,-1.0,-0.0674282192655199,-0.3877551020408163,1
0.5555555555555556,0.0,0.3061507477962296,-0.7551020408163265,0
0.8055555555555556,0.0,0.9762399991195924,-0.2653061224489796,0
-0.4722222222222222,0.0,0.8279463391550288,-0.4693877551020408,0
0.2777777777777778,0.0,-0.2444121628313909,-0.4897959183673469,0
-0.25,0.0,-0.5260325530720724,-0.4489795918367347,0
-0.6388888888888888,0.0,0.972718368604664,-0.3469387755102041,0
-0.9444444444444444,-1.0,0.4333146246712228,0.6326530612244898,1
0.5,-1.0,0.7120516799278066,-0.7755102040816326,1
-0.6666666666666666,0.0,-0.6941573948738265,0.8163265306122449,0
-0.6944444444444444,0.0,-0.7496010652932308,-0.6326530612244898,0
0.0833333333333333,0.0,0.4614766636952909,0.4285714285714285,0
0.2222222222222222,-1.0,-0.6847040179603157,-0.1020408163265306,1
-0.4166666666666667,-1.0,0.3844630063719502,0.5510204081632653,1
0.4166666666666667,0.0,-0.4413483442834032,0.2857142857142857,0
0.9722222222222222,0.0,-0.1449150956893041,0.0612244897959183,0
0.3055555555555556,-1.0,-0.018840723254867,0.1632653061224489,1
-0.1944444444444444,-1.0,0.443153179922304,-0.8367346938775511,1
-0.4722222222222222,-1.0,0.3805341873287332,0.9183673469387756,1
0.7777777777777778,-1.0,0.9234485566817436,-0.2448979591836734,1
-0.2777777777777778,-1.0,-0.8455434866343117,0.0,1
0.6111111111111112,0.0,-0.9394499653339496,-0.2653061224489796,0
-0.3333333333333333,-1.0,-0.8439917681886714,-0.3673469387755102,1
-0.9722222222222222,0.0,-0.2626255956507863,0.6530612244897959,0
0.0833333333333333,0.0,0.0316286440622008,0.4081632653061224,0
0.0555555555555555,0.0,0.3046650599227442,0.1632653061224489,0
0.1666666666666666,-1.0,-0.5833580947978915,-0.4693877551020408,1
1.0,0.0,-0.7614425478996776,-0.3265306122448979,0
0.6111111111111112,-1.0,-0.1027985957498321,-0.4285714285714285,1
-0.6666666666666666,0.0,-0.6514246095942421,-0.7346938775510204,0
0.4722222222222222,-1.0,0.4883180912762609,0.8163265306122449,1
-0.8055555555555556,0.0,0.1261954284833878,-0.0204081632653061,0
0.5555555555555556,-1.0,0.2195736626057864,0.2448979591836734,1
-0.3611111111111111,-1.0,0.7048653526582808,0.4489795918367347,1
0.9166666666666666,0.0,0.4237181815180428,0.4081632653061224,0
-0.9722222222222222,-1.0,0.7253678453123796,0.3061224489795918,1
-0.5277777777777778,-1.0,-0.3823720382537114,0.0816326530612244,1
0.6666666666666666,-1.0,-0.5810470247724696,-0.5102040816326531,1
0.4444444444444444,0.0,-0.8668163359635511,0.2857142857142857,0
-0.4722222222222222,0.0,0.000583270054035,-0.8163265306122449,0
0.7777777777777778,-1.0,-0.8874949101433964,0.8163265306122449,1
0.7222222222222222,-1.0,-0.3243861908063433,0.1224489795918367,1
0.7222222222222222,-1.0,-0.7534088282874971,-0.6938775510204082,1
0.5277777777777778,0.0,-0.4884501524205707,-1.0,0
-0.4166666666666667,0.0,-0.5590148238634488,0.6938775510204082,0
-0.5277777777777778,-1.0,0.4410071863272695,-1.0,1
0.5,0.0,-0.3227464315978298,-0.3265306122448979,0
-0.0833333333333333,0.0,-0.4813738761046364,0.7755102040816326,0
0.6944444444444444,-1.0,-0.9795745430134152,0.6326530612244898,1
0.6666666666666666,-1.0,-0.5422210483453839,0.4693877551020408,1
0.4444444444444444,-1.0,-0.918386212816534,-0.6326530612244898,1
0.2222222222222222,-1.0,0.1606083616714538,-0.2040816326530612,1
0.5,0.0,-0.971408762256925,0.0,0
-0.5833333333333334,-1.0,-0.5739707484565354,-0.2448979591836734,1
0.6388888888888888,0.0,0.6107827924328965,0.4489795918367347,0
0.4166666666666667,0.0,0.4806915601923691,-0.8163265306122449,0
-0.9166666666666666,0.0,-0.8823115102292362,-0.5714285714285714,0
-0.75,0.0,0.8043844299910858,-0.8571428571428571,0
-0.6388888888888888,-1.0,-0.1275820704986408,-0.2040816326530612,1
-0.4166666666666667,-1.0,0.087512518295971,0.4693877551020408,1
-0.7222222222222222,-1.0,0.1587374954603981,0.1836734693877551,1
0.9444444444444444,-1.0,0.1381139467573486,-0.7551020408163265,1
-0.5833333333333334,0.0,0.1045814211980146,0.1224489795918367,0
0.7777777777777778,0.0,0.5245028448171504,-0.0408163265306122,0
0.7222222222222222,-1.0,0.8677957894505156,-0.6326530612244898,1
0.9722222222222222,0.0,-0.4536520408949343,-0.673469387755102,0
0.3055555555555556,0.0,-0.1703918914457393,-0.4897959183673469,0
0.7777777777777778,0.0,-0.4425038792961141,0.0612244897959183,0
-1.0,-1.0,0.3964695654087842,-0.3673469387755102,1
0.75,-1.0,-0.8097989369077883,0.7755102040816326,1
-0.0277777777777777,0.0,-0.7761453552995037,-0.1836734693877551,0
-0.8611111111111112,-1.0,-0.1876478809688886,-0.2653061224489796,1
-0.0555555555555555,0.0,-0.4411502525669385,-0.7142857142857143,0
1.0,0.0,0.7771138036911089,0.2857142857142857,0
0.4722222222222222,0.0,0.4856768683900646,-1.020408163265306,0
0.0833333333333333,-1.0,-0.4157725026687356,-0.1836734693877551,1
0.3611111111111111,-1.0,0.8352537224735053,0.3469387755102041,1
0.6666666666666666,-1.0,0.1218264056258047,0.8571428571428571,1
-0.6944444444444444,0.0,-0.7054596278076749,0.2857142857142857,0
0.6666666666666666,-1.0,0.4158165230501722,-0.9183673469387756,1
-0.9166666666666666,0.0,-0.2487701805936148,0.7346938775510204,0
-0.9444444444444444,0.0,-0.6959402203220091,0.3265306122448979,0
-0.25,-1.0,-0.4856878734854237,0.8979591836734694,1
0.0833333333333333,0.0,-0.3241110634223645,0.0612244897959183,0
0.9722222222222222,0.0,0.046925726611421,0.5918367346938775,0
-0.6111111111111112,0.0,-0.2088326895352548,0.4081632653061224,0
0.75,-1.0,-0.95046606578846,-0.8367346938775511,1
0.25,0.0,-0.3393201052087116,-0.8571428571428571,0
0.1666666666666666,0.0,-0.8473813375592899,0.9591836734693876,0
0.9444444444444444,0.0,-0.1722957729428725,-0.2244897959183673,0
0.0,0.0,-0.6919013503252006,-0.2448979591836734,0
0.9166666666666666,0.0,-0.5896309991526076,-0.6326530612244898,0
-0.6111111111111112,0.0,-0.5578592888507379,0.6938775510204082,0
-0.8333333333333334,-1.0,-0.4937546083836816,-0.9387755102040816,1
-0.1944444444444444,0.0,-0.6540438222897201,0.0204081632653061,0
0.0555555555555555,-1.0,-0.2324716343667117,0.6530612244897959,1
0.0277777777777777,-1.0,-0.2360592954537951,-0.0204081632653061,1
0.9444444444444444,-1.0,-0.4311906412669066,0.8571428571428571,1
0.5833333333333334,0.0,0.4130102237335886,-0.5510204081632653,0
0.0,-1.0,-0.2570240021129783,0.8775510204081632,1
0.3611111111111111,-1.0,-0.058635148073558,0.0408163265306122,1
0.7222222222222222,0.0,0.9780888551399298,-0.4693877551020408,0
-0.5555555555555556,-1.0,-0.0520761112395038,0.2857142857142857,1
0.8611111111111112,0.0,0.2717488197035227,-0.1020408163265306,0
-0.5555555555555556,0.0,-0.3012754905521256,-0.0612244897959183,0
-0.25,-1.0,0.949508622492214,-0.5714285714285714,1
1.0,-1.0,0.4171041192071929,-0.3673469387755102,1
-0.9444444444444444,-1.0,0.1678056940363388,-0.4897959183673469,1
-0.3611111111111111,-1.0,-0.272354099948276,0.9591836734693876,1
-0.4166666666666667,-1.0,-0.0834956584898808,-0.8163265306122449,1
0.6111111111111112,0.0,0.8044834758493182,-0.5918367346938775,0
-0.9166666666666666,0.0,-0.7897476531634147,-0.8571428571428571,0
-0.1388888888888889,0.0,0.9769113099365004,0.673469387755102,0
0.4722222222222222,0.0,0.2775595100531546,0.3877551020408163,0
0.0555555555555555,-1.0,0.6207313986375692,0.5102040816326531,1
-0.2777777777777778,0.0,-0.9444572837223636,-0.1428571428571428,0
-0.1111111111111111,0.0,0.923041368153455,0.2448979591836734,0
-0.75,-1.0,-0.0461113495548438,0.6122448979591837,1
-0.1111111111111111,0.0,0.4993231866354122,0.8571428571428571,0
-0.3611111111111111,0.0,0.4984978044834758,0.8367346938775511,0
-0.3888888888888889,0.0,-0.6533615063774527,0.5306122448979592,0
0.25,0.0,-0.4699065667404008,-0.7551020408163265,0
-0.8611111111111112,0.0,0.9787161455754014,0.3877551020408163,0
0.6111111111111112,0.0,0.4110403116643005,0.9591836734693876,0
0.6944444444444444,0.0,-0.2669946185083693,-0.6326530612244898,0
-0.1111111111111111,0.0,0.7852025487800852,0.1632653061224489,0
-0.4722222222222222,0.0,0.128682580034556,0.6326530612244898,0
-0.75,-1.0,0.6156910649630779,-0.3877551020408163,1
-0.0277777777777777,-1.0,-0.4737473450207446,-0.9387755102040816,1
-0.75,0.0,-0.5121991482056192,0.0,0
0.7777777777777778,0.0,-0.4199874541912906,-0.2653061224489796,0
0.0833333333333333,-1.0,0.7041720316506542,0.2653061224489796,1
-0.2777777777777778,0.0,0.218451142879153,-0.7142857142857143,0
-0.1111111111111111,-1.0,-0.3266532404503285,-0.0816326530612244,1
0.8888888888888888,-1.0,-0.6445244148040543,0.3265306122448979,1
0.9722222222222222,-1.0,0.2391957476311532,-0.5714285714285714,1
-0.8055555555555556,0.0,-0.2527650302089868,0.673469387755102,0
-0.6388888888888888,0.0,-0.8617209768122641,0.2653061224489796,0
0.4444444444444444,0.0,0.0030924317959215,-0.9387755102040816,0
0.2222222222222222,-1.0,-0.1340090461883852,-0.4897959183673469,1
0.7222222222222222,0.0,-0.792245809809942,-0.4081632653061224,0
-0.3055555555555556,0.0,0.8915888056170007,0.1428571428571428,0
0.0555555555555555,-1.0,0.6844288905763368,-0.2857142857142857,1
-0.3888888888888889,0.0,0.3091331286385596,0.5510204081632653,0
0.4444444444444444,0.0,0.1373215798914897,0.7346938775510204,0
0.3055555555555556,0.0,0.7348762477026863,0.1836734693877551,0
0.5833333333333334,0.0,-0.9498497804483476,0.7959183673469388,0
0.75,0.0,0.9522268810459242,0.1632653061224489,0
-0.1944444444444444,0.0,-0.7847953602517966,0.979591836734694,0
0.8888888888888888,0.0,-0.0012875961570207,0.1836734693877551,0
-0.0555555555555555,-1.0,-0.7855216965455005,0.5306122448979592,1
-0.7777777777777778,-1.0,-0.7019600074834649,-0.8571428571428571,1
-0.4166666666666667,-1.0,-0.1284294628412955,-0.1632653061224489,1
-0.5,-1.0,-0.8444099618123191,0.4489795918367347,1
0.4444444444444444,-1.0,0.1303003290523512,-0.979591836734694,1
-0.0833333333333333,0.0,0.0100036316814685,0.4693877551020408,0
0.3055555555555556,0.0,-0.8543585680169918,0.3673469387755102,0
-0.8611111111111112,-1.0,0.8378729351689832,0.3469387755102041,1
0.0277777777777777,-1.0,-0.7408189991966281,-0.0204081632653061,1
0.8333333333333334,-1.0,0.0689029020436462,0.0612244897959183,1
0.4444444444444444,-1.0,-0.8914567444726909,-0.1020408163265306,1
0.6666666666666666,-1.0,-0.5748511560852675,0.3673469387755102,1
-0.3333333333333333,0.0,0.7915524888023154,-0.1020408163265306,0
0.2222222222222222,-1.0,-0.732444121628314,0.5714285714285714,1
-0.1666666666666666,-1.0,-0.913004721185909,0.0408163265306122,1
0.7222222222222222,-1.0,-0.0534407430640386,-0.2857142857142857,1
-0.9444444444444444,-1.0,-0.2997567873925627,-0.4489795918367347,1
-0.4722222222222222,-1.0,0.6772425633068111,0.673469387755102,1
-0.25,-1.0,0.2727722935719238,-0.3877551020408163,1
0.8055555555555556,0.0,-0.0906929908547657,0.8163265306122449,0
0.3333333333333333,-1.0,-0.1075087765635489,0.0612244897959183,1
0.9444444444444444,-1.0,-0.8159727954042721,-0.5306122448979592,1
0.7222222222222222,-1.0,-0.0981654506036294,-0.8979591836734694,1
-0.0555555555555555,0.0,-0.9243619795965532,-0.0612244897959183,0
-0.4444444444444444,-1.0,-0.8602683042248561,0.0,1
0.3888888888888889,0.0,-0.131521894637217,-0.1020408163265306,0
0.9444444444444444,-1.0,0.6403864989490133,0.0408163265306122,1
0.2222222222222222,0.0,0.4984427790066801,-0.7346938775510204,0
-0.3055555555555556,-1.0,-0.4356807201734403,-1.0,1
-0.6388888888888888,0.0,-0.5542826328590137,-0.8775510204081632,0
0.25,0.0,-0.3880066470775969,-0.8367346938775511,0
-0.1666666666666666,-1.0,0.7967799090979123,-0.2448979591836734,1
-0.6111111111111112,-1.0,0.3354132963562129,0.9387755102040816,1
0.3611111111111111,-1.0,0.8381150472668846,-0.2040816326530612,1
-0.8055555555555556,0.0,0.765624484136155,0.8571428571428571,0
0.5833333333333334,0.0,-0.2943312753805012,-1.020408163265306,0
0.2222222222222222,0.0,0.1645922061914666,0.0408163265306122,0
1.0,0.0,0.7243443714439786,-0.3061224489795918,0
-0.6388888888888888,-1.0,0.9163722803658094,-0.2653061224489796,1
0.3333333333333333,0.0,-0.2182420460673291,0.0408163265306122,0
-0.25,-1.0,-0.9413208315450052,0.3061224489795918,1
-0.2222222222222222,0.0,0.9457008594979476,0.9591836734693876,0
-0.6111111111111112,0.0,-0.0921786787282511,-0.2040816326530612,0
-0.1666666666666666,-1.0,0.8108224107761893,0.1632653061224489,1
0.2222222222222222,0.0,-0.1001463677682767,0.1836734693877551,0
-0.9722222222222222,0.0,-0.1643941144750019,0.8163265306122449,0
0.8611111111111112,0.0,0.8632396799718269,-0.2653061224489796,0
-0.1944444444444444,-1.0,-0.5446091540383198,-0.673469387755102,1
-0.6944444444444444,-1.0,0.9835914028195054,-0.0408163265306122,1
0.5833333333333334,-1.0,0.4728449272012942,0.5510204081632653,1
0.4444444444444444,0.0,-0.808324254129662,-0.5714285714285714,0
0.8611111111111112,-1.0,-0.4777642048268348,-0.0612244897959183,1
-0.5555555555555556,-1.0,0.8071246987355145,0.4489795918367347,1
0.5277777777777778,0.0,0.7278109764821112,-0.1428571428571428,0
0.4722222222222222,-1.0,-0.4403798958917979,-0.1632653061224489,1
0.2222222222222222,-1.0,0.501711292328348,0.0816326530612244,1
0.2777777777777778,0.0,-0.1675635819384374,-0.8775510204081632,0
-0.2777777777777778,0.0,0.14963628159838,0.7755102040816326,0
-0.5277777777777778,0.0,-0.5544146940033235,-0.0612244897959183,0
-0.2222222222222222,-1.0,0.6260358546006801,0.1224489795918367,1
0.9722222222222222,0.0,0.1744307614425479,-0.3061224489795918,0
0.8888888888888888,0.0,-0.7549605467331374,-0.3265306122448979,0
0.9166666666666666,0.0,-0.4382559124874817,-0.6938775510204082,0
0.0277777777777777,0.0,0.0556087468497914,0.0204081632653061,0
0.3055555555555556,-1.0,-0.6101334918067065,0.9591836734693876,1
0.0833333333333333,0.0,-0.3918254151672224,-0.2040816326530612,0
-0.1388888888888889,-1.0,-0.1324353175520266,-0.0408163265306122,1
0.7222222222222222,0.0,-0.0716321656927157,0.2448979591836734,0
0.75,0.0,0.7223634542793314,-0.0816326530612244,0
0.6111111111111112,-1.0,0.7520992219397581,0.0,1
0.0555555555555555,-1.0,0.3959853412129816,0.0,1
0.6666666666666666,0.0,-0.0827803272915359,-0.2653061224489796,0
-0.1111111111111111,0.0,-0.939339914380358,0.1224489795918367,0
0.7777777777777778,0.0,-0.7685738496924076,-0.8163265306122449,0
0.5555555555555556,-1.0,-0.8852498706901295,0.3265306122448979,1
-0.3055555555555556,0.0,0.8568897399495967,0.5102040816326531,0
0.3888888888888889,-1.0,-0.2071268997545863,-0.7551020408163265,1
-0.7777777777777778,0.0,0.5839963903287222,0.2040816326530612,0
0.1944444444444444,0.0,-0.7555438167871724,0.5306122448979592,0
-1.0,-1.0,0.6598985330207886,0.3877551020408163,1
-0.9166666666666666,-1.0,-0.9716728845455446,-0.2857142857142857,1
0.9166666666666666,0.0,0.0017388050667459,0.0408163265306122,0
0.3055555555555556,0.0,-0.6943554865902913,-0.7346938775510204,0
0.6111111111111112,-1.0,0.9969075682040784,0.1632653061224489,1
0.9444444444444444,-1.0,-0.2170204804824634,-0.3673469387755102,1
-0.75,0.0,0.6626718170512947,0.2653061224489796,0
-0.5555555555555556,-1.0,-0.69411337449239,-0.8571428571428571,1
0.1388888888888889,0.0,0.3070861809017575,-0.5714285714285714,0
-0.5833333333333334,0.0,0.5506839666765713,0.6326530612244898,0
-0.3888888888888889,-1.0,-0.90987927410391,-0.0408163265306122,1
-0.1666666666666666,-1.0,-0.8764678045935268,0.0816326530612244,1
0.1944444444444444,-1.0,0.708155876170667,0.9591836734693876,1
0.2777777777777778,0.0,-0.5947153532085355,-0.9387755102040816,0
0.8888888888888888,0.0,-0.0993209856163403,-0.3265306122448979,0
0.6111111111111112,-1.0,0.7107970990568633,-0.4897959183673469,1
0.0277777777777777,-1.0,-0.656652029889839,0.7755102040816326,1
-0.6111111111111112,-1.0,0.3170567972971486,-0.6122448979591837,1
0.0,-1.0,-0.7385189342665655,0.1224489795918367,1
-0.6944444444444444,-1.0,-0.8884633585350017,0.2040816326530612,1
-0.5,-1.0,-0.4387621468740026,-0.0204081632653061,1
0.9444444444444444,0.0,-0.2703511725929105,-0.4285714285714285,0
0.5833333333333334,0.0,0.2819395380060968,-0.3265306122448979,0
0.1944444444444444,0.0,-0.8126272464150902,0.5306122448979592,0
-0.2777777777777778,0.0,-0.6128957707418535,0.7755102040816326,0
0.8888888888888888,0.0,0.3967667029834814,-0.5306122448979592,0
-0.6111111111111112,0.0,-0.8102611509128727,-0.9183673469387756,0
-0.6388888888888888,-1.0,-0.0413461432643313,0.673469387755102,1
0.9722222222222222,-1.0,-0.1424059339474176,0.8775510204081632,1
-0.7777777777777778,0.0,0.9325387654484026,-0.1836734693877551,0
0.6111111111111112,-1.0,-0.3613302959270142,-0.5306122448979592,1
1.0,0.0,0.8845895649685804,-1.020408163265306,0
0.5555555555555556,-1.0,-0.8054739344316418,0.1632653061224489,1
0.3055555555555556,0.0,0.8557782253183224,0.0,0
0.8333333333333334,-1.0,-0.2631538402280255,0.4081632653061224,1
0.75,0.0,0.4074526505772172,0.7959183673469388,0
0.0277777777777777,-1.0,0.5092167673632892,-0.1020408163265306,1
-0.3055555555555556,-1.0,-0.3963925297412702,-0.7346938775510204,1
-0.7777777777777778,-1.0,-0.8458736394950862,0.0204081632653061,1
0.4166666666666667,-1.0,0.4749138851288146,0.4897959183673469,1
-0.0277777777777777,-1.0,-0.8635038022604465,-0.0408163265306122,1
0.8055555555555556,0.0,0.4608823885458967,-0.0204081632653061,0
0.6388888888888888,0.0,0.2953767594396205,0.2653061224489796,0
-0.4722222222222222,0.0,0.5760287012886967,0.8367346938775511,0
0.7777777777777778,-1.0,0.003565650896365,0.6530612244897959,1
-0.6388888888888888,0.0,0.1109313612202449,0.5714285714285714,0
-0.0277777777777777,0.0,0.8023925077310795,-0.5918367346938775,0
0.1111111111111111,0.0,0.1409862766460871,-0.2040816326530612,0
-0.8333333333333334,0.0,0.6921544675184611,-0.5714285714285714,0
0.5833333333333334,0.0,0.2044196462962351,0.8571428571428571,0
0.8611111111111112,0.0,0.0724795580353703,0.3877551020408163,0
-0.3888888888888889,0.0,0.1466759109467683,0.4489795918367347,0
0.1944444444444444,-1.0,-0.8856020337416224,0.6326530612244898,1
0.8055555555555556,0.0,-0.9223920675272652,-0.5510204081632653,0
-0.1388888888888889,-1.0,-0.057545643633002,0.3673469387755102,1
-0.1388888888888889,-1.0,-0.3906808852498707,-0.0816326530612244,1
-0.4166666666666667,-1.0,-0.242530291524976,-0.2448979591836734,1
-0.3333333333333333,0.0,0.4369793214258201,-0.2244897959183673,0
0.1666666666666666,0.0,-0.0164746277526494,-0.8775510204081632,0
-0.7777777777777778,-1.0,0.0227585372027248,0.8163265306122449,1
0.1944444444444444,0.0,-0.8025245688753893,-0.7959183673469388,0
-0.9444444444444444,0.0,-0.7946779358843145,0.979591836734694,0
-0.7222222222222222,0.0,-0.6255076100234409,0.3469387755102041,0
0.3333333333333333,-1.0,-0.4952623064478854,0.2857142857142857,1
-0.3611111111111111,-1.0,-0.7431630845081273,0.3061224489795918,1
-0.8333333333333334,0.0,0.9870359976669196,1.0,0
0.0833333333333333,-1.0,-0.129772084475112,0.2653061224489796,1
-0.9166666666666666,0.0,-0.5187141646582367,0.6122448979591837,0
0.4166666666666667,-1.0,-0.2744670782572331,0.8163265306122449,1
0.1111111111111111,-1.0,-0.1131653955781526,-0.3469387755102041,1
0.3333333333333333,0.0,-0.6032002817304412,-0.8163265306122449,0
0.8055555555555556,0.0,0.4280431839941893,-0.2448979591836734,0
-0.4444444444444444,-1.0,0.4316308450812726,0.7346938775510204,1
0.5555555555555556,0.0,0.7783133590852565,-0.9387755102040816,0
-0.8611111111111112,0.0,-0.940572485060583,0.7755102040816326,0
-0.0833333333333333,0.0,0.8281994563482893,0.5510204081632653,0
-0.9444444444444444,0.0,0.5121881431102601,0.0816326530612244,0
0.5277777777777778,0.0,0.7389041126041357,0.3469387755102041,0
0.25,0.0,0.7585812231062982,0.3877551020408163,0
0.3333333333333333,0.0,0.1425269899963683,0.5714285714285714,0
0.4722222222222222,-1.0,-0.3458791420427658,0.673469387755102,1
-0.8055555555555556,-1.0,-0.9325827858298392,0.3265306122448979,1
0.1388888888888889,-1.0,-0.4047564022142252,-0.7959183673469388,1
-0.0277777777777777,-1.0,-0.5994365391176114,-0.6326530612244898,1
-0.0277777777777777,0.0,-0.4497892524238722,0.7346938775510204,0
-0.3611111111111111,0.0,-0.9675129584997854,0.4693877551020408,0
-0.7222222222222222,0.0,0.1327544653174419,0.5102040816326531,0
-0.4722222222222222,-1.0,0.3309672378311158,0.8775510204081632,1
-0.1666666666666666,0.0,-0.4859519957740433,-0.4285714285714285,0
0.8333333333333334,0.0,-0.3344118326785301,0.7755102040816326,0
-0.1388888888888889,-1.0,0.716233616164284,0.8367346938775511,1
0.5555555555555556,0.0,-0.2313491146400783,-0.0408163265306122,0
0.3611111111111111,0.0,-0.5130355354529147,-0.5306122448979592,0
0.8333333333333334,0.0,0.9104625441579453,-0.4489795918367347,0
0.3888888888888889,0.0,0.0714780943576876,-0.4081632653061224,0
-0.5833333333333334,0.0,0.9990865770851904,0.7755102040816326,0
0.1388888888888889,0.0,0.3001419657301331,0.8163265306122449,0
-0.8888888888888888,0.0,-0.898378949453597,-0.6122448979591837,0
-0.6388888888888888,-1.0,-0.1261514081019512,-0.5102040816326531,1
0.2222222222222222,-1.0,-0.3806772535684021,0.0816326530612244,1
0.4444444444444444,-1.0,-0.8749931218154006,-0.4489795918367347,1
-0.5833333333333334,0.0,0.8471942509381843,-0.2040816326530612,0
0.1666666666666666,0.0,0.3418402720459573,-0.3265306122448979,0
-0.7222222222222222,0.0,0.6015605225219276,0.9183673469387756,0
-0.0277777777777777,-1.0,0.0141635577272277,0.1836734693877551,1
0.3333333333333333,0.0,0.3682084805264837,0.5102040816326531,0
-0.7222222222222222,-1.0,-0.3740301759714748,0.0408163265306122,1
-0.0555555555555555,0.0,0.5078081151573178,-0.7755102040816326,0
0.1111111111111111,-1.0,0.502437628622052,0.9183673469387756,1
-0.5,0.0,-0.8187130641487008,0.5510204081632653,0
0.0277777777777777,0.0,0.963628159838005,-0.4285714285714285,0
-0.6944444444444444,0.0,0.1219584667701145,-1.020408163265306,0
-0.7777777777777778,-1.0,0.8843804681567565,0.7755102040816326,1
-0.4444444444444444,0.0,-0.075362893019468,-0.2857142857142857,0
0.6111111111111112,-1.0,-0.943918034049765,0.6122448979591837,1
-0.0555555555555555,-1.0,-0.5602914149251104,0.0204081632653061,1
0.8888888888888888,-1.0,0.5967512958499785,0.2244897959183673,1
-0.5277777777777778,0.0,-0.7754740444825955,0.9183673469387756,0
-1.0,0.0,0.6407386620005062,0.0,0
0.3055555555555556,-1.0,0.3382085905774373,-0.2040816326530612,1
0.4166666666666667,-1.0,0.8272860334334797,-0.3469387755102041,1
0.8055555555555556,-1.0,-0.5066525801446069,-0.4489795918367347,1
0.0277777777777777,0.0,-0.1953074273388579,0.3877551020408163,0
-0.6666666666666666,0.0,-0.8237974182046287,0.5510204081632653,0
-0.2777777777777778,0.0,0.1279012182640562,0.0816326530612244,0
0.6111111111111112,0.0,0.1813969868048906,0.8571428571428571,0
0.0555555555555555,0.0,-0.0152530621677836,0.9387755102040816,0
0.4444444444444444,0.0,0.5826427635995466,-0.3061224489795918,0
-0.6111111111111112,-1.0,-0.9238887604961096,0.1428571428571428,1
0.25,-1.0,-0.4052296213146686,-0.3061224489795918,1
0.6111111111111112,-1.0,-0.6236367438123851,0.4081632653061224,1
-0.9722222222222222,0.0,-0.6354342060373953,-0.6122448979591837,0
0.3888888888888889,-1.0,0.1727469818525977,-0.8979591836734694,1
0.9166666666666666,-1.0,-0.0865220597136474,-0.0204081632653061,1
0.75,0.0,-0.2127394983877535,-0.3061224489795918,0
0.6944444444444444,0.0,0.672081173583369,-0.8775510204081632,0
0.9722222222222222,-1.0,0.3991878239624946,0.1020408163265306,1
0.6111111111111112,-1.0,-0.6753276767143187,0.9591836734693876,1
-0.75,0.0,0.5572099882245479,-0.1428571428571428,0
-0.1111111111111111,-1.0,-0.0154841691703258,-1.020408163265306,1
-0.6944444444444444,0.0,-0.3731497683427427,-0.7346938775510204,0
0.1944444444444444,-1.0,0.1682789131367823,-0.9183673469387756,1
-0.5555555555555556,0.0,-0.3004941287816259,0.6938775510204082,0
-0.4722222222222222,-1.0,0.2635170083748775,0.8163265306122449,1
-0.5,0.0,-0.2810371201866464,-0.4489795918367347,0
-0.1666666666666666,-1.0,0.5149174067593296,-0.1632653061224489,1
-0.2777777777777778,0.0,-0.4155744109522709,0.2857142857142857,0
-0.7777777777777778,0.0,0.9537015638240506,-0.9183673469387756,0
0.6111111111111112,0.0,0.0047982215765899,0.7142857142857143,0
0.3888888888888889,0.0,0.9288410534077278,0.7346938775510204,0
0.5833333333333334,0.0,-0.8688962989864307,-0.1632653061224489,0
-0.1111111111111111,-1.0,0.7307273267522864,-0.5102040816326531,1
-0.6111111111111112,0.0,-0.7400266323307692,-0.9591836734693876,0
0.4166666666666667,-1.0,0.7390911992252412,-0.5918367346938775,1
-0.8055555555555556,0.0,-0.0608801875268249,-0.0408163265306122,0
-0.5833333333333334,-1.0,-0.7994651523655453,-0.7346938775510204,1
-0.6111111111111112,0.0,0.7365600272926365,-0.5918367346938775,0
0.6944444444444444,0.0,-0.3345769091089174,0.8367346938775511,0
0.5833333333333334,0.0,-0.808907524183697,-0.2448979591836734,0
0.0833333333333333,-1.0,-0.9493215358711083,-0.5510204081632653,1
-0.75,-1.0,-0.2207181925231382,0.7346938775510204,1
-0.0555555555555555,-1.0,0.8565705921841813,-0.0816326530612244,1
-0.75,-1.0,-0.5436627158374328,-0.2653061224489796,1
0.5833333333333334,-1.0,0.3653361506377452,0.7551020408163265,1
0.6944444444444444,-1.0,-0.5074999724872616,-0.1632653061224489,1
0.2777777777777778,-1.0,-0.8558772711765548,-0.1428571428571428,1
-0.8333333333333334,-1.0,-0.1255021074757612,-0.6530612244897959,1
0.75,-1.0,0.4393894373094743,-0.5714285714285714,1
-0.7222222222222222,-1.0,-0.0377144617958114,-0.4693877551020408,1
-0.6388888888888888,0.0,-0.9657631483376804,-0.6938775510204082,0
-0.2222222222222222,0.0,-0.7451440016727745,-0.7142857142857143,0
-0.2222222222222222,-1.0,-0.3446905917439775,0.7551020408163265,1
-0.1388888888888889,-1.0,-0.5854600680114893,0.4489795918367347,1
0.6388888888888888,-1.0,-0.9517316517547624,-0.4693877551020408,1
0.5,-1.0,-0.0328392045517074,-0.8979591836734694,1
-0.1666666666666666,-1.0,-0.107156613512056,-0.4489795918367347,1
-0.5833333333333334,0.0,-0.5718797803382967,0.5918367346938775,0
0.5,-1.0,0.3958532800686718,-0.8367346938775511,1
0.8333333333333334,0.0,-0.788603123246063,-0.8367346938775511,0
-0.6111111111111112,0.0,-0.2017674183146797,-0.9183673469387756,0
-0.6666666666666666,0.0,0.8639440060748126,0.3265306122448979,0
0.3888888888888889,-1.0,-0.9720140425016784,0.5306122448979592,1
0.4722222222222222,-1.0,0.9663684285824335,-0.7346938775510204,1
0.5,0.0,-0.0993319907116995,0.5510204081632653,0
0.8055555555555556,-1.0,-0.326686255736406,0.5306122448979592,1
-0.6666666666666666,-1.0,-0.4115685562415398,-0.7142857142857143,1
-0.4444444444444444,0.0,0.9255065095139048,0.4081632653061224,0
-0.3888888888888889,-1.0,-0.4548515962890818,-0.6122448979591837,1
-0.7222222222222222,-1.0,0.8061122299624727,-0.7755102040816326,1
-0.7222222222222222,-1.0,-0.4241363751416906,-0.3673469387755102,1
-0.0833333333333333,0.0,0.6050931581322152,0.2448979591836734,0
-0.3888888888888889,-1.0,0.17946009002168,0.2448979591836734,1
-0.0277777777777777,-1.0,0.717103018697657,-0.2857142857142857,1
0.6944444444444444,-1.0,0.1275490552125634,-0.5714285714285714,1
0.8611111111111112,0.0,-0.5527859398901691,-0.4693877551020408,0
0.9722222222222222,-1.0,-0.2022846577965598,-0.7755102040816326,1
0.9722222222222222,0.0,0.7186767473340157,-0.3469387755102041,0
-0.6944444444444444,0.0,-0.4805044735712634,-0.673469387755102,0
0.8611111111111112,-1.0,-0.015792311840382,-0.0204081632653061,1
-0.5555555555555556,0.0,0.2888067175102072,-0.0816326530612244,0
0.5833333333333334,-1.0,0.5749391968481407,0.0204081632653061,1
0.0555555555555555,-1.0,-0.872627026313183,0.4285714285714285,1
0.0555555555555555,0.0,0.2843056335083143,0.4489795918367347,0
-0.4444444444444444,0.0,0.301374536410358,-0.0408163265306122,0
0.9166666666666666,-1.0,0.1891445739377331,-0.8163265306122449,1
-0.4722222222222222,0.0,0.9255615349907008,0.4693877551020408,0
-0.0555555555555555,-1.0,-0.5143231316099354,-0.8775510204081632,1
-0.9166666666666666,-1.0,0.0830884699615922,-0.5918367346938775,1
0.2777777777777778,-1.0,-0.2453475959369188,0.4489795918367347,1
-0.5555555555555556,-1.0,-0.6595903903507324,-0.4285714285714285,1
-0.3333333333333333,0.0,-0.9049930117644468,0.5918367346938775,0
-0.3611111111111111,0.0,-0.6987135043525152,0.9183673469387756,0
0.1388888888888889,-1.0,0.1677946889409796,0.0612244897959183,1
-0.4722222222222222,-1.0,-0.6796086588090285,0.673469387755102,1
0.5277777777777778,-1.0,0.2150725786038936,-0.8367346938775511,1
-0.5555555555555556,-1.0,0.9731035469422342,0.4489795918367347,1
-0.8333333333333334,0.0,-0.7263252886086258,0.7959183673469388,0
0.0277777777777777,0.0,0.0344019280927069,0.0408163265306122,0
0.4166666666666667,0.0,0.8753562899622526,0.0,0
-0.5555555555555556,0.0,-0.6518317981225308,-0.3469387755102041,0
-0.3055555555555556,0.0,0.8615118800004402,-0.8775510204081632,0
-0.25,0.0,-0.4201525306216778,-0.7959183673469388,0
-0.7777777777777778,0.0,0.6593372731574719,0.5306122448979592,0
-0.1111111111111111,-1.0,-0.0911882201459275,0.1428571428571428,1
0.2222222222222222,0.0,-0.960788845235344,-0.6938775510204082,0
-0.4166666666666667,0.0,-0.7282071599150407,-0.6122448979591837,0
-0.8055555555555556,0.0,0.2960150549704513,-0.673469387755102,0
0.75,-1.0,-0.7294397305952656,-0.8775510204081632,1
-0.5555555555555556,0.0,-0.6781559862216207,0.8571428571428571,0
0.1666666666666666,0.0,0.3756699351799883,0.8571428571428571,0
0.5833333333333334,0.0,-0.016221510559389,0.3265306122448979,0
0.3333333333333333,0.0,-0.7719083935862304,-0.3265306122448979,0
0.9722222222222222,-1.0,-0.9601945700859498,0.7346938775510204,1
-0.9444444444444444,-1.0,0.957157163766824,0.2653061224489796,1
-0.5277777777777778,-1.0,-0.3560698603453399,0.7755102040816326,1
0.4444444444444444,-1.0,-0.4380908360570944,0.5306122448979592,1
-0.4722222222222222,0.0,0.562305347375835,0.5102040816326531,0
0.3055555555555556,0.0,0.8464899248351987,-0.9591836734693876,0
0.0833333333333333,-1.0,0.3197860609462181,0.0,1
0.8888888888888888,0.0,0.4737253348300263,-0.1836734693877551,0
0.3055555555555556,-1.0,0.200842990304511,-0.9591836734693876,1
-0.6388888888888888,-1.0,0.6388788008848096,-0.6122448979591837,1
0.8333333333333334,0.0,0.6724223315395028,-0.0816326530612244,0
0.5555555555555556,-1.0,0.279408366073492,-0.7755102040816326,1
-0.3611111111111111,0.0,0.7588893657763545,-0.673469387755102,0
0.8333333333333334,-1.0,0.3231646252214775,-0.6530612244897959,1
0.7777777777777778,-1.0,0.2833702004027865,0.4693877551020408,1
0.1666666666666666,0.0,-0.9707264463446575,1.0,0
0.5,0.0,0.4625991834219243,-0.8775510204081632,0
0.3055555555555556,-1.0,-0.5746420592734436,0.4897959183673469,1
-0.6666666666666666,-1.0,-0.6038275721659128,-0.8571428571428571,1
0.9166666666666666,0.0,0.8848426821618409,-0.5714285714285714,0
-0.8055555555555556,0.0,-0.3122255604344812,-1.0,0
0.7222222222222222,0.0,-0.4935345064764986,-0.2653061224489796,0
0.9444444444444444,0.0,-0.8844685089196298,0.673469387755102,0
0.6111111111111112,-1.0,0.773118954075737,-0.9591836734693876,1
0.5277777777777778,-1.0,-0.1142989204001452,-0.6530612244897959,1
0.6944444444444444,0.0,-0.7608372676549242,-0.7346938775510204,0
0.4722222222222222,0.0,0.7836838456205223,0.1224489795918367,0
0.0,-1.0,0.8707231448160498,0.3877551020408163,1
0.1944444444444444,0.0,-0.9441601461476664,0.0816326530612244,0
0.8055555555555556,-1.0,0.1511329745672246,0.5714285714285714,1
-0.3055555555555556,0.0,0.1573948738265817,-0.5918367346938775,0
0.7777777777777778,0.0,0.6303058316000308,0.6122448979591837,0
-0.4722222222222222,0.0,0.6605368285516194,0.0204081632653061,0
-0.7222222222222222,-1.0,0.5493743603288322,-0.2244897959183673,1
-0.5277777777777778,-1.0,0.4780613424015319,0.2040816326530612,1
0.3055555555555556,0.0,-0.0574906181562063,-0.3265306122448979,0
0.1111111111111111,-1.0,-0.9420471678387092,-0.1224489795918367,1
0.8611111111111112,-1.0,-0.1284074526505772,-0.8163265306122449,1
-0.75,0.0,0.5168543035425402,-0.979591836734694,0
0.6388888888888888,-1.0,0.3202372698559433,0.2653061224489796,1
0.3611111111111111,-1.0,0.0330042809820947,-0.7346938775510204,1
1.0,0.0,-0.1030957333245292,0.1020408163265306,0
-0.5,-1.0,0.5448622712315803,0.8367346938775511,1
0.2777777777777778,0.0,-0.4439675569788812,0.7551020408163265,0
-0.0277777777777777,-1.0,-0.2308648904442757,-0.979591836734694,1
0.3888888888888889,-1.0,0.0125017883279958,-0.1632653061224489,1
-0.0277777777777777,0.0,0.951995774043382,-0.5102040816326531,0
0.1111111111111111,-1.0,-0.7882729703852884,-0.8163265306122449,1
0.5,0.0,-0.9718819813573684,0.6326530612244898,0
-0.6111111111111112,0.0,-0.2243058536102215,0.7551020408163265,0
-0.4444444444444444,0.0,-0.2399881144970121,0.9387755102040816,0
0.75,-1.0,0.9641784146059624,0.7346938775510204,1
-0.3055555555555556,0.0,0.6982512903474308,0.5102040816326531,0
0.8888888888888888,0.0,-0.7673963044889784,-0.5306122448979592,0
-0.0555555555555555,0.0,-0.0739982611949332,-0.2244897959183673,0
-0.0833333333333333,0.0,-0.3476289522048708,-0.1632653061224489,0
-0.75,-1.0,-0.4080799410126888,0.3061224489795918,1
0.4166666666666667,0.0,0.4036118722968734,0.8979591836734694,0
-0.6388888888888888,0.0,0.7271726809512804,0.5714285714285714,0
-0.5555555555555556,0.0,-0.2382052890488296,-0.7755102040816326,0
-0.1666666666666666,0.0,0.687279210274357,-0.8775510204081632,0
-0.0555555555555555,-1.0,-0.8788008848096669,-0.2040816326530612,1
-0.3333333333333333,0.0,0.3608240615404932,-0.3673469387755102,0
0.8333333333333334,0.0,-0.8098539623845841,0.3061224489795918,0
-0.8333333333333334,0.0,-0.1195813661725378,-0.2244897959183673,0
-0.5,-1.0,0.4813078455324815,-0.6530612244897959,1
-0.3888888888888889,0.0,-0.46447004963298,-0.7142857142857143,0
-0.5555555555555556,-1.0,-0.5941100729637823,-0.6326530612244898,1
-0.6944444444444444,0.0,-0.7142306888089185,-1.020408163265306,0
-0.5,0.0,-0.9011522334841032,-0.3469387755102041,0
0.2777777777777778,-1.0,-0.4071995333839567,0.9387755102040816,1
0.1944444444444444,-1.0,-0.0312324606292713,0.1836734693877551,1
0.9444444444444444,-1.0,0.2381062431905972,0.673469387755102,1
-0.1666666666666666,0.0,-0.8394026434239052,-0.4489795918367347,0
0.5277777777777778,0.0,0.594891434734282,0.3877551020408163,0
-0.6111111111111112,0.0,-0.499675349686905,0.6122448979591837,0
0.6111111111111112,0.0,-0.117050194239933,0.4489795918367347,0
-0.3333333333333333,0.0,-0.8205178997876017,0.3061224489795918,0
-0.3888888888888889,0.0,-0.616065238205289,-0.1836734693877551,0
0.7222222222222222,0.0,0.6258377628842154,-0.0408163265306122,0
-1.0,0.0,0.0378245127494029,-0.6122448979591837,0
0.25,-1.0,0.3209195857682106,-0.9387755102040816,1
0.6666666666666666,0.0,0.3450097395093928,0.3265306122448979,0
1.0,-1.0,0.801919288630636,0.0204081632653061,1
-0.5833333333333334,-1.0,-0.9639032872219838,-0.9387755102040816,1
0.75,0.0,0.7848723959193107,-0.1020408163265306,0
-0.7777777777777778,0.0,0.754344261393025,-0.4897959183673469,0
-0.6944444444444444,-1.0,-0.2124533659084156,-0.9591836734693876,1
-0.9722222222222222,0.0,-0.7508116257827374,-0.5714285714285714,0
-0.5,-1.0,0.6587870183895144,0.8775510204081632,1
-0.2222222222222222,0.0,-0.7350963496098694,-0.8367346938775511,0
0.6111111111111112,-1.0,-0.1962428604443857,-0.9591836734693876,1
0.25,0.0,0.1362540856416521,0.4489795918367347,0
-0.7222222222222222,-1.0,-0.214522323835936,0.8775510204081632,1
-0.8611111111111112,-1.0,0.675635819384375,-0.6530612244897959,1
0.0555555555555555,-1.0,0.5236224371884183,-0.6326530612244898,1
0.8333333333333334,0.0,0.2888837531777213,-0.6938775510204082,0
-0.1111111111111111,-1.0,-0.1916867509656971,-0.0816326530612244,1
-0.5,0.0,0.974611245006438,-0.2857142857142857,0
-0.9722222222222222,0.0,-0.2357841680698163,0.6938775510204082,0
0.9722222222222222,0.0,-0.1135065535342863,0.3265306122448979,0
0.0833333333333333,0.0,-0.7512518295971035,0.5918367346938775,0
-0.3888888888888889,-1.0,-0.8203858386432918,-0.2244897959183673,1
1.0,-1.0,-0.0014966929688445,0.8367346938775511,1
-0.6944444444444444,-1.0,-0.6500049522929117,-0.8571428571428571,1
-0.9444444444444444,-1.0,-0.639484081129563,-0.8979591836734694,1
0.1388888888888889,0.0,0.3939383934761795,-0.6530612244897959,0
0.6944444444444444,-1.0,0.4948331077288784,0.7142857142857143,1
0.3611111111111111,0.0,0.543464624120968,-0.7551020408163265,0
-0.8888888888888888,0.0,-0.9793544411062322,-0.3469387755102041,0
0.3888888888888889,-1.0,-0.1156195318432434,0.7755102040816326,1
0.0,-1.0,0.1871306414870084,0.7755102040816326,1
-0.6388888888888888,-1.0,-0.8213873023209746,-0.1020408163265306,1
-0.8611111111111112,0.0,0.4922799256055554,-0.6326530612244898,0
-0.6666666666666666,-1.0,-0.708298942410336,-0.8367346938775511,1
-0.8888888888888888,-1.0,0.3784982446872902,1.0,1
0.3611111111111111,-1.0,-0.4535309848459837,0.0408163265306122,1
0.8055555555555556,0.0,-0.0308032619102644,-0.1632653061224489,0
0.1388888888888889,-1.0,-0.2175377199643434,-0.4693877551020408,1
-0.5277777777777778,-1.0,0.6969857043811285,-0.2040816326530612,1
0.2222222222222222,-1.0,0.0289213906038495,-0.2653061224489796,1
0.2777777777777778,0.0,-0.3911871196363916,0.8163265306122449,0
0.2777777777777778,-1.0,0.6495097230017498,-0.1020408163265306,1
-0.3888888888888889,-1.0,0.9210274357027304,-0.2448979591836734,1
-0.5833333333333334,0.0,0.0537378806387357,0.7755102040816326,0
0.25,-1.0,0.1964739674469279,-0.6326530612244898,1
-0.3611111111111111,0.0,-0.9524029625716708,-0.8571428571428571,0
-1.0,-1.0,-0.9591380809314712,0.0816326530612244,1
-0.0833333333333333,-1.0,0.9027039519297436,0.9387755102040816,1
0.5555555555555556,-1.0,0.4838280123697271,-0.2448979591836734,1
-0.1111111111111111,-1.0,0.8584744736813145,0.4285714285714285,1
0.0555555555555555,0.0,0.4672543387588453,-0.8775510204081632,0
0.3333333333333333,0.0,0.4564143198300813,-0.1836734693877551,0
-0.9722222222222222,-1.0,0.9024398296411238,0.8979591836734694,1
0.9444444444444444,0.0,0.6831412944193161,0.6530612244897959,0
0.1388888888888889,-1.0,-0.2947384639087897,-0.7551020408163265,1
0.6666666666666666,0.0,-0.6324188099089879,0.673469387755102,0
-0.0555555555555555,-1.0,0.2422001386642015,-0.6122448979591837,1
-0.5833333333333334,-1.0,0.196264870635104,0.6530612244897959,1
0.3333333333333333,-1.0,-0.2528310607811416,0.7551020408163265,1
0.6111111111111112,-1.0,-0.154511538842484,-0.1224489795918367,1
0.25,0.0,-0.9129827109951908,0.1428571428571428,0
-0.7222222222222222,0.0,-0.0231987410170909,0.3061224489795918,0
0.1944444444444444,0.0,0.992362463820749,-0.979591836734694,-1
0.8055555555555556,0.0,-0.6160542331099299,-0.9591836734693876,0
-0.0277777777777777,-1.0,-0.6547261382019876,-0.1020408163265306,1
0.5833333333333334,-1.0,-0.8506058304995213,-0.5714285714285714,1
-0.1666666666666666,-1.0,-0.0221532569579715,-0.7346938775510204,1
0.5277777777777778,-1.0,0.4062861104691472,0.1632653061224489,1
0.6944444444444444,0.0,0.25881783265652,0.4081632653061224,0
-0.2777777777777778,0.0,0.4446278627004303,0.7346938775510204,0
0.6666666666666666,-1.0,-0.046265420889872,0.3877551020408163,1
-0.6944444444444444,-1.0,-0.8559102864626322,0.3673469387755102,1
-0.7777777777777778,-1.0,0.3416531854248517,-0.3265306122448979,1
-0.6666666666666666,-1.0,-0.1697315857241903,-0.0612244897959183,1
0.6111111111111112,-1.0,-0.1817821651424609,-0.0612244897959183,1
0.6111111111111112,-1.0,0.0543651710742073,0.3061224489795918,1
0.1388888888888889,0.0,-0.5842935279034193,0.9183673469387756,0
0.2222222222222222,-1.0,-0.3200942036162743,0.4693877551020408,1
-0.0555555555555555,-1.0,0.6189155579033092,-0.7346938775510204,1
0.25,-1.0,0.1169951687631373,-0.4693877551020408,1
-0.3333333333333333,-1.0,0.0808874508897619,-0.6530612244897959,1
0.7222222222222222,-1.0,0.1069145014141547,0.3061224489795918,1
0.6388888888888888,-1.0,0.8834450350512287,-1.020408163265306,1
0.8333333333333334,-1.0,-0.6502030440093763,0.673469387755102,1
-0.6388888888888888,0.0,0.4829586098363542,-0.1632653061224489,0
0.1388888888888889,-1.0,0.9542077982105714,0.6326530612244898,1
-0.1944444444444444,-1.0,-0.9034633035095248,-0.7959183673469388,1
-0.4722222222222222,0.0,-0.7597917835958049,-0.979591836734694,0
0.9166666666666666,-1.0,-0.8400519440500952,-1.0,1
-0.6666666666666666,0.0,0.3414440886130278,-0.8979591836734694,0
-0.8888888888888888,0.0,-0.8502646725433876,0.979591836734694,0
0.3333333333333333,0.0,-0.1197244324122068,-0.5102040816326531,0
-0.4166666666666667,0.0,-0.3207655144331826,-0.0816326530612244,0
0.8888888888888888,0.0,0.2906775837212629,0.7959183673469388,0
0.1666666666666666,-1.0,0.717103018697657,0.2653061224489796,1
0.5,0.0,0.7333575445431235,0.1836734693877551,0
0.9166666666666666,-1.0,0.5030539139621645,-0.6938775510204082,1
-0.75,0.0,0.3102006228883973,0.0,0
0.4722222222222222,0.0,-0.8051657917615856,-0.0408163265306122,0
-0.7222222222222222,-1.0,-0.4500973950939285,-0.9591836734693876,1
-0.3333333333333333,0.0,-0.937513068550739,0.8979591836734694,0
-0.8333333333333334,0.0,0.4494150791816611,0.7959183673469388,0
0.9722222222222222,-1.0,0.6539667866222061,0.5102040816326531,1
0.1111111111111111,-1.0,-0.3929369297984967,0.4489795918367347,1
0.3611111111111111,-1.0,0.4761134405229621,-0.1632653061224489,1
0.8888888888888888,-1.0,0.8579132138179978,-1.020408163265306,1
0.6666666666666666,0.0,0.2834582411656597,0.2040816326530612,0
-0.5555555555555556,0.0,0.4572176917912994,-0.673469387755102,0
-0.3055555555555556,-1.0,0.1560082318113286,-0.1632653061224489,1
-0.25,0.0,0.5872428934596718,-0.6122448979591837,0
1.0,-1.0,-0.108972454246316,0.9387755102040816,1
0.1666666666666666,-1.0,0.0828683680544092,0.8367346938775511,1
0.3611111111111111,-1.0,-0.2993275886735558,0.1836734693877551,1
-0.0555555555555555,-1.0,-0.6799388116698031,0.5102040816326531,1
0.0,-1.0,-0.8781185688973995,-0.2857142857142857,1
-0.2222222222222222,0.0,0.431806926607019,0.7959183673469388,0
0.4444444444444444,-1.0,0.0864450240461333,-0.1020408163265306,1
0.5,0.0,0.1850286682734105,-0.8163265306122449,0
0.0555555555555555,-1.0,0.6228113616604488,-1.0,1
0.4722222222222222,0.0,-0.4303542540196111,0.7959183673469388,0
-0.3888888888888889,-1.0,0.8800334554898919,-0.8775510204081632,1
-0.1666666666666666,-1.0,-0.1074097307053165,-0.2857142857142857,1
0.7222222222222222,0.0,0.1743207104889564,-0.1836734693877551,0
0.1944444444444444,-1.0,0.0514818360901097,0.0408163265306122,1
-0.0833333333333333,0.0,-0.4165538644392353,-1.020408163265306,0
-0.4444444444444444,-1.0,-0.7232768771941409,-0.979591836734694,1
0.8055555555555556,0.0,0.7044691692253513,0.0204081632653061,0
0.6944444444444444,0.0,0.9423443054134064,0.2448979591836734,0
-0.2222222222222222,0.0,-0.1344712601934695,-0.7346938775510204,0
-0.1944444444444444,0.0,0.6912630547943698,0.7142857142857143,0
-0.75,-1.0,-0.0153851233120935,-0.1224489795918367,1
-0.7222222222222222,0.0,0.3129298865374668,0.2244897959183673,0
0.0555555555555555,-1.0,0.6386476938822675,0.7346938775510204,1
0.9444444444444444,-1.0,0.8717356135890918,0.8979591836734694,1
-0.6944444444444444,-1.0,-0.46213696941684,-0.979591836734694,1
0.6388888888888888,-1.0,-0.2505970264232339,-0.7755102040816326,1
1.0,0.0,0.1036019677110502,-0.1836734693877551,0
0.6944444444444444,-1.0,0.7761893756809403,0.8571428571428571,1
0.6944444444444444,0.0,-0.5406583248043845,-0.1836734693877551,0
-0.0833333333333333,0.0,0.76750635544257,-0.673469387755102,0
-0.7222222222222222,-1.0,-0.3548923151419107,0.1632653061224489,1
-0.0277777777777777,0.0,0.0974171041192071,-0.4693877551020408,0
0.9166666666666666,-1.0,-0.5048807597917836,0.4489795918367347,1
0.0555555555555555,-1.0,0.1135945942971595,0.7142857142857143,1
0.7222222222222222,-1.0,-0.7337867432621303,-0.6326530612244898,1
-0.5555555555555556,0.0,-0.8963650170028723,-0.8979591836734694,0
-0.4722222222222222,-1.0,0.8973444704898368,-0.1224489795918367,1
0.6111111111111112,-1.0,0.121991482056192,-0.6122448979591837,1
-0.1666666666666666,-1.0,-0.4103029702752374,0.4285714285714285,1
0.6944444444444444,0.0,0.5973455709993727,0.4897959183673469,0
0.5,-1.0,-0.95046606578846,-0.6326530612244898,1
0.8888888888888888,0.0,-0.4509667976273014,0.1428571428571428,0
-0.3333333333333333,-1.0,0.91402819505431,0.3673469387755102,1
-0.7222222222222222,0.0,0.5069607228146632,0.1428571428571428,0
-0.5555555555555556,0.0,0.581795371256892,0.6122448979591837,0
-1.0,0.0,0.0994640518560093,-0.6326530612244898,0
-0.6111111111111112,0.0,-0.4793159232724751,0.673469387755102,0
0.6388888888888888,0.0,0.9528211561953184,0.4081632653061224,0
0.4444444444444444,0.0,0.544554128561524,-0.1632653061224489,0
-0.4722222222222222,0.0,-0.1166980311884402,0.7142857142857143,0
-0.7222222222222222,-1.0,-0.7278109764821112,0.7551020408163265,1
-0.2777777777777778,-1.0,-0.7139445563295806,0.6122448979591837,1
-0.8333333333333334,0.0,-0.5815532591589906,0.2244897959183673,0
-0.6111111111111112,-1.0,0.7575357390471789,0.5102040816326531,1
-0.4722222222222222,-1.0,-0.6055553721372996,-0.2857142857142857,1
-0.9722222222222222,0.0,-0.3909560126338495,-0.1632653061224489,0
-0.0277777777777777,0.0,-0.4775330978242926,0.5918367346938775,0
-0.8888888888888888,-1.0,0.9230853885348916,0.4489795918367347,1
-0.25,-1.0,0.8854589675019534,0.1224489795918367,1
-1.0,0.0,0.4480064269756897,0.1224489795918367,0
0.0555555555555555,-1.0,0.3602407914864582,-0.7142857142857143,1
0.3055555555555556,-1.0,-0.9210384407980896,-0.673469387755102,1
-0.0277777777777777,0.0,-0.7123158022164262,0.2653061224489796,0
0.8055555555555556,0.0,-0.0937964277460464,0.5510204081632653,0
0.2777777777777778,-1.0,-0.5611828276492016,-0.0612244897959183,1
0.8333333333333334,0.0,0.6444473791365403,0.3673469387755102,0
-0.0833333333333333,0.0,-0.8380049963132931,-0.4081632653061224,0
0.2777777777777778,0.0,-0.9132358281884512,0.1224489795918367,0
-0.3888888888888889,-1.0,-0.548846115751593,-0.3469387755102041,1
-0.1388888888888889,0.0,-0.3542760298017982,0.5918367346938775,0
0.5,0.0,0.6877414242794414,0.0408163265306122,0
-0.25,-1.0,-0.6386256836915492,0.3469387755102041,1
-0.0277777777777777,-1.0,-0.4569205542166022,0.5102040816326531,1
0.9166666666666666,-1.0,-0.2710885139819736,0.1836734693877551,1
0.4722222222222222,0.0,-0.5658159727954043,-0.4489795918367347,0
0.3333333333333333,-1.0,-0.2150065480317387,0.5714285714285714,1
0.8055555555555556,0.0,0.9981951643610992,-0.9387755102040816,0
-0.6666666666666666,0.0,0.3059526560797649,-0.4897959183673469,0
0.0555555555555555,-1.0,0.2330328942300285,-0.2448979591836734,1
-0.4722222222222222,0.0,0.4589454917626861,0.2448979591836734,0
-0.3611111111111111,-1.0,-0.1481395886295354,-0.8163265306122449,1
0.4444444444444444,0.0,0.4219573662605786,0.2857142857142857,0
0.9722222222222222,-1.0,-0.4156184313337075,0.8979591836734694,1
0.9444444444444444,0.0,-0.5995686002619213,0.8163265306122449,0
-0.7777777777777778,0.0,-0.4191400618486359,-0.8163265306122449,0
0.0277777777777777,-1.0,0.6597444616857605,-0.6122448979591837,1
0.4722222222222222,0.0,-0.621446729835914,-0.3877551020408163,0
0.8888888888888888,-1.0,-0.3098924802183411,-0.8163265306122449,1
0.0,-1.0,-0.3921665731233561,0.7755102040816326,1
-0.0555555555555555,0.0,0.5603134251158286,0.8979591836734694,0
-0.7222222222222222,0.0,-0.7511637888342303,0.4285714285714285,0
-0.3055555555555556,-1.0,-0.0707957784454202,-0.8979591836734694,1
0.9722222222222222,-1.0,0.412239867058448,0.6938775510204082,1
0.9166666666666666,-1.0,-0.1284184577459363,-0.9591836734693876,1
-0.5277777777777778,0.0,0.8745639230963936,-0.2653061224489796,0
0.5277777777777778,-1.0,0.6176829872230842,0.3877551020408163,1
-0.9722222222222222,-1.0,0.774351524755962,-0.3673469387755102,1
0.8333333333333334,0.0,-0.3584909813243532,-0.0408163265306122,0
0.5555555555555556,-1.0,-0.8846005700639396,-0.673469387755102,1
-0.75,0.0,0.0324980465955737,-0.8163265306122449,0
0.1944444444444444,-1.0,-0.5170854105450824,0.4693877551020408,1
-0.3611111111111111,0.0,0.3210076265310839,0.5714285714285714,0
-0.75,-1.0,0.884699615922172,0.8367346938775511,1
0.8333333333333334,0.0,-0.8979827660206676,0.7142857142857143,0
0.2777777777777778,-1.0,-0.0263241880990898,0.1836734693877551,1
0.9444444444444444,-1.0,-0.72510372302376,-0.4693877551020408,1
0.75,-1.0,0.5310838918419228,0.2653061224489796,1
-0.7222222222222222,0.0,-0.6911970242222149,-0.1224489795918367,0
-0.25,0.0,-0.8950664157504925,0.9591836734693876,0
0.8888888888888888,0.0,-0.382922293021669,0.8979591836734694,0
-0.3611111111111111,0.0,0.0115553501271088,0.3061224489795918,0
-0.5555555555555556,0.0,-0.0664487657785554,0.0408163265306122,0
-0.2222222222222222,-1.0,0.9712767011126152,-0.2857142857142857,1
0.8611111111111112,0.0,-0.6070520651061442,0.673469387755102,0
-0.1111111111111111,-1.0,-0.560412470974061,0.4693877551020408,1
-1.0,0.0,-0.179603156261349,-0.0816326530612244,0
0.5555555555555556,0.0,-0.2754465317441976,-0.6938775510204082,0
0.8333333333333334,-1.0,-0.8979277405438718,0.2040816326530612,1
-0.8055555555555556,0.0,0.0119075131786016,-0.9591836734693876,0
-0.5,-1.0,-0.3989126965785158,-0.979591836734694,1
-0.3611111111111111,0.0,-0.8366513695841175,0.9591836734693876,0
-0.3333333333333333,0.0,0.7477632143682525,-0.1020408163265306,0
0.75,0.0,-0.0892733335534352,-0.5714285714285714,0
-0.8055555555555556,-1.0,0.1404470269734887,0.8979591836734694,1
-0.7777777777777778,0.0,-0.1582422661692363,-0.2244897959183673,0
-0.8333333333333334,0.0,0.9058183939163832,0.9387755102040816,0
-0.8888888888888888,-1.0,0.7005733654682118,0.7959183673469388,1
-0.3333333333333333,0.0,-0.3207875246239008,-0.3673469387755102,0
0.4722222222222222,-1.0,0.4675844916196199,0.8571428571428571,1
0.25,0.0,0.3491916757458703,-0.5714285714285714,0
0.0,0.0,0.5785048477445057,-1.020408163265306,0
-0.25,-1.0,0.8236323417742415,-0.673469387755102,1
0.9722222222222222,0.0,0.2000726336293704,0.8571428571428571,0
-0.0277777777777777,-1.0,0.5670265332849109,-0.7959183673469388,1
0.5833333333333334,0.0,-0.5503428087204376,0.5102040816326531,0
0.0833333333333333,0.0,0.57961636237578,-0.4693877551020408,0
0.8888888888888888,0.0,-0.113044339529202,0.0816326530612244,0
-0.4166666666666667,0.0,-0.3110370101356928,-0.979591836734694,0
0.0555555555555555,0.0,0.7540691340090462,0.7959183673469388,0
0.3611111111111111,-1.0,-0.5875070157482915,-0.1836734693877551,1
-0.5277777777777778,-1.0,-0.6821618409323517,-0.0408163265306122,1
-0.4166666666666667,-1.0,-0.5556692748742668,-0.8775510204081632,1
0.5833333333333334,0.0,0.178370585581124,-0.5306122448979592,0
0.3333333333333333,-1.0,-0.48534671552929,1.0,1
-0.0555555555555555,-1.0,-0.2690745815312489,0.1428571428571428,1
0.0833333333333333,0.0,0.9289070839798826,-0.3673469387755102,0
-0.8888888888888888,0.0,-0.6729945964981786,0.8367346938775511,0
0.1388888888888889,-1.0,0.3073833184764546,-0.2857142857142857,1
-0.3611111111111111,-1.0,-0.8130894604201745,0.5714285714285714,1
0.4166666666666667,-1.0,0.5005557573156372,0.3265306122448979,1
0.1388888888888889,-1.0,0.2061364411722627,-0.0408163265306122,1
0.6388888888888888,0.0,-0.7289445013041038,-0.1632653061224489,0
0.8055555555555556,0.0,0.318036250784113,-0.8163265306122449,0
-0.4722222222222222,0.0,0.4664839820837047,1.0,0
0.5277777777777778,-1.0,-0.0656563989126965,-0.1428571428571428,1
0.7222222222222222,-1.0,0.9523369319995156,0.3265306122448979,1
-0.8888888888888888,-1.0,-0.6659073150868853,0.673469387755102,1
-0.5,-1.0,0.3295916009112219,0.7346938775510204,1
0.4444444444444444,0.0,-0.8463578636908888,-0.5510204081632653,0
0.0833333333333333,-1.0,-0.6562448413615504,-0.7959183673469388,1
0.5,-1.0,-0.7598468090726006,0.1020408163265306,1
0.5277777777777778,-1.0,0.387500412691076,0.4489795918367347,1
-0.5277777777777778,-1.0,0.2818184819571461,-0.6326530612244898,1
0.0833333333333333,-1.0,-0.2841075417918496,-0.8367346938775511,1
-0.4444444444444444,0.0,0.4096316594583292,0.5102040816326531,0
0.1111111111111111,0.0,-0.0633233186965565,0.8571428571428571,0
-0.0277777777777777,0.0,0.4367151991372005,-0.9183673469387756,0
0.6388888888888888,0.0,-0.732444121628314,-0.4897959183673469,0
0.7777777777777778,-1.0,-0.046485522797055,-0.4285714285714285,1
-0.8333333333333334,-1.0,0.7573046320446367,-0.8979591836734694,1
0.6944444444444444,0.0,-0.0475530170468927,0.5102040816326531,0
-0.6666666666666666,0.0,0.7646450306491905,0.4693877551020408,0
-0.3333333333333333,0.0,0.1579781438806167,0.1224489795918367,0
-0.0277777777777777,-1.0,0.8829277955693486,0.2244897959183673,1
-0.6388888888888888,-1.0,-0.0727656905147083,0.0,1
-0.7777777777777778,0.0,-0.6648618310277659,0.7755102040816326,0
0.9166666666666666,-1.0,0.675349686905037,-0.3265306122448979,1
-0.1388888888888889,0.0,0.0351282643864109,-0.3469387755102041,0
0.6666666666666666,0.0,-0.8932505750162325,-0.979591836734694,0
-0.8055555555555556,-1.0,0.928565926023749,0.1020408163265306,1
-0.6111111111111112,0.0,-0.2878162589278836,0.3877551020408163,0
-0.3055555555555556,0.0,-0.0805462929336282,-0.3673469387755102,0
-0.1111111111111111,0.0,-0.906588750591524,-0.5918367346938775,0
-0.3055555555555556,0.0,0.3350061078279243,-0.6530612244897959,0
-0.0833333333333333,0.0,-0.8470841999845928,0.1632653061224489,0
0.4722222222222222,-1.0,0.6128297401696986,-0.1428571428571428,1
0.8888888888888888,0.0,-0.9302056852322624,-0.4897959183673469,0
-0.3333333333333333,-1.0,0.2491553589311851,-1.0,1
0.3333333333333333,-1.0,0.8624693232966864,-0.9183673469387756,1
-0.4722222222222222,-1.0,-0.7703346649498718,-0.1020408163265306,1
-0.0555555555555555,0.0,0.9879494205817292,-0.0612244897959183,0
-0.3055555555555556,0.0,-0.1118007637536179,-0.6326530612244898,0
0.0555555555555555,0.0,0.8523776508523446,-0.0816326530612244,0
-0.3333333333333333,-1.0,-0.0569073481021713,-0.2448979591836734,1
-0.6944444444444444,-1.0,0.9011962538655396,0.4489795918367347,1
0.9722222222222222,0.0,0.6654010807003643,-0.4285714285714285,0
-0.9444444444444444,0.0,-0.5268579352240087,0.979591836734694,0
-0.0833333333333333,-1.0,-0.9388887054706327,-0.7551020408163265,1
0.6388888888888888,0.0,0.4653614623570713,0.2040816326530612,0
-0.8888888888888888,0.0,0.5122981940638516,-0.2857142857142857,0
-0.0555555555555555,0.0,0.0699043657213289,0.8367346938775511,0
-0.1111111111111111,-1.0,0.1992142361913566,-0.5306122448979592,1
0.8888888888888888,-1.0,-0.101841152453586,0.1020408163265306,1
-0.4722222222222222,0.0,-0.4780503373061727,0.3673469387755102,0
-0.1111111111111111,-1.0,-0.6916812484180176,-0.3673469387755102,1
-0.2222222222222222,-1.0,-0.7286033433479701,0.2448979591836734,1
-0.9444444444444444,-1.0,0.5581674315207942,-0.8367346938775511,1
0.1666666666666666,-1.0,0.50142515984901,0.6122448979591837,1
0.3333333333333333,0.0,-0.1257992450504583,-0.3469387755102041,0
0.1111111111111111,-1.0,0.2238766548912146,-0.2244897959183673,1
0.6388888888888888,-1.0,0.0541340640716651,0.1020408163265306,1
-0.8055555555555556,0.0,0.9234265464910252,0.2040816326530612,0
-0.5,-1.0,-0.9190465185380832,-0.4897959183673469,1
0.8055555555555556,0.0,-0.6176719821277251,-0.4489795918367347,0
0.5,-1.0,-0.2007439444462786,0.6938775510204082,1
-0.4722222222222222,0.0,-0.552851970462324,-0.4489795918367347,0
-0.8888888888888888,-1.0,-0.2436528112516095,-0.673469387755102,1
-0.1666666666666666,0.0,0.7839809831952194,0.5510204081632653,0
0.4166666666666667,0.0,-0.8242376220189948,-1.020408163265306,0
-0.0833333333333333,-1.0,-0.7389151176994949,0.7142857142857143,1
0.2222222222222222,-1.0,0.7557419085036372,0.6530612244897959,1
0.1111111111111111,-1.0,-0.6196639043877316,0.5102040816326531,1
0.8333333333333334,0.0,-0.7391682348927553,0.8367346938775511,0
-0.5555555555555556,0.0,-0.7184346352361143,-0.2448979591836734,0
0.2222222222222222,-1.0,-0.4481825085014361,0.4081632653061224,1
0.5555555555555556,-1.0,0.8638779755026578,-0.3469387755102041,1
0.6666666666666666,0.0,0.8396667657125249,0.4489795918367347,0
0.4166666666666667,-1.0,0.0306822058613137,0.3061224489795918,1
0.4166666666666667,0.0,-0.7518571098418568,-0.5714285714285714,0
-0.6944444444444444,-1.0,-0.8861412834142208,-0.0816326530612244,1
0.5555555555555556,-1.0,0.7551036129728064,-0.5306122448979592,1
-0.6388888888888888,0.0,-0.9248902241737924,0.2448979591836734,0
0.6944444444444444,0.0,-0.3477500082538215,-0.3877551020408163,0
-0.5555555555555556,-1.0,0.0525383252445882,0.2448979591836734,1
0.7222222222222222,0.0,0.2275303465504528,-0.1428571428571428,0
0.1944444444444444,0.0,-0.0135912927685518,0.4081632653061224,0
0.9722222222222222,0.0,0.2263307911563053,0.0612244897959183,0
-0.1111111111111111,-1.0,0.056962373578967,-0.4081632653061224,1
-0.0833333333333333,-1.0,0.1115256363696391,-0.4081632653061224,1
-0.9722222222222222,0.0,-0.3651270538259214,0.1836734693877551,0
-0.9444444444444444,0.0,-0.1633706406066008,-0.5306122448979592,0
-0.8888888888888888,0.0,-0.770719843287442,0.3673469387755102,0
-0.4166666666666667,-1.0,-0.2126954780063169,0.7142857142857143,1
0.5,-1.0,0.6361495372357402,-0.9591836734693876,1
-0.0277777777777777,0.0,-0.2511913015726281,-0.7755102040816326,0
-0.5555555555555556,-1.0,0.7090913092761949,-1.0,1
-0.4166666666666667,-1.0,0.6026280167717654,0.9591836734693876,1
0.5,0.0,-0.754201195153356,-0.6326530612244898,0
0.6388888888888888,0.0,-0.3486084056918353,0.6326530612244898,0
-0.0555555555555555,-1.0,0.1351975964871735,0.5918367346938775,1
0.7777777777777778,-1.0,-0.3932010520871163,0.0,1
0.25,0.0,-0.1684219793764513,-0.4285714285714285,0
0.8055555555555556,-1.0,-0.4772909857263913,-0.979591836734694,1
-0.5277777777777778,-1.0,0.6330020799630229,0.8979591836734694,1
0.3055555555555556,-1.0,0.0327181485027567,0.8571428571428571,1
-0.1944444444444444,-1.0,0.5763588541494712,-0.673469387755102,1
-0.3055555555555556,-1.0,0.4623460662286638,0.7346938775510204,1
-0.0833333333333333,-1.0,-0.3560918705360582,0.7346938775510204,1
0.75,0.0,0.352515214544334,-1.020408163265306,0
-0.3611111111111111,0.0,0.728306205773273,-0.3877551020408163,0
-0.8333333333333334,-1.0,-0.0107079577844542,-0.6326530612244898,1
0.1944444444444444,-1.0,0.4366271583743273,0.8367346938775511,1
-0.4166666666666667,0.0,-0.5918980487965928,-0.6122448979591837,0
-0.6111111111111112,-1.0,0.694333476399573,-0.6938775510204082,1
1.0,0.0,-0.4337218131995113,0.0816326530612244,0
0.3333333333333333,-1.0,0.7845312379631769,0.1224489795918367,1
-0.3611111111111111,0.0,-0.5728702389206203,-0.7142857142857143,0
-0.3055555555555556,-1.0,0.1298161048565485,0.6122448979591837,1
0.8888888888888888,0.0,0.5319202790892184,0.8367346938775511,0
-0.7777777777777778,-1.0,0.1067054046023308,0.1224489795918367,1
-0.9722222222222222,0.0,0.7510537378806388,-0.3061224489795918,0
0.5555555555555556,0.0,-0.560335435306547,-1.0,0
0.3888888888888889,-1.0,0.8879681292438399,-0.5306122448979592,1
0.8333333333333334,0.0,0.4258641751130773,-0.1428571428571428,0
-0.9722222222222222,0.0,0.326036955110216,-0.1428571428571428,0
0.8055555555555556,0.0,-0.2334730980443945,0.5918367346938775,0
-0.4444444444444444,0.0,0.3528563725004677,-0.5102040816326531,0
-0.4166666666666667,0.0,-0.7718643732047938,0.1224489795918367,0
0.1944444444444444,0.0,0.0449338043514147,0.8571428571428571,0
0.8333333333333334,0.0,0.8897069343105858,-1.020408163265306,0
-0.3333333333333333,0.0,-0.8076749535034721,-0.673469387755102,0
0.75,-1.0,0.0912762609088007,0.2857142857142857,1
-0.8333333333333334,-1.0,-0.1204727788966291,0.6326530612244898,1
-0.1388888888888889,-1.0,0.559763170347871,-0.0408163265306122,1
-0.2222222222222222,-1.0,0.3885128814641179,-0.4489795918367347,1
-0.6111111111111112,0.0,-0.3396612631648453,0.6530612244897959,0
0.3888888888888889,0.0,0.2691626222941222,-0.5918367346938775,0
-0.6666666666666666,0.0,0.3066459770873914,0.8163265306122449,0
-0.1666666666666666,0.0,0.3170788074878669,0.6938775510204082,0
-0.8888888888888888,0.0,0.450064379807851,0.8775510204081632,0
0.9722222222222222,-1.0,0.4670892623284581,-0.6326530612244898,1
-0.0555555555555555,-1.0,0.8549638482617452,-0.7959183673469388,1
-0.9444444444444444,0.0,0.4433952920202053,-0.6326530612244898,0
1.0,-1.0,0.3518218935367075,0.8571428571428571,1
-0.3333333333333333,-1.0,0.7636105516854303,0.2448979591836734,1
-0.6388888888888888,-1.0,0.1359459429715958,-0.673469387755102,1
-0.0555555555555555,-1.0,0.2723981203297126,-0.8163265306122449,1
0.8611111111111112,0.0,0.9923074383439532,-0.0408163265306122,0
0.8333333333333334,0.0,0.7548284855888276,-0.0612244897959183,0
0.9722222222222222,0.0,0.3352482199258256,0.1428571428571428,0
0.6944444444444444,-1.0,0.1574609043987366,-0.7755102040816326,1
0.8611111111111112,-1.0,0.4170600988257563,-0.5510204081632653,1
-0.4166666666666667,-1.0,-0.9004699175718358,0.5918367346938775,1
0.2777777777777778,-1.0,0.5467441425379951,-0.2653061224489796,1
-0.9722222222222222,-1.0,0.2840195010289764,0.3673469387755102,1
0.6666666666666666,-1.0,0.5452474495691505,0.4285714285714285,1
0.25,-1.0,0.9443692429594902,-0.4285714285714285,1
0.3055555555555556,0.0,-0.6863988026456249,-0.7551020408163265,0
0.5555555555555556,0.0,0.8568127042820826,-0.7551020408163265,0
0.4444444444444444,-1.0,0.8738485918980488,0.1632653061224489,1
-0.0277777777777777,0.0,0.0413791585504088,-0.8163265306122449,0
-0.0833333333333333,-1.0,-0.3636523710477951,0.0408163265306122,1
0.1111111111111111,0.0,0.3520199852531722,0.673469387755102,0
-0.6388888888888888,0.0,-0.7546083836816446,-0.7959183673469388,0
0.4166666666666667,-1.0,-0.7477412041775342,-0.7551020408163265,1
-0.8055555555555556,-1.0,-0.4647121617308814,-0.4693877551020408,1
-0.1388888888888889,-1.0,0.4484136155039783,-0.7142857142857143,1
0.9166666666666666,-1.0,-0.4372434437144398,0.5714285714285714,1
-0.7222222222222222,0.0,-0.0362617892084034,0.7551020408163265,0
-0.6111111111111112,-1.0,0.9711996654451012,0.4693877551020408,1
-0.3055555555555556,0.0,-0.659997578879021,0.8775510204081632,0
0.8333333333333334,-1.0,0.6538237203825371,-0.979591836734694,1
-0.9166666666666666,-1.0,-0.7842341003884798,-0.8163265306122449,1
0.9444444444444444,-1.0,0.9808291238843584,0.8163265306122449,1
-0.4444444444444444,0.0,0.5925473494227828,0.2040816326530612,0
-0.8611111111111112,-1.0,-0.2726732477136914,-0.2653061224489796,1
-0.25,-1.0,-0.9700001100509535,-0.5714285714285714,1
-0.0555555555555555,0.0,0.002112978308957,-0.8979591836734694,0
0.75,-1.0,0.010333784542243,-0.2244897959183673,1
-0.5277777777777778,0.0,-0.0299448644722506,0.8571428571428571,0
0.25,0.0,0.3694190410159904,-0.4081632653061224,0
0.1111111111111111,0.0,-0.3070751758063983,-0.2857142857142857,0
-0.6944444444444444,0.0,0.7734270967457934,-0.0204081632653061,0
-0.2777777777777778,-1.0,-0.8559653119394279,-0.6938775510204082,1
-0.9444444444444444,-1.0,-0.5626465053319687,0.1020408163265306,1
-0.1388888888888889,-1.0,-0.4249287420075495,0.8367346938775511,1
0.6666666666666666,0.0,-0.6647517800741743,0.2857142857142857,0
0.0277777777777777,-1.0,-0.6276536036184753,0.2244897959183673,1
-0.1388888888888889,-1.0,-0.1572628126822718,-0.9591836734693876,1
-0.6944444444444444,-1.0,0.48418017542122,-0.6122448979591837,1
-0.8333333333333334,0.0,-0.5588057270516249,0.7142857142857143,0
0.0,-1.0,0.9043877315196936,0.1224489795918367,1
-0.6944444444444444,-1.0,-0.7980454950642147,0.0612244897959183,1
-0.75,-1.0,0.7530896805220817,0.7959183673469388,1
-0.9444444444444444,0.0,0.6090219771754323,0.1020408163265306,0
0.6666666666666666,-1.0,-0.4296609330119845,0.3469387755102041,1
0.1388888888888889,-1.0,0.3847491388512881,-0.4693877551020408,1
0.4722222222222222,-1.0,0.9809061595518724,0.3265306122448979,1
-0.9166666666666666,0.0,-0.8698867575687543,-0.3469387755102041,0
-0.6944444444444444,0.0,0.3931460266103205,-0.1632653061224489,0
0.9722222222222222,-1.0,0.9558145421330076,-0.7959183673469388,1
0.7222222222222222,-1.0,0.1464558090395853,0.7551020408163265,1
0.6388888888888888,0.0,0.6269272673247713,0.7142857142857143,0
0.3611111111111111,-1.0,0.645162710334885,0.2040816326530612,1
-0.8888888888888888,0.0,-0.1663090010674942,-0.2653061224489796,0
-0.3333333333333333,0.0,0.0372742579814454,-0.1836734693877551,0
0.0,0.0,0.4225296312192545,-0.4897959183673469,0
0.8333333333333334,0.0,0.4958015561204837,0.2448979591836734,0
-0.4722222222222222,0.0,-0.8285406143044229,-0.4897959183673469,0
0.7777777777777778,-1.0,-0.0774098407562701,1.0,1
-0.8055555555555556,-1.0,-0.8584084431091595,0.0,1
0.7222222222222222,-1.0,0.4637987388160718,-0.5102040816326531,1
-0.5555555555555556,-1.0,0.6825360141745628,0.4489795918367347,1
0.5555555555555556,0.0,-0.922964332485941,-0.3469387755102041,0
-0.3055555555555556,-1.0,0.95176466704084,-0.2448979591836734,1
0.2777777777777778,-1.0,0.8880121496252765,0.6326530612244898,1
0.0,-1.0,-0.1765877601329415,0.8571428571428571,1
0.5,-1.0,-0.6998030087930712,-0.7755102040816326,1
0.0277777777777777,0.0,0.398197365380171,0.2653061224489796,0
-0.3888888888888889,-1.0,-0.9592481318850627,-0.4489795918367347,1
0.4722222222222222,-1.0,-0.4027534748588596,-0.0816326530612244,1
-0.25,-1.0,0.3520970209206863,-0.1632653061224489,1
-0.5555555555555556,0.0,0.8350886460431179,0.6530612244897959,0
0.8055555555555556,-1.0,-0.0888111195483508,0.3061224489795918,1
0.3055555555555556,-1.0,0.2171635467221323,0.1632653061224489,1
-0.75,0.0,-0.0044460585250971,-0.7551020408163265,0
0.6388888888888888,0.0,-0.3060627070333564,-0.2448979591836734,0
0.4166666666666667,-1.0,0.2321524866012964,0.3877551020408163,1
0.0,-1.0,-0.9134009046188384,0.4081632653061224,1
-0.9722222222222222,0.0,-0.908921830807664,0.8979591836734694,0
0.4444444444444444,0.0,-0.0088260864780393,-0.1020408163265306,0
0.6666666666666666,0.0,0.5302805198807048,0.4897959183673469,0
0.4722222222222222,0.0,0.3849912509491894,-0.4693877551020408,0
-0.8888888888888888,0.0,0.9131587925209372,-0.2244897959183673,0
0.6111111111111112,0.0,-0.1110744274599139,0.7551020408163265,0
-0.7777777777777778,-1.0,-0.8890246183983184,-0.8979591836734694,1
0.4722222222222222,0.0,-0.4109082505199907,-0.7959183673469388,0
0.6388888888888888,0.0,0.3892612279485402,0.1836734693877551,0
-0.2222222222222222,-1.0,-0.2806079214676395,0.0204081632653061,1
0.75,0.0,-0.0074394444627862,0.1020408163265306,0
0.0833333333333333,-1.0,0.1790308913026731,0.979591836734694,1
-0.0833333333333333,-1.0,0.6429396810723365,-0.2448979591836734,1
-0.8055555555555556,0.0,-0.733104427349863,-0.0816326530612244,0
-0.0555555555555555,-1.0,-0.1380809314712712,-0.4693877551020408,1
0.5,-1.0,-0.4093125116929138,-0.2040816326530612,1
-0.4166666666666667,0.0,-0.3216129067758372,-0.6326530612244898,0
-0.1666666666666666,-1.0,-0.7220112912278385,0.2244897959183673,1
0.6388888888888888,0.0,0.1722187372753585,-0.8775510204081632,0
-0.0555555555555555,0.0,-0.4347783023539899,0.6122448979591837,0
0.0555555555555555,-1.0,-0.5474374635456216,-0.0816326530612244,1
1.0,-1.0,0.4317519011302232,0.6938775510204082,1
-0.0555555555555555,0.0,-0.9312071489099452,0.7959183673469388,0
0.3055555555555556,-1.0,-0.6419162072039354,-0.4489795918367347,1
1.0,0.0,0.9581806376352252,-0.5714285714285714,0
-0.25,-1.0,0.3760441084221995,-1.0,1
0.0833333333333333,0.0,0.4425478996775507,-0.7551020408163265,0
0.6944444444444444,-1.0,-0.7968679498607856,0.4693877551020408,1
0.9166666666666666,0.0,-0.6399132798485699,0.3265306122448979,0
-0.5833333333333334,0.0,-0.5279804549506422,0.7755102040816326,0
0.4722222222222222,0.0,0.4305193304499983,0.7959183673469388,0
-0.9722222222222222,0.0,0.2022076221290457,0.5510204081632653,0
-0.3611111111111111,-1.0,-0.465845686552874,-0.0204081632653061,1
-0.8333333333333334,0.0,0.4776651589686024,0.0612244897959183,0
0.0833333333333333,0.0,0.6752286308560864,-0.1224489795918367,0
-0.6111111111111112,0.0,0.6574884171371345,-0.2448979591836734,0
-0.6388888888888888,-1.0,0.7903969537896046,0.8367346938775511,1
0.1666666666666666,-1.0,0.2053770895924813,0.0,1
0.9722222222222222,-1.0,0.6037835517844762,0.0,1
0.3333333333333333,0.0,-0.923041368153455,-0.8163265306122449,0
-0.1388888888888889,0.0,-0.3665247009365336,1.0,0
0.7222222222222222,0.0,0.5272871339430156,0.9387755102040816,0
0.5555555555555556,-1.0,0.7090362837993991,0.5306122448979592,1
-0.75,-1.0,0.587617066701883,0.2653061224489796,1
0.9166666666666666,0.0,0.78954956144695,0.3673469387755102,0
0.6944444444444444,0.0,0.0083308571868775,-0.2448979591836734,0
-0.8611111111111112,0.0,-0.1834219243509745,0.1020408163265306,0
-0.4444444444444444,-1.0,0.1413384396975799,-0.1020408163265306,1
-0.1666666666666666,-1.0,-0.8268238194283953,-0.1632653061224489,1
0.0,-1.0,0.9336943004611136,-0.7959183673469388,1
-0.2777777777777778,0.0,0.2901273289533054,0.8979591836734694,0
0.8611111111111112,-1.0,-0.3562569469664454,-1.020408163265306,1
-1.0,0.0,-0.5642752594451231,0.0204081632653061,0
-0.7222222222222222,0.0,-0.0976812264078268,0.1836734693877551,0
0.4444444444444444,-1.0,-0.5205410104878558,-0.2857142857142857,1
-0.4166666666666667,0.0,0.4390592844486997,0.4081632653061224,0
0.1388888888888889,0.0,-0.7307933573244412,0.3877551020408163,0
-0.7777777777777778,0.0,-0.350919475717257,-0.1020408163265306,0
-1.0,-1.0,-0.3760220982314812,0.8979591836734694,1
-0.5,-1.0,0.4071224977164427,-0.1428571428571428,1
0.2222222222222222,-1.0,-0.016881816280938,0.9387755102040816,1
0.1666666666666666,-1.0,-0.9205982369837236,0.4285714285714285,1
1.0,-1.0,0.5388424840701245,0.5306122448979592,1
0.2777777777777778,-1.0,0.1058800224503945,0.2244897959183673,1
-0.0555555555555555,-1.0,0.7027083539678871,-0.4693877551020408,1
-0.6111111111111112,0.0,0.7113913742062575,0.3877551020408163,0
-0.6944444444444444,0.0,0.2121672334290776,-0.5510204081632653,0
-0.6666666666666666,0.0,0.2180769696369419,-0.1632653061224489,0
1.0,0.0,-0.9337053055564728,0.4489795918367347,0
-0.9166666666666666,0.0,0.3086709146334753,-0.5510204081632653,0
-0.6388888888888888,-1.0,0.6997809986023529,-0.7755102040816326,1
0.5277777777777778,-1.0,-0.6769784410181914,-0.6122448979591837,1
0.3333333333333333,0.0,-0.5113517558629646,-0.2244897959183673,0
-0.9722222222222222,-1.0,0.770499741380259,-0.4489795918367347,1
-0.1111111111111111,-1.0,-0.1896287981335358,-0.0408163265306122,1
-0.4166666666666667,0.0,-0.5843705635709333,-0.0612244897959183,0
0.75,0.0,0.141778643511946,-0.8775510204081632,0
1.0,0.0,0.8341312027468718,0.0816326530612244,0
-0.1111111111111111,0.0,-0.7344470489836794,0.5306122448979592,0
0.6388888888888888,0.0,-0.8472162611289027,0.5102040816326531,0
-0.5,-1.0,-0.0786424114364951,-0.5918367346938775,1
-0.1944444444444444,-1.0,-0.9549451395996348,-0.6326530612244898,1
0.4722222222222222,0.0,0.0417973521740565,0.2857142857142857,0
-0.0555555555555555,-1.0,-0.1754432302155898,-0.1020408163265306,1
-0.7222222222222222,0.0,0.9608328656167806,-1.0,0
0.6111111111111112,0.0,-0.310541780844531,-0.7755102040816326,0
-0.6388888888888888,-1.0,-0.6795096129507963,0.0204081632653061,1
-0.2777777777777778,-1.0,-0.576997149680302,0.7346938775510204,1
0.8888888888888888,0.0,0.2249001287596157,0.3469387755102041,0
0.5,-1.0,0.6884897707638636,0.0204081632653061,1
-0.0555555555555555,-1.0,-0.5968063213267742,-0.4897959183673469,1
0.8888888888888888,0.0,0.2544267996082186,0.1224489795918367,0
-0.5555555555555556,0.0,-0.4409631659458329,-0.0408163265306122,0
0.4166666666666667,-1.0,0.4549616472426733,-0.1428571428571428,1
-0.2222222222222222,0.0,0.1426810613313964,0.5918367346938775,0
0.8333333333333334,0.0,0.6765602473945437,-0.8367346938775511,0
-0.6388888888888888,0.0,0.2452815653647639,-0.9183673469387756,0
0.0833333333333333,0.0,0.2867487646780459,-0.1020408163265306,0
-0.4444444444444444,0.0,-0.4468949123444155,-0.5918367346938775,0
-0.5,0.0,0.7771358138818273,0.8367346938775511,0
-0.0277777777777777,-1.0,-0.9614161356708156,-0.7551020408163265,1
0.2222222222222222,0.0,0.1860741523325299,0.4693877551020408,0
0.4722222222222222,0.0,-0.4375846016705735,0.673469387755102,0
-0.6111111111111112,-1.0,0.2631648453233847,0.0612244897959183,1
-0.9444444444444444,0.0,-0.9412548009728504,-0.1836734693877551,0
0.9722222222222222,-1.0,0.437771688291679,-0.7142857142857143,1
0.0277777777777777,0.0,-0.3382746211495923,0.1224489795918367,0
0.1388888888888889,-1.0,0.7112262977758702,-0.979591836734694,1
-0.8333333333333334,0.0,-0.3496098693695181,0.7755102040816326,0
0.3333333333333333,-1.0,0.5505409004369023,0.0,1
-0.0277777777777777,0.0,-0.9327148469741492,-0.6326530612244898,0
0.4722222222222222,0.0,-0.8387643478930745,-0.3673469387755102,0
-0.1388888888888889,-1.0,-0.8230050513387699,0.5306122448979592,1
-0.8611111111111112,-1.0,-0.6279177259070949,-0.1428571428571428,1
-1.0,0.0,0.8555141030297028,0.0816326530612244,0
-0.1944444444444444,-1.0,0.2458318201327214,-0.8163265306122449,1
-0.8333333333333334,0.0,0.0666468574950202,-0.4285714285714285,0
-0.9166666666666666,0.0,-0.2787700705426612,-0.9183673469387756,0
0.3888888888888889,0.0,-0.7759472635830389,0.9591836734693876,0
-0.25,-1.0,0.4331495482408355,0.7551020408163265,1
0.3333333333333333,-1.0,0.1657037208227409,0.8163265306122449,1
-0.0833333333333333,0.0,0.7285153025850969,-0.1224489795918367,0
-0.25,-1.0,0.2876621875928555,1.0,1
0.3611111111111111,0.0,-0.5821805495944622,0.8979591836734694,0
-0.9444444444444444,-1.0,-0.7949420581729341,-0.7142857142857143,1
-0.75,-1.0,0.1027435702730364,-0.6326530612244898,1
-0.3888888888888889,-1.0,-0.2701750910671641,0.8571428571428571,1
-0.8333333333333334,-1.0,0.3445365204089493,0.3469387755102041,1
-0.7777777777777778,-1.0,0.9179239988114496,-0.9387755102040816,1
0.0833333333333333,0.0,-0.3890081107552797,-0.0612244897959183,0
1.0,0.0,0.4062420900877106,-0.8367346938775511,0
0.6388888888888888,0.0,-0.3692869798716806,0.8775510204081632,0
-0.7777777777777778,0.0,0.978969262768662,-0.0816326530612244,0
0.7777777777777778,0.0,-0.5475034941177765,0.0,0
-0.5,0.0,0.8359250332904135,-0.1632653061224489,0
-0.8611111111111112,-1.0,-0.3906038495823566,0.9387755102040816,1
-0.8888888888888888,0.0,-0.8918969482870569,-0.4897959183673469,0
-0.1944444444444444,0.0,0.5468541934915866,-0.5714285714285714,0
0.0,0.0,0.4393454169280377,-0.9183673469387756,0
-0.4722222222222222,-1.0,0.367427118755984,0.8775510204081632,1
0.6388888888888888,0.0,-0.927333355343524,0.7755102040816326,0
-0.5,0.0,-0.7584271517712701,-0.0612244897959183,0
-0.2222222222222222,0.0,0.7087611564154204,0.1020408163265306,0
0.1666666666666666,-1.0,0.8936027380677254,0.3061224489795918,1
0.8888888888888888,0.0,0.2674458274180946,0.2653061224489796,0
0.25,0.0,-0.855536113220421,0.4897959183673469,0
0.25,0.0,-0.565650896365017,0.0816326530612244,0
0.9722222222222222,0.0,0.6008011709421462,0.1836734693877551,0
-0.75,0.0,0.9735107354705228,0.3877551020408163,0
-0.1388888888888889,0.0,0.0587672092178678,0.0816326530612244,0
-0.75,-1.0,0.0252346836585339,0.5102040816326531,1
-0.1666666666666666,-1.0,-0.3902626916262229,0.6530612244897959,1
-0.8888888888888888,0.0,-0.0099045858232361,0.2857142857142857,0
0.0555555555555555,0.0,0.8442448853819319,-0.8571428571428571,0
0.7222222222222222,0.0,-0.884193381535651,-0.2040816326530612,0
-0.8333333333333334,0.0,-0.3437661637338087,0.979591836734694,0
0.6666666666666666,0.0,-0.1793500390680885,-0.9183673469387756,0
0.5,0.0,0.7709729604807025,-0.2448979591836734,0
0.5555555555555556,0.0,-0.1347683977681666,-0.8775510204081632,0
0.8888888888888888,0.0,-0.1610375603904607,0.0204081632653061,0
-0.9722222222222222,0.0,0.9465482518406022,0.7755102040816326,0
0.0833333333333333,0.0,0.623845840624209,-0.4285714285714285,0
0.3611111111111111,-1.0,0.6890510306271804,1.0,1
-0.6666666666666666,-1.0,0.4270527254118657,0.1428571428571428,1
0.7222222222222222,-1.0,0.9914270307152212,-0.2244897959183673,1
0.75,0.0,0.5833140744164548,0.4285714285714285,0
0.8888888888888888,-1.0,0.6859255835451814,-0.1224489795918367,1
0.4722222222222222,0.0,-0.0307592415288278,-0.673469387755102,0
-0.4166666666666667,0.0,0.0136683284360658,0.6326530612244898,0
0.8611111111111112,0.0,-0.5162160080117094,-0.5102040816326531,0
-0.4444444444444444,0.0,0.9147765415387324,-0.7346938775510204,0
0.1388888888888889,0.0,-0.1030627180384518,0.2040816326530612,0
0.9166666666666666,0.0,-0.6621105571879781,0.6122448979591837,0
0.5833333333333334,-1.0,-0.1596949387566443,-0.9591836734693876,1
0.2222222222222222,-1.0,-0.3001859861115696,0.8775510204081632,1
0.9166666666666666,-1.0,0.1841922810261151,0.7755102040816326,1
-0.1388888888888889,0.0,-0.9796515786809292,0.6530612244897959,0
0.5277777777777778,0.0,0.997380787304522,-0.1836734693877551,0
0.1111111111111111,0.0,0.7818019743141075,0.4693877551020408,0
0.5833333333333334,-1.0,0.2010080667348982,0.9183673469387756,1
-0.9166666666666666,0.0,0.7065711424389493,-0.8571428571428571,0
0.4444444444444444,-1.0,0.972795404272178,-0.1632653061224489,1
-0.5833333333333334,0.0,0.9196297885921182,0.4693877551020408,0
-0.5,0.0,-0.7975062453916163,-0.2448979591836734,0
-0.4444444444444444,0.0,-0.0416983063158242,-0.1020408163265306,0
0.25,0.0,-0.4165098440577988,-0.0612244897959183,0
0.0555555555555555,-1.0,-0.0263131830037307,-0.0612244897959183,1
0.5277777777777778,-1.0,-0.4053726875543376,0.7755102040816326,1
0.6666666666666666,0.0,-0.970462324056038,0.1428571428571428,0
0.3888888888888889,-1.0,-0.8993473978452023,0.2244897959183673,1
0.4166666666666667,0.0,-0.1937336987024992,0.3061224489795918,0
0.3055555555555556,-1.0,-0.964134394224526,0.2244897959183673,1
0.1388888888888889,-1.0,-0.4486667326972388,0.979591836734694,1
0.8611111111111112,-1.0,0.0968118238744538,0.5714285714285714,1
-0.1388888888888889,0.0,-0.5447192049919113,0.4693877551020408,0
0.3055555555555556,0.0,0.2212024167189408,0.3673469387755102,0
0.9444444444444444,-1.0,-0.666325508710533,-0.4081632653061224,1
-0.4444444444444444,-1.0,0.1118227739443362,-0.6530612244897959,1
0.8055555555555556,0.0,0.3422474605742459,0.0612244897959183,0
-0.4722222222222222,0.0,-0.4279441381359569,-0.2040816326530612,0
-0.8055555555555556,-1.0,-0.5541285615239856,-0.2857142857142857,1
-0.9444444444444444,-1.0,0.554667811196584,-0.7755102040816326,1
-1.0,-1.0,-0.8628985220156933,-0.4693877551020408,1
0.0277777777777777,-1.0,-0.6885007758592229,0.4081632653061224,1
-0.7222222222222222,0.0,-0.246382074900679,-0.0816326530612244,0
0.5277777777777778,-1.0,0.6121144089713537,-0.3673469387755102,1
-0.2777777777777778,-1.0,0.5065755444770929,-0.979591836734694,1
-0.6388888888888888,0.0,-0.4698185259775276,0.8979591836734694,0
1.0,-1.0,0.3730727326752286,0.673469387755102,1
-1.0,0.0,0.8487459693838247,-1.0,0
-0.0833333333333333,0.0,-0.5720668669594022,0.0,0
-0.1944444444444444,-1.0,-0.3019027809875972,0.8571428571428571,1
-0.25,0.0,-0.1102380402126184,-0.8163265306122449,0
0.8888888888888888,0.0,0.0262471524315758,-0.6530612244897959,0
-0.6666666666666666,-1.0,-0.524260732719249,-0.5306122448979592,1
-0.5833333333333334,0.0,0.4372434437144398,-0.3877551020408163,0
0.5555555555555556,-1.0,-0.4936555625254493,-0.9387755102040816,1
-0.7222222222222222,-1.0,0.2852850869952788,-0.1020408163265306,1
0.1388888888888889,-1.0,-0.6950488075979179,-1.020408163265306,1
0.3333333333333333,0.0,0.6200931031067384,-0.4489795918367347,0
0.3055555555555556,0.0,-0.5065645393817337,-1.020408163265306,0
0.0277777777777777,-1.0,0.5413296356212927,-0.4489795918367347,1
0.3055555555555556,-1.0,-0.652800246514136,0.5918367346938775,1
0.6388888888888888,0.0,0.2205751262834692,-0.4693877551020408,0
0.7222222222222222,0.0,0.9776926717070004,0.9183673469387756,0
0.2777777777777778,-1.0,-0.5574190850363718,0.673469387755102,1
0.5833333333333334,-1.0,-0.6229104075186811,0.5306122448979592,1
0.5555555555555556,-1.0,-0.969372819615482,0.2653061224489796,1
0.9444444444444444,0.0,-0.0485654858199346,-0.5102040816326531,0
-0.9166666666666666,0.0,0.8785037472349698,-0.0612244897959183,0
0.1111111111111111,-1.0,0.7733390559829201,0.8571428571428571,1
-0.4444444444444444,0.0,0.7645790000770357,-0.5714285714285714,0
0.9722222222222222,-1.0,-0.7333685496384826,-0.7959183673469388,1
-1.0,-1.0,0.4490849263208866,0.8571428571428571,1
-0.9444444444444444,-1.0,-0.4337438233902296,-0.3469387755102041,1
0.9722222222222222,-1.0,0.9489913830103338,-0.8979591836734694,1
0.3333333333333333,0.0,0.334620929490354,-0.1632653061224489,0
0.8611111111111112,0.0,-0.2997567873925627,-0.9387755102040816,0
0.4722222222222222,-1.0,-0.1367273047420956,0.1428571428571428,1
0.4722222222222222,0.0,-0.9610529675239636,-0.2448979591836734,0
-0.7222222222222222,-1.0,-0.2987002982380842,-0.5102040816326531,1
0.75,0.0,-0.7011126151408102,-0.979591836734694,0
0.8055555555555556,-1.0,0.4542022956628919,0.8571428571428571,1
-0.4166666666666667,0.0,-0.4788537092673908,-0.7551020408163265,0
0.3055555555555556,0.0,-0.5468211782055091,-0.6530612244897959,0
-0.1111111111111111,-1.0,0.85334609924395,0.5102040816326531,1
0.6666666666666666,0.0,-0.8519374470379786,-0.5510204081632653,0
-0.1944444444444444,0.0,-0.9739949596663257,0.3877551020408163,0
0.25,-1.0,-0.5742458758405141,-0.6122448979591837,1
0.9444444444444444,0.0,0.8761596619234706,0.1020408163265306,0
0.9166666666666666,0.0,-0.297159584887803,-0.8571428571428571,0
0.6388888888888888,0.0,0.1011478314459594,0.6122448979591837,0
-0.4444444444444444,-1.0,0.7260611663200062,0.3469387755102041,1
0.1666666666666666,-1.0,0.9848459836904486,-0.1224489795918367,1
0.8611111111111112,0.0,0.2996357313436121,0.9387755102040816,0
0.6111111111111112,-1.0,-0.0805793082197057,-0.1632653061224489,1
-0.6388888888888888,0.0,0.4358568016991867,-0.1428571428571428,0
0.6111111111111112,0.0,0.2234804714582851,-1.020408163265306,0
0.1111111111111111,-1.0,0.928268788449052,0.0408163265306122,1
0.75,0.0,0.8944721406010983,-0.1428571428571428,0
-0.8333333333333334,0.0,-0.3127538050117204,-0.3265306122448979,0
-0.8888888888888888,0.0,0.6636072501568226,-0.8367346938775511,0
-0.9166666666666666,-1.0,0.757403677902869,0.6938775510204082,1
-0.1111111111111111,-1.0,0.429693948298062,0.4489795918367347,1
-0.8888888888888888,0.0,0.2515324595287618,-0.9183673469387756,0
-0.6666666666666666,-1.0,-0.7357896706174959,-0.1020408163265306,1
0.9722222222222222,-1.0,0.0138664201525306,0.2040816326530612,1
-0.5833333333333334,0.0,-0.2439169335402291,0.7551020408163265,0
0.1666666666666666,-1.0,-0.1080480262361473,-0.6122448979591837,1
-0.5555555555555556,0.0,0.1470610892843386,-0.8775510204081632,0
0.0277777777777777,-1.0,0.1226297775870227,0.5918367346938775,1
0.8611111111111112,0.0,0.3621996984603871,0.9387755102040816,0
0.3055555555555556,-1.0,-0.4682668075318872,-0.4489795918367347,1
-0.0833333333333333,-1.0,0.5868136947406649,-0.7142857142857143,1
0.8888888888888888,-1.0,-0.2885536003169467,0.9183673469387756,1
0.0277777777777777,-1.0,0.7213289753155712,0.2448979591836734,1
0.0833333333333333,0.0,-0.6389558365523237,-0.0816326530612244,0
-1.0,0.0,-0.1644601450471568,-0.5102040816326531,0
-0.2777777777777778,0.0,-0.3715980498971024,0.8367346938775511,0
0.3611111111111111,0.0,-0.1553699362804978,-0.979591836734694,0
0.2777777777777778,-1.0,-0.1275600603079225,0.4285714285714285,1
0.2222222222222222,-1.0,-0.525064104680467,0.6326530612244898,1
0.9166666666666666,-1.0,0.5433765833580948,-0.8571428571428571,1
0.4722222222222222,0.0,0.4484686409807741,-0.2653061224489796,0
-0.6388888888888888,-1.0,0.1419767352284107,-0.1632653061224489,1
0.3611111111111111,0.0,0.097406099023848,0.5510204081632653,0
0.5277777777777778,-1.0,0.8809798936907788,-0.6122448979591837,1
0.0833333333333333,-1.0,-0.7877667359987675,-1.0,1
-0.8888888888888888,-1.0,-0.5052329228432765,-0.1836734693877551,1
0.3888888888888889,0.0,-0.0103447896376022,0.2448979591836734,0
0.9444444444444444,-1.0,0.3420713790484994,0.7551020408163265,1
-0.8611111111111112,0.0,0.4787656685045175,-0.6938775510204082,0
-0.7777777777777778,-1.0,-0.2151276040806893,0.8775510204081632,1
-0.2222222222222222,-1.0,-0.3121815400530445,-0.1020408163265306,1
-0.5277777777777778,0.0,-0.3829112879263099,-0.9183673469387756,0
0.5555555555555556,0.0,-0.2860224283843419,-0.2040816326530612,0
-0.1666666666666666,-1.0,-0.6786182002267049,-0.2448979591836734,1
0.4166666666666667,-1.0,0.5830059317463986,0.8775510204081632,1
1.0,-1.0,0.1370794677935884,-0.4489795918367347,1
-0.6944444444444444,-1.0,-0.9229313171998637,-0.8775510204081632,1
0.6944444444444444,-1.0,0.8064093675371697,0.1632653061224489,1
-0.4444444444444444,0.0,0.6001408652205972,-0.8367346938775511,0
0.1666666666666666,-1.0,-0.6952468993143825,0.8163265306122449,1
-0.7777777777777778,0.0,-0.5520706086918243,-0.0204081632653061,0
0.1666666666666666,-1.0,-0.6513145586406506,-1.020408163265306,1
-0.4444444444444444,-1.0,-0.8372346396381525,-0.9183673469387756,1
0.75,0.0,0.4178744758823335,-0.4285714285714285,0
-0.1111111111111111,0.0,0.3566971507808115,-0.1428571428571428,0
-0.2222222222222222,-1.0,0.6270703335644403,0.1020408163265306,1
0.5555555555555556,-1.0,-0.6527892414187769,0.1836734693877551,1
0.8333333333333334,0.0,0.2677319598974325,-0.2653061224489796,0
-0.9444444444444444,0.0,-0.7234969791013239,0.2857142857142857,0
-0.8611111111111112,-1.0,-0.7952171855569129,-0.8163265306122449,1
-0.1388888888888889,0.0,0.4592866497188198,-0.7142857142857143,0
-0.3611111111111111,-1.0,-0.4081459715848438,-0.9387755102040816,1
-0.4166666666666667,0.0,-0.5020854655705592,-0.5714285714285714,0
0.4166666666666667,-1.0,-0.3313964365501227,-0.0204081632653061,1
0.8611111111111112,0.0,0.2157769047068793,0.2448979591836734,0
0.8888888888888888,0.0,-0.6681193392540746,-0.1428571428571428,0
-0.9444444444444444,0.0,0.3047420955902583,0.5510204081632653,0
0.1666666666666666,0.0,0.6329470544862271,0.979591836734694,0
0.3611111111111111,-1.0,-0.4794149691307075,0.7959183673469388,1
0.9166666666666666,-1.0,-0.6670408399088779,0.2244897959183673,1
0.5833333333333334,-1.0,0.4271187559840206,-0.3061224489795918,1
-0.6944444444444444,-1.0,-0.6371069805319863,0.9387755102040816,1
-0.1388888888888889,0.0,0.3175300163975921,0.5306122448979592,0
0.6666666666666666,-1.0,0.2176367658225758,-0.1224489795918367,1
0.5833333333333334,0.0,-0.8595419679311521,0.2244897959183673,0
-0.25,0.0,-0.7043481131764007,-0.0612244897959183,0
0.4722222222222222,0.0,0.4699725973125557,-0.1836734693877551,0
0.0,-1.0,0.0910231437155403,-0.5510204081632653,1
-0.1388888888888889,0.0,0.3676802359492445,0.0,0
-0.5833333333333334,-1.0,0.1212541406671288,0.4081632653061224,1
-0.1944444444444444,0.0,-0.1947791827616186,0.6530612244897959,0
0.1388888888888889,0.0,-0.2389206202471744,0.5510204081632653,0
0.3055555555555556,0.0,0.657961636237578,-0.0408163265306122,0
-0.1666666666666666,-1.0,-0.0707517580639836,-0.673469387755102,1
0.1944444444444444,-1.0,-0.959853412129816,0.1224489795918367,1
-0.3055555555555556,-1.0,0.5634278671024684,0.4081632653061224,1
-0.4166666666666667,-1.0,-0.8304224856108379,0.2857142857142857,1
-0.25,0.0,-0.6039706384055817,-0.3061224489795918,0
-0.6388888888888888,-1.0,-0.7022791552488802,0.7755102040816326,1
-0.9166666666666666,0.0,0.4744626762190894,-0.673469387755102,0
-0.2222222222222222,0.0,-0.3882927795569348,0.5306122448979592,0
-0.25,0.0,0.2188803415981599,-0.7346938775510204,0
-0.0277777777777777,0.0,-0.6836145135197597,-0.5306122448979592,0
-0.3333333333333333,0.0,0.4857208887715012,-0.2040816326530612,0
-0.3055555555555556,-1.0,0.081547756611311,-0.8367346938775511,1
0.6944444444444444,0.0,0.5596751295849979,-0.3469387755102041,0
0.8333333333333334,0.0,-0.8012149625276503,-0.4285714285714285,0
0.0555555555555555,-1.0,0.1309606347739003,0.2653061224489796,1
-0.9722222222222222,0.0,-0.6025179658181739,0.0816326530612244,0
-0.5,0.0,0.1331066283689348,-0.7142857142857143,0
0.9444444444444444,-1.0,0.8196264870635104,-1.020408163265306,1
-0.7222222222222222,0.0,0.5243817887681996,0.5918367346938775,0
0.1111111111111111,0.0,-0.6095722319433898,-0.4489795918367347,0
0.1388888888888889,-1.0,0.2707913764072766,0.1020408163265306,1
0.3055555555555556,0.0,-0.6847260281510339,-0.8979591836734694,0
0.5277777777777778,-1.0,0.8511450801721197,-0.4693877551020408,1
-0.8055555555555556,0.0,-0.7913433919904916,0.3469387755102041,0
0.6388888888888888,0.0,-0.3505673126657642,0.5918367346938775,0
0.75,0.0,0.701607844431972,-0.673469387755102,0
-0.7777777777777778,0.0,0.4115575511461807,-0.0204081632653061,0
-0.1111111111111111,-1.0,-0.8293770015517185,0.5102040816326531,1
-0.7777777777777778,-1.0,0.0996511384771149,0.0,1
0.75,-1.0,-0.568919409686685,-0.1020408163265306,1
0.6388888888888888,-1.0,0.4735492533042799,-0.3061224489795918,1
-0.5277777777777778,-1.0,-0.1071786237027743,-0.2040816326530612,1
0.2222222222222222,0.0,-0.7762884215391727,1.0,0
-0.25,0.0,-0.186008121760375,-0.2653061224489796,0
0.0277777777777777,0.0,0.2287519121353186,-0.5510204081632653,0
-0.1111111111111111,0.0,-0.893646758449162,0.2653061224489796,0
-0.1111111111111111,-1.0,-0.1523105197706538,0.3469387755102041,1
-0.3611111111111111,-1.0,-0.2776255406253095,-0.6122448979591837,1
-0.0277777777777777,0.0,0.4635456216228114,-0.8571428571428571,0
0.4166666666666667,-1.0,-0.1608504737693552,-0.7551020408163265,1
0.1666666666666666,0.0,0.759868819263319,0.7142857142857143,0
0.8888888888888888,-1.0,0.5706582147534308,-0.9387755102040816,1
0.0833333333333333,0.0,-0.5709993727095646,0.1224489795918367,0
0.9722222222222222,0.0,-0.7339408145971584,-0.1836734693877551,0
-0.5833333333333334,0.0,-0.333454389382284,-0.979591836734694,0
0.4722222222222222,0.0,-0.3330692110447137,-0.1224489795918367,0
-0.1111111111111111,-1.0,-0.003565650896365,-0.9591836734693876,1
-0.1111111111111111,0.0,0.220850253667448,0.7755102040816326,0
0.3333333333333333,-1.0,0.1010487855877271,0.5918367346938775,1
-0.9722222222222222,-1.0,-0.6529213025630867,0.3877551020408163,1
0.0277777777777777,0.0,0.3515467661527287,-0.8979591836734694,0
0.6388888888888888,0.0,0.9331770609792334,0.1632653061224489,0
-0.3611111111111111,0.0,0.7381117457382769,-0.1428571428571428,0
0.8611111111111112,-1.0,0.8196044768727921,0.1020408163265306,1
0.4444444444444444,0.0,0.6238898610056456,-0.3061224489795918,0
-0.5277777777777778,0.0,-0.1349884996753496,0.5306122448979592,0
-0.3888888888888889,-1.0,-0.0295706912300395,0.6938775510204082,1
0.3611111111111111,0.0,-0.0019038814971331,0.2653061224489796,0
0.25,-1.0,0.728449272012942,-0.3265306122448979,1
-0.1666666666666666,0.0,-0.6660723915172725,0.3673469387755102,0
-0.3611111111111111,0.0,0.6937171910594605,-0.5918367346938775,0
0.3611111111111111,-1.0,-0.1867124478633607,-0.8979591836734694,1
-0.2777777777777778,-1.0,0.951038330747136,0.7755102040816326,1
0.9722222222222222,-1.0,0.8826746783760882,0.1836734693877551,1
0.8888888888888888,-1.0,-0.5258784817370442,0.7346938775510204,1
0.1388888888888889,-1.0,0.5423090891082571,0.3061224489795918,1
0.3055555555555556,0.0,-0.647704887362849,0.0408163265306122,0
-0.4722222222222222,0.0,0.0916944545324485,-0.3877551020408163,0
0.2777777777777778,-1.0,-0.3940924648112076,0.6326530612244898,1
0.8333333333333334,0.0,0.7140656123785313,-0.5714285714285714,0
0.8055555555555556,0.0,0.3841328535111756,-0.1428571428571428,0
-0.2222222222222222,-1.0,-0.5987212079192666,-0.5918367346938775,1
-0.3888888888888889,0.0,0.3206664685749502,-0.8163265306122449,0
-0.6111111111111112,0.0,-0.2307218242046067,-0.0612244897959183,0
-0.4444444444444444,0.0,0.6444583842318994,0.8571428571428571,0
0.1666666666666666,-1.0,0.8921720756710357,0.8775510204081632,1
0.1111111111111111,-1.0,-0.1681358468971133,-0.1836734693877551,1
-0.8888888888888888,-1.0,0.1634696864648332,-0.0612244897959183,1
-0.1388888888888889,-1.0,-0.1990381546656101,-0.2448979591836734,1
0.2222222222222222,-1.0,-0.6553534286374592,-0.4693877551020408,1
0.8055555555555556,0.0,-0.7192490122926916,0.5918367346938775,0
0.5833333333333334,0.0,-0.3945546788162919,-0.1632653061224489,0
0.8055555555555556,-1.0,-0.4659337273157471,0.5102040816326531,1
-0.1666666666666666,-1.0,0.7962626696160322,0.6938775510204082,1
-0.6388888888888888,0.0,-0.6638383571593648,0.2653061224489796,0
-0.6666666666666666,-1.0,0.2845257354154973,-0.4489795918367347,1
0.6388888888888888,0.0,0.8091056159001617,0.3877551020408163,0
0.0,-1.0,-0.5789010311774352,0.979591836734694,1
0.6944444444444444,0.0,0.1349664894846313,-0.8163265306122449,0
0.5555555555555556,0.0,-0.6962483629920653,0.2244897959183673,0
0.9722222222222222,-1.0,0.6918573299437639,0.1224489795918367,1
0.5,0.0,-0.4953943675921952,0.8979591836734694,0
-0.7777777777777778,-1.0,-0.0010564891544785,-0.3061224489795918,1
-0.2777777777777778,0.0,-0.2180769696369419,-0.7142857142857143,0
0.0555555555555555,0.0,0.4557320039178139,-0.6530612244897959,0
0.4444444444444444,-1.0,-0.4452881684219794,-0.7755102040816326,1
-0.5,0.0,0.6641134845433435,-0.1428571428571428,0
0.5833333333333334,0.0,-0.2812352119031111,0.4081632653061224,0
0.7777777777777778,0.0,-0.7504374525405263,0.8775510204081632,0
-0.0833333333333333,-1.0,-0.0206675690844861,0.9387755102040816,1
0.0,-1.0,0.4022912608537753,0.6122448979591837,1
-0.8055555555555556,-1.0,-0.7787315527089043,-0.5102040816326531,1
-0.5,-1.0,0.2241627873705525,0.1632653061224489,1
0.2777777777777778,0.0,0.3575005227420295,-0.8775510204081632,0
0.0833333333333333,-1.0,-0.0514048004225956,0.7755102040816326,1
-0.8055555555555556,-1.0,-0.9688775903243202,0.4489795918367347,1
0.1388888888888889,0.0,0.5827087941717015,-0.8775510204081632,0
0.3888888888888889,0.0,0.0426557496120703,0.7959183673469388,0
0.3888888888888889,0.0,-0.2573211396876754,0.0204081632653061,0
-0.5833333333333334,0.0,0.7220112912278385,-0.7959183673469388,0
0.2777777777777778,-1.0,0.0548824105560874,-0.5918367346938775,1
-0.9166666666666666,-1.0,0.8147842451054839,0.3061224489795918,1
0.0833333333333333,0.0,-0.2042105494844112,-0.2040816326530612,0
0.8611111111111112,-1.0,-0.4082560225384353,0.8571428571428571,1
-0.8055555555555556,-1.0,-0.7153311983448336,-0.1224489795918367,1
0.0555555555555555,-1.0,0.4449910308472823,0.1428571428571428,1
-0.1944444444444444,-1.0,0.6595903903507324,-0.3469387755102041,1
-0.8055555555555556,-1.0,0.0839578724949651,-0.4897959183673469,1
-0.9444444444444444,-1.0,0.41558541604763,-0.1020408163265306,1
-0.8333333333333334,0.0,0.4657576457900008,0.2244897959183673,0
-0.5555555555555556,0.0,-0.802139390537819,-0.8979591836734694,0
-0.0277777777777777,0.0,0.27904519792664,0.1224489795918367,0
0.6666666666666666,-1.0,0.5170413901636458,0.8367346938775511,1
-0.2222222222222222,0.0,0.5415167222423982,-0.3673469387755102,0
-0.3055555555555556,-1.0,-0.6459220619146665,-0.8979591836734694,1
-0.6111111111111112,0.0,-0.4227387280310783,0.5306122448979592,0
0.6944444444444444,0.0,0.9231294089163282,0.0612244897959183,0
0.3888888888888889,0.0,0.879758328105913,-0.2857142857142857,0
0.9166666666666666,-1.0,0.7834527386179801,0.7755102040816326,1
-0.3333333333333333,-1.0,-0.7484125149944424,-0.2448979591836734,1
0.8611111111111112,-1.0,-0.0528574730100036,-0.3469387755102041,1
0.0555555555555555,0.0,-0.2494855117919596,0.3877551020408163,0
0.5,0.0,0.3420053484763445,-0.6530612244897959,0
-0.1666666666666666,-1.0,0.3941584953833625,0.7755102040816326,1
0.25,0.0,0.6516006911199885,-0.7142857142857143,0
-0.6111111111111112,0.0,0.0182464481054728,-0.5714285714285714,0
-0.3611111111111111,0.0,-0.0274026874442867,0.1632653061224489,0
-0.8888888888888888,0.0,-0.2399991195923712,1.0,0
-0.8888888888888888,-1.0,-0.1045594110072963,0.0816326530612244,1
0.0,0.0,-0.0869952788140909,-0.6122448979591837,0
-0.25,0.0,-0.3583589201800433,-0.3877551020408163,0
-0.3611111111111111,-1.0,0.3314074416454818,0.2857142857142857,1
0.2222222222222222,-1.0,0.0096844839160531,-0.5306122448979592,1
-0.8888888888888888,0.0,0.9066327709729604,0.8571428571428571,0
0.6388888888888888,0.0,-0.54745947373634,0.8571428571428571,0
0.3333333333333333,0.0,0.3595474704788317,0.9183673469387756,0
-0.7777777777777778,0.0,0.7549055212563417,0.2857142857142857,0
0.6666666666666666,0.0,0.2727502833812055,0.3469387755102041,0
0.5277777777777778,0.0,0.3148227629392409,0.4285714285714285,0
0.3888888888888889,-1.0,-0.6396821728460277,0.2857142857142857,1
0.0,-1.0,-0.4797561270868412,-0.2857142857142857,1
-1.0,0.0,-0.3231646252214775,0.0,0
-0.7777777777777778,-1.0,0.0913863118623923,-0.0612244897959183,1
-0.25,0.0,-0.1959567279650478,0.5102040816326531,0
0.1944444444444444,0.0,-0.4971881981357368,0.5714285714285714,0
0.2777777777777778,-1.0,-0.8877920477180935,-0.8571428571428571,1
0.8055555555555556,0.0,-0.7473010003631682,-0.4693877551020408,0
0.8333333333333334,0.0,0.5954086742161621,0.1224489795918367,0
0.6111111111111112,0.0,0.5295541835870008,-0.7551020408163265,0
0.8055555555555556,0.0,0.2552301715694366,0.4285714285714285,0
-0.25,-1.0,-0.4101709091309276,0.673469387755102,1
0.9444444444444444,-1.0,0.2136969416839997,-0.8367346938775511,1
0.2222222222222222,-1.0,-0.8776123345108785,0.5306122448979592,1
0.8333333333333334,-1.0,-0.0652051900029713,-0.0408163265306122,1
-0.2777777777777778,-1.0,-0.7656024739454368,0.9591836734693876,1
-0.3888888888888889,0.0,0.6562448413615504,-0.6326530612244898,0
0.1111111111111111,0.0,-0.4859189804879659,-0.6326530612244898,0
0.4722222222222222,-1.0,-0.8073227904519793,-0.8163265306122449,1
-0.1111111111111111,0.0,0.0133271704799322,0.3673469387755102,0
-0.25,0.0,0.0843430508325354,-0.3673469387755102,0
0.75,0.0,-0.7592305237324881,-0.2244897959183673,0
-0.1111111111111111,0.0,0.5107354705228521,0.6326530612244898,0
0.5555555555555556,-1.0,0.0347430860488406,-0.1836734693877551,1
-0.7777777777777778,0.0,0.7701475783287662,-1.020408163265306,0
-0.0833333333333333,-1.0,0.7411051316759659,0.6530612244897959,1
0.1666666666666666,0.0,-0.3296136111019402,0.2653061224489796,0
-0.8055555555555556,0.0,0.5892788361011149,-0.979591836734694,0
-0.3055555555555556,-1.0,0.1585614139346517,-0.4897959183673469,1
-0.8888888888888888,-1.0,0.6215347705987873,0.3265306122448979,1
0.7777777777777778,0.0,-0.7421946361165219,0.1836734693877551,0
-0.3333333333333333,-1.0,-0.1947131521894637,0.5714285714285714,1
-0.0277777777777777,-1.0,-0.9038044614656586,1.0,1
-0.4166666666666667,-1.0,0.8763357434492169,-0.5714285714285714,1
0.0555555555555555,0.0,-0.8777113803691109,0.1224489795918367,0
-0.3333333333333333,-1.0,-0.8624363080106089,0.6326530612244898,1
-0.75,0.0,-0.1558871757623779,-0.8979591836734694,0
-0.4444444444444444,-1.0,0.9129386906137542,0.979591836734694,1
0.4444444444444444,0.0,-0.8328326014944919,-0.7551020408163265,0
0.5833333333333334,-1.0,0.2445772392617782,-0.2857142857142857,1
0.5277777777777778,0.0,-0.5654858199346298,-0.2653061224489796,0
0.8888888888888888,0.0,0.6699571901790529,-0.2857142857142857,0
-0.4722222222222222,-1.0,0.6670958653856736,-0.2857142857142857,1
-0.6666666666666666,-1.0,0.9201030076925616,-0.7551020408163265,1
-0.6388888888888888,-1.0,-0.5658159727954043,0.9387755102040816,1
-0.3611111111111111,-1.0,-0.3617264793599437,-0.4285714285714285,1
-0.4444444444444444,-1.0,0.652139940792587,0.7755102040816326,1
0.75,-1.0,0.2990634663849362,0.3673469387755102,1
0.1666666666666666,-1.0,0.1646032112868258,0.3265306122448979,1
-0.25,-1.0,0.3127427999163613,0.4693877551020408,1
0.5277777777777778,-1.0,0.4533769135109555,-0.1428571428571428,1
0.6944444444444444,-1.0,0.5392716827891314,0.7142857142857143,1
0.4722222222222222,0.0,0.9158660459792884,-0.9387755102040816,0
0.6111111111111112,0.0,-0.7880418633827462,-0.9387755102040816,0
0.7777777777777778,0.0,-0.5546898213873023,0.6938775510204082,0
-0.3333333333333333,-1.0,-0.5682150835836992,-0.3061224489795918,1
-0.1111111111111111,0.0,-0.5362562866607239,-0.5918367346938775,0
0.5,0.0,0.7966368428582433,-0.3061224489795918,0
-0.8611111111111112,0.0,-0.5856141393465174,0.7755102040816326,0
0.8611111111111112,0.0,-0.9539546810173112,-0.0612244897959183,0
0.4444444444444444,-1.0,-0.1492511032608097,0.1836734693877551,1
0.1666666666666666,-1.0,-0.8208920730298128,0.9591836734693876,1
-0.3333333333333333,-1.0,0.6522499917461785,-0.4489795918367347,1
0.9166666666666666,-1.0,0.1970682425963221,-0.8775510204081632,1
0.8055555555555556,0.0,0.6703533736119823,0.673469387755102,0
-0.3611111111111111,-1.0,-0.8723629040245634,-0.1632653061224489,1
0.1666666666666666,0.0,-0.6722352449183973,0.2040816326530612,0
-0.8055555555555556,0.0,0.7875686442823027,0.7551020408163265,0
0.9444444444444444,0.0,0.1287926309881475,-1.020408163265306,0
0.3333333333333333,-1.0,-0.4099287970330263,-0.979591836734694,1
0.75,0.0,-0.4194041841372555,0.0612244897959183,0
-0.8888888888888888,-1.0,0.173352262097351,-0.8979591836734694,1
0.1944444444444444,0.0,0.0708067835407793,0.6938775510204082,0
-0.6388888888888888,-1.0,0.6423013855415057,0.2040816326530612,1
0.6388888888888888,0.0,-0.7692451605093158,-0.2244897959183673,0
-0.2222222222222222,0.0,-0.1903441293318806,0.2040816326530612,0
0.6388888888888888,-1.0,-0.9063466384936224,0.6938775510204082,1
0.8333333333333334,-1.0,0.5344074306403865,-0.7755102040816326,1
-0.5,-1.0,0.6898984229698351,0.5918367346938775,1
-0.6666666666666666,0.0,-0.4049875092167673,-0.3061224489795918,0
-0.2777777777777778,-1.0,0.4418655837652833,0.9591836734693876,1
0.9722222222222222,-1.0,-0.2529851321161698,0.0408163265306122,1
-0.1944444444444444,-1.0,0.3621996984603871,0.4489795918367347,1
0.25,0.0,0.7058007857638087,0.0612244897959183,0
0.8055555555555556,-1.0,0.5098110425126834,0.6530612244897959,1
0.75,-1.0,0.6473307141206378,0.6122448979591837,1
-0.0833333333333333,-1.0,-0.2214995542936379,0.1836734693877551,1
-0.9166666666666666,-1.0,-0.0826592712425853,0.7755102040816326,1
-0.2222222222222222,-1.0,-0.9604807025652876,0.673469387755102,1
-0.3055555555555556,0.0,0.8892337152101423,0.5102040816326531,0
0.6666666666666666,0.0,0.1120538809468784,0.8367346938775511,0
0.7777777777777778,0.0,-0.782352229082065,0.1020408163265306,0
0.8333333333333334,0.0,0.5015462158979608,0.3673469387755102,0
0.3055555555555556,-1.0,0.0897245424631604,-0.6326530612244898,1
-0.8333333333333334,0.0,-0.7183686046639595,-0.5714285714285714,0
-0.3888888888888889,-1.0,-0.574598038892007,0.8571428571428571,1
-0.6111111111111112,-1.0,0.4265795063114221,-1.0,1
-0.6944444444444444,-1.0,0.3279848569887858,0.8163265306122449,1
0.7777777777777778,-1.0,-0.5675327676714319,-0.8775510204081632,1
-0.1944444444444444,0.0,0.4460585250971199,-0.0204081632653061,0
-0.5833333333333334,0.0,0.8589697029724762,0.979591836734694,0
-0.75,0.0,0.6694399506971728,0.0408163265306122,0
1.0,-1.0,0.3250575016232516,-0.7346938775510204,1
-0.6388888888888888,0.0,-0.4201855459077553,-1.0,0
-0.4722222222222222,0.0,0.1017861269767902,0.5102040816326531,0
-0.75,-1.0,0.3620676373160773,-0.0408163265306122,1
0.6944444444444444,0.0,-0.4424818691053958,0.1632653061224489,0
-0.3333333333333333,-1.0,-0.407947879868379,0.7142857142857143,1
0.1666666666666666,-1.0,-0.970979563537918,0.673469387755102,1
-0.9444444444444444,0.0,0.1247977813727756,0.5102040816326531,0
-0.25,-1.0,-0.0586901735503538,-0.5306122448979592,1
0.8611111111111112,0.0,0.5174485786919344,0.1020408163265306,0
-0.0277777777777777,0.0,0.3906038495823566,0.2244897959183673,0
-0.8055555555555556,0.0,-0.3806442382823247,0.1836734693877551,0
0.3611111111111111,0.0,-0.8614788647143627,0.5510204081632653,0
0.4166666666666667,-1.0,-0.3258058481076739,0.6326530612244898,1
0.5833333333333334,0.0,-0.2570460123036966,-0.1224489795918367,0
0.4722222222222222,-1.0,0.452463490596146,0.979591836734694,1
-0.8888888888888888,0.0,0.7016628699087678,0.3877551020408163,0
0.0277777777777777,-1.0,0.5062563967116775,-0.4897959183673469,1
0.4166666666666667,-1.0,0.7576788052868478,-1.0,1
0.1111111111111111,0.0,0.5347375835011611,-0.1020408163265306,0
-0.3055555555555556,0.0,0.9907227046122354,-0.9387755102040816,0
0.5833333333333334,0.0,-0.6541098528618751,-0.2653061224489796,0
-0.6111111111111112,-1.0,-0.3868841273509635,0.3673469387755102,1
-0.5555555555555556,0.0,0.6541978936247482,0.2857142857142857,0
0.75,0.0,-0.3485533802150395,-0.9387755102040816,0
-0.6388888888888888,0.0,0.745110986386697,0.4081632653061224,0
-0.8333333333333334,-1.0,-0.6813034434943379,-0.2857142857142857,1
0.9444444444444444,-1.0,-0.2513673830983745,-0.3061224489795918,1
0.0555555555555555,0.0,-0.5368395567147589,0.5918367346938775,0
0.7222222222222222,0.0,0.4912784619278726,-0.8367346938775511,0
-0.5833333333333334,0.0,0.851816390989028,0.8979591836734694,0
-0.4166666666666667,-1.0,0.2834252258795822,0.0408163265306122,1
0.1388888888888889,0.0,-0.7585922282016574,0.1632653061224489,0
-0.1666666666666666,0.0,-0.4091474352625265,0.7551020408163265,0
0.9166666666666666,0.0,0.6862667415013151,-0.1224489795918367,0
0.6666666666666666,-1.0,-0.5735305446421693,-0.1020408163265306,1
0.1944444444444444,0.0,-0.0431839941893096,0.7551020408163265,0
-0.8055555555555556,-1.0,0.6067659326268062,-0.0408163265306122,1
0.5555555555555556,0.0,0.2387005183399914,-0.979591836734694,0
0.2777777777777778,-1.0,-0.9755686883026842,0.3673469387755102,1
0.9444444444444444,-1.0,-0.0838478215413736,0.1224489795918367,1
0.1388888888888889,0.0,0.444682888177226,-0.1224489795918367,0
0.0,0.0,-0.5968723518989292,-0.8775510204081632,0
0.6111111111111112,0.0,-0.4513409708695126,-0.1020408163265306,0
-0.3611111111111111,-1.0,-0.290391451241925,-0.8163265306122449,1
-0.4166666666666667,0.0,-0.2693497089152277,-0.2244897959183673,0
-0.6944444444444444,0.0,0.9127295938019304,0.8163265306122449,0
-0.1388888888888889,-1.0,0.9946735338461709,-0.7755102040816326,1
0.75,0.0,0.7625870778170293,0.6326530612244898,0
0.4444444444444444,-1.0,0.8188671354837289,0.2857142857142857,1
-1.0,0.0,-0.3997490838258113,-0.7346938775510204,0
-0.6666666666666666,-1.0,0.7304301891775892,0.8571428571428571,1
1.0,-1.0,-0.072237445937469,-0.7346938775510204,1
0.75,-1.0,-0.7117655474484686,-0.2040816326530612,1
0.5555555555555556,-1.0,-0.8827186987575247,-0.3673469387755102,1
-0.6388888888888888,0.0,0.6936401553919465,-0.3061224489795918,0
-0.2777777777777778,0.0,-0.2106045098880782,0.8979591836734694,0
-0.6111111111111112,-1.0,-0.9766471876478808,0.1428571428571428,1
-0.1944444444444444,-1.0,0.4440005722649586,-0.4081632653061224,1
0.7222222222222222,0.0,-0.3434580210637525,0.2448979591836734,0
0.8611111111111112,-1.0,0.2656299866838346,0.8571428571428571,1
-0.6666666666666666,-1.0,0.1893426656541978,-0.7142857142857143,1
-0.4166666666666667,0.0,0.1896838236103316,-0.2040816326530612,0
-0.7777777777777778,0.0,-0.6754377276679102,-0.2857142857142857,0
0.0,0.0,0.4296719381073437,-0.7346938775510204,0
-0.4444444444444444,-1.0,-0.8276932219617683,0.4897959183673469,1
-0.9444444444444444,0.0,-0.5493303399473957,0.8775510204081632,0
0.4166666666666667,-1.0,-0.6537907050964596,0.7755102040816326,1
0.0555555555555555,0.0,0.1911144860070212,0.1836734693877551,0
-0.6111111111111112,-1.0,0.0183454939637051,0.3265306122448979,1
-0.3055555555555556,0.0,-0.8354187989038925,0.0,0
-0.5555555555555556,0.0,0.2071819252313821,0.8775510204081632,0
0.1111111111111111,0.0,-0.8463138433094523,0.5714285714285714,0
-0.4444444444444444,0.0,0.8570548163799839,-1.020408163265306,0
-0.9722222222222222,-1.0,-0.838071026885448,0.5102040816326531,1
0.6111111111111112,0.0,-0.4418985990513608,0.1836734693877551,0
-0.1666666666666666,0.0,0.1742436748214423,-0.5306122448979592,0
0.25,0.0,0.8771171052197168,-0.6122448979591837,0
0.2777777777777778,0.0,0.4449470104658456,0.5918367346938775,0
-0.4166666666666667,0.0,0.4149911408982359,0.6530612244897959,0
-0.3055555555555556,-1.0,0.512474275589598,-0.2653061224489796,1
0.9444444444444444,0.0,-0.6830092332750063,-0.7551020408163265,0
-0.2777777777777778,0.0,-0.0521311367162996,0.4081632653061224,0
0.6388888888888888,-1.0,0.4628302904244665,-0.3061224489795918,1
0.9166666666666666,0.0,-0.9500038517833757,0.1428571428571428,0
-0.6388888888888888,-1.0,0.4578339771314118,0.8163265306122449,1
-0.3888888888888889,0.0,-0.6510944567334676,0.5306122448979592,0
0.9722222222222222,0.0,0.9241748929754476,-0.8367346938775511,0
-1.0,-1.0,0.6714538831478974,0.0204081632653061,1
-0.3888888888888889,0.0,-0.9009541417676384,0.0612244897959183,0
0.0555555555555555,0.0,0.0870613093862458,0.0816326530612244,0
-0.7777777777777778,-1.0,-0.7794578890026083,0.4285714285714285,1
-0.7777777777777778,-1.0,0.1836750415442349,-0.6938775510204082,1
-0.4166666666666667,0.0,0.638977846743042,-0.5510204081632653,0
-0.7777777777777778,0.0,-0.6514246095942421,0.4081632653061224,0
-0.3888888888888889,0.0,0.7466627048323373,0.1836734693877551,0
-0.6666666666666666,0.0,0.0784002993385937,-0.673469387755102,0
0.5833333333333334,-1.0,0.3816236917692892,0.1836734693877551,1
0.4166666666666667,0.0,0.5266268282214666,0.9387755102040816,0
0.4444444444444444,0.0,0.5629326378113066,0.2448979591836734,0
-0.0277777777777777,0.0,-0.7995421880330593,-0.6938775510204082,0
0.8888888888888888,-1.0,0.1214192170975161,-0.1224489795918367,1
-0.4166666666666667,-1.0,0.8470621897938746,-0.4897959183673469,1
0.8333333333333334,-1.0,0.2549330339947395,0.6326530612244898,1
-0.9166666666666666,-1.0,-0.5056951368483608,0.8979591836734694,1
0.8611111111111112,-1.0,-0.7917285703280619,-0.5102040816326531,1
-0.4166666666666667,0.0,-0.7468387863580838,1.0,0
-0.5,0.0,-0.7666039376231195,0.3469387755102041,0
-0.6666666666666666,-1.0,0.768166661164119,0.3265306122448979,1
-0.2777777777777778,0.0,0.8101290897685628,0.5102040816326531,0
1.0,0.0,0.4021371895187471,0.2040816326530612,0
-0.8888888888888888,0.0,-0.8834780503373062,-0.8571428571428571,0
-0.4166666666666667,0.0,-0.6706505111866794,-0.4285714285714285,0
-0.6944444444444444,-1.0,0.5989963353032454,0.0408163265306122,1
0.3055555555555556,-1.0,0.2923393531204948,0.9387755102040816,1
-0.9166666666666666,0.0,-0.1366392639792223,0.8775510204081632,0
0.4166666666666667,0.0,0.1698526417731409,0.5102040816326531,0
0.8888888888888888,0.0,0.1751020722594561,0.8775510204081632,0
0.2222222222222222,0.0,0.013679333531425,-0.3061224489795918,0
-0.0555555555555555,0.0,0.6439851651314559,0.8571428571428571,0
0.0,-1.0,-0.4483585900271826,-0.6938775510204082,1
0.1944444444444444,0.0,0.7628512001056489,0.1020408163265306,0
-0.1388888888888889,-1.0,-0.1618629425423971,0.3061224489795918,1
0.1388888888888889,-1.0,-0.8310277658555911,-0.5510204081632653,1
0.8888888888888888,-1.0,0.6798947912883665,-0.3673469387755102,1
0.6111111111111112,-1.0,0.0343138873298337,0.0204081632653061,1
-0.0277777777777777,0.0,0.0400585471073106,0.1020408163265306,0
-0.4166666666666667,0.0,-0.7853125997336767,0.5714285714285714,0
-0.4444444444444444,-1.0,-0.9404074086301958,-1.0,1
-0.1388888888888889,-1.0,-0.922171965620082,0.2040816326530612,1
0.6944444444444444,-1.0,0.7691020942696468,-0.7755102040816326,1
-0.6944444444444444,0.0,-0.1705899831622041,-0.3265306122448979,0
0.6388888888888888,0.0,-0.4252919101544015,-0.0816326530612244,0
-0.3888888888888889,-1.0,-0.6257057017399056,-0.2448979591836734,1
0.1666666666666666,0.0,-0.6624297049533934,-0.0204081632653061,0
0.5833333333333334,0.0,-0.857935224008716,-0.9183673469387756,0
-0.1666666666666666,-1.0,-0.7873815576611971,0.9387755102040816,1
-0.9722222222222222,0.0,0.4158385332408905,-0.8775510204081632,0
-0.5555555555555556,-1.0,-0.9304918177116004,-0.8775510204081632,1
0.1944444444444444,-1.0,0.471447280090682,0.4489795918367347,1
-0.75,-1.0,-0.6298986430717423,-0.7755102040816326,1
0.5277777777777778,-1.0,-0.9771204067483245,-0.0612244897959183,1
-0.4722222222222222,-1.0,0.9301726699461852,0.7551020408163265,1
-0.7777777777777778,0.0,0.675635819384375,-1.0,0
-0.9722222222222222,-1.0,0.2515214544334027,-0.6938775510204082,1
-0.0555555555555555,-1.0,0.3477940286352581,0.0408163265306122,1
-0.6388888888888888,0.0,0.8726930568853379,-0.673469387755102,0
0.9444444444444444,0.0,0.7699825018983789,0.8163265306122449,0
0.1388888888888889,-1.0,0.2822036602947164,-0.6326530612244898,1
0.1666666666666666,0.0,-0.5072578603893603,1.0,0
-0.6111111111111112,0.0,-0.6667987278109765,0.0612244897959183,0
0.8888888888888888,0.0,-0.2979299415629436,-0.5306122448979592,0
0.5,0.0,0.842517085410545,0.7755102040816326,0
0.1111111111111111,0.0,0.7216701332717048,0.5306122448979592,0
-0.6944444444444444,-1.0,-0.1173033114331935,-0.8979591836734694,1
-0.1388888888888889,-1.0,-0.792608977956794,0.3469387755102041,1
0.0833333333333333,0.0,-0.6745022945623824,0.0408163265306122,0
-0.3611111111111111,0.0,0.827748247438564,0.1020408163265306,0
0.1944444444444444,0.0,-0.8401289797176092,0.5714285714285714,0
0.3055555555555556,0.0,0.7156063257288124,0.5102040816326531,0
-0.1666666666666666,0.0,0.9092299734777202,-0.2653061224489796,0
-0.75,0.0,0.7460244093015066,0.1224489795918367,0
0.6388888888888888,0.0,-0.3156701552818955,0.2448979591836734,0
-0.0277777777777777,-1.0,0.7907161015550199,-0.4489795918367347,1
0.6666666666666666,-1.0,0.7112373028712293,0.2040816326530612,1
0.8611111111111112,0.0,0.71550727987058,0.4489795918367347,0
0.3055555555555556,-1.0,0.7560280409829752,-0.1224489795918367,1
-1.0,-1.0,0.166000858397438,0.9591836734693876,-1
0.6666666666666666,-1.0,0.0272376110138994,0.0204081632653061,1
0.8055555555555556,-1.0,-0.7556538677407639,-0.5714285714285714,1
0.6111111111111112,-1.0,0.1618849527331154,0.7755102040816326,1
-0.5277777777777778,0.0,-0.6844288905763368,-0.3469387755102041,0
-0.9444444444444444,0.0,0.296719381073437,0.3469387755102041,0
-0.1944444444444444,-1.0,-0.199247251477434,-0.4489795918367347,1
1.0,0.0,-0.4008495933617265,0.5714285714285714,0
-0.6944444444444444,0.0,-0.4141327434602221,0.3673469387755102,0
0.3888888888888889,-1.0,-0.1311037010135692,0.2244897959183673,1
0.4444444444444444,0.0,-0.3983184214291216,0.0408163265306122,0
-0.0277777777777777,-1.0,0.7996192237005734,0.1224489795918367,1
-0.8055555555555556,0.0,0.3575665533141844,-1.0,0
-0.1388888888888889,-1.0,-0.1830367460134042,-0.6326530612244898,1
-1.0,-1.0,-0.7801181947241573,0.1224489795918367,1
-0.7777777777777778,-1.0,-0.6506652580144607,0.8367346938775511,1
-0.8888888888888888,-1.0,0.6973048521465438,-0.0612244897959183,1
-0.1388888888888889,-1.0,-0.0380776299426634,0.7551020408163265,1
-0.0833333333333333,-1.0,-0.1650654252919101,0.6938775510204082,1
-0.2777777777777778,-1.0,0.6093961504176434,-0.673469387755102,1
0.6388888888888888,-1.0,0.8534891654836189,0.0612244897959183,1
-0.9166666666666666,0.0,0.000297137574697,0.1020408163265306,0
-0.6111111111111112,0.0,0.3996390328722198,-0.8163265306122449,0
-0.5,-1.0,-0.642323395732224,-0.4693877551020408,1
-0.2777777777777778,0.0,0.2599293472877942,-0.9591836734693876,0
-0.4722222222222222,0.0,-0.0076595463699692,0.5714285714285714,0
-0.75,0.0,0.3783001529708255,0.6938775510204082,0
-0.5555555555555556,0.0,0.78176895902803,0.4897959183673469,0
-0.2222222222222222,-1.0,-0.6627048323373722,-1.0,1
0.9166666666666666,0.0,0.6704634245655738,-0.2244897959183673,0
0.8611111111111112,0.0,-0.7220112912278385,-0.1224489795918367,0
0.0555555555555555,-1.0,-0.3074713592393278,0.9183673469387756,1
-0.0833333333333333,-1.0,-0.5911607074075297,-0.7346938775510204,1
0.0555555555555555,0.0,0.7508006206873783,-0.1836734693877551,0
-0.7777777777777778,0.0,0.0328722198377848,0.979591836734694,0
-0.3333333333333333,-1.0,-0.3481792069728284,0.3877551020408163,1
0.4166666666666667,0.0,-0.5373457911012799,0.8979591836734694,0
-0.6944444444444444,0.0,0.7727447808335259,0.4285714285714285,0
0.2222222222222222,-1.0,-0.1144750019258916,0.9591836734693876,1
0.0,-1.0,0.6368538633387258,-0.979591836734694,1
0.4444444444444444,0.0,-0.8690943907028954,0.8163265306122449,0
-0.5833333333333334,-1.0,0.0475970374283293,0.7959183673469388,1
-0.8333333333333334,-1.0,0.7412371928202758,-0.4489795918367347,1
0.75,0.0,0.5984240703445696,-0.1836734693877551,0
0.8055555555555556,-1.0,0.2661472261657147,-0.6326530612244898,1
-1.0,0.0,0.9732025928004666,-0.5102040816326531,0
-0.2222222222222222,0.0,0.463446575764579,-0.0612244897959183,0
-0.1388888888888889,-1.0,0.4110403116643005,0.1428571428571428,1
-0.75,0.0,-0.1924350974501194,-0.2653061224489796,0
0.3055555555555556,0.0,-0.8458626343997271,0.0204081632653061,0
-0.5833333333333334,-1.0,0.0127108851398197,0.4081632653061224,1
-0.8055555555555556,0.0,0.6585889266730496,-0.6122448979591837,0
-0.5277777777777778,-1.0,0.8934156514466198,-0.0612244897959183,1
-0.5833333333333334,0.0,-0.5660360747025873,-0.1836734693877551,0
0.6944444444444444,0.0,-0.3215798914897597,-0.4693877551020408,0
0.4722222222222222,0.0,0.7915304786115972,-0.4489795918367347,0
-0.6944444444444444,-1.0,-0.429693948298062,0.0612244897959183,1
0.9166666666666666,-1.0,0.3210296367218022,-0.3469387755102041,1
-0.5277777777777778,0.0,-0.1737264353395622,0.8367346938775511,0
0.8888888888888888,-1.0,0.9899193326510174,-0.3877551020408163,1
0.5,0.0,0.6393190046991757,0.4693877551020408,0
-0.8888888888888888,-1.0,0.0642917670881618,-0.3265306122448979,1
-0.9444444444444444,-1.0,-0.1047464976284019,-0.1224489795918367,1
0.4166666666666667,0.0,-0.7065491322482309,1.0,0
-0.5555555555555556,0.0,0.4552918001034479,-0.7346938775510204,0
-0.3611111111111111,-1.0,0.5834571406561238,-0.5306122448979592,1
0.8611111111111112,-1.0,0.0430189177589223,-0.6530612244897959,1
-0.0833333333333333,0.0,-0.439004258971904,0.7346938775510204,0
0.3611111111111111,0.0,-0.7550705976867289,-0.4081632653061224,0
0.8055555555555556,0.0,0.4411942729483751,-0.4081632653061224,0
-0.5555555555555556,-1.0,0.4205817293406847,-0.6938775510204082,1
-0.4166666666666667,-1.0,0.7329063356333982,0.4489795918367347,1
-1.0,0.0,0.3776288421539173,0.1836734693877551,0
-0.1388888888888889,-1.0,-0.0537819010201723,-0.9591836734693876,1
0.7222222222222222,0.0,0.8647363729406715,-0.2653061224489796,0
0.5555555555555556,-1.0,-0.5183509965113847,0.7346938775510204,1
-0.9166666666666666,0.0,-0.3658203748335479,-0.0816326530612244,0
-0.8055555555555556,-1.0,-0.2320314305523457,0.1428571428571428,1
-0.1388888888888889,0.0,-0.3123136011973543,0.0408163265306122,0
0.5833333333333334,0.0,-0.3151309056092971,-0.4693877551020408,0
-0.6111111111111112,-1.0,-0.1150142515984901,0.8979591836734694,1
-0.8888888888888888,-1.0,-0.1525746420592734,-0.4897959183673469,1
0.8055555555555556,0.0,-0.9244720305501448,-0.4285714285714285,0
-0.1111111111111111,0.0,-0.376088128803636,-1.0,0
-0.8055555555555556,-1.0,0.5277713581388183,-0.2857142857142857,1
0.3888888888888889,0.0,-0.217361638438597,0.5102040816326531,0
0.5,0.0,0.5234133403765944,-0.3877551020408163,0
-0.0555555555555555,-1.0,0.96719381073437,0.9387755102040816,1
-0.5833333333333334,0.0,0.5961350105098661,0.1836734693877551,0
-0.1111111111111111,-1.0,-0.6904156624517152,0.7551020408163265,1
0.4722222222222222,-1.0,-0.4095546237908151,0.3673469387755102,1
0.1388888888888889,-1.0,-0.4356917252687994,0.4285714285714285,1
-0.1111111111111111,0.0,-0.6083396612631649,-1.020408163265306,0
-0.5277777777777778,-1.0,0.6521729560786644,-0.7959183673469388,1
0.3055555555555556,0.0,0.8437716662814884,-0.5102040816326531,0
-0.3333333333333333,0.0,0.9515445651336568,-0.2244897959183673,0
-0.6388888888888888,0.0,-0.7961196033763632,-0.8775510204081632,0
-0.1944444444444444,0.0,0.8632726952579044,-0.7346938775510204,0
0.7222222222222222,0.0,0.2072039354221004,0.6326530612244898,0
0.8888888888888888,0.0,0.7863250685067186,0.6122448979591837,0
0.0,-1.0,0.926452947714792,0.6122448979591837,1
-0.0277777777777777,0.0,0.9366766813034436,0.2857142857142857,0
-0.1666666666666666,-1.0,0.6584458604333806,-0.8367346938775511,1
-0.3611111111111111,0.0,0.4094555779325828,-0.0204081632653061,0
-0.7777777777777778,0.0,0.7449679201470281,0.4897959183673469,0
0.1111111111111111,0.0,-0.3469246261018852,-0.0612244897959183,0
0.8888888888888888,-1.0,-0.2153917263693089,-0.4285714285714285,1
-0.8055555555555556,-1.0,-0.4377056577195241,-0.0408163265306122,1
0.4722222222222222,0.0,0.1808137167508556,0.0816326530612244,0
0.8611111111111112,-1.0,0.3712348817502504,0.2857142857142857,1
0.3611111111111111,0.0,-0.2410996291282864,-0.5510204081632653,0
0.6388888888888888,0.0,0.4200644898588046,-0.7959183673469388,0
-0.25,0.0,-0.529862326257057,-0.5102040816326531,0
0.9722222222222222,-1.0,0.7382107915965092,-0.3877551020408163,1
0.8333333333333334,0.0,0.7898466990216471,0.2857142857142857,0
0.2777777777777778,-1.0,-0.3852443681424499,-0.9591836734693876,1
0.0555555555555555,-1.0,0.8872968184269316,0.7346938775510204,1
-0.2222222222222222,-1.0,-0.3709817645569899,-0.7142857142857143,1
0.7222222222222222,-1.0,-0.631043172989094,0.1632653061224489,1
-0.7777777777777778,-1.0,-0.5317331924681127,-0.1836734693877551,1
0.8333333333333334,0.0,0.9603376363256187,0.8367346938775511,0
-0.6944444444444444,-1.0,-0.3341917307713471,-0.5510204081632653,1
-0.5833333333333334,-1.0,0.5107684858089295,-0.6938775510204082,1
0.4444444444444444,0.0,-0.1346693519099343,-0.1224489795918367,0
0.0555555555555555,-1.0,-0.8273960843870712,0.673469387755102,1
0.9166666666666666,0.0,-0.9628247878767868,-0.4285714285714285,0
-0.1111111111111111,0.0,-0.7585812231062982,-0.1428571428571428,0
0.2222222222222222,-1.0,-0.0364818911155865,-0.1224489795918367,1
1.0,0.0,0.5625254492830181,0.7551020408163265,0
-0.6388888888888888,0.0,0.2812792322845477,0.8163265306122449,0
-0.8611111111111112,-1.0,0.4260842770202603,0.0612244897959183,1
0.2222222222222222,0.0,0.1393135021514961,0.0816326530612244,0
-0.6666666666666666,-1.0,-0.269151617198763,0.3469387755102041,1
0.6944444444444444,-1.0,-0.2949365556252545,0.7346938775510204,1
0.9722222222222222,-1.0,0.883973279628468,0.0816326530612244,1
0.2777777777777778,-1.0,0.8320952601054288,0.8775510204081632,1
-0.4166666666666667,-1.0,0.7190949409576634,-0.7142857142857143,1
0.9722222222222222,0.0,0.2300505133876985,0.4693877551020408,0
-0.4722222222222222,0.0,-0.9356532074350424,0.0,0
0.0833333333333333,0.0,0.456029141492511,0.1836734693877551,0
-1.0,-1.0,0.9263649069519188,-0.7755102040816326,1
-0.8055555555555556,-1.0,-0.7320369331000253,0.1020408163265306,1
0.2777777777777778,0.0,0.0116984163667778,0.0816326530612244,0
-0.75,0.0,0.99520177842341,0.4693877551020408,0
0.1666666666666666,-1.0,-0.3994409411557551,-0.7959183673469388,1
-0.8333333333333334,0.0,-0.8563504902769983,0.3061224489795918,0
-0.6944444444444444,-1.0,0.8023704975403612,0.2857142857142857,1
0.6111111111111112,0.0,-0.0813936852762829,1.0,0
-0.5833333333333334,-1.0,0.6770664817810647,-0.2244897959183673,1
-0.3333333333333333,0.0,-0.7944578339771314,0.2857142857142857,0
-0.1111111111111111,0.0,-0.8422419580265663,0.1836734693877551,0
-0.7222222222222222,-1.0,-0.1825525218176015,-0.673469387755102,1
-0.8333333333333334,0.0,0.8554260622668295,0.1836734693877551,0
0.0555555555555555,-1.0,-0.8976195978738156,0.3265306122448979,1
0.3888888888888889,0.0,-0.1803955231272078,0.6530612244897959,0
0.2222222222222222,0.0,-0.4014878888925572,0.0,0
-0.3611111111111111,0.0,0.2486161092585867,-0.4897959183673469,0
-0.8888888888888888,0.0,0.3432159089658512,-0.3265306122448979,0
-0.6944444444444444,0.0,-0.1604652954317849,0.3673469387755102,0
-0.6666666666666666,0.0,-0.3414660988037461,-0.3673469387755102,0
0.5,0.0,0.0514268106133139,0.0204081632653061,0
-0.9166666666666666,0.0,-0.1356928257783353,0.8979591836734694,0
-0.6666666666666666,0.0,0.6463292504429551,-0.4897959183673469,0
-0.9722222222222222,-1.0,-0.658687972531282,-0.8571428571428571,1
0.1388888888888889,-1.0,0.7296598325024486,0.9591836734693876,1
0.5833333333333334,0.0,-0.0215149614271407,-0.1020408163265306,0
-0.3888888888888889,-1.0,0.814872285868357,0.7346938775510204,1
-0.1666666666666666,0.0,-0.8975645723970198,-0.4897959183673469,0
-0.75,-1.0,0.200479822157659,-0.5510204081632653,1
0.4722222222222222,-1.0,0.7951291447940396,0.2448979591836734,1
0.5833333333333334,-1.0,-0.5735745650236059,-0.7346938775510204,1
0.7777777777777778,-1.0,-0.7760683196319896,0.0204081632653061,1
0.6111111111111112,-1.0,0.2526879945414727,-0.6938775510204082,1
0.7777777777777778,-1.0,0.6021878129573993,-0.7755102040816326,1
-0.9444444444444444,0.0,-0.6336073602077762,0.5918367346938775,0
-0.4166666666666667,0.0,0.5254162677319599,0.8163265306122449,0
0.3055555555555556,-1.0,-0.3389019115850639,-0.5102040816326531,1
0.6388888888888888,0.0,0.915921071456084,0.5102040816326531,0
0.8611111111111112,0.0,0.4701156635522246,0.7959183673469388,0
-0.3611111111111111,0.0,-0.2718478655617551,-0.7959183673469388,0
0.5,0.0,-0.9378982468883093,0.7959183673469388,0
-0.5,-1.0,0.8500555757315638,0.5714285714285714,1
0.8611111111111112,0.0,-0.8542044966819637,-0.5306122448979592,0
-0.1666666666666666,-1.0,0.5305336370739653,-0.979591836734694,1
-0.9444444444444444,0.0,-0.2540856416520849,0.7959183673469388,0
0.3611111111111111,0.0,-0.418787898797143,0.673469387755102,0
0.2777777777777778,0.0,0.0084188979497507,-0.0408163265306122,0
0.1388888888888889,0.0,-0.2793203253106188,0.0816326530612244,0
0.0277777777777777,-1.0,-0.1649993947197552,0.2244897959183673,1
0.0,0.0,-0.6918133095623273,0.0408163265306122,0
0.8611111111111112,0.0,-0.6257607272167013,-0.7346938775510204,0
-0.0277777777777777,0.0,0.108026016045429,-0.2040816326530612,0
0.8333333333333334,-1.0,-0.6367548174804935,-0.4285714285714285,1
-0.4444444444444444,-1.0,0.4262163381645702,0.6938775510204082,1
0.1388888888888889,-1.0,-0.3439862656409918,-0.1224489795918367,1
-0.3888888888888889,-1.0,-0.9543618695455997,-0.979591836734694,1
-0.6111111111111112,-1.0,-0.6491025344734612,-0.1224489795918367,1
0.3333333333333333,-1.0,-0.8467430420284592,-0.8979591836734694,1
0.3888888888888889,0.0,-0.3644557430090132,0.7346938775510204,0
-0.3888888888888889,0.0,0.07689260127439,0.3469387755102041,0
-0.4444444444444444,-1.0,0.2285098000374173,-0.5306122448979592,1
-0.2777777777777778,-1.0,-0.7187867982876072,0.1224489795918367,1
-0.2777777777777778,-1.0,-0.8953415431344712,1.0,1
-0.5,-1.0,-0.0593944996533395,-0.2244897959183673,1
0.5555555555555556,-1.0,0.4725147743405196,0.9387755102040816,1
0.1388888888888889,-1.0,0.6954559961262065,0.8367346938775511,1
0.9166666666666666,-1.0,-0.6661164118987091,0.2857142857142857,1
-0.9166666666666666,-1.0,-0.2153036856064357,-0.7959183673469388,1
0.1944444444444444,0.0,-0.3760661186129178,-0.6326530612244898,0
-0.6111111111111112,-1.0,0.8285516193997821,0.9183673469387756,1
0.0555555555555555,-1.0,0.8574620049082725,0.5102040816326531,1
-0.6111111111111112,-1.0,-0.5087875686442823,0.5102040816326531,1
0.6111111111111112,0.0,-0.91765987652283,-0.1428571428571428,0
-0.4722222222222222,-1.0,0.4654605082153036,0.5510204081632653,1
-0.0833333333333333,0.0,-0.8967171800543652,0.0816326530612244,0
-0.9166666666666666,0.0,0.0616835594880429,0.0816326530612244,0
0.25,-1.0,0.6875323274676175,-0.9183673469387756,1
0.5277777777777778,0.0,-0.7643368879791343,1.0,0
0.6111111111111112,0.0,0.3669208843694631,0.6326530612244898,0
-0.1388888888888889,0.0,0.8697106760430079,-0.3877551020408163,0
0.3055555555555556,-1.0,-0.348080161114596,-0.2653061224489796,1
-0.1388888888888889,0.0,0.2101202856922755,-0.7755102040816326,0
0.1111111111111111,-1.0,0.6690327621688842,-0.979591836734694,1
-0.25,-1.0,-0.8472052560335436,0.7346938775510204,1
-0.5,0.0,0.7836288201437266,-0.5306122448979592,0
-0.1666666666666666,0.0,-0.8054409191455644,-0.8979591836734694,0
0.6111111111111112,-1.0,0.3611872296873452,-0.6326530612244898,1
0.4722222222222222,-1.0,0.5413186305259335,-0.5510204081632653,1
0.0833333333333333,-1.0,-0.7717763324419206,-0.0204081632653061,1
-0.8888888888888888,-1.0,-0.4045473054024013,-0.3265306122448979,1
-0.1666666666666666,-1.0,-0.2460739322306227,-0.3469387755102041,1
0.9444444444444444,-1.0,-0.334323791915657,-0.2040816326530612,1
0.5833333333333334,0.0,-0.5301814740224724,0.2653061224489796,0
-0.1944444444444444,-1.0,0.988510680445046,-0.4489795918367347,1
-0.4444444444444444,0.0,0.5566047079797947,0.4081632653061224,0
0.7777777777777778,-1.0,-0.2719359063246283,0.3061224489795918,1
-0.9722222222222222,-1.0,0.4255890477290985,0.8571428571428571,1
-0.9722222222222222,0.0,-0.2137409620654363,-0.0408163265306122,0
-0.4722222222222222,-1.0,0.7467727557859288,-0.0816326530612244,1
-0.4444444444444444,-1.0,-0.5861313788283975,-0.1020408163265306,1
0.4166666666666667,0.0,0.6756468244797341,-0.3673469387755102,0
-0.6944444444444444,-1.0,-0.9223370420504694,-0.5306122448979592,1
0.0,-1.0,0.1238183278858111,-0.3673469387755102,1
0.5,0.0,-0.91532679630669,0.0816326530612244,0
-0.8888888888888888,-1.0,0.7961856339485182,0.7346938775510204,1
0.8888888888888888,0.0,0.2909196958191642,0.2448979591836734,0
-0.8888888888888888,-1.0,0.0197761563603948,0.2040816326530612,1
-0.1111111111111111,-1.0,-0.1678166991316979,1.0,1
0.4166666666666667,0.0,0.1588365413186305,-0.0816326530612244,0
-0.6944444444444444,-1.0,0.457922017894285,0.1632653061224489,1
-0.5277777777777778,-1.0,0.2412977208447511,-0.5306122448979592,1
0.5555555555555556,-1.0,-0.1549297324661318,-0.4081632653061224,1
0.3611111111111111,-1.0,0.2924053836926497,-0.7142857142857143,1
-0.2777777777777778,-1.0,-0.2117710499961482,-0.979591836734694,1
-0.3333333333333333,0.0,-0.3471997534858639,-0.3469387755102041,0
0.6111111111111112,-1.0,-0.4069023958092597,-0.3061224489795918,1
-0.4166666666666667,0.0,0.1674645360802051,-0.6530612244897959,0
0.0555555555555555,-1.0,-0.6033433479701101,0.3061224489795918,1
0.0555555555555555,-1.0,0.4311026005040334,0.4693877551020408,1
-0.1388888888888889,-1.0,-0.696149317133833,0.673469387755102,1
-1.0,0.0,0.4432632308758955,0.0408163265306122,0
0.0,-1.0,-0.2764039750404437,-0.9387755102040816,1
-0.7777777777777778,-1.0,0.0618596410137893,0.8163265306122449,1
-0.9444444444444444,-1.0,0.2832931647352724,-0.7346938775510204,1
0.1111111111111111,-1.0,-0.3675921951863712,-0.0204081632653061,1
-0.1111111111111111,0.0,0.5681050326301077,0.8775510204081632,0
-0.9166666666666666,-1.0,-0.2881464117886581,0.1428571428571428,1
-0.6111111111111112,-1.0,0.1060781141668592,0.2857142857142857,1
0.8333333333333334,-1.0,-0.7869743691329085,-0.6326530612244898,1
-0.0277777777777777,0.0,0.6592272222038804,0.2040816326530612,0
-0.8611111111111112,-1.0,0.5011610375603904,0.1836734693877551,1
-0.0277777777777777,-1.0,0.768749931218154,0.3469387755102041,1
-0.1388888888888889,-1.0,-0.7374404349213686,0.5102040816326531,1
0.2222222222222222,0.0,-0.4928852058503087,0.2244897959183673,0
-0.8888888888888888,-1.0,0.480108290138334,0.9183673469387756,1
-0.9722222222222222,0.0,0.864912454466418,-0.7346938775510204,0
0.5555555555555556,-1.0,0.2558904772909857,-0.8571428571428571,1
-0.7222222222222222,-1.0,0.4565683911651094,0.1224489795918367,1
0.4166666666666667,-1.0,-0.908778764567995,0.1632653061224489,1
0.4444444444444444,-1.0,-0.2698229280156712,0.4693877551020408,1
0.5,-1.0,-0.2405163590742513,-0.7959183673469388,1
0.0,0.0,0.7094324672323286,-0.8163265306122449,0
-0.5833333333333334,-1.0,-0.94281752451385,0.2244897959183673,1
-0.1111111111111111,-1.0,-0.2125083913852113,0.5510204081632653,1
-0.4166666666666667,0.0,-0.7934013448226529,0.7755102040816326,0
-0.8611111111111112,-1.0,0.6001408652205972,-0.5510204081632653,1
0.5,0.0,-0.0201833448886834,0.1632653061224489,0
-0.3333333333333333,0.0,0.3038396777708079,0.3061224489795918,0
0.1944444444444444,-1.0,-0.1240164196022758,-0.6122448979591837,1
-0.9166666666666666,0.0,0.1948121980476961,-0.0816326530612244,0
0.9722222222222222,0.0,-0.6639814233990338,-0.3877551020408163,0
-0.0277777777777777,-1.0,0.5718027446707826,0.3061224489795918,1
-0.0277777777777777,0.0,-0.4655265387874586,0.1836734693877551,0
0.3333333333333333,0.0,0.7760793247273488,-0.5306122448979592,0
1.0,-1.0,0.6095502217526715,-0.9387755102040816,1
-0.9722222222222222,0.0,0.8143000209096812,-1.0,0
0.5555555555555556,-1.0,-0.6396491575599502,-0.5306122448979592,1
0.7777777777777778,0.0,0.5777895165461608,0.0,0
-0.2222222222222222,0.0,0.3029922854281532,0.3877551020408163,0
0.9444444444444444,-1.0,-0.4671002674238172,-0.9387755102040816,1
-0.5277777777777778,0.0,-0.3393531204947891,-0.9387755102040816,0
0.7222222222222222,0.0,0.672950576116742,-0.4897959183673469,0
-0.0277777777777777,-1.0,-0.7604961096987906,-0.6530612244897959,1
0.8333333333333334,-1.0,0.5275182409455578,-0.6938775510204082,1
0.1388888888888889,-1.0,0.5055850858947692,0.4081632653061224,1
0.1111111111111111,-1.0,-0.635412195846677,-0.6122448979591837,1
0.2222222222222222,0.0,-0.8202317673082637,-0.4081632653061224,0
0.2777777777777778,0.0,0.2704832337372203,0.6530612244897959,0
-0.8055555555555556,0.0,-0.0485324705338571,-0.8367346938775511,0
0.1111111111111111,0.0,0.6240219221499554,-0.2653061224489796,0
-0.25,0.0,-0.8892447203055015,-0.5306122448979592,0
-0.2777777777777778,0.0,0.0545412525999537,-0.2040816326530612,0
-0.2777777777777778,-1.0,0.5543926838126052,-1.020408163265306,1
-0.25,0.0,-0.7870624098957818,0.9387755102040816,0
0.5,-1.0,-0.4559631109203561,-0.6938775510204082,1
0.7222222222222222,-1.0,-0.3420713790484994,-0.1224489795918367,1
-0.7777777777777778,-1.0,-0.5250310893943896,1.0,1
0.7222222222222222,-1.0,-0.7001001463677683,-0.7346938775510204,1
-0.8888888888888888,0.0,-0.1777212849549341,0.9387755102040816,0
-0.3055555555555556,0.0,-4.402038143660515e-05,0.9387755102040816,0
-0.8333333333333334,0.0,0.8397768166661164,0.7551020408163265,0
-0.7222222222222222,-1.0,-0.9411337449238998,0.2653061224489796,1
-0.6111111111111112,0.0,-0.0562580474759813,0.0816326530612244,0
-0.9722222222222222,0.0,-0.2082164041951423,-0.673469387755102,0
0.8055555555555556,-1.0,0.5569348608405692,0.5714285714285714,1
-0.6388888888888888,0.0,-0.2177138014900899,-0.3673469387755102,0
0.7222222222222222,0.0,0.3384176873892612,-0.4285714285714285,0
0.5277777777777778,-1.0,-0.6964024343270935,-0.5918367346938775,1
-0.7777777777777778,0.0,0.7469818525977527,0.7959183673469388,0
-0.8333333333333334,0.0,0.37979684593967,0.6938775510204082,0
-0.9166666666666666,-1.0,-0.4787106430277218,-0.2448979591836734,1
0.4722222222222222,-1.0,0.3505893228564825,-0.5102040816326531,1
-0.2222222222222222,-1.0,0.9291381909824248,0.0,1
-0.6944444444444444,0.0,0.5726831522995147,-0.4897959183673469,0
0.6111111111111112,-1.0,0.8784597268535332,-0.2244897959183673,1
0.6111111111111112,-1.0,-0.3708827186987575,-0.7551020408163265,1
0.9444444444444444,0.0,-0.1925781636897883,0.4285714285714285,0
-0.1944444444444444,0.0,0.1321491850726886,-0.2040816326530612,0
0.8333333333333334,-1.0,0.8451473032013822,-0.1224489795918367,1
-0.4722222222222222,0.0,0.0539469774505596,-1.0,0
0.1388888888888889,-1.0,-0.7625650676263109,0.3877551020408163,1
0.4166666666666667,0.0,0.4631824534759594,-0.4897959183673469,0
0.8888888888888888,0.0,0.7350413241330737,0.9591836734693876,0
0.8055555555555556,-1.0,0.0356344987729318,0.6122448979591837,1
0.8611111111111112,0.0,-0.8447951401498894,-0.1020408163265306,0
0.8055555555555556,-1.0,-0.3039387236290402,-0.2653061224489796,1
-0.2777777777777778,0.0,-0.3049291822113638,1.0,0
-0.3333333333333333,-1.0,-0.5005557573156372,-0.2244897959183673,1
-0.3611111111111111,0.0,0.3042358612037373,0.2857142857142857,0
-0.8888888888888888,0.0,0.5803206884787657,-0.5918367346938775,0
0.8888888888888888,0.0,-0.4589234815719678,0.4489795918367347,0
-0.6111111111111112,0.0,-0.0895594660327731,0.6326530612244898,0
-0.8055555555555556,0.0,0.0944897487536729,0.3061224489795918,0
-0.0277777777777777,-1.0,0.6882366535706032,-0.1632653061224489,1
-0.5555555555555556,-1.0,-0.9047508996665456,0.2244897959183673,1
0.0833333333333333,0.0,0.8246228003565651,-0.4897959183673469,0
-0.0277777777777777,-1.0,-0.964805705041434,0.7142857142857143,1
-0.5,0.0,0.5937909251983668,0.8163265306122449,0
0.75,-1.0,-0.2929776486513256,-0.4081632653061224,1
-0.8055555555555556,0.0,-0.9697910132391298,-1.0,0
0.7222222222222222,0.0,0.6347628952204871,-0.0816326530612244,0
0.8888888888888888,0.0,-0.0394642719579165,-0.2857142857142857,0
0.1388888888888889,-1.0,0.6627488527188088,0.1428571428571428,1
-0.1944444444444444,0.0,0.590599447544213,-0.8571428571428571,0
0.75,0.0,0.2716717840360086,0.4897959183673469,0
-0.6944444444444444,0.0,-0.7512848448831809,0.8163265306122449,0
0.1111111111111111,0.0,-0.2883775187912003,0.8979591836734694,0
-0.3611111111111111,0.0,-0.6246932329668636,-0.6530612244897959,0
0.0555555555555555,-1.0,-0.7027193590632462,-1.020408163265306,1
-0.5,0.0,0.8280233748225428,0.0,0
-0.3888888888888889,0.0,-0.3850572815213444,0.0204081632653061,0
-0.7777777777777778,-1.0,0.0167717653273465,-0.7346938775510204,1
0.8611111111111112,0.0,-0.709531513090561,-0.7755102040816326,0
-0.6666666666666666,-1.0,-0.4037879538226199,0.4489795918367347,1
-0.6111111111111112,0.0,0.1803625078411304,0.3877551020408163,0
1.0,-1.0,-0.9160091122189574,0.5102040816326531,1
-0.4166666666666667,0.0,0.442206741721417,-0.9591836734693876,0
0.5833333333333334,-1.0,0.0081217603750536,0.7346938775510204,1
0.0555555555555555,-1.0,-0.8199566399242849,-0.0816326530612244,1
0.3611111111111111,0.0,-0.9791123290083308,0.8775510204081632,0
0.2777777777777778,-1.0,0.3455820044680687,-1.020408163265306,1
0.1388888888888889,-1.0,-0.2469323296686365,-0.979591836734694,1
-0.5833333333333334,-1.0,-0.0128429462841295,-0.0816326530612244,1
-0.8055555555555556,-1.0,0.0208986760870282,-0.7142857142857143,1
-0.8611111111111112,-1.0,-0.6651479635071038,0.8367346938775511,1
-0.8055555555555556,0.0,-0.1873397382988323,-0.0408163265306122,0
0.8055555555555556,0.0,-0.1584623680764194,-0.5714285714285714,0
-0.6944444444444444,-1.0,-0.5985011060120836,0.5510204081632653,1
-0.3333333333333333,0.0,-0.8511560852674789,0.4897959183673469,0
-0.5555555555555556,-1.0,-0.3369650148018532,-0.0612244897959183,1
-0.2222222222222222,0.0,0.8477224955154237,0.9591836734693876,0
-0.2777777777777778,0.0,-0.5100201393245073,0.7959183673469388,0
-0.0277777777777777,0.0,0.0151210010234738,-0.4897959183673469,0
0.6666666666666666,-1.0,-0.5514103029702753,0.3469387755102041,1
-0.8888888888888888,-1.0,-0.289081844894186,0.9387755102040816,1
-0.6388888888888888,0.0,-0.3680434040960965,-0.6530612244897959,0
0.1111111111111111,0.0,0.245369606127637,-0.7959183673469388,0
-0.9722222222222222,0.0,-0.5400970649410677,0.4285714285714285,0
0.1666666666666666,0.0,-0.0045561094786886,0.6938775510204082,0
-0.9166666666666666,-1.0,-0.4946900414892095,0.9591836734693876,1
-0.5833333333333334,-1.0,0.6294254239712987,0.0,1
0.2777777777777778,0.0,0.1126921764777091,0.1428571428571428,0
-0.8333333333333334,-1.0,-0.9466472976988346,0.1836734693877551,1
0.1944444444444444,-1.0,0.4633145146202692,0.5102040816326531,1
-0.5277777777777778,-1.0,0.4133183664036449,-0.3061224489795918,1
0.9722222222222222,0.0,0.9212805528959908,-0.6326530612244898,0
-0.3055555555555556,-1.0,-0.7688269668856681,-0.7959183673469388,1
0.1388888888888889,-1.0,0.1717565232702741,-0.1428571428571428,1
0.8055555555555556,0.0,-0.7108301143429407,0.0612244897959183,0
-0.6388888888888888,-1.0,-0.467232328568127,0.9183673469387756,1
0.6388888888888888,0.0,-0.0583820308802975,-1.020408163265306,0
0.6944444444444444,0.0,0.6495867586692639,-0.0612244897959183,0
0.6388888888888888,-1.0,0.523391330185876,1.0,1
-0.5,0.0,0.4263153840228025,0.6326530612244898,0
0.2222222222222222,-1.0,0.4020381436605148,-0.9387755102040816,1
0.8055555555555556,0.0,-0.5444550827032916,0.0816326530612244,0
-0.7777777777777778,-1.0,0.0173330251906632,0.0816326530612244,1
0.0555555555555555,0.0,-0.4487657785554712,0.7755102040816326,0
-0.6111111111111112,0.0,0.6782660371752122,0.7142857142857143,0
-0.2777777777777778,-1.0,-0.2260776739630449,0.9183673469387756,1
-0.7222222222222222,0.0,-0.3842539095601263,0.1020408163265306,0
0.5277777777777778,0.0,0.2002487151551168,0.9591836734693876,0
-0.8055555555555556,0.0,0.7921907843331463,-1.020408163265306,0
0.4444444444444444,-1.0,-0.6627818680048863,-0.3265306122448979,1
-0.6388888888888888,0.0,-0.5328226969086687,0.3061224489795918,0
0.3888888888888889,0.0,0.0834516381084442,-0.3673469387755102,0
0.7777777777777778,0.0,0.6219749744131533,-0.4693877551020408,0
-0.1388888888888889,0.0,0.4109962912828639,-0.3469387755102041,0
-0.1666666666666666,-1.0,-0.3803581058029868,0.3061224489795918,1
-0.6944444444444444,-1.0,-0.8196264870635104,0.6326530612244898,1
0.4166666666666667,0.0,0.1038991052857473,0.9183673469387756,0
0.75,-1.0,-0.9216107057567654,0.3877551020408163,1
-0.4722222222222222,0.0,-0.2099552092618882,0.2040816326530612,0
0.8055555555555556,0.0,0.3419723331902671,0.4489795918367347,0
-0.8611111111111112,-1.0,0.2240307262262427,0.2857142857142857,1
0.8611111111111112,0.0,-0.7655254382779226,0.7959183673469388,0
-0.4166666666666667,0.0,0.3435460618266257,0.673469387755102,0
0.5277777777777778,-1.0,-0.2656519968745529,0.3061224489795918,1
-0.6944444444444444,0.0,0.968283315174926,0.4897959183673469,0
-0.0277777777777777,0.0,-0.4843672620423256,-0.4285714285714285,0
0.3611111111111111,-1.0,0.5918760386058746,0.0816326530612244,1
-0.6666666666666666,0.0,0.90456381304544,-0.5714285714285714,0
-0.3333333333333333,-1.0,0.0206455588937678,0.7142857142857143,1
-0.5277777777777778,-1.0,0.5988312588728582,0.8571428571428571,1
0.6388888888888888,0.0,-0.1332717047993221,0.979591836734694,0
-0.2222222222222222,-1.0,0.1030297027523743,-0.1632653061224489,1
0.3333333333333333,0.0,0.8550518890246184,-0.1632653061224489,0
0.1111111111111111,0.0,0.714560841669693,0.0816326530612244,0
-1.0,0.0,-0.8604443857506026,-0.8571428571428571,0
-0.2777777777777778,-1.0,0.7057457602870129,-0.4693877551020408,1
0.6944444444444444,-1.0,-0.5682480988697767,-0.2653061224489796,1
0.1111111111111111,-1.0,-0.0472448743768364,-0.7346938775510204,1
-0.1388888888888889,-1.0,-0.8428692484620379,0.7346938775510204,1
0.1666666666666666,0.0,0.1517382548119779,0.9183673469387756,0
-0.25,0.0,0.3869501579231184,0.2857142857142857,0
-0.8333333333333334,-1.0,0.977813727755951,-0.7346938775510204,1
-0.7777777777777778,-1.0,-0.0737891643831093,0.7346938775510204,1
-0.75,-1.0,-0.0266543409598644,-0.2040816326530612,1
0.6944444444444444,0.0,0.7940726556395611,0.1632653061224489,0
0.7222222222222222,0.0,0.6497298249089328,-0.5306122448979592,0
-0.9166666666666666,-1.0,-0.9203010994090264,0.0204081632653061,1
-1.0,0.0,0.7165527639296995,0.0816326530612244,0
-0.3888888888888889,0.0,0.5590698493402445,0.3061224489795918,0
-0.9166666666666666,-1.0,-0.4074526505772172,0.8367346938775511,1
0.6944444444444444,-1.0,-0.1000803371961218,-0.8979591836734694,1
0.25,0.0,-0.4371554029515666,-0.3265306122448979,0
-0.3611111111111111,-1.0,-0.5677968899600515,-0.2244897959183673,1
-0.3333333333333333,0.0,-0.3549473406187065,-0.2448979591836734,0
-0.3611111111111111,0.0,-0.6644326323087589,-0.2244897959183673,0
0.8611111111111112,0.0,0.1384991250949189,0.4489795918367347,0
0.4166666666666667,0.0,0.73171778533461,-0.3061224489795918,0
-0.4166666666666667,-1.0,-0.4625441579451286,-0.5510204081632653,1
-0.9444444444444444,0.0,0.9668196374921588,0.8163265306122449,0
-0.0555555555555555,-1.0,0.2646945535783067,0.1224489795918367,1
0.8888888888888888,0.0,-0.4420746805771072,-0.2857142857142857,0
1.0,0.0,0.0745925363443274,-0.0204081632653061,0
0.0,0.0,-0.2066206653680654,-0.4693877551020408,0
-0.1944444444444444,-1.0,-0.1543244522213785,0.3061224489795918,1
-1.0,0.0,-0.6036294804494481,0.2857142857142857,0
-0.8611111111111112,-1.0,-0.2412757106540328,0.3061224489795918,1
-0.75,0.0,0.7706318025245689,-0.3061224489795918,0
0.7777777777777778,-1.0,0.7419855393046981,0.1020408163265306,1
0.8055555555555556,-1.0,-0.0836827451109863,-0.3877551020408163,1
-0.3888888888888889,-1.0,0.6308450812726293,-0.3673469387755102,1
-0.8888888888888888,-1.0,0.8828727700925528,-0.0204081632653061,1
-0.2222222222222222,-1.0,0.924350974501194,-0.7959183673469388,1
0.0,-1.0,-0.3569942883555086,-0.8571428571428571,1
-0.9166666666666666,-1.0,0.4051635907425138,0.5306122448979592,1
0.1111111111111111,0.0,-0.1800213498849967,-0.4489795918367347,0
0.7222222222222222,0.0,-0.832249331440457,-0.5714285714285714,0
-0.5,-1.0,-0.823599326488164,0.0204081632653061,1
-0.0277777777777777,-1.0,-0.7962846798067506,-0.6530612244897959,1
-0.9444444444444444,0.0,0.3388138708221906,0.8163265306122449,0
0.3333333333333333,-1.0,0.5194184907612225,0.5918367346938775,1
-0.8611111111111112,0.0,0.449261007846633,-0.8571428571428571,0
0.2777777777777778,0.0,0.3429077662957949,0.7551020408163265,0
-0.6111111111111112,-1.0,-0.089911629084266,0.1632653061224489,1
0.0277777777777777,0.0,-0.2145553391220135,-0.2653061224489796,0
-0.8888888888888888,0.0,0.9713757469708476,0.5102040816326531,0
-0.0833333333333333,0.0,0.0518229940462434,-0.2857142857142857,0
-0.3055555555555556,-1.0,-0.7552686894031937,-0.9387755102040816,1
-0.5277777777777778,-1.0,-0.4181826185523897,-0.7346938775510204,1
-0.3333333333333333,0.0,-0.0936093411249408,0.2040816326530612,0
-0.5,-1.0,-0.9348058150923878,-0.7755102040816326,1
-0.0833333333333333,-1.0,0.5873639495086225,0.2653061224489796,1
-0.4722222222222222,-1.0,0.7350633343237919,0.0408163265306122,1
0.4722222222222222,-1.0,0.7193920785323605,-1.020408163265306,1
-0.0277777777777777,0.0,0.7971100619586868,0.3877551020408163,0
-0.1666666666666666,-1.0,-0.8099860235288939,-0.5918367346938775,1
0.0277777777777777,0.0,-0.0339507191829817,0.4285714285714285,0
0.6111111111111112,0.0,-0.4855998327225505,0.6122448979591837,0
0.1666666666666666,0.0,0.7520331913676032,0.8979591836734694,0
-0.8055555555555556,0.0,0.7537169709575533,-0.9591836734693876,0
0.6388888888888888,0.0,0.110282060594055,0.2040816326530612,0
0.2222222222222222,-1.0,0.1198454884611575,0.1836734693877551,1
0.6944444444444444,-1.0,-0.9209504000352164,-0.7346938775510204,1
0.6388888888888888,-1.0,-0.5741028096008451,-1.020408163265306,1
0.2222222222222222,-1.0,-0.1787557639186943,0.8163265306122449,1
0.3055555555555556,-1.0,-0.7862590379345638,0.2244897959183673,1
-0.8055555555555556,-1.0,-0.8394356587099827,-1.020408163265306,1
-0.0277777777777777,0.0,-0.1374976614172361,0.1224489795918367,0
0.8611111111111112,-1.0,-0.1939538006096823,-0.5102040816326531,1
0.9444444444444444,0.0,0.0021790088811119,0.0816326530612244,0
0.5277777777777778,-1.0,0.4791508468420878,-1.020408163265306,1
-0.5,0.0,0.6713878525757425,1.0,0
0.1666666666666666,0.0,0.0853555196055773,0.3469387755102041,0
-0.6666666666666666,0.0,-0.775143891621821,0.4285714285714285,0
1.0,0.0,-0.5095469202240638,-0.4489795918367347,0
0.8611111111111112,-1.0,-0.6623086489044427,0.9387755102040816,1
0.5833333333333334,0.0,-0.81457514829366,0.1224489795918367,0
-0.7222222222222222,-1.0,0.4564913554975954,-0.8367346938775511,1
-0.4722222222222222,-1.0,-0.0618156206323527,0.9591836734693876,1
0.5555555555555556,-1.0,0.7970220211958137,-0.1836734693877551,1
-0.6944444444444444,0.0,-0.8513761871746619,0.5102040816326531,0
0.1111111111111111,-1.0,0.1264925660580849,-0.0408163265306122,1
-0.6944444444444444,0.0,-0.560126338494723,1.0,0
0.2777777777777778,0.0,0.9389107156613512,0.9387755102040816,0
0.4166666666666667,-1.0,0.9473186085157428,0.5510204081632653,1
0.3888888888888889,-1.0,0.8267247735701629,0.2857142857142857,1
0.1388888888888889,-1.0,0.1970462324056038,-0.4285714285714285,1
-0.1944444444444444,0.0,-0.5643302849219188,-0.3061224489795918,0
-0.75,-1.0,-0.6665346055223569,-0.2040816326530612,1
0.8333333333333334,0.0,0.9661923470566872,0.2244897959183673,0
-0.4722222222222222,-1.0,0.2859453927168279,-0.7142857142857143,1
-0.3611111111111111,-1.0,-0.3471667381997865,-0.8367346938775511,1
0.4166666666666667,0.0,0.921500654803174,0.4693877551020408,0
-0.5277777777777778,-1.0,-0.7984746937832217,0.4285714285714285,1
0.8611111111111112,-1.0,-0.2999658842043866,-0.6938775510204082,1
0.0555555555555555,0.0,0.2813452628567026,-0.8979591836734694,0
0.0833333333333333,-1.0,0.8566806431377728,0.1020408163265306,1
0.1666666666666666,-1.0,0.8873628489990866,-0.1020408163265306,1
-0.1111111111111111,0.0,0.4356477048873629,0.2040816326530612,0
1.0,-1.0,0.906159551872517,0.2857142857142857,1
-0.9444444444444444,0.0,0.5861313788283975,0.4489795918367347,0
0.9166666666666666,-1.0,-0.2099001837850925,-0.3469387755102041,1
-0.5555555555555556,0.0,-0.1326774296499279,-0.4693877551020408,0
1.0,0.0,-0.3037296268172164,-0.2040816326530612,0
1.0,0.0,-0.258531700177182,-0.8979591836734694,0
-0.7222222222222222,0.0,-0.1222776145355299,0.979591836734694,0
-0.75,0.0,0.3907249056313073,0.3673469387755102,0
-0.3611111111111111,0.0,-0.3018697657015198,-0.0612244897959183,0
0.2777777777777778,0.0,-0.8827627191389613,-0.9183673469387756,0
-0.6944444444444444,0.0,0.7036988125502107,0.1020408163265306,0
0.3055555555555556,-1.0,-0.8178436616153278,-0.6326530612244898,1
0.0833333333333333,-1.0,0.6164614216382185,0.4081632653061224,1
0.6388888888888888,-1.0,0.0174981016210505,-0.8775510204081632,1
-0.8055555555555556,0.0,0.8237754080139105,0.3673469387755102,0
0.5277777777777778,0.0,-0.0519770653812715,-0.8571428571428571,0
-0.8055555555555556,0.0,-0.9398681589575972,-0.6530612244897959,0
0.75,-1.0,-0.7894505155887176,-0.9387755102040816,1
-0.5833333333333334,0.0,0.1710301869765701,0.7551020408163265,0
-0.5555555555555556,0.0,0.0351612796724883,1.0,0
0.7777777777777778,0.0,-0.9086687136144036,-0.6530612244897959,0
-0.3055555555555556,0.0,0.972575302364995,-0.2653061224489796,0
0.6944444444444444,-1.0,0.8520144827054926,0.0612244897959183,1
0.8055555555555556,-1.0,0.4278010718962879,-0.8571428571428571,1
0.8055555555555556,0.0,-0.2987993440963166,-0.8979591836734694,0
0.0,-1.0,-0.5870998272200029,0.8775510204081632,1
-0.4166666666666667,-1.0,-0.0709498497804483,-0.5102040816326531,1
0.6944444444444444,0.0,0.0717862370277438,-0.7551020408163265,0
-0.5277777777777778,0.0,-0.3720382537114684,-0.1836734693877551,0
-0.1944444444444444,0.0,-0.123884358457966,-0.3673469387755102,0
-0.8333333333333334,0.0,-0.4381678717246084,0.2857142857142857,0
0.5555555555555556,0.0,-0.4504055377639847,0.3469387755102041,0
0.2777777777777778,-1.0,0.2162281136166045,-0.9183673469387756,1
-0.2777777777777778,-1.0,0.3524491839721791,-1.020408163265306,1
-1.0,0.0,0.8326014944919498,0.9183673469387756,0
0.4722222222222222,-1.0,-0.5767880528684781,0.1428571428571428,1
0.25,0.0,-0.5415607426238348,-0.1020408163265306,0
0.7777777777777778,-1.0,0.0036867069453156,0.8775510204081632,1
0.0833333333333333,0.0,-0.5055740807994101,-0.3061224489795918,0
0.5,0.0,0.1117457382768221,-0.2653061224489796,0
-0.75,0.0,-0.3979992736637063,0.8979591836734694,0
-0.4444444444444444,0.0,-0.9708915227750448,-0.7755102040816326,0
-0.1111111111111111,0.0,0.709465482518406,0.1428571428571428,0
0.8888888888888888,-1.0,0.5671695995245799,-0.7142857142857143,1
-0.1111111111111111,0.0,-0.2680841229489253,0.1632653061224489,0
-0.8333333333333334,-1.0,-0.5619531843243422,-0.0612244897959183,1
0.0277777777777777,-1.0,0.817117325321624,0.3469387755102041,1
-0.6388888888888888,-1.0,0.4536850561810118,-0.0612244897959183,1
-0.4722222222222222,0.0,0.1895187471799443,0.2857142857142857,0
0.75,-1.0,0.4758603233297016,-0.8163265306122449,1
-0.0277777777777777,0.0,0.0744494701046584,-0.5918367346938775,0
0.5277777777777778,0.0,0.3311213091661439,0.5102040816326531,0
0.7222222222222222,0.0,0.261657147259181,-0.7755102040816326,0
-0.8055555555555556,-1.0,0.9634740885029768,-0.673469387755102,1
-0.1944444444444444,0.0,0.6461641740125679,-0.7142857142857143,0
0.2777777777777778,-1.0,-0.7537059658621942,0.6122448979591837,1
-0.3055555555555556,-1.0,0.4262493534506476,-1.020408163265306,1
-0.1388888888888889,0.0,0.0303850682866167,-0.6938775510204082,0
1.0,-1.0,0.3150758801325014,-0.4693877551020408,1
-0.5,0.0,0.4127571065403281,1.0,0
-0.7222222222222222,-1.0,-0.0645558893767814,-0.9387755102040816,1
0.5833333333333334,0.0,-0.5764248847216261,0.8775510204081632,0
-0.1666666666666666,-1.0,0.9327698724509448,0.2653061224489796,1
-0.0555555555555555,0.0,-0.5338681809677881,0.2448979591836734,0
0.6111111111111112,0.0,0.7891313678233022,-0.5306122448979592,0
0.0555555555555555,-1.0,-0.4169610529675239,0.6122448979591837,1
-0.4444444444444444,0.0,0.6564319279826559,0.1428571428571428,0
0.3333333333333333,0.0,-0.6517657675503759,-0.4489795918367347,0
-0.7777777777777778,-1.0,0.3188176125546128,-0.5510204081632653,1
-0.4166666666666667,0.0,0.3761431542804318,0.3265306122448979,0
0.8888888888888888,0.0,0.7012997017619158,0.673469387755102,0
0.6388888888888888,-1.0,0.2061254360769036,0.5510204081632653,1
0.6944444444444444,0.0,0.7428109214566344,-0.7755102040816326,0
-0.6666666666666666,0.0,-0.6510284261613127,0.7346938775510204,0
-0.5,0.0,0.7112593130619477,-0.2244897959183673,0
0.0555555555555555,-1.0,-0.1026665346055223,-0.5714285714285714,1
0.4444444444444444,-1.0,0.5066415750492478,0.1632653061224489,1
0.4722222222222222,-1.0,-0.7131852047497992,0.1020408163265306,1
-0.6666666666666666,0.0,0.5012380732279045,0.2040816326530612,0
0.5,0.0,-0.1321381799773295,-0.4693877551020408,0
0.3611111111111111,-1.0,0.992296433248594,-0.0204081632653061,1
0.8888888888888888,-1.0,0.693321007626531,-0.0204081632653061,1
0.3888888888888889,-1.0,-0.6206213476839777,0.0,1
0.6111111111111112,0.0,0.6614062310849923,1.0,0
-0.1944444444444444,0.0,0.2800246514136045,-0.4489795918367347,0
-0.3333333333333333,-1.0,-0.3025190663277097,-0.8775510204081632,1
-0.9444444444444444,-1.0,0.20033675591799,0.5306122448979592,1
0.0833333333333333,0.0,0.8265486920444166,-0.6122448979591837,0
-0.6666666666666666,0.0,0.4413373391880441,-0.2040816326530612,0
0.7777777777777778,0.0,0.2969174727899017,-0.3877551020408163,0
0.9166666666666666,-1.0,0.4857979244390152,-0.5918367346938775,1
0.0277777777777777,-1.0,0.4936665676208084,0.2244897959183673,1
0.3055555555555556,0.0,0.700738441898599,-0.9183673469387756,0
-0.2222222222222222,-1.0,0.8847876566850452,-0.7346938775510204,1
-0.5833333333333334,-1.0,-0.1808907524183697,-0.0408163265306122,1
-0.75,0.0,0.4231899369408036,-0.0612244897959183,0
-0.9166666666666666,0.0,-0.8971243685826538,-0.1836734693877551,0
0.3333333333333333,-1.0,-0.0447687279210274,-0.673469387755102,1
0.75,-1.0,-0.9607338197585482,0.3673469387755102,1
0.7222222222222222,0.0,0.0048862623394631,0.1020408163265306,0
0.5555555555555556,0.0,-0.7158484378267138,0.5102040816326531,0
-0.2777777777777778,0.0,0.2188033059306459,-0.3469387755102041,0
0.7222222222222222,0.0,-0.7464426029251543,0.6530612244897959,0
-0.6388888888888888,0.0,-0.2795844475992384,-0.7551020408163265,0
0.1666666666666666,0.0,-0.376660393762312,-0.3877551020408163,0
0.8333333333333334,0.0,-0.5391836420262581,0.4081632653061224,0
0.5277777777777778,-1.0,0.3799509172746982,0.8163265306122449,1
0.3333333333333333,0.0,-0.1453552995036702,-1.0,0
0.0833333333333333,0.0,0.0651501645261756,-0.0816326530612244,0
0.5,-1.0,-0.8669924174892976,0.5510204081632653,1
0.1666666666666666,0.0,-0.8816842197937645,-0.0408163265306122,0
-0.75,0.0,0.7206576644986629,-0.4897959183673469,0
0.6388888888888888,0.0,0.2700540350182134,0.5510204081632653,0
0.8055555555555556,0.0,0.9117391352196068,-0.4081632653061224,0
0.1111111111111111,-1.0,0.3064809006570042,-1.020408163265306,1
0.5277777777777778,0.0,0.5323274676175069,0.6938775510204082,0
0.3611111111111111,0.0,-0.3343017817249386,0.2857142857142857,0
-0.3333333333333333,-1.0,-0.837421726259258,-0.3061224489795918,1
-0.9444444444444444,-1.0,0.7697293847051184,-0.3673469387755102,1
-0.1666666666666666,0.0,0.7915084684208789,0.6530612244897959,0
0.0277777777777777,0.0,0.0809094610804802,-0.9183673469387756,0
0.6944444444444444,0.0,-0.4367372093279188,-0.9183673469387756,0
-0.8611111111111112,-1.0,0.434932373689018,0.3469387755102041,1
-0.6388888888888888,0.0,-0.1940968668493512,-1.0,0
0.6111111111111112,-1.0,-0.630757040509756,0.4285714285714285,1
-0.2222222222222222,-1.0,-0.7814608163579737,0.7551020408163265,1
0.6388888888888888,-1.0,0.0485654858199346,0.0612244897959183,1
-0.6944444444444444,-1.0,-0.0306601956705954,0.4693877551020408,1
0.0555555555555555,0.0,0.6687576347849055,-1.0,0
-0.7222222222222222,0.0,0.1926001738805066,-0.6122448979591837,0
0.6944444444444444,0.0,-0.3594924450020359,0.3265306122448979,0
0.0,-1.0,0.1170611993352922,0.1020408163265306,1
0.3055555555555556,-1.0,-0.9411887704006956,-0.3265306122448979,1
0.3055555555555556,-1.0,-0.168036801038881,-0.8979591836734694,1
0.9166666666666666,0.0,-0.0315516083946867,0.6326530612244898,0
-0.6388888888888888,-1.0,-0.0876775947263583,-0.1020408163265306,1
-0.6666666666666666,0.0,-0.6412448963870272,-0.8775510204081632,0
0.6944444444444444,0.0,0.0310453740081657,-0.2653061224489796,0
0.25,-1.0,0.3927608482727502,0.8571428571428571,1
-0.3611111111111111,0.0,0.1361220244973422,0.3469387755102041,0
-0.3333333333333333,0.0,0.3209966214357247,0.0816326530612244,0
-0.0555555555555555,-1.0,-0.881640199412328,0.5102040816326531,1
0.1111111111111111,-1.0,-0.9678761266466374,-0.1836734693877551,1
0.8333333333333334,-1.0,0.580199632429815,-0.8367346938775511,1
-0.1111111111111111,-1.0,-0.4033037296268172,-0.6122448979591837,1
-0.4722222222222222,0.0,-0.185567917946009,-0.3877551020408163,0
-0.3888888888888889,-1.0,0.4105120670870613,0.1632653061224489,1
-0.0833333333333333,0.0,-0.354044922799256,0.2244897959183673,0
-0.9444444444444444,0.0,0.4243014515720779,0.979591836734694,0
-0.3888888888888889,0.0,0.1306414870084849,0.8367346938775511,0
-0.8055555555555556,0.0,-0.7112703181573068,0.4285714285714285,0
-0.4444444444444444,-1.0,-0.7258960898896188,0.0204081632653061,1
-0.5277777777777778,-1.0,0.4438024805484939,-0.3673469387755102,1
-0.5555555555555556,-1.0,0.1112725191763786,0.1224489795918367,1
0.9722222222222222,0.0,0.5328116918133096,-0.7755102040816326,0
-0.3888888888888889,0.0,-0.5002806299316583,-0.1020408163265306,0
0.5833333333333334,-1.0,-0.855822245699759,0.5306122448979592,1
-0.5277777777777778,0.0,0.8796372720569624,0.1632653061224489,0
0.4722222222222222,0.0,-0.9703632781978055,-0.3265306122448979,0
-0.8888888888888888,-1.0,0.8354187989038925,0.4489795918367347,1
-0.6388888888888888,-1.0,0.202812902373799,-0.0816326530612244,1
0.0,0.0,-0.9686354782264188,-0.7755102040816326,0
-0.4166666666666667,0.0,-0.3564110183014736,-0.5918367346938775,0
-0.3333333333333333,-1.0,0.2861654946240109,0.2857142857142857,1
-0.3333333333333333,-1.0,-0.6117072204430651,-0.5102040816326531,1
0.4722222222222222,-1.0,-0.4859630008694025,0.3877551020408163,1
-0.9722222222222222,0.0,-0.5189892920422156,-0.0816326530612244,0
0.1666666666666666,-1.0,-0.5674777421946361,0.2653061224489796,1
0.3888888888888889,-1.0,-0.1633706406066008,0.8163265306122449,1
0.6388888888888888,-1.0,0.0737781592877502,0.6530612244897959,1
0.2777777777777778,0.0,0.7228146631890565,0.4081632653061224,0
-0.9722222222222222,0.0,0.7839919882905786,0.2244897959183673,0
0.6944444444444444,0.0,0.7741424279441381,-0.0612244897959183,0
-0.9444444444444444,0.0,-0.4896717180054365,-0.7142857142857143,0
0.5277777777777778,-1.0,-0.1605863514807355,-0.2244897959183673,1
-0.5,0.0,-0.42751493941695,0.7755102040816326,0
0.4722222222222222,0.0,-0.6677451660118635,-0.5714285714285714,0
0.7222222222222222,0.0,0.759362584876798,-0.1428571428571428,0
0.3055555555555556,-1.0,-0.6024299250553006,-0.5918367346938775,1
-0.5277777777777778,-1.0,0.799817315417038,0.7346938775510204,1
-0.6944444444444444,0.0,0.7781702928455875,-0.5714285714285714,0
0.9166666666666666,-1.0,0.6671398857671101,0.1632653061224489,1
0.6944444444444444,0.0,-0.3310332684032707,0.1836734693877551,0
-0.2222222222222222,-1.0,-0.7127229907447148,0.0204081632653061,1
-0.3333333333333333,-1.0,0.7372753584909814,-0.7346938775510204,1
0.0555555555555555,-1.0,-0.5202218627224405,0.8163265306122449,1
0.2777777777777778,0.0,-0.4603431388732983,0.4285714285714285,0
-0.0833333333333333,0.0,-0.7330383967777081,0.7346938775510204,0
0.7222222222222222,0.0,-0.2636710797099056,-0.4897959183673469,0
0.8333333333333334,-1.0,-0.13057545643633,0.2448979591836734,1
-0.7777777777777778,0.0,-0.9428615448952864,-0.7959183673469388,0
0.1388888888888889,0.0,0.6433248594099068,-0.1632653061224489,0
0.7222222222222222,0.0,-0.0070542661252159,0.7755102040816326,0
0.9722222222222222,0.0,0.0968778544466087,-0.8775510204081632,0
-0.8888888888888888,0.0,-0.1270978463028382,0.4285714285714285,0
-0.5277777777777778,-1.0,-0.5827858298392156,-0.7755102040816326,1
-0.1388888888888889,-1.0,0.2703401674975513,0.4693877551020408,1
0.1666666666666666,-1.0,-0.4821552378751362,0.2244897959183673,1
0.0277777777777777,-1.0,-0.7888012149625276,0.3061224489795918,1
-0.25,-1.0,-0.2198818052758427,0.2244897959183673,1
-0.8333333333333334,0.0,0.1933265101742106,0.6326530612244898,0
0.8055555555555556,0.0,-0.8506498508809579,0.8979591836734694,0
0.0,-1.0,-0.7365600272926365,0.7142857142857143,1
-0.3888888888888889,-1.0,-0.9097031925781636,-0.673469387755102,1
0.75,0.0,0.3246172978088855,-0.979591836734694,0
0.9722222222222222,0.0,0.8339661263164845,0.2040816326530612,0
0.5833333333333334,0.0,-0.6472426733577646,0.7142857142857143,0
-0.4722222222222222,0.0,0.4996313293054684,0.0408163265306122,0
-0.7222222222222222,0.0,0.5485159628908185,-1.020408163265306,0
-0.7777777777777778,0.0,0.8754663409158441,0.5510204081632653,0
-0.6666666666666666,-1.0,0.5776684604972102,-0.8163265306122449,1
-0.6666666666666666,0.0,-0.7707528585735195,0.0816326530612244,0
0.5555555555555556,-1.0,-0.5042754795470302,-0.6530612244897959,1
-0.0277777777777777,0.0,0.9181661109093512,0.8163265306122449,0
-0.3055555555555556,-1.0,-0.1787447588233352,0.0612244897959183,1
-0.2222222222222222,-1.0,0.2637481153774197,-0.0408163265306122,1
0.1666666666666666,0.0,-0.9013283150098496,0.5102040816326531,0
1.0,0.0,0.5620192148964971,-0.0408163265306122,0
0.8333333333333334,-1.0,-0.7183135791871637,-0.4081632653061224,1
-0.0555555555555555,-1.0,-0.709751614997744,-0.7142857142857143,1
0.1944444444444444,-1.0,0.8845785598732213,-1.020408163265306,1
0.2222222222222222,0.0,-0.925649575753574,0.7142857142857143,0
-0.6666666666666666,-1.0,0.7089702532272442,0.3469387755102041,1
-0.4166666666666667,0.0,0.9109467683537478,0.6326530612244898,0
0.5277777777777778,-1.0,-0.1986089559466032,0.0612244897959183,1
0.2222222222222222,-1.0,-0.0580738882102413,-0.5510204081632653,1
-0.75,-1.0,-0.5759406605258235,-0.8163265306122449,1
-0.8888888888888888,0.0,0.4272508171283304,-0.7142857142857143,0
-0.6111111111111112,-1.0,-0.386267842010851,-0.6938775510204082,1
-0.5277777777777778,0.0,0.7926309881475123,1.0,0
0.9722222222222222,-1.0,-0.0904288685661461,-0.8775510204081632,1
-0.4166666666666667,0.0,-0.1956485852949915,0.673469387755102,0
0.8888888888888888,0.0,-0.4530357555548219,0.0,0
0.25,-1.0,0.0384407980895154,0.3673469387755102,1
-0.75,0.0,0.0304510988587716,-0.1020408163265306,0
0.5277777777777778,0.0,-0.2521927652503108,0.2448979591836734,0
-0.2777777777777778,0.0,-0.3567631813529664,0.5510204081632653,0
1.0,0.0,0.3999801908283535,-0.5918367346938775,0
0.5555555555555556,-1.0,-0.4315317992230402,0.1020408163265306,1
-0.3611111111111111,-1.0,0.3175300163975921,0.6122448979591837,1
-0.4166666666666667,-1.0,-0.0535507940176301,1.0,1
-0.6666666666666666,0.0,0.4132303256407716,-0.1020408163265306,0
-0.1111111111111111,0.0,-0.1883742172625925,-0.6938775510204082,0
-0.5555555555555556,-1.0,-0.6993958202647826,-0.1836734693877551,1
0.1666666666666666,-1.0,-0.3560698603453399,0.6326530612244898,1
-0.5555555555555556,-1.0,-0.8369595122541736,0.0612244897959183,1
-0.9444444444444444,-1.0,0.7116224812087997,-0.2448979591836734,1
0.3055555555555556,-1.0,-0.8512221158396337,0.7959183673469388,1
0.0,0.0,-0.1808577371322922,0.3061224489795918,0
0.5833333333333334,-1.0,0.5697117765525438,-0.6938775510204082,1
0.0,-1.0,-0.7639186943554865,-0.3877551020408163,1
0.3055555555555556,-1.0,-0.4925880682756116,-0.3673469387755102,1
-0.1111111111111111,0.0,0.3747234969791013,0.3877551020408163,0
0.8611111111111112,-1.0,0.449844277900668,0.0408163265306122,1
0.4722222222222222,0.0,-0.2278384892205091,-0.7755102040816326,0
0.5833333333333334,-1.0,0.0020799630228795,-0.6326530612244898,1
0.4444444444444444,-1.0,-0.0481362871009277,-0.0612244897959183,1
-0.1666666666666666,0.0,-0.6719931328204959,-0.7551020408163265,0
-0.9722222222222222,0.0,-0.6652690195560544,-0.1632653061224489,0
0.9722222222222222,-1.0,0.5797044031386532,-0.7346938775510204,1
0.8055555555555556,0.0,-0.3795987542232053,0.0408163265306122,0
0.5833333333333334,0.0,0.9272893349620874,-0.9387755102040816,0
0.9444444444444444,-1.0,-0.451010818008738,0.0204081632653061,1
-0.7777777777777778,0.0,-0.4067593295695907,-0.3877551020408163,0
-0.25,0.0,-0.0709498497804483,0.2653061224489796,0
-0.9166666666666666,0.0,0.2749072820715991,0.4897959183673469,0
-0.9444444444444444,0.0,0.4108752352339133,-0.7346938775510204,0
-0.1388888888888889,0.0,-0.1421528167541571,-0.4285714285714285,0
0.3055555555555556,-1.0,0.6658522896100895,0.5918367346938775,1
0.9166666666666666,0.0,-0.0069442151716244,-0.2244897959183673,0
-0.4722222222222222,0.0,-0.4790628060792147,0.3061224489795918,0
0.5833333333333334,0.0,0.1613897234419536,0.3877551020408163,0
0.6944444444444444,-1.0,0.5842605126173418,-0.5102040816326531,1
-0.9166666666666666,0.0,-0.6790033785642753,0.1224489795918367,0
-0.1111111111111111,-1.0,0.2310189617793038,-0.6530612244897959,1
0.9722222222222222,0.0,-0.7584711721527067,-0.5102040816326531,0
1.0,0.0,-0.2059273443604388,0.8163265306122449,0
-0.7222222222222222,0.0,0.7364279661483267,0.4489795918367347,0
0.5833333333333334,0.0,-0.3645437837718864,0.8979591836734694,0
-0.75,0.0,-0.5913808093147127,0.3061224489795918,0
0.6111111111111112,-1.0,-0.3489165483618915,-0.8775510204081632,1
0.6111111111111112,-1.0,0.1245666743702334,0.4897959183673469,1
-0.1666666666666666,-1.0,-0.5300714230688809,0.3673469387755102,1
0.1944444444444444,0.0,0.0394972872439939,-0.2857142857142857,0
0.3611111111111111,-1.0,-0.0020029273553655,-0.2857142857142857,1
0.5277777777777778,-1.0,0.9917461784806364,0.4489795918367347,1
-0.5833333333333334,0.0,-0.7696523490376044,-0.3469387755102041,0
0.8888888888888888,-1.0,0.2725962120461774,-0.2653061224489796,1
0.1944444444444444,-1.0,-0.4623020458472273,-0.9387755102040816,1
-0.1111111111111111,0.0,0.5811570757260611,-0.6122448979591837,0
0.3611111111111111,0.0,0.4826944875477346,0.6122448979591837,0
-0.8333333333333334,-1.0,0.1556230534737583,-0.3673469387755102,1
-0.0555555555555555,0.0,0.7016298546226903,-0.7755102040816326,0
-0.8055555555555556,-1.0,-0.9224250828133426,-0.7346938775510204,1
-0.0555555555555555,0.0,0.7977373523941585,-0.4489795918367347,0
-0.9722222222222222,0.0,-0.0225274302001826,-0.8979591836734694,0
-0.75,0.0,-0.1092695918210131,-0.0204081632653061,0
0.75,-1.0,-0.0645668944721406,0.3673469387755102,1
-0.6388888888888888,0.0,0.9521388402830512,-0.4081632653061224,0
0.8611111111111112,0.0,-0.2541846875103172,-0.5510204081632653,0
-0.9722222222222222,0.0,-0.5462709234375516,0.9591836734693876,0
-0.5277777777777778,0.0,-0.5550419844387952,-0.2244897959183673,0
-0.9166666666666666,-1.0,0.4007725576942124,-0.9591836734693876,1
-0.4166666666666667,-1.0,0.333817557529136,-0.2653061224489796,1
0.7777777777777778,-1.0,-0.0613093862458318,0.8367346938775511,1
0.7777777777777778,0.0,-0.5626244951412503,0.2448979591836734,0
0.4166666666666667,-1.0,0.0087930711919618,0.1224489795918367,1
-0.25,-1.0,0.2419800367570185,0.979591836734694,1
-0.75,-1.0,-0.3387258300593174,-0.2653061224489796,1
-0.2222222222222222,0.0,0.7367801291998195,-0.8775510204081632,0
1.0,0.0,-0.0558068385662561,-0.8571428571428571,0
0.5555555555555556,-1.0,0.7866552213674931,0.1020408163265306,1
0.0833333333333333,-1.0,0.1873507433941915,-0.9591836734693876,1
-0.6111111111111112,0.0,0.6239668966731596,-0.7959183673469388,0
-0.4722222222222222,-1.0,-0.337240142185832,-0.5306122448979592,1
0.75,-1.0,-0.5293781020612544,0.4285714285714285,1
-0.7777777777777778,0.0,0.737473450207446,-0.8775510204081632,0
-0.9722222222222222,-1.0,-0.941805055740808,0.8163265306122449,1
-0.75,0.0,0.987850374723497,-0.0612244897959183,0
0.1111111111111111,0.0,-0.8384782154137366,-0.2244897959183673,0
0.3333333333333333,-1.0,-0.917582840855316,0.3265306122448979,1
-0.1944444444444444,-1.0,-0.4055707792708024,0.5510204081632653,1
0.5277777777777778,0.0,-0.4663409158440358,-0.6122448979591837,0
-0.8333333333333334,0.0,0.7526274665169974,0.1632653061224489,0
0.75,-1.0,-0.57300230006493,-0.7755102040816326,1
0.2777777777777778,-1.0,0.5900491927762554,-0.8163265306122449,1
0.6388888888888888,0.0,-0.6786402104174233,0.3469387755102041,0
0.6388888888888888,0.0,0.8325684792058723,0.3877551020408163,0
0.8888888888888888,0.0,0.5778885624043932,-0.9387755102040816,0
-0.5277777777777778,-1.0,0.9124324562272332,0.4897959183673469,1
0.4444444444444444,0.0,-0.0546843188396227,-0.3877551020408163,0
-0.3611111111111111,0.0,0.4097197002212024,-0.1836734693877551,0
-0.1666666666666666,0.0,-0.6292053220641157,0.2653061224489796,0
-0.1944444444444444,-1.0,0.702697348872528,0.6938775510204082,1
0.2777777777777778,0.0,-0.5152585647154633,0.6122448979591837,0
0.3333333333333333,0.0,0.906170556967876,-0.9387755102040816,0
-0.3055555555555556,-1.0,0.0099926265861093,0.1632653061224489,1
-0.0555555555555555,-1.0,0.1689062035722539,0.5714285714285714,1
0.3888888888888889,-1.0,-0.0135582774824743,-0.8979591836734694,1
-0.3055555555555556,0.0,-0.2575632517855767,0.0612244897959183,0
-0.7222222222222222,-1.0,0.706119933529224,0.2448979591836734,1
-0.9444444444444444,-1.0,0.0426447445167112,-0.5102040816326531,1
-0.7777777777777778,0.0,0.716299646736439,0.7142857142857143,0
-0.6111111111111112,0.0,0.0570614194371994,-0.6530612244897959,0
-0.7777777777777778,-1.0,-0.1885613038836981,1.0,1
-0.4722222222222222,-1.0,-0.295486810393212,0.8979591836734694,1
-0.4722222222222222,-1.0,0.1053077574917186,0.0,1
0.2777777777777778,-1.0,-0.6120263682084806,-0.3877551020408163,1
-0.7222222222222222,0.0,-0.7137244544223976,-0.3061224489795918,0
-0.9722222222222222,0.0,-0.4701046584568655,0.0408163265306122,0
-0.4166666666666667,-1.0,0.7411601571527617,-0.5510204081632653,1
0.8055555555555556,-1.0,-0.1910924758163029,-0.979591836734694,1
-0.1111111111111111,-1.0,-0.3351601791629524,0.6122448979591837,1
-0.1666666666666666,-1.0,-0.4519132358281884,0.6938775510204082,1
-0.1944444444444444,0.0,0.9743581278131777,-0.4693877551020408,0
-0.3611111111111111,0.0,-0.8110645228740907,0.7142857142857143,0
-1.0,-1.0,0.9229313171998637,-0.9183673469387756,1
-0.6111111111111112,0.0,0.2792432896431047,-0.5510204081632653,0
0.0833333333333333,0.0,0.9497287243993968,0.2040816326530612,0
-0.2777777777777778,0.0,0.6021107772898853,0.9387755102040816,0
-0.75,0.0,0.2086125876280718,0.7959183673469388,0
-0.3888888888888889,-1.0,-0.0911441997644909,0.7959183673469388,1
-0.1388888888888889,0.0,0.835605885524998,0.9387755102040816,0
-0.9444444444444444,-1.0,0.2541296620335215,0.2653061224489796,1
0.0555555555555555,-1.0,0.9596002949365556,0.7551020408163265,1
-0.9444444444444444,-1.0,-0.1191191521674535,-0.7142857142857143,1
-0.9444444444444444,-1.0,0.4913885128814641,0.1632653061224489,1
1.0,-1.0,0.0116323857946229,0.6530612244897959,1
-0.0555555555555555,0.0,-0.2000836387247295,0.7755102040816326,0
0.9722222222222222,0.0,0.8771501205057942,-0.5918367346938775,0
0.0,0.0,-0.1398307416333762,-0.9387755102040816,0
-0.9444444444444444,-1.0,-0.548119779457889,-0.6530612244897959,1
-0.4444444444444444,-1.0,0.7123928378839403,0.0816326530612244,1
-0.4722222222222222,0.0,-0.5209702092068628,-0.4081632653061224,0
0.5833333333333334,-1.0,-0.2489792774054387,-0.8775510204081632,1
-0.9722222222222222,-1.0,-0.5544587143847601,-0.0408163265306122,1
0.8888888888888888,0.0,0.3488725279804549,0.0,0
-0.0555555555555555,-1.0,0.1261844233880286,-0.9387755102040816,1
-0.8611111111111112,-1.0,-0.1078939549011192,0.6122448979591837,1
-0.8888888888888888,0.0,-0.7478622602264848,0.8775510204081632,0
-0.2222222222222222,-1.0,-0.7431520794127681,0.1632653061224489,1
-0.1666666666666666,-1.0,-0.653592613379995,-0.673469387755102,1
0.6111111111111112,-1.0,-0.92972146103646,0.1836734693877551,1
-0.3333333333333333,-1.0,0.532404503285021,0.0612244897959183,1
0.3055555555555556,0.0,0.6718830818669044,0.6530612244897959,0
0.9444444444444444,-1.0,0.7453310882938801,0.7142857142857143,1
0.5555555555555556,-1.0,-0.7496781009607448,-0.3673469387755102,1
0.3055555555555556,0.0,0.6854853797308154,1.0,0
-0.6666666666666666,-1.0,-0.1409532613600096,-0.4897959183673469,1
-0.3333333333333333,-1.0,0.1013899435438608,-0.3061224489795918,1
0.9166666666666666,-1.0,0.6834384319940132,-0.7551020408163265,1
-0.8333333333333334,-1.0,0.3945216635302145,0.979591836734694,1
-0.5555555555555556,0.0,-0.5948804296389228,0.9591836734693876,0
0.25,-1.0,0.7771027985957498,-0.4693877551020408,1
-0.6111111111111112,-1.0,0.021757073525042,-0.3265306122448979,1
0.8055555555555556,-1.0,-0.7971870976262009,0.0,1
-0.2222222222222222,-1.0,-0.0298017982325816,-0.3469387755102041,1
0.3611111111111111,-1.0,-0.5114397966258377,0.0816326530612244,1
0.4444444444444444,0.0,-0.7686288751692033,0.9183673469387756,0
0.3611111111111111,-1.0,-0.0390900987157053,0.2653061224489796,1
0.3888888888888889,0.0,-0.2507731079489804,-0.4897959183673469,0
-0.6666666666666666,-1.0,-0.8128473483222732,0.3265306122448979,1
-0.5555555555555556,-1.0,0.8826856834714473,-0.0408163265306122,1
0.6666666666666666,-1.0,-0.0904618838522235,-0.2040816326530612,1
1.0,-1.0,0.8567906940913643,0.3265306122448979,1
-0.6388888888888888,-1.0,0.7097736251884622,-0.7551020408163265,1
-0.0277777777777777,0.0,0.8614898698097219,-0.7346938775510204,0
-0.5,0.0,0.8913687037098177,0.4285714285714285,0
0.9166666666666666,0.0,0.7121287155953206,-0.2040816326530612,0
-0.4444444444444444,0.0,-0.6885778115267369,-0.1020408163265306,0
-0.9166666666666666,-1.0,-0.233363047090803,0.6122448979591837,1
-0.25,-1.0,-0.5515643743053034,0.1632653061224489,1
0.2222222222222222,-1.0,-0.4174452771633266,0.7755102040816326,1
0.1666666666666666,-1.0,-0.7966258377628842,-0.1020408163265306,1
-0.4722222222222222,0.0,0.46628589036724,0.5306122448979592,0
-0.1944444444444444,0.0,-0.6496637943367779,0.8979591836734694,0
-0.3333333333333333,0.0,0.1181507037758482,-0.6530612244897959,0
0.8611111111111112,-1.0,0.3272585206950818,0.7959183673469388,1
0.7222222222222222,-1.0,0.4546204892865396,0.3877551020408163,1
0.5555555555555556,-1.0,0.1119768452793643,0.6122448979591837,1
0.0277777777777777,-1.0,-0.6470996071180957,0.9387755102040816,1
-0.5277777777777778,0.0,0.0908140469037164,-0.3673469387755102,0
0.5,-1.0,0.8373887109731806,-0.5918367346938775,1
1.0,0.0,-0.9550882058393037,0.0,0
0.5833333333333334,0.0,0.4876137651732752,0.8367346938775511,0
0.25,0.0,-0.3236048290358436,-0.3265306122448979,0
-0.5,0.0,-0.4956364796900965,-0.1020408163265306,0
-0.3055555555555556,-1.0,-0.8765998657378367,-1.020408163265306,1
0.3055555555555556,-1.0,-0.5158528398648574,-0.4285714285714285,1
0.3333333333333333,-1.0,0.6174298700298239,-0.0204081632653061,1
-0.0277777777777777,0.0,0.6274335017112923,0.9387755102040816,0
0.6111111111111112,-1.0,-0.0528354628192853,-0.3469387755102041,1
0.1944444444444444,-1.0,-0.2377540801391044,-0.2040816326530612,1
0.6944444444444444,0.0,0.7305842605126174,0.8367346938775511,0
-0.7777777777777778,0.0,0.8723518989292042,0.6530612244897959,0
-0.4722222222222222,-1.0,0.8006206873782561,0.3469387755102041,1
0.9444444444444444,0.0,0.9194427019710126,-0.0816326530612244,0
-0.2777777777777778,0.0,0.2915689964453542,-0.979591836734694,0
0.75,-1.0,-0.3940154291436935,-0.979591836734694,1
-0.3055555555555556,0.0,0.4634905961460156,-0.4897959183673469,0
-0.3333333333333333,-1.0,-0.9376341245996896,0.2448979591836734,1
-0.0833333333333333,-1.0,0.9435328557121948,0.1020408163265306,1
-0.5833333333333334,-1.0,-0.8991603112240968,-0.0204081632653061,1
-0.5833333333333334,-1.0,0.2173946537246745,0.2448979591836734,1
-0.8888888888888888,0.0,-0.8008187790947209,0.0816326530612244,0
0.0277777777777777,-1.0,0.4957135153576106,-0.8775510204081632,1
-0.1944444444444444,0.0,-0.6782550320798529,0.3877551020408163,0
0.1111111111111111,-1.0,0.8034930172669946,-0.0204081632653061,1
0.9444444444444444,-1.0,0.2625705701739905,-0.7142857142857143,1
-0.6666666666666666,-1.0,0.3334984097637206,0.6326530612244898,1
-0.6666666666666666,-1.0,0.0958103601967711,-1.020408163265306,1
0.7777777777777778,-1.0,0.0472558794721956,0.0204081632653061,1
0.4444444444444444,0.0,-0.3909670177292086,0.8571428571428571,0
0.0,-1.0,0.5660360747025873,-0.1632653061224489,1
-0.6388888888888888,0.0,0.0186866519198388,0.5306122448979592,0
0.2222222222222222,0.0,-0.8505508050227255,-0.8775510204081632,0
0.0,0.0,-0.2538545346495427,-0.4081632653061224,0
0.0,0.0,0.6493006261899259,0.9387755102040816,0
-0.3055555555555556,-1.0,-0.119086136881376,0.2244897959183673,1
0.6666666666666666,-1.0,0.6044548626013845,-1.020408163265306,1
0.9722222222222222,-1.0,0.8338780855536113,0.2448979591836734,1
0.5,0.0,0.0195340442624935,-0.979591836734694,0
-0.0833333333333333,-1.0,0.4985968503417082,0.1428571428571428,1
0.8888888888888888,0.0,0.0787964827715232,-0.5918367346938775,0
0.3888888888888889,0.0,0.8633607360207777,0.4897959183673469,0
0.4722222222222222,0.0,-0.1442878052538325,-0.5714285714285714,0
-0.1944444444444444,0.0,-0.9210164306073712,-0.4897959183673469,0
-0.5277777777777778,-1.0,0.4668251400398384,0.673469387755102,1
-1.0,0.0,-0.6241649883896244,-0.4693877551020408,0
-0.3611111111111111,-1.0,-0.9383274456073162,0.2244897959183673,1
-0.25,0.0,0.2881133965025807,0.4081632653061224,0
0.1388888888888889,0.0,0.8321612906775837,0.9591836734693876,0
0.5,-1.0,-0.1536201261183928,-1.020408163265306,1
0.1388888888888889,-1.0,0.9321976074922688,-0.3469387755102041,1
0.1111111111111111,-1.0,0.2902153697161786,0.7755102040816326,1
0.9444444444444444,0.0,-0.3195329437529576,-0.2040816326530612,0
-0.1944444444444444,-1.0,0.6340805793082197,-0.6122448979591837,1
1.0,0.0,0.9697910132391298,0.1020408163265306,0
-0.7777777777777778,-1.0,0.5125072908756755,0.9183673469387756,1
0.8888888888888888,-1.0,0.4248517063400354,0.1428571428571428,1
-0.9166666666666666,-1.0,-0.6734678155986221,0.4693877551020408,1
0.4444444444444444,-1.0,-0.7768606864978485,0.2448979591836734,1
0.9166666666666666,0.0,-0.7522863085608636,-0.5102040816326531,0
-0.9722222222222222,-1.0,-0.7487206576644987,-0.3265306122448979,1
-0.3333333333333333,-1.0,0.7192600173880507,0.1836734693877551,1
-0.4722222222222222,0.0,0.4381128462478127,1.0,0
0.4722222222222222,-1.0,0.5796383725664983,0.0204081632653061,1
-0.3611111111111111,-1.0,-0.9156239338813872,0.5714285714285714,1
-0.5833333333333334,0.0,0.0238810569293582,0.6530612244897959,0
-0.9166666666666666,-1.0,0.004875257244104,-0.6938775510204082,1
-0.1388888888888889,0.0,0.5114838170072744,1.0,0
0.3611111111111111,-1.0,-0.0017057897806684,-0.1836734693877551,1
0.3611111111111111,0.0,0.8516843298447181,0.5102040816326531,0
1.0,0.0,0.6643996170226815,0.1428571428571428,0
-1.0,-1.0,0.8104812528200557,0.4693877551020408,1
-0.1944444444444444,0.0,0.2559014823863448,0.673469387755102,0
0.75,-1.0,0.3937182915689964,-0.6530612244897959,1
-0.4722222222222222,-1.0,-0.6514246095942421,0.2653061224489796,1
-0.7222222222222222,0.0,-0.2111327544653174,-0.6530612244897959,0
-0.1388888888888889,-1.0,0.4136044988829828,-0.9387755102040816,1
0.7222222222222222,-1.0,0.6941794050645449,0.1224489795918367,1
-0.1111111111111111,0.0,-0.2760958323703875,0.3265306122448979,0
0.7777777777777778,0.0,0.7360537929061155,0.4489795918367347,0
0.75,-1.0,0.7748687642378421,-0.8163265306122449,1
0.75,-1.0,-0.5513662825888387,0.9387755102040816,1
0.1111111111111111,0.0,0.8834890554326653,0.0612244897959183,0
0.8611111111111112,-1.0,0.4445838423189936,0.5510204081632653,1
-1.0,-1.0,-0.1263274896276976,0.4489795918367347,1
0.2222222222222222,0.0,-0.7433281609385145,0.3673469387755102,0
0.3055555555555556,-1.0,0.9600074834648442,-0.1020408163265306,1
-0.6944444444444444,-1.0,0.5370376484312237,0.1020408163265306,1
-0.8333333333333334,-1.0,0.3983624418105583,-0.6938775510204082,1
-0.5,-1.0,-0.575610507665049,0.979591836734694,1
0.3333333333333333,-1.0,0.9549121243135572,0.3469387755102041,1
0.25,0.0,0.7441535430904509,-0.7346938775510204,0
0.0555555555555555,0.0,-0.1297940946658302,0.9183673469387756,0
-0.1666666666666666,-1.0,-0.8545896750195341,0.0816326530612244,1
-1.0,-1.0,0.4521553479260898,0.3877551020408163,1
-0.4444444444444444,-1.0,0.3092651897828695,-0.1224489795918367,1
0.4166666666666667,-1.0,0.7313326069970396,-0.6326530612244898,1
-0.8888888888888888,-1.0,-0.4297379686794986,0.1836734693877551,1
0.0277777777777777,-1.0,0.1745518174914985,-0.8163265306122449,1
0.2777777777777778,-1.0,0.4423167926750085,-1.0,1
-0.1111111111111111,-1.0,-0.702554282632859,-0.4489795918367347,1
0.4722222222222222,0.0,0.1683559488042963,-0.1836734693877551,0
-0.75,0.0,-0.3545181418996995,-0.9591836734693876,0
0.0,0.0,-0.1920829343986265,-0.7959183673469388,0
0.3888888888888889,-1.0,0.7653383516568171,0.2040816326530612,1
0.9722222222222222,-1.0,-0.1187009585438057,0.3061224489795918,1
0.4722222222222222,0.0,-0.701167640617606,0.5510204081632653,0
0.6388888888888888,-1.0,0.5589377881959348,0.1632653061224489,1
-0.1944444444444444,0.0,0.2523138212992615,-0.3061224489795918,0
-0.2222222222222222,0.0,0.9822597862810482,-0.7551020408163265,0
0.5555555555555556,-1.0,0.0263792135758856,-0.6122448979591837,1
0.0277777777777777,0.0,-0.4597598688192633,0.8775510204081632,0
-0.8611111111111112,0.0,-0.0826042457657895,-0.2244897959183673,0
-0.7222222222222222,-1.0,0.0910451539062586,0.5714285714285714,1
-0.8055555555555556,-1.0,-0.3360295816963254,-0.4489795918367347,1
0.2222222222222222,-1.0,0.926375912047278,0.1428571428571428,1
-0.1111111111111111,0.0,0.5675767880528685,0.2040816326530612,0
0.8055555555555556,-1.0,-0.143308351766868,-0.6938775510204082,1
-0.6944444444444444,0.0,-0.821640419514235,0.979591836734694,0
-0.6666666666666666,-1.0,0.2239206752726512,0.2244897959183673,1
0.1388888888888889,0.0,0.9002057952832161,0.8163265306122449,0
0.1111111111111111,0.0,-0.600570063939604,-0.3469387755102041,0
-0.0555555555555555,-1.0,0.4108202097571175,0.5714285714285714,1
0.6944444444444444,-1.0,-0.1806926607019049,-0.0408163265306122,1
1.0,0.0,0.033609561226848,0.8367346938775511,0
-0.6666666666666666,-1.0,-0.5275952766130718,0.5102040816326531,1
0.0833333333333333,-1.0,-0.9278836101114816,-0.3265306122448979,1
0.8055555555555556,-1.0,0.5624924339969406,0.3673469387755102,1
-0.2777777777777778,-1.0,-0.1791299371609055,-0.0408163265306122,1
0.9722222222222222,-1.0,-0.7296708375978078,0.1632653061224489,1
0.8055555555555556,-1.0,-0.5701189650808324,-0.5918367346938775,1
-0.0277777777777777,-1.0,-0.2307218242046067,0.5102040816326531,1
-0.6944444444444444,0.0,0.3999471755422761,-0.9387755102040816,0
-0.75,-1.0,0.516546160872484,0.1020408163265306,1
-0.5,-1.0,-0.7161455754014109,0.5510204081632653,1
0.4722222222222222,0.0,0.0537268755433765,0.5918367346938775,0
-0.1666666666666666,-1.0,-0.3750536498398759,1.0,1
0.4166666666666667,-1.0,0.4082120021569987,0.2448979591836734,1
-0.1111111111111111,-1.0,-0.9661483266752506,-0.979591836734694,1
0.6944444444444444,0.0,0.3663926397922238,0.3061224489795918,0
-0.4722222222222222,0.0,0.4441876588860642,-0.6530612244897959,0
0.1944444444444444,0.0,-0.8723849142152816,0.1020408163265306,0
-0.4444444444444444,0.0,0.933947417654374,-0.673469387755102,0
-0.75,-1.0,0.1772590709498497,0.6122448979591837,1
0.5555555555555556,-1.0,0.7028624253029152,0.5306122448979592,1
-0.8611111111111112,-1.0,0.072963782231173,0.5102040816326531,1
0.9444444444444444,-1.0,-0.9011962538655396,-0.4897959183673469,1
0.4722222222222222,0.0,-0.3599436539117611,-0.8775510204081632,0
0.9722222222222222,-1.0,-0.4474561722077322,-0.9387755102040816,1
-0.0833333333333333,0.0,-0.1364081569766802,0.8571428571428571,0
-0.4166666666666667,-1.0,-0.7615525988532691,-0.9591836734693876,1
0.9166666666666666,0.0,-0.9196628038781955,0.4897959183673469,0
-0.3055555555555556,0.0,-0.1772810811405681,0.5306122448979592,0
-0.8611111111111112,0.0,-0.6709916691428132,-0.1836734693877551,0
-0.1111111111111111,0.0,-0.7161345703060517,-0.0612244897959183,0
-0.5833333333333334,0.0,0.8869226451847205,0.5714285714285714,0
0.0277777777777777,-1.0,0.7502833812054982,0.8163265306122449,1
-0.7777777777777778,-1.0,-0.0156822608867905,0.979591836734694,1
-0.25,0.0,-0.4827054926430937,-0.0816326530612244,0
0.0,0.0,-0.6949497617396855,-0.7551020408163265,0
-0.7222222222222222,0.0,0.1313127978253931,0.1224489795918367,0
-1.0,0.0,0.4739894571186459,-0.7755102040816326,0
0.4166666666666667,-1.0,0.268568347144728,0.0408163265306122,1
-0.8611111111111112,0.0,-0.2445002035942641,0.3673469387755102,0
-0.25,-1.0,0.4924670122266609,-0.4081632653061224,1
0.5833333333333334,0.0,0.0927179284008496,0.6122448979591837,0
-0.9722222222222222,0.0,0.0136463182453475,0.2653061224489796,0
0.4722222222222222,0.0,0.1775121881431102,-0.3265306122448979,0
0.8888888888888888,-1.0,-0.9465702620313206,0.5918367346938775,1
0.8611111111111112,-1.0,-0.3080766394840811,-0.1428571428571428,1
-0.5,0.0,-0.9578284745837322,-0.8367346938775511,0
-0.1111111111111111,-1.0,-0.7689260127439004,-0.3469387755102041,1
0.75,-1.0,-0.6152288509579935,-0.3877551020408163,1
-0.8055555555555556,-1.0,0.0372742579814454,-0.7755102040816326,1
-0.8055555555555556,0.0,-0.8364532778676528,-0.4285714285714285,0
0.8611111111111112,-1.0,0.1806816556065458,0.5714285714285714,1
-0.9166666666666666,-1.0,0.4445948474143528,-0.1428571428571428,1
-0.1666666666666666,-1.0,0.6426425434976394,-0.4897959183673469,1
-0.1666666666666666,-1.0,0.0257959435218506,0.2040816326530612,1
0.0,0.0,0.6103976140953261,-0.6938775510204082,0
-0.2222222222222222,-1.0,-0.1775011830477511,-0.6326530612244898,1
0.1388888888888889,-1.0,-0.7256759879824358,-0.2244897959183673,1
0.3888888888888889,0.0,0.8166771215072579,-0.7959183673469388,0
-0.4166666666666667,-1.0,0.6553204133513817,0.6326530612244898,1
-0.6388888888888888,-1.0,0.8341972333190267,-0.6530612244897959,1
0.6111111111111112,0.0,-0.9579055102512464,-0.7551020408163265,0
0.4166666666666667,0.0,0.8713064148700849,-0.5918367346938775,0
0.6944444444444444,-1.0,-0.937942267269746,-0.1632653061224489,1
0.7777777777777778,-1.0,-0.8811119548350886,0.7142857142857143,1
0.3055555555555556,0.0,-0.8167101367933353,0.5102040816326531,0
-0.1666666666666666,0.0,0.9817095315130906,-0.1836734693877551,0
-0.8611111111111112,-1.0,-0.4215061573508534,0.4081632653061224,1
-0.6944444444444444,-1.0,-0.1153884248407012,0.2653061224489796,1
0.8611111111111112,-1.0,0.3073172879042997,-0.6326530612244898,1
-0.4722222222222222,-1.0,0.5636369639142923,0.8571428571428571,1
0.9722222222222222,-1.0,-0.1223216349169665,-0.3673469387755102,1
-0.2777777777777778,-1.0,0.0447907381117457,-0.4693877551020408,1
0.5833333333333334,0.0,0.8573629590500401,-0.1836734693877551,0
0.5555555555555556,0.0,-0.8851068044504605,0.4081632653061224,0
0.9722222222222222,-1.0,-0.9255615349907008,-0.5306122448979592,1
-0.0555555555555555,0.0,0.6953349400772557,-0.979591836734694,0
0.4444444444444444,0.0,-0.4223425445981489,0.2653061224489796,0
0.5277777777777778,-1.0,0.2149185072688655,-0.2448979591836734,1
0.5555555555555556,0.0,0.0888661450251466,0.8367346938775511,0
0.0,-1.0,0.2715617330824171,0.1224489795918367,1
-0.8888888888888888,-1.0,0.7243993969207743,0.0816326530612244,1
-0.8611111111111112,0.0,-0.1143209305908635,0.2857142857142857,0
0.1666666666666666,0.0,0.3571153444044592,0.8571428571428571,0
0.4166666666666667,0.0,-0.4607503274015869,0.9183673469387756,0
-0.7222222222222222,0.0,0.0426007241352746,0.5510204081632653,0
0.4166666666666667,-1.0,-0.1470941045704161,-0.2653061224489796,1
-0.1666666666666666,-1.0,0.1536531414044702,-0.2040816326530612,1
0.9722222222222222,-1.0,-0.1264925660580849,-0.7959183673469388,1
-0.6388888888888888,-1.0,-0.8892667304962197,0.1836734693877551,1
0.9166666666666666,-1.0,0.9891379708805176,-0.979591836734694,1
-0.25,0.0,0.0397724146279727,0.1224489795918367,0
0.9444444444444444,-1.0,-0.7940506454488429,0.8775510204081632,1
0.5555555555555556,0.0,-0.7680786204012457,-0.8571428571428571,0
0.7777777777777778,0.0,-0.4747378036030682,-0.4693877551020408,0
0.7222222222222222,-1.0,-0.3181242915469862,0.6122448979591837,1
-0.4166666666666667,0.0,-0.187317728108114,-0.3469387755102041,0
-0.7222222222222222,0.0,-0.9720910781691924,-0.1224489795918367,0
-0.4722222222222222,-1.0,0.3940814597158484,-0.5102040816326531,1
0.0555555555555555,-1.0,-0.1341631175234133,0.6530612244897959,1
-0.3055555555555556,-1.0,0.3361286275545577,0.5306122448979592,1
-1.0,0.0,-0.8408333058205949,-0.9591836734693876,0
0.8888888888888888,0.0,0.3084177974402148,-0.8367346938775511,0
0.0833333333333333,-1.0,0.5052769432247131,0.4489795918367347,1
0.3055555555555556,0.0,-0.1659898533020788,0.2448979591836734,0
0.1111111111111111,-1.0,0.2878162589278836,0.7551020408163265,1
0.1666666666666666,0.0,-0.7861709971716905,-0.5918367346938775,0
0.6666666666666666,-1.0,-0.409400552455787,-0.6530612244897959,1
-0.6944444444444444,-1.0,0.7017289004809226,-0.3673469387755102,1
0.7777777777777778,-1.0,-0.9276745132996578,0.6938775510204082,1
-0.2777777777777778,-1.0,0.8474803834175223,-0.5714285714285714,1
1.0,-1.0,0.0008914127240912,0.2857142857142857,1
0.25,0.0,-0.3811834879549231,-0.4285714285714285,0
0.5277777777777778,0.0,0.9101103811064524,1.0,0
-0.25,0.0,-0.5454785565716926,0.2653061224489796,0
-0.8055555555555556,0.0,-0.0573145366304599,0.0816326530612244,0
-0.2777777777777778,-1.0,-0.5678849307229247,-0.7551020408163265,1
-0.9166666666666666,-1.0,-0.5408234012347717,-0.2448979591836734,1
0.6944444444444444,-1.0,-0.8801985319202791,0.0,1
0.9444444444444444,0.0,-0.4999834923569612,0.6326530612244898,0
-0.8611111111111112,-1.0,-0.7100267423817227,0.7551020408163265,1
-0.2777777777777778,-1.0,0.773845290369441,0.7551020408163265,1
-0.6666666666666666,-1.0,-0.5717477191939868,-0.5714285714285714,1
-0.4166666666666667,0.0,-0.6104966599535585,-0.4081632653061224,0
-0.0833333333333333,0.0,0.9943103656993189,0.2653061224489796,0
-0.3055555555555556,0.0,-0.89743251125271,0.1020408163265306,0
-0.0277777777777777,-1.0,-0.8237644029185512,0.8163265306122449,1
0.7777777777777778,0.0,0.9566069089988664,-0.0612244897959183,0
0.0277777777777777,0.0,-0.4621259643214808,-0.4081632653061224,0
0.8888888888888888,0.0,0.9636721802194416,-0.9387755102040816,0
0.4444444444444444,-1.0,0.153851233120935,-0.8163265306122449,1
0.5277777777777778,-1.0,-0.8772491663640265,-0.1428571428571428,1
-0.9722222222222222,0.0,0.815884754641399,-0.4489795918367347,0
0.2222222222222222,-1.0,0.6749424983767485,0.7959183673469388,1
0.0277777777777777,0.0,-0.2249771644271297,-0.0816326530612244,0
-0.0833333333333333,-1.0,0.6790914193271484,0.8775510204081632,1
0.3333333333333333,0.0,-0.921654726138202,-0.2448979591836734,0
-0.8611111111111112,-1.0,0.9497837498761926,-0.7346938775510204,1
0.9166666666666666,0.0,-0.291701057589664,0.7959183673469388,0
-0.4444444444444444,-1.0,0.1478424510548384,0.0612244897959183,1
-0.0833333333333333,0.0,0.9447434162017014,-0.3469387755102041,0
0.8055555555555556,0.0,0.8163469686464834,-0.1428571428571428,0
0.4722222222222222,-1.0,-0.0163095513222622,0.1428571428571428,1
0.75,0.0,-0.3767044141437485,-0.9387755102040816,0
-0.1111111111111111,0.0,-0.1217273597675723,0.0204081632653061,0
0.4722222222222222,0.0,-0.7856427525944513,-0.6122448979591837,0
-0.8055555555555556,-1.0,0.8245127494029736,-0.1836734693877551,1
0.6944444444444444,-1.0,0.7454411392474716,-1.0,1
-0.5,-1.0,-0.3515247559620104,0.0,1
-0.4166666666666667,0.0,-0.5718907854336558,0.4897959183673469,0
0.8888888888888888,-1.0,-0.8635918430233198,1.0,1
0.9444444444444444,0.0,-0.5432995476905808,0.5510204081632653,0
0.0833333333333333,-1.0,0.7642488472162611,0.3877551020408163,1
-0.2222222222222222,0.0,0.7089702532272442,-0.5510204081632653,0
0.6666666666666666,-1.0,0.1869985803426986,-0.6122448979591837,1
-0.9722222222222222,0.0,-0.5117149240098166,-0.0204081632653061,0
-0.5277777777777778,-1.0,-0.0455610947868863,0.8367346938775511,1
-0.8611111111111112,-1.0,0.9468233792245808,0.9183673469387756,1
-0.9444444444444444,-1.0,-0.2032861214742425,0.4897959183673469,1
-0.8055555555555556,-1.0,-0.1463127427999163,0.7346938775510204,1
0.5,-1.0,0.2337372203330142,-1.020408163265306,1
-0.4722222222222222,-1.0,0.380809314712712,-0.7959183673469388,1
-0.3888888888888889,-1.0,0.7655914688500776,0.1428571428571428,1
-0.5555555555555556,-1.0,-0.3004941287816259,0.0408163265306122,1
-0.3055555555555556,-1.0,0.5494844112824238,0.8571428571428571,1
0.1388888888888889,0.0,-0.5120120615845136,-0.5714285714285714,0
0.6111111111111112,-1.0,0.2420680775198917,0.2857142857142857,1
-0.25,-1.0,-0.2795294221224427,-0.0408163265306122,1
-0.3611111111111111,-1.0,0.3467595496714979,0.4897959183673469,1
0.9722222222222222,-1.0,0.0002311070025421,0.7142857142857143,1
0.2777777777777778,0.0,0.6747774219463611,-0.3877551020408163,0
-0.9166666666666666,0.0,-0.2271671784036008,-0.6938775510204082,0
-0.3611111111111111,-1.0,0.6124445618321283,0.4897959183673469,1
-0.4444444444444444,-1.0,-0.4657246305039233,0.6938775510204082,1
0.1111111111111111,0.0,0.8746739740499851,-0.8571428571428571,0
-0.6944444444444444,0.0,0.0230446696820627,-0.4489795918367347,0
-0.2777777777777778,-1.0,0.0446036514906401,0.1428571428571428,1
-0.2222222222222222,0.0,-0.5179548130784554,-0.979591836734694,0
0.5,0.0,0.4002993385937689,-0.0408163265306122,0
0.25,0.0,0.7285483178711744,0.3469387755102041,0
-0.75,0.0,0.3077905070047432,0.4489795918367347,0
-1.0,-1.0,0.6581927432401202,-0.0612244897959183,1
-0.1111111111111111,0.0,0.5312819835583875,1.0,0
0.1111111111111111,0.0,0.4212860554436704,-0.979591836734694,0
0.7777777777777778,-1.0,-0.941661989501139,0.7959183673469388,1
0.0555555555555555,-1.0,-0.7865561755092608,0.0816326530612244,1
0.0555555555555555,0.0,0.9234925770631802,0.6122448979591837,0
0.8888888888888888,0.0,0.1043613192908316,0.4897959183673469,0
1.0,0.0,0.9678981368373556,-0.3265306122448979,0
0.4444444444444444,-1.0,-0.1250068781845994,-0.4285714285714285,1
0.9722222222222222,-1.0,0.3880616725543926,0.2653061224489796,1
-0.1666666666666666,-1.0,0.6646417291205828,0.0204081632653061,1
-0.1944444444444444,0.0,0.1118447841350545,0.0408163265306122,0
-0.2777777777777778,0.0,0.269877953492467,-0.1428571428571428,0
0.5277777777777778,0.0,0.6422903804461466,-0.1428571428571428,0
-0.75,-1.0,0.0508985660360747,-0.5510204081632653,1
0.6388888888888888,-1.0,0.0049743031023363,-1.020408163265306,1
0.0277777777777777,0.0,-0.2183961174023573,-0.2653061224489796,0
-0.3055555555555556,-1.0,-0.3509524910033345,0.6122448979591837,1
0.8333333333333334,0.0,-0.2343865209592041,0.0,0
-0.7777777777777778,-1.0,-0.0957553347199753,-0.8163265306122449,1
0.6388888888888888,0.0,0.6681303443494337,-0.1836734693877551,0
0.1111111111111111,-1.0,0.5115608526747885,0.2653061224489796,1
-0.25,-1.0,0.3247603640485544,0.6938775510204082,1
-0.25,0.0,0.743361176224592,-0.8571428571428571,0
-0.1111111111111111,-1.0,-0.7203825371146841,-0.5102040816326531,1
-0.5833333333333334,0.0,0.9605577382328018,0.1020408163265306,0
0.6666666666666666,0.0,0.6680092883004831,-0.0816326530612244,0
0.3055555555555556,-1.0,-0.3465944732411106,0.4693877551020408,1
0.6944444444444444,0.0,-0.6207093884468509,-0.6938775510204082,0
-0.1666666666666666,0.0,0.5400530445596311,-0.7551020408163265,0
0.9444444444444444,0.0,-0.4604531898268899,-0.5102040816326531,0
0.1944444444444444,0.0,0.1226848030638185,0.0612244897959183,0
-0.2777777777777778,-1.0,0.873276326939373,0.5306122448979592,1
-0.5555555555555556,-1.0,-0.3689458219155469,-0.6122448979591837,1
-0.4444444444444444,-1.0,0.8897399495966632,-0.2244897959183673,1
0.5833333333333334,0.0,-0.1580771897388491,-0.5918367346938775,0
-1.0,-1.0,-0.764678045935268,0.0204081632653061,1
-0.5,0.0,0.4379587749127846,0.6530612244897959,0
-0.9166666666666666,0.0,-0.3927828584634686,0.8571428571428571,0
0.1666666666666666,-1.0,0.431806926607019,-0.6326530612244898,1
0.8888888888888888,0.0,-0.9775055850858948,-0.2040816326530612,0
-0.3888888888888889,-1.0,0.2471964519572562,0.8163265306122449,1
0.8055555555555556,-1.0,-0.6180461553699362,0.5918367346938775,1
0.6111111111111112,0.0,0.9608218605214214,-0.6530612244897959,0
-0.9722222222222222,0.0,0.8056170006713108,0.7551020408163265,0
-0.8333333333333334,0.0,0.86462632198708,0.0204081632653061,0
-0.3611111111111111,0.0,0.397471029086467,-0.5102040816326531,0
0.3611111111111111,0.0,0.3973059526560797,0.2244897959183673,0
0.3888888888888889,-1.0,0.7535518945271661,-0.5714285714285714,1
0.1388888888888889,0.0,0.0785103502921852,1.0,0
0.6944444444444444,-1.0,0.2857803162864406,0.3061224489795918,1
0.5833333333333334,-1.0,-0.905873419393179,0.0204081632653061,1
0.3055555555555556,0.0,-0.2749513024530357,0.9591836734693876,0
-0.3333333333333333,-1.0,0.6876093631351315,-0.6326530612244898,1
0.6666666666666666,-1.0,-0.6637503163964916,0.4081632653061224,1
-0.0277777777777777,-1.0,-0.0321678937347992,-0.1632653061224489,1
0.5,-1.0,-0.286759769773405,-0.4489795918367347,1
-0.5833333333333334,0.0,0.0076155259885326,0.7959183673469388,0
0.25,-1.0,0.6026280167717654,-0.0612244897959183,1
-0.8888888888888888,0.0,0.7028624253029152,0.8979591836734694,0
0.0555555555555555,-1.0,-0.4529917351733852,-0.8571428571428571,1
0.3888888888888889,0.0,-0.8984449800257519,0.5510204081632653,0
-0.0277777777777777,0.0,-0.6092640892733335,-0.6938775510204082,0
-0.0277777777777777,-1.0,0.0473879406165054,-0.9591836734693876,1
0.0555555555555555,0.0,-0.7926419932428714,0.7959183673469388,0
-0.8333333333333334,-1.0,-0.8805617000671311,0.7346938775510204,1
0.8888888888888888,-1.0,0.5591138697216811,-0.5306122448979592,1
0.7777777777777778,0.0,-0.142361913565981,-0.3061224489795918,0
0.0277777777777777,0.0,0.1027215600823181,-0.3265306122448979,0
-0.8611111111111112,-1.0,0.3153730177071984,0.3877551020408163,1
-0.6666666666666666,0.0,-0.2075340882828749,-0.8571428571428571,0
0.2777777777777778,0.0,0.5842164922359052,-0.1224489795918367,0
0.5833333333333334,0.0,-0.7938745639230964,0.9183673469387756,0
0.8055555555555556,-1.0,-0.5687323230655794,0.1224489795918367,1
0.8333333333333334,0.0,0.8729681842693167,0.0204081632653061,0
-0.5555555555555556,-1.0,-0.0654473021008727,0.8775510204081632,1
-0.9444444444444444,-1.0,0.6039376231195044,-0.7346938775510204,1
-0.1388888888888889,-1.0,0.8960348641420978,-0.8979591836734694,1
0.6388888888888888,0.0,-0.1588365413186305,-0.0612244897959183,0
-0.0555555555555555,-1.0,-0.1789868709212365,-0.9183673469387756,1
-1.0,0.0,-0.1448490651171492,0.5102040816326531,0
0.2222222222222222,-1.0,0.5088535992164372,0.6122448979591837,1
0.2777777777777778,-1.0,0.6175619311741336,0.8571428571428571,1
-0.9166666666666666,0.0,0.7761783705855811,-0.8775510204081632,0
-0.6388888888888888,-1.0,-0.1826515676758339,0.6326530612244898,1
0.2777777777777778,-1.0,0.5203759340574686,0.1632653061224489,1
-0.6388888888888888,-1.0,-0.0845631527397184,0.1632653061224489,1
-0.6666666666666666,-1.0,0.1943059636611751,0.5306122448979592,1
0.7222222222222222,-1.0,-0.0511736934200534,0.5918367346938775,1
0.0277777777777777,-1.0,0.6178480636534716,0.8367346938775511,1
-0.8055555555555556,-1.0,0.5217405658820033,-0.7551020408163265,1
-0.6111111111111112,-1.0,-0.3557066921984879,0.6122448979591837,1
0.9166666666666666,0.0,-0.893426656541979,0.8163265306122449,0
0.9722222222222222,-1.0,-0.4463116422903804,-0.979591836734694,1
-0.8055555555555556,-1.0,0.8759395600162876,-0.1428571428571428,1
0.25,0.0,0.456975579693398,-0.673469387755102,0
-0.9722222222222222,0.0,0.4908602683042248,0.3469387755102041,0
0.4166666666666667,-1.0,-0.2768221686640915,0.4693877551020408,1
1.0,-1.0,-0.935972355200458,0.6326530612244898,1
1.0,-1.0,0.856911750140315,-0.1020408163265306,1
-0.4444444444444444,0.0,0.7371212871559532,0.7551020408163265,0
-0.0555555555555555,-1.0,-0.5240736460981434,0.7346938775510204,1
0.1388888888888889,0.0,0.7717213069651249,0.1224489795918367,0
-0.0833333333333333,-1.0,-0.8951654616087248,-0.7142857142857143,1
-0.8055555555555556,0.0,0.758130014196573,-0.1428571428571428,0
0.8611111111111112,-1.0,-0.7072974787326533,-0.9591836734693876,1
0.3611111111111111,0.0,0.5220817238381371,0.5714285714285714,0
-0.6388888888888888,0.0,-0.6153719171976625,0.9183673469387756,0
0.1666666666666666,0.0,0.3624308054629293,0.6122448979591837,0
-0.9166666666666666,0.0,-0.4992571560632572,0.5510204081632653,0
0.8611111111111112,0.0,-0.5176576755037582,-0.8571428571428571,0
-0.9444444444444444,0.0,0.8714824963958313,-0.1632653061224489,0
0.6666666666666666,-1.0,0.5061573508534452,0.4489795918367347,1
0.3611111111111111,0.0,-0.4752440379895892,0.4489795918367347,0
-0.8333333333333334,-1.0,-0.4737583501161037,-0.0612244897959183,1
0.8055555555555556,0.0,-0.3432929446333652,0.673469387755102,0
0.8333333333333334,-1.0,-0.3994299360603959,0.6326530612244898,1
0.1666666666666666,0.0,0.7830455500896916,-0.3061224489795918,0
-0.5277777777777778,-1.0,-0.3399473956441832,0.2857142857142857,1
0.9166666666666666,-1.0,0.0831655056291062,0.1836734693877551,1
-0.5555555555555556,-1.0,0.8468200776959732,-0.5510204081632653,1
-0.6111111111111112,0.0,0.2594121078059141,0.673469387755102,0
0.3333333333333333,0.0,0.1758614238392375,-0.0408163265306122,0
0.3333333333333333,0.0,0.2780217240582389,-0.5306122448979592,0
0.9722222222222222,0.0,0.633442283777389,-0.2040816326530612,0
-0.4444444444444444,0.0,-0.184698515412636,0.1632653061224489,0
-0.1111111111111111,0.0,0.1290017277999713,0.2653061224489796,0
-0.3333333333333333,-1.0,-0.7729208623592724,0.4285714285714285,1
-0.6944444444444444,0.0,0.3994629513464734,0.7959183673469388,0
0.6944444444444444,-1.0,0.1197574476982843,0.673469387755102,1
-0.8888888888888888,-1.0,0.4315317992230402,-0.5102040816326531,1
1.0,-1.0,0.1001793830543541,-1.020408163265306,-1
-0.9166666666666666,-1.0,0.4777091793500391,0.0816326530612244,1
-0.5277777777777778,0.0,0.0493358424950752,1.0,0
-0.1111111111111111,-1.0,0.9466583027941936,-0.1020408163265306,1
-0.5833333333333334,-1.0,0.3641696105296752,-0.6938775510204082,1
-0.8333333333333334,0.0,-0.6172647935994365,-0.8571428571428571,0
-0.4444444444444444,-1.0,0.1308285736295905,-0.8775510204081632,1
-0.6111111111111112,-1.0,-0.7878657818569997,0.7346938775510204,1
0.3611111111111111,-1.0,0.0268084122948925,-0.0408163265306122,1
0.9444444444444444,-1.0,0.8102611509128727,0.6122448979591837,1
-0.3055555555555556,0.0,0.6170446916922535,-0.2653061224489796,0
-1.0,-1.0,-0.7932142582015473,0.1224489795918367,1
0.0833333333333333,0.0,-0.6169896662154578,0.8367346938775511,0
0.5277777777777778,0.0,-0.7007054266125216,0.5306122448979592,0
0.5833333333333334,0.0,-0.6422133447786325,-0.7551020408163265,0
-0.2777777777777778,0.0,-0.8448941860081217,-1.0,0
-0.7777777777777778,-1.0,-0.1683119284228597,0.1428571428571428,1
0.2222222222222222,-1.0,-0.666688676857385,0.8163265306122449,1
0.4166666666666667,0.0,-0.002476146455809,0.8163265306122449,0
0.2222222222222222,-1.0,0.508182288399529,-0.2857142857142857,1
0.6944444444444444,-1.0,0.9124984867993882,0.3061224489795918,1
-0.9166666666666666,0.0,-0.2682271891885943,0.8979591836734694,0
-0.6666666666666666,0.0,-0.2192435097450119,-0.9183673469387756,0
-0.0555555555555555,-1.0,-0.3731937887241793,0.2857142857142857,1
-0.3611111111111111,0.0,0.11683009233275,-0.6938775510204082,0
0.5,0.0,-0.1789428505397999,0.4285714285714285,0
0.6666666666666666,-1.0,0.3040927949640684,-0.3673469387755102,1
0.1666666666666666,-1.0,0.2332860114232889,-0.5306122448979592,1
0.1111111111111111,-1.0,0.3831534000242112,-0.2040816326530612,1
-0.2222222222222222,-1.0,-0.7720734700166177,-0.2448979591836734,1
-0.5555555555555556,-1.0,0.0665588167321469,0.8163265306122449,1
0.6944444444444444,0.0,-0.4006515016452617,0.2448979591836734,0
-0.2777777777777778,0.0,0.5059592591369805,0.4081632653061224,0
0.6944444444444444,0.0,-0.9178579682392948,0.8571428571428571,0
0.8333333333333334,-1.0,0.1082681281433303,-0.7959183673469388,1
-0.6388888888888888,0.0,0.2906775837212629,0.0816326530612244,0
0.3888888888888889,-1.0,0.8178436616153278,-0.1020408163265306,1
-0.6666666666666666,-1.0,-0.9598754223205344,-0.5102040816326531,1
0.7777777777777778,0.0,0.0665478116367878,-0.7551020408163265,0
-0.6111111111111112,-1.0,-0.8483717961416136,0.9183673469387756,1
0.5277777777777778,0.0,0.2359162292141261,0.6122448979591837,0
0.4722222222222222,0.0,-0.9550001650764304,1.0,0
1.0,0.0,0.440390900987157,0.2040816326530612,0
-0.4444444444444444,0.0,-0.2577943587881189,0.1632653061224489,0
0.9166666666666666,0.0,0.9275754674414254,0.7551020408163265,0
0.5,0.0,0.9003818768089625,-0.7959183673469388,0
-0.1388888888888889,0.0,0.4683878635808379,0.7551020408163265,0
-0.8333333333333334,-1.0,0.3284030506124336,0.0204081632653061,1
0.6944444444444444,-1.0,0.2503769245160509,-0.7551020408163265,1
-0.25,-1.0,-0.2204650753298777,0.3877551020408163,1
0.9722222222222222,-1.0,0.980135802876732,0.5306122448979592,1
-0.0833333333333333,-1.0,0.1237743075043745,-0.979591836734694,1
-0.3333333333333333,-1.0,0.3426986694839711,-0.8571428571428571,1
-0.5833333333333334,0.0,-0.572055861864043,-0.3877551020408163,0
-0.3333333333333333,-1.0,-0.0322339243069541,-0.2244897959183673,1
0.1944444444444444,-1.0,-0.4601780624429111,0.3061224489795918,1
-0.9166666666666666,0.0,0.7243663816346969,0.0612244897959183,0
-0.9166666666666666,0.0,0.8015121001023474,-0.8163265306122449,0
-0.1111111111111111,0.0,0.4144408861302783,-0.5306122448979592,0
0.25,-1.0,0.1047134823423245,0.6938775510204082,1
0.4444444444444444,0.0,0.5980719072930767,0.8979591836734694,0
0.8055555555555556,-1.0,-0.2401641960227585,0.3265306122448979,1
-0.0833333333333333,0.0,-0.1401168741127141,-0.5918367346938775,0
-0.9444444444444444,0.0,-0.1926441942619433,-0.8367346938775511,0
0.1388888888888889,-1.0,-0.7390031584623681,-0.5102040816326531,1
-0.3888888888888889,0.0,0.2041115036261789,-0.7959183673469388,0
0.5555555555555556,0.0,0.9392738838082032,0.6122448979591837,0
-0.3888888888888889,0.0,0.4801743207104889,0.2857142857142857,0
0.5,0.0,0.9454917626861236,-0.5714285714285714,0
-0.2777777777777778,0.0,-0.8958367724256331,-0.7346938775510204,0
0.8055555555555556,0.0,0.2080073073833184,0.4693877551020408,0
-0.2777777777777778,0.0,0.6359404404239163,0.1632653061224489,0
-0.8888888888888888,0.0,0.6874442867047443,0.8367346938775511,0
-0.4166666666666667,0.0,0.379433677792818,0.7959183673469388,0
0.2222222222222222,0.0,0.4918617319819076,0.4693877551020408,0
0.6666666666666666,0.0,0.0872263858166331,-0.0816326530612244,0
-0.0555555555555555,-1.0,0.3636523710477951,-0.3673469387755102,1
-0.8333333333333334,0.0,-0.9812583226033652,0.1836734693877551,0
-0.6111111111111112,-1.0,0.3803911210890642,0.1020408163265306,1
-1.0,0.0,-0.5056181011808467,0.3469387755102041,0
-0.9444444444444444,-1.0,0.5666083396612631,0.5714285714285714,1
-0.5555555555555556,-1.0,-0.3498409763720602,-0.4897959183673469,1
0.8888888888888888,0.0,0.9727073635093048,-0.7142857142857143,0
0.0,0.0,0.2066426755587837,-0.3061224489795918,0
0.3611111111111111,0.0,-0.4254459814894296,-0.7346938775510204,0
0.0,-1.0,-0.3628159838004996,0.5714285714285714,1
0.6388888888888888,-1.0,0.86760870282941,0.6326530612244898,1
0.6944444444444444,-1.0,0.2229302166903276,-0.6938775510204082,1
-0.8333333333333334,0.0,-0.3477390031584623,-0.2857142857142857,0
0.9722222222222222,-1.0,-0.0615074779622965,-0.2653061224489796,1
0.6388888888888888,-1.0,-0.5295541835870008,-0.7142857142857143,1
0.8611111111111112,-1.0,-0.7694212420350622,0.8979591836734694,1
-0.4722222222222222,-1.0,0.1871086312962901,0.3265306122448979,1
-0.7777777777777778,-1.0,-0.2023286781779964,0.3265306122448979,1
-0.0833333333333333,0.0,0.2164592206191466,-0.6326530612244898,0
-0.8888888888888888,0.0,-0.2386234826724773,-0.979591836734694,0
-0.6111111111111112,-1.0,-0.2006008782066096,0.8163265306122449,1
-0.6388888888888888,-1.0,0.3372841625672686,0.7551020408163265,1
-0.3333333333333333,0.0,0.4495911607074075,0.3673469387755102,0
-1.0,0.0,0.6897773669208843,0.8979591836734694,0
0.6388888888888888,-1.0,0.8349235696127307,0.9591836734693876,1
0.8055555555555556,-1.0,-0.4084761244456183,-0.6326530612244898,1
0.3611111111111111,0.0,0.4655375438828177,0.3673469387755102,0
-0.1944444444444444,-1.0,-0.532624605192204,0.5714285714285714,1
-0.2222222222222222,0.0,0.0792586967766075,0.8367346938775511,0
0.1944444444444444,-1.0,0.5096239558915778,0.6326530612244898,1
0.6666666666666666,0.0,-0.2250321899039255,-0.3673469387755102,0
0.6666666666666666,-1.0,-0.7828364532778677,-0.6122448979591837,1
0.3611111111111111,-1.0,0.0300219001397647,-0.5714285714285714,1
-1.0,-1.0,0.2668075318872638,-0.8775510204081632,1
0.1944444444444444,0.0,0.7254889013613303,-0.3061224489795918,0
-0.1944444444444444,0.0,0.0161884952733115,-0.4081632653061224,0
0.2777777777777778,-1.0,-0.6579396260468597,0.9387755102040816,1
-0.1388888888888889,0.0,-0.2115839633750426,-0.8367346938775511,0
0.8611111111111112,-1.0,-0.5470522852080514,-0.1020408163265306,1
0.7777777777777778,0.0,0.2516535155777125,-0.7959183673469388,0
-0.2222222222222222,0.0,0.5142901163238579,0.7142857142857143,0
-0.8611111111111112,0.0,0.6478369485071588,-0.7755102040816326,0
0.5,0.0,0.8078730452199369,0.5918367346938775,0
0.6666666666666666,-1.0,-0.8345383912751604,-0.1428571428571428,1
-0.3333333333333333,0.0,-0.7623339606237688,-0.3673469387755102,0
0.4722222222222222,-1.0,-0.1177655254382779,0.8571428571428571,1
-0.9722222222222222,0.0,-0.6467144287805254,-0.9591836734693876,0
0.1666666666666666,-1.0,0.5378410203924417,0.8367346938775511,1
-0.6666666666666666,0.0,0.1655496494877128,-0.1632653061224489,0
0.3055555555555556,0.0,-0.4615316891720867,0.2857142857142857,0
0.8055555555555556,-1.0,0.488835330758141,-0.7142857142857143,1
-0.5833333333333334,0.0,-0.9038264716563768,0.8979591836734694,0
-0.4722222222222222,0.0,0.1416795976537136,-0.0408163265306122,0
0.25,-1.0,0.4157394873826581,0.1632653061224489,1
0.7777777777777778,0.0,-0.4789967755070597,-0.6122448979591837,0
-0.9722222222222222,0.0,-0.8268788449051911,0.4693877551020408,0
0.6666666666666666,-1.0,-0.222886196308891,0.1836734693877551,1
0.9444444444444444,0.0,0.2752044196462962,-0.5510204081632653,0
0.2222222222222222,-1.0,-0.8238964640628611,-0.979591836734694,1
-0.3333333333333333,0.0,0.323054574267886,-0.3265306122448979,0
0.4166666666666667,-1.0,0.1534770598787238,-0.3265306122448979,1
0.1388888888888889,0.0,-0.536190256088569,-0.6326530612244898,0
0.2222222222222222,-1.0,0.5929875532371488,-0.5918367346938775,1
-0.6944444444444444,-1.0,-0.2381722737627521,-1.020408163265306,1
-0.1388888888888889,0.0,0.907249056313073,0.6122448979591837,0
0.5555555555555556,0.0,0.6718940869622635,-0.2244897959183673,0
0.0833333333333333,0.0,0.8218605214214181,-0.7551020408163265,0
0.4166666666666667,-1.0,0.641376957531337,-0.5510204081632653,1
-0.1944444444444444,-1.0,0.2669616032222919,0.4693877551020408,1
-0.8333333333333334,0.0,0.0566762410996291,-0.4489795918367347,0
-0.8888888888888888,0.0,0.6149647286693739,0.1224489795918367,0
-0.8055555555555556,0.0,-0.4669241858980708,-0.7551020408163265,0
0.8888888888888888,-1.0,0.8325794843012315,0.3265306122448979,1
0.2222222222222222,0.0,-0.1949222490012876,0.4897959183673469,0
-0.3055555555555556,-1.0,0.4135054530247504,0.2040816326530612,1
0.3888888888888889,-1.0,-0.8153124896827231,-0.979591836734694,1
-0.0833333333333333,-1.0,-0.6835044625661681,-0.3469387755102041,1
-0.3888888888888889,-1.0,0.3274346022208282,0.0,1
-0.7222222222222222,-1.0,0.8008077739993616,-0.3673469387755102,1
0.9166666666666666,0.0,0.4478633607360208,-0.4693877551020408,0
-0.0833333333333333,0.0,0.8877260171459386,0.0408163265306122,0
-0.25,0.0,-0.1847865561755092,0.0612244897959183,0
-0.1944444444444444,-1.0,0.5286407606721912,-0.2448979591836734,1
0.3055555555555556,-1.0,-0.6120153631131213,-0.2653061224489796,1
0.6944444444444444,-1.0,0.3380104988609726,-0.6122448979591837,1
-0.4166666666666667,-1.0,-0.8166000858397438,0.0408163265306122,1
0.8888888888888888,0.0,-0.2229082064996093,-0.5510204081632653,0
0.8611111111111112,0.0,0.8437936764722066,-0.5306122448979592,0
0.6944444444444444,-1.0,-0.3468255802436528,-0.8163265306122449,1
-0.25,-1.0,-0.9692187482804538,0.4489795918367347,1
0.8055555555555556,0.0,-0.3344118326785301,0.9183673469387756,0
0.2222222222222222,-1.0,-0.8029097472129596,-0.0408163265306122,1
0.4444444444444444,0.0,-0.9659612400541452,-0.0204081632653061,0
-0.1666666666666666,0.0,-0.3582488692264518,0.8775510204081632,0
0.3055555555555556,0.0,-0.0059537565893008,-1.020408163265306,0
-0.3888888888888889,0.0,-0.1817271396656652,0.7346938775510204,0
0.9166666666666666,-1.0,-0.4757612774714693,-0.2244897959183673,1
0.25,0.0,-0.337746376572353,0.3265306122448979,0
-0.4722222222222222,-1.0,0.7640177402137189,-0.1632653061224489,1
-0.5,0.0,0.0019148865924923,-0.979591836734694,0
0.6666666666666666,-1.0,-0.9716948947362628,-0.6938775510204082,1
0.8611111111111112,0.0,-0.1828936797737352,-0.5918367346938775,0
-0.3333333333333333,0.0,0.490431069585218,-0.9183673469387756,0
0.3055555555555556,-1.0,-0.2257805363883478,-0.4489795918367347,1
-0.3055555555555556,0.0,0.6824149581256121,-0.4693877551020408,0
0.0833333333333333,0.0,-0.8703929919552753,-0.979591836734694,0
-0.6111111111111112,0.0,0.4810767385299394,0.7959183673469388,0
1.0,-1.0,-0.4783254646901515,0.7346938775510204,1
-0.7777777777777778,0.0,0.5133766934090483,0.1632653061224489,0
0.4444444444444444,-1.0,-0.5310398714604863,-0.7346938775510204,1
1.0,-1.0,-0.5985341212981611,-0.8775510204081632,1
-0.1111111111111111,-1.0,-0.4888793511395776,-0.5510204081632653,1
-0.7222222222222222,-1.0,0.9533163854864802,-0.5102040816326531,1
0.2777777777777778,0.0,0.2164812308098649,-0.6530612244897959,0
-0.4444444444444444,0.0,-0.0779490904288685,0.5306122448979592,0
0.8333333333333334,-1.0,0.0959424213410809,0.2857142857142857,1
0.8333333333333334,-1.0,-0.4364840921346583,-0.979591836734694,1
0.5,0.0,0.2112978308957047,-0.3673469387755102,0
-0.5,-1.0,0.2761068374657466,-0.6530612244897959,1
0.2222222222222222,0.0,-0.7417104119207193,0.2244897959183673,0
0.0833333333333333,-1.0,-0.7694762675118579,0.2448979591836734,1
-0.1111111111111111,-1.0,0.2013052043095953,-0.3673469387755102,1
0.3055555555555556,-1.0,-0.621446729835914,0.2448979591836734,1
0.7777777777777778,-1.0,-0.8024695433985936,-0.1836734693877551,1
-0.1944444444444444,0.0,0.1056489154478523,0.1428571428571428,0
-0.9444444444444444,-1.0,0.1952524018620621,1.0,1
-0.8333333333333334,-1.0,0.4924670122266609,0.3673469387755102,1
-0.5,-1.0,0.8188891456744473,0.8775510204081632,1
0.4166666666666667,0.0,-0.5386553974490189,0.0408163265306122,0
-0.6944444444444444,0.0,0.689601285395138,0.0612244897959183,0
-0.8611111111111112,-1.0,0.6550452859674029,-0.8571428571428571,1
0.6388888888888888,0.0,0.0182464481054728,0.4489795918367347,0
-0.1944444444444444,-1.0,-0.4926100784663299,0.0612244897959183,1
-0.25,-1.0,0.4475332078752462,0.2653061224489796,1
-0.8888888888888888,-1.0,-0.3666677671762026,-0.9591836734693876,1
0.4444444444444444,-1.0,0.9924945249650589,0.0204081632653061,1
-0.7777777777777778,0.0,-0.3508644502404613,0.2448979591836734,0
0.9166666666666666,-1.0,0.2724751559972267,-0.1632653061224489,1
0.75,-1.0,0.5286737759582687,0.5918367346938775,1
-0.3333333333333333,0.0,0.8914127240912543,0.7959183673469388,0
0.0277777777777777,-1.0,-0.9406715309188154,-0.3877551020408163,1
-0.1111111111111111,0.0,-0.8146851992472515,-0.1224489795918367,0
0.7222222222222222,0.0,-0.5677528695786149,0.1836734693877551,0
-0.2222222222222222,0.0,0.4586263439972707,-0.1836734693877551,0
-0.4722222222222222,0.0,0.7666589630999152,0.1020408163265306,0
-0.9722222222222222,-1.0,0.2699439840646219,0.8163265306122449,1
0.0,-1.0,0.7077376825470193,-0.3265306122448979,1
0.8611111111111112,-1.0,0.078928543915833,0.4081632653061224,1
-0.9722222222222222,-1.0,-0.7239701982017674,-0.8979591836734694,1
0.9722222222222222,0.0,0.8322933518218936,0.1632653061224489,0
0.8888888888888888,-1.0,0.5815312489682724,1.0,1
0.1111111111111111,0.0,-0.4322361253260259,-0.4897959183673469,0
0.8333333333333334,-1.0,0.9727073635093048,0.7551020408163265,1
0.5277777777777778,-1.0,0.4360438883202923,-0.5918367346938775,1
-0.5277777777777778,-1.0,-0.6495537433831864,0.4081632653061224,1
-0.3888888888888889,0.0,-0.412382933298117,-0.5306122448979592,0
0.1111111111111111,0.0,0.1474242574311906,-0.0612244897959183,0
0.7222222222222222,0.0,0.9027589774065392,-1.020408163265306,0
0.2777777777777778,0.0,0.8447181044823754,-0.2040816326530612,0
0.6666666666666666,0.0,0.3993749105836002,0.4897959183673469,0
-0.4166666666666667,0.0,0.0965036812043976,0.1020408163265306,0
0.6388888888888888,-1.0,-0.6957091133194669,0.2040816326530612,1
-0.9444444444444444,-1.0,0.1407661747389041,0.7551020408163265,1
0.7222222222222222,-1.0,0.2357291425930205,-0.9387755102040816,1
-0.4722222222222222,-1.0,-0.7821871526516777,-1.0,1
-0.1666666666666666,0.0,-0.603915612928786,0.4489795918367347,0
0.4722222222222222,0.0,-0.5392936929798496,-0.4897959183673469,0
-0.3055555555555556,0.0,0.1598710202823907,-0.1836734693877551,0
0.8333333333333334,0.0,0.7667910242442251,-0.3061224489795918,0
0.6111111111111112,-1.0,-0.6206653680654143,-0.5510204081632653,1
-0.3055555555555556,-1.0,0.5326136000968449,0.6326530612244898,1
-0.1111111111111111,-1.0,0.8211561953184324,0.9591836734693876,1
-0.9166666666666666,0.0,-0.7444066602837114,0.3877551020408163,0
-0.7222222222222222,0.0,-0.0248715155116819,0.0,0
-0.0833333333333333,0.0,-0.7105219716728846,-0.6326530612244898,0
0.2777777777777778,0.0,-0.3865099541087523,-0.3469387755102041,0
-0.3611111111111111,0.0,0.2995256803900206,0.0204081632653061,0
-0.9166666666666666,-1.0,-0.5215204639748203,-0.4489795918367347,1
0.1944444444444444,-1.0,0.1349554843892722,-0.9387755102040816,1
-0.4444444444444444,-1.0,-0.7665599172416829,0.0204081632653061,1
-0.8611111111111112,0.0,-0.6231305094258641,-0.8979591836734694,0
-0.25,-1.0,0.8873078235222909,-0.7346938775510204,1
-0.5555555555555556,0.0,-0.814366051481836,0.8571428571428571,0
-1.0,0.0,-0.6767693442063676,-0.6938775510204082,0
0.3333333333333333,-1.0,-0.3380104988609726,0.2653061224489796,1
-0.6944444444444444,-1.0,0.0557077927080238,0.0816326530612244,1
0.0,-1.0,0.7894615206840767,-0.6122448979591837,1
0.9166666666666666,0.0,-0.6733577646450306,0.4285714285714285,0
-0.1944444444444444,0.0,0.0919805870117864,-0.5918367346938775,0
0.4166666666666667,-1.0,0.1284624781273729,0.1020408163265306,1
-0.6388888888888888,-1.0,0.6262009310310673,-0.0612244897959183,1
-0.25,-1.0,-0.9252974127020812,0.0612244897959183,1
-0.1666666666666666,-1.0,0.6636292603475409,0.2653061224489796,1
-0.1388888888888889,0.0,0.5227750448457635,0.3673469387755102,0
0.1111111111111111,-1.0,-0.8238084232999879,-0.3469387755102041,1
-0.2222222222222222,-1.0,-0.8545126393520199,-0.4693877551020408,1
0.9722222222222222,-1.0,-0.9168895198476896,-0.5102040816326531,1
-0.0833333333333333,-1.0,-0.2012391737374404,-0.6122448979591837,1
-0.9722222222222222,0.0,-0.5822906005480537,0.8571428571428571,0
-0.4166666666666667,0.0,0.296576314833768,-0.5510204081632653,0
0.5,-1.0,-0.3896464062861104,-0.3673469387755102,1
0.7222222222222222,-1.0,-0.3998371245886845,0.1836734693877551,1
0.4166666666666667,-1.0,-0.7168499015043965,-0.4489795918367347,1
-0.5,-1.0,-0.6601296400233309,0.3061224489795918,1
-0.8333333333333334,-1.0,0.4246976350050073,1.0,1
0.4166666666666667,-1.0,0.8030308032619102,0.2857142857142857,1
0.7777777777777778,-1.0,-0.8330967237831116,0.0816326530612244,1
0.3333333333333333,0.0,0.8775242937480053,0.2040816326530612,0
0.0555555555555555,-1.0,-0.9180120395743228,-0.5306122448979592,1
0.8611111111111112,0.0,0.9880484664399616,-0.7755102040816326,0
0.3888888888888889,-1.0,0.7392562756556286,-0.5306122448979592,1
-0.0277777777777777,0.0,0.6823709377441756,0.7346938775510204,0
0.1944444444444444,0.0,-0.6323307691461146,0.673469387755102,0
0.7777777777777778,-1.0,-0.7227486326169016,-0.8163265306122449,1
-0.3055555555555556,0.0,0.8661340200512837,-0.4897959183673469,0
-0.0277777777777777,-1.0,0.2549110238040212,0.1428571428571428,1
0.2222222222222222,-1.0,-0.7983756479249893,-0.1224489795918367,1
-0.6388888888888888,0.0,0.4142317893184544,0.0,0
0.4166666666666667,0.0,0.2690415662451715,-0.8163265306122449,0
-0.5277777777777778,-1.0,0.0417203165065425,0.4285714285714285,1
0.3611111111111111,0.0,-0.8918969482870569,1.0,0
-0.6944444444444444,0.0,-0.491597609693288,-0.5918367346938775,0
0.0833333333333333,-1.0,-0.928059691637228,0.1224489795918367,1
0.8055555555555556,0.0,0.9607998503307033,-0.7346938775510204,0
-0.9166666666666666,0.0,-0.7495020194349984,-0.1020408163265306,0
0.6944444444444444,0.0,0.3698592448303565,-0.2448979591836734,0
-0.6666666666666666,0.0,0.8980267864021042,-0.7755102040816326,0
0.4166666666666667,0.0,0.198080711369364,0.7755102040816326,0
0.25,0.0,0.7882839754806475,-0.2448979591836734,0
0.4444444444444444,-1.0,0.8383351491740676,0.3673469387755102,1
-0.8333333333333334,-1.0,0.6368098429572893,-0.5918367346938775,1
-0.2777777777777778,0.0,0.2129265850088591,0.5714285714285714,0
0.6944444444444444,0.0,0.0526483761981797,-0.8163265306122449,0
0.1666666666666666,-1.0,-0.8185810030043911,0.7755102040816326,1
1.0,0.0,0.5038022604465868,0.2040816326530612,0
-0.3611111111111111,0.0,0.7631373325849868,0.8367346938775511,0
0.5277777777777778,0.0,-0.8108004005854711,0.2857142857142857,0
0.8055555555555556,0.0,-0.5227530346550453,-0.8979591836734694,0
0.3055555555555556,-1.0,0.1421198014680797,-0.1836734693877551,1
0.6666666666666666,0.0,0.873430398274401,-0.673469387755102,0
-0.0555555555555555,0.0,0.6492896210945668,-0.4897959183673469,0
0.2777777777777778,0.0,-0.5614689601285395,-0.8775510204081632,0
-0.3333333333333333,0.0,-0.4384760143946647,0.1632653061224489,0
0.25,-1.0,0.7820660966027271,-0.7551020408163265,1
-0.4444444444444444,-1.0,-0.2411876698911596,0.3061224489795918,1
0.8333333333333334,0.0,0.658831038770951,0.9183673469387756,0
0.9722222222222222,0.0,0.1140568083022439,0.6938775510204082,0
-0.6388888888888888,-1.0,-0.8974765316341466,-0.7551020408163265,1
-0.2777777777777778,-1.0,-0.6048290358435956,0.5714285714285714,1
-0.1944444444444444,-1.0,-0.1495482408355068,0.7755102040816326,1
0.0555555555555555,0.0,0.0898676087028294,-0.2448979591836734,0
-0.3888888888888889,-1.0,0.7960645778995675,0.0816326530612244,1
-0.0277777777777777,-1.0,0.4016749755136628,-0.2857142857142857,1
-0.8611111111111112,0.0,-0.4235310948969373,-0.6122448979591837,0
-0.5,-1.0,0.3939934189529752,-0.3469387755102041,1
-1.0,-1.0,0.4598809248682139,-0.1224489795918367,1
-0.1944444444444444,0.0,0.4200865000495229,0.7959183673469388,0
0.1666666666666666,-1.0,-0.9656861126701662,-0.4489795918367347,1
0.2777777777777778,-1.0,-0.3155821145190223,-0.8775510204081632,1
0.7222222222222222,0.0,-0.2472954978154885,0.1020408163265306,0
-0.9166666666666666,0.0,0.6304929182211364,-0.673469387755102,0
0.8611111111111112,-1.0,0.2051789978760166,0.979591836734694,1
-0.6111111111111112,-1.0,-0.3280398824655816,-0.673469387755102,1
0.6944444444444444,0.0,-0.5050018158407342,-0.2448979591836734,0
-0.5,-1.0,-0.2523248263946207,0.5714285714285714,1
0.0,-1.0,0.2436858265376869,0.5306122448979592,1
-0.0277777777777777,0.0,0.7912553512276184,0.8571428571428571,0
0.3333333333333333,0.0,-0.4526945975986882,0.4897959183673469,0
-0.3888888888888889,-1.0,-0.705899831622041,0.5918367346938775,1
-0.0277777777777777,0.0,0.3636083506663585,0.7346938775510204,0
0.3888888888888889,0.0,0.1528277592525339,0.6326530612244898,0
0.0555555555555555,-1.0,-0.0941155755114618,-0.7755102040816326,1
0.2777777777777778,-1.0,-0.2335391286165494,-0.5510204081632653,1
-0.5277777777777778,-1.0,0.6556835814982337,0.6530612244897959,1
0.2777777777777778,-1.0,0.629161301682679,-0.2244897959183673,1
0.0,0.0,-0.5142791112284988,0.3673469387755102,0
-0.0555555555555555,0.0,-0.5974226066668867,-0.0816326530612244,0
0.5277777777777778,-1.0,0.089405394697745,-0.8979591836734694,1
0.2777777777777778,0.0,0.0207446047520001,0.9591836734693876,0
-0.8611111111111112,-1.0,0.5711644491399518,-0.9183673469387756,1
0.75,0.0,-0.1377837938965741,-0.7142857142857143,0
0.9444444444444444,-1.0,-0.5204529697249827,0.1020408163265306,1
-0.9166666666666666,-1.0,-0.7843221411513531,-0.1020408163265306,1
0.4444444444444444,0.0,-0.9000847392342655,0.3469387755102041,0
-0.2777777777777778,0.0,-0.8424180395523128,-0.979591836734694,0
0.5555555555555556,0.0,-0.2722330438993254,-0.7959183673469388,0
-0.7222222222222222,-1.0,-0.4183697051734953,-0.7346938775510204,1
-0.2222222222222222,0.0,-0.2212244269096591,0.0612244897959183,0
0.1944444444444444,-1.0,-0.5363113121375197,0.0816326530612244,1
1.0,-1.0,0.1727139665665203,-0.673469387755102,1
0.75,-1.0,0.7366810833415871,-0.3265306122448979,1
-0.8055555555555556,0.0,0.6567180604619939,-0.9183673469387756,0
-0.5,0.0,-0.0879307119196187,0.3061224489795918,0
-1.0,-1.0,-0.5103062718038451,0.7959183673469388,1
0.2777777777777778,0.0,-0.0887781042622734,-0.6326530612244898,0
0.5555555555555556,0.0,0.4362089647506795,1.0,0
-0.4166666666666667,0.0,-0.428241275710654,0.4897959183673469,0
-0.1666666666666666,-1.0,-0.562811581762356,-0.3877551020408163,1
0.0833333333333333,0.0,0.94281752451385,0.1632653061224489,0
0.8888888888888888,0.0,-0.7444396755697889,0.5306122448979592,0
0.1666666666666666,0.0,-0.2650467166297996,-0.7142857142857143,0
0.3888888888888889,-1.0,0.5243927938635589,0.1428571428571428,1
0.4444444444444444,-1.0,0.907766295794953,1.0,1
0.5555555555555556,0.0,0.8827186987575247,0.2040816326530612,0
0.5277777777777778,0.0,-0.8089845598512111,-0.5510204081632653,0
-0.7777777777777778,0.0,0.723574014768838,-0.8163265306122449,0
0.8611111111111112,-1.0,-0.6798287607162116,-0.9387755102040816,1
1.0,0.0,-0.111811768848977,0.0612244897959183,0
0.25,-1.0,0.5893228564825514,0.9591836734693876,1
-0.4722222222222222,-1.0,-0.7958995014691802,0.2653061224489796,1
-0.8611111111111112,0.0,-0.6372940671530919,-0.5714285714285714,0
-0.6388888888888888,0.0,-0.6912410446036515,0.0612244897959183,0
0.8611111111111112,0.0,0.8916218209030782,-0.4081632653061224,0
0.3611111111111111,-1.0,0.1897828694685639,-0.2040816326530612,1
-0.0833333333333333,-1.0,-0.2834472360703005,0.6530612244897959,1
-0.4166666666666667,0.0,-0.956210725565937,-0.4285714285714285,0
-0.9166666666666666,0.0,-0.8133976030902308,0.5510204081632653,0
-0.7777777777777778,-1.0,0.6422903804461466,-0.7551020408163265,1
1.0,-1.0,-0.2444231679267501,-0.0816326530612244,1
-0.0277777777777777,-1.0,-0.805848107673853,0.9183673469387756,1
-0.8611111111111112,-1.0,0.5452694597598688,-0.0204081632653061,1
0.2777777777777778,-1.0,-0.9728504297489736,-0.5102040816326531,1
0.4166666666666667,-1.0,-0.3319687015087986,0.4897959183673469,1
-0.9722222222222222,0.0,-0.6765382372038253,0.5918367346938775,0
-0.8055555555555556,-1.0,-0.8929094170600989,0.6122448979591837,1
0.8611111111111112,-1.0,0.8437166408046926,0.0,1
0.0277777777777777,0.0,-0.8980928169742591,0.8571428571428571,0
0.2777777777777778,0.0,-0.1013899435438608,-0.3877551020408163,0
-0.8888888888888888,-1.0,-0.1192071929303267,0.1224489795918367,1
0.25,-1.0,-0.7641167860719513,0.0,1
0.1944444444444444,0.0,0.8408223007252358,0.2244897959183673,0
0.6666666666666666,0.0,-0.9155248880231548,0.1020408163265306,0
-0.9444444444444444,0.0,0.0967237831115806,-0.1632653061224489,0
-0.0833333333333333,0.0,0.2835242717378146,0.8163265306122449,0
-0.3055555555555556,-1.0,0.607041060010785,0.4081632653061224,1
0.7222222222222222,0.0,-0.1957036107717873,0.3877551020408163,0
-0.0555555555555555,0.0,-0.3031463567631813,0.4081632653061224,0
-0.4444444444444444,0.0,0.8706351040531766,0.0,0
0.5555555555555556,-1.0,-0.0165516634201635,0.5510204081632653,1
0.6111111111111112,-1.0,0.7058778214313227,0.1020408163265306,1
-0.3888888888888889,0.0,-0.4930612873760551,-1.0,0
0.8888888888888888,0.0,-0.838654296939483,-0.6938775510204082,0
-0.8888888888888888,0.0,-0.7612004358017762,0.0,0
-0.3611111111111111,-1.0,0.6722462500137564,-0.2857142857142857,1
-0.5277777777777778,0.0,-0.7099166914281312,0.0204081632653061,0
-0.7777777777777778,-1.0,0.5550860048202317,0.0204081632653061,1
0.8333333333333334,0.0,0.2234474561722077,0.8775510204081632,0
0.5277777777777778,-1.0,-0.8027006504011357,-0.5918367346938775,1
-0.5,-1.0,0.5144441876588861,-0.9183673469387756,1
-0.3333333333333333,0.0,-0.958609836354232,0.7551020408163265,0
-0.3888888888888889,-1.0,0.566674370233418,-0.0816326530612244,1
0.5,0.0,0.2818294870525053,-0.4285714285714285,0
-0.3055555555555556,-1.0,-0.3578196705074449,0.6122448979591837,1
-0.1388888888888889,0.0,0.8957267214720416,0.1428571428571428,0
0.7777777777777778,0.0,0.2439059284448699,-0.5714285714285714,0
0.1666666666666666,0.0,0.8594649322636381,0.8163265306122449,0
-0.5555555555555556,-1.0,0.6817766625947814,-0.9591836734693876,1
-0.5833333333333334,-1.0,0.9956970077145718,0.3265306122448979,1
0.5,0.0,0.0553006041797352,-0.0612244897959183,0
-0.0833333333333333,-1.0,-0.9002608207600119,0.2857142857142857,1
-0.5555555555555556,0.0,-0.7797110061958686,0.6122448979591837,0
0.4444444444444444,0.0,0.5557463105417808,0.0204081632653061,0
-0.2222222222222222,-1.0,-0.6997479833162754,-0.1428571428571428,1
-0.4722222222222222,0.0,-0.1037890543321558,-0.9387755102040816,0
-0.0555555555555555,-1.0,0.7883059856713659,0.4693877551020408,1
-0.8611111111111112,0.0,0.8877040069552202,-0.5510204081632653,0
0.9166666666666666,0.0,-0.8495163260589653,-0.6530612244897959,0
0.0277777777777777,-1.0,-0.3335204199544389,0.3673469387755102,1
-0.2777777777777778,-1.0,0.4481054728339221,-0.7346938775510204,1
0.1111111111111111,0.0,-0.4407210538479316,-0.6938775510204082,0
0.2777777777777778,-1.0,-0.4129441931614337,-0.7142857142857143,1
0.3611111111111111,0.0,0.7684087732620203,-0.2448979591836734,0
-0.5555555555555556,0.0,0.1618079170656013,0.1020408163265306,0
0.0833333333333333,0.0,-0.2868037901548417,-0.7959183673469388,0
0.4722222222222222,-1.0,-0.1248418017542122,0.9183673469387756,1
0.9166666666666666,0.0,-0.3102776585559114,0.3673469387755102,0
0.4166666666666667,-1.0,-0.0396403534836629,-0.4285714285714285,1
-0.5277777777777778,0.0,0.4407980895154456,0.1836734693877551,0
-0.3333333333333333,0.0,0.8799123994409411,-0.3877551020408163,0
-0.2222222222222222,-1.0,-0.2050029163502701,0.5102040816326531,1
0.7222222222222222,0.0,0.6777818129794094,0.9591836734693876,0
-0.8888888888888888,-1.0,-0.6570812286088459,-0.8775510204081632,1
0.8333333333333334,-1.0,-0.2854941838071027,0.5510204081632653,1
-0.8611111111111112,-1.0,-0.7014427680015848,0.5306122448979592,1
-0.1666666666666666,0.0,-0.5105924042831831,-0.2448979591836734,0
0.7777777777777778,-1.0,-0.2534253359305358,-0.7142857142857143,1
-0.6388888888888888,-1.0,-0.0607701365732334,0.0612244897959183,1
0.1111111111111111,0.0,-0.9796845939670068,0.6326530612244898,0
-0.7777777777777778,-1.0,-0.7798320622448194,-0.1632653061224489,1
0.3055555555555556,0.0,-0.3036856064357797,0.9387755102040816,0
-0.8888888888888888,0.0,0.8633277207347002,0.5510204081632653,0
0.8888888888888888,0.0,-0.6222831170832095,0.673469387755102,0
-0.8333333333333334,-1.0,0.0737341389063136,-0.7755102040816326,1
-0.5833333333333334,0.0,0.4893195549539437,-0.2857142857142857,0
-0.7222222222222222,-1.0,0.4124159485841945,0.8979591836734694,1
0.0,0.0,0.2833151749259907,0.0204081632653061,0
0.3333333333333333,-1.0,0.5506949717719304,0.8163265306122449,1
-0.9444444444444444,-1.0,0.2862975557683207,-0.5714285714285714,1
0.3055555555555556,0.0,-0.4077497881519143,-0.9183673469387756,0
-0.5277777777777778,0.0,-0.6716189595782848,-0.2653061224489796,0
-0.7777777777777778,0.0,0.3880506674590335,0.0204081632653061,0
-0.3611111111111111,0.0,-0.438641090825052,0.1224489795918367,0
-0.0555555555555555,0.0,-0.3794666930788955,0.1020408163265306,0
-0.2222222222222222,0.0,-0.1033158352317122,-0.4285714285714285,0
-0.7222222222222222,0.0,0.107442745991394,0.7346938775510204,0
-0.3055555555555556,0.0,-0.0384187878987971,-0.1836734693877551,0
-0.9444444444444444,-1.0,-0.7172240747466077,-0.8163265306122449,1
0.4444444444444444,-1.0,0.5852839864857429,0.3877551020408163,1
0.4444444444444444,0.0,0.2041335138168972,0.9183673469387756,0
-0.4444444444444444,0.0,0.2858463468585955,-1.0,0
0.1666666666666666,0.0,-0.0754729439730595,-0.3673469387755102,0
0.1666666666666666,-1.0,-0.5725841064412823,-0.0612244897959183,1
-0.5833333333333334,0.0,-0.0294606402764479,0.4285714285714285,0
-0.1388888888888889,-1.0,-0.8220366029471645,-1.0,1
0.3055555555555556,0.0,0.0481142769102094,0.2448979591836734,0
-0.3611111111111111,-1.0,0.859167794688941,0.1224489795918367,1
-0.8611111111111112,0.0,-0.7075285857351954,0.7959183673469388,0
0.5555555555555556,0.0,0.7355365534242354,0.2244897959183673,0
0.6666666666666666,0.0,0.2276624076947626,0.2857142857142857,0
-0.8611111111111112,0.0,-0.3208205399099783,0.673469387755102,0
-0.8055555555555556,0.0,-0.6594693343017817,0.9591836734693876,0
-0.1944444444444444,0.0,0.2786159992076331,-0.4285714285714285,0
-0.25,0.0,0.7425908195494514,-0.7551020408163265,0
-0.5833333333333334,-1.0,0.0501722297423707,0.0816326530612244,1
-0.6944444444444444,-1.0,0.964420526703864,-0.8571428571428571,1
0.1944444444444444,0.0,-0.8947802832711546,0.7959183673469388,0
0.4444444444444444,0.0,-0.1624131973103547,-0.6938775510204082,0
-0.6388888888888888,-1.0,0.397977263472988,0.6938775510204082,1
0.8611111111111112,-1.0,-0.7133502811801864,0.8163265306122449,1
0.1944444444444444,0.0,-0.9077993110810304,-0.4489795918367347,0
0.9166666666666666,-1.0,-0.2983041148051548,0.9591836734693876,1
-0.1388888888888889,0.0,0.4259742260666688,-0.5918367346938775,0
-0.1944444444444444,0.0,0.1834769498277702,-0.7346938775510204,0
0.5277777777777778,0.0,0.8813760771237082,0.0612244897959183,0
0.6388888888888888,-1.0,-0.6346748544576138,-0.2244897959183673,1
-0.4444444444444444,0.0,-0.4588134306183763,1.0,0
0.9722222222222222,-1.0,0.7841790749116841,0.9591836734693876,1
0.8055555555555556,-1.0,-0.0463314514620269,-0.5510204081632653,1
-0.8333333333333334,0.0,-0.148689843397493,0.2857142857142857,0
0.1111111111111111,-1.0,0.3457911012798926,-0.8775510204081632,1
-0.8611111111111112,0.0,0.2904464767187207,0.3265306122448979,0
-0.5,0.0,0.8163359635511241,0.4081632653061224,0
-0.1944444444444444,0.0,0.0472998998536322,-0.3265306122448979,0
-0.0833333333333333,-1.0,-0.7465416487833867,-0.8571428571428571,1
0.6666666666666666,-1.0,0.6413659524359778,-0.6530612244897959,1
0.3333333333333333,0.0,-0.0507885150824831,-0.5918367346938775,0
-0.2777777777777778,-1.0,-0.2064665940330373,0.8571428571428571,1
0.2222222222222222,0.0,-0.1909604146719931,-1.020408163265306,0
-0.1388888888888889,-1.0,-0.6059735657609473,0.6938775510204082,1
-0.8333333333333334,-1.0,-0.0302970275237434,0.4081632653061224,1
1.0,0.0,0.2747972311180076,0.7551020408163265,0
-0.6111111111111112,0.0,0.2520717092013602,0.5102040816326531,0
0.0555555555555555,-1.0,-0.2674018070366579,-0.0204081632653061,1
0.0277777777777777,-1.0,-0.8551179195967733,0.3469387755102041,1
0.6944444444444444,-1.0,0.5811240604399837,-0.7142857142857143,1
-0.5833333333333334,-1.0,0.1719436098913797,0.4081632653061224,1
0.1388888888888889,0.0,0.8902681941739026,-0.6122448979591837,0
-0.1111111111111111,0.0,-0.0997391792399881,0.4489795918367347,0
-0.3333333333333333,0.0,-0.5562745551190201,0.0612244897959183,0
0.25,0.0,0.190520210857627,0.673469387755102,0
-0.0555555555555555,0.0,-0.3017927300340057,-0.6530612244897959,0
0.5,0.0,-0.3471667381997865,-0.7551020408163265,0
0.5555555555555556,-1.0,-0.1377727888012149,0.7755102040816326,1
-0.0555555555555555,0.0,-0.3260809754916526,0.2040816326530612,0
0.5,-1.0,-0.6096822828969813,0.2857142857142857,1
0.0277777777777777,-1.0,-0.1708541054508237,-0.7142857142857143,1
-0.4444444444444444,0.0,0.0965036812043976,0.8571428571428571,0
0.75,0.0,0.8674326213036636,-0.2857142857142857,0
0.7222222222222222,0.0,-0.1556340585691175,-0.8979591836734694,0
0.6111111111111112,-1.0,-0.560918705360582,0.8367346938775511,1
-0.8055555555555556,0.0,0.995564946570262,-0.5306122448979592,0
-0.4166666666666667,-1.0,-0.246525141140348,-0.9591836734693876,1
0.1388888888888889,-1.0,-0.7361198234782704,-0.6326530612244898,1
-0.9444444444444444,-1.0,-0.1944270197101258,-0.8775510204081632,1
-0.3611111111111111,-1.0,-0.5309188154115355,-0.2653061224489796,1
0.9722222222222222,-1.0,-0.5714835969053672,0.1632653061224489,1
0.5555555555555556,0.0,-0.7276018796702873,0.7959183673469388,0
0.4722222222222222,-1.0,0.7399165813771776,0.8163265306122449,1
-0.6111111111111112,0.0,-0.2473505232922843,-0.5714285714285714,0
-0.2777777777777778,0.0,0.6777047773118954,0.979591836734694,0
0.2222222222222222,0.0,0.7755620852454687,0.0408163265306122,0
0.7777777777777778,-1.0,0.5492863195659591,-0.1020408163265306,1
0.0277777777777777,0.0,-0.1261734182926695,0.5102040816326531,0
-0.3333333333333333,0.0,0.9032652117930602,-0.5714285714285714,0
0.4722222222222222,0.0,0.7815708673115652,-0.9591836734693876,0
-0.5833333333333334,0.0,-0.0184335347265784,0.4897959183673469,0
0.3888888888888889,-1.0,0.171965620082098,-0.6122448979591837,1
0.9722222222222222,0.0,0.7962186492345956,0.6326530612244898,0
0.3333333333333333,-1.0,-0.5016342566608339,-0.4693877551020408,1
0.75,0.0,0.4802953767594396,0.8571428571428571,0
0.0,-1.0,-0.3348520364928962,0.6122448979591837,1
-0.0833333333333333,0.0,-0.540988477665159,-0.4285714285714285,0
-0.7777777777777778,-1.0,-0.4328854259522158,0.3877551020408163,1
-0.5277777777777778,-1.0,-0.0904398736615052,-0.8163265306122449,1
-0.9722222222222222,-1.0,-0.1825965421990381,0.1632653061224489,1
0.1944444444444444,0.0,0.7519561557000891,-0.979591836734694,0
-0.1666666666666666,-1.0,-0.8948463138433095,-0.2857142857142857,1
-0.7777777777777778,0.0,0.0089691527177082,1.0,0
0.5833333333333334,0.0,0.4326653240450328,0.4897959183673469,0
-0.5277777777777778,0.0,-0.1957256209625056,0.0612244897959183,0
0.5555555555555556,0.0,0.5431894967369892,-0.7551020408163265,0
-0.8888888888888888,0.0,-0.8331297390691891,0.3265306122448979,0
0.5555555555555556,-1.0,-0.8638119449305028,0.9387755102040816,1
0.5555555555555556,-1.0,0.5902142692066427,-0.9387755102040816,1
-0.5555555555555556,0.0,0.4225736516006911,-0.1632653061224489,0
-0.9166666666666666,-1.0,0.7572165912817634,-0.8571428571428571,1
0.0833333333333333,-1.0,-0.5418688852938911,-0.4081632653061224,1
-0.6944444444444444,0.0,-0.0786754267225725,-0.4897959183673469,0
0.0,0.0,-0.2964332485940991,-0.7551020408163265,0
0.5,-1.0,-0.5209151837300671,-0.7755102040816326,1
-0.9444444444444444,0.0,0.0784553248153895,0.6938775510204082,0
-0.7222222222222222,0.0,-0.4386631010157703,-0.8571428571428571,0
0.4444444444444444,0.0,0.7677374624451121,-0.9591836734693876,0
0.6944444444444444,-1.0,-0.2246250013756369,-0.7142857142857143,1
0.2777777777777778,0.0,0.3979002278054739,0.5306122448979592,0
-0.0833333333333333,-1.0,-0.0724135274632154,0.1632653061224489,1
0.2777777777777778,0.0,-0.5423641145850528,-0.8979591836734694,0
-0.1111111111111111,0.0,-0.239911078829498,-0.1224489795918367,0
-0.8055555555555556,0.0,-0.8164900348861522,0.5306122448979592,0
-0.9444444444444444,0.0,-0.2912168333938613,0.7142857142857143,0
0.1388888888888889,-1.0,0.7414572947274588,-0.1428571428571428,1
-0.1666666666666666,0.0,0.4813298557231998,-0.2040816326530612,0
-0.1111111111111111,-1.0,0.7114904200644898,0.6938775510204082,1
-0.25,-1.0,-0.1529598203968437,0.979591836734694,1
0.4166666666666667,0.0,-0.7116995168763137,-0.0816326530612244,0
-0.3888888888888889,0.0,-0.8871537521872627,0.7959183673469388,0
-0.1666666666666666,-1.0,-0.7403567851915437,0.7959183673469388,1
0.5555555555555556,-1.0,0.6843518549088228,0.3673469387755102,1
-0.8888888888888888,-1.0,-0.8664311576259808,-0.0612244897959183,1
0.4722222222222222,-1.0,0.4313447126019347,-0.0612244897959183,1
-0.1666666666666666,-1.0,-0.7733830763643567,-0.4489795918367347,1
0.9444444444444444,-1.0,0.4704788316990766,-1.020408163265306,1
0.9722222222222222,-1.0,-0.7050304290886681,0.5306122448979592,1
-0.3333333333333333,-1.0,0.6803900205795284,0.2448979591836734,1
0.8888888888888888,-1.0,0.2714516821288256,-0.9183673469387756,1
-0.4444444444444444,0.0,-0.4309265189782869,0.2448979591836734,0
0.6944444444444444,-1.0,-0.7419415189232614,0.8775510204081632,1
0.75,0.0,0.2165142460959424,0.0612244897959183,0
-0.7222222222222222,0.0,-0.8568677297588784,0.4693877551020408,0
0.75,-1.0,0.8052208172383813,0.3877551020408163,1
0.6666666666666666,0.0,-0.1754762455016672,-0.9183673469387756,0
-0.3055555555555556,-1.0,0.1796251664520673,0.9183673469387756,1
0.3611111111111111,-1.0,0.6964354496131709,-0.2244897959183673,1
0.5555555555555556,0.0,0.9564198223777608,-0.673469387755102,0
-0.3888888888888889,-1.0,0.820980113792686,-0.7142857142857143,1
-0.9444444444444444,0.0,0.3893602738067725,0.2448979591836734,0
-0.5555555555555556,-1.0,-0.2094379697800081,-0.0408163265306122,1
0.0277777777777777,-1.0,0.6216448215523788,-0.5714285714285714,1
0.6666666666666666,0.0,-0.1017090913092761,-0.6326530612244898,0
0.0277777777777777,-1.0,-0.5576281818481957,0.7142857142857143,1
-0.8333333333333334,0.0,-0.3340156492456007,0.7755102040816326,0
0.8055555555555556,-1.0,0.4432192104944589,0.9387755102040816,1
0.0,-1.0,0.1636457679905796,0.0204081632653061,1
-0.2777777777777778,0.0,0.4977384529036944,0.8979591836734694,0
0.3888888888888889,0.0,0.9740059647616848,-0.6938775510204082,0
0.7222222222222222,-1.0,0.6824149581256121,0.5918367346938775,1
0.0,0.0,0.7304301891775892,-0.5714285714285714,0
0.4444444444444444,0.0,0.6427966148326675,0.2244897959183673,0
-0.8333333333333334,0.0,-0.7694652624164988,-0.8775510204081632,0
0.6111111111111112,-1.0,0.2111987850374723,0.0816326530612244,1
0.75,-1.0,-0.9197728548317872,0.0,1
-0.6111111111111112,-1.0,0.1089394389602386,0.1632653061224489,1
-0.9722222222222222,-1.0,-0.0449338043514147,0.7959183673469388,1
0.4166666666666667,0.0,0.2537664938866695,-0.7755102040816326,0
0.3611111111111111,0.0,0.5954086742161621,-0.5918367346938775,0
0.0277777777777777,0.0,0.0966137321579891,0.4285714285714285,0
0.5833333333333334,-1.0,-0.7214830466505993,0.7959183673469388,1
0.4166666666666667,-1.0,-0.266532404503285,0.979591836734694,1
0.8888888888888888,0.0,-0.2835132666424554,-0.5714285714285714,0
0.4444444444444444,-1.0,-0.9056643225813552,0.979591836734694,1
0.6666666666666666,-1.0,-0.049610969879054,0.9591836734693876,1
0.5277777777777778,0.0,0.6909218968382361,-0.4489795918367347,0
0.1388888888888889,0.0,-0.9114530027402687,0.1020408163265306,0
0.1111111111111111,0.0,-0.6067769377221653,0.9183673469387756,0
0.1388888888888889,-1.0,0.0869842737187317,0.673469387755102,1
0.25,0.0,0.6528112516094952,-0.1020408163265306,0
-0.6666666666666666,0.0,-0.0660195670595485,-0.9183673469387756,0
0.0,0.0,0.9970726446344658,-0.6326530612244898,0
0.4166666666666667,0.0,0.7829575093268183,0.8571428571428571,0
0.3888888888888889,0.0,0.4976944325222578,0.6122448979591837,0
0.1388888888888889,-1.0,-0.1193392540746365,0.673469387755102,1
-0.8611111111111112,-1.0,-0.8937458043073944,-0.673469387755102,1
0.4444444444444444,0.0,-0.4305743559267941,0.979591836734694,0
-0.0277777777777777,-1.0,-0.3434690261591117,-0.4693877551020408,1
0.8055555555555556,0.0,0.7159694938756644,-0.9591836734693876,0
0.5833333333333334,0.0,0.4196683064258751,0.3265306122448979,0
-0.75,0.0,0.8020513497749459,0.1836734693877551,0
0.9166666666666666,0.0,-0.3019908217504705,-0.4489795918367347,0
0.4444444444444444,0.0,-0.465625584645691,0.5102040816326531,0
-0.0277777777777777,0.0,-0.6510064159705944,0.5714285714285714,0
-0.2777777777777778,0.0,0.3530764744076507,-0.8367346938775511,0
0.8055555555555556,0.0,0.7996192237005734,0.3673469387755102,0
0.0555555555555555,0.0,-0.5784608273630691,0.979591836734694,0
0.0,0.0,-0.2672917560830664,0.673469387755102,0
-0.1944444444444444,0.0,-0.2043426106287211,-0.0816326530612244,0
-0.7222222222222222,0.0,0.7652503108939439,-0.1224489795918367,0
-0.7222222222222222,-1.0,0.5753353802810701,0.1428571428571428,1
0.6666666666666666,0.0,0.792102743570273,0.1428571428571428,0
0.2777777777777778,0.0,0.3983184214291216,0.4285714285714285,0
0.9444444444444444,-1.0,0.5215204639748203,-0.4285714285714285,1
-0.5,-1.0,0.1221235432005018,-0.6326530612244898,1
0.6666666666666666,-1.0,0.4550386829101874,-0.3265306122448979,1
-0.0277777777777777,0.0,-0.1638108444209669,-0.9591836734693876,0
0.6111111111111112,0.0,-0.941155755114618,-0.0816326530612244,0
-0.2222222222222222,0.0,-0.4703357654594077,0.1836734693877551,0
0.6944444444444444,0.0,0.5723750096294584,-1.0,0
-0.0555555555555555,-1.0,-0.0249045307977593,-0.8163265306122449,1
-0.2222222222222222,0.0,0.0950179933309122,-0.3265306122448979,0
-0.0555555555555555,0.0,-0.9736317915194737,0.7959183673469388,0
-0.1944444444444444,-1.0,-0.7426898654076838,0.3673469387755102,1
-0.4444444444444444,-1.0,0.1180186426315384,-0.0612244897959183,1
0.0,-1.0,0.512397239922084,-0.7551020408163265,1
0.2222222222222222,0.0,-0.0438773151969361,0.6530612244897959,0
0.4166666666666667,0.0,-0.9221389503340046,-0.4693877551020408,0
0.4444444444444444,-1.0,-0.5798034489968855,-0.8979591836734694,1
-0.3055555555555556,0.0,-0.6426645536883577,0.8979591836734694,0
0.3333333333333333,0.0,0.661373215798915,-0.9387755102040816,0
-0.8888888888888888,0.0,0.2908096448655727,0.3877551020408163,0
0.8333333333333334,0.0,-0.8533571043393091,-0.3877551020408163,0
0.5555555555555556,0.0,-0.405394697745056,0.5102040816326531,0
0.3611111111111111,-1.0,0.9365116048730562,-0.5102040816326531,1
-0.5555555555555556,-1.0,0.830070322559345,-0.7755102040816326,1
0.3888888888888889,0.0,-0.7709839655760617,-0.7959183673469388,0
-0.4444444444444444,-1.0,-0.8889475827308043,-0.2653061224489796,1
-0.0277777777777777,0.0,0.4915645944072105,0.7959183673469388,0
-0.1111111111111111,0.0,-0.8877370222412977,-0.0204081632653061,0
-0.0555555555555555,0.0,-0.1791079269701872,0.979591836734694,0
0.8611111111111112,0.0,0.948287056907348,-0.8163265306122449,0
-0.0277777777777777,0.0,-0.7733610661736384,-0.7755102040816326,0
0.2777777777777778,0.0,-0.433622767341279,-0.8367346938775511,0
0.6111111111111112,-1.0,-0.5950455060693101,-0.3469387755102041,1
-0.6666666666666666,-1.0,0.7920917384749139,0.3877551020408163,1
-0.7777777777777778,0.0,0.995708012809931,0.673469387755102,0
0.3055555555555556,-1.0,0.7903089130267313,-0.2653061224489796,1
-0.9444444444444444,-1.0,-0.8376748434525185,1.0,1
0.5833333333333334,0.0,0.7974402148194614,0.2244897959183673,0
0.7222222222222222,0.0,0.940792586967766,0.7142857142857143,0
-0.5277777777777778,-1.0,0.6513695841174464,0.7346938775510204,1
-0.6388888888888888,-1.0,-0.9052791442437848,-0.7551020408163265,1
-0.1944444444444444,0.0,0.502514664289566,-0.673469387755102,0
-0.7222222222222222,-1.0,-0.8988741787447588,0.1632653061224489,1
-0.5277777777777778,-1.0,-0.7941937116885118,0.8163265306122449,1
0.1388888888888889,0.0,0.8588926673049622,-0.8979591836734694,0
0.8055555555555556,0.0,0.2397900227805474,-0.8163265306122449,0
-0.75,0.0,0.7924328964310475,-0.5510204081632653,0
-0.6666666666666666,0.0,-0.944567334675955,0.2244897959183673,0
0.5,0.0,-0.4294408311048015,1.0,0
-0.9722222222222222,0.0,0.5627345460948419,-0.9183673469387756,0
0.7222222222222222,-1.0,0.9739289290941706,0.2857142857142857,1
-0.8333333333333334,-1.0,0.3700793467375395,-0.4285714285714285,1
-0.5555555555555556,0.0,0.5068946922425083,0.4285714285714285,0
-0.7777777777777778,-1.0,-0.8296741391264155,-0.5918367346938775,1
0.0555555555555555,0.0,0.1564264254349764,0.1224489795918367,0
-0.4444444444444444,0.0,0.8308957047112813,-0.3673469387755102,0
-0.0555555555555555,0.0,0.0784553248153895,0.2857142857142857,0
-0.9444444444444444,0.0,0.3684946130058217,0.3265306122448979,0
-0.2222222222222222,0.0,-0.2569579715408234,0.6122448979591837,0
0.7222222222222222,0.0,0.8129243839897873,0.7142857142857143,0
0.9722222222222222,-1.0,-0.8826416630900107,0.1632653061224489,1
0.75,0.0,-0.1742656850121606,0.7551020408163265,0
0.1111111111111111,-1.0,-0.3052373248814201,0.0816326530612244,1
0.3333333333333333,-1.0,-0.1594638317541021,-0.8979591836734694,1
1.0,0.0,0.8483167706648178,0.5918367346938775,0
-0.6944444444444444,-1.0,-0.4026104086191907,-0.1428571428571428,1
-0.25,-1.0,0.5001705789780668,-1.020408163265306,1
0.3611111111111111,-1.0,-0.4910363498299713,0.2040816326530612,1
0.25,-1.0,0.4253689458219155,-0.4285714285714285,1
0.1111111111111111,0.0,-0.9222710114783144,-0.9183673469387756,0
0.9722222222222222,0.0,-0.0400475420119515,0.4489795918367347,0
0.6111111111111112,-1.0,-0.0004512089097252,0.7346938775510204,1
0.5277777777777778,0.0,-0.2529521168300923,0.0816326530612244,0
0.3055555555555556,0.0,-0.9194977274478084,-0.2448979591836734,0
-0.5833333333333334,-1.0,0.7540031034368913,-0.1428571428571428,1
-0.3611111111111111,0.0,-0.4886482441370354,0.6530612244897959,0
-0.0277777777777777,-1.0,0.6194988279573442,-0.2448979591836734,1
-0.6388888888888888,0.0,0.38459506751626,0.8979591836734694,0
0.5277777777777778,-1.0,-0.908701728900481,0.7142857142857143,1
0.0277777777777777,0.0,-0.5326576204782815,-0.0408163265306122,0
-0.6666666666666666,0.0,-0.9658401840051944,-0.4693877551020408,0
-0.6111111111111112,-1.0,-0.2291701057589664,0.1632653061224489,1
-0.1944444444444444,0.0,-0.1113495548438927,-0.2040816326530612,0
-0.3611111111111111,-1.0,-0.9233825261095888,0.9591836734693876,1
0.8055555555555556,0.0,-0.3461322592360263,-0.1428571428571428,0
0.9444444444444444,0.0,-0.5194515060473,0.0204081632653061,0
0.0277777777777777,-1.0,-0.0088921170501942,-0.8367346938775511,1
-0.1111111111111111,-1.0,-0.5913147787425578,0.0816326530612244,1
0.1111111111111111,0.0,0.675129584997854,-0.5714285714285714,0
0.0,0.0,0.2469873551454323,-0.3469387755102041,0
0.2777777777777778,0.0,-0.1374096206543629,-0.6938775510204082,0
-0.6944444444444444,-1.0,-0.948210021239834,-0.7959183673469388,1
-0.7777777777777778,-1.0,0.1270208106353241,-0.2857142857142857,1
-0.5,-1.0,-0.7789956749975239,0.8367346938775511,1
-1.0,0.0,-0.6963143935642202,-0.7959183673469388,0
-0.5,-1.0,0.9591050656453938,-0.3469387755102041,1
-0.4444444444444444,0.0,-0.5538864494260842,-0.1020408163265306,0
0.3055555555555556,0.0,-0.6466263880176522,0.7551020408163265,0
0.4166666666666667,-1.0,0.7545753683955672,0.7346938775510204,1
0.6666666666666666,0.0,0.0734920268084123,-0.7755102040816326,0
-0.4722222222222222,-1.0,0.6220410049853082,0.2244897959183673,1
-0.5555555555555556,-1.0,0.1096327599678651,-0.3673469387755102,1
0.5,-1.0,-0.5560104328304005,-0.8163265306122449,1
0.6388888888888888,0.0,0.1265475915348806,0.6122448979591837,0
0.25,-1.0,-0.1146180681655606,-0.0204081632653061,1
-0.4444444444444444,0.0,-0.5956617914094225,0.8775510204081632,0
0.8888888888888888,0.0,0.5672796504781714,-0.1020408163265306,0
-0.1388888888888889,-1.0,-0.3971298711303333,0.2653061224489796,1
0.2222222222222222,0.0,-0.2414738023704975,-0.9387755102040816,0
0.0555555555555555,0.0,-0.2409125425071808,-0.7142857142857143,0
1.0,0.0,0.0537268755433765,0.1428571428571428,0
-0.2222222222222222,0.0,-0.7049754036118723,0.0816326530612244,0
-0.8333333333333334,0.0,-0.287629172306778,0.0,0
-0.1388888888888889,-1.0,-0.2063675481748049,-0.7755102040816326,1
0.25,0.0,-0.3922105935047927,-0.5102040816326531,0
-0.1944444444444444,0.0,0.4563592943532856,0.1632653061224489,0
-0.7222222222222222,-1.0,-0.5853610221532569,-0.9387755102040816,1
0.1388888888888889,0.0,0.8070696732587188,0.3061224489795918,0
0.6111111111111112,-1.0,0.6712888067175102,-0.7959183673469388,1
0.7222222222222222,0.0,0.6093191147501293,-0.9591836734693876,0
-0.6111111111111112,0.0,0.714703907909362,-0.8367346938775511,0
-0.0833333333333333,0.0,-0.778643511946031,-0.9183673469387756,0
0.0277777777777777,0.0,0.5465240406308121,-0.5102040816326531,0
-0.9166666666666666,-1.0,-0.4724157284822873,0.2040816326530612,1
-0.9722222222222222,0.0,-0.7883830213388799,-0.4693877551020408,0
0.1388888888888889,-1.0,-0.6520078796482771,-0.8775510204081632,1
0.8333333333333334,0.0,0.7885591028646263,-1.020408163265306,0
0.75,0.0,-0.6507973191587705,-0.7959183673469388,0
0.0555555555555555,-1.0,-0.0622118040652822,0.3469387755102041,1
-0.8055555555555556,-1.0,0.5689414198774032,-0.7551020408163265,1
0.25,0.0,-0.8461047464976285,0.5918367346938775,0
-0.1666666666666666,-1.0,0.9013063048191312,1.0,1
0.1111111111111111,0.0,0.859244830356455,0.5918367346938775,0
0.7777777777777778,-1.0,0.9468784047013769,-0.5918367346938775,1
0.3055555555555556,-1.0,0.653163414660988,-0.2244897959183673,1
0.9166666666666666,0.0,-0.5287067912443462,-0.7346938775510204,0
-0.6666666666666666,-1.0,0.5767990579638372,0.2857142857142857,1
0.4722222222222222,0.0,0.1458835440809094,-0.2244897959183673,0
-0.7222222222222222,-1.0,0.1031947791827616,-0.3673469387755102,1
0.8055555555555556,-1.0,-0.1187559840206015,0.673469387755102,1
-0.1666666666666666,-1.0,0.9088778104262274,-0.1020408163265306,1
0.0833333333333333,0.0,0.1101720096404635,0.3265306122448979,0
0.0277777777777777,0.0,-0.287486106067109,0.4489795918367347,0
0.9444444444444444,-1.0,-0.1187339738298832,-0.8775510204081632,1
0.6111111111111112,-1.0,-0.880484664399617,-0.8979591836734694,1
0.1111111111111111,0.0,-0.6322427283832415,-0.8163265306122449,0
0.3611111111111111,-1.0,0.9833162754355268,0.1632653061224489,1
-0.8055555555555556,-1.0,-0.3684726028151034,-0.1224489795918367,1
0.9444444444444444,0.0,0.4565683911651094,0.7346938775510204,0
0.8055555555555556,-1.0,-0.5550089691527177,0.3265306122448979,1
-0.8333333333333334,0.0,-0.6520959204111504,-0.6530612244897959,0
0.8611111111111112,-1.0,-0.9128176345648036,-0.3265306122448979,1
-0.5,0.0,-0.0386719050920576,-0.2857142857142857,0
0.2777777777777778,-1.0,-0.4405449723221851,-0.7959183673469388,1
0.1111111111111111,0.0,0.1379488703269613,-0.6938775510204082,0
0.1666666666666666,0.0,-0.6329910748676637,0.9387755102040816,0
0.8055555555555556,-1.0,-0.7540251136276096,0.7142857142857143,1
-0.2222222222222222,0.0,-0.09063796537797,0.6530612244897959,0
-0.5277777777777778,0.0,-0.1480625529620214,-0.6530612244897959,0
0.7777777777777778,0.0,-0.6401994123279078,-0.5102040816326531,0
0.9166666666666666,-1.0,-0.3561248858221356,-0.1020408163265306,1
-0.6944444444444444,0.0,-0.5812671266796526,-0.8163265306122449,0
0.2222222222222222,-1.0,-0.124390592844487,0.2448979591836734,1
0.8055555555555556,0.0,-0.8584854787766736,-0.673469387755102,0
0.25,0.0,-0.9608108554260624,0.8571428571428571,0
0.6944444444444444,0.0,0.047575027237611,0.6122448979591837,0
0.4166666666666667,0.0,0.3758790319918122,0.4489795918367347,0
-0.8611111111111112,0.0,0.5008198796042568,0.3469387755102041,0
-0.1111111111111111,-1.0,-0.0403446795866486,-0.3469387755102041,1
0.25,-1.0,-0.428967612004358,-1.020408163265306,1
0.9166666666666666,0.0,0.0448347584931823,0.1428571428571428,0
0.5833333333333334,0.0,-0.3315615129805099,-0.8163265306122449,0
-0.7777777777777778,0.0,0.898962219507632,-0.673469387755102,0
-0.1944444444444444,-1.0,0.0103557947329613,-0.8571428571428571,1
0.0833333333333333,0.0,-0.384452001276591,0.1632653061224489,0
-0.2222222222222222,-1.0,0.2103403875994585,-0.6530612244897959,1
-0.1944444444444444,0.0,0.471381249518527,0.9591836734693876,0
-0.6944444444444444,-1.0,0.5211572958279683,-0.979591836734694,1
0.0277777777777777,0.0,0.7218792300835287,-0.8775510204081632,0
-0.6388888888888888,-1.0,-0.1965289929237237,0.0816326530612244,1
0.1111111111111111,-1.0,0.5856691648233132,0.1428571428571428,1
0.5555555555555556,0.0,-0.9510933562239317,0.2040816326530612,0
-0.5277777777777778,0.0,-0.7201514301121419,-0.8367346938775511,0
0.9444444444444444,-1.0,0.7652503108939439,0.4081632653061224,1
-0.0277777777777777,0.0,-0.3671299811812869,-0.5918367346938775,0
0.8333333333333334,-1.0,0.4134614326433138,0.673469387755102,1
-0.7222222222222222,0.0,0.9569700771457184,0.5714285714285714,0
-0.4722222222222222,-1.0,-0.2720789725642972,0.5102040816326531,1
0.8333333333333334,-1.0,0.8975755774923789,0.6938775510204082,1
-0.3055555555555556,-1.0,-0.2873100245413627,-0.3061224489795918,1
0.7777777777777778,0.0,0.5534792608977956,0.7142857142857143,0
-0.2777777777777778,0.0,0.3634652844266895,0.4285714285714285,0
0.8888888888888888,0.0,0.4334576909108917,0.7142857142857143,0
-0.8888888888888888,0.0,-0.7392342654649102,0.8775510204081632,0
0.6944444444444444,0.0,0.3898224878118569,0.9591836734693876,0
-0.9722222222222222,-1.0,-0.3458681369474066,-0.2857142857142857,1
-0.3888888888888889,0.0,0.7183575995686002,-0.8571428571428571,0
0.6111111111111112,-1.0,0.481704028965411,-0.5510204081632653,1
0.8333333333333334,0.0,-0.421109973917924,0.8571428571428571,0
-0.8611111111111112,0.0,0.5557793258278583,0.3469387755102041,0
-0.9444444444444444,-1.0,-0.3755158638449602,0.7959183673469388,1
0.2222222222222222,0.0,-0.1131984108642301,-0.5102040816326531,0
-0.5277777777777778,-1.0,0.4451230919915921,0.5102040816326531,1
-0.0277777777777777,-1.0,-0.6179140942256265,0.8979591836734694,1
0.2777777777777778,-1.0,-0.2576402874530907,0.5918367346938775,1
0.8611111111111112,0.0,-0.1107993000759351,-0.2653061224489796,0
0.1944444444444444,-1.0,0.8347254778962659,-0.1020408163265306,1
-0.6111111111111112,0.0,-0.1404910473549253,-0.8367346938775511,0
0.1944444444444444,0.0,-0.514367151991372,0.5918367346938775,0
0.4444444444444444,-1.0,-0.045318982688985,0.4081632653061224,1
0.1388888888888889,-1.0,0.1877249166364026,-0.5102040816326531,1
0.2222222222222222,-1.0,-0.978253931570317,-0.7755102040816326,1
0.8333333333333334,-1.0,-0.3466274885271881,-0.9387755102040816,1
0.4722222222222222,-1.0,-0.4239823038066624,-0.3877551020408163,1
-0.5277777777777778,-1.0,0.30290424466528,-0.6530612244897959,1
0.5833333333333334,-1.0,0.8405141580551796,0.3469387755102041,1
-0.9444444444444444,0.0,0.6539117611454103,0.6122448979591837,0
0.0555555555555555,-1.0,0.3832414407870844,0.6938775510204082,1
-0.0833333333333333,-1.0,0.23729186613402,-0.8367346938775511,1
0.0833333333333333,-1.0,-0.1869105395798254,-0.979591836734694,1
-0.6111111111111112,0.0,0.9873771556230536,0.8775510204081632,0
-0.9166666666666666,-1.0,-0.8881332056742272,0.0204081632653061,1
1.0,-1.0,0.9695489011412284,-0.2040816326530612,1
0.5555555555555556,-1.0,0.9713977571615658,-0.2040816326530612,1
0.9722222222222222,-1.0,-0.9438740136683283,-0.3061224489795918,1
0.8055555555555556,-1.0,0.8544466087798651,0.2040816326530612,1
-0.3333333333333333,0.0,-0.3528453674051086,0.673469387755102,0
0.6111111111111112,-1.0,-0.4802733665687213,-0.8163265306122449,1
-0.9722222222222222,-1.0,0.064820011665401,-0.1632653061224489,1
0.8611111111111112,-1.0,0.4082230072523578,-0.7142857142857143,1
-0.9444444444444444,-1.0,-0.6625067406209075,0.1020408163265306,1
-0.4722222222222222,0.0,-0.8221026335193194,0.7142857142857143,0
0.6666666666666666,0.0,-0.4936775727161676,0.8979591836734694,0
-0.3888888888888889,0.0,0.2227651402599403,-0.8775510204081632,0
-0.2777777777777778,0.0,0.765547448468641,0.9387755102040816,0
-0.3888888888888889,-1.0,0.6833944116125766,-0.8163265306122449,1
-0.1944444444444444,-1.0,-0.2086786182002267,0.673469387755102,1
-0.75,0.0,-0.1112174936995829,0.9387755102040816,0
0.2777777777777778,-1.0,-0.7400266323307692,0.5510204081632653,1
-0.25,-1.0,0.6743372181319951,-0.8367346938775511,1
-0.75,-1.0,-0.5859222820165737,-0.8571428571428571,1
0.6666666666666666,0.0,-0.8657708519044317,-0.8775510204081632,0
-0.1111111111111111,0.0,-0.625375548879131,0.1632653061224489,0
0.3333333333333333,0.0,-0.9132468332838104,-0.2244897959183673,0
-0.3888888888888889,-1.0,0.2209603046210395,0.3673469387755102,1
0.8333333333333334,0.0,-0.7761013349180671,0.5918367346938775,0
0.3611111111111111,0.0,0.3717851365182079,-0.9387755102040816,0
-0.1388888888888889,-1.0,0.0684296829432027,0.4897959183673469,1
-0.5555555555555556,0.0,-0.9795965532041336,-0.1224489795918367,0
-0.6111111111111112,0.0,0.2489572672147204,0.2448979591836734,0
-0.6666666666666666,0.0,0.2857803162864406,0.1020408163265306,0
-0.25,0.0,-0.3135791871636568,0.3061224489795918,0
0.7222222222222222,0.0,-0.6344987729318674,-0.4285714285714285,0
-0.8611111111111112,-1.0,0.7811416685925584,-0.7551020408163265,1
0.8888888888888888,-1.0,-0.3063488395126943,-0.7959183673469388,1
0.8055555555555556,-1.0,0.4168289918232141,-0.8163265306122449,1
-0.9722222222222222,0.0,-0.8311818371906192,-0.2857142857142857,0
0.5277777777777778,-1.0,0.6578846005700639,0.8163265306122449,1
0.3888888888888889,-1.0,0.8824545764689051,0.2653061224489796,1
0.6666666666666666,-1.0,0.3599876742931977,0.5306122448979592,1
0.5277777777777778,-1.0,0.4065942531392034,-0.1020408163265306,1
-0.5833333333333334,0.0,-0.2776255406253095,-0.9183673469387756,0
0.9444444444444444,0.0,-0.6444803944226176,0.5918367346938775,0
0.0277777777777777,0.0,0.6460651281543355,0.0408163265306122,0
0.9722222222222222,0.0,0.0265332849109137,-0.979591836734694,0
-0.0833333333333333,-1.0,-0.6704964398516513,-0.3265306122448979,1
0.5277777777777778,0.0,0.5141580551795482,-0.6326530612244898,0
-0.4166666666666667,-1.0,-0.597147479282908,-0.4285714285714285,1
-0.0555555555555555,0.0,-0.8320622448193513,0.4081632653061224,0
-0.1388888888888889,-1.0,-0.9135989963353032,-0.5102040816326531,1
-0.7777777777777778,-1.0,-0.0194019831181837,-0.1224489795918367,1
0.75,-1.0,0.6254085641652085,-0.0612244897959183,1
0.0,0.0,-0.945304676065018,0.5306122448979592,0
-0.7777777777777778,-1.0,-0.2944303212387335,-0.5102040816326531,1
-0.1944444444444444,0.0,0.7591754982556924,-0.2448979591836734,0
-0.9166666666666666,-1.0,0.8866034974193051,0.2653061224489796,1
-0.9166666666666666,-1.0,-0.0020689579275204,-0.3265306122448979,1
0.1666666666666666,-1.0,-0.7486656321877029,0.2857142857142857,1
0.6111111111111112,-1.0,-0.2278384892205091,-0.1020408163265306,1
0.8888888888888888,-1.0,0.48003125447082,0.3061224489795918,1
0.8611111111111112,-1.0,0.2855161939978209,-0.3877551020408163,1
-0.8888888888888888,-1.0,0.5687653383516568,-1.0,1
-0.8333333333333334,0.0,-0.9590940605500348,0.9591836734693876,0
-0.1666666666666666,0.0,-0.4129111778753563,-0.7551020408163265,0
-0.2777777777777778,-1.0,0.6461311587264904,0.6326530612244898,1
-1.0,-1.0,0.5927564462346067,-1.0,1
-0.0555555555555555,-1.0,-0.7598247988818823,0.5714285714285714,1
-0.7222222222222222,0.0,-0.210813606699902,-0.4285714285714285,0
0.1666666666666666,-1.0,0.5522466902175708,0.979591836734694,1
-0.3055555555555556,-1.0,0.504330505023826,-0.9387755102040816,1
-0.0833333333333333,0.0,-0.8402610408619191,-0.5510204081632653,0
0.9166666666666666,0.0,0.3810074064291767,0.0204081632653061,0
0.5,0.0,-0.2361143209305908,-0.0816326530612244,0
0.5833333333333334,0.0,-0.0694531568116037,-0.9183673469387756,0
-0.25,0.0,-0.8385662561766097,-0.5510204081632653,0
-0.75,0.0,-0.7117435372577503,0.673469387755102,0
0.4722222222222222,0.0,-0.8258003455599943,-0.6326530612244898,0
-0.7777777777777778,-1.0,0.5582004468068715,1.0,1
0.6111111111111112,-1.0,0.0220211958136617,0.6122448979591837,1
-0.3055555555555556,-1.0,-0.1040641817161345,0.0612244897959183,1
-0.6666666666666666,-1.0,-0.4853797308153675,-0.979591836734694,1
-0.0833333333333333,-1.0,0.885723089790573,-0.3673469387755102,1
0.6111111111111112,-1.0,-0.5884754641398968,-0.2857142857142857,1
-0.8055555555555556,-1.0,0.3921885833140744,0.7959183673469388,1
-0.0833333333333333,0.0,-0.5811240604399837,-0.8979591836734694,0
0.5,0.0,-0.6484752440379896,1.0,0
0.4444444444444444,0.0,-0.0772667745166011,-0.6122448979591837,0
0.3888888888888889,0.0,0.4466528002465141,-0.3061224489795918,0
1.0,-1.0,0.2404063081206598,0.9387755102040816,1
0.2777777777777778,-1.0,-0.754344261393025,0.0408163265306122,1
-1.0,-1.0,0.4573937733170458,-0.1224489795918367,1
-0.6388888888888888,0.0,0.0064599909758218,-0.8775510204081632,0
-0.4722222222222222,0.0,-0.3938063323318697,-0.2448979591836734,0
-0.5555555555555556,-1.0,0.7068572749182872,0.1836734693877551,1
-0.4722222222222222,0.0,0.4095106034093785,0.6530612244897959,0
0.9444444444444444,-1.0,0.0482683482452375,0.0816326530612244,1
0.1111111111111111,0.0,-0.7351843903727425,-0.0612244897959183,0
-0.8333333333333334,0.0,-0.2954758052978529,0.6326530612244898,0
-0.3055555555555556,-1.0,-0.2977868753232747,0.6530612244897959,1
0.2222222222222222,-1.0,-0.3754938536542419,0.2653061224489796,1
0.8333333333333334,-1.0,0.9970066140623108,-0.1836734693877551,1
-0.8333333333333334,0.0,0.0227805473934431,-0.2244897959183673,0
0.6666666666666666,0.0,-0.8843804681567565,-0.1020408163265306,0
0.0277777777777777,0.0,0.4868103932120571,0.8571428571428571,0
0.2777777777777778,-1.0,-0.5742458758405141,-0.0204081632653061,1
0.8611111111111112,-1.0,0.8397658115707572,-0.2857142857142857,1
-0.5277777777777778,0.0,0.9963793236268392,0.0816326530612244,0
-0.1111111111111111,0.0,0.3884578559873221,-0.0408163265306122,0
-0.75,0.0,0.7827484125149945,0.6938775510204082,0
-0.75,-1.0,0.3232196506982733,0.673469387755102,1
-0.8333333333333334,0.0,-0.8513761871746619,0.5510204081632653,0
1.0,-1.0,-0.956584898808148,0.7551020408163265,1
-0.0277777777777777,-1.0,-0.2817084310035546,0.673469387755102,1
-0.7777777777777778,0.0,0.5736185854050425,0.2653061224489796,0
0.4166666666666667,-1.0,0.7520111811768849,-0.6122448979591837,1
0.5,-1.0,-0.693243971959017,-0.4081632653061224,1
-0.8055555555555556,-1.0,0.1815070377584821,-0.1020408163265306,1
0.9166666666666666,-1.0,-0.9602716057534638,0.1224489795918367,1
-0.75,0.0,0.5751152783738871,0.8163265306122449,0
0.4722222222222222,0.0,0.6451737154302442,-0.5918367346938775,0
-0.2777777777777778,-1.0,0.8302023837036548,0.5714285714285714,1
0.25,0.0,0.3965686112670166,0.1632653061224489,0
-0.6944444444444444,0.0,-0.437188418237644,0.1020408163265306,0
0.5,0.0,-0.7636325618761487,0.4285714285714285,0
-0.1944444444444444,0.0,-0.490431069585218,0.0204081632653061,0
0.4444444444444444,0.0,-0.8381370574576029,0.1224489795918367,0
-1.0,0.0,-0.6527782363234177,-0.7959183673469388,0
0.25,-1.0,0.7409950807223744,0.0,1
-0.3055555555555556,0.0,0.6724553468255803,0.3469387755102041,0
-0.4722222222222222,0.0,-0.7514499213135681,-0.3469387755102041,0
0.0277777777777777,-1.0,0.5983360295816963,0.5306122448979592,1
-0.8888888888888888,0.0,0.9299195527529246,-0.8571428571428571,0
-0.1111111111111111,-1.0,-0.4602330879197068,-0.6326530612244898,1
0.8611111111111112,0.0,0.0728427261822223,0.7755102040816326,0
-0.8333333333333334,0.0,0.2086456029141492,0.9387755102040816,0
0.5555555555555556,-1.0,-0.1186019126855734,0.0816326530612244,1
0.9166666666666666,0.0,-0.6543409598644172,0.5510204081632653,0
0.8611111111111112,-1.0,0.7425467991680148,0.0408163265306122,1
-0.5833333333333334,-1.0,-0.224636006470996,0.1428571428571428,1
0.0833333333333333,-1.0,-0.7071544124929843,0.4693877551020408,1
-0.6666666666666666,-1.0,-0.0676153058866255,-0.8571428571428571,1
-0.2777777777777778,-1.0,0.067142086786182,0.673469387755102,1
0.9444444444444444,0.0,0.2104174232669726,-0.673469387755102,0
0.8888888888888888,0.0,0.0986496747994321,-0.4693877551020408,0
-0.0555555555555555,-1.0,0.8007087281411294,-0.3265306122448979,1
0.2777777777777778,0.0,-0.8867905840404107,-0.0204081632653061,0
0.6944444444444444,0.0,0.6688126602617012,-0.9387755102040816,0
0.1944444444444444,0.0,0.5311389173187185,-0.9387755102040816,0
0.3333333333333333,0.0,-0.8835660911001794,-0.8979591836734694,0
-0.3611111111111111,0.0,-0.0861698966621545,-0.7959183673469388,0
-0.9444444444444444,0.0,-0.7550485874960107,-0.0816326530612244,0
0.1111111111111111,-1.0,-0.1132754465317441,0.8571428571428571,1
0.6944444444444444,0.0,-0.7158924582081504,0.0816326530612244,0
-0.7777777777777778,-1.0,0.9816104856548582,-0.4081632653061224,1
-0.8333333333333334,-1.0,-0.2988103491916757,-0.6530612244897959,1
0.8888888888888888,-1.0,-0.1069585217955913,-0.2040816326530612,1
1.0,-1.0,-0.4882190454180286,0.3469387755102041,1
-0.9166666666666666,0.0,0.0485764909152937,0.1632653061224489,0
-0.1388888888888889,-1.0,-0.5006878184599469,0.3673469387755102,1
-0.4444444444444444,-1.0,-0.1182607547294397,-0.6122448979591837,1
-0.6666666666666666,-1.0,0.4129331880660746,0.8571428571428571,1
0.3055555555555556,0.0,0.0076815565606875,-0.0408163265306122,0
0.5833333333333334,-1.0,0.1889354771259093,-0.9387755102040816,1
0.6111111111111112,0.0,-0.2173946537246745,0.4489795918367347,0
0.0277777777777777,0.0,0.3776728625353538,-0.9387755102040816,0
0.75,0.0,0.7508666512595331,0.979591836734694,0
-0.3611111111111111,0.0,-0.0193799729274654,-0.6326530612244898,0
-0.1388888888888889,0.0,0.7252137739773515,0.3469387755102041,0
-0.0555555555555555,0.0,-0.8358810129089769,0.2040816326530612,0
-0.9722222222222222,-1.0,0.1121199115190333,0.5714285714285714,1
-0.5277777777777778,0.0,-0.7580199632429815,-0.7755102040816326,0
-0.5,0.0,-0.3783001529708255,0.4285714285714285,0
0.6666666666666666,0.0,0.2757876897003312,-0.8367346938775511,0
-0.3333333333333333,-1.0,-0.8848977076386367,-0.2244897959183673,1
0.0,0.0,-0.0506674590335325,0.3265306122448979,0
0.2777777777777778,-1.0,-0.3188946482221268,0.8367346938775511,1
0.8888888888888888,-1.0,0.2249001287596157,-1.0,1
0.8055555555555556,0.0,0.9252533923206444,-0.8979591836734694,0
0.25,0.0,0.9083605709443472,-0.7755102040816326,0
0.0,0.0,-0.3363817447478182,-0.7755102040816326,0
-0.8055555555555556,0.0,-0.3468255802436528,0.4285714285714285,0
0.2777777777777778,-1.0,-0.2710665037912553,-0.7755102040816326,1
0.9444444444444444,-1.0,0.5573200391781394,-0.2857142857142857,1
0.6666666666666666,0.0,0.4677935884314437,0.6326530612244898,0
-0.5,0.0,-0.4922249001287596,-0.6938775510204082,0
-0.5277777777777778,-1.0,0.5839413648519265,0.3877551020408163,1
0.3333333333333333,0.0,-0.4635786369088888,1.0,0
-0.9166666666666666,0.0,-0.6435339562217307,-0.9387755102040816,0
-0.9166666666666666,-1.0,0.0075494954163777,0.8979591836734694,1
0.5555555555555556,0.0,-0.5812781317750119,-0.5714285714285714,0
0.8333333333333334,-1.0,-0.1162908426601516,0.5102040816326531,1
-0.0833333333333333,-1.0,0.343204903870492,0.4489795918367347,1
0.3611111111111111,0.0,0.5554491729670837,-0.2857142857142857,0
-0.6111111111111112,0.0,-0.5885524998074109,-0.3469387755102041,0
-0.8333333333333334,-1.0,0.9130817568534232,-0.3061224489795918,1
-0.9166666666666666,-1.0,0.3666677671762026,-0.2040816326530612,1
0.6666666666666666,-1.0,-0.4236191356598105,0.0612244897959183,1
0.2777777777777778,0.0,0.4319609979420472,0.8367346938775511,0
0.7777777777777778,0.0,-0.9326488164019942,-0.3877551020408163,0
-0.9722222222222222,-1.0,-0.8730782352229082,-0.7755102040816326,1
0.6944444444444444,-1.0,0.5281345262856703,0.673469387755102,1
-0.3888888888888889,0.0,0.4604091694454532,-0.0408163265306122,0
-0.0277777777777777,-1.0,0.1308505838203088,0.2653061224489796,1
-0.0277777777777777,-1.0,0.0826922865286627,-0.1428571428571428,1
0.1388888888888889,0.0,-0.4891434734281972,-0.9387755102040816,0
0.0277777777777777,-1.0,0.96057974842352,-0.0408163265306122,1
0.5,0.0,-0.5151925341433083,-0.7346938775510204,0
-0.6111111111111112,0.0,0.0709938701618849,-0.7142857142857143,0
0.2777777777777778,-1.0,0.7938635588277373,0.4897959183673469,1
-0.5555555555555556,0.0,-0.7635775363993529,-0.8163265306122449,0
0.8888888888888888,0.0,-0.0818338890906489,1.0,0
0.9166666666666666,0.0,-0.5599502569689766,-0.6530612244897959,0
0.4722222222222222,-1.0,-0.949662693827242,0.9591836734693876,1
0.7777777777777778,-1.0,0.666325508710533,-1.020408163265306,1
-0.7222222222222222,0.0,0.2388435845796603,0.2040816326530612,0
0.6111111111111112,0.0,0.4844112824237622,-1.0,0
-0.9722222222222222,-1.0,0.5911607074075297,0.8367346938775511,1
0.9444444444444444,-1.0,-0.4714252698999637,0.7346938775510204,1
-0.7222222222222222,-1.0,-0.8826856834714473,0.6122448979591837,1
0.7222222222222222,-1.0,-0.1865253612422551,0.4897959183673469,1
0.0,-1.0,-0.7137134493270384,-0.5510204081632653,1
-0.6666666666666666,-1.0,0.4719425093818438,0.3673469387755102,1
-0.0833333333333333,-1.0,0.4406440181804175,-0.0204081632653061,1
0.4166666666666667,-1.0,0.3446795866486183,0.0816326530612244,1
-0.9166666666666666,0.0,-0.9551762466021768,0.0204081632653061,0
0.6388888888888888,0.0,-0.1649883896243961,0.8163265306122449,0
-0.3055555555555556,-1.0,-0.459737858628545,-0.4693877551020408,1
-0.1666666666666666,0.0,-0.755873969647947,-0.3061224489795918,0
-0.7777777777777778,0.0,-0.536553424235421,0.3061224489795918,0
-0.8888888888888888,0.0,0.982909086907238,-0.4285714285714285,0
-0.4722222222222222,0.0,0.2551201206158451,0.0204081632653061,0
-0.1388888888888889,0.0,-0.7911893206554634,0.7755102040816326,0
-0.9722222222222222,0.0,-0.6374921588695566,0.8775510204081632,0
0.4444444444444444,-1.0,0.4448039442261767,0.4489795918367347,1
0.9444444444444444,-1.0,0.6226462852300615,0.5306122448979592,1
-1.0,-1.0,-0.7568754333256298,-0.0408163265306122,1
0.6944444444444444,-1.0,0.0713680434040961,0.0612244897959183,1
0.25,-1.0,0.9146224702037044,-0.1224489795918367,1
-0.0277777777777777,0.0,-0.0234848734964288,0.5306122448979592,0
-0.9444444444444444,0.0,0.8094247636655771,-0.2653061224489796,0
0.3888888888888889,0.0,0.3341587154852696,-1.0,0
-0.7777777777777778,-1.0,0.296719381073437,0.673469387755102,1
-0.6111111111111112,-1.0,0.0987487206576645,-0.2653061224489796,1
-0.5555555555555556,-1.0,-0.6502800796768904,0.1224489795918367,1
0.6944444444444444,0.0,0.8736284899908657,-0.7755102040816326,0
0.4166666666666667,0.0,-0.1600471018081371,-0.5306122448979592,0
-0.6666666666666666,0.0,0.0276778148282654,-0.6122448979591837,0
-0.6666666666666666,-1.0,-0.844178854809777,0.3877551020408163,1
0.9722222222222222,-1.0,0.2835022615470963,0.3265306122448979,1
-0.3611111111111111,0.0,-0.9511593867960866,0.8571428571428571,0
-0.0555555555555555,-1.0,-0.3454939637051955,0.2857142857142857,1
-0.2777777777777778,0.0,-0.92077431850947,0.6326530612244898,0
-0.2222222222222222,-1.0,0.2780877546303938,0.0408163265306122,1
-0.4722222222222222,0.0,0.4119317243883918,0.1836734693877551,0
0.3611111111111111,-1.0,-0.8146301737704558,0.2244897959183673,1
-0.4722222222222222,0.0,-0.0741633376253205,-0.7346938775510204,0
-1.0,-1.0,0.6046639594132083,-0.7346938775510204,1
-0.5277777777777778,0.0,0.8427922127945239,0.6938775510204082,0
0.2222222222222222,0.0,-0.9753816016815786,0.2040816326530612,0
0.8333333333333334,0.0,0.4140447026973489,-0.8979591836734694,0
1.0,0.0,-0.1958576821068154,0.3265306122448979,0
0.8611111111111112,-1.0,-0.8374107211638989,0.8571428571428571,1
-0.9722222222222222,-1.0,0.4605632407804814,-0.8571428571428571,1
-0.3888888888888889,-1.0,-0.2675008528948903,0.8571428571428571,1
-0.8888888888888888,-1.0,-0.2903804461465659,-0.5306122448979592,1
-0.0277777777777777,0.0,0.3478490541120538,-0.1224489795918367,0
0.3333333333333333,-1.0,0.4579330229896442,0.9591836734693876,1
-0.6944444444444444,0.0,-0.5431454763555527,0.8775510204081632,0
0.5833333333333334,-1.0,-0.8016551663420164,0.0204081632653061,1
0.9722222222222222,0.0,-0.0630812065986551,0.673469387755102,0
-0.5,0.0,-0.921731761805716,0.5102040816326531,0
-0.1666666666666666,0.0,-0.1451902230732829,-0.3877551020408163,0
0.3888888888888889,-1.0,0.6943664916856505,0.1020408163265306,1
-0.75,-1.0,-0.196264870635104,-0.2244897959183673,1
0.1388888888888889,0.0,0.080678354077938,0.2448979591836734,0
-0.3611111111111111,-1.0,0.9560896695169864,-0.4693877551020408,1
-0.6944444444444444,-1.0,-0.9519737638526636,0.7346938775510204,1
-0.0555555555555555,0.0,-0.6061936676681303,-0.1632653061224489,0
0.25,-1.0,-0.7185446861897058,0.6530612244897959,1
-0.8611111111111112,0.0,0.5441689502239537,0.0408163265306122,0
0.4166666666666667,0.0,0.5414176763841658,0.5714285714285714,0
0.0555555555555555,-1.0,-0.2858793621446729,0.0408163265306122,1
0.2777777777777778,0.0,0.8332287849274214,0.0612244897959183,0
0.2222222222222222,0.0,0.4238722528530709,0.7551020408163265,0
-0.75,0.0,0.5527419195087325,0.4285714285714285,0
-0.6666666666666666,-1.0,0.2654869204441656,0.6326530612244898,1
0.6388888888888888,0.0,0.2642543497639407,0.3265306122448979,0
0.1944444444444444,0.0,-0.1538182178348575,-0.5306122448979592,0
-0.5277777777777778,0.0,0.2558904772909857,0.9387755102040816,0
-0.3888888888888889,0.0,-0.9308109654770158,-0.5714285714285714,0
-1.0,-1.0,-0.1078499345196826,-0.5510204081632653,1
-0.8055555555555556,-1.0,-0.506289411997755,-0.1020408163265306,1
0.5,0.0,0.6986584788757194,-0.3469387755102041,0
0.3611111111111111,0.0,-0.7160355244478194,0.1020408163265306,0
0.3611111111111111,0.0,0.9164713262240416,-0.5918367346938775,0
0.25,-1.0,-0.5072688654847194,0.3469387755102041,1
0.6666666666666666,-1.0,0.3167486546270923,-1.020408163265306,1
-0.0833333333333333,-1.0,-0.5355079401763017,0.7142857142857143,1
0.6111111111111112,0.0,-0.5475805297852906,0.5102040816326531,0
-0.9166666666666666,-1.0,0.5422650687268206,0.4693877551020408,1
0.3333333333333333,-1.0,0.3459121573288432,-0.2653061224489796,1
-0.6944444444444444,-1.0,0.2605126173418293,0.2244897959183673,1
0.5555555555555556,-1.0,0.7620478281444308,0.0816326530612244,1
1.0,-1.0,0.3879626266961603,0.8163265306122449,1
0.9722222222222222,0.0,-0.3216349169665555,0.673469387755102,0
0.1666666666666666,0.0,-0.0824171591446839,0.6938775510204082,0
-0.9166666666666666,-1.0,-0.1409972817414463,0.9183673469387756,1
-0.4444444444444444,-1.0,-0.4277460464194922,-0.8979591836734694,1
0.3888888888888889,-1.0,0.3212717488197035,-0.7551020408163265,1
-0.6666666666666666,0.0,0.9947175542276074,0.0,0
-0.6111111111111112,-1.0,-0.7836068099530082,0.0204081632653061,1
-0.0555555555555555,-1.0,0.893503692209493,-0.979591836734694,1
-1.0,-1.0,0.0527804373424895,0.4285714285714285,1
-0.5833333333333334,0.0,0.6619014603761542,-0.979591836734694,0
0.75,0.0,0.6617143737550486,-0.7346938775510204,0
-0.4444444444444444,0.0,-0.3816016815785709,-0.1020408163265306,0
1.0,0.0,0.5844145839523699,-0.8163265306122449,0
0.5,0.0,-0.6181341961328095,-0.6326530612244898,0
-1.0,-1.0,0.3736670078246228,0.5306122448979592,1
0.5555555555555556,-1.0,0.5339562217306613,0.7142857142857143,1
-0.1944444444444444,-1.0,0.291260853775298,-0.8979591836734694,1
-0.2777777777777778,-1.0,-0.2867707748687642,-0.0612244897959183,1
-0.6666666666666666,0.0,-0.6156360394862821,0.7346938775510204,0
0.3888888888888889,0.0,0.832106265200788,-0.5714285714285714,0
0.1388888888888889,0.0,0.4424708640100366,-0.2448979591836734,0
0.4166666666666667,0.0,-0.0742073580067571,0.7755102040816326,0
0.3055555555555556,-1.0,-0.4303432489242519,0.4285714285714285,1
0.1944444444444444,0.0,-0.3638504627642598,0.3877551020408163,0
0.9444444444444444,0.0,0.448754773460112,0.4693877551020408,0
0.75,-1.0,0.9603706516116962,0.7959183673469388,1
-0.8888888888888888,-1.0,-0.4296389228212662,-0.5102040816326531,1
-0.2777777777777778,0.0,-0.045318982688985,-0.5714285714285714,0
0.9444444444444444,0.0,-0.1529158000154071,0.1836734693877551,0
0.3611111111111111,0.0,0.2175267148689843,0.4285714285714285,0
0.5277777777777778,-1.0,0.1108433204573717,0.1836734693877551,1
0.1388888888888889,0.0,0.1769729384705118,0.979591836734694,0
-0.6666666666666666,0.0,-0.182948705250531,-0.7755102040816326,0
-0.6111111111111112,0.0,0.7675613809193657,1.0,0
-0.6388888888888888,-1.0,-0.3208535551960558,0.4489795918367347,1
-0.3333333333333333,0.0,0.7599128396447555,0.8775510204081632,0
-0.1944444444444444,0.0,-0.0937193920785323,-0.2857142857142857,0
0.8611111111111112,0.0,-0.5334499873441403,0.2448979591836734,0
-0.8888888888888888,-1.0,0.6581157075726061,-0.1836734693877551,1
-0.3333333333333333,0.0,-0.8319521938657598,0.5102040816326531,0
0.1944444444444444,0.0,0.95889596883357,0.0816326530612244,0
0.5555555555555556,-1.0,-0.7963727205696237,-0.2244897959183673,1
-0.2777777777777778,-1.0,-0.7338857891203627,-0.9591836734693876,1
-0.75,-1.0,-0.0914523424345472,-0.7755102040816326,1
-0.3333333333333333,0.0,0.4513409708695126,0.673469387755102,0
-0.0833333333333333,0.0,0.1685540405207611,0.0612244897959183,0
-0.8055555555555556,-1.0,0.9796735888716476,0.7959183673469388,1
-0.5555555555555556,0.0,-0.4811097538160168,-0.5918367346938775,0
0.3333333333333333,0.0,-0.950179933309122,-0.0408163265306122,0
0.8055555555555556,-1.0,-0.1851827396084387,0.8163265306122449,1
0.5,0.0,0.4909262988763798,-0.2653061224489796,0
-0.5555555555555556,-1.0,-0.7864681347463875,-0.0612244897959183,1
-0.5833333333333334,0.0,-0.7798980928169743,-0.3061224489795918,0
0.1388888888888889,-1.0,0.1731211550948089,-0.7551020408163265,1
0.9166666666666666,-1.0,-0.0637084970341268,-0.3673469387755102,1
0.0833333333333333,0.0,0.5292570460123037,0.5714285714285714,0
-0.8055555555555556,-1.0,0.1138807267764975,-0.9387755102040816,1
-0.3333333333333333,0.0,0.7204265574961207,0.2448979591836734,0
-0.8055555555555556,0.0,-0.8199346297335667,0.5918367346938775,0
0.5277777777777778,-1.0,0.6315714175663332,0.2244897959183673,1
-0.9722222222222222,0.0,0.0770906929908547,0.1632653061224489,0
-0.3055555555555556,0.0,-0.2560335435306547,-0.4489795918367347,0
-0.9166666666666666,0.0,0.0650621237633024,-0.7551020408163265,0
0.6666666666666666,-1.0,0.8894648222126845,0.3265306122448979,1
0.25,0.0,0.1408762256924956,0.7346938775510204,0
-0.9166666666666666,-1.0,-0.3386597994871625,0.7755102040816326,1
0.8611111111111112,0.0,-0.7915744989930338,0.7142857142857143,0
0.6944444444444444,0.0,0.2599733676692308,0.5918367346938775,0
0.2222222222222222,0.0,-0.5091947571725709,-0.0612244897959183,0
-0.3888888888888889,-1.0,0.1752341334037659,-0.1020408163265306,1
0.0555555555555555,0.0,0.456392309639363,-1.020408163265306,0
-0.1111111111111111,0.0,-0.5361352306117733,0.6122448979591837,0
-0.3333333333333333,-1.0,-0.2620423255967513,-0.6122448979591837,1
-0.75,-1.0,0.9064897047332916,-0.8367346938775511,1
-0.9722222222222222,-1.0,0.9560126338494724,0.8979591836734694,1
0.1388888888888889,-1.0,0.1584183476949827,-0.1020408163265306,1
-0.2777777777777778,0.0,-0.5756985484279221,-0.0204081632653061,0
0.8611111111111112,0.0,0.1970572375009629,-0.3673469387755102,0
-0.3888888888888889,0.0,0.9117831556010432,-0.0204081632653061,0
0.8055555555555556,0.0,-0.8926893151529158,-0.2653061224489796,0
-0.5,0.0,-0.1794160696402434,0.8367346938775511,0
0.4166666666666667,0.0,0.3694520563020678,-0.9387755102040816,0
0.8888888888888888,0.0,0.6285340112472074,-0.3061224489795918,0
-0.1666666666666666,0.0,0.8530489616692528,0.4285714285714285,0
0.4722222222222222,0.0,-0.0022670496439851,-0.3673469387755102,0
0.0833333333333333,-1.0,0.8908404591325784,-0.3469387755102041,1
0.4444444444444444,-1.0,-0.218087974732301,-0.2857142857142857,1
-0.7222222222222222,0.0,0.358039772414628,-0.4897959183673469,0
0.8055555555555556,-1.0,-0.8039992516535156,-0.5918367346938775,1
0.8333333333333334,-1.0,0.5251741556340586,0.8163265306122449,1
-0.5555555555555556,0.0,-0.4091914556439631,-0.6122448979591837,0
0.1111111111111111,0.0,-0.8692264518472053,0.4897959183673469,0
0.2777777777777778,-1.0,0.164405119570361,0.4489795918367347,1
0.0277777777777777,-1.0,0.5261426040256639,-0.3061224489795918,1
0.3888888888888889,-1.0,-0.7633794446828882,-0.2448979591836734,1
-0.3888888888888889,0.0,0.4348443329261448,0.3877551020408163,0
-0.0555555555555555,-1.0,0.2310299668746629,0.9591836734693876,1
0.8055555555555556,0.0,-0.8232581685320304,-0.1224489795918367,0
0.3888888888888889,0.0,-0.4212310299668746,-0.3061224489795918,0
0.3333333333333333,-1.0,0.6908118458846446,0.0408163265306122,1
0.6111111111111112,-1.0,-0.2592030109940902,-0.3469387755102041,1
0.5555555555555556,-1.0,-0.0132721450031364,0.0816326530612244,1
0.4166666666666667,0.0,0.2896541098528619,0.5918367346938775,0
-0.4444444444444444,0.0,-0.2221378498244687,0.1836734693877551,0
0.9722222222222222,0.0,0.3284250608031518,0.8979591836734694,0
0.0833333333333333,0.0,-0.3627059328469081,0.8571428571428571,0
-0.1944444444444444,0.0,-0.586384496021658,0.9591836734693876,0
0.9722222222222222,-1.0,0.8554370673621887,0.7755102040816326,1
-1.0,0.0,-0.0944787436583138,-0.1224489795918367,0
-0.5833333333333334,0.0,-0.3689348168201877,-0.3265306122448979,0
0.4444444444444444,-1.0,-0.5199137200523842,-0.7142857142857143,1
-0.75,0.0,0.4037109181551058,-0.7346938775510204,0
-0.3611111111111111,-1.0,0.0594825404162127,-1.0,1
0.1666666666666666,-1.0,-0.6389998569337604,-0.3061224489795918,1
-0.1111111111111111,0.0,0.5498255692385574,-0.979591836734694,0
0.3055555555555556,-1.0,0.1196584018400519,0.7959183673469388,1
-0.3333333333333333,0.0,0.7942267269745892,-0.9387755102040816,0
0.9166666666666666,0.0,0.0005282445772392,-0.9183673469387756,0
0.3888888888888889,-1.0,-0.349312731794821,0.3265306122448979,1
-0.75,-1.0,0.0139764711061221,0.1428571428571428,1
-0.6666666666666666,-1.0,-0.674469279276305,0.7346938775510204,1
-0.8611111111111112,0.0,-0.6478259434117997,-0.0204081632653061,0
-0.2777777777777778,0.0,-0.3443274235971255,-0.7959183673469388,0
-0.8333333333333334,-1.0,-0.1430772447643258,0.1428571428571428,1
-0.8888888888888888,0.0,0.5547778621501755,0.4081632653061224,0
1.0,-1.0,-0.8792520937193921,-0.8775510204081632,1
0.0833333333333333,-1.0,0.7834857539040576,-0.4897959183673469,1
-0.9166666666666666,-1.0,-0.4202075560984736,-0.1020408163265306,1
1.0,-1.0,-0.0977582620753408,0.0612244897959183,1
-0.25,0.0,0.1768188671354837,0.3673469387755102,0
0.4722222222222222,0.0,-0.0957773449106936,-0.0816326530612244,0
-0.2777777777777778,-1.0,-0.551102160300219,0.0408163265306122,1
0.8333333333333334,0.0,0.8189441711512431,0.3673469387755102,0
-0.2222222222222222,-1.0,0.8240505353978892,-0.8163265306122449,1
0.7222222222222222,-1.0,-0.290468486909439,0.6326530612244898,1
-0.7777777777777778,0.0,-0.9617682987223084,0.9183673469387756,0
0.4722222222222222,0.0,0.6228663871372445,0.5306122448979592,0
0.5833333333333334,0.0,0.2160080117094214,0.3877551020408163,0
-0.4166666666666667,0.0,-0.8721317970220211,0.2857142857142857,0
-0.0555555555555555,-1.0,-0.1669032762168884,-0.2244897959183673,1
0.5277777777777778,-1.0,0.8002685243267633,-0.0408163265306122,1
0.6666666666666666,0.0,-0.2596762300945338,-0.6938775510204082,0
0.8333333333333334,0.0,-0.8113066349719921,-0.8775510204081632,0
-0.7777777777777778,-1.0,-0.7316297445717367,-0.1632653061224489,1
0.4166666666666667,-1.0,0.1343832194305963,0.3877551020408163,1
0.6666666666666666,0.0,0.1891225637470148,0.979591836734694,0
0.2222222222222222,-1.0,0.4949541637778291,0.4081632653061224,1
0.8333333333333334,-1.0,0.0819329349488813,0.1428571428571428,1
-1.0,0.0,-0.4229588299382614,-0.8979591836734694,0
0.7777777777777778,0.0,0.7979354441106232,-0.0816326530612244,0
0.7222222222222222,-1.0,-0.4127791167310464,-0.5102040816326531,1
0.5,0.0,0.9653339496186736,0.0612244897959183,0
0.5555555555555556,-1.0,-0.9417830455500896,-0.3265306122448979,1
0.0833333333333333,0.0,-0.7029944864472251,0.1428571428571428,0
-0.4166666666666667,0.0,-0.5752253293274786,0.3061224489795918,0
0.4444444444444444,0.0,-0.061177325101522,-0.4693877551020408,0
-0.9722222222222222,0.0,0.1418996995608967,-0.3061224489795918,0
-0.8055555555555556,0.0,0.9746992857693112,-0.979591836734694,0
0.0555555555555555,-1.0,-0.240857517030385,0.1428571428571428,1
-0.5,0.0,-0.7324881420097505,-0.3061224489795918,0
-0.6388888888888888,0.0,0.22834472360703,-0.6938775510204082,0
0.75,-1.0,-0.2615581014009486,1.0,1
-0.8611111111111112,-1.0,-0.8440467936654671,0.3469387755102041,1
0.4166666666666667,0.0,0.4625881783265652,0.5102040816326531,0
-0.0833333333333333,-1.0,-0.5437067362188693,0.2448979591836734,1
0.9444444444444444,0.0,-0.7697623999911959,-0.0612244897959183,0
-0.6944444444444444,-1.0,-0.7481593978011819,0.1428571428571428,1
0.5833333333333334,-1.0,0.310761882751714,0.6530612244897959,1
0.3888888888888889,0.0,0.0782572330989248,0.9387755102040816,0
0.9166666666666666,-1.0,0.2283777388931075,-0.5918367346938775,1
1.0,-1.0,-0.6671729010531876,0.6530612244897959,1
0.1111111111111111,-1.0,-0.2513233627169379,-0.8571428571428571,1
-0.5555555555555556,-1.0,-0.8413725554931933,0.2653061224489796,1
0.6944444444444444,0.0,0.6843628600041819,0.8163265306122449,0
0.75,-1.0,-0.2475045946273124,-0.4897959183673469,1
0.8888888888888888,-1.0,0.9595232592690416,0.3061224489795918,1
-0.75,0.0,-0.9572782198157748,0.5306122448979592,0
0.6944444444444444,0.0,0.7874035678519155,0.6122448979591837,0
-0.2777777777777778,-1.0,-0.3295695907205035,-0.1224489795918367,1
-0.1944444444444444,0.0,-0.7181705129474947,0.4489795918367347,0
-0.8055555555555556,0.0,0.4058018862733445,0.5714285714285714,0
-0.4722222222222222,0.0,0.4333256297665819,0.3673469387755102,0
0.8888888888888888,-1.0,0.9794534869644644,-0.673469387755102,1
-0.4444444444444444,-1.0,0.4106111129452937,0.9183673469387756,1
0.8611111111111112,0.0,0.9660272706263,-0.979591836734694,0
-0.9166666666666666,0.0,-0.7052615360912102,0.0816326530612244,0
0.3333333333333333,0.0,-0.9089878613798188,-0.8367346938775511,0
-1.0,0.0,0.7721835209702093,0.7142857142857143,0
-0.2222222222222222,-1.0,0.7561490970319258,-0.6122448979591837,1
-0.4166666666666667,0.0,-0.0064930062618992,0.5510204081632653,0
0.1666666666666666,0.0,0.2115509480889651,0.2857142857142857,0
0.5555555555555556,0.0,0.3262790672081173,0.1836734693877551,0
0.4166666666666667,-1.0,-0.4871295409774726,0.9591836734693876,1
-0.8055555555555556,-1.0,0.2589168785147523,-0.5918367346938775,1
-0.9166666666666666,0.0,-0.6888199236246382,-1.020408163265306,0
-0.5555555555555556,0.0,-0.2415288278472933,0.8571428571428571,0
-0.6388888888888888,-1.0,0.6514025994035239,-0.4897959183673469,1
-0.1944444444444444,-1.0,0.8656277856647628,-0.0408163265306122,1
-0.5277777777777778,-1.0,0.1186019126855734,0.4081632653061224,1
-0.6666666666666666,-1.0,0.6870040828903783,0.9591836734693876,1
-0.1388888888888889,0.0,-0.4987399165813772,-0.5510204081632653,0
-0.2777777777777778,0.0,0.7021030737231339,0.6122448979591837,0
0.0277777777777777,0.0,0.1504286484642389,0.979591836734694,0
-0.1388888888888889,0.0,0.5885194845213334,-0.4693877551020408,0
-0.9444444444444444,-1.0,-0.3307141206378553,-0.6938775510204082,1
-0.3055555555555556,-1.0,-0.4772359602495956,-0.7346938775510204,1
-0.9722222222222222,0.0,-0.8905543266532404,-0.5714285714285714,0
-0.8333333333333334,-1.0,-0.4626101885172835,0.6122448979591837,1
0.8888888888888888,0.0,-0.5818283865429694,0.1020408163265306,0
0.5833333333333334,-1.0,-0.3676692308538853,0.0408163265306122,1
0.6666666666666666,-1.0,0.1197794578890026,0.3469387755102041,1
0.8333333333333334,0.0,-0.0401465878701838,-0.0816326530612244,0
0.0,-1.0,0.3196980201833448,0.6326530612244898,1
-0.3888888888888889,0.0,0.8179647176642786,0.979591836734694,0
-0.8888888888888888,-1.0,0.6978881222005788,-0.4489795918367347,1
-1.0,0.0,0.7089922634179625,-0.9591836734693876,0
0.4444444444444444,0.0,0.2526219639693178,0.6326530612244898,0
0.8888888888888888,0.0,-0.0726556395611168,-0.6122448979591837,0
-0.9444444444444444,0.0,-0.9444572837223636,0.6122448979591837,0
0.5,0.0,-0.2164702257145058,-0.7959183673469388,0
0.0,-1.0,0.711204287585152,0.8163265306122449,1
0.1944444444444444,-1.0,-0.0039728394246536,-0.2857142857142857,1
0.5555555555555556,0.0,0.4102369397030825,0.5306122448979592,0
0.0833333333333333,0.0,0.441986639814234,0.0408163265306122,0
-0.5833333333333334,0.0,-0.2154137365600273,0.4081632653061224,0
0.5833333333333334,0.0,-0.5001705789780668,0.3673469387755102,0
0.8888888888888888,0.0,0.8917098616659513,-0.1020408163265306,0
0.1388888888888889,0.0,-0.280640936753717,-0.8775510204081632,0
-0.8055555555555556,0.0,-0.6942014152552631,0.2653061224489796,0
-0.8888888888888888,0.0,0.454719535144772,0.4081632653061224,0
1.0,-1.0,-0.2536454378377188,-0.4489795918367347,1
0.4166666666666667,-1.0,0.6369308990062399,0.7959183673469388,1
-0.1944444444444444,-1.0,-0.470214709410457,0.1836734693877551,1
-0.9166666666666666,-1.0,0.3614403468806057,-0.9387755102040816,1
-0.0833333333333333,-1.0,-0.6827891313678233,0.2653061224489796,1
-0.2222222222222222,0.0,0.7815818724069244,0.2244897959183673,0
0.5277777777777778,-1.0,-0.8420878866915382,-0.0612244897959183,1
0.3333333333333333,-1.0,-0.0637084970341268,0.2448979591836734,1
0.2222222222222222,0.0,-0.5598732213014626,0.3061224489795918,0
-0.0277777777777777,0.0,0.7202064555889377,0.0612244897959183,0
-0.5,-1.0,0.0083088469961592,0.7346938775510204,1
-0.3888888888888889,0.0,0.5097009915590919,-0.0612244897959183,0
0.75,-1.0,0.4069134009046188,0.2244897959183673,1
-0.1388888888888889,0.0,-0.8881442107695863,-0.5714285714285714,0
-0.1111111111111111,-1.0,0.5959589289841196,-0.7142857142857143,1
0.3611111111111111,-1.0,-0.0945997997072644,-0.6530612244897959,1
0.3333333333333333,-1.0,-0.2214445288168422,-0.5102040816326531,1
-0.6944444444444444,0.0,-0.7282071599150407,0.0,0
0.9444444444444444,-1.0,-0.8313359085256474,-0.3265306122448979,1
0.8611111111111112,0.0,-0.5357170369881255,0.5510204081632653,0
0.7222222222222222,0.0,-0.2327467617506905,-0.2448979591836734,0
-0.5277777777777778,0.0,-0.4154973752847568,0.5714285714285714,0
0.3055555555555556,0.0,-0.0350182134328194,-0.7755102040816326,0
0.8055555555555556,0.0,0.7783463743713339,-0.3877551020408163,0
-0.1111111111111111,-1.0,0.9525570339066988,0.8367346938775511,1
0.9166666666666666,0.0,-0.1085322504319499,-0.8163265306122449,0
-0.6666666666666666,-1.0,-0.9035073238909616,-0.5306122448979592,1
-0.4166666666666667,0.0,0.5280464855227971,-0.1836734693877551,0
-0.2777777777777778,0.0,0.558882762719139,-0.6530612244897959,0
0.5833333333333334,-1.0,0.283623317596047,0.0612244897959183,1
-0.6388888888888888,0.0,0.6186844509007671,0.3877551020408163,0
0.6944444444444444,-1.0,-0.41740125678189,-0.8163265306122449,1
0.9444444444444444,-1.0,0.737836618354298,-0.8775510204081632,1
0.3055555555555556,-1.0,-0.6769014053506773,-0.2653061224489796,1
-0.1944444444444444,0.0,0.5989963353032454,-0.6326530612244898,0
-0.1666666666666666,-1.0,-0.6506102325376649,0.2244897959183673,1
-0.3611111111111111,-1.0,-0.1677726787502613,-0.5102040816326531,1
-0.6666666666666666,0.0,0.0091562393388138,0.3469387755102041,0
-0.4444444444444444,-1.0,0.3185755004567114,0.6530612244897959,1
0.0555555555555555,0.0,0.0849153157912113,0.8367346938775511,0
0.3611111111111111,0.0,0.4305963661175124,0.8367346938775511,0
0.25,-1.0,0.8199236246382074,-0.2857142857142857,1
1.0,0.0,-0.3950389030120946,0.6326530612244898,0
-0.6111111111111112,0.0,-0.777917175652327,-0.8571428571428571,0
-0.1666666666666666,-1.0,-0.010553886449426,-0.1224489795918367,1
0.8333333333333334,-1.0,-0.4944809446773856,-0.1836734693877551,1
0.5833333333333334,-1.0,0.6475948364092575,0.7346938775510204,1
-0.75,0.0,-0.5219166474077498,-0.9387755102040816,0
0.3333333333333333,0.0,-0.7257640287453091,-0.4693877551020408,0
-0.2222222222222222,0.0,0.7698174254679917,0.4489795918367347,0
-0.5,-1.0,0.4986188605324265,0.8571428571428571,1
-0.1111111111111111,0.0,0.8014460695301925,0.8163265306122449,0
-0.1388888888888889,0.0,-0.3472107585812231,-0.673469387755102,0
0.3333333333333333,-1.0,-0.3919904915976097,0.1224489795918367,1
0.0277777777777777,0.0,-0.5275512562316352,-0.0204081632653061,0
-0.4444444444444444,-1.0,-0.4880869842737187,0.7959183673469388,1
-0.25,-1.0,0.0435251521454433,-1.0,1
-0.8611111111111112,-1.0,0.9902164702257144,0.1632653061224489,1
-0.6944444444444444,-1.0,-0.8831699076672499,-0.2448979591836734,1
0.8333333333333334,0.0,0.5767990579638372,-0.2448979591836734,0
-0.5555555555555556,0.0,-0.8616769564308274,-0.4285714285714285,0
0.0555555555555555,0.0,0.111811768848977,-1.020408163265306,0
-0.6944444444444444,0.0,0.5904123609231074,-0.6122448979591837,0
0.9722222222222222,-1.0,0.1176664795800455,-0.0816326530612244,1
-0.75,-1.0,0.0027402687444286,-0.1020408163265306,1
-0.9444444444444444,0.0,-0.3345989192996357,0.0,0
-0.3611111111111111,0.0,0.8176455698988632,-0.7346938775510204,0
0.9166666666666666,0.0,0.505420009464382,-0.8775510204081632,0
0.5277777777777778,0.0,-0.3074823643346869,0.8367346938775511,0
0.3611111111111111,0.0,0.961438145861534,-0.0816326530612244,0
-0.9444444444444444,-1.0,0.1151132974567224,-0.4285714285714285,1
-0.3333333333333333,0.0,-0.1933044999834923,0.5102040816326531,0
-0.8611111111111112,-1.0,0.5080612323505783,0.6938775510204082,1
-0.7222222222222222,-1.0,0.5071257992450504,-0.6938775510204082,1
1.0,-1.0,-0.8434305083253546,-0.3877551020408163,1
0.6111111111111112,0.0,-0.1562063235277933,0.0408163265306122,0
-0.7222222222222222,-1.0,-0.3169357412481979,0.8979591836734694,1
0.1388888888888889,-1.0,0.5007208337460244,0.4285714285714285,1
0.1111111111111111,-1.0,-0.8388193733698702,0.2653061224489796,1
-0.75,0.0,0.0041049005689634,0.0,0
0.5277777777777778,0.0,-0.2885646054123059,0.8571428571428571,0
0.1388888888888889,0.0,0.8300373072732675,-0.7551020408163265,0
0.75,0.0,-0.4732741259203011,-0.2040816326530612,0
1.0,0.0,-0.7253678453123796,-0.5510204081632653,0
0.8333333333333334,0.0,0.458065084133954,0.9591836734693876,0
-0.4722222222222222,-1.0,0.4347232768771941,-0.8571428571428571,1
0.6666666666666666,0.0,0.2164702257145058,-0.7346938775510204,0
0.75,0.0,0.8494613005821695,-0.5714285714285714,0
-0.1111111111111111,-1.0,-0.1511329745672246,-0.1224489795918367,1
-0.7777777777777778,-1.0,-0.7733720712689975,-0.0408163265306122,1
0.75,-1.0,0.672081173583369,0.9387755102040816,1
0.75,-1.0,0.2800246514136045,0.8979591836734694,1
-0.6111111111111112,-1.0,0.4275699648937458,0.6530612244897959,1
0.1666666666666666,0.0,0.9859354881310046,0.5510204081632653,0
0.8888888888888888,0.0,0.2371708100850693,0.8571428571428571,0
-0.0555555555555555,-1.0,0.8184929622415178,0.8571428571428571,1
-0.25,-1.0,0.8592558354518142,0.8163265306122449,1
0.5555555555555556,0.0,0.8540614304422948,0.5918367346938775,0
-0.3055555555555556,-1.0,0.7012776915711975,-1.020408163265306,1
0.9444444444444444,-1.0,0.1592767451329965,-0.6530612244897959,1
-0.1388888888888889,0.0,-0.4554348663431168,-0.1020408163265306,0
0.75,0.0,0.4948771281103151,-0.2448979591836734,0
0.1388888888888889,0.0,-0.4121298161048565,-0.673469387755102,0
0.2222222222222222,-1.0,-0.6176829872230842,0.0204081632653061,1
-0.0277777777777777,0.0,-0.7352504209448975,-0.6530612244897959,0
0.1111111111111111,0.0,-0.8735294441326334,0.6326530612244898,0
0.8888888888888888,-1.0,-0.1450691670243322,0.4693877551020408,1
0.1944444444444444,-1.0,-0.364587804153323,0.8571428571428571,1
-0.0833333333333333,0.0,0.9314162457217692,0.7551020408163265,0
0.7777777777777778,0.0,-0.6778808588376418,0.2448979591836734,0
-0.75,0.0,0.4678266037175212,0.4285714285714285,0
-0.0555555555555555,-1.0,0.6858155325915899,-0.5714285714285714,1
0.8888888888888888,-1.0,0.7415123202042546,-0.3877551020408163,1
0.5833333333333334,0.0,-0.1041192071929303,-0.2040816326530612,0
-0.6944444444444444,-1.0,0.9464712161730882,-0.4897959183673469,1
0.6944444444444444,0.0,0.6792895110436132,0.3877551020408163,0
-0.6944444444444444,0.0,0.0031034368912806,0.2448979591836734,0
-0.3611111111111111,0.0,0.1924020821640419,-0.5714285714285714,0
-1.0,0.0,-0.0772777796119603,-0.0204081632653061,0
0.0,0.0,-0.3296906467694542,0.4897959183673469,0
0.8611111111111112,0.0,-0.7833867080458252,-0.1632653061224489,0
0.4722222222222222,0.0,-0.9779347838049016,-0.5102040816326531,0
0.1666666666666666,0.0,0.247042380622228,-0.6122448979591837,0
-0.0277777777777777,0.0,0.561138807267765,0.4285714285714285,0
0.1666666666666666,0.0,-0.3365468211782055,-0.7346938775510204,0
0.1388888888888889,-1.0,0.6070190498200667,-0.1836734693877551,1
-0.1666666666666666,-1.0,0.064522874090704,0.0612244897959183,1
-0.6111111111111112,-1.0,0.0425126833724014,-0.4897959183673469,1
0.1388888888888889,-1.0,-0.694333476399573,0.7142857142857143,1
0.75,-1.0,0.1613677132512353,0.2244897959183673,1
0.6944444444444444,0.0,-0.3401344822652888,-0.2448979591836734,0
0.3333333333333333,0.0,0.8649674799432137,-0.0612244897959183,0
-0.6666666666666666,0.0,0.7508886614502515,0.3877551020408163,0
-0.4166666666666667,0.0,-0.0763973719832282,0.5306122448979592,0
-0.5277777777777778,0.0,0.8023815026357204,0.979591836734694,0
0.6388888888888888,0.0,-0.7646120153631131,-0.1836734693877551,0
0.7777777777777778,0.0,-0.9604146719931328,0.6122448979591837,0
0.3888888888888889,0.0,0.5025366744802844,0.4897959183673469,0
0.3055555555555556,-1.0,0.9856933760331034,0.5510204081632653,1
-0.0555555555555555,-1.0,0.9130377364719864,-0.979591836734694,1
0.3611111111111111,-1.0,0.1975524667921247,0.3469387755102041,1
0.5277777777777778,0.0,0.8160938514532229,0.0816326530612244,0
-0.8888888888888888,-1.0,-0.3268843474528707,0.5510204081632653,1
0.8611111111111112,-1.0,0.1974534209338924,0.9591836734693876,1
-0.6388888888888888,0.0,0.8113836706395061,-1.020408163265306,0
0.1944444444444444,-1.0,0.4948551179195968,-0.1632653061224489,1
-0.4166666666666667,0.0,0.2177798320622448,0.5510204081632653,0
0.4444444444444444,0.0,-0.4567444726908559,-0.1020408163265306,0
-0.5277777777777778,0.0,0.0003301528607745,-0.1020408163265306,0
0.5,0.0,0.2134878448721758,-0.2857142857142857,0
-0.9166666666666666,0.0,-0.8791970682425964,-0.4693877551020408,0
0.4166666666666667,0.0,0.0714230688808918,0.4081632653061224,0
0.1111111111111111,0.0,-0.2874640958763907,-0.6938775510204082,0
-0.0277777777777777,-1.0,-0.8371025784938426,-0.9183673469387756,1
0.6111111111111112,0.0,0.8636688786908339,-0.3469387755102041,0
0.4444444444444444,-1.0,0.7762884215391727,-0.0816326530612244,1
0.5833333333333334,0.0,-0.4453762091848526,0.3877551020408163,0
0.7777777777777778,0.0,-0.9468343843199402,0.4693877551020408,0
-0.9166666666666666,0.0,0.1031617638966841,-0.5306122448979592,0
-0.8333333333333334,-1.0,-0.3385717587242893,-0.3877551020408163,1
0.3055555555555556,-1.0,-0.4177974402148194,0.5918367346938775,1
-0.7777777777777778,-1.0,0.6734017850264673,0.2857142857142857,1
0.5555555555555556,-1.0,0.9673698922601164,-0.7142857142857143,1
0.8333333333333334,0.0,0.4213740962065436,-0.2857142857142857,0
0.6944444444444444,-1.0,-0.1116246822278715,-0.3673469387755102,1
-0.5555555555555556,0.0,-0.862007109291602,-0.6938775510204082,0
0.4722222222222222,0.0,0.4930392771853368,0.9387755102040816,0
-0.9722222222222222,0.0,0.5991614117336327,0.5102040816326531,0
0.5277777777777778,-1.0,0.8737385409444572,0.0816326530612244,1
0.4166666666666667,0.0,0.7362959050040169,-0.0816326530612244,0
0.5,0.0,0.9905686332772072,0.0204081632653061,0
-0.0833333333333333,-1.0,0.4291436935301044,-0.1224489795918367,1
0.3888888888888889,-1.0,-0.9361704469169224,0.6938775510204082,1
-0.7777777777777778,0.0,0.436825250090792,0.7755102040816326,0
-0.5,-1.0,-0.9756677341609163,0.2857142857142857,1
-0.2222222222222222,0.0,-0.8400299338593769,-0.7346938775510204,0
-0.25,-1.0,-0.7783903947527705,0.673469387755102,1
0.6666666666666666,0.0,0.688291679047399,-0.2448979591836734,0
-0.8611111111111112,0.0,0.8666072391517272,-0.3673469387755102,0
0.5277777777777778,0.0,-0.980432940451429,0.8571428571428571,0
-0.3055555555555556,-1.0,0.842880253557397,-0.2448979591836734,1
-0.4166666666666667,0.0,-0.5787249496516887,0.4081632653061224,0
-0.3333333333333333,0.0,-0.0867201514301121,-0.8775510204081632,0
0.0277777777777777,0.0,-0.1523765503428087,-0.0816326530612244,0
-0.2777777777777778,-1.0,-0.7906610760782242,-0.6938775510204082,1
-0.4166666666666667,-1.0,0.7306943114662089,0.1224489795918367,1
0.1944444444444444,0.0,-0.1362430805462929,0.3061224489795918,0
0.4722222222222222,0.0,-0.1264375405812891,-0.4897959183673469,0
-0.6388888888888888,-1.0,-0.36488494172802,-0.3673469387755102,1
-0.4444444444444444,0.0,-0.0544422067417214,0.0204081632653061,0
0.6111111111111112,0.0,-0.5508930634883952,-0.2448979591836734,0
-0.3611111111111111,-1.0,0.6971177655254382,-0.6326530612244898,1
0.6388888888888888,0.0,-0.0097174992021305,0.2040816326530612,0
-0.1666666666666666,-1.0,0.0359646516337064,0.0816326530612244,1
-0.1666666666666666,-1.0,0.0077035667514059,-0.0816326530612244,1
0.8888888888888888,-1.0,-0.7372093279188264,0.1224489795918367,1
0.5555555555555556,0.0,-0.750206345537984,0.5306122448979592,0
-0.75,0.0,-0.6876203682304907,-0.5714285714285714,0
-0.7222222222222222,-1.0,0.4712381832788581,0.6938775510204082,1
0.0555555555555555,-1.0,0.7160905499246151,-0.2244897959183673,1
-0.6111111111111112,0.0,-0.936434569205542,-0.7959183673469388,0
-0.3055555555555556,-1.0,-0.1715914468398868,-0.7755102040816326,1
-0.6111111111111112,0.0,-0.3779479899193326,-0.4489795918367347,0
-0.7777777777777778,-1.0,0.2432676329140392,0.4081632653061224,1
0.0,-1.0,0.7757821871526517,-0.7142857142857143,1
-0.25,0.0,-0.0753408828287497,0.0204081632653061,0
0.3611111111111111,-1.0,-0.7874585933287112,0.6122448979591837,1
-0.3055555555555556,0.0,-0.5891797902428825,0.4489795918367347,0
0.6944444444444444,-1.0,0.0035766559917241,0.673469387755102,1
0.6666666666666666,0.0,-0.1153554095546238,-0.5306122448979592,0
-0.5833333333333334,0.0,-0.6877964497562371,-0.4081632653061224,0
-0.5833333333333334,-1.0,0.0807003642686563,-1.020408163265306,1
0.0555555555555555,0.0,0.8665302034842132,-0.0816326530612244,0
-0.5,-1.0,0.5163590742513784,-0.0204081632653061,1
0.3888888888888889,-1.0,0.0428318311378168,0.8571428571428571,1
-0.7222222222222222,-1.0,0.3114001782825448,-0.4897959183673469,1
0.4166666666666667,-1.0,0.282896981302343,0.4897959183673469,1
0.4166666666666667,-1.0,-0.3274235971254691,-0.1224489795918367,1
0.75,-1.0,0.8812220057886802,-0.3877551020408163,1
-0.5,-1.0,0.9650478171393356,0.2653061224489796,1
0.0277777777777777,-1.0,0.3680434040960965,0.8367346938775511,1
-0.9722222222222222,0.0,0.1338659799487162,-0.2244897959183673,0
0.5833333333333334,0.0,-0.4913665026907458,-0.1632653061224489,0
-0.6111111111111112,-1.0,-0.2768992043316055,-0.1224489795918367,1
0.6666666666666666,0.0,0.913367889332761,0.8775510204081632,0
0.3611111111111111,-1.0,0.3823170127769157,-0.6326530612244898,1
0.3611111111111111,0.0,0.6494216822388766,-0.1428571428571428,0
-0.1666666666666666,-1.0,-0.4116235817183356,0.0204081632653061,1
-0.5,-1.0,0.8636578735954747,-0.0204081632653061,1
0.2777777777777778,0.0,0.5913918144100718,-0.8775510204081632,0
0.25,0.0,0.9616802579594352,0.7142857142857143,0
-0.4722222222222222,0.0,0.2111217493699582,0.3061224489795918,0
0.9722222222222222,-1.0,0.0438773151969361,-0.7346938775510204,1
0.6111111111111112,-1.0,0.3067670331363421,0.7551020408163265,1
-0.6388888888888888,-1.0,-0.8988411634586814,-0.0612244897959183,1
-0.6944444444444444,0.0,-0.1388953085278484,-0.2448979591836734,0
-0.6388888888888888,0.0,0.3372841625672686,0.1224489795918367,0
0.4722222222222222,-1.0,0.2330438993253876,0.9183673469387756,1
0.8055555555555556,-1.0,-0.2518295971034589,-0.979591836734694,1
0.5833333333333334,-1.0,0.2622734325992935,-0.5918367346938775,1
-0.1666666666666666,-1.0,0.3680544091914556,-0.4285714285714285,1
0.75,0.0,0.308505838203088,0.3265306122448979,0
-0.7222222222222222,-1.0,-0.1457844982226771,0.0816326530612244,1
-0.7777777777777778,-1.0,0.2051019622085025,-0.2244897959183673,1
-0.4444444444444444,-1.0,-0.682767121177105,0.4081632653061224,1
0.8333333333333334,0.0,0.987410170909131,0.5714285714285714,0
0.8055555555555556,-1.0,-0.7778731552708904,0.3469387755102041,1
-0.0277777777777777,0.0,-0.8642521487448689,-0.0408163265306122,0
-0.3611111111111111,-1.0,0.3087479503009893,0.4285714285714285,1
-0.1666666666666666,0.0,0.9778467430420285,0.4285714285714285,0
-0.5277777777777778,-1.0,0.8971023583919354,-0.8571428571428571,1
0.8055555555555556,0.0,-0.0353813815796713,-0.5306122448979592,0
-0.0833333333333333,-1.0,-0.9066547811636788,-0.8775510204081632,1
-0.8055555555555556,0.0,-0.9350809424763664,0.6326530612244898,0
0.7222222222222222,0.0,-0.5835121661329196,0.4285714285714285,0
0.8055555555555556,-1.0,-0.0143946647297698,-0.1020408163265306,1
-0.1944444444444444,-1.0,0.2513453729076562,0.0816326530612244,1
-0.7777777777777778,-1.0,-0.2597862810481253,0.1632653061224489,1
-0.5555555555555556,-1.0,0.2828529609209064,0.7346938775510204,1
0.7222222222222222,-1.0,-0.4546094841911805,0.5714285714285714,1
-0.6944444444444444,-1.0,-0.3127648101070795,-0.1632653061224489,1
-0.4444444444444444,0.0,0.9754696424444518,-0.5918367346938775,0
0.75,0.0,0.7707418534781604,0.3265306122448979,0
-0.75,-1.0,-0.2161180626630129,-0.5714285714285714,1
-0.7222222222222222,-1.0,0.7204045473054024,0.0,1
-0.3611111111111111,-1.0,-0.2813562679520618,-0.2040816326530612,1
0.0833333333333333,0.0,-0.5213773977351513,0.1224489795918367,0
-0.7222222222222222,0.0,-0.5265277823632342,-0.0816326530612244,0
-0.2222222222222222,-1.0,-0.4654164878338671,0.979591836734694,1
1.0,0.0,0.4769498277702576,0.8979591836734694,0
0.6944444444444444,-1.0,-0.0819769553303179,0.2244897959183673,1
0.8888888888888888,-1.0,0.7324881420097505,0.6122448979591837,1
-0.9444444444444444,0.0,-0.058778214313227,-0.1224489795918367,0
0.6944444444444444,-1.0,-0.9002608207600119,-0.5510204081632653,1
0.6944444444444444,-1.0,-0.0910011335248219,-0.2244897959183673,1
-0.7222222222222222,-1.0,0.6062376880495669,-0.7142857142857143,1
-0.6666666666666666,0.0,0.7532767671431873,-0.673469387755102,0
-0.1388888888888889,-1.0,-0.7687389261227948,0.4285714285714285,1
-0.9444444444444444,0.0,-0.0519550551905532,0.4489795918367347,0
0.4444444444444444,0.0,0.6798287607162116,-0.1836734693877551,0
0.5555555555555556,-1.0,-0.001749810162105,-0.5510204081632653,1
-0.1388888888888889,0.0,-0.7434051966060286,-0.8775510204081632,0
0.1111111111111111,0.0,0.709322416278737,0.0,0
0.8888888888888888,0.0,-0.7220883268953525,0.6122448979591837,0
-0.8611111111111112,-1.0,0.6984823973499731,0.2448979591836734,1
0.8888888888888888,0.0,0.0916284239602936,-0.8367346938775511,0
-0.2222222222222222,0.0,0.9417940506454489,0.7959183673469388,0
0.25,0.0,-0.4562382383043349,-0.3469387755102041,0
-0.5277777777777778,0.0,0.3964255450273476,-0.5306122448979592,0
-0.6111111111111112,0.0,0.1926551993573024,-0.8571428571428571,0
0.8888888888888888,0.0,-0.5638130454400387,0.5918367346938775,0
0.7777777777777778,-1.0,0.295486810393212,0.4081632653061224,1
0.0555555555555555,-1.0,0.6461311587264904,0.2857142857142857,1
-0.7777777777777778,0.0,-0.9241528827847292,0.0612244897959183,0
0.1111111111111111,0.0,0.1587374954603981,0.3061224489795918,0
0.4722222222222222,0.0,-0.8271319620984516,0.2040816326530612,0
-0.7222222222222222,-1.0,-0.4533438982248781,0.2448979591836734,1
0.0555555555555555,0.0,-0.2163161543794777,0.1020408163265306,0
-0.9166666666666666,-1.0,0.3057215490772227,-0.6530612244897959,1
0.1388888888888889,0.0,-0.1476553644337328,-0.2448979591836734,0
0.5277777777777778,-1.0,-0.9446223601527508,0.7755102040816326,1
-0.6666666666666666,0.0,-0.4459374690481693,-0.2244897959183673,0
-1.0,-1.0,-0.7733060406968426,0.8775510204081632,1
0.5,-1.0,-0.0585911276921214,0.3469387755102041,1
0.6388888888888888,0.0,0.6607019049820066,0.5918367346938775,0
0.8055555555555556,0.0,0.6837685848547878,0.5306122448979592,0
0.1111111111111111,-1.0,-0.461630735030319,-0.7142857142857143,1
-0.3055555555555556,0.0,-0.0123917373744043,-0.7142857142857143,0
0.6666666666666666,0.0,0.2953877645349796,-0.7551020408163265,0
0.9444444444444444,0.0,0.5001155535012711,0.2040816326530612,0
0.8055555555555556,-1.0,-0.3985055080502273,0.0408163265306122,1
0.5,-1.0,-0.5131675965972246,-0.4285714285714285,1
0.4722222222222222,-1.0,-0.3838137057457603,0.6122448979591837,1
-0.5277777777777778,-1.0,0.1573178381590676,0.7142857142857143,1
0.8888888888888888,-1.0,-0.3364147600338957,-0.1632653061224489,1
1.0,-1.0,0.3631241264705558,0.8775510204081632,1
-0.25,-1.0,-0.6579066107607823,-0.6530612244897959,1
0.25,0.0,0.1646692418589807,-0.4081632653061224,0
0.0555555555555555,0.0,0.7545533582048488,-0.673469387755102,0
-0.75,0.0,0.8387203275116379,-0.7142857142857143,0
0.8055555555555556,-1.0,-0.8139368527628292,-0.5306122448979592,1
-0.75,0.0,-0.4766636952909197,-0.1632653061224489,0
0.75,-1.0,0.6423784212090198,0.0612244897959183,1
0.6944444444444444,0.0,0.9289731145520376,-0.9591836734693876,0
0.8611111111111112,0.0,-0.1061111294529367,0.8367346938775511,0
-0.4722222222222222,0.0,-0.3794556879835364,0.7755102040816326,0
-0.1944444444444444,0.0,0.8265707022351348,0.2857142857142857,0
-0.9722222222222222,-1.0,0.1215512782418259,-0.2244897959183673,1
0.6944444444444444,-1.0,-0.6923965796163624,0.3265306122448979,1
0.75,0.0,0.232779777036768,0.9183673469387756,0
0.7222222222222222,-1.0,0.7220333014185568,-0.4897959183673469,1
0.4722222222222222,0.0,-0.8299382614150351,0.8163265306122449,0
1.0,-1.0,-0.2620093103106738,0.5714285714285714,1
-0.0833333333333333,0.0,0.4248296961493171,0.5102040816326531,0
-0.2222222222222222,-1.0,-0.4097417104119207,-0.4693877551020408,1
-0.3055555555555556,-1.0,0.1199225241286715,-0.0204081632653061,1
0.4444444444444444,0.0,0.3515797814388062,-0.6938775510204082,0
0.0555555555555555,-1.0,-0.209647066591832,0.6326530612244898,1
-0.0833333333333333,-1.0,-0.0124247526604818,-0.4489795918367347,1
-0.1388888888888889,-1.0,0.6748984779953118,-0.5306122448979592,1
0.5,0.0,-0.3562569469664454,-0.7346938775510204,0
0.9444444444444444,-1.0,-0.8623152519616583,-0.2448979591836734,1
-0.1944444444444444,-1.0,-0.5644513409708695,0.9591836734693876,1
0.8333333333333334,-1.0,-0.941584953833625,1.0,1
-0.6944444444444444,0.0,-0.1993242871449481,0.2857142857142857,0
0.5833333333333334,0.0,0.6839336612851751,0.979591836734694,0
-0.1388888888888889,-1.0,-0.4338758845345395,0.8979591836734694,1
0.9444444444444444,-1.0,0.9776376462302044,0.3061224489795918,1
0.3611111111111111,0.0,-0.1800323549803559,-0.5918367346938775,0
-0.5277777777777778,0.0,-0.0429418820914083,0.3673469387755102,0
-0.0277777777777777,0.0,0.1527177082989424,0.5306122448979592,0
0.4722222222222222,-1.0,-0.601879670287343,-0.5510204081632653,1
-0.5277777777777778,0.0,-0.0441634476762741,-0.8571428571428571,0
0.6388888888888888,-1.0,-0.4055377639847249,-0.2040816326530612,1
0.5555555555555556,0.0,0.3892392177578219,0.4489795918367347,0
-0.2222222222222222,0.0,-0.2486491245446641,0.3877551020408163,0
-0.6388888888888888,-1.0,0.3441403369760199,-0.0408163265306122,1
-0.9444444444444444,0.0,0.8996005150384628,0.9183673469387756,0
0.0277777777777777,0.0,-0.3882377540801391,0.8775510204081632,0
0.8333333333333334,0.0,-0.793412349918012,0.7551020408163265,0
-0.9166666666666666,0.0,-0.2364994992681611,-0.4693877551020408,0
-0.0277777777777777,-1.0,-0.3274566124115465,-0.5714285714285714,1
0.5555555555555556,0.0,-0.0703885899171316,-0.2244897959183673,0
0.7777777777777778,0.0,-0.9090098715705373,-0.0612244897959183,0
0.0,0.0,0.0482023176730826,0.8775510204081632,0
0.75,0.0,0.3604498882982821,-0.3469387755102041,0
0.6666666666666666,0.0,-0.0933232086456029,-0.0204081632653061,0
-0.1111111111111111,0.0,-0.6238348355288499,-0.3673469387755102,0
-0.1388888888888889,-1.0,-0.3333223282379742,-0.3061224489795918,1
0.7777777777777778,-1.0,0.9044977824732852,0.4081632653061224,1
-0.4722222222222222,-1.0,-0.1010597906830862,0.6530612244897959,1
-0.8055555555555556,-1.0,0.9707814718214534,-0.5102040816326531,1
0.1388888888888889,-1.0,-0.9043657213289752,0.5714285714285714,1
0.2222222222222222,-1.0,-0.6136221070355574,0.4489795918367347,1
-0.6666666666666666,-1.0,-0.0167607602319874,0.3673469387755102,1
-0.6111111111111112,0.0,0.7301110414121739,-0.7551020408163265,0
-0.1666666666666666,-1.0,-0.9254624891324684,-0.4081632653061224,1
0.6666666666666666,0.0,-0.5400640496549902,-0.0612244897959183,0
-0.7777777777777778,-1.0,0.7617286803790155,0.3061224489795918,1
-0.3333333333333333,-1.0,0.0010564891544785,-0.2857142857142857,1
0.6666666666666666,0.0,-0.4098627664608714,-0.6530612244897959,0
-0.3888888888888889,-1.0,-0.9243619795965532,-0.6122448979591837,1
-0.6666666666666666,-1.0,-0.3102336381744748,-0.5918367346938775,1
-0.75,0.0,0.1781284734832227,-0.7346938775510204,0
-0.9444444444444444,-1.0,0.9414528926893152,-0.979591836734694,1
0.6944444444444444,0.0,-0.0881177985407243,0.8571428571428571,0
-0.2777777777777778,-1.0,-0.241583853324089,-0.5306122448979592,1
0.6666666666666666,-1.0,0.8247878767869523,0.9591836734693876,1
-0.1666666666666666,0.0,0.5779986133579847,-0.5714285714285714,0
0.6944444444444444,-1.0,-0.6364576799057964,-0.1632653061224489,1
0.0277777777777777,0.0,0.8670474429660933,-0.4489795918367347,0
-0.9722222222222222,0.0,-0.7045241947021471,0.1632653061224489,0
0.3611111111111111,-1.0,0.4656806101224867,-0.673469387755102,1
-0.7777777777777778,-1.0,0.0872483960073514,-0.979591836734694,1
0.9722222222222222,-1.0,-0.7992010300769257,-0.6326530612244898,1
-0.6666666666666666,-1.0,0.9819846588970692,-0.8163265306122449,1
-0.6944444444444444,-1.0,0.5575511461806817,0.6326530612244898,1
-0.1111111111111111,-1.0,0.5117699494866123,0.5918367346938775,1
0.75,-1.0,0.6832513453729077,-0.7346938775510204,1
0.3055555555555556,-1.0,-0.0224724047233869,0.8775510204081632,1
0.5,-1.0,-0.5495394367592196,0.8367346938775511,1
-0.6944444444444444,0.0,-0.5253062167783684,0.9183673469387756,0
0.4444444444444444,0.0,0.9322636380644238,0.3877551020408163,0
-0.8333333333333334,0.0,0.6722572551091155,-0.2857142857142857,0
0.75,0.0,-0.391506267401807,0.6122448979591837,0
0.9166666666666666,-1.0,0.1571417566333212,0.4693877551020408,1
-0.5277777777777778,-1.0,-0.707715672356301,-0.9183673469387756,1
1.0,-1.0,0.9072160410269956,0.3877551020408163,1
-0.25,-1.0,0.9905686332772072,-0.5102040816326531,1
-0.7777777777777778,-1.0,0.9916911530038408,-0.3061224489795918,1
-0.1388888888888889,0.0,0.8567906940913643,0.8775510204081632,0
-0.1111111111111111,-1.0,0.8109434668251401,0.5918367346938775,1
0.1944444444444444,0.0,0.465559554073536,-0.2653061224489796,0
0.1944444444444444,-1.0,0.5097450119405285,0.6530612244897959,1
-1.0,-1.0,0.5767330273916823,0.2448979591836734,1
-0.3611111111111111,0.0,0.786787282511803,0.0408163265306122,0
0.6388888888888888,0.0,-0.8245567697844102,0.0612244897959183,0
0.1666666666666666,0.0,-0.5948694245435636,0.4897959183673469,0
0.9722222222222222,0.0,0.4374745507169819,-0.8979591836734694,0
0.8611111111111112,0.0,0.2189243619795965,0.0408163265306122,0
0.0555555555555555,-1.0,0.6076573453508974,-0.4285714285714285,1
0.0,-1.0,0.0555647264683548,-0.6938775510204082,1
0.5833333333333334,0.0,-0.0182574532008319,-0.2857142857142857,0
0.3333333333333333,-1.0,-0.0574245875840514,0.5918367346938775,1
-0.5,0.0,0.8040652822256705,0.5102040816326531,0
0.75,-1.0,-0.5755334719975349,0.8367346938775511,1
-0.4722222222222222,-1.0,-0.3774197453420934,0.5510204081632653,1
-0.5,0.0,-0.6461641740125679,-0.4897959183673469,0
0.6111111111111112,-1.0,-0.198884083330582,-0.0816326530612244,1
0.3888888888888889,-1.0,0.5030429088668054,0.4897959183673469,1
0.0555555555555555,-1.0,0.7453420933892392,-0.5102040816326531,1
0.9166666666666666,-1.0,0.4772799806310321,-0.5918367346938775,1
0.7222222222222222,-1.0,0.8232471634366711,0.7551020408163265,1
-0.7777777777777778,-1.0,-0.7167178403600867,-0.3265306122448979,1
-0.3888888888888889,0.0,-0.0043139973807873,0.4285714285714285,0
0.9722222222222222,-1.0,-0.6235046826680753,0.7346938775510204,1
0.3611111111111111,-1.0,0.2308098649674799,-0.1020408163265306,1
-0.8333333333333334,-1.0,-0.2923833735019314,0.9387755102040816,1
-0.0833333333333333,-1.0,0.4784245105483839,0.6122448979591837,1
-0.1944444444444444,-1.0,0.7734601120318707,0.0,1
-0.9722222222222222,-1.0,0.7747587132842506,-0.2244897959183673,1
-0.6666666666666666,-1.0,-0.3679663684285824,0.7755102040816326,1
-0.9722222222222222,-1.0,-0.5300494128781625,0.8163265306122449,1
0.8055555555555556,0.0,0.823885458967502,0.5102040816326531,0
0.6944444444444444,-1.0,0.2699219738739036,-0.3673469387755102,1
0.0555555555555555,0.0,-0.0597686728955506,0.7755102040816326,0
0.8055555555555556,-1.0,-0.8983459341675195,0.7959183673469388,1
0.3888888888888889,-1.0,0.6718940869622635,0.8163265306122449,1
-0.7777777777777778,0.0,0.9963353032454026,-0.2857142857142857,0
-0.5,0.0,-0.720811735833691,-0.6530612244897959,0
0.5277777777777778,0.0,-0.2975777785114508,-0.1428571428571428,0
0.2777777777777778,0.0,0.956926056764282,-0.1428571428571428,0
-0.1388888888888889,-1.0,0.7488857340948859,0.8367346938775511,1
0.8611111111111112,-1.0,-0.919552752924604,0.9183673469387756,1
0.3888888888888889,-1.0,0.3988466660063609,0.7346938775510204,1
-0.4166666666666667,0.0,-0.5151925341433083,0.7551020408163265,0
-0.25,-1.0,0.3244302111877799,-0.6122448979591837,1
0.1388888888888889,0.0,0.2349807961085983,0.3673469387755102,0
0.8055555555555556,0.0,0.2325156547481484,-0.7551020408163265,0
-0.4722222222222222,-1.0,-0.4302662132567378,-0.7959183673469388,1
-0.6388888888888888,0.0,-0.1656927157273817,0.3877551020408163,0
0.5277777777777778,0.0,-0.6508963650170029,-0.5510204081632653,0
0.6944444444444444,0.0,-0.1137486656321877,-0.9183673469387756,0
-0.7777777777777778,0.0,0.1616538457305732,-0.2857142857142857,0
-0.6944444444444444,-1.0,-0.0729967975172504,0.7959183673469388,1
-0.4166666666666667,0.0,-0.0680445046056324,0.3061224489795918,0
0.1944444444444444,-1.0,0.8588266367328072,0.7755102040816326,1
-0.2222222222222222,0.0,0.8865044515610728,0.2857142857142857,0
0.7222222222222222,-1.0,-0.5783397713141184,0.5714285714285714,1
0.0,0.0,-0.2258465669605027,0.4489795918367347,0
-0.1666666666666666,-1.0,0.6186514356146896,0.3877551020408163,1
-0.25,0.0,0.9478248429022638,0.3265306122448979,0
0.0833333333333333,0.0,0.0376924516050931,-0.979591836734694,0
-0.6388888888888888,0.0,-0.709465482518406,-0.8571428571428571,0
0.4166666666666667,-1.0,0.8884633585350017,0.2040816326530612,1
0.4444444444444444,-1.0,-0.1463677682767121,-0.9387755102040816,1
-0.3055555555555556,-1.0,0.9646736438971244,0.7755102040816326,1
-0.8333333333333334,-1.0,0.9123224052736416,0.4285714285714285,1
-1.0,-1.0,0.6833173759450626,-0.2040816326530612,1
0.1111111111111111,-1.0,0.1591006636072501,0.1632653061224489,1
0.0833333333333333,-1.0,0.0226484862491333,-0.8163265306122449,1
0.1666666666666666,-1.0,-0.6299866838346154,0.8367346938775511,1
-1.0,0.0,0.180043360075715,0.2244897959183673,0
-0.0555555555555555,-1.0,-0.2759417610353594,-0.6122448979591837,1
0.5277777777777778,-1.0,-0.1448930854985858,-0.5306122448979592,1
0.4444444444444444,0.0,-0.6370189397691131,-1.0,0
-0.4166666666666667,0.0,-0.9082505199907556,0.8979591836734694,0
0.8888888888888888,0.0,-0.6229544279001178,0.1836734693877551,0
-0.1388888888888889,-1.0,-0.2715727381777763,0.3877551020408163,1
0.0277777777777777,-1.0,0.7142526989996368,0.8163265306122449,1
-0.8888888888888888,0.0,-0.6372720569623735,0.2857142857142857,0
0.2222222222222222,-1.0,-0.7920477180934773,0.2244897959183673,1
0.0277777777777777,0.0,-0.9070839798826856,-0.2244897959183673,0
-0.1944444444444444,-1.0,0.7079577844542023,0.4285714285714285,1
0.8055555555555556,-1.0,0.9942663453178822,0.8775510204081632,1
-0.8888888888888888,-1.0,0.8529939361924571,0.979591836734694,1
0.1944444444444444,0.0,0.965950234958786,0.8571428571428571,0
0.0,0.0,0.6238568457195681,0.1428571428571428,0
0.5555555555555556,0.0,-0.3137222534033257,0.6122448979591837,0
0.75,0.0,-0.1174463776728625,0.5918367346938775,0
-0.8888888888888888,0.0,-0.0263792135758856,-0.7959183673469388,0
0.9722222222222222,0.0,-0.5106364246646197,0.4693877551020408,0
0.9166666666666666,-1.0,-0.9792994156294365,0.8163265306122449,1
0.8611111111111112,-1.0,0.5707022351348674,-0.7755102040816326,1
-0.9722222222222222,-1.0,-0.9025388754993562,-0.3061224489795918,1
-0.9722222222222222,0.0,-0.0102457437793698,-0.3877551020408163,0
0.9722222222222222,0.0,0.0589763060296917,0.5510204081632653,0
-0.6944444444444444,0.0,-0.7788856240439324,0.7959183673469388,0
-0.8888888888888888,0.0,-0.5560544532118371,0.979591836734694,0
-0.1944444444444444,0.0,0.6196528992923723,0.3673469387755102,0
0.3055555555555556,0.0,0.4221774681677617,0.7959183673469388,0
0.3055555555555556,0.0,-0.4502404613335974,0.5510204081632653,0
0.75,-1.0,0.4592316242420241,-0.6530612244897959,1
0.0833333333333333,0.0,-0.3053253656442933,0.7346938775510204,0
0.0277777777777777,0.0,0.8459726853533186,-0.8775510204081632,0
0.8055555555555556,0.0,0.2888947582730804,0.4897959183673469,0
-0.0555555555555555,-1.0,0.3786743262130366,-0.1020408163265306,1
-0.1388888888888889,-1.0,-0.4915205740257739,0.8367346938775511,1
0.3611111111111111,0.0,-0.934673753948078,0.8367346938775511,0
0.2222222222222222,-1.0,0.2155788129904145,0.9591836734693876,1
-0.8055555555555556,0.0,0.0492588068275611,-0.2040816326530612,0
-0.25,-1.0,0.4179515115498475,0.0612244897959183,1
-0.4722222222222222,-1.0,-0.5565056621215623,0.2857142857142857,1
-0.8888888888888888,-1.0,-0.7075175806398363,-0.6326530612244898,1
0.3611111111111111,0.0,-0.0553226143704535,-0.0204081632653061,0
-0.2222222222222222,-1.0,-0.2017784234100388,0.6326530612244898,1
0.5277777777777778,-1.0,0.3921555680279969,-1.020408163265306,1
-0.6944444444444444,0.0,0.3911981247317508,0.6326530612244898,0
-0.1111111111111111,0.0,0.1087743625298513,0.6326530612244898,0
0.6944444444444444,0.0,0.4495911607074075,0.0612244897959183,0
-0.7222222222222222,0.0,-0.2244599249452496,-0.979591836734694,0
-0.9722222222222222,-1.0,-0.1338989952347937,0.7346938775510204,1
0.4444444444444444,-1.0,0.4669792113748666,0.5306122448979592,1
0.8333333333333334,0.0,-0.1479084816269933,-0.6326530612244898,0
0.25,0.0,-0.0830664597708739,-0.9591836734693876,0
1.0,0.0,-0.1044933804351414,0.7551020408163265,0
0.7777777777777778,0.0,-0.5330207886251335,-0.1632653061224489,0
0.5555555555555556,-1.0,0.6789593581828387,-0.7346938775510204,1
-0.1111111111111111,-1.0,0.154511538842484,-0.0408163265306122,1
-0.1111111111111111,-1.0,-0.2987883390009574,-0.8163265306122449,1
-0.4166666666666667,-1.0,-0.820033675591799,0.1632653061224489,1
0.3611111111111111,0.0,0.4761244456183213,0.1020408163265306,0
0.9444444444444444,-1.0,-0.6038495823566311,0.6938775510204082,1
0.2777777777777778,-1.0,0.7162776365457206,0.8367346938775511,1
0.2777777777777778,0.0,-0.7165857792157769,-0.1428571428571428,0
0.8888888888888888,-1.0,-0.1819472415728482,-0.2857142857142857,1
0.0277777777777777,0.0,-0.6744912894670232,0.8775510204081632,0
0.1388888888888889,-1.0,0.0396733687697403,0.3265306122448979,1
0.6388888888888888,-1.0,0.1811658798023485,0.2653061224489796,1
0.9444444444444444,-1.0,-0.3390889982061694,0.4285714285714285,1
-0.3333333333333333,-1.0,-0.9531072886746564,0.6326530612244898,1
0.4166666666666667,0.0,-0.8429352790341929,0.4897959183673469,0
0.8055555555555556,0.0,0.8339111008396888,0.5102040816326531,0
0.9444444444444444,0.0,0.9728944501304104,-0.2857142857142857,0
0.1666666666666666,0.0,0.8062773063928599,-0.2653061224489796,0
-0.3055555555555556,-1.0,-0.2009750514488208,0.6122448979591837,1
0.5,0.0,0.5118689953448446,-0.8571428571428571,0
0.4444444444444444,-1.0,-0.5617660977032366,0.6326530612244898,1
0.2222222222222222,-1.0,0.708662110557188,-0.3265306122448979,1
0.8333333333333334,-1.0,-0.6788162919431697,-0.2653061224489796,1
0.6666666666666666,-1.0,0.3619906016485633,-0.9387755102040816,1
-0.8888888888888888,-1.0,-0.6245831820132721,-0.2653061224489796,1
0.9166666666666666,0.0,-0.4399286869820727,-0.3469387755102041,0
-0.7777777777777778,0.0,-0.8174364730870393,-0.6530612244897959,0
0.4166666666666667,-1.0,0.0375713955561424,-0.6122448979591837,1
0.3055555555555556,0.0,-0.5166342016353571,0.8775510204081632,0
0.9722222222222222,0.0,-0.9247031375526868,-0.9387755102040816,-1
0.75,-1.0,-0.6085377529796295,0.2244897959183673,1
0.2222222222222222,-1.0,0.470797979464492,0.8163265306122449,1
-0.4722222222222222,-1.0,0.1296620335215204,0.8979591836734694,1
-0.6666666666666666,-1.0,0.4921368593658864,-0.5510204081632653,1
-0.75,0.0,-0.309232174496792,-0.2244897959183673,0
0.4166666666666667,0.0,-0.0327951841702708,-0.7959183673469388,0
-0.4166666666666667,0.0,0.9268821464337988,0.0612244897959183,0
-0.7777777777777778,-1.0,-0.3906258597730749,-0.5306122448979592,1
-0.3333333333333333,0.0,0.7860279309320215,-0.8163265306122449,0
1.0,0.0,0.1058690173550353,-0.4285714285714285,0
0.5833333333333334,-1.0,0.239690976922315,-0.1836734693877551,1
-0.6111111111111112,0.0,-0.908492632088657,-0.3061224489795918,0
-0.9166666666666666,-1.0,0.9491894747267984,-0.8571428571428571,1
-0.7222222222222222,-1.0,-0.859607998503307,0.4693877551020408,1
-0.9166666666666666,0.0,-0.9161411733632672,0.1836734693877551,0
0.0277777777777777,-1.0,-0.0736130828573629,0.3265306122448979,1
0.6666666666666666,-1.0,-0.2791662539755907,0.6326530612244898,1
-0.3333333333333333,0.0,-0.1002564187218682,-0.2448979591836734,0
-0.7222222222222222,0.0,-0.7920917384749139,-0.0612244897959183,0
-0.4166666666666667,-1.0,0.4669241858980708,-0.3877551020408163,1
0.6388888888888888,-1.0,-0.0777950190938404,-0.8979591836734694,1
0.1944444444444444,0.0,0.6560797649311632,-0.673469387755102,0
-0.7777777777777778,0.0,0.6124555669274874,-1.020408163265306,0
-0.9166666666666666,0.0,-0.5975766780019149,0.673469387755102,0
0.7777777777777778,0.0,0.2478787678695236,0.0816326530612244,0
0.3611111111111111,-1.0,-0.6132479337933463,-0.2244897959183673,1
0.4722222222222222,0.0,0.1376077123708277,-0.8979591836734694,0
-0.6111111111111112,0.0,-0.559245930865991,-0.3673469387755102,0
0.3611111111111111,-1.0,-0.2193535606986034,0.7346938775510204,1
0.4166666666666667,-1.0,0.8708662110557188,-0.0204081632653061,1
0.3055555555555556,0.0,-0.0277108301143429,0.0816326530612244,0
-0.9166666666666666,-1.0,0.6586549572452045,0.1020408163265306,1
-0.6111111111111112,0.0,0.0770686828001364,0.8163265306122449,0
-0.5555555555555556,0.0,0.2673797968459396,-1.0,0
-0.9444444444444444,-1.0,0.2572330989248022,-0.5102040816326531,1
0.3888888888888889,-1.0,0.7764865132556373,-0.8367346938775511,1
0.5833333333333334,0.0,0.7215820925088315,0.6326530612244898,0
-0.25,0.0,0.6716629799597214,-0.4081632653061224,0
0.8611111111111112,-1.0,0.263109819846589,-0.9591836734693876,1
-0.3611111111111111,0.0,0.8557342049368858,0.1836734693877551,0
0.6111111111111112,-1.0,-0.4566784421187009,0.1836734693877551,1
-0.8611111111111112,0.0,-0.3854204496681964,0.9183673469387756,0
0.3611111111111111,-1.0,0.2583996390328722,-0.7142857142857143,1
-0.6388888888888888,-1.0,-0.5762488031958797,-0.6938775510204082,1
0.9722222222222222,-1.0,-0.044229478248429,-0.4897959183673469,1
0.0833333333333333,0.0,-0.3389789472525779,0.8979591836734694,0
-1.0,0.0,0.1551278241825965,-0.1428571428571428,0
0.1666666666666666,0.0,-0.6811383670639506,-0.2448979591836734,0
0.8888888888888888,-1.0,0.693387038198686,0.9387755102040816,1
0.1666666666666666,0.0,-0.37331484477313,0.2040816326530612,0
-0.3611111111111111,-1.0,-0.1407991900249815,-0.4489795918367347,1
0.6388888888888888,0.0,0.0223623537697954,0.3061224489795918,0
-0.4722222222222222,-1.0,-0.8815411535540956,0.1224489795918367,1
0.1944444444444444,-1.0,-0.2296103095733324,-0.6122448979591837,1
0.4722222222222222,-1.0,-0.1220575126283469,0.3877551020408163,1
-0.5,-1.0,-0.5126393520199852,-0.4081632653061224,1
-0.2777777777777778,0.0,0.3914072215435746,-0.7959183673469388,0
0.3611111111111111,0.0,0.2354430101136826,0.3469387755102041,0
-0.2777777777777778,-1.0,0.3067340178502646,-0.8571428571428571,1
-0.5555555555555556,-1.0,-0.4898477995311829,0.7959183673469388,1
0.7222222222222222,0.0,-0.2746651699736978,-0.8979591836734694,0
0.5555555555555556,-1.0,0.9157780052164152,-0.3877551020408163,1
0.8611111111111112,0.0,0.9739839545709664,0.4489795918367347,0
0.75,-1.0,-0.2719689216107057,-1.020408163265306,1
0.4444444444444444,-1.0,-0.7998063103216789,-0.6122448979591837,1
-0.5555555555555556,0.0,0.6539227662407695,0.3469387755102041,0
-0.0277777777777777,0.0,-0.8938228399749084,0.0204081632653061,0
-0.8055555555555556,-1.0,-0.5691725268799455,0.3877551020408163,1
-0.4444444444444444,-1.0,-0.6654451010818009,-0.1632653061224489,1
0.0277777777777777,0.0,-0.6427746046419492,0.5306122448979592,0
0.5,0.0,-0.4661868445090076,0.4897959183673469,0
-0.9722222222222222,0.0,0.0854655705591689,0.8979591836734694,0
0.2222222222222222,-1.0,-0.0125678189001507,-0.673469387755102,1
0.1944444444444444,-1.0,0.5041324133073614,0.6122448979591837,1
0.1944444444444444,-1.0,0.8615228850957993,0.5102040816326531,1
-0.8888888888888888,-1.0,0.3522620973510735,0.4693877551020408,1
-0.2222222222222222,-1.0,-0.8156976680202934,-0.5510204081632653,1
0.6111111111111112,-1.0,-0.8275941761035359,-0.2244897959183673,1
0.4444444444444444,-1.0,-0.6929248241936017,-0.2448979591836734,1
-0.4722222222222222,0.0,-0.4322691406121034,0.0204081632653061,0
-0.6111111111111112,-1.0,0.7454851596289082,-0.7551020408163265,1
0.8055555555555556,0.0,-0.2728933496208744,-0.2448979591836734,0
-0.9166666666666666,-1.0,-0.943554865902913,0.8571428571428571,1
0.6111111111111112,-1.0,-0.4023682965212893,-0.7755102040816326,1
0.1944444444444444,-1.0,0.4055707792708024,0.8367346938775511,1
-0.6944444444444444,0.0,0.9156789593581828,0.4489795918367347,0
-0.1388888888888889,-1.0,0.2261547096305589,0.673469387755102,1
-0.4444444444444444,0.0,-0.0302970275237434,0.6938775510204082,0
0.4444444444444444,0.0,-0.5291580001540713,0.0408163265306122,0
0.6111111111111112,-1.0,0.8233682194856219,0.5714285714285714,1
-0.5833333333333334,-1.0,0.3576986144584942,0.2857142857142857,1
0.5833333333333334,0.0,-0.6848690943907029,0.4285714285714285,0
-0.1944444444444444,0.0,0.174298700298238,0.6326530612244898,0
1.0,0.0,0.1926882146433798,-0.8163265306122449,0
0.1111111111111111,0.0,0.394048444429771,-0.4489795918367347,0
0.1111111111111111,0.0,-0.129045748181408,-0.6122448979591837,0
-0.5,0.0,0.2846027710830114,0.4081632653061224,0
-0.1944444444444444,-1.0,0.8965851189100553,0.1428571428571428,1
-0.8611111111111112,-1.0,0.5830059317463986,-0.979591836734694,1
-0.9444444444444444,0.0,0.3744483695951225,-0.4489795918367347,0
-0.4722222222222222,-1.0,-0.9691086973268624,0.5306122448979592,1
-0.6944444444444444,-1.0,0.0021790088811119,0.3877551020408163,1
0.3055555555555556,0.0,0.3909340024431311,-0.0408163265306122,0
-0.5555555555555556,-1.0,0.0068011489319554,-0.673469387755102,1
-0.9166666666666666,0.0,0.2899182321414815,-1.020408163265306,0
0.6388888888888888,0.0,-0.1034478963760221,-0.8571428571428571,0
-0.5555555555555556,0.0,-0.5548328876269712,-0.2040816326530612,0
0.3333333333333333,-1.0,0.3977681666611641,0.0408163265306122,1
-0.1944444444444444,-1.0,0.4895946823379224,-0.3265306122448979,1
0.0277777777777777,-1.0,-0.8776013294155194,-0.7346938775510204,1
0.3055555555555556,0.0,0.1046254415794512,0.2448979591836734,0
0.1944444444444444,-1.0,0.501205057941827,0.5714285714285714,1
0.0833333333333333,0.0,0.3410699153708167,0.1836734693877551,0
0.9166666666666666,-1.0,-0.9545489561667052,0.1632653061224489,1
0.6111111111111112,-1.0,-0.4501634256660834,0.1836734693877551,1
-0.2777777777777778,0.0,0.9161191631725488,-0.7346938775510204,0
-0.1111111111111111,0.0,0.6431047575027238,-0.0612244897959183,0
0.1388888888888889,0.0,0.4262603585460068,0.8775510204081632,0
0.4444444444444444,-1.0,0.8427371873177281,-0.7959183673469388,1
-0.0833333333333333,0.0,-0.6036294804494481,0.6530612244897959,0
0.4444444444444444,-1.0,0.56652029889839,0.9183673469387756,1
-0.4722222222222222,-1.0,-0.3394631714483806,0.5714285714285714,1
0.2777777777777778,0.0,0.1610815807718973,-0.7959183673469388,0
0.5,0.0,-0.9073811174573828,0.8571428571428571,0
0.5277777777777778,0.0,0.3516238018202428,-0.4693877551020408,0
0.5,0.0,0.1232570680224944,-0.673469387755102,0
0.8055555555555556,-1.0,0.9582576733027393,0.1632653061224489,1
-0.0833333333333333,-1.0,0.8609065997556868,-1.0,1
-0.4444444444444444,0.0,-0.7735591578901031,0.8571428571428571,0
0.4166666666666667,-1.0,0.5448402610408619,-0.1428571428571428,1
0.0,0.0,-0.1303443494337878,-0.1224489795918367,0
0.7222222222222222,0.0,-0.2764149801358029,-0.0204081632653061,0
0.1666666666666666,0.0,-0.1099849230193579,-0.4081632653061224,0
-0.0555555555555555,-1.0,0.7327852795844476,0.0204081632653061,1
-0.0555555555555555,-1.0,-0.9104295288718676,0.2857142857142857,1
-0.75,-1.0,-0.4023022659491344,0.2857142857142857,1
0.0277777777777777,-1.0,-0.1928092706923305,0.9183673469387756,1
-0.4722222222222222,0.0,0.2746981852597753,-0.8163265306122449,0
0.25,0.0,0.2183300868302023,-0.1224489795918367,0
-0.3333333333333333,-1.0,0.322548339881365,0.3061224489795918,1
0.7222222222222222,0.0,-0.0488186030131951,-0.7551020408163265,0
0.5277777777777778,-1.0,0.0872043756259147,0.4897959183673469,1
0.8888888888888888,-1.0,0.178656718060462,-0.6326530612244898,1
-0.1666666666666666,0.0,0.7303311433193569,-0.6938775510204082,0
0.1111111111111111,-1.0,0.601076298326125,0.9387755102040816,1
0.1388888888888889,-1.0,0.9583457140656124,-0.1428571428571428,1
-0.8055555555555556,-1.0,-0.5618321282753915,0.0816326530612244,1
-0.3611111111111111,0.0,0.5207170920136023,0.6122448979591837,0
0.4722222222222222,-1.0,0.4312126514576249,-0.2040816326530612,1
-0.1111111111111111,-1.0,-0.7298249089328359,0.1428571428571428,1
-0.3611111111111111,-1.0,0.1684549946625287,0.5714285714285714,1
-0.9166666666666666,-1.0,0.5041874387841571,0.979591836734694,1
0.2222222222222222,-1.0,0.0443175190113022,0.8163265306122449,1
-0.25,0.0,-0.3208425501006966,0.7346938775510204,0
0.8611111111111112,0.0,-0.8979717609253084,-0.3469387755102041,0
0.2777777777777778,-1.0,0.0056896343006812,0.1428571428571428,1
0.4166666666666667,-1.0,-0.519088337900448,-0.5510204081632653,1
0.3611111111111111,-1.0,-0.1710521971672884,-0.4693877551020408,1
0.8055555555555556,-1.0,-0.5023385827638196,0.3877551020408163,1
0.2777777777777778,0.0,-0.5233363047090803,-0.8367346938775511,0
0.8333333333333334,0.0,-0.2962351568776343,0.7142857142857143,0
0.3888888888888889,-1.0,0.1714373755048587,0.9183673469387756,1
-0.4166666666666667,-1.0,0.9638372566498288,0.7551020408163265,1
0.0,0.0,-0.7570955352328128,-0.2653061224489796,0
-0.4444444444444444,0.0,0.2411216393190047,0.4081632653061224,0
0.0277777777777777,-1.0,0.204188539293693,0.8163265306122449,1
0.0,-1.0,0.2640012325706802,0.1428571428571428,1
0.3055555555555556,-1.0,0.9311301132424312,-0.6530612244897959,1
0.3888888888888889,0.0,0.0137893844850165,0.2448979591836734,0
0.7222222222222222,0.0,0.5305116268832469,0.8367346938775511,0
-0.5,-1.0,0.8282434767297259,-0.673469387755102,1
0.75,-1.0,-0.2215986001518703,0.6530612244897959,1
-0.2777777777777778,0.0,-0.3267082659271242,0.5714285714285714,0
-0.3055555555555556,-1.0,0.7780052164152003,0.6938775510204082,1
0.3333333333333333,0.0,-0.3227794468839072,0.7346938775510204,0
0.3888888888888889,-1.0,0.3840338076529433,-0.7142857142857143,1
0.5555555555555556,-1.0,0.1805826097483134,0.1632653061224489,1
-0.1944444444444444,-1.0,0.2658941089724542,0.1428571428571428,1
0.0555555555555555,0.0,0.4783694850715881,-0.0816326530612244,0
0.0833333333333333,-1.0,-0.9171206268502315,0.2857142857142857,1
-0.4166666666666667,-1.0,-0.3008462918331187,-0.3877551020408163,1
-0.4722222222222222,-1.0,0.989082945403722,-0.4897959183673469,1
0.5555555555555556,0.0,0.2613710147798431,-0.6326530612244898,0
0.1944444444444444,-1.0,0.7309804439455468,-0.979591836734694,1
-0.25,-1.0,-0.6328810239140722,-0.8571428571428571,1
-0.25,0.0,-0.4165318542485171,-0.8367346938775511,0
0.5277777777777778,0.0,0.113627609583237,-0.0408163265306122,0
-0.8888888888888888,-1.0,0.0237379906896893,-0.4693877551020408,1
0.9166666666666666,0.0,-0.6304158825536224,-0.5510204081632653,0
0.9166666666666666,0.0,-0.5606765932626806,0.1020408163265306,0
0.0277777777777777,0.0,0.4087952722110337,0.7551020408163265,0
0.3888888888888889,0.0,0.0356234936775727,1.0,0
-0.3055555555555556,0.0,-0.6355002366095502,0.0612244897959183,0
-0.9722222222222222,-1.0,0.1792840084959336,0.4285714285714285,1
-0.9166666666666666,0.0,-0.7846743042028459,0.4081632653061224,0
-0.3888888888888889,-1.0,-0.9160971529818306,-0.3877551020408163,1
-0.8333333333333334,-1.0,0.0439763610551685,-0.6530612244897959,1
0.3333333333333333,-1.0,0.8894097967358887,-0.979591836734694,1
-0.75,-1.0,-0.8524656916152178,0.8775510204081632,1
-0.9722222222222222,0.0,0.1740675932956959,0.7346938775510204,0
0.5,0.0,0.7424257431190642,0.6938775510204082,0
-0.6111111111111112,-1.0,-0.5027457712921083,-0.8571428571428571,1
-0.1944444444444444,0.0,-0.6505552070608692,0.0408163265306122,0
0.1944444444444444,-1.0,0.5846236807641938,0.6938775510204082,1
0.8333333333333334,-1.0,0.1314778742557804,0.0408163265306122,1
0.4722222222222222,-1.0,0.9844057798760826,-0.0612244897959183,1
0.0833333333333333,0.0,-0.6306469895561645,-0.2448979591836734,0
0.6111111111111112,-1.0,0.1029416619895011,-0.979591836734694,1
0.3888888888888889,-1.0,-0.5286517657675504,0.2857142857142857,1
0.5833333333333334,-1.0,0.4974633255197156,-0.979591836734694,1
-0.3333333333333333,0.0,-0.0723915172724971,-0.9183673469387756,0
-0.0277777777777777,-1.0,-0.919684814068914,-0.3877551020408163,1
0.3611111111111111,0.0,0.1456634421737264,0.7959183673469388,0
0.1944444444444444,0.0,0.5009079203671299,0.0204081632653061,0
0.0,-1.0,-0.115377419745342,-0.2448979591836734,1
-0.5833333333333334,-1.0,-0.0823291183818107,0.1632653061224489,1
0.0555555555555555,0.0,0.8849087127339959,0.9387755102040816,0
0.3611111111111111,-1.0,0.9260237489957852,0.6122448979591837,1
0.1944444444444444,-1.0,-0.462940341378058,-0.6122448979591837,1
0.8333333333333334,-1.0,0.7849274213961064,0.2448979591836734,1
-0.1944444444444444,0.0,0.4529477147919487,0.2653061224489796,0
-0.9444444444444444,-1.0,0.223469466362926,0.3265306122448979,1
-0.2777777777777778,-1.0,0.5048807597917836,-0.7959183673469388,1
0.4166666666666667,0.0,0.963771226077674,-0.1428571428571428,0
0.1111111111111111,-1.0,-0.5814872285868357,-0.2040816326530612,1
0.7222222222222222,0.0,-0.66727194691142,0.3061224489795918,0
1.0,0.0,0.9939802128385442,-0.8775510204081632,0
-0.0833333333333333,-1.0,-0.3893382636160542,0.8367346938775511,1
-0.25,-1.0,0.0643357874695984,0.6326530612244898,1
0.8055555555555556,0.0,0.335204199544389,-0.4693877551020408,0
-0.8611111111111112,0.0,0.348509359833603,0.5102040816326531,0
-0.0555555555555555,-1.0,0.4019170876115641,0.9183673469387756,1
-0.4722222222222222,0.0,-0.098715705371587,-1.020408163265306,0
0.6666666666666666,-1.0,0.2237225835561865,-0.5510204081632653,1
0.4722222222222222,-1.0,0.5310398714604863,0.0408163265306122,1
-0.3055555555555556,-1.0,-0.9476487613765172,-0.3877551020408163,1
0.1944444444444444,0.0,0.4247306502910847,0.5714285714285714,0
-0.4444444444444444,-1.0,0.1716354672213234,0.0204081632653061,1
0.3055555555555556,0.0,-0.5224338868896299,0.7346938775510204,0
0.5,-1.0,0.7827924328964311,0.4897959183673469,1
0.0833333333333333,0.0,0.9138080931471272,1.0,0
-0.9166666666666666,-1.0,-0.5853500170578978,-0.0612244897959183,1
-0.4444444444444444,-1.0,0.6484532338472713,0.4285714285714285,1
-0.4166666666666667,-1.0,-0.1482166242970495,1.0,1
0.25,-1.0,0.6895902802997788,-0.3061224489795918,1
1.0,-1.0,-0.5601373435900822,-0.4489795918367347,1
0.6944444444444444,-1.0,0.7375835011610375,0.8571428571428571,1
-0.4722222222222222,0.0,0.5017993330912213,-0.1836734693877551,0
-0.4166666666666667,0.0,-0.3612862755455776,-0.8163265306122449,0
-0.6111111111111112,-1.0,-0.0111481615988202,0.7755102040816326,1
0.3611111111111111,-1.0,-0.5712634949981842,-0.4693877551020408,1
-0.6944444444444444,0.0,-0.053759890829454,-0.8775510204081632,0
-0.0833333333333333,0.0,0.2313381095447192,-0.9591836734693876,0
-0.3055555555555556,0.0,0.7738893107508776,-0.8163265306122449,0
0.4722222222222222,0.0,-0.2563747014867883,0.8571428571428571,0
-0.0555555555555555,0.0,-0.9316253425335932,-0.5918367346938775,0
0.6388888888888888,-1.0,-0.1793610441634476,0.9387755102040816,1
-0.5555555555555556,0.0,0.7395864285164031,0.8979591836734694,0
-0.0555555555555555,0.0,0.7289775165901813,0.0612244897959183,0
0.6944444444444444,-1.0,-0.979706604157725,0.4693877551020408,1
-0.1388888888888889,-1.0,0.7492709124324562,0.2040816326530612,1
-0.5833333333333334,0.0,0.4653174419756347,-0.1632653061224489,0
0.8611111111111112,-1.0,0.1336238678508149,-0.3469387755102041,1
-0.5277777777777778,0.0,-0.3841108433204573,0.6530612244897959,0
-0.0555555555555555,0.0,0.061397427008705,0.6326530612244898,0
-0.8055555555555556,0.0,-0.730056015935378,-0.9183673469387756,0
-0.8055555555555556,0.0,0.6460101026775397,0.1224489795918367,0
-0.2777777777777778,-1.0,0.7489517646670408,-0.2448979591836734,1
-0.4444444444444444,0.0,0.2108906423674161,0.9183673469387756,0
0.6388888888888888,-1.0,-0.3367889332761068,0.7959183673469388,1
-0.9444444444444444,0.0,0.6712117710499962,-1.0,0
0.3888888888888889,-1.0,0.6859035733544632,0.1428571428571428,1
-0.4444444444444444,-1.0,-0.1760815257464205,-0.6326530612244898,1
-0.0277777777777777,0.0,0.2938470511846985,-0.1020408163265306,0
0.8333333333333334,0.0,0.1699736978220916,-0.3877551020408163,0
-0.6666666666666666,-1.0,-0.5861203737330384,0.0612244897959183,1
0.1111111111111111,-1.0,-0.3627059328469081,0.5102040816326531,1
-0.3611111111111111,-1.0,0.958675866926387,-0.0816326530612244,1
-0.3611111111111111,-1.0,-0.674623350611333,-0.9591836734693876,1
-0.7777777777777778,-1.0,0.1158396337504264,-0.8571428571428571,1
-0.3611111111111111,-1.0,-0.0411590566432258,0.4489795918367347,1
-0.6666666666666666,-1.0,0.982468883092872,0.2653061224489796,1
-0.3333333333333333,0.0,0.4580540790385948,-0.0408163265306122,0
-0.3333333333333333,0.0,0.4429660933011984,0.1428571428571428,0
0.5555555555555556,0.0,0.4710180813716751,-0.673469387755102,0
1.0,0.0,-0.2241297720844751,1.0,-1
-0.9444444444444444,0.0,-0.8033499510273256,-0.7959183673469388,0
-0.5,0.0,0.2857252908096448,0.2653061224489796,0
-0.75,-1.0,-0.5272211033708607,-0.6530612244897959,1
0.4444444444444444,-1.0,0.0132391297170589,0.4897959183673469,1
-0.7222222222222222,-1.0,-0.3280949079423773,0.0,1
0.9444444444444444,-1.0,-0.3135901922590159,-0.1020408163265306,1
0.2777777777777778,-1.0,-0.7384749138851289,-0.7346938775510204,1
-0.6111111111111112,0.0,0.6214357247405549,-0.2653061224489796,0
0.3888888888888889,0.0,-0.9463831754102148,-0.3061224489795918,0
-0.3333333333333333,0.0,0.6164614216382185,0.1836734693877551,0
-0.3333333333333333,0.0,-0.4076397371983228,0.2448979591836734,0
0.5555555555555556,-1.0,0.815455555922392,0.6530612244897959,1
0.9166666666666666,0.0,0.6823929479348938,0.7959183673469388,0
-0.4444444444444444,-1.0,0.135593779920103,-0.1836734693877551,1
0.3055555555555556,-1.0,0.7158814531127913,-0.8979591836734694,1
-0.6666666666666666,-1.0,0.7921247537609913,-0.1428571428571428,1
-0.9444444444444444,0.0,-0.0767825503207985,-0.9183673469387756,0
0.9444444444444444,0.0,-0.4431751901130223,-0.5306122448979592,0
-0.5555555555555556,-1.0,0.6238348355288499,-1.020408163265306,1
0.3055555555555556,0.0,-0.5617550926078775,0.9387755102040816,0
0.2222222222222222,0.0,0.7531006856174409,-0.4897959183673469,0
-0.4444444444444444,0.0,-0.0225384352955418,-0.9591836734693876,0
-0.5,-1.0,-0.6917472789901724,0.4897959183673469,1
0.9444444444444444,-1.0,0.6737319378872418,0.979591836734694,1
0.6944444444444444,0.0,-0.5496494877128111,0.6938775510204082,0
-0.3333333333333333,-1.0,0.0748896739190245,0.1020408163265306,1
-0.8333333333333334,-1.0,-0.2759087457492819,0.0,1
-1.0,-1.0,0.7360537929061155,-0.9387755102040816,1
0.1666666666666666,0.0,-0.0146367768276712,-0.3469387755102041,0
0.75,0.0,-0.757766846049721,0.7346938775510204,0
0.0555555555555555,0.0,-0.4821662429704953,0.6530612244897959,0
-0.8333333333333334,0.0,-0.3988356609110018,0.2857142857142857,0
-0.7777777777777778,0.0,0.4002223029262549,-0.9387755102040816,0
-0.5555555555555556,0.0,-0.9664894846313844,0.2244897959183673,0
-0.8888888888888888,-1.0,-0.298535221807697,0.2653061224489796,1
0.0,0.0,-0.0721494051745958,0.2448979591836734,0
-0.4722222222222222,0.0,0.2224239823038066,-0.0816326530612244,0
-0.7222222222222222,-1.0,-0.3570713240230226,0.4693877551020408,1
0.25,0.0,0.799157009695489,0.6530612244897959,0
-0.1111111111111111,0.0,-0.8386322867487647,-0.3061224489795918,0
-0.1388888888888889,0.0,-0.3975150494679036,0.1836734693877551,0
-0.8888888888888888,0.0,0.8121650324100058,0.9591836734693876,0
0.2222222222222222,0.0,0.6374371333927609,-0.2857142857142857,0
-0.8888888888888888,-1.0,0.4730870392991955,0.5714285714285714,1
-0.6944444444444444,-1.0,-0.0544201965510031,0.3877551020408163,1
0.5,0.0,0.1452232383593603,-0.2857142857142857,0
-0.8055555555555556,0.0,-0.1851717345130795,-0.9183673469387756,0
0.1388888888888889,-1.0,0.2521927652503108,-0.3061224489795918,1
-0.7777777777777778,0.0,0.8871097318058261,-0.8163265306122449,0
0.25,-1.0,0.135670815587617,0.9591836734693876,1
0.4166666666666667,0.0,-0.8975755774923789,0.5306122448979592,0
0.9722222222222222,-1.0,0.959039035073239,0.673469387755102,1
0.6388888888888888,0.0,0.3606809953008242,-0.8163265306122449,0
0.8055555555555556,-1.0,0.2933958422749733,-0.6122448979591837,1
0.75,-1.0,-0.2416168686101665,-0.1632653061224489,1
-0.6944444444444444,0.0,-0.5723860147248175,0.2040816326530612,0
0.6944444444444444,0.0,-0.3000759351579781,-0.7142857142857143,0
-0.4166666666666667,0.0,0.3335534352405163,-0.5102040816326531,0
0.0555555555555555,0.0,-0.6411458505287948,-0.2653061224489796,0
-0.3055555555555556,-1.0,0.4124599689656311,-0.2448979591836734,1
0.1666666666666666,-1.0,-0.8193293494888133,-0.6122448979591837,1
0.0555555555555555,0.0,-0.8444869974798331,-0.2448979591836734,0
0.9444444444444444,0.0,0.5525218176015495,-0.979591836734694,0
1.0,-1.0,0.8440908140469037,1.0,1
0.1666666666666666,0.0,0.986320666468575,-0.3673469387755102,0
0.5277777777777778,-1.0,-0.5051778973664807,0.7346938775510204,1
0.0555555555555555,0.0,0.4851706340035436,-0.2448979591836734,0
0.0833333333333333,0.0,-0.5430024101158837,0.2653061224489796,0
0.9166666666666666,0.0,-0.6513145586406506,-0.2653061224489796,0
0.0277777777777777,0.0,0.1538072127394983,0.0816326530612244,0
0.4444444444444444,-1.0,0.5403171668482507,-0.4081632653061224,1
-0.0833333333333333,-1.0,0.4351414705008419,0.2857142857142857,1
0.25,0.0,-0.0509425864175113,-0.2244897959183673,0
0.1666666666666666,0.0,-0.9028360130740531,0.7346938775510204,0
0.75,0.0,-0.2507951181396987,-0.4693877551020408,0
-0.3055555555555556,-1.0,-0.5992934728779424,-0.2653061224489796,1
0.9166666666666666,-1.0,-0.4378597290545523,-0.2653061224489796,1
-0.8888888888888888,0.0,-0.5587176862887517,-0.3673469387755102,0
0.25,-1.0,-0.8621281653405527,-0.0204081632653061,1
-0.2222222222222222,0.0,-0.0378795382261987,-0.8163265306122449,0
0.3611111111111111,0.0,0.1807807014647782,0.0,0
-0.9166666666666666,0.0,-0.8025355739707485,0.5714285714285714,0
0.5555555555555556,-1.0,-0.976217988928874,0.3673469387755102,1
0.1111111111111111,0.0,-0.3833074713592393,0.5102040816326531,0
-0.6388888888888888,0.0,-0.1774131422848779,0.979591836734694,0
0.8055555555555556,0.0,-0.5413296356212927,-0.8367346938775511,0
0.5555555555555556,0.0,0.1116687026093081,-0.9183673469387756,0
-0.9444444444444444,-1.0,0.1246547151331066,0.0,1
0.6944444444444444,0.0,0.0231107002542177,0.2857142857142857,0
-0.0833333333333333,-1.0,-0.9758988411634588,-0.1428571428571428,1
0.5277777777777778,-1.0,0.927190289103855,0.2244897959183673,1
0.0,0.0,0.088238854589675,0.1224489795918367,0
-0.1111111111111111,0.0,0.4040080557298029,-0.3469387755102041,0
0.8333333333333334,0.0,0.0117644469389327,-0.5714285714285714,0
-0.75,0.0,-0.265663001969912,-0.0408163265306122,0
-0.1666666666666666,0.0,-0.0514928411854688,-0.5714285714285714,0
0.7222222222222222,0.0,-0.852982931097098,-0.8571428571428571,0
-0.0555555555555555,-1.0,-0.5372687554337658,0.7755102040816326,1
0.4166666666666667,0.0,0.5401300802271451,-0.2448979591836734,0
-0.6666666666666666,-1.0,-0.4798551729450735,0.2857142857142857,1
-0.0833333333333333,-1.0,0.3320237269855943,0.4081632653061224,1
0.1944444444444444,-1.0,-0.9330339947395644,0.1836734693877551,1
-0.1111111111111111,-1.0,0.0281290237379906,-0.0612244897959183,1
-0.5,-1.0,0.454136265090737,0.5102040816326531,1
-0.0555555555555555,0.0,0.6550232757766846,-0.3469387755102041,0
0.8333333333333334,0.0,0.7985077090692991,-0.2448979591836734,0
0.1666666666666666,-1.0,0.6763071302012832,0.1020408163265306,1
-0.5,-1.0,-0.3247493589531953,0.8163265306122449,1
0.1944444444444444,-1.0,-0.0880847832546469,-0.6326530612244898,1
0.6944444444444444,-1.0,0.6469895561645042,-0.3877551020408163,1
-0.3611111111111111,0.0,0.822366755807939,-0.3061224489795918,0
-0.6111111111111112,0.0,0.6023748995785049,-0.1428571428571428,0
-0.8055555555555556,-1.0,0.1643941144750019,0.7551020408163265,1
0.5555555555555556,0.0,-0.3896464062861104,0.3265306122448979,0
0.9166666666666666,0.0,0.7103458901471381,-0.5102040816326531,0
-0.2222222222222222,-1.0,0.1066503791255351,-0.9387755102040816,1
0.7777777777777778,0.0,-0.0758361121199115,0.5714285714285714,0
-0.9444444444444444,-1.0,0.7170479932208612,0.6530612244897959,1
-0.7777777777777778,0.0,-0.0112582125524117,0.7959183673469388,0
0.1111111111111111,-1.0,-0.9594572286968868,-0.3265306122448979,1
0.8611111111111112,-1.0,-0.6318025245688754,0.2448979591836734,1
-0.1944444444444444,-1.0,-0.5459957960535728,0.1224489795918367,1
0.6666666666666666,-1.0,-0.9697910132391298,-0.7346938775510204,1
0.8888888888888888,0.0,0.5060803151859311,-0.1632653061224489,0
0.1944444444444444,0.0,-0.7085080392221599,-1.0,0
0.7222222222222222,-1.0,0.6980972190124027,0.1632653061224489,1
0.5833333333333334,0.0,0.9432357181374976,-0.0408163265306122,0
-0.4722222222222222,0.0,-0.0436131929083165,-0.6326530612244898,0
-0.0555555555555555,-1.0,0.350699373810074,0.1632653061224489,1
0.1944444444444444,-1.0,-0.4472360703005491,-0.4081632653061224,1
0.9444444444444444,0.0,-0.7919156569491674,0.3469387755102041,0
0.7222222222222222,0.0,-0.7865121551278241,0.6938775510204082,0
-0.6388888888888888,0.0,-0.6456139192446102,-0.4489795918367347,0
-0.0833333333333333,0.0,-0.1608724839600735,0.4081632653061224,0
-0.1388888888888889,0.0,0.8460167057347552,-0.5918367346938775,0
0.75,0.0,-0.1614447489187493,-0.5714285714285714,0
0.5555555555555556,0.0,-0.4388391825415167,-0.2244897959183673,0
-0.8611111111111112,-1.0,-0.9333641476003388,0.8163265306122449,1
0.25,-1.0,-0.66428956606909,-0.979591836734694,1
-0.8611111111111112,0.0,0.9346297335666414,0.8163265306122449,0
1.0,0.0,0.8902791992692617,0.2448979591836734,0
0.6388888888888888,0.0,0.5350457261712173,-0.3061224489795918,0
-0.5833333333333334,0.0,0.0757370662616791,-0.1224489795918367,0
0.8611111111111112,0.0,0.9688555801336018,-0.8571428571428571,0
-0.0555555555555555,0.0,0.2047167838709322,0.2040816326530612,0
-0.25,-1.0,0.3449547140325971,0.979591836734694,1
-0.3888888888888889,0.0,-0.0504803724124269,-0.1224489795918367,0
-0.0833333333333333,-1.0,0.0741413274346022,0.2653061224489796,1
0.9722222222222222,-1.0,-0.764457944028085,0.9591836734693876,1
0.6944444444444444,0.0,-0.7125138939328909,0.5102040816326531,0
0.9166666666666666,0.0,-0.2005898731112505,-0.7959183673469388,0
-0.7777777777777778,0.0,0.9477478072347496,-0.2857142857142857,0
0.5,0.0,-0.6387247295497815,0.2448979591836734,0
0.8611111111111112,0.0,-0.4337328182948705,-0.6122448979591837,0
-0.0555555555555555,0.0,0.1526846930128649,0.8979591836734694,0
0.6388888888888888,-1.0,-0.7167948760276007,0.7959183673469388,1
0.5277777777777778,0.0,0.3544851266136221,-0.9183673469387756,0
-0.3055555555555556,0.0,0.7202834912564517,0.5102040816326531,0
0.6388888888888888,-1.0,-0.1521894637217031,-0.1224489795918367,1
0.0555555555555555,-1.0,0.816247922788251,-0.8163265306122449,1
0.2222222222222222,0.0,0.1664960876885998,0.4489795918367347,0
0.6111111111111112,-1.0,-0.1600250916174188,0.7346938775510204,1
-0.1666666666666666,0.0,-0.2580144606953019,0.0612244897959183,0
-0.5,0.0,-0.9144794039640354,-0.7346938775510204,0
-0.6388888888888888,0.0,0.775584095436187,-0.0204081632653061,0
0.3888888888888889,-1.0,0.6517217471689393,-0.4285714285714285,1
0.0833333333333333,-1.0,0.3092982050689469,0.4897959183673469,1
-0.5833333333333334,-1.0,0.5726941573948738,-0.4489795918367347,1
0.3611111111111111,0.0,0.679861776002289,-0.4693877551020408,0
-0.7777777777777778,-1.0,-0.5946713328270989,-0.9591836734693876,1
0.25,0.0,0.2170534957685408,-1.020408163265306,0
0.7777777777777778,-1.0,0.2840855316011313,0.2040816326530612,1
-0.1666666666666666,-1.0,-0.8333388358810129,-0.7346938775510204,1
0.5555555555555556,-1.0,0.3941364851926442,-0.3877551020408163,1
0.4166666666666667,0.0,0.4024343270934443,0.8775510204081632,0
0.6388888888888888,0.0,0.3590522411876699,0.8979591836734694,0
0.8055555555555556,0.0,0.4385750602528971,0.6530612244897959,0
-0.5555555555555556,-1.0,-0.9242519286429616,-0.1632653061224489,1
-0.3333333333333333,0.0,0.6199830521531469,0.2448979591836734,0
-0.0833333333333333,-1.0,0.3730617275798695,-0.1020408163265306,1
0.5,-1.0,0.3628820143726545,0.8775510204081632,1
0.1666666666666666,0.0,0.0639065887505915,-0.0408163265306122,0
-0.1666666666666666,-1.0,0.7287684197783574,0.7959183673469388,1
0.0277777777777777,-1.0,-0.2837553787403568,-0.1020408163265306,1
0.2222222222222222,-1.0,-0.157780052164152,-0.1632653061224489,1
0.8333333333333334,-1.0,0.7811636787832766,-0.5714285714285714,1
-0.1666666666666666,0.0,-0.464833217779832,0.1428571428571428,0
0.8055555555555556,-1.0,-0.976801258982909,-0.6530612244897959,1
0.3333333333333333,0.0,0.5549869589619995,-0.0612244897959183,0
0.1944444444444444,0.0,-0.276503020898676,0.4285714285714285,0
-0.6666666666666666,0.0,-0.8711193282489793,-0.8367346938775511,0
-0.6666666666666666,-1.0,0.4148150593724894,-0.3061224489795918,1
-0.3055555555555556,0.0,-0.8525537323780911,0.4489795918367347,0
0.8611111111111112,-1.0,-0.8456865528739806,-0.8571428571428571,1
0.4722222222222222,-1.0,0.3338395677198543,0.0,1
-0.8333333333333334,0.0,0.1735943741952524,0.0816326530612244,0
-0.4166666666666667,0.0,0.2480328392045517,-0.3877551020408163,0
0.5,0.0,-0.6871031287486106,-0.4693877551020408,0
-0.8888888888888888,-1.0,-0.6066558816732147,0.5510204081632653,1
-0.1388888888888889,-1.0,-0.6811163568732324,-0.4897959183673469,1
0.9444444444444444,-1.0,-0.3595144551927542,0.9387755102040816,1
0.4444444444444444,-1.0,0.7535849098132436,-0.2040816326530612,1
-0.3611111111111111,0.0,-0.1613236928697987,0.2653061224489796,0
0.9166666666666666,0.0,-0.894736262889718,0.8163265306122449,0
0.4166666666666667,-1.0,-0.6486073051822994,0.0204081632653061,1
-0.5833333333333334,0.0,0.6976350050073183,0.1428571428571428,0
0.9722222222222222,0.0,-0.3323979002278054,-0.5918367346938775,0
-0.3055555555555556,0.0,-0.7487096525691395,0.4081632653061224,0
-0.2222222222222222,-1.0,-0.0745375108675316,0.0,1
0.1111111111111111,-1.0,0.1568556241539833,0.2857142857142857,1
0.9722222222222222,-1.0,-0.6546491025344735,0.9387755102040816,1
0.1388888888888889,-1.0,0.6947406649278616,-0.1836734693877551,1
0.9444444444444444,-1.0,-0.639484081129563,-0.5510204081632653,1
-0.3888888888888889,0.0,0.5517404558310498,-0.1224489795918367,0
0.0833333333333333,-1.0,-0.0638845785598732,-0.6326530612244898,1
0.6388888888888888,0.0,0.8035370376484312,0.0408163265306122,0
0.2222222222222222,0.0,0.923393531204948,0.3673469387755102,0
0.6388888888888888,-1.0,0.4399727073635093,-0.5918367346938775,1
-0.5277777777777778,-1.0,0.7913323868951324,0.5714285714285714,1
0.5833333333333334,0.0,0.9509172746981852,-0.5102040816326531,0
-0.3333333333333333,0.0,0.539898973224603,-0.2857142857142857,0
-0.1666666666666666,0.0,-0.0254767957564352,-0.1224489795918367,0
-0.2777777777777778,0.0,-0.545137398615559,0.7142857142857143,0
0.25,-1.0,0.7259401102710555,0.4897959183673469,1
0.2222222222222222,0.0,0.923987806354342,0.8571428571428571,0
0.5555555555555556,0.0,0.1135065535342863,-0.0816326530612244,0
0.3055555555555556,0.0,-0.8105142681061331,-0.5306122448979592,0
-0.8333333333333334,0.0,-0.4889453817117325,-0.1224489795918367,0
-0.0555555555555555,-1.0,-0.8017652172956079,0.2448979591836734,1
0.7222222222222222,0.0,0.0792807069673258,-0.6122448979591837,0
-0.6944444444444444,-1.0,0.8391165109445673,-0.2653061224489796,1
-0.3055555555555556,0.0,0.42336601846655,-0.3673469387755102,0
-0.0277777777777777,0.0,0.8538853489165483,-0.7551020408163265,0
-0.3611111111111111,0.0,-0.1283634322691406,-0.0612244897959183,0
0.7222222222222222,-1.0,0.0406198069706274,0.8163265306122449,1
-0.3055555555555556,0.0,-0.4874596938382471,0.979591836734694,0
0.5555555555555556,0.0,0.207611123950389,0.5102040816326531,0
-0.9722222222222222,-1.0,-0.0543211506927707,0.4897959183673469,1
-0.9166666666666666,0.0,0.7336106617363839,-0.0816326530612244,0
0.3333333333333333,0.0,0.5856581597279541,0.3265306122448979,0
0.4166666666666667,-1.0,-0.8129243839897873,0.8571428571428571,1
0.0833333333333333,0.0,-0.6887208777664059,0.8367346938775511,0
-0.6666666666666666,-1.0,-0.792906115531491,-0.3877551020408163,1
-0.2777777777777778,0.0,0.2420680775198917,-0.3265306122448979,0
-0.9444444444444444,-1.0,0.4677605731453663,-0.0408163265306122,1
0.8055555555555556,0.0,0.0996071180956783,-0.5714285714285714,0
-0.6111111111111112,-1.0,0.3171008176785851,0.979591836734694,1
-0.75,0.0,0.1305534462456117,-0.1224489795918367,0
-0.9444444444444444,-1.0,-0.0124467628512001,-0.9591836734693876,1
0.3611111111111111,0.0,0.2077211749039805,0.8979591836734694,0
0.1666666666666666,0.0,0.6064577899567499,-0.6326530612244898,0
-0.6944444444444444,-1.0,-0.4403028602242838,-0.2244897959183673,1
-0.9722222222222222,0.0,0.8058040872924164,0.5102040816326531,0
-0.0833333333333333,-1.0,-0.3347419855393047,-0.6122448979591837,1
0.9166666666666666,-1.0,-0.4960436682183851,-0.8367346938775511,1
0.25,0.0,0.0125458087094324,0.9183673469387756,0
0.5,-1.0,0.6279617462885316,-0.7755102040816326,1
-0.0277777777777777,0.0,0.1166320006162853,0.7551020408163265,0
-0.3611111111111111,0.0,-0.5575621512760408,-0.7551020408163265,0
-0.6944444444444444,0.0,0.931042072479558,0.2857142857142857,0
-0.1944444444444444,-1.0,0.1674975513662825,-1.020408163265306,1
0.25,0.0,0.1087963727205696,0.5510204081632653,0
-0.9166666666666666,-1.0,0.1313568182068297,-0.3877551020408163,1
0.8611111111111112,0.0,-0.0320358325904893,-0.8775510204081632,0
0.1388888888888889,-1.0,-0.0226594913444925,0.8571428571428571,1
-0.25,0.0,-0.7973631791519473,0.9183673469387756,0
-0.6944444444444444,-1.0,-0.8768859982171745,-0.8163265306122449,1
-0.3333333333333333,-1.0,-0.3468475904343711,-0.1020408163265306,1
0.75,-1.0,-0.6243190597246525,-0.6122448979591837,1
0.3611111111111111,0.0,-0.64341290017278,-0.5102040816326531,0
-0.1111111111111111,0.0,0.7893514697304852,-0.3469387755102041,0
-1.0,-1.0,0.5869457558849748,0.5510204081632653,1
0.9722222222222222,0.0,-0.3436341025894989,-0.2653061224489796,0
-0.75,-1.0,0.7549385365424192,0.7551020408163265,1
0.8888888888888888,0.0,0.888771501205058,-0.7551020408163265,0
-0.0833333333333333,0.0,-0.908778764567995,-0.8979591836734694,0
0.8611111111111112,-1.0,0.6373821079159651,-0.1224489795918367,1
0.25,-1.0,-0.3644227277229357,-0.1224489795918367,1
0.3611111111111111,-1.0,0.7403898004776212,-0.1224489795918367,1
-0.7777777777777778,0.0,0.0009134229148095,-0.5306122448979592,0
0.1388888888888889,-1.0,-0.8100960744824854,0.1428571428571428,1
-0.0277777777777777,0.0,-0.703643787073415,-0.3265306122448979,0
-0.1388888888888889,-1.0,0.366480680555097,0.9183673469387756,1
-0.1944444444444444,-1.0,-0.225868577151221,-0.1428571428571428,1
0.7777777777777778,0.0,0.8986320666468575,0.8163265306122449,0
-0.4444444444444444,0.0,-0.452463490596146,-0.5102040816326531,0
0.7222222222222222,0.0,0.4415024156184313,0.4693877551020408,0
-0.0277777777777777,-1.0,0.5009409356532074,0.3265306122448979,1
0.0555555555555555,0.0,-0.7733060406968426,0.0,0
0.5,0.0,0.7171250288883754,0.3061224489795918,0
-0.5833333333333334,0.0,-0.9776376462302044,-0.3265306122448979,0
-0.3055555555555556,-1.0,0.0976922315031859,-0.4693877551020408,1
-0.3611111111111111,0.0,-0.9315813221521564,0.7346938775510204,0
-0.0833333333333333,-1.0,0.0215919970946548,-0.0612244897959183,1
-0.8055555555555556,-1.0,-0.1606633871482496,0.8979591836734694,1
0.25,-1.0,0.7335776464503065,0.673469387755102,1
0.1666666666666666,-1.0,0.963617154742646,0.2448979591836734,1
0.1388888888888889,0.0,0.3886449426084277,0.9591836734693876,0
0.0833333333333333,0.0,-0.8721317970220211,-0.2653061224489796,0
0.1944444444444444,0.0,0.2365215094588794,-0.6326530612244898,0
-0.0833333333333333,-1.0,0.9732025928004666,0.8367346938775511,1
0.5555555555555556,0.0,-0.8190762322955528,0.3877551020408163,0
0.0,0.0,0.7907050964596608,-0.9183673469387756,0
-0.3333333333333333,0.0,0.2008209801137926,0.5510204081632653,0
0.3611111111111111,0.0,-0.2662022516425105,0.3877551020408163,0
-0.2777777777777778,0.0,0.7484785455665973,-0.5306122448979592,0
-0.4722222222222222,-1.0,0.6393960403666897,0.1020408163265306,1
-0.3888888888888889,-1.0,-0.8688962989864307,0.5510204081632653,1
-0.5833333333333334,0.0,0.3525372247350523,0.8979591836734694,0
0.4444444444444444,-1.0,0.4990260490607151,0.9387755102040816,1
0.3611111111111111,0.0,0.3870051833999142,0.0408163265306122,0
-0.1111111111111111,0.0,0.8617980124797782,-0.2040816326530612,0
0.5,-1.0,-0.4295068616769564,-1.020408163265306,1
-0.75,0.0,-0.5389415299283569,-0.1020408163265306,0
0.2222222222222222,0.0,0.0158693475078961,-1.0,0
0.9722222222222222,-1.0,-0.1171382350028063,0.1428571428571428,1
0.6666666666666666,0.0,-0.0788735184390372,0.3877551020408163,0
0.6388888888888888,-1.0,-0.0054475222027798,-0.3673469387755102,1
0.6388888888888888,0.0,0.90767825503208,0.5510204081632653,0
-0.3333333333333333,-1.0,0.8196815125403062,0.5102040816326531,1
1.0,0.0,0.0241891995994145,0.7755102040816326,0
0.1944444444444444,0.0,-0.5027457712921083,-0.3469387755102041,0
0.7222222222222222,-1.0,0.878954956144695,-0.1020408163265306,1
0.1388888888888889,0.0,-0.3456260248495053,0.7346938775510204,0
-0.3333333333333333,0.0,-0.7004523094192611,-0.6938775510204082,0
-0.6111111111111112,-1.0,0.9190135032520056,-0.3469387755102041,1
-0.5833333333333334,-1.0,-0.4215171624462126,-0.9183673469387756,1
0.9444444444444444,-1.0,0.1680037857528035,0.9591836734693876,1
0.9722222222222222,0.0,0.3804571516612191,-0.7551020408163265,0
-0.3888888888888889,-1.0,0.7853676252104724,0.7142857142857143,1
0.6111111111111112,0.0,-0.212849549341345,0.1224489795918367,0
-0.0833333333333333,0.0,0.8774472580804913,-1.020408163265306,0
-0.6944444444444444,0.0,-0.2357841680698163,-0.4285714285714285,0
0.1666666666666666,-1.0,0.3567851915436847,0.8775510204081632,1
-0.4166666666666667,0.0,-0.6627488527188088,0.8571428571428571,0
0.3055555555555556,0.0,0.9673588871647572,0.5918367346938775,0
0.0277777777777777,0.0,-0.1453222842175927,-0.4285714285714285,0
-0.6666666666666666,-1.0,0.2361803515027457,-0.3061224489795918,1
0.9166666666666666,-1.0,-0.600790165846787,-0.4897959183673469,1
-0.5555555555555556,-1.0,0.2951566575324375,-0.3061224489795918,1
0.5277777777777778,0.0,-0.5557463105417808,-0.5714285714285714,0
1.0,0.0,0.3340486645316781,-0.6938775510204082,0
-0.9722222222222222,-1.0,-0.0408289037824512,-0.0816326530612244,1
0.75,-1.0,0.0919365666303498,0.9183673469387756,1
-0.75,0.0,-0.2805198807047663,0.0,0
-0.25,-1.0,0.2533813155490992,0.0408163265306122,1
-0.7222222222222222,-1.0,-0.6358744098517614,0.2653061224489796,1
0.5555555555555556,-1.0,0.8330857186877524,-0.3265306122448979,1
-0.9166666666666666,-1.0,0.8260864780393322,-0.2244897959183673,1
0.9444444444444444,-1.0,0.6247042380622229,-0.2653061224489796,1
-0.5555555555555556,-1.0,-0.6178920840349081,0.7551020408163265,1
0.0277777777777777,0.0,0.1416245721769179,-0.9183673469387756,0
-0.8055555555555556,-1.0,0.5894769278175795,0.9387755102040816,1
-0.9722222222222222,0.0,-0.1080370211407881,0.6122448979591837,0
-0.3888888888888889,0.0,0.4039090098715705,0.7755102040816326,0
-0.3611111111111111,0.0,0.4738243806882586,0.1632653061224489,0
0.6111111111111112,-1.0,-0.4105450823731387,-0.7346938775510204,1
0.3333333333333333,-1.0,0.5586076353351602,0.1632653061224489,1
-1.0,-1.0,0.1093576325838863,-0.0816326530612244,1
-0.2222222222222222,0.0,-0.1588805617000671,0.8163265306122449,0
-0.4722222222222222,-1.0,-0.7835847997622899,-0.3673469387755102,1
-0.3611111111111111,0.0,-0.4477202944963518,0.2040816326530612,0
0.6388888888888888,0.0,0.5419459209614051,-0.7959183673469388,0
-0.9722222222222222,-1.0,0.7067582290600548,0.7755102040816326,1
-0.5,0.0,-0.5938349455798034,-0.5918367346938775,0
-0.8888888888888888,-1.0,-0.5178777774109413,0.4897959183673469,1
-0.7222222222222222,-1.0,-0.2516755257684308,0.7346938775510204,1
0.1111111111111111,-1.0,-0.7256759879824358,-1.0,1
0.4166666666666667,0.0,-0.8314129441931615,-0.9591836734693876,0
0.2222222222222222,-1.0,-0.301814740224724,-0.0204081632653061,1
-0.6666666666666666,-1.0,0.1895077420845851,-0.673469387755102,1
-0.0833333333333333,0.0,-0.2468442889057633,-0.7755102040816326,0
-0.75,-1.0,0.2205531160927509,0.1632653061224489,1
0.5555555555555556,0.0,-0.8760496109698791,-0.7551020408163265,0
0.6388888888888888,0.0,0.4637877337207127,-0.5102040816326531,0
0.4444444444444444,0.0,0.9904365721328976,0.4285714285714285,0
-0.5833333333333334,0.0,0.921797792377871,-0.4285714285714285,0
0.25,-1.0,0.5065315240956563,-0.7755102040816326,1
0.3055555555555556,0.0,-0.8858551509348829,0.2244897959183673,0
-0.1666666666666666,0.0,-0.7235960249595563,-0.8571428571428571,0
-0.3611111111111111,0.0,-0.506289411997755,-0.673469387755102,0
-0.6944444444444444,-1.0,0.9507081778863614,-0.4693877551020408,1
-1.0,0.0,-0.4669461960887891,-0.4897959183673469,0
0.1111111111111111,0.0,0.5311829377001551,0.7551020408163265,0
0.3611111111111111,0.0,-0.961515181529048,-0.7551020408163265,0
0.3888888888888889,0.0,0.7928620951500545,-0.4489795918367347,0
-0.2222222222222222,-1.0,-0.7938965741138146,0.4081632653061224,1
0.75,0.0,0.9336943004611136,-0.3061224489795918,0
-0.1944444444444444,-1.0,0.4494040740863019,-0.2448979591836734,1
0.2222222222222222,0.0,-0.8965190883379004,0.2244897959183673,0
0.6666666666666666,-1.0,0.2897201404250167,0.0204081632653061,1
-0.3333333333333333,-1.0,-0.0830884699615922,-0.3877551020408163,1
-0.7777777777777778,0.0,0.7270296147116114,0.4285714285714285,0
0.4722222222222222,0.0,0.1691153003840778,-0.7959183673469388,0
0.5833333333333334,-1.0,0.432093059086357,0.1836734693877551,1
-0.3888888888888889,0.0,0.8064093675371697,-0.8775510204081632,0
-0.2777777777777778,-1.0,0.5596311092035613,0.1020408163265306,1
-0.0555555555555555,-1.0,0.2229742370717642,0.3877551020408163,1
-0.3333333333333333,-1.0,0.3568512221158396,0.0816326530612244,1
0.8333333333333334,0.0,-0.6310651831798123,1.0,0
0.3611111111111111,-1.0,0.0929820506894692,0.7551020408163265,1
-0.4166666666666667,-1.0,0.48716255626355,-0.9387755102040816,1
0.6388888888888888,0.0,-0.8938558552609859,0.8775510204081632,0
-0.6944444444444444,-1.0,-0.0477511087633574,0.3061224489795918,1
-0.2777777777777778,0.0,-0.6774406550232758,0.2244897959183673,0
0.6666666666666666,-1.0,-0.7650192038914018,0.1428571428571428,1
0.3055555555555556,0.0,-0.081184588464459,-1.020408163265306,0
0.1666666666666666,-1.0,-0.5268249199379312,-0.1020408163265306,1
-1.0,-1.0,0.4389052131136716,-0.7755102040816326,1
0.2777777777777778,0.0,0.194735162380182,-0.4081632653061224,0
-0.1944444444444444,-1.0,-0.6814465097340069,0.7142857142857143,1
0.1388888888888889,0.0,-0.2461289577074185,0.673469387755102,0
0.1666666666666666,0.0,-0.3119504330505024,0.1632653061224489,0
-0.5,-1.0,0.8412845147303202,-0.8979591836734694,1
-0.5555555555555556,-1.0,-0.3752517415563406,0.9591836734693876,1
-0.4444444444444444,-1.0,0.6967215820925088,0.0204081632653061,1
0.9444444444444444,-1.0,-0.4709080304180835,-0.5306122448979592,1
-0.8333333333333334,-1.0,-0.7332805088756094,0.5306122448979592,1
0.5277777777777778,0.0,0.04525295211683,0.3265306122448979,0
0.5555555555555556,-1.0,-0.7750448457635886,0.4489795918367347,1
0.7777777777777778,0.0,0.80199632429815,-1.020408163265306,0
0.6944444444444444,-1.0,0.0797539260677693,0.5714285714285714,1
0.75,0.0,0.2995476905807389,0.7755102040816326,0
-0.8888888888888888,0.0,-0.3529884336447775,-0.4489795918367347,0
0.5555555555555556,0.0,0.4507246855294001,-0.1224489795918367,0
-0.5277777777777778,0.0,-0.8733093422254504,-0.979591836734694,0
0.1388888888888889,0.0,-0.3804351414705008,0.1224489795918367,0
-0.0555555555555555,-1.0,0.8218165010399815,0.0612244897959183,1
-0.9722222222222222,0.0,0.2680180923767704,0.1224489795918367,0
0.8611111111111112,-1.0,0.912058282985022,-0.6122448979591837,1
-0.0555555555555555,-1.0,-0.3163414660988037,-0.4693877551020408,1
-0.2222222222222222,-1.0,0.1657257310134592,-0.4897959183673469,1
-0.5555555555555556,-1.0,-0.594462236015275,0.7142857142857143,1
0.6666666666666666,-1.0,0.2930436792234804,0.3877551020408163,1
0.2777777777777778,0.0,-0.5544917296708376,0.4285714285714285,0
0.7777777777777778,0.0,-0.67621908943841,0.9387755102040816,0
0.5,0.0,-0.6481010707957785,-0.7142857142857143,0
-0.2222222222222222,-1.0,-0.6828881772260557,-0.0816326530612244,1
0.3611111111111111,0.0,-0.3025961019952238,0.5918367346938775,0
-0.6111111111111112,-1.0,-0.259841306524921,-0.4693877551020408,1
0.3611111111111111,-1.0,0.7004963298006978,-0.1836734693877551,1
0.7222222222222222,0.0,-0.0121716354672213,-0.9183673469387756,0
-0.1666666666666666,0.0,-0.5606765932626806,-0.5714285714285714,0
0.6944444444444444,0.0,-0.1136716299646736,-0.3061224489795918,0
0.8055555555555556,0.0,-0.5889376781449811,-0.2244897959183673,0
0.7222222222222222,0.0,-0.1872186822498817,0.8571428571428571,0
0.8055555555555556,0.0,-0.0177622239096701,0.4081632653061224,0
0.9166666666666666,0.0,-0.1188880451649113,0.5714285714285714,0
0.7777777777777778,-1.0,-0.4855888276271914,0.4081632653061224,1
0.0,-1.0,0.777994211319841,0.0816326530612244,1
-0.1111111111111111,-1.0,-0.8506278406902396,-0.8571428571428571,1
0.8888888888888888,0.0,0.6940803592063125,-0.0408163265306122,0
-0.8055555555555556,0.0,-0.0525493303399473,0.7346938775510204,0
-0.2777777777777778,-1.0,-0.0504473571263495,0.3673469387755102,1
0.4166666666666667,0.0,0.7615746090439873,0.0408163265306122,0
-0.1944444444444444,0.0,0.6975249540537268,0.6938775510204082,0
-0.3055555555555556,0.0,0.836838456205223,0.979591836734694,0
-1.0,0.0,0.5336700892513233,0.2653061224489796,0
-0.5833333333333334,-1.0,0.2195956727965047,-0.3469387755102041,1
-0.1944444444444444,0.0,-0.2317012776915712,-0.1632653061224489,0
-0.1944444444444444,-1.0,-0.7791387412371928,-0.7959183673469388,1
0.0833333333333333,0.0,0.7778291348894538,0.4897959183673469,0
-0.6666666666666666,-1.0,-0.4878668823665357,-0.0204081632653061,1
0.4444444444444444,0.0,0.1659898533020788,0.4489795918367347,0
-0.7222222222222222,0.0,0.2487921907843331,0.3877551020408163,0
0.0555555555555555,-1.0,0.8649014493710588,-0.0204081632653061,1
-0.5277777777777778,-1.0,-0.1786787282511803,0.8571428571428571,1
0.0277777777777777,-1.0,-0.9731915877051076,-0.8775510204081632,1
-0.6944444444444444,0.0,0.2637811306634972,-0.5714285714285714,0
0.0833333333333333,0.0,-0.4154313447126019,-0.5510204081632653,0
-0.0277777777777777,0.0,0.756314173462313,0.6326530612244898,0
0.1944444444444444,-1.0,-0.3267963066899975,-0.7551020408163265,1
0.6111111111111112,0.0,0.2603145256253645,-0.5306122448979592,0
-0.1111111111111111,0.0,-0.9432907436142934,0.4897959183673469,0
-0.4166666666666667,0.0,0.2683372401421858,-0.1836734693877551,0
-0.5833333333333334,0.0,-0.7158374327313546,-0.7346938775510204,0
-0.75,0.0,-0.8634707869743692,-0.4489795918367347,0
-0.0833333333333333,-1.0,-0.6405625804747598,0.5918367346938775,1
1.0,-1.0,0.284569755796934,0.2448979591836734,1
-0.9444444444444444,-1.0,0.2030330042809821,0.5306122448979592,1
-0.2777777777777778,-1.0,0.3860367350083089,-0.1224489795918367,1
0.8333333333333334,0.0,-0.2716827891313678,0.6122448979591837,0
0.5833333333333334,-1.0,0.4880759791783596,-0.1428571428571428,1
-0.0555555555555555,-1.0,0.6112009860565442,-0.5102040816326531,1
0.3333333333333333,0.0,0.059504550606931,0.9591836734693876,0
0.4444444444444444,-1.0,-0.2119251213311763,0.6938775510204082,1
-0.0555555555555555,-1.0,0.1973103546942234,-0.6530612244897959,1
0.5555555555555556,0.0,0.1027655804637547,-0.2244897959183673,0
0.6388888888888888,-1.0,-0.0287783243641806,-0.3469387755102041,1
-0.25,0.0,0.4878118568897399,-0.3265306122448979,0
-0.6388888888888888,-1.0,-0.5881563163744814,-0.1020408163265306,1
-0.6666666666666666,0.0,-0.6458560313425116,-0.979591836734694,0
0.8888888888888888,-1.0,0.8525207170920136,0.8163265306122449,1
0.1666666666666666,0.0,-0.5423200942036163,-0.5714285714285714,0
0.0,0.0,-0.8801765217295607,0.3061224489795918,0
0.8333333333333334,-1.0,-0.7597807785004457,0.8571428571428571,1
0.3611111111111111,0.0,-0.8090285802326477,-0.2040816326530612,0
-0.25,0.0,-0.7694542573211397,0.4693877551020408,0
-0.6111111111111112,0.0,-0.6584788757194581,-0.3673469387755102,0
0.25,-1.0,-0.5593119614381459,0.0408163265306122,1
-0.4722222222222222,-1.0,-0.8978507048763578,0.0612244897959183,1
-0.0277777777777777,0.0,0.1323032564077167,-0.0204081632653061,0
-0.6944444444444444,-1.0,0.7757271616758559,0.5102040816326531,1
-0.3333333333333333,0.0,0.9850770906929908,0.5714285714285714,0
0.5,-1.0,-0.0166397041830367,-0.0408163265306122,1
-0.2777777777777778,0.0,0.5921401608944942,-0.7959183673469388,0
0.2222222222222222,0.0,-0.1253700463314514,0.1224489795918367,0
0.2777777777777778,0.0,-0.9807410831214852,0.5102040816326531,0
0.2777777777777778,-1.0,0.7674293197750558,-0.7959183673469388,1
-0.0277777777777777,-1.0,-0.042413637514169,-0.0816326530612244,1
-0.3611111111111111,0.0,0.899545489561667,-0.8775510204081632,0
-0.75,0.0,-0.5534352405163591,-0.673469387755102,0
-0.25,-1.0,-0.1708651105461829,0.8979591836734694,1
-0.0555555555555555,0.0,0.4165428593438762,0.3469387755102041,0
0.7222222222222222,0.0,0.8420218561193833,0.8571428571428571,0
0.4444444444444444,0.0,-0.8826746783760882,-0.1020408163265306,0
0.25,-1.0,-0.7844321921049446,-0.2244897959183673,1
-0.9444444444444444,-1.0,0.9029350589322857,-0.4693877551020408,1
0.0,-1.0,-0.2733885789120363,0.8163265306122449,1
0.9166666666666666,-1.0,-0.523611432093059,0.0408163265306122,1
0.0833333333333333,0.0,0.0128209360934112,-0.0816326530612244,0
-0.2222222222222222,0.0,0.3129298865374668,0.8571428571428571,0
-0.8611111111111112,0.0,-0.2681721637117986,0.2448979591836734,0
0.1388888888888889,-1.0,0.2438839182541516,0.1836734693877551,1
-0.1666666666666666,0.0,-0.6277636545720668,0.6326530612244898,0
0.0277777777777777,0.0,0.9630668999746884,-0.0612244897959183,0
0.6388888888888888,-1.0,-0.6990216470225714,-0.0612244897959183,1
0.8333333333333334,0.0,-0.9593031573618586,-0.8571428571428571,0
0.0,0.0,0.361605423310993,0.5714285714285714,0
0.6666666666666666,0.0,0.0359976669197838,0.0612244897959183,0
0.4166666666666667,-1.0,0.7796339705283546,0.9183673469387756,1
-0.9444444444444444,-1.0,-0.1245776794655925,0.6530612244897959,1
-0.5,0.0,0.2760848272750283,0.5306122448979592,0
0.1666666666666666,0.0,-0.6955330317937205,0.5102040816326531,0
-0.4166666666666667,0.0,0.8884193381535651,0.9387755102040816,0
-0.6944444444444444,0.0,0.7652062905125073,0.8571428571428571,0
0.9166666666666666,-1.0,-0.2468552940011225,0.979591836734694,1
0.1944444444444444,0.0,0.3770895924813188,-0.6122448979591837,0
-0.2777777777777778,0.0,0.2343755158638449,0.4285714285714285,0
-0.7222222222222222,0.0,-0.6130388369815224,-0.8163265306122449,0
1.0,-1.0,-0.2989204001452673,-0.9387755102040816,1
-0.3888888888888889,-1.0,0.927828584634686,0.979591836734694,1
0.1666666666666666,0.0,-0.8810019038814971,-0.1632653061224489,0
-0.9444444444444444,-1.0,0.9115190333124236,0.673469387755102,1
-0.5833333333333334,-1.0,0.7548064753981093,0.7346938775510204,1
0.3055555555555556,-1.0,-0.4759483640925748,0.5918367346938775,1
0.6944444444444444,-1.0,0.2496615933177061,-0.7959183673469388,1
-0.0833333333333333,-1.0,0.2313821299261558,-0.6530612244897959,1
-0.9444444444444444,0.0,-0.8015671255791431,-0.673469387755102,0
-0.5,0.0,-0.7514059009321316,0.8775510204081632,0
-0.7777777777777778,0.0,-0.3643677022461399,0.3469387755102041,0
0.1944444444444444,0.0,0.2278054739344316,-0.6938775510204082,0
0.25,0.0,-0.8696666556615713,-0.5714285714285714,0
-0.3055555555555556,-1.0,-0.7090032685133216,-0.5102040816326531,1
0.3611111111111111,-1.0,0.7153862238216294,0.3265306122448979,1
0.4166666666666667,0.0,0.027644799542188,0.5918367346938775,0
0.5277777777777778,-1.0,0.6342016353571703,0.1836734693877551,1
0.3333333333333333,-1.0,-0.0116103756039046,0.1632653061224489,1
-0.9722222222222222,-1.0,0.9181771160047102,0.8571428571428571,1
-0.9444444444444444,-1.0,0.773911320941596,0.2040816326530612,1
0.1666666666666666,-1.0,-0.9202680841229488,0.7755102040816326,1
-0.9722222222222222,-1.0,-0.2552301715694366,0.1836734693877551,1
-0.5555555555555556,-1.0,0.4642389426304379,0.4081632653061224,1
0.3055555555555556,0.0,0.4858089295343744,-0.1632653061224489,0
-0.3055555555555556,0.0,0.5171844564033148,0.8571428571428571,0
-0.3888888888888889,-1.0,-0.1019732135978958,-0.2448979591836734,1
0.6111111111111112,0.0,-0.7962956849021097,0.5102040816326531,0
-0.9444444444444444,0.0,0.0195560544532118,0.4285714285714285,0
0.1388888888888889,0.0,0.4871075307867543,-0.5918367346938775,0
-0.9444444444444444,0.0,0.1355607646340255,-0.0204081632653061,0
0.8333333333333334,0.0,-0.175894439125315,-0.1224489795918367,0
0.75,-1.0,-0.7749898202867928,-0.8163265306122449,1
0.5277777777777778,-1.0,-0.5878701838951434,-0.1224489795918367,1
-0.0277777777777777,-1.0,-0.2732895330538039,0.0,1
0.3611111111111111,-1.0,0.4617517910792697,0.0408163265306122,1
-0.1666666666666666,-1.0,-0.8692484620379236,0.7142857142857143,1
0.5277777777777778,-1.0,-0.1717235079841967,-0.7959183673469388,1
0.1388888888888889,-1.0,0.7543332562976658,0.4081632653061224,1
-0.0277777777777777,0.0,0.3980322889497837,-0.7551020408163265,0
0.5555555555555556,0.0,0.7278990172449844,-0.3673469387755102,0
-0.3611111111111111,0.0,0.8758845345394918,0.7142857142857143,0
-0.8611111111111112,0.0,-0.0298678288047365,-0.3877551020408163,0
0.5555555555555556,0.0,-0.4747378036030682,0.5102040816326531,0
0.1666666666666666,-1.0,-0.1752561435944842,0.979591836734694,1
0.7222222222222222,0.0,-0.8948463138433095,-0.6938775510204082,0
0.3888888888888889,0.0,-0.5678959358182839,-1.0,0
0.4722222222222222,0.0,-0.052230182574532,-0.4693877551020408,0
-0.3888888888888889,0.0,0.54499433237589,0.7346938775510204,0
-0.2222222222222222,-1.0,-0.9216107057567654,0.979591836734694,1
-0.3611111111111111,0.0,0.3509414859079754,-0.3061224489795918,0
0.3055555555555556,0.0,0.3791145300274027,-0.3469387755102041,0
-0.0555555555555555,-1.0,0.8802095370156382,-0.5306122448979592,1
0.8888888888888888,-1.0,0.9391308175685342,-0.2040816326530612,1
-0.0555555555555555,0.0,0.4724487437683647,-0.1632653061224489,0
-0.6944444444444444,-1.0,-0.4025773933331132,0.0408163265306122,1
0.2222222222222222,0.0,-0.015858342412537,0.3877551020408163,0
0.4722222222222222,0.0,0.2522147754410292,0.4081632653061224,0
0.9444444444444444,0.0,-0.0499521278351876,-0.4081632653061224,0
-0.4166666666666667,0.0,-0.4230578757964938,0.6326530612244898,0
-0.7222222222222222,-1.0,-0.7010355794732961,0.5102040816326531,1
-0.9166666666666666,0.0,-0.2413857616076243,0.5510204081632653,0
-0.2777777777777778,0.0,-0.9187603860587452,-0.0816326530612244,0
-0.3611111111111111,-1.0,0.3887219782759417,-0.4897959183673469,1
-0.9166666666666666,-1.0,-0.834879549231294,0.9591836734693876,1
0.2222222222222222,-1.0,0.3018697657015198,0.8163265306122449,1
-0.25,0.0,-0.2560885690074505,-0.1224489795918367,0
0.5833333333333334,-1.0,-0.4686519858694575,-0.9183673469387756,1
0.25,-1.0,-0.7577998613357985,0.3673469387755102,1
-0.5277777777777778,0.0,0.1281433303619575,0.7346938775510204,0
0.6388888888888888,0.0,-0.4697414903100135,-0.9387755102040816,0
0.7777777777777778,-1.0,-0.0984185677968899,0.7142857142857143,1
-0.1388888888888889,0.0,-0.6310321678937348,-0.7755102040816326,0
-0.75,0.0,-0.1245336590841559,0.4081632653061224,0
0.6666666666666666,-1.0,0.856119383274456,-1.020408163265306,1
0.4166666666666667,-1.0,-0.3534946680312985,-0.8979591836734694,1
0.8888888888888888,0.0,-0.4252368846776057,0.0612244897959183,0
-0.4444444444444444,-1.0,0.3576545940770577,-0.4081632653061224,1
0.4166666666666667,-1.0,-0.7655254382779226,0.7755102040816326,1
0.8333333333333334,-1.0,0.9434998404261172,-0.5714285714285714,1
0.4722222222222222,0.0,0.9406495207280972,0.5306122448979592,0
-0.6388888888888888,-1.0,-0.7020150329602606,-0.2857142857142857,1
0.3055555555555556,-1.0,-0.3009673478820694,-0.3061224489795918,1
0.0555555555555555,0.0,0.675855921291558,0.5102040816326531,0
0.8333333333333334,0.0,0.4097417104119207,0.3469387755102041,0
-0.8888888888888888,0.0,-0.2169434448149493,0.1632653061224489,0
0.0555555555555555,-1.0,0.3870602088767099,0.2040816326530612,1
-0.7222222222222222,0.0,-0.1140237930161664,-0.3877551020408163,0
-0.7777777777777778,0.0,-0.8048466439961702,0.2857142857142857,0
-0.7222222222222222,-1.0,0.367790286902836,0.8775510204081632,1
-0.7222222222222222,0.0,0.7199753485863954,-0.8979591836734694,0
1.0,0.0,-0.6330240901537412,-0.0408163265306122,0
0.4166666666666667,-1.0,0.4099067868423079,-0.5306122448979592,1
0.0555555555555555,0.0,0.4762785169533494,-0.8775510204081632,0
-0.6666666666666666,-1.0,0.1055058492081833,-0.3877551020408163,1
0.8888888888888888,-1.0,-0.7455842054871405,-0.1224489795918367,1
0.9722222222222222,0.0,-0.022483409818746,0.9387755102040816,0
-0.4444444444444444,0.0,-0.3206114430981544,0.4489795918367347,0
0.7222222222222222,-1.0,-0.6432918441238293,-0.0816326530612244,1
0.3333333333333333,-1.0,-0.9056753276767144,-0.2244897959183673,1
-0.8888888888888888,0.0,0.4444958015561205,0.9183673469387756,0
0.1666666666666666,0.0,0.0031584623680764,-0.4081632653061224,0
1.0,0.0,-0.567829905246129,-0.2653061224489796,0
-0.6666666666666666,0.0,0.3042798815851739,0.9183673469387756,0
0.9722222222222222,-1.0,0.5409994827605181,0.0612244897959183,1
0.9166666666666666,-1.0,-0.3731937887241793,-0.979591836734694,1
-0.7222222222222222,-1.0,-0.3416311752341334,0.2653061224489796,1
0.5833333333333334,-1.0,-0.9266730496219748,0.8163265306122449,1
1.0,-1.0,0.5557353054464217,0.0204081632653061,1
-0.8888888888888888,-1.0,0.9747102908646704,0.2448979591836734,1
-0.6111111111111112,0.0,-0.17466186844509,0.4285714285714285,0
0.3055555555555556,0.0,0.4617848063653471,0.9183673469387756,0
0.0,0.0,-0.3092651897828695,0.5714285714285714,0
0.6944444444444444,0.0,0.4433512716387687,0.6530612244897959,0
-0.1666666666666666,-1.0,-0.4616857605071148,0.2244897959183673,1
-0.1944444444444444,-1.0,-0.3747345020744604,1.0,1
-0.3055555555555556,0.0,-0.1948011929523369,0.8979591836734694,0
0.75,-1.0,0.2280365809369738,-0.2040816326530612,1
0.3888888888888889,0.0,-0.6711567455732004,0.8979591836734694,0
0.5555555555555556,-1.0,0.6897223414440886,0.3877551020408163,1
0.2222222222222222,0.0,-0.3399143803581058,0.3061224489795918,0
0.9444444444444444,0.0,0.6821508358369925,0.3469387755102041,0
-0.2777777777777778,0.0,-0.7914644480394423,-0.8571428571428571,0
0.0277777777777777,0.0,-0.4209338923921776,-0.5714285714285714,0
0.6666666666666666,-1.0,0.1202196617033686,-0.4081632653061224,1
0.6388888888888888,-1.0,-0.2730914413373392,0.8775510204081632,1
0.6388888888888888,0.0,-0.1734843232416608,-0.673469387755102,0
0.7222222222222222,0.0,0.6314613666127417,-0.4693877551020408,0
0.0,-1.0,0.2827429099673149,-0.3265306122448979,1
-0.75,-1.0,-0.1578790980223843,0.6938775510204082,1
-0.9722222222222222,0.0,-0.6409477588123301,0.4489795918367347,0
0.1111111111111111,-1.0,-0.137343590082208,-0.4489795918367347,1
-0.0555555555555555,0.0,0.3677132512353219,-0.8979591836734694,0
-0.75,-1.0,-0.104537400816578,0.1632653061224489,1
0.3611111111111111,-1.0,-0.0052714406770334,-0.7755102040816326,1
0.6666666666666666,0.0,-0.1599370508545456,-0.9591836734693876,0
0.3333333333333333,-1.0,-0.7708959248131885,0.2653061224489796,1
-0.1388888888888889,-1.0,0.7300890312214555,-0.9183673469387756,1
0.5833333333333334,-1.0,0.2112648156096272,-0.1836734693877551,1
-0.3888888888888889,0.0,-0.7141096327599679,-0.7142857142857143,0
-0.1388888888888889,0.0,0.8850297687829465,-0.4285714285714285,0
-0.1111111111111111,-1.0,-0.6243190597246525,-0.6530612244897959,1
0.6666666666666666,0.0,-0.0106309221169401,0.2448979591836734,0
0.1666666666666666,-1.0,0.4237511968041203,-0.1632653061224489,1
-1.0,0.0,-0.2335611388072677,-0.9591836734693876,0
0.5555555555555556,0.0,-0.394125480097285,0.3265306122448979,0
-1.0,0.0,-0.6206873782561326,0.2857142857142857,0
-0.4166666666666667,0.0,0.552411766647958,-0.5918367346938775,0
-0.5277777777777778,-1.0,0.3141734623130509,-0.1020408163265306,1
-0.6666666666666666,-1.0,-0.7938965741138146,-0.979591836734694,1
-0.7222222222222222,0.0,-0.3301418556791795,-0.0408163265306122,0
-0.0555555555555555,0.0,-0.0819439400442404,-0.5510204081632653,0
-0.3333333333333333,0.0,-0.8602132787480603,0.9387755102040816,0
0.7222222222222222,-1.0,-0.2420570724245325,0.2653061224489796,1
-0.3888888888888889,-1.0,0.4585603134251158,0.3469387755102041,1
-0.8888888888888888,0.0,0.4929732466131819,0.4285714285714285,0
0.6666666666666666,-1.0,-0.5444660877986508,-0.673469387755102,1
-0.9722222222222222,0.0,-0.9241528827847292,-0.2448979591836734,0
1.0,0.0,-0.5120670870613094,-0.9387755102040816,0
0.1111111111111111,-1.0,-0.9352790341928312,-0.1428571428571428,1
-0.0277777777777777,-1.0,-0.6476938822674898,-0.9387755102040816,1
0.1944444444444444,0.0,0.7958004556109479,-0.5306122448979592,0
0.3055555555555556,-1.0,-0.8234892755345725,0.6938775510204082,1
0.4444444444444444,0.0,0.4324782374239272,-0.9183673469387756,0
0.2777777777777778,-1.0,-0.7800521641520024,-0.3877551020408163,1
0.8333333333333334,-1.0,0.2929556384606072,0.1428571428571428,1
-0.4166666666666667,-1.0,0.5388975095469202,0.7551020408163265,1
0.4722222222222222,-1.0,-0.5686112670166287,-0.0204081632653061,1
-0.4166666666666667,0.0,0.1544565133656883,0.1020408163265306,0
-0.3888888888888889,-1.0,-0.6379433677792818,0.0408163265306122,1
0.7222222222222222,0.0,0.2597092453806112,0.5510204081632653,0
0.6944444444444444,0.0,0.1309716398692594,0.8775510204081632,0
-0.8055555555555556,0.0,-0.9116731046474518,0.5510204081632653,0
0.3333333333333333,0.0,-0.411150362617892,0.4897959183673469,0
0.5277777777777778,0.0,-0.0422375559884226,-0.4081632653061224,0
-0.5833333333333334,0.0,-0.5362672917560831,-0.7551020408163265,0
-0.5,-1.0,-0.806728515302585,-0.6530612244897959,1
-0.8888888888888888,-1.0,0.5048477445057061,0.4489795918367347,1
-0.1388888888888889,-1.0,0.1346693519099343,-0.3061224489795918,1
0.2777777777777778,-1.0,0.8502426623526693,0.8571428571428571,1
-0.9722222222222222,-1.0,0.756963474088503,-0.6326530612244898,1
-0.8888888888888888,-1.0,0.7455071698196265,0.6530612244897959,1
0.9166666666666666,-1.0,-0.1257882399550992,-0.0612244897959183,1
-0.1944444444444444,0.0,0.3009013173099145,0.6938775510204082,0
-0.8055555555555556,0.0,-0.8168972234144409,0.7551020408163265,0
-0.3333333333333333,0.0,-0.8389734447048983,-0.8979591836734694,0
-0.4444444444444444,-1.0,-0.4082230072523578,-0.8979591836734694,1
-0.1666666666666666,0.0,-0.5166121914446389,0.7551020408163265,0
-0.7777777777777778,0.0,-0.1507698064203726,0.979591836734694,0
0.8611111111111112,-1.0,0.508402390306712,-0.3265306122448979,1
-0.3611111111111111,-1.0,0.0038958037571395,0.8571428571428571,1
-0.4722222222222222,-1.0,0.0677033466494987,0.1632653061224489,1
0.4722222222222222,-1.0,-0.7697734050865551,0.2857142857142857,1
0.25,0.0,-0.7423266972608318,-0.2448979591836734,0
-0.3055555555555556,-1.0,-0.0244753320787524,-0.7755102040816326,1
0.8888888888888888,-1.0,-0.8336359734557099,0.7346938775510204,1
-0.3611111111111111,-1.0,-0.1788548097769267,0.2857142857142857,1
0.1944444444444444,-1.0,-0.4663189056533174,0.2244897959183673,1
-0.1111111111111111,0.0,0.001749810162105,-1.0,0
0.25,0.0,-0.4063741512320204,0.5714285714285714,0
0.1111111111111111,-1.0,-0.204265574961207,-0.8571428571428571,1
-0.8333333333333334,-1.0,0.8432654318949674,0.8571428571428571,1
-0.6666666666666666,0.0,0.0697833096723783,0.0816326530612244,0
0.1666666666666666,0.0,-0.194228927993661,0.7551020408163265,0
-0.9444444444444444,-1.0,-0.1628423960293616,-0.5510204081632653,1
-0.1944444444444444,0.0,0.1708871207369011,-0.6938775510204082,0
0.0277777777777777,-1.0,0.1552598853269063,-0.6938775510204082,1
-0.5833333333333334,0.0,-0.0457041610265552,-0.8775510204081632,0
0.3611111111111111,-1.0,-0.0792036712998118,0.7346938775510204,1
-0.5833333333333334,-1.0,0.9057853786303058,0.9591836734693876,1
0.0,0.0,0.91597609693288,-0.6530612244897959,0
0.6666666666666666,0.0,0.3285241066613842,0.3265306122448979,0
-0.2777777777777778,-1.0,0.7794688940979674,-0.6530612244897959,1
0.3055555555555556,-1.0,0.0008143770565771,-0.6326530612244898,1
-0.9444444444444444,0.0,0.1871086312962901,0.3877551020408163,0
-0.0555555555555555,0.0,0.1160817458483277,-0.7142857142857143,0
-0.0277777777777777,-1.0,-0.1239063686486843,-0.3265306122448979,1
0.4722222222222222,-1.0,-0.0004732191004435,0.8571428571428571,1
-0.5,-1.0,-0.7971100619586868,0.0612244897959183,1
-0.8611111111111112,0.0,-0.0575236334422837,-0.4081632653061224,0
-0.6388888888888888,0.0,-0.7535518945271661,0.3673469387755102,0
-0.5833333333333334,0.0,0.4847524403798959,0.9183673469387756,0
-0.5277777777777778,-1.0,0.7579979530522633,-0.8775510204081632,1
-0.0833333333333333,0.0,-0.010190718302574,-0.1224489795918367,0
-0.4444444444444444,0.0,-0.3772876841977836,0.1428571428571428,0
1.0,-1.0,0.0451318960678794,-0.4489795918367347,1
0.0,-1.0,0.647847953602518,-0.2448979591836734,1
-0.8888888888888888,-1.0,0.5347045682150836,-0.4285714285714285,1
0.5555555555555556,-1.0,0.3909560126338495,-0.8367346938775511,1
-0.0555555555555555,-1.0,-0.1508138268018092,-0.7959183673469388,1
0.9722222222222222,-1.0,0.326323087589554,0.1224489795918367,1
0.9444444444444444,0.0,-0.3540339177038969,-0.9387755102040816,0
0.75,-1.0,-0.9311631285285088,-0.0612244897959183,1
-0.4166666666666667,0.0,0.1851277141316429,0.6530612244897959,0
-0.3333333333333333,-1.0,0.4436043888320292,-0.9183673469387756,1
0.0,-1.0,0.0911111844784135,0.8367346938775511,1
-0.9166666666666666,0.0,-0.8216184093235168,0.9591836734693876,0
-0.5555555555555556,0.0,0.3397493039277185,0.5306122448979592,0
-0.5,0.0,-0.1210010234738684,-0.5306122448979592,0
-0.1666666666666666,0.0,0.7359767572386015,-0.1224489795918367,0
-0.0277777777777777,0.0,0.0823951489539656,-0.4897959183673469,0
0.7222222222222222,-1.0,-0.8051547866662264,-0.2653061224489796,1
-0.25,0.0,0.2865176576755037,-0.5918367346938775,0
0.7222222222222222,-1.0,-0.431366722792653,0.6122448979591837,1
0.3333333333333333,-1.0,-0.0495229291161807,-0.4693877551020408,1
0.8888888888888888,-1.0,-0.2037593405746861,0.9591836734693876,1
-0.9444444444444444,-1.0,-0.9310310673841988,1.0,1
-0.8055555555555556,-1.0,-0.8035260325530721,-0.5306122448979592,1
0.4722222222222222,-1.0,-0.6034313887329834,-0.7959183673469388,1
-0.6388888888888888,-1.0,-0.1790418963980322,-0.8163265306122449,1
0.8333333333333334,0.0,0.9745892348157196,-0.0612244897959183,0
0.3888888888888889,0.0,-0.8854809776926718,0.2244897959183673,0
0.5555555555555556,-1.0,-0.8470401796031563,-0.3265306122448979,1
0.7222222222222222,0.0,-0.1107772898852168,0.7755102040816326,0
-0.8055555555555556,-1.0,0.1638548648024035,-0.7142857142857143,1
0.7777777777777778,0.0,-0.0025421770279639,0.5918367346938775,0
-0.8611111111111112,0.0,-0.702048048246338,-0.2448979591836734,0
-0.4166666666666667,0.0,0.023495878591788,1.0,0
0.25,0.0,-0.2923393531204948,0.1836734693877551,0
0.6944444444444444,-1.0,-0.1145960579748423,0.5918367346938775,1
0.4166666666666667,0.0,0.169786611200986,0.2448979591836734,0
-0.1666666666666666,0.0,-0.4710180813716751,-0.5714285714285714,0
0.4722222222222222,-1.0,0.6043117963617155,0.2448979591836734,1
0.9722222222222222,-1.0,0.3960843870712139,0.0816326530612244,1
0.9722222222222222,0.0,-0.5974666270483234,-0.4285714285714285,0
-0.3888888888888889,-1.0,-0.2670276337944468,0.8571428571428571,1
0.4444444444444444,0.0,-0.6448765778555471,0.8367346938775511,0
-0.9166666666666666,0.0,-0.9043327060428978,0.3061224489795918,0
-0.3888888888888889,-1.0,-0.5616560467496451,0.0816326530612244,1
0.4722222222222222,-1.0,0.4817590544422067,-0.1224489795918367,1
0.1111111111111111,-1.0,-0.0353703764843122,0.7346938775510204,1
0.3333333333333333,-1.0,0.8283095073018808,0.3265306122448979,1
0.25,0.0,-0.19022307328293,-0.5102040816326531,0
0.8333333333333334,0.0,-0.2508281334257761,0.1632653061224489,0
0.1666666666666666,-1.0,-0.8645382812242068,-0.3061224489795918,1
0.1111111111111111,-1.0,0.3439092299734777,-0.3877551020408163,1
0.8333333333333334,-1.0,-0.1679487602760078,0.5102040816326531,1
0.5277777777777778,-1.0,-0.2924383989787271,-0.0204081632653061,1
-0.25,0.0,-0.3061727579869479,0.3877551020408163,0
0.2777777777777778,-1.0,-0.2383923756699351,0.5306122448979592,1
0.2777777777777778,0.0,0.9255615349907008,0.7755102040816326,0
-0.8611111111111112,-1.0,0.1149592261216943,0.7755102040816326,1
0.8888888888888888,-1.0,-0.025828958807928,-0.7346938775510204,1
0.5833333333333334,-1.0,0.6351480735580574,-0.3469387755102041,1
-0.7777777777777778,-1.0,-0.2672917560830664,-0.3265306122448979,1
-0.9166666666666666,0.0,0.7032916240219221,-0.8979591836734694,0
0.5833333333333334,-1.0,0.3051272739278285,0.6122448979591837,1
0.6666666666666666,0.0,-0.0803151859310861,-0.9183673469387756,0
0.6666666666666666,0.0,0.832106265200788,-0.7959183673469388,0
0.5555555555555556,0.0,-0.4125810250145817,-0.3265306122448979,0
0.7777777777777778,-1.0,0.0690679784740334,-0.8979591836734694,1
0.25,-1.0,0.2915689964453542,0.6326530612244898,1
-0.9444444444444444,-1.0,-0.5391616318355399,-1.0,1
0.2222222222222222,-1.0,0.4579440280850033,-0.4897959183673469,1
-0.9722222222222222,0.0,0.8299162512243169,-0.979591836734694,0
-0.6111111111111112,-1.0,-0.543101455974116,-0.5102040816326531,1
0.4166666666666667,0.0,-0.2888727480823621,0.7142857142857143,0
0.6666666666666666,0.0,-0.6891720866761311,-0.4081632653061224,0
0.3055555555555556,0.0,0.6536476388567907,-0.2653061224489796,0
0.3333333333333333,-1.0,-0.0287453090781031,-0.2244897959183673,1
-0.9166666666666666,0.0,-0.6778478435515644,0.979591836734694,0
1.0,0.0,0.7767506355442569,0.5102040816326531,0
-0.9722222222222222,-1.0,0.8652976328039882,-0.3673469387755102,1
-0.9166666666666666,0.0,-0.2473505232922843,0.7551020408163265,0
0.5833333333333334,0.0,0.3599326488164019,0.1428571428571428,0
0.5555555555555556,-1.0,0.2461839831842142,-0.8367346938775511,1
-0.8055555555555556,-1.0,-0.8199566399242849,-0.1224489795918367,1
0.25,0.0,0.6088018752682492,0.8367346938775511,0
-0.8055555555555556,-1.0,0.98807047663068,-0.7959183673469388,1
-0.2222222222222222,-1.0,0.7091903551344272,0.5510204081632653,1
-0.0277777777777777,-1.0,0.7434822322735426,0.2653061224489796,1
0.9166666666666666,0.0,-0.4596828331517492,-0.2653061224489796,0
0.3333333333333333,0.0,0.235762157879098,-0.2653061224489796,0
-0.5277777777777778,-1.0,-0.852542727282732,-0.8775510204081632,1
0.7222222222222222,0.0,-0.4120087600559058,-0.979591836734694,0
-0.1111111111111111,0.0,-0.5442569909868269,-1.020408163265306,0
0.0277777777777777,0.0,0.8303234397526055,-0.0204081632653061,0
-0.0833333333333333,0.0,-0.3847821541373656,-0.6122448979591837,0
-0.5277777777777778,0.0,0.7626421032938251,-0.2040816326530612,0
-0.2777777777777778,0.0,-0.9013063048191312,-0.1020408163265306,0
0.3611111111111111,-1.0,0.6778918639330009,0.0816326530612244,1
0.8333333333333334,-1.0,-0.7431300692220498,0.1428571428571428,1
-0.5277777777777778,-1.0,0.10373402885536,-0.2244897959183673,1
0.5555555555555556,-1.0,-0.069398131334808,0.6938775510204082,1
0.5833333333333334,0.0,0.4679256495757535,-0.673469387755102,0
-0.6388888888888888,-1.0,0.9269041566245172,-0.4897959183673469,1
0.8611111111111112,-1.0,-0.4350094093565321,0.6530612244897959,1
0.8333333333333334,0.0,-0.5261866244071005,0.3877551020408163,0
0.7777777777777778,-1.0,0.5397779171756524,-0.5714285714285714,1
0.2222222222222222,0.0,-0.7952612059383495,0.3265306122448979,0
0.8055555555555556,-1.0,-0.1987300119955539,0.1224489795918367,1
-0.1388888888888889,0.0,0.1238293329811702,0.2653061224489796,0
-0.8333333333333334,0.0,-0.3216459220619146,-0.8775510204081632,0
0.6111111111111112,0.0,0.5702290160344239,-0.2653061224489796,0
-0.5277777777777778,-1.0,0.4220013866420152,0.5102040816326531,1
-0.4166666666666667,0.0,0.9397911232900832,-0.0204081632653061,0
-0.1111111111111111,-1.0,-0.4002223029262549,-0.5714285714285714,1
-0.5833333333333334,-1.0,0.8610056456139192,0.6530612244897959,1
-0.4722222222222222,0.0,-0.24922138950334,-0.0204081632653061,0
-0.0555555555555555,-1.0,0.8564165208491532,0.8979591836734694,1
0.6666666666666666,-1.0,-0.1945260655683581,0.4489795918367347,1
-0.1388888888888889,0.0,0.6640364488758295,0.5714285714285714,0
-0.6388888888888888,0.0,0.9190795338241606,0.4081632653061224,0
-0.8888888888888888,-1.0,0.3782891478754663,-0.6530612244897959,1
0.7777777777777778,-1.0,-0.3014405669825129,0.5306122448979592,1
0.7777777777777778,0.0,0.2053110590203264,-0.4693877551020408,0
-0.2777777777777778,0.0,0.7902538875499356,0.1224489795918367,0
0.0,0.0,0.577580419734337,-0.1428571428571428,0
0.2777777777777778,-1.0,0.1873727535849098,0.8163265306122449,1
-0.5833333333333334,-1.0,0.4423938283425226,0.5102040816326531,1
0.9166666666666666,0.0,0.2022626476058415,-0.5306122448979592,0
-0.1666666666666666,-1.0,-0.0774318509469884,-0.1020408163265306,1
-0.6388888888888888,0.0,-0.3836376242200138,0.5510204081632653,0
-1.0,0.0,0.3039827440104768,-0.1632653061224489,0
0.5277777777777778,0.0,-0.5359371388953085,0.979591836734694,0
-0.9722222222222222,-1.0,0.4630613974270087,-0.1428571428571428,1
0.3611111111111111,-1.0,-0.8274070894824304,-0.1836734693877551,1
-0.5833333333333334,-1.0,0.6372390416762961,0.1632653061224489,1
0.6944444444444444,-1.0,-0.8730122046507534,0.8367346938775511,1
-0.6111111111111112,0.0,0.3183113781680918,-0.2653061224489796,0
1.0,0.0,-0.5419789362474826,-0.979591836734694,0
-0.1388888888888889,-1.0,0.1352966423454059,0.4897959183673469,1
-0.5555555555555556,0.0,-0.4298810349191675,-0.6326530612244898,0
-0.75,-1.0,0.2453035755554821,-0.979591836734694,1
0.9722222222222222,-1.0,0.6161752891588805,0.1224489795918367,1
0.5,0.0,-0.5740037637426129,0.5306122448979592,0
0.9722222222222222,0.0,0.0408068935917329,-0.673469387755102,0
0.0277777777777777,0.0,-0.1478644612455567,0.6938775510204082,0
-0.8611111111111112,0.0,-0.4782814443087149,-0.7346938775510204,0
0.6388888888888888,0.0,0.7502613710147799,-0.4081632653061224,0
0.0833333333333333,-1.0,-0.4779733016386587,0.0612244897959183,1
-0.0277777777777777,-1.0,-0.7786765272321085,-0.9591836734693876,1
0.8333333333333334,0.0,0.9469444352735316,0.8979591836734694,0
0.4722222222222222,0.0,0.647407749788152,0.5510204081632653,0
0.3055555555555556,0.0,0.9049379862876512,-0.1632653061224489,0
-0.3055555555555556,0.0,-0.2027798870877216,-0.4693877551020408,0
-0.0833333333333333,0.0,0.6143044229478248,-0.7551020408163265,0
-0.6666666666666666,0.0,-0.4305193304499983,0.8163265306122449,0
-0.4166666666666667,0.0,-0.9321425820154732,-0.5510204081632653,0
-0.6388888888888888,0.0,-0.1761255461278572,1.0,0
-0.25,-1.0,0.3413450427547955,-0.2244897959183673,1
0.1666666666666666,0.0,0.5542826328590137,-0.4285714285714285,0
-0.4166666666666667,-1.0,-0.6127527045021846,0.8163265306122449,1
0.6111111111111112,-1.0,-0.91584403578857,-0.7959183673469388,1
-0.9722222222222222,-1.0,0.8832689535254823,-0.0612244897959183,1
0.6111111111111112,-1.0,0.5543596685265277,0.3673469387755102,1
0.2222222222222222,0.0,-0.5573860697502944,-0.3877551020408163,0
-0.6944444444444444,-1.0,0.6447665269019556,-0.8775510204081632,1
0.9722222222222222,0.0,0.501205057941827,-0.6530612244897959,0
-0.6111111111111112,0.0,-0.1789758658258773,0.7755102040816326,0
1.0,-1.0,-0.7308043624198004,0.5510204081632653,1
0.9166666666666666,0.0,0.9769773405086556,0.979591836734694,0
0.8333333333333334,-1.0,-0.2709124324562272,-0.4693877551020408,1
0.8333333333333334,0.0,-0.3171998635368175,0.8367346938775511,0
-0.3888888888888889,-1.0,0.5534242354209999,0.3877551020408163,1
-0.9722222222222222,-1.0,0.8628875169203342,0.2857142857142857,1
0.7222222222222222,0.0,-0.3494998184159266,0.3877551020408163,0
0.5,0.0,0.4535860103227794,-0.7959183673469388,0
0.1388888888888889,-1.0,0.2871119328248979,-0.8775510204081632,1
0.3611111111111111,-1.0,0.4322801457074625,0.3265306122448979,1
-1.0,0.0,-0.6259037934563703,0.3877551020408163,0
0.4166666666666667,-1.0,0.7009365336150638,0.5306122448979592,1
-0.7777777777777778,0.0,-0.7932472734876248,0.8367346938775511,0
0.2777777777777778,-1.0,-0.4356807201734403,0.1836734693877551,1
-0.8888888888888888,0.0,-0.7531887263803141,0.3265306122448979,0
0.7777777777777778,-1.0,-0.5548659029130487,0.9183673469387756,1
-0.6111111111111112,0.0,-0.1036900084739234,0.4489795918367347,0
-0.8055555555555556,0.0,0.6193777719083936,-0.7551020408163265,0
-0.5,0.0,-0.474286594693343,-0.0408163265306122,0
-1.0,0.0,0.8445310178612697,0.6122448979591837,0
0.9444444444444444,-1.0,0.4505155887175762,-0.8163265306122449,1
0.4444444444444444,0.0,-0.7393443164185017,0.0408163265306122,0
0.2777777777777778,-1.0,0.1233451087853676,-0.2653061224489796,1
0.1111111111111111,0.0,0.1723618035150274,0.3673469387755102,0
-0.6666666666666666,0.0,-0.781691923360516,-0.7551020408163265,0
-0.6944444444444444,-1.0,0.8169412437958775,0.8571428571428571,1
-0.1388888888888889,-1.0,0.8119889508842594,-0.8979591836734694,1
-0.9166666666666666,-1.0,-0.408167981775562,0.673469387755102,1
0.3333333333333333,0.0,-0.8472272662242618,-1.0,0
0.5833333333333334,-1.0,-0.6494987179063907,-0.3265306122448979,1
0.8888888888888888,-1.0,0.5631857550045671,-0.0408163265306122,1
0.5277777777777778,-1.0,-0.8140579088117799,-0.1836734693877551,1
-0.1111111111111111,0.0,-0.0295706912300395,-0.5306122448979592,0
0.25,0.0,-0.1090935102952667,0.0,0
-0.3611111111111111,0.0,0.0444385750602528,0.0816326530612244,0
0.25,-1.0,0.6453497969559906,0.5306122448979592,1
-0.2222222222222222,-1.0,-0.9726853533185864,-0.8163265306122449,1
-0.0833333333333333,-1.0,-0.1853258058481076,0.1836734693877551,1
-0.8611111111111112,0.0,0.7111052417269196,0.5102040816326531,0
0.9722222222222222,0.0,0.7378806387357346,0.5714285714285714,0
0.6111111111111112,0.0,-0.5905664322581355,0.6938775510204082,0
0.1388888888888889,-1.0,0.5754784465207391,0.0408163265306122,1
-0.3611111111111111,0.0,-0.3787953822619873,0.7959183673469388,0
0.2222222222222222,0.0,0.3910220432060043,0.0816326530612244,0
0.8611111111111112,-1.0,-0.7495680500071533,-0.9387755102040816,1
-0.5277777777777778,-1.0,-0.8119229203121046,0.8775510204081632,1
-0.4444444444444444,0.0,-0.9505100861698966,0.6938775510204082,0
-0.1388888888888889,0.0,-0.900634994002223,-0.1632653061224489,0
0.2777777777777778,-1.0,-0.6555185050678464,0.3673469387755102,1
-0.3333333333333333,-1.0,-0.6517547624550166,-0.2448979591836734,1
0.3055555555555556,-1.0,-0.5357610573695621,0.1632653061224489,1
0.75,0.0,0.8041533229885437,-0.8571428571428571,0
0.6388888888888888,-1.0,-0.3632011621380699,-0.6122448979591837,1
-0.75,0.0,-0.8553820418853929,0.0204081632653061,0
-0.1666666666666666,0.0,-0.3101125821255241,0.9591836734693876,0
-0.3888888888888889,-1.0,0.055795833470897,-0.7755102040816326,1
1.0,0.0,0.4468949123444155,-0.2857142857142857,0
0.25,0.0,-0.3938063323318697,-0.8979591836734694,0
-0.1388888888888889,-1.0,-0.160619366766813,-0.7142857142857143,1
-0.0277777777777777,0.0,0.0324870415002146,0.3061224489795918,0
-0.25,0.0,-0.5487030495119241,0.4489795918367347,0
-0.2777777777777778,0.0,-0.5297962956849022,-0.9387755102040816,0
-0.0555555555555555,0.0,0.3800719733236488,0.7346938775510204,0
-0.3888888888888889,0.0,0.0270725345835121,-0.7346938775510204,0
-0.3611111111111111,-1.0,0.1567455732003917,0.7346938775510204,1
0.8333333333333334,0.0,0.0665808269228652,-0.9591836734693876,0
-0.5833333333333334,0.0,0.7384969240758471,-0.6122448979591837,0
0.7777777777777778,-1.0,0.606094621809898,0.8367346938775511,1
1.0,-1.0,-0.3001419657301331,-0.9387755102040816,1
-0.2222222222222222,0.0,0.5605445321183709,-0.9591836734693876,0
-0.3055555555555556,-1.0,0.0737451440016727,-1.0,1
0.75,-1.0,-0.7773999361704469,0.2244897959183673,1
-0.6944444444444444,0.0,0.3389239217757822,0.3673469387755102,0
-0.3888888888888889,-1.0,0.0015847337317177,0.8571428571428571,1
-0.4722222222222222,0.0,0.4610034445948474,-0.2857142857142857,0
0.5833333333333334,-1.0,0.8808808478325465,0.1224489795918367,1
-0.5555555555555556,0.0,0.4016309551322262,0.8979591836734694,0
0.0277777777777777,0.0,0.4916306249793654,-0.5102040816326531,0
0.6666666666666666,0.0,-0.1519913720052384,-0.9183673469387756,0
0.8888888888888888,0.0,0.0163095513222622,0.5918367346938775,0
0.5555555555555556,-1.0,-0.5971254690921897,-0.8979591836734694,1
-0.2222222222222222,-1.0,-0.8641641079819956,-0.7755102040816326,1
0.8055555555555556,0.0,-0.8560863679883787,-0.8367346938775511,0
-0.4444444444444444,0.0,-0.5899941672994596,0.0204081632653061,0
0.3888888888888889,-1.0,0.6235927234309485,0.8775510204081632,1
0.6944444444444444,-1.0,-0.0869952788140909,-0.4081632653061224,1
-0.1666666666666666,0.0,0.0362177688269668,-0.7755102040816326,0
-0.5555555555555556,0.0,0.051944050095194,-0.7346938775510204,0
0.25,-1.0,0.4288135406693299,-1.020408163265306,1
-0.2222222222222222,0.0,0.2805418908954846,0.2040816326530612,0
-0.1111111111111111,0.0,0.6472426733577646,0.3061224489795918,0
0.4722222222222222,0.0,-0.5741798452683593,-0.6938775510204082,0
0.8611111111111112,-1.0,-0.215105593889971,0.9591836734693876,1
0.5833333333333334,0.0,-0.4856548581993463,-0.7755102040816326,0
-0.6666666666666666,0.0,-0.9007560500511737,-0.1428571428571428,0
0.5833333333333334,-1.0,-0.8372346396381525,0.9183673469387756,1
0.3055555555555556,0.0,-0.6770444715903463,0.4285714285714285,0
-1.0,0.0,0.5094038539843948,0.9387755102040816,0
-0.1388888888888889,0.0,-0.3461982898081812,0.8979591836734694,0
0.6666666666666666,0.0,-0.0704876357753639,-0.4489795918367347,0
-0.8055555555555556,-1.0,-0.4408861302783188,-0.673469387755102,1
-0.3055555555555556,-1.0,0.5850418743878416,0.6938775510204082,1
0.5555555555555556,0.0,-0.2408355068396667,-0.5918367346938775,0
-0.3055555555555556,0.0,-0.8812990414561942,-0.7142857142857143,0
0.6111111111111112,-1.0,0.2042435647704887,-0.2653061224489796,1
-0.2777777777777778,0.0,-0.6136991427030716,0.1836734693877551,0
-0.8055555555555556,0.0,0.1551718445640331,0.0,0
-0.5,-1.0,0.3758790319918122,0.2040816326530612,1
0.3333333333333333,0.0,-0.8481626993297897,0.1224489795918367,0
0.1388888888888889,0.0,0.1863052593350721,0.0612244897959183,0
0.9444444444444444,-1.0,0.8147402247240473,0.7551020408163265,1
0.1666666666666666,0.0,-0.4358237864131092,0.0,0
-0.6666666666666666,0.0,0.8716695830169369,-1.0,0
0.1944444444444444,0.0,-0.1570757260611663,0.4489795918367347,0
-0.25,-1.0,-0.7554227607382218,-0.2244897959183673,1
-0.3611111111111111,0.0,0.779083715760397,-0.8163265306122449,0
-0.9444444444444444,-1.0,0.887759032432016,0.9183673469387756,1
-0.0555555555555555,-1.0,-0.8881552158649455,-0.7959183673469388,1
0.8888888888888888,0.0,-0.4431972003037406,0.0,0
-0.9166666666666666,0.0,-0.4763665577162226,-0.3061224489795918,0
0.75,0.0,0.7088932175597301,0.8367346938775511,0
-0.6388888888888888,0.0,0.9037714461795812,-0.7551020408163265,0
0.75,-1.0,-0.6735668614568545,0.3061224489795918,1
0.0555555555555555,-1.0,0.3893382636160542,-0.6938775510204082,1
-0.8611111111111112,-1.0,0.9552862975557684,0.5918367346938775,1
0.2777777777777778,-1.0,-0.0073844189859905,-0.4489795918367347,1
1.0,0.0,0.415728482287299,0.5510204081632653,0
-0.2777777777777778,0.0,-0.7876016595683801,-0.2653061224489796,0
-1.0,-1.0,0.4654605082153036,0.2244897959183673,1
0.6388888888888888,0.0,-0.4251488439147325,-0.7551020408163265,0
-0.6944444444444444,-1.0,-0.5108455214764436,0.8571428571428571,1
0.1388888888888889,-1.0,0.534000242112098,-0.2040816326530612,1
0.1666666666666666,0.0,0.6499169115300384,-0.6938775510204082,0
-0.2222222222222222,0.0,0.7780052164152003,-0.0408163265306122,0
-0.5555555555555556,0.0,0.9399011742436748,-0.5714285714285714,0
0.6111111111111112,0.0,-0.6075252842065877,0.0204081632653061,0
-0.7222222222222222,-1.0,0.0712469873551454,-0.5918367346938775,1
0.4722222222222222,0.0,0.7357456502360593,-0.8163265306122449,0
-0.0277777777777777,-1.0,0.9444572837223636,-0.8775510204081632,1
0.8611111111111112,0.0,0.0053264661538292,-0.9591836734693876,0
-0.5555555555555556,0.0,-0.5685892568259104,0.8163265306122449,0
-0.6944444444444444,-1.0,-0.6298986430717423,-0.2857142857142857,1
-0.9166666666666666,0.0,-0.2230402676439191,-0.9183673469387756,0
-0.3333333333333333,0.0,0.3604278781075638,0.1020408163265306,0
0.3611111111111111,0.0,-0.7191499664344592,-0.673469387755102,0
0.3333333333333333,0.0,-0.1074757612774714,0.6122448979591837,0
0.9722222222222222,0.0,0.1911254911023804,0.2448979591836734,0
-0.5277777777777778,-1.0,-0.9750074284393674,-0.2448979591836734,1
-0.1111111111111111,-1.0,-0.5274962307548395,0.3469387755102041,1
-0.5,0.0,0.6598875279254295,0.4285714285714285,0
-0.0277777777777777,0.0,-0.6140072853731278,-0.0816326530612244,0
-0.6666666666666666,-1.0,0.6917362738948133,-0.9387755102040816,1
-0.0555555555555555,-1.0,-0.2170314855778225,0.5306122448979592,1
-0.9722222222222222,-1.0,0.2224790077806024,-0.9387755102040816,1
0.1388888888888889,0.0,-0.2352669285879362,-0.7551020408163265,0
0.8333333333333334,-1.0,-0.9220729197618496,0.3877551020408163,1
0.6388888888888888,-1.0,0.8374327313546172,-0.8367346938775511,1
0.5833333333333334,-1.0,0.9728834450350512,-1.020408163265306,1
-0.4722222222222222,-1.0,0.6623526692858793,0.3265306122448979,1
-0.6666666666666666,-1.0,0.0521751570977362,0.1836734693877551,1
0.6944444444444444,-1.0,0.8841603662495735,0.5918367346938775,1
0.6944444444444444,0.0,0.337889442812022,-0.0408163265306122,0
-0.6666666666666666,-1.0,-0.0771787337537279,-0.0204081632653061,1
-0.3611111111111111,0.0,0.3480581509238777,1.0,0
-0.0555555555555555,-1.0,-0.7866662264628523,0.5510204081632653,1
0.5,-1.0,-0.7383758680268965,0.9183673469387756,1
-0.6388888888888888,-1.0,0.4100058327005403,-0.7959183673469388,1
-0.0555555555555555,-1.0,-0.7273487624770268,0.7755102040816326,1
0.0833333333333333,0.0,-0.2327907821321271,-0.9183673469387756,0
-0.7222222222222222,-1.0,-0.1688071577140216,0.4693877551020408,1
0.0833333333333333,0.0,0.3041368153455049,-0.979591836734694,0
0.4722222222222222,-1.0,0.1510779490904288,0.1224489795918367,1
-0.7777777777777778,0.0,0.0028613247933793,0.7551020408163265,0
-0.75,0.0,0.0094203616274335,0.8163265306122449,0
-0.6666666666666666,0.0,-0.2803768144650973,-0.4285714285714285,0
-0.1944444444444444,0.0,0.2513233627169379,0.2448979591836734,0
0.9722222222222222,0.0,-0.7885040773878306,-0.979591836734694,-1
-0.0833333333333333,-1.0,0.4876687906500709,0.3265306122448979,1
-0.8333333333333334,0.0,-0.8091276260908801,-0.1428571428571428,0
-0.3055555555555556,-1.0,-0.7298689293142725,-0.4489795918367347,1
0.3611111111111111,-1.0,0.3310332684032707,0.6938775510204082,1
-0.5,0.0,0.956871031287486,-0.6326530612244898,0
-0.3611111111111111,0.0,0.3447566223161323,0.3877551020408163,0
0.0,-1.0,0.3322108136066999,0.0408163265306122,1
0.6388888888888888,0.0,0.0784773350061078,-1.020408163265306,0
0.4444444444444444,0.0,-0.5148183609010972,0.7142857142857143,0
0.5277777777777778,0.0,-0.4193271484697415,0.7346938775510204,0
0.5,-1.0,0.1022923613633112,0.2448979591836734,1
-0.7222222222222222,-1.0,0.0256418721868224,0.7755102040816326,1
0.1388888888888889,0.0,-0.9096041467199312,-0.979591836734694,0
0.8055555555555556,0.0,-0.5707132402302266,-0.7346938775510204,0
0.1111111111111111,0.0,0.6423013855415057,-0.8979591836734694,0
-0.6111111111111112,0.0,-0.9787491608614788,0.0612244897959183,0
-0.0833333333333333,0.0,-0.8615008749050811,-0.8163265306122449,0
0.9722222222222222,-1.0,0.6111349554843892,-0.6122448979591837,1
-0.0833333333333333,0.0,0.7013437221433524,-0.3877551020408163,0
0.3055555555555556,0.0,0.1188330196881156,-0.979591836734694,0
0.5555555555555556,0.0,0.6561788107893954,-0.2857142857142857,0
-0.8888888888888888,-1.0,0.9976559146885008,0.1632653061224489,1
-0.0277777777777777,0.0,-0.9177149019996258,0.8163265306122449,0
0.8333333333333334,-1.0,-0.6685595430684407,-0.979591836734694,1
0.6666666666666666,-1.0,-0.4022362353769795,0.5510204081632653,1
0.6666666666666666,0.0,-0.0403446795866486,-1.0,0
0.1666666666666666,0.0,0.9275314470599888,0.5306122448979592,0
0.25,0.0,-0.3623647748907744,0.1836734693877551,0
-0.7777777777777778,-1.0,-0.5404272178018422,0.2653061224489796,1
0.3333333333333333,-1.0,-0.1896398032288949,0.8979591836734694,1
-0.3333333333333333,-1.0,-0.0613424015319092,-0.1632653061224489,1
-0.4444444444444444,-1.0,0.9120362727943038,-0.1836734693877551,1
0.6111111111111112,0.0,0.2795074119317244,-0.6530612244897959,0
-0.75,-1.0,-0.5167112373028713,-0.9183673469387756,1
-0.9722222222222222,-1.0,-0.2841955825547228,0.673469387755102,1
-0.1944444444444444,-1.0,-0.9123884358457968,-0.1428571428571428,1
0.8888888888888888,-1.0,0.3493567521762576,0.1632653061224489,1
-0.8611111111111112,0.0,-0.8049677000451209,0.8163265306122449,0
0.6666666666666666,-1.0,-0.9253854534649544,0.2040816326530612,1
0.6111111111111112,0.0,0.3719282027578769,0.673469387755102,0
-1.0,-1.0,-0.4901669472965983,-0.4897959183673469,1
-0.1388888888888889,-1.0,-0.5545797704337108,0.9387755102040816,1
0.3888888888888889,0.0,0.5144992131356818,-0.5306122448979592,0
0.8888888888888888,0.0,0.6390989027919927,0.0,0
0.3888888888888889,-1.0,-0.4239823038066624,-0.4285714285714285,1
-0.9166666666666666,-1.0,-0.4333806552433777,-0.2040816326530612,1
-0.6111111111111112,0.0,-0.9376121144089714,0.3469387755102041,0
-0.6111111111111112,-1.0,-0.3237368901801534,0.6938775510204082,1
0.6944444444444444,0.0,0.88018752682492,-0.4693877551020408,0
-0.25,0.0,0.9847029174507798,0.2448979591836734,0
0.5833333333333334,-1.0,0.9205432115069276,-0.673469387755102,1
0.1111111111111111,0.0,-0.3831313898334929,0.1836734693877551,0
0.1944444444444444,0.0,-0.3866970407298579,-0.7551020408163265,0
0.4444444444444444,0.0,-0.1555900381876808,-0.7346938775510204,0
-0.9444444444444444,0.0,0.8855470082648266,0.1428571428571428,0
-0.1111111111111111,-1.0,0.0400035216305149,0.9183673469387756,1
-0.4444444444444444,-1.0,0.3572253953580507,-0.3673469387755102,1
-0.5833333333333334,-1.0,-0.1957916515346605,0.3265306122448979,1
0.8888888888888888,0.0,0.6236697590984626,0.2653061224489796,0
-0.4166666666666667,-1.0,-0.919112549110238,0.1836734693877551,1
-0.3611111111111111,0.0,-0.0753188726380314,0.0,0
0.8888888888888888,0.0,0.7337537279760529,-0.4489795918367347,0
-0.5555555555555556,0.0,0.6949497617396855,-0.3877551020408163,0
-0.25,-1.0,0.5053979992736637,0.3469387755102041,1
-0.6388888888888888,-1.0,0.4318839622745331,-0.5306122448979592,1
0.4444444444444444,-1.0,0.6421142989204002,0.0816326530612244,1
0.5833333333333334,0.0,-0.542155017773229,0.3265306122448979,0
-0.8055555555555556,-1.0,-0.2435097450119405,-0.4285714285714285,1
-0.1666666666666666,-1.0,0.1333157251807586,0.7959183673469388,1
0.0555555555555555,-1.0,0.9985913477940286,0.8163265306122449,1
-0.0833333333333333,0.0,0.2367416113660624,0.4081632653061224,0
-0.5277777777777778,-1.0,0.2424862711435394,0.6938775510204082,1
0.2222222222222222,0.0,-0.0705426612521597,0.9591836734693876,0
0.25,-1.0,0.413835605885525,0.0816326530612244,1
0.5,-1.0,0.4687950521091265,-0.5306122448979592,1
0.25,0.0,0.3531204947890873,0.1224489795918367,0
-0.1944444444444444,0.0,-0.5166452067307163,0.6326530612244898,0
-0.9166666666666666,-1.0,0.4536740510856527,-0.979591836734694,1
-0.4166666666666667,0.0,0.2410776189375681,-0.5102040816326531,0
1.0,0.0,0.7376275215424741,0.5102040816326531,0
0.25,-1.0,0.4048224327863801,0.8367346938775511,1
0.6388888888888888,-1.0,-0.3802700650401135,0.8367346938775511,1
0.5555555555555556,0.0,-0.3681644601450471,-0.9591836734693876,0
-0.2777777777777778,0.0,-0.1715804417445277,-0.7142857142857143,0
-0.5277777777777778,0.0,-0.0148788889255725,0.1020408163265306,0
-0.1111111111111111,-1.0,-0.3842539095601263,0.0408163265306122,1
0.0,-1.0,-0.1259423112901273,0.2448979591836734,1
0.6111111111111112,0.0,0.6795316231415145,-0.7755102040816326,0
-0.9722222222222222,-1.0,0.8984339749303928,-0.8775510204081632,1
-0.4444444444444444,-1.0,-0.4875697447918386,0.6122448979591837,1
0.7777777777777778,0.0,0.8986870921236533,0.5102040816326531,0
-0.2222222222222222,-1.0,-0.7134823423244963,-0.3469387755102041,1
-0.1111111111111111,-1.0,-0.3516127967248836,-0.8571428571428571,1
0.5833333333333334,0.0,0.9283238139258476,0.2448979591836734,0
0.6666666666666666,0.0,-0.9015374118216736,0.5714285714285714,0
0.9722222222222222,0.0,-0.1146070630702015,0.6938775510204082,0
-1.0,0.0,-0.3437991790198862,-1.020408163265306,0
0.5555555555555556,-1.0,-0.8346374371333928,0.8367346938775511,1
0.25,0.0,0.6870921236532515,0.6326530612244898,0
0.5555555555555556,0.0,0.2915249760639176,0.3061224489795918,0
0.3055555555555556,-1.0,0.1823434250057777,-0.7142857142857143,1
-0.8888888888888888,0.0,-0.3153179922304027,0.7959183673469388,0
0.5555555555555556,0.0,0.8749711116246822,0.5510204081632653,0
-0.1111111111111111,0.0,-0.2496725984130652,0.2857142857142857,0
0.3333333333333333,-1.0,-0.8938888705470633,0.0,1
0.4166666666666667,-1.0,0.8036030682205861,0.9387755102040816,1
-0.5555555555555556,0.0,0.9128396447555218,-1.020408163265306,0
-0.2777777777777778,0.0,0.796900965146863,-0.673469387755102,0
0.0277777777777777,0.0,0.7206246492125854,-0.8775510204081632,0
0.8333333333333334,-1.0,-0.0947538710422925,-0.2040816326530612,1
0.7222222222222222,-1.0,-0.4053836926496968,0.1224489795918367,1
0.5833333333333334,0.0,-0.8140469037164207,-0.4285714285714285,0
-0.0277777777777777,0.0,0.6647517800741743,0.9183673469387756,0
0.2222222222222222,0.0,-0.7485775914248297,-0.1224489795918367,0
0.8888888888888888,0.0,0.1404910473549253,0.4693877551020408,0
-0.8333333333333334,-1.0,0.3851013019027809,-0.9387755102040816,1
0.4444444444444444,-1.0,-0.4961317089812583,0.5510204081632653,1
0.4444444444444444,-1.0,0.1845444440776079,-0.7346938775510204,1
0.5277777777777778,0.0,-0.6100124357577559,0.6938775510204082,0
0.9722222222222222,0.0,-0.069255065095139,0.1224489795918367,0
-0.5555555555555556,-1.0,0.3840998382250982,-0.3877551020408163,1
0.8888888888888888,0.0,0.0115443450317497,0.2040816326530612,0
0.5,-1.0,0.8850187636875874,-0.0408163265306122,1
-0.5555555555555556,0.0,-0.1955825547228366,-0.8775510204081632,0
0.5833333333333334,0.0,-0.6583578196705074,-0.1836734693877551,0
-0.75,0.0,0.8493292394378598,-0.673469387755102,0
0.1111111111111111,0.0,-0.8120990018378509,-0.7959183673469388,0
0.4722222222222222,0.0,0.3510295266708486,0.4081632653061224,0
-0.1944444444444444,0.0,0.2039904475772282,-0.2040816326530612,0
-0.8333333333333334,0.0,0.8269888958587827,-0.0816326530612244,0
-0.8333333333333334,-1.0,0.3267192710224834,-0.8979591836734694,1
0.0833333333333333,0.0,0.272354099948276,-0.3469387755102041,0
0.4166666666666667,0.0,-0.6587429980080778,-0.4081632653061224,0
0.8611111111111112,-1.0,-0.7945788900260821,-0.6326530612244898,1
0.3333333333333333,0.0,0.7254778962659711,0.0,0
0.4444444444444444,0.0,-0.2623504682668075,-0.0204081632653061,0
0.0555555555555555,0.0,-0.5509700991559092,0.3061224489795918,0
0.75,0.0,-0.4763995730023,0.4693877551020408,0
0.6388888888888888,0.0,-0.8597180494568986,0.9591836734693876,0
-0.5833333333333334,0.0,-0.8741237192820276,0.2448979591836734,0
-0.5277777777777778,0.0,0.0119405284646791,-0.5510204081632653,0
-0.5833333333333334,-1.0,0.5339782319213796,0.5306122448979592,1
-0.8888888888888888,-1.0,0.5558563614953723,0.1020408163265306,1
0.9444444444444444,-1.0,0.1161367713251235,-0.5510204081632653,1
0.1944444444444444,0.0,-0.5786148986980972,0.6938775510204082,0
0.6666666666666666,-1.0,-0.6010652932307659,0.4285714285714285,1
0.8055555555555556,0.0,0.7098726710466946,-0.1224489795918367,0
-0.1388888888888889,0.0,-0.9171646472316682,0.1020408163265306,0
0.2777777777777778,-1.0,0.3142615030759241,0.6530612244897959,1
-0.7777777777777778,-1.0,-0.7986727854996863,-0.4897959183673469,1
-0.3055555555555556,-1.0,-0.6874442867047443,0.2653061224489796,1
-0.1944444444444444,0.0,-0.8767319268821464,0.4489795918367347,0
-0.5555555555555556,-1.0,0.7956353791805606,-0.7959183673469388,1
0.2222222222222222,0.0,0.4490739212255274,0.5102040816326531,0
0.8055555555555556,-1.0,0.3594154093345219,0.0816326530612244,1
-0.8611111111111112,-1.0,0.394488648244137,-0.673469387755102,1
-0.7777777777777778,0.0,-0.4276800158473373,-0.4285714285714285,0
-0.8888888888888888,-1.0,0.5448842814222985,0.8571428571428571,1
0.8888888888888888,-1.0,0.5789230413681534,-0.7142857142857143,1
0.5833333333333334,-1.0,-0.1824644810547283,0.3061224489795918,1
0.6388888888888888,0.0,0.0160234188429242,-0.1632653061224489,0
-0.3611111111111111,0.0,0.7862480328392045,-0.1224489795918367,0
1.0,-1.0,-0.2186162193095403,0.2857142857142857,1
0.0,0.0,0.793555416157681,-0.3265306122448979,0
0.0555555555555555,-1.0,0.5408013910440534,-0.1632653061224489,1
0.5277777777777778,0.0,-0.7655584535640001,-0.2448979591836734,0
-0.7777777777777778,-1.0,0.3340266543409598,-1.020408163265306,1
0.1111111111111111,-1.0,0.057248506058305,0.7959183673469388,1
0.5555555555555556,-1.0,0.1323582818845125,0.673469387755102,1
-0.6666666666666666,0.0,0.5941320831545005,0.0816326530612244,0
-0.5833333333333334,-1.0,0.5185270780371312,0.3061224489795918,1
0.75,0.0,-0.0246294034137805,0.0612244897959183,0
-0.4722222222222222,-1.0,0.2921412614040301,-0.1836734693877551,1
0.1666666666666666,0.0,-0.6774076397371983,-0.5510204081632653,0
-0.6388888888888888,0.0,0.2523908569667756,-0.5102040816326531,0
0.1111111111111111,0.0,-0.5624153983294266,-0.2653061224489796,0
-0.5277777777777778,-1.0,-0.8268678398098319,-0.1632653061224489,1
-0.8055555555555556,0.0,-0.1577690470687928,-0.6530612244897959,0
-0.9166666666666666,0.0,-0.939912179339034,-0.1632653061224489,0
0.6111111111111112,-1.0,-0.6899424433512716,-0.5918367346938775,1
-0.0277777777777777,0.0,0.5620522301825746,0.0204081632653061,0
-0.6388888888888888,-1.0,-0.4946130058216954,0.2448979591836734,1
0.0555555555555555,0.0,0.0150219551652415,-0.8163265306122449,0
-0.0555555555555555,-1.0,-0.2603255307207237,0.979591836734694,1
-0.6111111111111112,-1.0,-0.0192038914017189,-0.3061224489795918,1
-0.2222222222222222,-1.0,-0.3784542243058536,-0.6938775510204082,1
-0.4722222222222222,0.0,-0.54862601384441,0.2040816326530612,0
0.6666666666666666,-1.0,-0.0719403083627719,-0.0408163265306122,1
-0.5555555555555556,0.0,0.9895121441227288,0.8163265306122449,0
-0.3333333333333333,-1.0,-0.8429352790341929,0.8163265306122449,1
-0.8055555555555556,-1.0,0.56950267974072,1.0,1
-0.9166666666666666,0.0,0.118425831159827,0.5510204081632653,0
0.4722222222222222,-1.0,-0.3040157592965543,0.5510204081632653,1
-0.0277777777777777,-1.0,-0.4413153289973258,-0.5918367346938775,1
0.3888888888888889,-1.0,0.0946878404701376,-0.8979591836734694,1
-0.5277777777777778,-1.0,0.6680863239679972,-0.8571428571428571,1
-1.0,-1.0,0.3694960766835045,-1.0,1
-0.6388888888888888,-1.0,0.0504693673170678,-0.9183673469387756,1
0.3888888888888889,0.0,0.1479084816269933,-0.7959183673469388,0
0.4166666666666667,-1.0,0.4480724575478446,-0.1632653061224489,1
0.1111111111111111,-1.0,0.8772711765547448,-0.3673469387755102,1
0.5,-1.0,0.5814982336821949,0.6938775510204082,1
-0.0833333333333333,-1.0,0.9333641476003388,0.1632653061224489,1
-0.9444444444444444,-1.0,0.233726215237655,0.7346938775510204,1
0.8055555555555556,-1.0,0.2738948132985572,0.5510204081632653,1
-0.1944444444444444,0.0,0.1513750866651259,0.979591836734694,0
0.1666666666666666,-1.0,-0.2053990997831996,-0.5102040816326531,1
-0.6388888888888888,-1.0,0.9558695676098034,0.5306122448979592,1
-0.3888888888888889,0.0,-0.6774296499279167,-0.7959183673469388,0
-0.9166666666666666,0.0,-0.1834219243509745,-0.2040816326530612,0
0.8888888888888888,-1.0,-0.3628820143726545,0.9387755102040816,1
-0.3055555555555556,-1.0,-0.3207545093378234,0.4081632653061224,1
-0.8055555555555556,-1.0,0.8273630691009938,0.1836734693877551,1
-0.6666666666666666,0.0,0.2921742766901075,0.5714285714285714,0
-0.1111111111111111,0.0,-0.5623273575665533,0.7551020408163265,0
-0.1111111111111111,-1.0,0.6197409400552456,-0.1428571428571428,1
-0.25,0.0,-0.1255791431432753,-0.673469387755102,0
0.6388888888888888,-1.0,-0.7282071599150407,1.0,1
0.1944444444444444,0.0,-0.2772733775738167,-0.6530612244897959,0
0.7222222222222222,0.0,0.378850407738783,-0.7551020408163265,0
0.6666666666666666,-1.0,-0.6041247097406099,-0.7551020408163265,1
-0.7777777777777778,0.0,-0.5520816137871835,0.4285714285714285,0
0.5,0.0,0.5769861445849428,0.9387755102040816,0
-0.9166666666666666,-1.0,0.2133887990139434,0.2040816326530612,1
-0.1388888888888889,0.0,0.6194548075759077,0.4693877551020408,0
-0.6944444444444444,0.0,0.595914908602683,-0.5918367346938775,0
0.8055555555555556,-1.0,0.3220531105902032,-0.6530612244897959,1
0.6111111111111112,0.0,-0.5387874585933287,0.673469387755102,0
-0.0833333333333333,0.0,0.3601307405328667,-0.4897959183673469,0
-0.2222222222222222,-1.0,0.1120098605654418,-0.4693877551020408,1
-0.5555555555555556,0.0,-0.3318366403644887,-0.7755102040816326,0
-0.6111111111111112,-1.0,0.0941816060836167,-0.8571428571428571,1
0.2222222222222222,0.0,-0.6387797550265774,-0.9387755102040816,0
-0.1111111111111111,0.0,0.7758702279155248,-0.0204081632653061,0
0.3888888888888889,0.0,-0.6173308241715915,1.0,0
0.8333333333333334,0.0,0.85334609924395,0.1224489795918367,0
-0.9444444444444444,-1.0,0.9054662308648904,-0.8367346938775511,1
0.8888888888888888,-1.0,-0.3960513717851365,0.3877551020408163,1
-0.6944444444444444,0.0,0.1364301671673985,0.2857142857142857,0
-0.6944444444444444,-1.0,0.6422133447786325,-0.0204081632653061,1
-0.3888888888888889,0.0,0.7200964046353462,0.3673469387755102,0
0.9722222222222222,0.0,0.4966709586538567,0.5510204081632653,0
0.6388888888888888,-1.0,0.4572727172680951,0.4489795918367347,1
0.8055555555555556,-1.0,0.9559686134680356,0.4693877551020408,1
0.8888888888888888,0.0,-0.6608999966984714,-0.6938775510204082,0
-0.5277777777777778,0.0,-0.6504451561072777,-0.5714285714285714,0
-0.75,0.0,-0.658765008198796,-0.673469387755102,0
0.4722222222222222,0.0,-0.550375824006515,-0.2244897959183673,0
-0.1111111111111111,0.0,-0.2559455027677815,-0.3265306122448979,0
0.4722222222222222,0.0,0.8871867674733401,0.0,0
0.9166666666666666,-1.0,0.1684990150439653,0.4897959183673469,1
0.9722222222222222,0.0,0.6085267478842704,0.6530612244897959,0
0.5833333333333334,0.0,-0.3231095997446818,-0.9183673469387756,0
0.0555555555555555,-1.0,-0.6587870183895144,-0.1428571428571428,1
-0.4166666666666667,0.0,-0.9660602859123776,0.6122448979591837,0
0.6666666666666666,-1.0,-0.156184313337075,-0.6530612244897959,1
0.5,-1.0,-0.7197002212024167,-0.5306122448979592,1
0.8888888888888888,0.0,0.2829850220652162,-0.7551020408163265,0
0.9166666666666666,-1.0,-0.831963198961119,-0.0612244897959183,1
0.0833333333333333,-1.0,-0.1882751714043602,-0.2448979591836734,1
-0.6388888888888888,-1.0,-0.4436263990227475,-0.7551020408163265,1
0.8611111111111112,-1.0,-0.6397371983228235,0.3265306122448979,1
-1.0,0.0,-0.1190421164999394,0.1836734693877551,0
0.6388888888888888,0.0,0.3249474506696601,-0.3061224489795918,0
-0.9166666666666666,-1.0,0.3580617826053462,-0.2653061224489796,1
0.7222222222222222,-1.0,-0.9386575984680908,0.9183673469387756,1
-0.0277777777777777,0.0,0.1480075274852256,-0.6530612244897959,0
0.6944444444444444,-1.0,-0.4763665577162226,-0.6122448979591837,1
0.1111111111111111,-1.0,-0.3216129067758372,-0.1428571428571428,1
0.25,-1.0,-0.4577569414638978,0.0204081632653061,1
1.0,-1.0,-0.774780723474969,-0.9183673469387756,1
0.6111111111111112,-1.0,-0.5684021702048049,-0.8571428571428571,1
-0.75,-1.0,-0.5051889024618398,-0.1224489795918367,1
-0.25,0.0,0.1221565584865792,-0.8979591836734694,0
-0.1666666666666666,-1.0,0.7415233252996137,-0.5510204081632653,1
-0.5833333333333334,0.0,0.5330978242926475,-0.5918367346938775,0
-0.1944444444444444,0.0,0.1300802271451682,0.0204081632653061,0
0.5555555555555556,-1.0,0.8047475981379378,-0.1836734693877551,1
0.75,-1.0,-0.3892722330438993,-0.4693877551020408,1
0.0277777777777777,0.0,-0.1298601252379851,0.8367346938775511,0
0.4722222222222222,0.0,0.8834890554326653,0.6530612244897959,0
0.3611111111111111,0.0,0.9794204716783872,0.2857142857142857,0
-0.8333333333333334,-1.0,-0.270461223546502,-0.8775510204081632,1
0.0,-1.0,-0.8242046067329173,0.4081632653061224,1
-0.9166666666666666,-1.0,-0.7416113660624869,0.0204081632653061,1
-0.4444444444444444,0.0,-0.219760749226892,0.5306122448979592,0
-0.3333333333333333,-1.0,0.3450427547954703,-0.8775510204081632,1
-0.2222222222222222,0.0,0.4596278076749535,0.4285714285714285,0
0.8055555555555556,-1.0,0.4838060021790089,-0.0612244897959183,1
0.8888888888888888,0.0,0.2777906170556968,-0.4285714285714285,0
0.6944444444444444,0.0,0.6169676560247395,-0.2653061224489796,0
-0.75,0.0,0.6722572551091155,-0.1836734693877551,0
0.0833333333333333,-1.0,-0.4142537995091727,0.6530612244897959,1
-0.0833333333333333,-1.0,0.9495966632550872,-0.2653061224489796,1
-0.9722222222222222,-1.0,0.7774989820286793,0.4081632653061224,1
-0.3333333333333333,0.0,-0.9280486865418688,-0.6938775510204082,0
-0.9444444444444444,0.0,0.2517305512452265,0.3673469387755102,0
-0.4444444444444444,0.0,0.1887924108862403,0.8979591836734694,0
0.8055555555555556,-1.0,0.6871031287486106,-0.8367346938775511,1
-0.4166666666666667,0.0,0.8996555405152585,-0.8979591836734694,0
-0.8611111111111112,-1.0,-0.0623218550188737,0.1836734693877551,1
0.1388888888888889,-1.0,0.7992010300769257,-0.3673469387755102,1
0.5,-1.0,0.1960557738232801,0.7755102040816326,1
-0.5,0.0,0.4242024057138455,-0.1020408163265306,0
-0.5277777777777778,0.0,0.0851464227937535,0.5918367346938775,0
-0.5,0.0,0.5255593339716289,0.4285714285714285,0
0.0277777777777777,0.0,-0.1848745969383824,-0.8979591836734694,0
0.8888888888888888,-1.0,0.5243487734821223,-0.1836734693877551,1
0.5833333333333334,0.0,0.8902902043646208,-0.8775510204081632,0
-0.9166666666666666,0.0,0.8191092475816303,0.5918367346938775,0
0.5277777777777778,0.0,-0.9751174793929588,0.6326530612244898,0
0.4166666666666667,0.0,-0.0696952689095051,-0.8571428571428571,0
0.0555555555555555,0.0,0.199973587771138,0.1020408163265306,0
-0.1388888888888889,0.0,0.1034038759945854,-1.020408163265306,0
-0.4166666666666667,0.0,0.6036294804494481,-0.4081632653061224,0
-0.3333333333333333,0.0,0.7764534979695599,-0.2448979591836734,0
-0.9166666666666666,0.0,0.6822718918859432,-0.4693877551020408,0
-0.7222222222222222,0.0,0.8796922975337581,-0.5510204081632653,0
0.8333333333333334,-1.0,-0.2454576468905103,-0.6122448979591837,1
-0.5833333333333334,0.0,0.1418776893701784,-0.7551020408163265,0
-0.5,-1.0,-0.9227112152926804,-1.020408163265306,1
0.8611111111111112,0.0,-0.0551355277493479,-0.1224489795918367,0
-0.6388888888888888,-1.0,-0.6235266928587936,-0.7551020408163265,1
0.6666666666666666,-1.0,0.1729780888551399,-0.3469387755102041,1
0.9166666666666666,0.0,-0.8640210417423267,-0.6530612244897959,0
-0.6111111111111112,-1.0,0.0759791783595804,0.2448979591836734,1
-0.3888888888888889,0.0,0.7958664861831027,0.4489795918367347,0
-0.5833333333333334,-1.0,0.8065524337768387,-0.1020408163265306,1
0.3055555555555556,-1.0,0.2851970462324056,-0.5510204081632653,1
-0.1111111111111111,0.0,-0.0324100058327005,-0.4489795918367347,0
-0.8611111111111112,-1.0,0.4696424444517811,-0.4489795918367347,1
-0.8888888888888888,-1.0,-0.5360251796581817,0.2857142857142857,1
-0.6666666666666666,-1.0,-0.8582323615834131,0.1224489795918367,1
-0.2222222222222222,-1.0,0.4883951269437749,-0.1632653061224489,1
-0.0833333333333333,0.0,-0.9606017586142384,-0.3673469387755102,0
-0.7777777777777778,0.0,0.4168179867278549,0.0204081632653061,0
-0.5833333333333334,0.0,0.9549561446949938,0.2857142857142857,0
0.0555555555555555,-1.0,0.2765580463754718,-0.4285714285714285,1
-0.6388888888888888,-1.0,-0.1419547250376924,0.7755102040816326,1
-0.9444444444444444,0.0,-0.5034060770136574,0.1020408163265306,0
0.0833333333333333,0.0,-0.1636347628952205,-0.2448979591836734,0
0.1666666666666666,-1.0,0.2068957927520442,-0.3673469387755102,1
-1.0,0.0,0.1817491498563835,-0.3061224489795918,0
-0.4166666666666667,0.0,0.0749777146818977,-0.5714285714285714,0
0.0,0.0,-0.0551795481307845,-0.7959183673469388,0
0.8888888888888888,0.0,-0.8579462291040751,-0.0408163265306122,0
-0.3333333333333333,-1.0,-0.9173187185666964,-0.1632653061224489,1
0.9166666666666666,0.0,-0.0051613897234419,-0.4081632653061224,0
-0.0277777777777777,-1.0,0.1118998096118502,0.2653061224489796,1
-0.6388888888888888,-1.0,0.9355981819582466,-0.4897959183673469,1
0.8888888888888888,-1.0,0.5894769278175795,0.4693877551020408,1
0.1388888888888889,0.0,-0.5870007813617705,0.979591836734694,0
0.2222222222222222,-1.0,-0.6120703885899171,-0.3265306122448979,1
-0.2777777777777778,0.0,0.980576006691098,-0.0204081632653061,0
-0.3611111111111111,-1.0,-0.4772469653449547,0.3061224489795918,1
0.7222222222222222,0.0,0.1726039156129288,-0.7142857142857143,0
0.6388888888888888,0.0,0.2388105692935829,-0.1020408163265306,0
-0.3888888888888889,-1.0,-0.4827605181198895,-0.2448979591836734,1
-0.1666666666666666,-1.0,-0.3961834329294463,0.9183673469387756,1
0.25,-1.0,-0.8007747587132843,0.8979591836734694,1
-0.25,0.0,-0.5369055872869138,-0.2653061224489796,0
-0.2222222222222222,-1.0,0.5931086092860994,0.4897959183673469,1
0.6666666666666666,0.0,0.7206576644986629,0.1632653061224489,0
0.8611111111111112,-1.0,-0.2562536454378377,0.3265306122448979,1
0.9722222222222222,0.0,0.0464084871295409,0.2857142857142857,0
-0.5,0.0,-0.979343436010873,-0.3877551020408163,0
-0.0833333333333333,-1.0,0.5349136650269074,0.4285714285714285,1
-0.8888888888888888,-1.0,0.1073106848470842,-0.5918367346938775,1
-0.9722222222222222,0.0,-0.456029141492511,-0.0816326530612244,0
-0.8888888888888888,-1.0,0.9358843144375846,-0.5510204081632653,1
-0.0833333333333333,0.0,-0.4895836772425633,0.1020408163265306,0
-0.5833333333333334,0.0,-0.5493633552334731,-0.1836734693877551,0
-0.6944444444444444,0.0,-0.4346682514003984,0.8979591836734694,0
0.25,-1.0,0.531755202658831,0.979591836734694,1
0.1666666666666666,0.0,-0.1671784036008672,0.7346938775510204,0
-0.2777777777777778,0.0,-0.0609792333850572,0.3061224489795918,0
0.3611111111111111,-1.0,0.4773019908217504,-0.9591836734693876,1
0.3055555555555556,-1.0,0.1507918166110909,-0.0612244897959183,1
-0.6111111111111112,-1.0,0.5325915899061265,0.6122448979591837,1
0.6944444444444444,-1.0,0.6241980036757019,0.3265306122448979,1
-0.0277777777777777,-1.0,-0.3684175773383076,0.2857142857142857,1
0.9722222222222222,0.0,-0.3128968712513894,-0.7959183673469388,0
0.5,0.0,0.2738177776310431,0.6326530612244898,0
-0.1388888888888889,-1.0,-0.1480625529620214,0.4693877551020408,1
0.0277777777777777,0.0,-0.414782044086412,0.4081632653061224,0
-0.1111111111111111,-1.0,0.4870415002145993,0.2653061224489796,1
-0.25,0.0,0.0174210659535364,-0.8979591836734694,0
0.9722222222222222,-1.0,0.6587760132941552,-0.6938775510204082,1
-0.7777777777777778,-1.0,0.223909670177292,-0.5102040816326531,1
0.3611111111111111,0.0,-0.4677165527639297,-0.5918367346938775,0
-0.3611111111111111,0.0,0.0875675437727667,-0.979591836734694,0
-0.3888888888888889,0.0,-0.2800576666996819,-0.3265306122448979,0
0.1944444444444444,0.0,0.8359580485764909,-0.7346938775510204,0
0.8333333333333334,0.0,0.1130333344338428,0.3673469387755102,0
0.1388888888888889,-1.0,-0.4627312445662341,-0.1224489795918367,1
0.75,0.0,0.9180890752418368,0.1632653061224489,0
0.7222222222222222,0.0,0.4251488439147325,-0.9591836734693876,0
-0.5,0.0,0.6343557066921985,0.5306122448979592,0
0.6666666666666666,-1.0,0.3363267192710225,-0.7551020408163265,1
0.5833333333333334,-1.0,0.6001518703159563,0.3061224489795918,1
0.7222222222222222,-1.0,0.7126459550772007,0.0816326530612244,1
0.9444444444444444,0.0,-0.822069618233242,-0.5918367346938775,0
0.8888888888888888,0.0,0.7232218517173451,-0.3469387755102041,0
0.3611111111111111,0.0,0.3815686662924934,0.9183673469387756,0
0.1388888888888889,0.0,-0.1369364015539194,0.0612244897959183,0
0.9722222222222222,-1.0,0.4467738562954648,0.673469387755102,1
0.5833333333333334,0.0,-0.3191587705107465,-0.9387755102040816,0
0.6388888888888888,-1.0,0.1876588860642477,-0.8979591836734694,1
-0.7777777777777778,-1.0,-0.9774175443230216,-0.2653061224489796,1
-0.0555555555555555,-1.0,-0.1581212101202856,-0.4489795918367347,1
0.2777777777777778,0.0,0.5236884677605731,-0.3061224489795918,0
-0.1944444444444444,-1.0,0.917868973334654,0.2448979591836734,1
0.8611111111111112,-1.0,-0.1857109841856779,-0.5102040816326531,1
0.3611111111111111,0.0,-0.6512375229731365,0.8367346938775511,0
-0.8055555555555556,0.0,-0.8840613203913412,0.9387755102040816,0
-0.1388888888888889,-1.0,-0.9684924119867498,0.2857142857142857,1
0.9444444444444444,-1.0,0.3560588552499807,0.8775510204081632,1
-0.3055555555555556,0.0,-0.3796427746046419,-0.2653061224489796,0
-0.9722222222222222,-1.0,0.5448732763269394,0.9591836734693876,1
-0.1388888888888889,-1.0,-0.1457294727458813,0.6938775510204082,1
-0.6111111111111112,0.0,-0.7906940913643017,0.0408163265306122,0
-0.5833333333333334,0.0,-0.4990150439653559,-0.5102040816326531,0
-0.7777777777777778,0.0,-0.8480306381854799,0.4897959183673469,0
0.6111111111111112,0.0,-0.0466065788460057,0.0408163265306122,0
-0.1944444444444444,-1.0,0.906533725114728,-0.6938775510204082,1
0.5,-1.0,-0.1629084266015165,-0.1836734693877551,1
-0.0277777777777777,0.0,0.609803338945932,0.673469387755102,0
-0.9166666666666666,-1.0,-0.3552554832887627,-0.1224489795918367,1
0.9722222222222222,0.0,0.8720327511637889,-0.6122448979591837,0
-0.5,0.0,0.4540482243278638,0.3673469387755102,0
0.2777777777777778,-1.0,0.3394081459715848,-0.4897959183673469,1
0.3055555555555556,-1.0,-0.6253535386884127,0.3265306122448979,1
-0.1111111111111111,0.0,0.7914974633255197,0.1632653061224489,0
0.4444444444444444,0.0,0.0101246877304191,-0.5918367346938775,0
0.0,0.0,-0.3860697502943863,-0.0408163265306122,0
0.2222222222222222,0.0,0.8384121848415816,0.2857142857142857,0
0.5833333333333334,-1.0,0.5562525449283018,0.3265306122448979,1
-0.3888888888888889,0.0,0.9945194625111426,-0.1224489795918367,0
-0.0555555555555555,-1.0,-0.4200094643820088,-0.8163265306122449,1
-0.7222222222222222,-1.0,-0.4745727271726809,-0.3877551020408163,1
-0.8888888888888888,0.0,-0.0908030418083572,0.3061224489795918,0
-0.5277777777777778,0.0,0.3075483949068419,0.3469387755102041,0
-0.8055555555555556,-1.0,-0.7567983976581157,-0.2653061224489796,1
0.9166666666666666,0.0,-0.3238579462291041,-0.3877551020408163,0
-0.6944444444444444,-1.0,-0.5592239206752726,-0.0816326530612244,1
0.0277777777777777,0.0,0.0397393993418953,0.1632653061224489,0
0.0,0.0,0.2698119229203121,-0.6122448979591837,0
-0.4722222222222222,-1.0,-0.0986936951808687,-0.9387755102040816,1
-0.3055555555555556,-1.0,0.1611806266301297,0.4693877551020408,1
-0.4444444444444444,0.0,-0.5485049577954593,-0.1836734693877551,0
-0.8055555555555556,0.0,-0.1285725290809644,-0.8571428571428571,0
-0.9722222222222222,-1.0,0.7354925330427988,-0.9183673469387756,1
0.8888888888888888,-1.0,-0.7395424081349665,0.9183673469387756,1
-0.5555555555555556,0.0,-0.7413692539645856,-0.0204081632653061,0
0.4444444444444444,-1.0,-0.2846137761783706,0.9183673469387756,1
-0.25,0.0,-0.4635126063367339,-0.673469387755102,0
-0.6666666666666666,0.0,-0.3782231173033114,0.8163265306122449,0
0.4444444444444444,0.0,0.5041544234980796,0.7551020408163265,0
-0.4722222222222222,0.0,0.6579836464282963,-0.4897959183673469,0
0.1944444444444444,0.0,-0.795591358799124,0.4285714285714285,0
-0.3611111111111111,-1.0,-0.7702576292823577,-0.673469387755102,1
-0.0277777777777777,0.0,0.0291524976063917,-1.0,0
0.8333333333333334,0.0,-0.2632308758955396,0.6530612244897959,0
-0.5277777777777778,-1.0,-0.6813914842572111,-0.3469387755102041,1
-0.1388888888888889,0.0,-0.9795195175366196,0.2040816326530612,0
-0.6666666666666666,-1.0,-0.3909780228245678,0.4693877551020408,1
-0.1388888888888889,0.0,0.3446245611718225,-0.7346938775510204,0
0.9166666666666666,0.0,-0.2482529411117347,-0.3877551020408163,0
0.5277777777777778,-1.0,-0.091584403578857,0.9183673469387756,1
0.2222222222222222,0.0,0.3956661934475662,-0.7346938775510204,0
0.3611111111111111,0.0,0.6222170865110547,-0.6530612244897959,0
-0.1388888888888889,0.0,-0.5252842065876501,-0.5102040816326531,0
0.3888888888888889,-1.0,0.0838698317320919,-0.2857142857142857,1
-0.25,0.0,-0.8026566300196991,0.8367346938775511,0
0.0833333333333333,-1.0,-0.6708926232845808,-0.3469387755102041,1
0.0833333333333333,-1.0,0.6890730408178987,0.3877551020408163,1
-0.25,-1.0,-0.3393421153994299,0.5306122448979592,1
-0.7777777777777778,-1.0,0.2908646703423685,0.8163265306122449,1
-0.1944444444444444,0.0,0.8052538325244588,-0.9387755102040816,0
-0.7777777777777778,0.0,0.7450119405284646,-1.020408163265306,0
0.7222222222222222,0.0,0.8516623196539999,0.4693877551020408,0
0.9444444444444444,-1.0,-0.4249837674843452,0.3673469387755102,1
0.5555555555555556,0.0,0.7316737649531733,0.5306122448979592,0
0.75,0.0,0.6802029339584228,0.4081632653061224,0
0.9444444444444444,0.0,0.3236818647033576,0.1428571428571428,0
-0.6388888888888888,0.0,0.9235365974446168,-0.2040816326530612,0
-0.3333333333333333,-1.0,-0.7259291051756963,0.8367346938775511,1
0.5,0.0,-0.1364081569766802,-0.8571428571428571,0
-0.5277777777777778,-1.0,0.2592690415662452,-0.7346938775510204,1
-1.0,0.0,0.5532371487998944,-0.7959183673469388,0
0.5833333333333334,-1.0,-0.6388347805033731,-0.3877551020408163,1
0.7222222222222222,0.0,0.4972982490893283,0.8979591836734694,0
0.0555555555555555,-1.0,0.8032619102644525,0.979591836734694,1
0.0833333333333333,-1.0,-0.1703148557782253,0.1632653061224489,1
-0.5277777777777778,0.0,-0.0407518681149372,0.9183673469387756,0
-0.3055555555555556,0.0,-0.5040003521630515,0.673469387755102,0
0.6111111111111112,0.0,-0.7674293197750558,-0.3265306122448979,0
0.3055555555555556,-1.0,0.5778995674997524,-0.7755102040816326,1
-0.0555555555555555,0.0,-0.156690547723596,0.673469387755102,0
0.4166666666666667,-1.0,-0.3383626619124654,-0.2857142857142857,1
0.8611111111111112,0.0,-0.2325706802249441,0.7551020408163265,0
0.4444444444444444,0.0,0.2426403424785675,0.8367346938775511,0
0.1388888888888889,-1.0,-0.1478534561501975,-0.8775510204081632,1
-0.8333333333333334,0.0,0.7389591380809315,0.6938775510204082,0
-0.1111111111111111,-1.0,-0.0197761563603948,-0.8367346938775511,1
-0.4444444444444444,0.0,-0.9313832304356916,0.3469387755102041,0
-0.7777777777777778,-1.0,0.632429815004347,-0.1632653061224489,1
-0.4444444444444444,-1.0,-0.8713064148700849,0.4081632653061224,1
0.4166666666666667,0.0,0.7541681798672786,0.1428571428571428,0
-0.8611111111111112,0.0,0.8912036272794304,0.979591836734694,0
-0.5555555555555556,-1.0,0.9824358678067946,0.9183673469387756,1
0.0833333333333333,-1.0,-0.6995168763137333,0.5306122448979592,1
0.6944444444444444,0.0,0.1600911221895737,0.9387755102040816,0
0.9444444444444444,0.0,-0.0483563890081107,-0.5918367346938775,0
0.0,0.0,-0.8239294793489386,-0.3877551020408163,0
-0.3333333333333333,0.0,-0.9752385354419096,-0.2448979591836734,0
0.9722222222222222,0.0,-0.8358259874321811,0.2244897959183673,0
-0.6111111111111112,-1.0,-0.2311730331143319,-0.1428571428571428,1
0.3888888888888889,0.0,0.2086676131048675,-0.3061224489795918,0
-0.1944444444444444,-1.0,-0.7625760727216702,-0.2244897959183673,1
-0.3333333333333333,-1.0,0.7851365182079303,0.7959183673469388,1
-0.8611111111111112,-1.0,-0.1632495845576501,0.4081632653061224,1
0.8611111111111112,0.0,0.3849142152816754,0.2040816326530612,0
-0.3888888888888889,-1.0,0.0005722649586758,-0.1836734693877551,1
0.3333333333333333,0.0,-0.0962835792972146,-0.2448979591836734,0
0.7777777777777778,0.0,0.4458934486667327,0.6326530612244898,0
0.0833333333333333,0.0,0.1864153102886636,-0.2244897959183673,0
0.0277777777777777,-1.0,0.7812297093554316,-0.5714285714285714,1
-0.2222222222222222,-1.0,-0.8435405592789461,0.673469387755102,1
-0.6388888888888888,-1.0,-0.6330901207258961,-0.5714285714285714,1
-0.5833333333333334,0.0,-0.0577437353494668,0.5306122448979592,0
-0.1666666666666666,-1.0,0.6758339111008397,0.7551020408163265,1
0.4444444444444444,0.0,0.6997259731255572,-0.979591836734694,0
0.1388888888888889,0.0,0.1874167739663464,-0.7755102040816326,0
0.9444444444444444,-1.0,0.654616087248396,-0.5714285714285714,1
-0.8333333333333334,-1.0,-0.6947626751185799,0.5102040816326531,1
-0.1388888888888889,0.0,-0.1551828496593923,-0.9387755102040816,0
0.0,-1.0,0.1877249166364026,0.3265306122448979,1
1.0,-1.0,-0.8697326862337262,1.0,1
-0.5555555555555556,0.0,-0.1052417269195637,0.2244897959183673,0
-0.25,0.0,0.5089526450746695,0.2040816326530612,0
0.8611111111111112,0.0,0.0597026423233957,-0.673469387755102,0
-0.7777777777777778,0.0,0.014625771732312,0.1224489795918367,0
0.5277777777777778,0.0,-0.9515775804197344,0.1224489795918367,0
0.3055555555555556,-1.0,-0.176037505364984,0.3673469387755102,1
0.0,0.0,-0.4732851310156603,0.8367346938775511,0
0.0833333333333333,0.0,-0.5567587793148228,0.5102040816326531,0
-0.0555555555555555,0.0,0.5551300252016683,0.1428571428571428,0
1.0,-1.0,-0.5517404558310498,-0.7551020408163265,1
0.8611111111111112,-1.0,0.9243949948826308,-0.5510204081632653,1
-0.3888888888888889,0.0,-0.8131444858969703,-0.8163265306122449,0
-0.8611111111111112,-1.0,0.4686629909648167,-0.0816326530612244,1
-0.2222222222222222,-1.0,-0.4615647044581641,-0.1632653061224489,1
0.3611111111111111,-1.0,-0.2674018070366579,-0.6326530612244898,1
0.1944444444444444,-1.0,-0.5617991129893141,0.4693877551020408,1
-0.3611111111111111,-1.0,-0.1630404877458263,-0.9183673469387756,1
-0.8888888888888888,0.0,0.2990194460034996,0.8163265306122449,0
-0.0833333333333333,0.0,0.6431597829795195,0.4285714285714285,0
0.2777777777777778,0.0,-0.3466384936225472,0.4081632653061224,0
-0.3611111111111111,0.0,0.5365754344261393,-0.6122448979591837,0
0.6111111111111112,-1.0,0.369242959490244,0.4081632653061224,1
0.5,-1.0,-0.4828815741688402,-0.2448979591836734,1
0.7777777777777778,-1.0,0.4684318839622745,-0.8979591836734694,1
-0.6666666666666666,0.0,-0.3467815598622162,-0.3673469387755102,0
0.5555555555555556,-1.0,0.251334367812297,0.0408163265306122,1
0.5,0.0,0.4697304852146544,0.4897959183673469,0
-0.6111111111111112,0.0,-0.3250795118139699,0.6122448979591837,0
0.4166666666666667,-1.0,0.5529069959391198,-0.3673469387755102,1
-0.0833333333333333,0.0,0.7018499565298734,-0.7755102040816326,0
-0.8611111111111112,0.0,0.7567653823720383,-0.0816326530612244,0
-0.25,0.0,0.5060803151859311,0.5102040816326531,0
-0.7222222222222222,0.0,0.493996720481583,0.7346938775510204,0
0.2777777777777778,-1.0,0.49196077784014,-0.4285714285714285,1
0.5277777777777778,-1.0,-0.2678860312324606,-0.9387755102040816,1
-0.4722222222222222,-1.0,-0.1494051745958378,-0.5306122448979592,1
0.5277777777777778,0.0,0.8460057006393961,-0.6122448979591837,0
0.1666666666666666,0.0,0.1365072028349125,0.0816326530612244,0
-0.6666666666666666,0.0,0.707649641784146,0.1020408163265306,0
-0.3333333333333333,0.0,0.7285923382526109,0.7142857142857143,0
-0.6388888888888888,-1.0,-0.1987740323769905,-0.0408163265306122,1
-0.9166666666666666,0.0,-0.909648167101368,0.7755102040816326,0
0.3333333333333333,-1.0,0.7796449756237138,0.8571428571428571,1
0.9722222222222222,0.0,-0.3539238667503054,0.3469387755102041,0
-0.8888888888888888,-1.0,-0.8742667855216966,0.5510204081632653,1
0.6666666666666666,-1.0,0.8598831258872858,-0.8775510204081632,1
-0.6388888888888888,0.0,0.745474154533549,-0.5510204081632653,0
0.1666666666666666,-1.0,-0.6719931328204959,-0.5918367346938775,1
-0.1944444444444444,0.0,-0.9245490662176588,-0.6938775510204082,0
-0.3055555555555556,0.0,0.5150604729989985,0.5714285714285714,0
-0.8055555555555556,0.0,-0.072237445937469,-0.6326530612244898,0
-0.7777777777777778,0.0,0.4336557826273565,0.6938775510204082,0
0.1388888888888889,-1.0,0.0946218098979827,-0.8163265306122449,1
-0.5833333333333334,-1.0,-0.0870833195769641,-0.4081632653061224,1
-0.8055555555555556,0.0,-0.1820022670496439,0.5510204081632653,0
0.5833333333333334,0.0,0.5673126657642489,0.4285714285714285,0
0.2222222222222222,0.0,-0.6345537984086632,0.1632653061224489,0
-0.0833333333333333,-1.0,-0.6055223568512221,0.5510204081632653,1
-0.4444444444444444,0.0,0.6188165120450768,-0.3877551020408163,0
0.0833333333333333,0.0,0.9852091518373006,0.3061224489795918,0
-0.9166666666666666,0.0,-0.7200193689678321,-0.8163265306122449,0
0.1111111111111111,0.0,-0.3089680522081723,-0.2244897959183673,0
0.2777777777777778,-1.0,-0.4620709388446851,0.8163265306122449,1
0.8888888888888888,-1.0,-0.229654329954769,0.2653061224489796,1
-0.8333333333333334,-1.0,-0.7870734149911409,-0.9591836734693876,1
0.1944444444444444,-1.0,-0.0268964530577657,-0.6938775510204082,1
0.7222222222222222,-1.0,-0.3399033752627466,-0.5714285714285714,1
-0.8888888888888888,-1.0,0.4513299657741534,0.7142857142857143,1
-0.5277777777777778,0.0,-0.0298458186140182,0.1224489795918367,0
-0.4444444444444444,-1.0,-0.8893437661637338,0.7959183673469388,1
0.1111111111111111,0.0,-0.2026258157526935,0.9183673469387756,0
-0.9444444444444444,-1.0,0.1098858771611256,-0.7142857142857143,1
0.5555555555555556,-1.0,0.99831622041005,-0.5306122448979592,1
0.8611111111111112,0.0,-0.9622745331088294,0.5510204081632653,0
-0.8055555555555556,-1.0,-0.1030627180384518,-0.7551020408163265,1
-0.8888888888888888,-1.0,-0.3691108983459342,0.7346938775510204,1
0.0555555555555555,-1.0,0.1303223392430695,0.5918367346938775,1
0.1666666666666666,0.0,-0.6069200039618343,-0.5102040816326531,0
0.4722222222222222,-1.0,-0.7256759879824358,-0.1020408163265306,1
0.0555555555555555,0.0,-0.593295695907205,-0.4081632653061224,0
-0.6666666666666666,-1.0,-0.8693805231822334,0.7346938775510204,1
-0.3333333333333333,0.0,0.2031210450438553,0.4285714285714285,0
-0.75,-1.0,-0.4551487338637789,-0.0204081632653061,1
0.2777777777777778,-1.0,0.3049291822113638,0.4285714285714285,1
0.1944444444444444,-1.0,-0.6915711974644261,0.3265306122448979,1
-0.4166666666666667,-1.0,0.7569414638977847,0.6938775510204082,1
0.1111111111111111,0.0,0.2155237875136188,0.4081632653061224,0
-0.6944444444444444,-1.0,0.0732609198058701,0.9591836734693876,1
-0.7777777777777778,-1.0,-0.3726875543376583,0.9591836734693876,1
-0.5555555555555556,-1.0,0.8203528233572144,-0.4489795918367347,1
-0.5,-1.0,-0.5659370288443549,0.8775510204081632,1
1.0,-1.0,0.836838456205223,-0.8367346938775511,1
-0.4444444444444444,-1.0,-0.3679003378564275,-0.1836734693877551,1
0.1388888888888889,0.0,-0.3316275435526649,0.6122448979591837,0
0.6944444444444444,-1.0,-0.3328821244236081,0.7142857142857143,1
0.25,0.0,0.2110557187978033,0.7959183673469388,0
-1.0,0.0,0.3024310255648365,-0.5306122448979592,0
-0.9166666666666666,-1.0,0.2074460475200017,-0.9183673469387756,1
0.4444444444444444,0.0,0.0232537664938866,0.2653061224489796,0
-0.2777777777777778,0.0,0.9843177391132094,-0.0204081632653061,0
0.2222222222222222,0.0,-0.296576314833768,-0.2448979591836734,0
0.1111111111111111,-1.0,-0.0785213553875444,-0.5510204081632653,1
-0.9166666666666666,0.0,0.9067538270219112,-0.4489795918367347,0
0.4166666666666667,0.0,-0.9805650015957388,-0.7346938775510204,0
0.6388888888888888,0.0,-0.9658291789098352,-0.7755102040816326,0
0.1111111111111111,0.0,-0.966247372533483,-0.6122448979591837,0
-0.7222222222222222,-1.0,0.5614579550331804,-0.2040816326530612,1
0.4166666666666667,0.0,0.6389118161708871,0.9591836734693876,0
0.9444444444444444,-1.0,0.303487514719315,-0.2448979591836734,1
0.5833333333333334,-1.0,0.9456018136397152,0.6122448979591837,1
-0.4722222222222222,0.0,-0.3087589553963485,0.1632653061224489,0
-0.9722222222222222,0.0,-0.1460486205112967,0.3061224489795918,0
0.1666666666666666,-1.0,0.8296411238403381,-0.3265306122448979,1
-0.4166666666666667,0.0,0.1360780041159056,0.8367346938775511,0
0.0555555555555555,0.0,-0.4613446025509811,-0.0204081632653061,0
0.6388888888888888,0.0,-0.3427316847700485,0.4693877551020408,0
0.9444444444444444,0.0,0.708155876170667,0.4081632653061224,0
-0.3055555555555556,-1.0,0.0904508787568644,0.673469387755102,1
-0.1111111111111111,0.0,-0.2828419558255472,-0.4693877551020408,0
-0.8611111111111112,-1.0,0.8558552609858364,0.3265306122448979,1
-0.2222222222222222,0.0,-0.2078422309529312,0.7551020408163265,0
0.3333333333333333,-1.0,-0.1844013778379389,0.8979591836734694,1
0.0277777777777777,-1.0,-0.5772722770642807,0.5714285714285714,1
-0.1111111111111111,-1.0,0.6374701486788383,-0.6530612244897959,1
0.7777777777777778,-1.0,0.9777807124698736,0.5918367346938775,1
0.0555555555555555,-1.0,0.7318608515742789,0.0408163265306122,1
0.0555555555555555,0.0,-0.9547250376924517,0.4081632653061224,0
-0.2222222222222222,-1.0,-0.5571989831291888,0.3877551020408163,1
-0.2777777777777778,-1.0,0.3758900370871713,0.4897959183673469,1
0.1111111111111111,-1.0,0.1645591909053892,0.673469387755102,1
0.5277777777777778,0.0,-0.9260347540911442,0.5510204081632653,0
-0.0833333333333333,-1.0,0.943763962714737,0.8775510204081632,1
-0.8055555555555556,0.0,0.0186316264430431,-0.4285714285714285,0
-0.0833333333333333,-1.0,0.0169478468530929,0.8979591836734694,1
-0.4722222222222222,-1.0,0.0869512584326543,-0.3673469387755102,1
0.1666666666666666,-1.0,-0.319995157758042,0.8367346938775511,1
-0.3611111111111111,-1.0,-0.4385750602528971,-0.0408163265306122,1
0.1666666666666666,-1.0,-0.029537675943962,-0.7346938775510204,1
0.2777777777777778,-1.0,-0.0406748324474231,-0.1428571428571428,1
0.1666666666666666,0.0,0.4305303355453575,0.979591836734694,0
0.8611111111111112,0.0,0.5641982237776091,-0.6938775510204082,0
0.2222222222222222,0.0,0.7935444110623219,0.3265306122448979,0
-0.3055555555555556,0.0,0.5103723023760001,-0.5714285714285714,0
0.0833333333333333,-1.0,0.5266268282214666,-0.6938775510204082,1
1.0,-1.0,-0.6747994321370795,0.0612244897959183,1
-0.1944444444444444,-1.0,-0.8331297390691891,0.5918367346938775,1
0.6388888888888888,-1.0,0.6980201833448887,0.4897959183673469,1
0.2777777777777778,-1.0,-0.7592415288278473,-0.8163265306122449,1
-0.5555555555555556,0.0,-0.4163557727227706,0.2244897959183673,0
0.8611111111111112,-1.0,-0.0471788438046815,0.2244897959183673,1
0.3333333333333333,0.0,-0.2575742568809359,-0.6326530612244898,0
-0.6666666666666666,0.0,0.8415046166375032,0.2040816326530612,0
-0.6944444444444444,0.0,-0.7249716618794502,-0.5918367346938775,0
0.5833333333333334,-1.0,-0.7625100421495152,0.8163265306122449,1
0.8611111111111112,0.0,0.8060902197717543,-1.020408163265306,0
0.0277777777777777,-1.0,-0.4216822388765999,-0.1632653061224489,1
0.0277777777777777,0.0,0.2340453630030704,0.3265306122448979,0
-0.7222222222222222,0.0,-0.6880935873309342,-0.673469387755102,0
-0.8611111111111112,-1.0,-0.5213994079258697,0.3061224489795918,1
-0.3611111111111111,-1.0,0.9621204617738012,-0.6938775510204082,1
0.6111111111111112,-1.0,0.4914325332629007,-0.8367346938775511,1
0.9722222222222222,-1.0,0.2831831137816809,-0.5510204081632653,1
-0.2777777777777778,-1.0,-0.743438211892106,0.7346938775510204,1
0.5833333333333334,0.0,0.9009761519583568,0.9387755102040816,0
0.7777777777777778,0.0,0.5629216327159475,-0.1428571428571428,0
0.9722222222222222,0.0,-0.1507698064203726,0.1428571428571428,0
-0.0555555555555555,-1.0,-0.6407716772865837,-0.9387755102040816,1
-0.4444444444444444,-1.0,-0.871900690019479,-0.8775510204081632,1
0.1666666666666666,0.0,-0.9408806277306392,0.3877551020408163,0
-0.5,-1.0,-0.928918089075242,-0.3877551020408163,1
-0.3333333333333333,0.0,-0.7983206224481935,0.9591836734693876,0
-0.2222222222222222,0.0,0.2934838830378465,-1.0,0
0.3333333333333333,-1.0,-0.8883753177721285,0.3469387755102041,1
-0.4166666666666667,0.0,0.5992494524965059,0.6530612244897959,0
-0.0555555555555555,-1.0,0.3148997986067549,0.2653061224489796,1
0.0277777777777777,-1.0,0.5703940924648112,-0.8367346938775511,1
0.4444444444444444,-1.0,0.6010652932307659,-0.3061224489795918,1
-0.5833333333333334,0.0,-0.3880506674590335,0.4081632653061224,0
-0.0277777777777777,0.0,0.6030682205861314,-0.8775510204081632,0
-0.8888888888888888,0.0,-0.3742942982600944,0.8979591836734694,0
0.4166666666666667,0.0,0.1785686772975888,0.0612244897959183,0
0.0833333333333333,0.0,0.0948749270912432,-0.3469387755102041,0
0.0555555555555555,0.0,-0.1961988400629491,0.8571428571428571,0
0.6388888888888888,0.0,0.293814035898621,-0.0816326530612244,0
-0.6944444444444444,0.0,0.6921654726138202,-0.9387755102040816,0
0.9444444444444444,0.0,-0.4708199896552104,-1.0,0
0.0555555555555555,0.0,0.0721824204606732,-0.7551020408163265,0
-0.0833333333333333,0.0,-0.0507444947010465,0.1224489795918367,0
-1.0,-1.0,0.4353285571219474,0.7755102040816326,1
-0.6666666666666666,-1.0,0.6116521949662694,-0.979591836734694,1
-0.5833333333333334,-1.0,0.2564077167728658,0.0,1
0.4722222222222222,-1.0,-0.8240945557793258,-0.3061224489795918,1
-0.6388888888888888,-1.0,0.485126613622107,-0.8571428571428571,1
-0.4722222222222222,0.0,-0.6942344305413406,0.2448979591836734,0
0.4166666666666667,-1.0,0.8299932868918309,-1.020408163265306,1
-0.6944444444444444,-1.0,0.2231173033114332,-0.7959183673469388,1
0.0277777777777777,-1.0,0.2784729329679641,0.2448979591836734,1
1.0,0.0,-0.5035931636347629,-0.3265306122448979,0
-0.5833333333333334,-1.0,0.2101533009783529,-0.3061224489795918,1
-0.1388888888888889,-1.0,-0.5456106177160025,0.5510204081632653,1
-0.3333333333333333,-1.0,-0.7164537180714671,-0.7959183673469388,1
-0.8611111111111112,-1.0,-0.3220861258762807,-0.6530612244897959,1
0.1388888888888889,-1.0,0.2630988147512298,0.1020408163265306,1
0.6666666666666666,-1.0,0.3459121573288432,-0.3061224489795918,1
-0.6944444444444444,-1.0,-0.6993738100740643,-0.7142857142857143,1
-0.6666666666666666,-1.0,-0.2980509976118943,0.4081632653061224,1
-0.6111111111111112,-1.0,0.3159782979519517,0.9183673469387756,1
0.5555555555555556,-1.0,0.9449194977274478,0.8367346938775511,1
-0.5277777777777778,0.0,0.6455478886724554,-0.1836734693877551,0
0.6666666666666666,-1.0,-0.6785301594638318,-0.4693877551020408,1
0.6111111111111112,0.0,0.870084849285219,0.8367346938775511,0
0.0555555555555555,-1.0,-0.7523193238469411,-0.2244897959183673,1
0.5,0.0,-0.4043492136859365,0.7551020408163265,0
0.9444444444444444,-1.0,-0.1027985957498321,-0.2244897959183673,1
0.1944444444444444,-1.0,-0.6845719568160058,0.2244897959183673,1
0.8888888888888888,-1.0,0.7527705327566664,-0.4693877551020408,1
0.8611111111111112,0.0,-0.2043646208194394,-0.3673469387755102,0
-0.1388888888888889,-1.0,-0.8230380666248474,-0.7959183673469388,1
-0.3333333333333333,0.0,0.3507874145729472,0.4285714285714285,0
0.1388888888888889,0.0,0.7376935521146291,0.8979591836734694,0
0.25,-1.0,0.7354154973752848,0.4081632653061224,1
0.1666666666666666,-1.0,-0.6408707231448161,0.6122448979591837,1
-0.8055555555555556,-1.0,-0.0640056346088238,0.7959183673469388,1
-0.5277777777777778,-1.0,-0.6709476487613765,-0.7346938775510204,1
-0.1388888888888889,0.0,-0.0884479514014989,-0.2448979591836734,0
0.5277777777777778,0.0,-0.2532162391187119,0.1224489795918367,0
-0.9722222222222222,0.0,-0.2792102743570273,0.7346938775510204,0
0.8888888888888888,-1.0,-0.8533240890532316,-0.8571428571428571,1
-0.75,-1.0,0.7135153576105737,0.3061224489795918,1
-0.0277777777777777,-1.0,0.405031529598204,1.0,1
-0.8888888888888888,-1.0,-0.1148161598820253,0.979591836734694,1
-0.7222222222222222,0.0,-0.288212442360813,-0.6530612244897959,0
0.1111111111111111,0.0,-0.8259103965135858,0.5510204081632653,0
0.0555555555555555,0.0,0.274390042589719,0.0408163265306122,0
0.3888888888888889,-1.0,-0.8859101764116786,0.2653061224489796,1
0.7777777777777778,-1.0,-0.0853885348916548,0.2040816326530612,1
0.1944444444444444,0.0,-0.6023418842924274,0.979591836734694,0
0.4444444444444444,-1.0,0.3279848569887858,-0.1224489795918367,1
-0.6111111111111112,-1.0,-0.7803272915359811,1.0,1
-0.6666666666666666,-1.0,0.5554711831578021,1.0,1
0.5,0.0,0.8519154368472602,0.673469387755102,0
-0.6388888888888888,-1.0,-0.8527518240945557,-0.4693877551020408,1
0.4722222222222222,-1.0,0.1459715848437826,0.6122448979591837,1
-0.6111111111111112,-1.0,0.6002729263649069,-0.5102040816326531,1
-0.1944444444444444,-1.0,0.8892667304962197,-0.3673469387755102,1
0.6944444444444444,-1.0,0.1950322999548791,-0.2653061224489796,1
0.8888888888888888,-1.0,0.6482661472261657,-0.979591836734694,1
0.9444444444444444,0.0,-0.2186492345956177,-0.2040816326530612,0
-0.0833333333333333,0.0,-0.6957751438916219,0.7755102040816326,0
0.5555555555555556,-1.0,0.0343579077112703,-0.8571428571428571,1
-0.7777777777777778,-1.0,-0.1408762256924956,0.5714285714285714,1
-0.3333333333333333,0.0,0.3125667183906148,0.1632653061224489,0
0.0555555555555555,-1.0,-0.3301528607745386,-0.5102040816326531,1
-0.9166666666666666,0.0,0.1762355970814487,0.2244897959183673,0
-0.9722222222222222,-1.0,0.1105241726919563,0.1632653061224489,1
0.9722222222222222,-1.0,-0.7470808984559851,0.8775510204081632,1
-0.25,-1.0,-0.6388567906940914,1.0,1
-0.5,-1.0,-0.1218704260072413,-0.6938775510204082,1
-0.0833333333333333,-1.0,0.824182596542199,-0.1632653061224489,1
-0.0555555555555555,0.0,-0.4381568666292493,0.1428571428571428,0
-0.75,0.0,0.660437782693387,0.4081632653061224,0
-0.9444444444444444,0.0,-0.7998723408938339,0.9183673469387756,0
-0.5555555555555556,-1.0,-0.0943246723232856,0.4285714285714285,1
-0.8055555555555556,0.0,-0.2387555438167871,0.9387755102040816,0
0.0,0.0,0.4355046386476939,-0.5510204081632653,0
0.4166666666666667,-1.0,0.2133007582510702,-0.0204081632653061,1
-0.8333333333333334,0.0,0.3975150494679036,-0.8775510204081632,0
-0.75,0.0,0.7357016298546227,-1.0,0
-0.5277777777777778,-1.0,-0.1750800620687378,-0.5306122448979592,1
0.4166666666666667,0.0,-0.0391231140017828,0.8163265306122449,0
-0.1944444444444444,0.0,-0.141052307218242,0.8775510204081632,0
-0.5555555555555556,0.0,-0.1553149108037021,0.8571428571428571,0
0.0,0.0,0.7745386113770676,-0.3469387755102041,0
0.6111111111111112,-1.0,-0.0131841042402632,0.2653061224489796,1
-0.2777777777777778,0.0,0.2573321447830345,0.4489795918367347,0
-0.9444444444444444,-1.0,0.9937931262174386,0.6122448979591837,1
0.6111111111111112,0.0,0.6716959952457988,0.4897959183673469,0
-0.3333333333333333,0.0,-0.7553347199753486,-0.4489795918367347,0
0.75,0.0,-0.1394345582004468,0.8163265306122449,0
-0.0277777777777777,-1.0,-0.6431377727888012,-1.020408163265306,1
-0.2777777777777778,-1.0,0.3445915458857451,-0.1020408163265306,1
0.8611111111111112,0.0,-0.2736857164867333,0.673469387755102,0
-1.0,0.0,0.81509238777554,0.673469387755102,0
0.5,-1.0,0.9981621490750218,-0.3673469387755102,1
0.25,-1.0,-0.4741655386443923,1.0,1
-0.1388888888888889,-1.0,0.0957553347199753,-0.9183673469387756,1
0.0555555555555555,0.0,0.880770796878955,-0.5306122448979592,0
-0.1666666666666666,-1.0,0.9596663255087106,0.3673469387755102,1
0.6666666666666666,-1.0,-0.055652767231228,-0.2244897959183673,1
-0.75,-1.0,-0.7785444660877987,-0.8367346938775511,1
-0.6666666666666666,0.0,0.1478754663409158,-0.5510204081632653,0
0.3611111111111111,-1.0,0.9091309276194878,0.8979591836734694,1
0.5555555555555556,-1.0,0.7939405944952513,0.1428571428571428,1
-0.6111111111111112,0.0,-0.4700166176939923,-0.1224489795918367,0
-0.5555555555555556,0.0,0.2824017520111812,-0.6122448979591837,0
-0.4444444444444444,-1.0,-0.9456018136397152,-0.3061224489795918,1
0.1111111111111111,-1.0,0.0887010685947593,-0.2244897959183673,1
0.3611111111111111,-1.0,-0.8547657565452804,-0.2448979591836734,1
-1.0,0.0,-0.5748951764667041,-0.4285714285714285,0
-0.6944444444444444,0.0,-0.7695863184654494,-0.3469387755102041,0
-0.1666666666666666,-1.0,-0.1473032013822399,0.2040816326530612,1
0.7222222222222222,-1.0,-0.0545082373138763,0.7142857142857143,1
-0.4722222222222222,0.0,-0.7031265475915349,-0.7346938775510204,0
-0.1388888888888889,0.0,-0.8364312676769344,0.2040816326530612,0
0.5833333333333334,0.0,-0.7080238150263573,-0.0816326530612244,0
-0.7222222222222222,-1.0,-0.8148062552962021,0.2244897959183673,1
-0.1666666666666666,-1.0,-0.1664960876885998,-0.8775510204081632,1
0.6388888888888888,0.0,0.9870139874762016,-0.7959183673469388,0
-0.1666666666666666,0.0,-0.6218759285549209,0.2857142857142857,0
-0.3888888888888889,-1.0,-0.0582279595452694,-0.673469387755102,1
-0.0833333333333333,0.0,0.2466461971892986,0.8367346938775511,0
-0.5833333333333334,0.0,0.1349114640078356,-0.3469387755102041,0
-0.1944444444444444,0.0,0.8133865979948717,0.3265306122448979,0
0.8055555555555556,-1.0,0.927190289103855,-0.6530612244897959,1
-0.6111111111111112,-1.0,0.676142053770896,-0.5510204081632653,1
0.3333333333333333,-1.0,-0.2095700309243179,0.3469387755102041,1
0.9166666666666666,0.0,-0.5813881827286034,0.0204081632653061,0
0.3611111111111111,0.0,0.36255186151188,0.2448979591836734,0
-0.1944444444444444,0.0,-0.6125105924042832,-0.3673469387755102,0
-0.5,0.0,0.3149988444649872,-0.7755102040816326,0
0.8055555555555556,-1.0,0.4246095942421341,0.673469387755102,1
0.6111111111111112,-1.0,0.9487602760077916,0.6122448979591837,1
0.8611111111111112,0.0,-0.1173033114331935,0.2448979591836734,0
0.1388888888888889,-1.0,-0.3873243311653295,-0.4693877551020408,1
0.6666666666666666,0.0,-0.6118502866827341,0.979591836734694,0
0.5277777777777778,-1.0,0.5466450966797627,0.5102040816326531,1
0.3611111111111111,-1.0,-0.0350952491003334,0.5102040816326531,1
-0.1111111111111111,0.0,-0.8485038572859234,0.5714285714285714,0
0.6666666666666666,0.0,-0.9556054453211836,0.673469387755102,0
-0.75,-1.0,0.8804406440181805,-0.4897959183673469,1
-0.9722222222222222,0.0,-0.2436087908701729,0.6326530612244898,0
0.1111111111111111,-1.0,-0.1903441293318806,-0.1428571428571428,1
-0.6666666666666666,0.0,-0.4405009519407485,0.3673469387755102,0
-1.0,-1.0,0.3945546788162919,0.9591836734693876,1
0.5,-1.0,0.1115036261789208,-0.2244897959183673,1
0.9166666666666666,-1.0,0.4001342621633816,0.4693877551020408,1
-0.0833333333333333,0.0,0.4028305105263737,0.1020408163265306,0
-0.8611111111111112,-1.0,0.2370167387500412,0.8367346938775511,1
0.3055555555555556,0.0,-0.644799542188033,-0.8979591836734694,0
-0.0833333333333333,-1.0,-0.4597928841053407,-0.2857142857142857,1
0.3055555555555556,0.0,0.4429770983965576,-0.1632653061224489,0
-0.6111111111111112,-1.0,-0.2391957476311532,0.5510204081632653,1
-0.5,0.0,-0.2118150703775848,-0.6326530612244898,0
-0.6111111111111112,0.0,-0.5317331924681127,-0.4285714285714285,0
0.6944444444444444,0.0,-0.1279452386454928,-0.9183673469387756,0
-0.5555555555555556,-1.0,-0.0480812616241319,0.2653061224489796,1
-0.25,0.0,-0.4849945524777972,-0.0408163265306122,0
0.4166666666666667,-1.0,-0.5026357203385168,-0.2857142857142857,1
-0.7222222222222222,-1.0,-0.9675129584997854,0.3877551020408163,1
0.0,0.0,-0.821420317607052,0.2857142857142857,0
0.0555555555555555,-1.0,0.0017277999713867,-0.4693877551020408,1
-0.0833333333333333,-1.0,-0.9780558398538524,0.1224489795918367,1
-0.4722222222222222,0.0,-0.7821871526516777,-0.1632653061224489,0
0.1111111111111111,0.0,0.5468762036823049,0.1632653061224489,0
-0.4444444444444444,0.0,-0.5698548427922128,0.2244897959183673,0
0.1111111111111111,-1.0,-0.8079390757920918,-0.3673469387755102,1
0.8333333333333334,-1.0,0.7800301539612841,0.7346938775510204,1
-0.9166666666666666,-1.0,0.8416696930678904,-0.7959183673469388,1
-0.0555555555555555,-1.0,-0.9502129485951996,0.8571428571428571,1
0.5,0.0,0.409400552455787,0.6122448979591837,0
0.7777777777777778,0.0,0.6122244599249452,0.1020408163265306,0
0.25,0.0,-0.7695863184654494,-0.7551020408163265,0
-0.3333333333333333,0.0,-0.958455765019204,0.9591836734693876,0
0.6666666666666666,0.0,0.3870822190674282,0.3673469387755102,0
0.7777777777777778,-1.0,-0.6416190696292383,-0.5918367346938775,1
-0.4722222222222222,-1.0,0.7041060010784993,0.1836734693877551,1
0.9722222222222222,-1.0,-0.8428582433666788,0.8979591836734694,1
0.0555555555555555,-1.0,-0.8055509700991559,-0.979591836734694,1
-0.8333333333333334,-1.0,-0.1184918617319819,-0.6938775510204082,1
0.8611111111111112,0.0,0.7256979981731542,-0.4285714285714285,0
0.6944444444444444,-1.0,-0.2137519671607954,0.5102040816326531,1
0.1111111111111111,-1.0,-0.5115168322933519,0.979591836734694,1
-0.9166666666666666,0.0,0.2739388336799938,-0.6122448979591837,0
-0.7222222222222222,-1.0,-0.1644601450471568,-0.1836734693877551,1
0.0277777777777777,0.0,-0.4216272133998041,-0.3877551020408163,0
0.8055555555555556,0.0,0.8403600867201514,0.7755102040816326,0
0.2222222222222222,-1.0,0.3780910561590016,-0.6938775510204082,1
-1.0,0.0,-0.2720459572782198,-0.2448979591836734,0
0.0833333333333333,0.0,-0.768309727403788,0.8367346938775511,0
-0.9722222222222222,-1.0,0.0894163997931042,-0.7755102040816326,1
0.9166666666666666,0.0,0.547096305589488,0.6326530612244898,0
0.0555555555555555,0.0,0.3808423299987894,0.5918367346938775,0
1.0,0.0,0.449921313568182,-0.4693877551020408,0
-0.7222222222222222,0.0,0.7770697833096724,-0.0408163265306122,0
0.5833333333333334,-1.0,-0.9110568193073392,-0.2244897959183673,1
-0.75,-1.0,-0.5262746651699737,-0.3061224489795918,1
0.1111111111111111,-1.0,0.5400640496549902,0.1020408163265306,1
0.1666666666666666,-1.0,0.5084464106881487,0.5306122448979592,1
-0.3888888888888889,-1.0,-0.701167640617606,1.0,1
0.0,-1.0,0.959039035073239,-0.4285714285714285,1
0.4166666666666667,0.0,-0.0127439004258971,-0.4081632653061224,0
-0.1666666666666666,0.0,-0.760672191224537,-0.8367346938775511,0
0.4722222222222222,-1.0,0.7684968140248936,-0.1224489795918367,1
-0.0555555555555555,0.0,0.3212717488197035,-0.2653061224489796,0
-0.6111111111111112,0.0,-0.6478149383164405,-0.3061224489795918,0
0.3055555555555556,-1.0,-0.1946911419987454,-0.3061224489795918,1
-0.8611111111111112,-1.0,-0.3958862953547492,-0.1428571428571428,1
0.9444444444444444,-1.0,0.5671916097152981,-0.6326530612244898,1
0.3333333333333333,0.0,0.2179008881111954,-0.1224489795918367,0
-0.2222222222222222,-1.0,0.6848800994860621,-0.0816326530612244,1
-0.8888888888888888,-1.0,-0.511604873056225,0.2040816326530612,1
0.8888888888888888,-1.0,0.997743955451374,0.4489795918367347,1
-0.1666666666666666,0.0,-0.934750789615592,0.0204081632653061,0
0.25,-1.0,-0.3733368549638483,0.4693877551020408,1
-0.1666666666666666,-1.0,-0.6221290457481814,0.4897959183673469,1
-1.0,-1.0,0.2804868654186888,0.7346938775510204,1
0.8611111111111112,0.0,-0.8633717411161368,-0.4897959183673469,0
0.8611111111111112,-1.0,-0.3938063323318697,-0.4489795918367347,1
-0.8888888888888888,0.0,-0.104460365149064,-0.0204081632653061,0
-0.8611111111111112,0.0,-0.5716046529543178,0.5510204081632653,0
0.4166666666666667,0.0,-0.9686024629403414,-0.3673469387755102,0
0.6944444444444444,0.0,0.1381909824248627,0.0408163265306122,0
0.1111111111111111,-1.0,-0.4658897069343106,0.4897959183673469,1
0.2222222222222222,-1.0,0.657741534330395,-0.9387755102040816,1
0.7777777777777778,0.0,-0.0817128330416983,0.673469387755102,0
-0.3333333333333333,-1.0,-0.6290072303476509,-0.3061224489795918,1
-1.0,-1.0,-0.0526043558167431,0.2857142857142857,1
-0.9722222222222222,0.0,-0.8502646725433876,-0.8775510204081632,0
-0.2777777777777778,-1.0,-0.2991625122431686,0.2653061224489796,1
-0.8888888888888888,0.0,-0.5659370288443549,-0.3061224489795918,0
0.3888888888888889,0.0,-0.2007329393509195,-0.7551020408163265,0
-0.9166666666666666,-1.0,0.8110315075880132,0.2244897959183673,1
0.1944444444444444,-1.0,-0.4862821486348179,0.1836734693877551,1
-0.9166666666666666,0.0,0.2160080117094214,0.3469387755102041,0
0.0833333333333333,0.0,-0.0370211407881849,0.2244897959183673,0
-0.9444444444444444,-1.0,-0.3569942883555086,-0.9183673469387756,1
0.3055555555555556,0.0,0.4116896122904905,0.8571428571428571,0
0.3333333333333333,0.0,0.1018191422628677,0.2040816326530612,0
-0.8055555555555556,0.0,0.6508193293494888,-0.6326530612244898,0
0.1666666666666666,-1.0,0.2123323098594649,0.3061224489795918,1
-0.3611111111111111,0.0,0.2361693464073866,-0.5306122448979592,0
-0.6111111111111112,-1.0,0.1710081767858518,-0.2653061224489796,1
-0.6388888888888888,-1.0,-0.5998767429319775,-0.7551020408163265,1
0.5833333333333334,-1.0,-0.9625166452067307,0.7755102040816326,1
-0.3611111111111111,-1.0,0.566960502712756,-0.6530612244897959,1
0.4166666666666667,0.0,-0.8187680896254966,0.0612244897959183,0
-0.8888888888888888,-1.0,0.0241891995994145,-0.7346938775510204,1
-0.4166666666666667,0.0,0.2441700507334896,0.7346938775510204,0
0.3611111111111111,0.0,-0.7530456601406451,0.4489795918367347,0
-0.9722222222222222,0.0,-0.7489407595716817,-0.8979591836734694,0
-0.0277777777777777,0.0,-0.6576975139489584,0.2448979591836734,0
-0.5,0.0,0.4662198597950851,-0.5510204081632653,0
-0.0555555555555555,0.0,-0.2732785279584447,0.3061224489795918,0
0.5,-1.0,0.5821255241176665,-0.4285714285714285,1
-0.3888888888888889,0.0,-0.4899028250079787,-0.6530612244897959,0
-0.3611111111111111,0.0,0.9567279650478172,0.6122448979591837,0
-0.1944444444444444,0.0,0.7317618057160465,0.1224489795918367,0
-0.1111111111111111,0.0,0.3718731772810811,-0.3877551020408163,0
-0.3611111111111111,0.0,0.3402115179328029,0.1836734693877551,0
0.4444444444444444,0.0,0.715650346110249,0.1428571428571428,0
0.9166666666666666,-1.0,0.6490915293781021,-0.3877551020408163,1
-0.7222222222222222,-1.0,-0.8757854886812594,-0.7142857142857143,1
-1.0,-1.0,0.9756017035887616,-0.5510204081632653,1
-0.6111111111111112,0.0,-0.7541681798672786,-0.6122448979591837,0
-0.6944444444444444,0.0,0.492984251708541,0.8571428571428571,0
-0.6111111111111112,0.0,0.1336458780415332,-0.979591836734694,0
-0.7777777777777778,-1.0,-0.7459693838247109,-0.6326530612244898,1
0.5833333333333334,0.0,-0.3449437089372379,-0.0816326530612244,0
0.2222222222222222,0.0,-0.8838742337702357,-0.7142857142857143,0
0.1111111111111111,0.0,-0.3820749006790144,0.9387755102040816,0
0.9722222222222222,0.0,0.921654726138202,0.5306122448979592,0
-0.4444444444444444,-1.0,-0.5596971397757161,-0.2857142857142857,1
-0.6944444444444444,-1.0,0.5862634399727074,-0.0408163265306122,1
0.9722222222222222,-1.0,0.7547404448259544,0.3469387755102041,1
-0.2222222222222222,-1.0,0.857715122101533,0.7755102040816326,1
0.5277777777777778,0.0,-0.3661065073128858,-0.3061224489795918,0
-0.5833333333333334,0.0,-0.1397757161565805,0.5714285714285714,0
0.4166666666666667,0.0,0.8305985671365842,-0.7755102040816326,0
-0.25,0.0,-0.1945480757590764,-0.1836734693877551,0
0.5277777777777778,-1.0,0.7249166364026545,0.9591836734693876,1
0.5277777777777778,-1.0,-0.0968558442558904,0.1632653061224489,1
0.1944444444444444,-1.0,-0.2698009178249529,0.1224489795918367,1
0.7222222222222222,0.0,-0.54499433237589,-0.0204081632653061,0
-0.0277777777777777,0.0,-0.7320589432907436,0.8367346938775511,0
-0.0833333333333333,-1.0,-0.4499323186635412,-0.1836734693877551,1
0.4166666666666667,-1.0,-0.739652459088558,-0.4081632653061224,1
-0.0555555555555555,-1.0,0.3750536498398759,0.4081632653061224,1
-0.8333333333333334,-1.0,0.8642411436495098,0.7959183673469388,1
0.1111111111111111,-1.0,0.2837113583589202,-0.4081632653061224,1
-0.9444444444444444,-1.0,-0.2958939989215006,-0.8979591836734694,1
-0.5,0.0,-0.6305149284118546,0.5510204081632653,0
-0.8888888888888888,0.0,-0.0466505992274423,0.5102040816326531,0
-0.9722222222222222,-1.0,-0.4334576909108917,0.5102040816326531,1
-0.5555555555555556,0.0,0.9831401939097802,-0.0204081632653061,0
-0.3611111111111111,0.0,0.7690360636974919,0.7755102040816326,0
0.2777777777777778,-1.0,0.3171338329646626,-0.2040816326530612,1
0.0277777777777777,-1.0,0.2630327841790749,0.5714285714285714,1
-0.6388888888888888,-1.0,-0.2548780085179438,0.5918367346938775,1
0.1111111111111111,-1.0,-0.0056896343006812,0.4897959183673469,1
0.2777777777777778,-1.0,0.3611762245919861,0.7959183673469388,1
0.0833333333333333,0.0,0.775363993529004,0.5510204081632653,0
0.5277777777777778,-1.0,0.8612367526164614,-0.7346938775510204,1
-0.4722222222222222,-1.0,-0.8601692583666237,-0.3061224489795918,1
-0.3888888888888889,-1.0,0.9486722352449184,-0.8367346938775511,1
0.7222222222222222,-1.0,0.9259026929468344,0.8979591836734694,1
-0.0833333333333333,0.0,0.9032211914116236,-0.4693877551020408,0
-0.8888888888888888,-1.0,-0.1799553193128418,0.6938775510204082,1
0.25,0.0,0.7891753882047388,0.5102040816326531,0
-0.0277777777777777,0.0,0.4552477797220113,0.0816326530612244,0
-0.75,-1.0,0.7561270868412074,-0.2448979591836734,1
-0.8888888888888888,0.0,0.4648662330659095,0.8367346938775511,0
0.5833333333333334,0.0,0.9398681589575972,-0.4897959183673469,0
-0.0833333333333333,-1.0,0.8864934464657136,-0.0612244897959183,1
-0.3055555555555556,0.0,0.462940341378058,-0.8979591836734694,0
0.5555555555555556,0.0,-0.7673963044889784,-0.8979591836734694,0
-0.8055555555555556,-1.0,0.3735899721571087,-0.1428571428571428,1
-0.3888888888888889,0.0,0.3651160487305622,-0.4285714285714285,0
-0.8055555555555556,0.0,0.0373512936489594,0.1428571428571428,0
-0.8333333333333334,0.0,0.7489627697624,-0.2653061224489796,0
-0.0277777777777777,0.0,0.7049203781350766,-0.6122448979591837,0
0.25,-1.0,-0.7280200732939351,0.2857142857142857,1
0.7222222222222222,0.0,0.2455676978441018,0.2244897959183673,0
0.9722222222222222,0.0,-0.6300857296928478,0.9387755102040816,0
0.8333333333333334,-1.0,-0.4989159981071236,0.0,1
-0.7222222222222222,-1.0,-0.096822828969813,-0.6122448979591837,1
-0.8333333333333334,-1.0,-0.5870558068385663,0.0612244897959183,1
0.2222222222222222,0.0,-0.7600669109797836,-0.8979591836734694,0
0.4166666666666667,0.0,0.3193788724179295,0.4081632653061224,0
-0.3611111111111111,0.0,0.429693948298062,0.9183673469387756,0
-0.0833333333333333,0.0,-0.69113099365006,0.8163265306122449,0
-0.1111111111111111,0.0,-0.018697657015198,0.4081632653061224,0
-0.6666666666666666,0.0,-0.8742447753309782,0.2244897959183673,0
-0.5833333333333334,-1.0,0.3180472558794722,0.5510204081632653,1
-1.0,0.0,0.618024145179218,0.4489795918367347,0
0.8333333333333334,0.0,0.4618618420328612,-0.8979591836734694,0
-0.9444444444444444,0.0,-0.7709839655760617,-0.1428571428571428,0
0.8055555555555556,0.0,0.797264133293715,-0.6122448979591837,0
-0.2222222222222222,-1.0,0.3888210241341741,0.3469387755102041,1
-0.9444444444444444,-1.0,-0.3460992439499488,-0.3673469387755102,1
0.6388888888888888,0.0,0.1474352625265498,-0.9591836734693876,0
0.25,-1.0,0.8994354386080755,0.2857142857142857,1
0.5833333333333334,0.0,-0.60282610848823,-0.6326530612244898,0
-0.6944444444444444,-1.0,-0.0772117490398054,0.0,1
-1.0,-1.0,0.271550727987058,0.4489795918367347,1
-0.5833333333333334,-1.0,-0.9367647220663168,-0.7551020408163265,1
0.0277777777777777,0.0,0.4917846963143936,-0.4285714285714285,0
-0.3333333333333333,0.0,-0.4960216580276668,0.2857142857142857,0
-0.75,0.0,-0.8338670804582522,-0.1428571428571428,0
0.25,-1.0,-0.8701178645712965,0.6122448979591837,1
0.3611111111111111,-1.0,0.3678122970935543,-0.2653061224489796,1
0.5277777777777778,-1.0,0.6826350600327952,0.3469387755102041,1
0.4722222222222222,-1.0,-0.1125491102380402,-0.3265306122448979,1
-0.3611111111111111,-1.0,-0.9423333003180472,-0.979591836734694,1
0.3611111111111111,-1.0,0.9196628038781955,0.9591836734693876,1
0.4722222222222222,-1.0,0.1638438597070443,-0.6938775510204082,1
0.5,-1.0,-0.964574598038892,0.2040816326530612,1
0.6666666666666666,0.0,0.3647528805837102,-0.6326530612244898,0
0.5,-1.0,0.6276756138091937,-0.8367346938775511,1
0.7777777777777778,-1.0,0.3842539095601263,-0.4897959183673469,1
-1.0,-1.0,0.893140524062641,0.9183673469387756,1
0.1666666666666666,0.0,-0.6168796152618663,0.3877551020408163,0
-0.2222222222222222,0.0,0.4170270835396789,-0.3061224489795918,0
0.3888888888888889,0.0,0.7025102622514224,-0.1020408163265306,0
-0.1666666666666666,-1.0,-0.8011819472415729,0.5306122448979592,1
0.9444444444444444,-1.0,0.8693915282775925,0.1836734693877551,1
0.0555555555555555,0.0,-0.5131235762157879,-0.0612244897959183,0
-0.8055555555555556,0.0,0.6050271275600603,-0.7551020408163265,0
-0.7222222222222222,-1.0,0.7264683548482948,-0.7551020408163265,1
-0.7222222222222222,-1.0,0.9172526879945416,0.3877551020408163,1
0.6111111111111112,0.0,-0.1603002190013976,-1.020408163265306,0
0.7777777777777778,0.0,0.5471073106848471,0.2857142857142857,0
-0.5555555555555556,0.0,-0.4991361000143066,-0.3061224489795918,0
-0.1944444444444444,-1.0,0.723507984196683,0.979591836734694,1
-0.5,-1.0,0.5213884028305106,0.2448979591836734,1
0.0833333333333333,-1.0,0.0608031518593108,-0.1224489795918367,1
-0.25,-1.0,-0.4647341719215997,-0.8775510204081632,1
-0.0277777777777777,0.0,0.7112262977758702,-0.6122448979591837,0
0.2777777777777778,-1.0,0.5613809193656663,-0.8163265306122449,1
-0.6111111111111112,-1.0,0.8619410787194471,0.5510204081632653,1
-0.2222222222222222,-1.0,-0.0428208260424576,0.7142857142857143,1
-0.4444444444444444,-1.0,-0.3039827440104768,-0.5306122448979592,1
-0.4444444444444444,0.0,-0.1121969471865473,0.7346938775510204,0
0.0555555555555555,-1.0,0.6979101323912972,0.8571428571428571,1
0.6111111111111112,0.0,0.6167035337361199,-0.5714285714285714,0
-0.4166666666666667,-1.0,-0.7393333113231426,-0.9591836734693876,1
0.4722222222222222,-1.0,-0.8694465537543883,-0.3673469387755102,1
-0.7777777777777778,0.0,0.2638141459495746,0.1428571428571428,0
-0.8888888888888888,0.0,-0.6554194592096141,0.5102040816326531,0
0.5,0.0,0.1930183675041544,-0.6326530612244898,0
0.2777777777777778,0.0,0.9041456194217924,0.1020408163265306,0
-0.2222222222222222,-1.0,-0.7257310134592316,0.8979591836734694,1
-0.0833333333333333,-1.0,0.8340871823654352,0.5918367346938775,1
0.2777777777777778,0.0,0.1391154104350314,-0.0408163265306122,0
0.5,-1.0,0.2384694113374492,-0.3061224489795918,1
-0.7222222222222222,-1.0,0.9812473175080062,-0.5714285714285714,1
0.7222222222222222,-1.0,0.355860763533516,0.1020408163265306,1
-0.0833333333333333,0.0,0.1648233131940088,0.1428571428571428,0
0.4722222222222222,0.0,-0.7111602672037153,0.0,0
0.5555555555555556,-1.0,-0.6488164019941233,0.3673469387755102,1
0.4166666666666667,-1.0,0.4055377639847249,-1.020408163265306,1
0.2777777777777778,0.0,-0.1168961229049049,-0.4693877551020408,0
-0.6111111111111112,0.0,0.0741523325299613,0.673469387755102,0
-0.0277777777777777,0.0,0.6012413747565123,0.8163265306122449,0
-0.4444444444444444,0.0,0.5920301099409027,-1.0,0
0.3611111111111111,-1.0,-0.4994772579704403,-0.6938775510204082,1
-0.9722222222222222,-1.0,0.2093169137310574,0.6530612244897959,1
-0.9722222222222222,-1.0,0.6673599876742932,0.7551020408163265,1
-0.1944444444444444,-1.0,0.444385750602529,-0.8571428571428571,1
-0.4444444444444444,0.0,-0.4864912454466418,-0.5510204081632653,0
1.0,0.0,-0.5496274775220927,0.4489795918367347,0
-0.7222222222222222,0.0,0.2774494590995631,0.4489795918367347,0
0.8611111111111112,0.0,-0.00531546105847,0.5102040816326531,0
-0.5833333333333334,-1.0,0.5504418545786699,0.5102040816326531,1
0.3888888888888889,0.0,-0.078422309529312,0.7959183673469388,0
0.6944444444444444,0.0,-0.7367911342951786,-0.6326530612244898,0
0.0277777777777777,0.0,0.3396942784509227,0.9591836734693876,0
-0.6666666666666666,-1.0,0.4497672422331539,-0.9387755102040816,1
0.6666666666666666,-1.0,0.3248484048114277,0.2040816326530612,1
0.8611111111111112,-1.0,-0.451517052395259,-0.5714285714285714,1
0.7222222222222222,-1.0,-0.2234474561722077,0.6122448979591837,1
0.6944444444444444,-1.0,0.5914798551729451,0.2448979591836734,1
0.6388888888888888,-1.0,-0.9791343391990492,0.2244897959183673,1
0.9166666666666666,-1.0,0.7600008804076287,0.3469387755102041,1
0.8611111111111112,0.0,-0.1364081569766802,0.7551020408163265,0
-0.25,0.0,-0.221939758108004,0.4897959183673469,0
-0.6666666666666666,0.0,-0.4640848712954097,0.4489795918367347,0
0.1388888888888889,-1.0,0.5363993529003929,-0.4693877551020408,1
0.2777777777777778,-1.0,-0.2674348223227354,-0.6530612244897959,1
-0.8888888888888888,-1.0,0.6543629700551356,-0.2857142857142857,1
-0.0555555555555555,0.0,0.3172989093950499,0.3061224489795918,0
0.3055555555555556,0.0,0.9943433809853962,-0.0204081632653061,0
0.9166666666666666,-1.0,0.4969901064192721,0.7551020408163265,1
-0.0555555555555555,-1.0,0.8428362331759605,-0.7755102040816326,1
-1.0,-1.0,0.853423134911464,0.2040816326530612,1
0.6666666666666666,-1.0,0.0636644766526901,0.8571428571428571,1
0.1388888888888889,0.0,-0.7499312181540053,0.6122448979591837,0
0.6666666666666666,-1.0,-0.4637987388160718,-0.6938775510204082,1
-0.4166666666666667,0.0,0.7016518648134086,0.5918367346938775,0
0.0555555555555555,0.0,0.8913687037098177,1.0,0
0.2777777777777778,-1.0,-0.6973818878140579,0.979591836734694,1
0.0,0.0,-0.4685089196297886,0.8163265306122449,0
0.4444444444444444,-1.0,0.4210439433457691,0.6530612244897959,1
0.0833333333333333,0.0,-0.9512144122728824,0.8367346938775511,0
-0.2777777777777778,-1.0,0.1319290831655056,0.5102040816326531,1
-0.3055555555555556,-1.0,-0.0111591666941794,0.0,1
-0.0555555555555555,0.0,0.2792432896431047,0.8163265306122449,0
-0.4444444444444444,0.0,-0.122068517723706,0.6938775510204082,0
-0.4166666666666667,-1.0,-0.9486282148634818,0.4897959183673469,1
0.6944444444444444,-1.0,0.210813606699902,0.2653061224489796,1
-0.75,0.0,-0.918749380963386,-0.5918367346938775,0
-0.0277777777777777,-1.0,-0.9386796086588092,0.673469387755102,1
0.75,0.0,-0.3634652844266895,-0.4285714285714285,0
-0.3333333333333333,-1.0,-0.6745683251345372,-0.9591836734693876,1
-0.6388888888888888,0.0,-0.3901746508633497,0.1020408163265306,0
0.9444444444444444,0.0,-0.6803460001980918,-0.673469387755102,0
-0.6666666666666666,-1.0,0.565507830125348,-0.8163265306122449,1
-0.9444444444444444,-1.0,0.4094555779325828,-0.5714285714285714,1
0.4166666666666667,0.0,-0.6070850803922216,0.0204081632653061,0
0.5833333333333334,-1.0,0.6491135395688203,-0.1428571428571428,1
-0.4444444444444444,0.0,0.4277350413241331,0.5102040816326531,0
-0.1666666666666666,0.0,0.4915645944072105,0.5918367346938775,0
-0.8888888888888888,-1.0,0.1997094654825184,-0.2040816326530612,1
0.4722222222222222,-1.0,-0.4347672972586307,0.8775510204081632,1
0.0555555555555555,0.0,0.0712249771644271,0.3265306122448979,0
0.0,0.0,-0.0079016584678706,0.2653061224489796,0
0.0555555555555555,0.0,0.4136815345504969,0.1836734693877551,0
-0.2222222222222222,0.0,0.0893833845070267,0.0,0
-0.0555555555555555,-1.0,-0.1014559741160157,0.0408163265306122,1
0.2222222222222222,0.0,0.9826229544279002,-0.0204081632653061,0
0.7777777777777778,-1.0,0.6316374481384881,-0.2448979591836734,1
-0.0555555555555555,0.0,0.4522653988796813,-0.3673469387755102,0
-0.8888888888888888,-1.0,-0.5539634850935984,-0.0408163265306122,1
0.6111111111111112,-1.0,0.8336249683603508,0.5714285714285714,1
0.3055555555555556,0.0,-0.187967028734304,0.4897959183673469,0
-0.75,0.0,-0.7086841207479063,-0.2040816326530612,0
1.0,-1.0,0.4197563471887484,-0.8775510204081632,1
-0.6666666666666666,0.0,0.5192644194261943,0.9183673469387756,0
-0.5555555555555556,0.0,0.8910605610397614,-0.8775510204081632,0
0.1388888888888889,0.0,-0.576050711479415,-0.9591836734693876,0
-0.8611111111111112,-1.0,0.3189716838896409,-0.8163265306122449,1
-0.3888888888888889,0.0,-0.6552323725885085,-0.1224489795918367,0
0.9722222222222222,-1.0,-0.3554425699098683,0.4081632653061224,1
0.0833333333333333,0.0,-0.30886900634994,0.4285714285714285,0
-0.7222222222222222,0.0,0.5432335171184258,0.5306122448979592,0
0.6944444444444444,-1.0,0.4670232317563031,0.979591836734694,1
0.1944444444444444,0.0,0.8241275710654032,0.0408163265306122,0
-0.1111111111111111,0.0,0.3453178821794491,-0.6530612244897959,0
0.1111111111111111,-1.0,-0.3739641453993199,0.5918367346938775,1
0.5,-1.0,0.2887076716519748,1.0,1
-0.9444444444444444,-1.0,0.0899446443703434,0.4693877551020408,1
0.8888888888888888,-1.0,0.5075219826779799,0.2244897959183673,1
0.7777777777777778,0.0,0.5868577151221015,0.6938775510204082,0
-0.3055555555555556,0.0,-0.7301880770796879,-0.7959183673469388,0
-0.75,-1.0,-0.2450174430761442,0.6938775510204082,1
0.1666666666666666,-1.0,0.5255593339716289,0.6938775510204082,1
-0.5277777777777778,0.0,0.1469730485214654,0.1836734693877551,0
-1.0,-1.0,-0.6115641542033962,0.6938775510204082,1
-0.1944444444444444,-1.0,-0.4101709091309276,-0.2040816326530612,1
-0.7777777777777778,-1.0,-0.5518064864032047,-0.5102040816326531,1
0.6944444444444444,-1.0,-0.7845312379631769,0.3673469387755102,1
0.9722222222222222,-1.0,-0.9430266213256738,0.8163265306122449,1
-0.7222222222222222,-1.0,-0.6919893910880738,0.4693877551020408,1
-0.2222222222222222,0.0,-0.1586274445068066,0.1632653061224489,0
0.1111111111111111,-1.0,0.2085905774373534,-0.9387755102040816,1
-0.2777777777777778,0.0,0.149999449745232,0.1632653061224489,0
-1.0,-1.0,-0.8172493864659337,0.7755102040816326,1
-0.75,0.0,0.3486084056918353,-0.5102040816326531,0
0.9722222222222222,0.0,-0.1924901229269151,-0.6326530612244898,0
0.4444444444444444,-1.0,0.1486128077299789,-0.4081632653061224,1
-0.0833333333333333,-1.0,0.8824105560874685,-0.8163265306122449,1
0.1111111111111111,-1.0,-0.8049346847590434,-0.9591836734693876,1
0.75,0.0,-0.3181903221191411,-1.0,0
1.0,-1.0,0.3648519264419426,0.5918367346938775,1
0.8888888888888888,0.0,0.7031265475915349,0.9591836734693876,0
-0.0833333333333333,0.0,-0.9648717356135892,0.2244897959183673,0
-0.4166666666666667,0.0,0.2408465119350259,0.9183673469387756,0
-0.5,-1.0,-0.2376990546623086,0.1020408163265306,1
0.0,-1.0,-0.7369562107255659,0.0204081632653061,1
-1.0,0.0,-0.5374008165780757,-0.7959183673469388,0
0.0277777777777777,-1.0,0.8626454048224328,-0.8979591836734694,1
0.7222222222222222,0.0,-0.774714692902814,-0.0204081632653061,0
0.1666666666666666,0.0,-0.4954383879736317,-0.1632653061224489,0
0.3333333333333333,-1.0,0.1072006338934926,-0.5510204081632653,1
0.8888888888888888,-1.0,-0.6409477588123301,0.8775510204081632,1
-0.7222222222222222,0.0,0.8424950752198268,-0.5918367346938775,0
-0.2777777777777778,-1.0,-0.6476828771721307,0.1428571428571428,1
-0.75,0.0,0.1424499543288542,-0.6530612244897959,0
0.8055555555555556,0.0,-0.1055608746849791,-0.5102040816326531,0
-0.0555555555555555,0.0,0.7782363234177424,0.4489795918367347,0
0.3611111111111111,0.0,-0.1318740576887098,-0.8775510204081632,0
-0.6666666666666666,0.0,0.6414760033895693,-0.8367346938775511,0
-0.75,0.0,-0.7928180747686179,0.8571428571428571,0
0.5833333333333334,0.0,0.1645701960007483,0.0612244897959183,0
-0.3333333333333333,0.0,0.8266037175212123,-0.7346938775510204,0
0.6111111111111112,0.0,0.2835682921192512,0.4897959183673469,0
0.1944444444444444,-1.0,0.2223139313502151,-0.5714285714285714,1
0.5277777777777778,0.0,-0.9069189034522984,-0.0816326530612244,0
-0.3333333333333333,0.0,0.0834516381084442,-0.8571428571428571,0
-0.2777777777777778,-1.0,-0.6203242101092806,-0.9387755102040816,1
0.8055555555555556,-1.0,0.7292856592602375,-0.2040816326530612,1
0.6944444444444444,0.0,0.4948331077288784,-0.8571428571428571,0
0.3055555555555556,0.0,-0.3260809754916526,-0.7959183673469388,0
-0.6944444444444444,0.0,0.6972828419558256,0.0,0
0.6111111111111112,-1.0,0.7421506157350853,-0.3061224489795918,1
0.8055555555555556,0.0,-0.9043217009475388,0.0612244897959183,0
0.25,-1.0,-0.7074845653537588,0.2040816326530612,1
-0.5277777777777778,0.0,0.3816897223414441,-0.0204081632653061,0
0.9722222222222222,-1.0,-0.0495889596883357,0.5102040816326531,1
0.2222222222222222,-1.0,-0.8798903892502229,0.4285714285714285,1
0.2222222222222222,-1.0,0.315273971848966,-0.2040816326530612,1
0.3888888888888889,0.0,-0.5677088491971783,-0.1020408163265306,0
0.6666666666666666,0.0,0.1006415970594385,0.5102040816326531,0
0.6111111111111112,0.0,0.1717785334609924,1.0,0
0.0555555555555555,-1.0,-0.2927795569348608,0.3265306122448979,1
0.3055555555555556,-1.0,-0.0292405383692649,0.5306122448979592,1
0.6666666666666666,-1.0,-0.807663948408113,-1.0,1
0.3888888888888889,-1.0,-0.4073536047189849,0.4285714285714285,1
0.5277777777777778,-1.0,0.9069299085476576,0.3877551020408163,1
-0.5277777777777778,0.0,-0.0992109346627488,0.8979591836734694,0
0.9166666666666666,-1.0,-0.1252710004732191,0.5102040816326531,1
0.4722222222222222,0.0,0.944061100289434,0.4489795918367347,0
-0.9722222222222222,0.0,0.279408366073492,0.6326530612244898,0
0.6388888888888888,0.0,-0.5019423993308902,-1.0,0
0.3333333333333333,-1.0,0.6068649784850386,-0.979591836734694,1
-0.6388888888888888,0.0,-0.7397625100421495,-0.5714285714285714,0
0.5555555555555556,-1.0,0.305809589840096,-0.5102040816326531,1
-0.6944444444444444,0.0,-0.9136210065260216,-0.5918367346938775,0
0.6111111111111112,-1.0,0.3715100091342291,-0.2857142857142857,1
0.9444444444444444,-1.0,0.8589366876863987,-0.9183673469387756,1
0.3888888888888889,-1.0,-0.8836211165769752,0.9183673469387756,1
0.4444444444444444,0.0,0.5547998723408938,-0.9591836734693876,0
0.25,0.0,-0.2489462621193612,0.7551020408163265,0
-0.1111111111111111,-1.0,0.689678321062652,-0.0816326530612244,1
0.7222222222222222,-1.0,-0.5086555074999725,0.673469387755102,1
0.8611111111111112,-1.0,-0.177424147380237,0.6938775510204082,1
-0.8333333333333334,-1.0,0.1362760958323703,-0.7142857142857143,1
-0.25,-1.0,0.3697491938767649,-0.1020408163265306,1
0.8055555555555556,-1.0,-0.0228135626795206,0.3877551020408163,1
0.9444444444444444,0.0,-0.2330328942300285,0.2244897959183673,0
0.4166666666666667,0.0,-0.3009123224052736,-1.020408163265306,0
0.1666666666666666,-1.0,-0.266312302596102,-0.4489795918367347,1
0.6666666666666666,0.0,0.4278010718962879,-0.4285714285714285,0
-0.9722222222222222,-1.0,0.6206323527793368,0.7959183673469388,1
-0.1944444444444444,0.0,-0.2534363410258949,0.7346938775510204,0
0.2222222222222222,-1.0,0.6253095183069761,0.4285714285714285,1
0.4722222222222222,0.0,-0.2209823148117578,-0.6530612244897959,0
0.1111111111111111,0.0,-0.7764975183509966,0.9183673469387756,0
0.1388888888888889,-1.0,-0.2674238172273763,0.1428571428571428,1
-0.25,0.0,0.0537488857340948,-0.979591836734694,0
-1.0,-1.0,0.728889475827308,-0.7142857142857143,1
-0.3055555555555556,0.0,-0.222886196308891,-0.0204081632653061,0
-0.6388888888888888,-1.0,0.9797396194438024,0.4489795918367347,1
0.2777777777777778,-1.0,0.9124434613225924,0.5102040816326531,1
0.6944444444444444,-1.0,0.9075682040784884,0.4693877551020408,1
-0.9722222222222222,0.0,-0.6369969295783948,0.673469387755102,0
-0.8055555555555556,-1.0,-0.7544433072512573,-0.5714285714285714,1
0.0833333333333333,0.0,0.5226759989875313,-0.3061224489795918,0
-0.5833333333333334,0.0,-0.8017872274863261,-0.8979591836734694,0
0.6944444444444444,-1.0,-0.7636435669715078,-0.1224489795918367,1
0.8888888888888888,-1.0,0.6548581993462973,-0.4897959183673469,1
-0.1111111111111111,0.0,-0.3584469609429165,0.6530612244897959,0
0.5277777777777778,-1.0,0.8779644975623714,-0.1836734693877551,1
-0.6111111111111112,-1.0,0.8958367724256331,0.8979591836734694,1
-0.4444444444444444,-1.0,0.992076331341411,-0.4285714285714285,1
-0.0833333333333333,-1.0,0.9368417577338308,-0.0408163265306122,1
0.1388888888888889,-1.0,-0.7393883367999383,-0.4285714285714285,1
0.5,-1.0,-0.3258718786798287,0.5510204081632653,1
-0.8611111111111112,0.0,0.8133535827087942,0.6122448979591837,0
0.4166666666666667,0.0,0.4801413054244115,-0.5714285714285714,0
-0.75,-1.0,0.4586373490926299,-0.4489795918367347,1
0.8611111111111112,0.0,0.0189507742084585,0.673469387755102,0
-0.8888888888888888,-1.0,-0.2481098748720657,-0.0204081632653061,1
-0.3611111111111111,0.0,0.05484939527001,0.0612244897959183,0
-0.0555555555555555,-1.0,-0.919112549110238,0.4489795918367347,1
0.6944444444444444,-1.0,0.3564770488736284,0.3469387755102041,1
0.8888888888888888,-1.0,-0.7988818823115102,-0.9387755102040816,1
0.0,-1.0,-0.4132633409268491,0.5102040816326531,1
0.6111111111111112,0.0,0.5245358601032278,0.4489795918367347,0
0.0,-1.0,0.8285186041137046,-0.3265306122448979,1
-0.0555555555555555,-1.0,0.0766614942718478,-0.0204081632653061,1
0.1111111111111111,0.0,-0.0864560291414925,0.3877551020408163,0
0.9444444444444444,-1.0,0.0366579726413329,0.0612244897959183,1
0.75,-1.0,-0.6905367185006658,0.4489795918367347,1
-1.0,-1.0,-0.9581806376352252,0.4897959183673469,1
-0.1111111111111111,-1.0,-0.2622844376946526,-0.3877551020408163,1
-0.2222222222222222,0.0,-0.1886603497419305,0.5918367346938775,0
-0.5555555555555556,0.0,-0.5597521652525119,-0.4081632653061224,0
0.0,0.0,0.9665004897267436,0.0816326530612244,0
0.7777777777777778,0.0,-0.546590071202967,0.1224489795918367,0
0.1666666666666666,-1.0,-0.0955022175267148,0.8163265306122449,1
-0.7777777777777778,0.0,-0.3139423553105088,0.1632653061224489,0
0.8888888888888888,0.0,-0.4352075010729967,0.4081632653061224,0
0.75,0.0,0.8267137684748038,-0.6122448979591837,0
0.4444444444444444,-1.0,0.2600283931460266,0.5714285714285714,1
-0.0277777777777777,0.0,0.7843221411513531,-0.7142857142857143,0
-0.3055555555555556,0.0,-0.0126668647583831,-0.1632653061224489,0
-0.1388888888888889,-1.0,0.694916746453608,-0.8367346938775511,1
0.9444444444444444,-1.0,0.3027831886163293,0.0816326530612244,1
-0.8333333333333334,0.0,-0.0333784542243058,0.2857142857142857,0
0.75,0.0,-0.6490475089966654,-0.2653061224489796,0
0.9722222222222222,-1.0,0.1399077773008903,-0.2653061224489796,1
-0.5555555555555556,-1.0,-0.5951555570229016,-0.2653061224489796,1
-0.4444444444444444,0.0,0.5356840217020481,-0.4081632653061224,0
-0.0833333333333333,0.0,0.5672136199060165,-0.6938775510204082,0
0.0833333333333333,0.0,0.8983129188814422,0.8571428571428571,0
-0.2222222222222222,0.0,0.6654671112725192,-0.5918367346938775,0
0.3888888888888889,0.0,0.2568919409686685,0.7959183673469388,0
-0.8611111111111112,0.0,-0.3628269888958588,-1.020408163265306,0
-0.8611111111111112,0.0,-0.256858925682591,-0.5306122448979592,0
-0.7222222222222222,-1.0,0.3148117578438817,0.0408163265306122,1
-0.9722222222222222,0.0,0.4322691406121034,0.5102040816326531,0
0.3611111111111111,0.0,0.1862722440489946,0.4897959183673469,0
-0.7222222222222222,-1.0,0.4752990634663849,-0.4897959183673469,1
-0.8333333333333334,0.0,-0.7132292251312358,0.9591836734693876,0
-0.6111111111111112,-1.0,0.1975084464106881,0.8571428571428571,1
0.3055555555555556,0.0,-0.0169478468530929,-0.979591836734694,0
-0.0277777777777777,-1.0,-0.632792983151199,-0.1020408163265306,1
0.5,0.0,0.8492852190564231,0.6122448979591837,0
-0.6111111111111112,0.0,0.2935168983239239,0.3877551020408163,0
0.5277777777777778,0.0,0.0101466979211374,0.6326530612244898,0
0.9166666666666666,-1.0,-0.4207578108664311,0.5306122448979592,1
-0.8055555555555556,-1.0,0.4947450669660053,0.6326530612244898,1
0.3611111111111111,-1.0,-0.946680312984912,-0.5510204081632653,1
-1.0,0.0,0.6815235454015209,-0.6326530612244898,0
-0.6666666666666666,-1.0,-0.6978551069145014,0.0816326530612244,1
0.1388888888888889,0.0,0.8985000055025477,-0.7755102040816326,0
0.3888888888888889,-1.0,-0.0322339243069541,-0.0816326530612244,1
0.2222222222222222,-1.0,-0.8312808830488516,-0.7755102040816326,1
0.0833333333333333,0.0,0.9958070586681632,0.6530612244897959,0
0.9722222222222222,0.0,0.4338868896298986,-0.8367346938775511,0
0.4166666666666667,-1.0,-0.7263913191807807,0.5714285714285714,1
0.8333333333333334,0.0,0.0258179537125689,-0.3877551020408163,0
-0.3333333333333333,0.0,0.3673280728977516,0.4285714285714285,0
-0.8888888888888888,0.0,-0.3893052483299767,0.2040816326530612,0
-0.7777777777777778,0.0,-0.6715089086246933,0.2653061224489796,0
0.75,-1.0,-0.649817865671806,0.1224489795918367,1
-0.6111111111111112,0.0,-0.5839963903287222,-1.020408163265306,0
0.5555555555555556,-1.0,-0.6377562811581763,-0.7959183673469388,1
-0.2222222222222222,0.0,0.6614942718478656,0.2244897959183673,0
0.3333333333333333,-1.0,-0.9667646120153632,0.7346938775510204,1
0.9166666666666666,0.0,0.8007967689040025,0.9387755102040816,0
0.5833333333333334,-1.0,0.2448963870271936,-0.2653061224489796,1
-0.8333333333333334,-1.0,-0.1759274544113925,0.5510204081632653,1
-0.3611111111111111,0.0,-0.2339133018587606,-0.3469387755102041,0
0.1944444444444444,0.0,0.5612488582213565,-0.0408163265306122,0
-0.8333333333333334,0.0,0.6911860191268557,-0.7755102040816326,0
0.4166666666666667,-1.0,-0.5614579550331804,-0.4897959183673469,1
0.2222222222222222,-1.0,-0.4520893173539348,0.1224489795918367,1
0.1111111111111111,0.0,0.0545522576953129,-0.3673469387755102,0
0.7222222222222222,0.0,0.7532767671431873,-0.6530612244897959,0
0.5833333333333334,0.0,-0.2872109786831303,-0.8979591836734694,0
-0.8333333333333334,-1.0,-0.3455709993727096,-0.673469387755102,1
0.2777777777777778,-1.0,-0.7096525691395116,-0.9183673469387756,1
0.6111111111111112,-1.0,-0.9287640177402136,0.9591836734693876,1
-0.75,-1.0,0.859453927168279,0.1020408163265306,1
0.9166666666666666,-1.0,0.8749380963386048,0.9387755102040816,1
-0.0833333333333333,-1.0,-0.5914248296961493,-0.7346938775510204,1
-0.1944444444444444,0.0,0.6744802843716641,0.6938775510204082,0
0.4166666666666667,-1.0,0.6287100927729539,-0.7142857142857143,1
-0.5277777777777778,0.0,0.2480658544906291,0.1224489795918367,0
0.9166666666666666,-1.0,0.1767858518494062,0.6326530612244898,1
-0.8333333333333334,-1.0,-0.7035887615966192,0.1020408163265306,1
0.1944444444444444,-1.0,-0.3563890081107553,-0.5306122448979592,1
-0.0277777777777777,-1.0,0.8707891753882048,0.6938775510204082,1
0.8611111111111112,0.0,0.775584095436187,-0.2857142857142857,0
-0.0277777777777777,-1.0,-0.2922513123576216,-0.4693877551020408,1
0.3333333333333333,0.0,0.0944017079907997,-0.0408163265306122,0
-0.3055555555555556,0.0,0.5596971397757161,0.9591836734693876,0
0.0555555555555555,0.0,-0.2910187416773966,0.0816326530612244,0
0.4722222222222222,-1.0,0.0164526175619311,-0.1224489795918367,1
-0.6944444444444444,0.0,-0.3979442481869105,0.7142857142857143,0
0.0555555555555555,0.0,-0.5384132853511175,0.1632653061224489,0
-0.25,0.0,-0.55575731563714,-0.1836734693877551,0
-1.0,-1.0,-0.1690272596212046,0.3265306122448979,1
0.5555555555555556,0.0,0.4425589047729099,-0.4081632653061224,0
-0.9722222222222222,-1.0,-0.1692363564330284,0.8163265306122449,1
-0.1944444444444444,-1.0,-0.949442591920059,-0.3673469387755102,1
0.4444444444444444,0.0,-0.1982017674183147,0.9387755102040816,0
-1.0,0.0,0.0788735184390372,-0.3061224489795918,0
-0.2777777777777778,0.0,-0.2179008881111954,0.8571428571428571,0
0.3333333333333333,0.0,-0.2811581762355971,-0.0408163265306122,0
-0.8055555555555556,-1.0,0.2405933947417654,-0.5918367346938775,1
-0.6111111111111112,0.0,0.9043987366150528,-0.7142857142857143,0
-0.5277777777777778,0.0,-0.8692484620379236,-0.4285714285714285,0
0.7777777777777778,-1.0,0.0798529719260017,0.5306122448979592,1
0.5,0.0,-0.7093444264694554,0.5714285714285714,0
-0.9722222222222222,-1.0,-0.3197530456601406,0.9387755102040816,1
0.5277777777777778,0.0,-0.8722748632616901,-0.4489795918367347,0
-0.1388888888888889,0.0,-0.7786765272321085,0.5918367346938775,0
-0.6944444444444444,0.0,0.9710896144915095,0.6326530612244898,0
-0.8055555555555556,-1.0,-0.3857395974336117,0.2448979591836734,1
0.2777777777777778,0.0,0.1449921313568182,0.673469387755102,0
0.8888888888888888,-1.0,-0.6151408101951203,-0.4081632653061224,1
-0.3888888888888889,-1.0,-0.8112736196859146,0.4081632653061224,1
-0.5277777777777778,0.0,-0.8007857638086434,-0.9387755102040816,0
-0.5555555555555556,-1.0,0.294463336524811,-0.8163265306122449,1
0.3888888888888889,-1.0,0.0947978914237291,-0.0204081632653061,1
-0.9166666666666666,-1.0,0.6197299349598864,0.9591836734693876,1
-0.3611111111111111,0.0,-0.0192259015924372,-0.0204081632653061,0
0.0555555555555555,-1.0,0.0,0.7551020408163265,1
0.5277777777777778,0.0,-0.6421363091111184,0.3469387755102041,0
-0.4444444444444444,-1.0,-0.6403864989490133,-0.4081632653061224,1
-0.0833333333333333,-1.0,-0.3366018466550012,0.3469387755102041,1
0.7222222222222222,-1.0,-0.8404921478644612,0.5918367346938775,1
-0.1944444444444444,-1.0,-0.9166804230358656,-0.673469387755102,1
0.3611111111111111,-1.0,0.7583611211991151,0.1428571428571428,1
1.0,-1.0,0.580639836244181,-0.8775510204081632,1
0.8333333333333334,0.0,0.311928422859784,0.3061224489795918,0
-0.6666666666666666,-1.0,-0.7369121903441294,-0.4693877551020408,1
0.9722222222222222,0.0,-0.9506311422188474,0.1224489795918367,0
0.3333333333333333,-1.0,0.894956364796901,-0.0204081632653061,1
0.75,0.0,-0.395435086445024,-0.0816326530612244,0
0.6666666666666666,0.0,-0.0133271704799322,0.8979591836734694,0
-0.1944444444444444,0.0,0.9683163304610034,-0.6530612244897959,0
0.1666666666666666,-1.0,-0.0906819857594066,-0.2448979591836734,1
-0.6944444444444444,0.0,0.7765635489231514,0.2857142857142857,0
1.0,0.0,0.9038814971331728,0.9387755102040816,0
0.8611111111111112,-1.0,0.5066415750492478,-0.6530612244897959,1
0.1944444444444444,0.0,0.9020326411128352,-0.2244897959183673,0
0.1944444444444444,0.0,-0.1224426909659172,0.2653061224489796,0
-0.6666666666666666,0.0,-0.979277405438718,-0.7142857142857143,0
0.25,0.0,-0.0207776200380776,0.2244897959183673,0
0.5,0.0,0.292647495790551,0.0612244897959183,0
0.0555555555555555,-1.0,0.7663288102391407,0.5510204081632653,1
-0.9444444444444444,0.0,-0.0666578625903793,-0.1632653061224489,0
-0.5555555555555556,0.0,0.8287056907348103,0.1020408163265306,0
-0.4166666666666667,-1.0,0.0483343788173924,-0.3877551020408163,1
0.4166666666666667,-1.0,-0.1833228784927421,0.0408163265306122,1
-0.0833333333333333,-1.0,0.2546579066107607,0.1632653061224489,1
0.0277777777777777,0.0,-0.5896750195340442,-0.4489795918367347,0
-0.3611111111111111,0.0,-0.7144728009068199,-0.2244897959183673,0
-0.9444444444444444,0.0,-0.6271363641365952,0.0612244897959183,0
0.6666666666666666,0.0,0.8471282203660294,-0.8775510204081632,0
-0.6388888888888888,0.0,-0.2497716442712976,-0.6122448979591837,0
-0.5,-1.0,0.0732939350919475,-0.1836734693877551,1
-0.6111111111111112,-1.0,0.5585746200490828,0.1836734693877551,1
-0.5555555555555556,0.0,0.9984812968404372,-0.0204081632653061,0
-0.5833333333333334,0.0,-0.8261194933254097,0.1224489795918367,0
0.0555555555555555,-1.0,-0.383505563075704,0.8571428571428571,1
-0.8333333333333334,0.0,-0.3114331935686222,0.3673469387755102,0
-0.5555555555555556,0.0,-0.9731255571329526,0.6326530612244898,0
0.6944444444444444,-1.0,0.6121364191620721,0.2040816326530612,1
0.8611111111111112,0.0,-0.7139445563295806,-0.8775510204081632,0
0.0555555555555555,-1.0,-0.966467474440666,-0.4285714285714285,1
0.6666666666666666,-1.0,0.3779920103007692,0.3673469387755102,1
-0.5555555555555556,-1.0,0.0571494602000726,0.6326530612244898,1
-0.2777777777777778,-1.0,0.7413802590599448,-0.5918367346938775,1
-0.9444444444444444,-1.0,-0.5391836420262581,0.4897959183673469,1
-0.8611111111111112,0.0,-0.3265651996874553,0.5714285714285714,0
0.3055555555555556,0.0,0.1537521872627026,-0.4693877551020408,0
-0.3055555555555556,0.0,-0.2575742568809359,-0.0612244897959183,0
-0.5277777777777778,-1.0,-0.382845257354155,0.2857142857142857,1
-0.5277777777777778,0.0,0.752231283084068,-0.9591836734693876,0
-0.4166666666666667,-1.0,-0.4252809050590423,0.9591836734693876,1
-0.4166666666666667,0.0,-0.3028272089977659,0.2040816326530612,0
0.5833333333333334,0.0,0.850440754069134,-0.0408163265306122,0
0.0277777777777777,-1.0,0.5733104427349863,-0.2857142857142857,1
0.6944444444444444,0.0,0.7803603068220586,-0.0204081632653061,0
0.75,0.0,-0.4908932835903023,-0.1428571428571428,0
1.0,0.0,0.1313127978253931,0.4693877551020408,0
-0.0833333333333333,-1.0,0.1483596905367185,0.0816326530612244,1
0.5833333333333334,0.0,-0.8816732146984053,-0.5510204081632653,0
0.8333333333333334,0.0,0.0335765459407705,0.6122448979591837,0
0.8888888888888888,0.0,0.2449954328854259,-0.4081632653061224,0
0.2777777777777778,-1.0,0.8832689535254823,0.0,1
-0.6666666666666666,-1.0,-0.7710279859574983,0.8775510204081632,1
0.3333333333333333,-1.0,0.6403424785675768,0.1836734693877551,1
-0.5833333333333334,-1.0,-0.8418457745936369,-0.4285714285714285,1
-0.4722222222222222,-1.0,-0.963771226077674,-0.1632653061224489,1
0.5833333333333334,-1.0,0.5004897267434822,-0.5510204081632653,1
-0.3611111111111111,0.0,-0.765118249749634,-0.7551020408163265,0
-0.7777777777777778,0.0,-0.2119361264265354,0.5102040816326531,0
0.75,0.0,0.7556428626454048,-0.6530612244897959,0
0.0833333333333333,0.0,-0.3364587804153323,-0.0612244897959183,0
0.7222222222222222,-1.0,0.610892843386488,0.0408163265306122,1
-0.9722222222222222,-1.0,0.274313006922205,0.1836734693877551,1
-0.7777777777777778,-1.0,-0.5930865990953812,-0.3673469387755102,1
-0.7222222222222222,0.0,-0.4637877337207127,0.6122448979591837,0
0.2777777777777778,0.0,0.3711468409873771,0.3265306122448979,0
-0.6944444444444444,0.0,0.0843980763093312,-0.8775510204081632,0
-0.5,0.0,-0.066635852399661,-0.7142857142857143,0
-0.9722222222222222,0.0,-0.3979332430915513,0.3877551020408163,0
0.25,-1.0,-0.630613974270087,1.0,1
-0.4722222222222222,-1.0,-0.6496637943367779,0.2857142857142857,1
0.6388888888888888,0.0,0.2450944787436583,0.1428571428571428,0
0.0833333333333333,0.0,-0.9752165252511912,-0.3877551020408163,0
0.6388888888888888,-1.0,-0.2409565628886174,-0.2040816326530612,1
0.0277777777777777,-1.0,0.9168234892755346,0.7142857142857143,1
-0.4444444444444444,-1.0,0.8580342698669484,0.4081632653061224,1
0.8333333333333334,0.0,0.9540427217801842,0.4897959183673469,0
0.0277777777777777,-1.0,-0.0139434558200446,0.8775510204081632,1
-0.9444444444444444,-1.0,0.9989655210362398,0.979591836734694,1
-0.2222222222222222,0.0,-0.4251598490100917,0.5510204081632653,0
-0.1944444444444444,0.0,-0.4094225626465053,0.0408163265306122,0
0.4444444444444444,-1.0,0.3271924901229269,-0.3673469387755102,1
0.9444444444444444,-1.0,-0.9432797385189344,0.6530612244897959,1
0.0277777777777777,0.0,0.5558893767814498,-0.0816326530612244,0
0.3055555555555556,0.0,0.8047035777565013,0.8163265306122449,0
1.0,-1.0,-0.145630426887649,-0.8775510204081632,1
0.1111111111111111,-1.0,-0.5145542386124776,0.0612244897959183,1
1.0,0.0,0.3156591501865363,-0.5714285714285714,0
0.6944444444444444,0.0,0.7130201283194119,0.6938775510204082,0
0.2222222222222222,0.0,0.2773173979552533,0.5918367346938775,0
-0.5555555555555556,0.0,-0.2612609638262516,0.8979591836734694,0
0.3888888888888889,0.0,0.3738871097318058,0.8979591836734694,0
0.8888888888888888,0.0,-0.8871427470919035,0.5714285714285714,0
-0.0277777777777777,-1.0,0.6340695742128606,0.8775510204081632,1
0.0277777777777777,-1.0,0.807234749689106,0.7346938775510204,1
0.6666666666666666,0.0,-0.389756457239702,1.0,0
0.5833333333333334,-1.0,-0.5360692000396183,-0.8775510204081632,1
0.1111111111111111,-1.0,-0.4827715232152486,-0.0204081632653061,1
-0.8055555555555556,0.0,0.8605544367041941,-0.4693877551020408,0
-0.7222222222222222,0.0,-0.3399033752627466,0.0204081632653061,0
-0.1111111111111111,0.0,-0.727359767572386,-0.5102040816326531,0
0.7222222222222222,0.0,0.9273773757249608,0.3061224489795918,0
0.8888888888888888,-1.0,-0.2273872803107839,0.0204081632653061,1
-0.4444444444444444,0.0,-0.7637976383065359,-0.4081632653061224,0
-0.4722222222222222,-1.0,-0.3804571516612191,-0.2857142857142857,1
-0.1111111111111111,0.0,0.9166253975590698,0.5918367346938775,0
-0.4166666666666667,-1.0,0.1457184676505221,0.7346938775510204,1
-0.0277777777777777,-1.0,0.7686839006459991,-0.673469387755102,1
-0.0555555555555555,-1.0,0.6605588387423377,-1.0,1
0.1944444444444444,-1.0,-0.0518450042369617,-0.5306122448979592,1
-0.8055555555555556,0.0,0.4915645944072105,0.2040816326530612,0
-0.1944444444444444,-1.0,0.3630911111844784,-0.9591836734693876,1
-0.3055555555555556,0.0,-0.7223084288025355,-0.5102040816326531,0
-0.1944444444444444,0.0,-0.5847557419085037,0.4489795918367347,0
0.2222222222222222,0.0,0.1744527716332662,-0.9183673469387756,0
-0.8333333333333334,0.0,0.3149108037021141,-0.4897959183673469,0
0.0,0.0,0.8383461542694267,-0.1428571428571428,0
0.3055555555555556,-1.0,0.1251389393289093,-0.7346938775510204,1
0.0,-1.0,0.5409334521883632,0.3469387755102041,1
0.9166666666666666,0.0,0.8391715364213631,-0.1632653061224489,0
0.2222222222222222,-1.0,-0.8946812374129222,0.3469387755102041,1
1.0,-1.0,0.4044262493534507,0.7346938775510204,1
-0.5,-1.0,-0.7239812032971266,0.0816326530612244,1
-0.0833333333333333,-1.0,-0.0982865066525801,0.4693877551020408,1
0.6111111111111112,0.0,0.8993143825591249,0.1428571428571428,0
0.8888888888888888,0.0,-0.5220597136474188,-0.5918367346938775,0
0.0277777777777777,0.0,0.5691505166892271,0.2653061224489796,0
-0.8055555555555556,-1.0,-0.8654847194250939,-0.9591836734693876,1
-0.4166666666666667,0.0,0.1606083616714538,-0.8979591836734694,0
-0.25,0.0,-0.0578868015891357,-0.2448979591836734,0
-0.9166666666666666,-1.0,0.015495174265685,-0.9591836734693876,1
0.3333333333333333,0.0,-0.3928268788449052,-0.8775510204081632,0
0.3888888888888889,-1.0,-0.4168399969185733,0.0408163265306122,1
0.75,0.0,-0.1649663794336777,-0.5306122448979592,0
0.2777777777777778,-1.0,-0.8434745287067913,-0.9183673469387756,1
0.4166666666666667,-1.0,-0.2471194162897421,-0.1428571428571428,1
1.0,0.0,-0.6225032189903925,0.7551020408163265,0
0.5,-1.0,0.5014141547536509,0.9183673469387756,1
0.1666666666666666,-1.0,0.1924020821640419,0.9387755102040816,1
0.3888888888888889,-1.0,0.665169973697822,-0.3061224489795918,1
0.0,-1.0,0.8744318619520838,-0.5918367346938775,1
-0.4444444444444444,-1.0,-0.8735624594187109,-0.2653061224489796,1
0.3888888888888889,-1.0,0.8534781603882597,0.3877551020408163,1
-0.7777777777777778,-1.0,0.5775694146389778,-0.4897959183673469,1
0.8055555555555556,-1.0,0.8013250134812419,0.8775510204081632,1
-0.6944444444444444,0.0,0.6347298799344097,0.3265306122448979,0
-0.1388888888888889,0.0,-0.7876676901405351,0.6122448979591837,0
-0.8888888888888888,-1.0,0.1967160795448292,-0.4897959183673469,1
0.3333333333333333,-1.0,-0.6972938470511847,1.0,1
0.1666666666666666,-1.0,0.6655001265585966,-0.5918367346938775,1
0.5555555555555556,0.0,-0.6592162171085213,-0.3877551020408163,0
-0.5,-1.0,0.3939383934761795,0.8979591836734694,1
0.8055555555555556,0.0,-0.0134372214335237,-0.6326530612244898,0
0.4166666666666667,0.0,-0.8214093125116929,0.4693877551020408,0
-0.5,-1.0,0.6817876676901405,-0.2857142857142857,1
0.75,0.0,-0.0482573431498783,0.4489795918367347,0
-0.2222222222222222,0.0,-0.3617044691692253,0.673469387755102,0
-0.5555555555555556,-1.0,-0.3195549539436759,-0.7755102040816326,1
0.3055555555555556,-1.0,-0.7336766923085388,0.7959183673469388,1
-0.3055555555555556,0.0,0.9765701519803668,-0.8775510204081632,0
-0.8611111111111112,0.0,-0.7698284305633508,-0.979591836734694,0
0.5833333333333334,0.0,0.1498893987916405,0.7142857142857143,0
0.8611111111111112,0.0,0.1430222192875301,0.7959183673469388,0
-0.1944444444444444,-1.0,-0.4430981544455082,0.1224489795918367,1
-0.75,-1.0,-0.795591358799124,0.8775510204081632,1
-0.2222222222222222,0.0,-0.8957047112813232,0.2244897959183673,0
-0.8888888888888888,0.0,-0.9125425071808247,-0.8367346938775511,0
0.8888888888888888,0.0,0.8077189738849088,0.3061224489795918,0
0.5277777777777778,0.0,-0.3392430695411976,0.2244897959183673,0
-0.1944444444444444,-1.0,-0.5953646538347255,0.1428571428571428,1
0.3055555555555556,-1.0,0.6463842759197509,-0.6938775510204082,1
-0.3888888888888889,0.0,-0.2827429099673149,0.5306122448979592,0
0.0555555555555555,0.0,-0.1229049049710015,-1.020408163265306,0
0.1111111111111111,-1.0,0.2290600548053749,0.2448979591836734,1
-0.6111111111111112,-1.0,-0.4406440181804175,-0.8367346938775511,1
0.25,0.0,0.6571912795624374,-0.6326530612244898,0
0.6944444444444444,0.0,-0.5052109126525581,0.0408163265306122,0
0.9722222222222222,0.0,-0.4427349862986562,-0.9387755102040816,0
-0.3333333333333333,-1.0,-0.8535992164372104,-0.7959183673469388,1
-0.2777777777777778,0.0,0.7254008605984571,0.8775510204081632,0
0.7777777777777778,-1.0,0.3644007175322174,-0.9183673469387756,1
0.4722222222222222,0.0,-0.820760011885503,-0.6326530612244898,0
0.7777777777777778,0.0,0.7074405449723222,0.8367346938775511,0
-0.9166666666666666,0.0,0.3742062574972212,-0.7551020408163265,0
0.2777777777777778,0.0,-0.7831115806618464,0.5510204081632653,0
-1.0,-1.0,-0.1187119636391649,-0.6122448979591837,1
0.4166666666666667,0.0,0.526802909747213,-0.1836734693877551,0
0.1388888888888889,0.0,-0.1500654803173869,0.5306122448979592,0
0.6111111111111112,0.0,0.056379103524932,0.0612244897959183,0
0.4444444444444444,-1.0,0.9658511891005536,-0.6122448979591837,1
0.1388888888888889,0.0,0.9262328458076088,0.0612244897959183,0
-0.9166666666666666,-1.0,0.8538413285351117,0.673469387755102,1
-0.4166666666666667,0.0,0.4649542738287827,-0.5714285714285714,0
0.4444444444444444,0.0,-0.408234012347717,-0.4489795918367347,0
-0.6944444444444444,-1.0,0.9614601560522522,0.0612244897959183,1
0.0277777777777777,-1.0,-0.6922315031859751,-0.3265306122448979,1
-0.5555555555555556,-1.0,-0.7257090032685133,-0.2857142857142857,1
-0.9444444444444444,-1.0,0.2680841229489253,0.5510204081632653,1
-0.0277777777777777,0.0,0.4456293263781131,-0.9591836734693876,0
-0.1388888888888889,-1.0,-0.4822212684472911,-0.1836734693877551,1
0.6111111111111112,0.0,-0.9760859277845644,0.0204081632653061,0
-0.6111111111111112,0.0,0.8949673698922601,-0.4489795918367347,0
-0.6944444444444444,0.0,-0.6491245446641796,0.8775510204081632,0
0.6388888888888888,0.0,0.8500225604454863,-0.4693877551020408,0
-0.5555555555555556,0.0,-0.5657719524139677,-0.5714285714285714,0
-0.3888888888888889,-1.0,0.6950928279793545,-0.7755102040816326,1
0.7777777777777778,-1.0,-0.3715100091342291,-0.0816326530612244,1
0.1111111111111111,0.0,-0.13952259896332,0.6122448979591837,0
0.6666666666666666,-1.0,-0.4968140248935257,-0.3061224489795918,1
0.1111111111111111,-1.0,-0.4421297060539029,-0.979591836734694,1
-0.8055555555555556,-1.0,-0.6174188649344646,-0.6530612244897959,1
-1.0,0.0,-0.0673511835980058,-0.0612244897959183,0
-0.2777777777777778,-1.0,-0.6092750943686928,-0.8979591836734694,1
0.4444444444444444,0.0,0.2779006680092883,0.0816326530612244,0
0.8888888888888888,-1.0,0.4939637051955055,-0.9591836734693876,1
-0.9166666666666666,-1.0,0.2301825745320083,-0.0204081632653061,1
-0.0277777777777777,0.0,0.7437133392760849,-0.5918367346938775,0
-0.6666666666666666,-1.0,-0.6165054420196551,0.0816326530612244,1
-0.9166666666666666,0.0,0.618530379565739,0.8163265306122449,0
0.6666666666666666,0.0,0.3873133260699704,0.7959183673469388,0
0.6388888888888888,-1.0,0.4077497881519143,0.2244897959183673,1
-0.5277777777777778,-1.0,0.9881805275842716,-0.3673469387755102,1
-0.5555555555555556,0.0,-0.311994453431939,-0.2857142857142857,0
0.4166666666666667,-1.0,0.950675162600284,0.1224489795918367,1
0.0277777777777777,0.0,-0.7185226759989876,-0.6326530612244898,0
-0.25,-1.0,0.2222258905873419,-0.3673469387755102,1
-0.5277777777777778,-1.0,-0.7679355541615768,0.6326530612244898,1
-0.8611111111111112,0.0,0.779006680092883,-0.2653061224489796,0
-0.4166666666666667,0.0,-0.8718346594473241,-0.1428571428571428,0
0.4722222222222222,-1.0,0.8725389855503098,-0.7755102040816326,1
0.8611111111111112,0.0,0.2759747763214368,-0.6938775510204082,0
-0.8888888888888888,0.0,-0.9706053902957068,-0.5918367346938775,0
-0.6666666666666666,0.0,-0.5133987035997667,-0.9183673469387756,0
-0.5555555555555556,-1.0,-0.3020238370365479,-0.7959183673469388,1
-0.1944444444444444,-1.0,-0.911904211649994,-0.2653061224489796,1
0.2222222222222222,0.0,0.3517008374877568,-0.2040816326530612,0
0.2222222222222222,-1.0,-0.3492577063180252,0.0408163265306122,1
0.0,0.0,-0.7250046771655276,-0.7142857142857143,0
0.0,-1.0,0.7476311532239427,0.0408163265306122,1
-0.6944444444444444,-1.0,0.4770598787238491,-0.0204081632653061,1
0.5833333333333334,-1.0,-0.3185094698845565,-1.020408163265306,1
-0.1111111111111111,-1.0,-0.0610012435757755,-0.5306122448979592,1
-0.9722222222222222,-1.0,0.7740103667998284,-0.8163265306122449,1
0.0833333333333333,-1.0,-0.6176059515555702,-0.5510204081632653,1
-0.3055555555555556,-1.0,0.6417071103921116,-0.0204081632653061,1
0.1388888888888889,-1.0,-0.7001991922260007,-0.1428571428571428,1
0.7777777777777778,0.0,-0.3701783925957718,0.3877551020408163,0
0.6944444444444444,0.0,0.904849945524778,-0.8775510204081632,0
-0.8611111111111112,-1.0,0.3530544642169324,-0.1632653061224489,1
-0.9444444444444444,0.0,0.5485819934629733,0.2448979591836734,0
-0.4722222222222222,0.0,-0.1937557088932175,0.8979591836734694,0
-0.6388888888888888,-1.0,0.8290468486909439,-0.2448979591836734,1
-0.6111111111111112,-1.0,-0.8066294694443528,-0.3673469387755102,1
-0.8888888888888888,0.0,-0.1379818856130388,0.1020408163265306,0
0.9722222222222222,0.0,-0.4454312346616483,-0.1632653061224489,0
-0.1666666666666666,-1.0,0.8240065150164526,-0.6530612244897959,1
-0.1111111111111111,-1.0,0.4855007868643182,-0.7142857142857143,1
0.9444444444444444,0.0,0.7285153025850969,0.4693877551020408,0
0.1944444444444444,0.0,0.0706417071103921,-0.1632653061224489,0
-0.3611111111111111,-1.0,0.1381029416619895,0.5102040816326531,1
0.5833333333333334,0.0,-0.7780712469873552,-0.5918367346938775,0
0.9722222222222222,-1.0,0.944490299008441,-0.8163265306122449,1
-0.4444444444444444,0.0,-0.4431641850176632,0.1836734693877551,0
-0.8611111111111112,-1.0,-0.8062002707253458,-0.0816326530612244,1
0.0833333333333333,0.0,0.2180219441601461,0.1224489795918367,0
-0.0555555555555555,-1.0,0.85334609924395,-0.8367346938775511,1
-0.0833333333333333,0.0,0.7428219265519935,0.1428571428571428,0
-0.9722222222222222,-1.0,0.08104152222479,-0.9183673469387756,1
-0.6944444444444444,0.0,-0.4329954769058073,0.2244897959183673,0
-0.3055555555555556,-1.0,0.3001859861115696,-0.1428571428571428,1
0.5833333333333334,0.0,-0.2907326091980587,0.8775510204081632,0
0.8055555555555556,-1.0,-0.2420790826152508,0.2040816326530612,1
0.5,0.0,-0.7424697635005008,-0.6326530612244898,0
0.9444444444444444,0.0,0.6241980036757019,0.4897959183673469,0
0.4722222222222222,0.0,0.3365798364642829,0.5510204081632653,0
0.25,-1.0,0.5301044383549584,-0.2857142857142857,1
-0.1111111111111111,0.0,-0.2212574421957366,-0.1428571428571428,0
-0.6388888888888888,-1.0,0.4199214236191356,0.1836734693877551,1
0.3055555555555556,0.0,-0.5605445321183709,0.5714285714285714,0
0.9444444444444444,0.0,0.2968734524084651,-0.2040816326530612,0
0.4722222222222222,-1.0,-0.7878987971430772,-0.2040816326530612,1
-0.3055555555555556,0.0,-0.1796911970242222,0.1836734693877551,0
0.5,-1.0,-0.2350688368714714,-0.3061224489795918,1
0.3888888888888889,0.0,-0.3233186965565056,0.5510204081632653,0
0.75,-1.0,-0.8389734447048983,-0.3877551020408163,1
0.6666666666666666,0.0,-0.0978242926474957,-0.4693877551020408,0
-0.8888888888888888,0.0,0.1543684726028151,0.1224489795918367,0
-0.0555555555555555,0.0,-0.0564561391924461,0.7346938775510204,0
-0.9444444444444444,0.0,0.6370959754366271,-0.5306122448979592,0
-0.4722222222222222,0.0,-0.5349246701222666,-0.7959183673469388,0
-0.5833333333333334,-1.0,-0.8641090825051999,-0.0204081632653061,1
0.8055555555555556,0.0,0.9880374613446026,-0.1224489795918367,0
-0.9444444444444444,0.0,-0.2877392232603695,-0.1428571428571428,0
0.0,-1.0,-0.9652569139511594,0.2448979591836734,1
0.6111111111111112,-1.0,-0.867894835308748,-0.9183673469387756,1
0.25,0.0,-0.6231525196165825,0.4489795918367347,0
0.5277777777777778,-1.0,-0.3292834582411656,0.0,1
-0.8333333333333334,0.0,0.376957531337009,0.8979591836734694,0
0.4166666666666667,0.0,-0.4558200446806871,0.1020408163265306,0
0.7222222222222222,-1.0,0.3952039794424818,-1.020408163265306,1
0.6388888888888888,0.0,-0.5465790661076079,-0.979591836734694,0
0.2777777777777778,-1.0,0.0275457536839556,0.2040816326530612,1
0.7222222222222222,-1.0,-0.7046012303696612,-0.2653061224489796,1
-0.5277777777777778,0.0,-0.964057358557012,-0.3265306122448979,0
-0.7777777777777778,-1.0,0.421330075825107,-0.6938775510204082,1
0.4166666666666667,0.0,0.2510042149515225,-0.1224489795918367,0
0.3888888888888889,0.0,0.8082692286528663,-0.2448979591836734,0
0.2222222222222222,0.0,0.7736692088436946,-0.6122448979591837,0
-1.0,0.0,0.8400959644315318,1.0,0
0.25,0.0,0.3522731024464327,0.7551020408163265,0
-0.6944444444444444,-1.0,-0.5882553622327138,0.6938775510204082,1
-0.4722222222222222,0.0,0.0438993253876544,-0.3265306122448979,0
0.6388888888888888,-1.0,-0.2344745617220773,-0.673469387755102,1
0.3888888888888889,0.0,-0.962252522918111,-0.7755102040816326,0
0.5277777777777778,-1.0,0.7249936720701685,-0.8571428571428571,1
-0.0833333333333333,-1.0,-0.6243740852014483,0.979591836734694,1
0.1388888888888889,0.0,-0.1120648860422375,-0.7551020408163265,0
0.6944444444444444,-1.0,0.6613402005128375,0.7551020408163265,1
-0.6944444444444444,-1.0,0.0913422914809556,0.7959183673469388,1
-0.25,-1.0,0.6864208128363433,-0.0408163265306122,1
-0.2222222222222222,0.0,-0.4622029999889949,-0.1632653061224489,0
0.9722222222222222,-1.0,0.3920785323604829,-0.3265306122448979,1
-0.1666666666666666,0.0,-0.2337152101422958,0.9183673469387756,0
0.3055555555555556,-1.0,0.1935246018906753,0.4693877551020408,1
-0.8611111111111112,-1.0,0.7663068000484224,-0.7142857142857143,1
0.4166666666666667,0.0,0.1376957531337009,0.5102040816326531,0
-0.3611111111111111,0.0,0.608284635786369,0.7551020408163265,0
0.8333333333333334,-1.0,0.4241914006184863,-0.6326530612244898,1
0.1944444444444444,0.0,-0.3818988191532679,-0.6122448979591837,0
0.6388888888888888,-1.0,-0.9721571087413472,0.2653061224489796,1
-0.9722222222222222,-1.0,-0.1467749568050007,0.7346938775510204,1
0.7222222222222222,0.0,0.4571406561237853,-0.7551020408163265,0
-0.1944444444444444,-1.0,0.0842329998789439,-0.1020408163265306,1
-0.8333333333333334,0.0,0.5203209085806728,0.2857142857142857,0
-0.6388888888888888,0.0,0.5497045131896068,0.8979591836734694,0
0.8611111111111112,0.0,-0.5832040234628633,-0.5714285714285714,0
-0.7777777777777778,-1.0,-0.4639638152464591,0.2244897959183673,1
0.6111111111111112,0.0,-0.4577679465592569,-0.0612244897959183,0
-0.7222222222222222,-1.0,0.7658996115201339,-0.6122448979591837,1
-0.1111111111111111,-1.0,-0.857715122101533,-0.6530612244897959,1
0.1111111111111111,0.0,-0.3171778533460992,0.2653061224489796,0
-0.0277777777777777,0.0,-0.185281785466671,0.2653061224489796,0
0.6111111111111112,0.0,-0.2438729131587925,0.8367346938775511,0
-0.3055555555555556,-1.0,-0.6877414242794414,0.1224489795918367,1
0.0277777777777777,-1.0,-0.6719491124390593,-0.5714285714285714,1
1.0,0.0,-0.2347937094874927,0.6326530612244898,0
0.0833333333333333,-1.0,-0.607921467639517,-0.6122448979591837,1
0.6666666666666666,-1.0,0.6479690096514686,0.3469387755102041,1
-0.8888888888888888,-1.0,0.7708849197178294,-0.0204081632653061,1
0.1111111111111111,-1.0,0.3234397526054563,0.0612244897959183,1
0.5555555555555556,0.0,-0.0395853280068671,0.3877551020408163,0
0.5277777777777778,-1.0,0.4983767484345252,-0.4693877551020408,1
0.0277777777777777,-1.0,0.5462599183421925,-0.3469387755102041,1
-0.7777777777777778,-1.0,-0.7331814630173771,0.2244897959183673,1
0.4166666666666667,-1.0,-0.6995278814090924,-0.6122448979591837,1
-0.6111111111111112,-1.0,-0.6993958202647826,0.4489795918367347,1
0.2777777777777778,-1.0,0.9493875664432632,-0.4285714285714285,1
-0.1666666666666666,0.0,-0.1509018675646824,-0.1836734693877551,0
0.3333333333333333,0.0,-0.4025443780470358,-0.4489795918367347,0
0.9166666666666666,0.0,0.8571648673335754,-0.8163265306122449,0
-0.1944444444444444,-1.0,0.0104878558772711,-0.5918367346938775,1
0.0,-1.0,-0.1743427206796746,0.2857142857142857,1
-0.6111111111111112,0.0,0.5819054222104835,0.6326530612244898,0
0.5833333333333334,0.0,0.9333861577910572,0.4693877551020408,0
0.9722222222222222,-1.0,-0.902516865308638,0.6530612244897959,1
0.8888888888888888,0.0,-0.0112362023616934,0.1836734693877551,0
0.2222222222222222,-1.0,0.03695511021603,0.2040816326530612,1
-0.8611111111111112,-1.0,0.7760353043459122,0.0204081632653061,1
0.9722222222222222,0.0,-0.5052989534154313,-0.1020408163265306,0
-0.3055555555555556,0.0,-0.0727987058007857,-0.7959183673469388,0
-0.2777777777777778,0.0,0.4064621919948936,-0.0816326530612244,0
-0.25,0.0,0.0613644117226275,0.4285714285714285,0
-0.0555555555555555,-1.0,-0.6448215523787514,-0.3469387755102041,1
-0.6388888888888888,0.0,-0.8425280905059043,-0.8571428571428571,0
0.3888888888888889,-1.0,0.914446388677958,0.2244897959183673,1
0.25,-1.0,0.3595584755741908,0.4285714285714285,1
0.4722222222222222,-1.0,-0.8880891852927906,-0.1836734693877551,1
0.4722222222222222,0.0,0.2549880594715353,0.5306122448979592,0
0.9444444444444444,-1.0,-0.2717598247988819,0.1632653061224489,1
0.7222222222222222,0.0,-0.7970220211958137,0.5306122448979592,0
0.5277777777777778,-1.0,-0.3691329085366525,0.0204081632653061,1
-0.1388888888888889,-1.0,-0.058855249980741,-0.4897959183673469,1
-0.25,0.0,-0.7029394609704294,0.0204081632653061,0
-0.1944444444444444,-1.0,0.8836761420537709,-0.7551020408163265,1
-0.6111111111111112,-1.0,-0.1034368912806629,0.0816326530612244,1
0.9166666666666666,-1.0,-0.6879945414727019,-0.7755102040816326,1
-0.3888888888888889,-1.0,0.9541417676384166,-0.4285714285714285,1
0.8055555555555556,0.0,0.1540163095513222,0.0408163265306122,0
0.6944444444444444,0.0,0.6390989027919927,-0.7755102040816326,0
0.9444444444444444,-1.0,0.2286198509910088,-0.3673469387755102,1
-0.2777777777777778,-1.0,-0.7357896706174959,0.6938775510204082,1
0.9166666666666666,-1.0,0.5166892271121529,-0.1836734693877551,1
0.1666666666666666,0.0,-0.3094632814993341,-0.3877551020408163,0
0.3055555555555556,-1.0,0.6865858892667305,0.3469387755102041,1
0.0277777777777777,0.0,0.0311114045803206,0.1428571428571428,0
-0.6666666666666666,0.0,-0.8949233495108235,0.1632653061224489,0
0.0,0.0,-0.2278494943158682,-0.0612244897959183,0
-0.1944444444444444,0.0,0.6646967545973785,-0.4081632653061224,0
-0.4722222222222222,-1.0,-0.7761563603948628,-0.3673469387755102,1
-0.3888888888888889,0.0,0.5352988433644777,-0.8163265306122449,0
0.0555555555555555,-1.0,-0.3943015616230315,-0.5510204081632653,1
0.5833333333333334,0.0,0.1736824149581256,0.5102040816326531,0
-0.1666666666666666,-1.0,0.368956827010906,0.9387755102040816,1
0.7222222222222222,-1.0,0.1727029614711611,-0.3877551020408163,1
0.9444444444444444,-1.0,-0.8198355838753343,-0.9183673469387756,1
0.3611111111111111,-1.0,0.2281466318905653,-0.6938775510204082,1
0.3888888888888889,0.0,-0.2324716343667117,0.4897959183673469,0
-0.4444444444444444,0.0,0.2168223887659986,0.7346938775510204,0
0.1944444444444444,0.0,0.9205101962208504,-0.2653061224489796,0
0.0555555555555555,0.0,0.1554029515665753,0.9591836734693876,0
-0.6111111111111112,0.0,0.3693089900623988,-0.4285714285714285,0
-0.1666666666666666,-1.0,-0.0801721196914171,-0.2653061224489796,1
0.4166666666666667,-1.0,0.1192732235024816,0.0612244897959183,1
-0.5555555555555556,-1.0,-0.8098539623845841,-0.4897959183673469,1
0.8611111111111112,-1.0,0.7398285406143045,0.2653061224489796,1
0.6944444444444444,-1.0,-0.3667778181297941,-0.1836734693877551,1
-0.4722222222222222,0.0,-0.5748511560852675,0.3469387755102041,0
0.5555555555555556,0.0,-0.5725951115366414,-0.1224489795918367,0
0.3055555555555556,-1.0,0.7034456953569502,-0.3877551020408163,1
0.3055555555555556,0.0,-0.2131797022021195,-0.7959183673469388,0
0.6944444444444444,-1.0,0.2013822399771094,-0.9387755102040816,1
-0.3333333333333333,0.0,0.211396876753937,-0.3061224489795918,0
-0.7222222222222222,0.0,0.6148436726204233,-0.979591836734694,0
-0.2777777777777778,-1.0,0.5165241506817656,0.2857142857142857,1
-0.0833333333333333,0.0,-0.3485753904057578,0.5918367346938775,0
0.5277777777777778,0.0,-0.1250949189474726,0.3469387755102041,0
-0.5277777777777778,-1.0,0.232559675129585,-0.1836734693877551,1
-0.5555555555555556,0.0,-0.7508666512595331,0.4693877551020408,0
-0.8611111111111112,0.0,0.5715276172868038,0.6326530612244898,0
-0.5,-1.0,-0.7243663816346969,0.9183673469387756,1
-0.4166666666666667,0.0,0.6689777366920885,0.0816326530612244,0
0.0277777777777777,0.0,0.6489264529477148,-0.3061224489795918,0
0.9166666666666666,-1.0,-0.905499246150968,-0.5510204081632653,1
0.8888888888888888,0.0,0.9295783947967908,-0.7755102040816326,0
0.3333333333333333,-1.0,-0.0263792135758856,-0.4489795918367347,1
-0.4444444444444444,-1.0,-0.0416432808390284,-0.8979591836734694,1
-0.3333333333333333,0.0,0.8116367878327666,0.1632653061224489,0
0.0277777777777777,-1.0,0.0095744329624616,0.3673469387755102,1
-0.75,0.0,0.4817700595375659,0.8571428571428571,0
0.8333333333333334,-1.0,0.4421847315306987,0.5510204081632653,1
-0.6944444444444444,0.0,0.9964563592943532,0.9591836734693876,0
-0.8611111111111112,-1.0,-0.764601010267754,0.6122448979591837,1
0.8055555555555556,0.0,0.8980377914974633,-0.0408163265306122,0
0.7777777777777778,-1.0,0.6791244346132259,-0.0408163265306122,1
0.25,0.0,0.96900965146863,0.6326530612244898,0
-0.1388888888888889,-1.0,0.3427977153422034,-0.5510204081632653,1
-0.3333333333333333,-1.0,-0.1675745870337966,0.5102040816326531,1
-0.1666666666666666,-1.0,0.6084056918353198,-0.1224489795918367,1
0.8333333333333334,-1.0,0.8330086830202383,-0.3877551020408163,1
0.4166666666666667,0.0,0.8189881915326797,-0.5102040816326531,0
-0.0833333333333333,0.0,0.2700650401135726,-0.4285714285714285,0
0.1944444444444444,0.0,-0.1850176631780514,-0.9591836734693876,0
0.5555555555555556,-1.0,-0.1043613192908316,0.0,1
-0.6111111111111112,-1.0,0.2166242970495339,0.7551020408163265,1
-0.1388888888888889,-1.0,0.5667844211870096,0.3877551020408163,1
-0.0833333333333333,0.0,-0.2624715243157582,-0.0816326530612244,0
-0.6944444444444444,-1.0,-0.1706009882575632,-0.0816326530612244,1
0.6111111111111112,-1.0,-0.9344206367548176,-0.1428571428571428,1
-0.5277777777777778,-1.0,0.7805804087292416,0.9591836734693876,1
0.8888888888888888,-1.0,0.8758405141580552,0.2653061224489796,1
0.8333333333333334,-1.0,0.7313216019016805,0.8775510204081632,1
0.6944444444444444,0.0,0.0457811966940693,-0.3265306122448979,0
-0.6666666666666666,0.0,0.1718775793192248,0.4285714285714285,0
-0.6666666666666666,-1.0,0.3013305160289214,-0.7755102040816326,1
-0.3055555555555556,-1.0,0.8877920477180935,0.4285714285714285,1
0.9722222222222222,0.0,-0.6758669263869171,-0.0204081632653061,0
-0.3333333333333333,0.0,-0.2892579264199324,-0.5102040816326531,0
-0.9722222222222222,-1.0,-0.8720657664498663,0.1836734693877551,1
0.4722222222222222,0.0,0.816611090935103,0.6530612244897959,0
0.1111111111111111,-1.0,-0.6563218770290644,0.1836734693877551,1
0.6666666666666666,0.0,0.8001914886592493,-0.8163265306122449,0
-0.1388888888888889,0.0,-0.3817777631043173,0.2244897959183673,0
0.3055555555555556,0.0,0.6885668064313777,-0.0408163265306122,0
-0.8611111111111112,0.0,0.4170931141118337,-0.9183673469387756,0
-0.4722222222222222,0.0,-0.475816302948265,0.8571428571428571,0
-0.5833333333333334,0.0,0.1659128176345648,-0.6326530612244898,0
1.0,-1.0,-0.1054948441128242,-0.8367346938775511,1
-0.25,-1.0,-0.2972146103645988,0.979591836734694,1
0.0833333333333333,-1.0,0.9154148370695632,0.1632653061224489,1
0.0,0.0,0.6932109566729395,0.1224489795918367,0
-0.9722222222222222,-1.0,-0.9653999801908284,-0.4489795918367347,1
0.1388888888888889,0.0,-0.3031463567631813,-0.4489795918367347,0
-0.6388888888888888,0.0,0.7116885117809546,1.0,0
0.4444444444444444,-1.0,-0.7809765921621711,0.673469387755102,1
0.0555555555555555,-1.0,-0.8791640529565189,-0.1428571428571428,1
-0.4166666666666667,-1.0,-0.386047740103668,0.3061224489795918,1
0.5,0.0,-0.3862238216294144,0.1632653061224489,0
-0.6944444444444444,-1.0,-0.1985099100883709,0.4897959183673469,1
0.2222222222222222,-1.0,-0.4652404063081206,-0.2040816326530612,1
0.0,-1.0,-0.1030957333245292,0.1020408163265306,1
0.3055555555555556,-1.0,0.0464304973202592,0.8163265306122449,1
-0.5277777777777778,0.0,-0.5052769432247131,-0.4693877551020408,0
-0.9166666666666666,-1.0,-0.6415090186756468,-0.673469387755102,1
0.4444444444444444,0.0,0.3150758801325014,0.0612244897959183,0
0.6111111111111112,0.0,-0.4069464161906962,0.5714285714285714,0
0.4722222222222222,0.0,0.4027754850495779,-0.8775510204081632,0
-0.3888888888888889,-1.0,-0.5745099981291338,-0.2040816326530612,1
0.9444444444444444,0.0,-0.1616098253491366,-0.5918367346938775,0
-0.1111111111111111,-1.0,0.7644139236466484,-0.8367346938775511,1
-0.8055555555555556,0.0,0.3433699803008793,-0.4081632653061224,0
-0.3333333333333333,-1.0,0.9057523633442284,0.8979591836734694,1
-0.8611111111111112,-1.0,-0.3206664685749502,-0.5306122448979592,1
0.8055555555555556,0.0,-0.6080205134977494,0.8775510204081632,0
-1.0,0.0,-0.8253601417456282,0.1224489795918367,0
-0.5555555555555556,-1.0,0.3725664982887077,0.3673469387755102,1
0.2777777777777778,-1.0,-0.0175201118117688,-0.0816326530612244,1
0.6944444444444444,-1.0,-0.7099607118095679,0.8775510204081632,1
-1.0,0.0,0.9715408234012348,-0.2448979591836734,0
0.9444444444444444,0.0,0.5352658280784003,-0.8367346938775511,0
-0.5555555555555556,0.0,-0.6931449261007847,0.5306122448979592,0
-0.9722222222222222,0.0,0.7437683647528806,-0.6122448979591837,0
-0.3611111111111111,0.0,-0.3077574917186657,0.5918367346938775,0
0.3333333333333333,0.0,0.8552499807410832,-0.6326530612244898,0
0.5555555555555556,-1.0,0.4395104933584249,0.673469387755102,1
-0.7777777777777778,-1.0,0.1137156503461102,-0.1020408163265306,1
-0.0555555555555555,0.0,-0.0863129629018235,0.9387755102040816,0
0.6666666666666666,0.0,-0.7058007857638087,-0.4693877551020408,0
-0.4166666666666667,-1.0,0.5322944523314295,-0.5510204081632653,1
-0.7222222222222222,0.0,0.0964816710136793,-0.8163265306122449,0
0.3888888888888889,-1.0,-0.4393894373094743,0.8571428571428571,1
-0.7222222222222222,0.0,-0.6985814432082054,0.5510204081632653,0
-0.3888888888888889,0.0,-0.4828265486920444,0.4897959183673469,0
0.8611111111111112,-1.0,-0.809842957289225,0.8979591836734694,1
0.3611111111111111,-1.0,-0.458571318520475,0.6326530612244898,1
0.0555555555555555,0.0,0.9120472778896628,-0.1836734693877551,0
0.5277777777777778,-1.0,-0.8461817821651425,0.673469387755102,1
0.1666666666666666,0.0,-0.9326268062112758,0.6122448979591837,0
-0.8333333333333334,-1.0,-0.0868302023837036,-0.4081632653061224,1
0.2222222222222222,0.0,-0.58791420427658,0.5102040816326531,0
0.3611111111111111,0.0,0.4168730122046507,-0.2244897959183673,0
-0.6666666666666666,0.0,-0.636578735954747,0.5306122448979592,0
1.0,-1.0,0.2745110986386697,0.8367346938775511,1
0.7222222222222222,-1.0,0.308428802535574,-0.7346938775510204,1
-0.1111111111111111,0.0,-0.465559554073536,-0.0816326530612244,0
0.4166666666666667,0.0,-0.0271605753463853,-0.6938775510204082,0
0.4444444444444444,0.0,0.8478985770411701,-0.0408163265306122,0
-0.9444444444444444,0.0,-0.2573321447830345,0.8979591836734694,0
-0.4722222222222222,-1.0,0.9030781251719546,0.7551020408163265,1
-0.1666666666666666,0.0,-0.2827429099673149,0.3877551020408163,0
-1.0,0.0,-0.2030440093763412,0.4897959183673469,0
-0.4722222222222222,0.0,-0.6717950411040312,-0.8775510204081632,0
-0.4444444444444444,0.0,-0.1889024618398318,-0.5306122448979592,0
-0.5833333333333334,-1.0,0.73288432544268,-0.4285714285714285,1
-0.6388888888888888,-1.0,-0.0759351579781438,0.1224489795918367,1
0.25,-1.0,0.4228047586032333,0.7551020408163265,1
-1.0,0.0,0.9400992659601396,-1.0,0
-0.0555555555555555,-1.0,-0.559245930865991,0.3265306122448979,1
0.3055555555555556,0.0,-0.4786226022648486,-0.6938775510204082,0
-0.75,0.0,-0.3876434789307449,0.2857142857142857,0
0.25,0.0,0.4461245556692749,-0.5714285714285714,0
-0.1111111111111111,-1.0,-0.511747939295894,0.2040816326530612,1
0.1388888888888889,0.0,0.7407199533383957,0.2653061224489796,0
-0.0555555555555555,-1.0,0.2278274841251499,0.2653061224489796,1
-0.8055555555555556,0.0,-0.3455269789912729,0.0,0
0.6111111111111112,0.0,0.4078818492962242,-0.2857142857142857,0
-0.6944444444444444,0.0,0.0214269206642675,-0.1224489795918367,0
-0.3055555555555556,0.0,-0.3075704050975602,0.7755102040816326,0
0.1666666666666666,-1.0,-0.3819428395347046,-0.8163265306122449,1
-0.1388888888888889,0.0,-0.5828078400299339,-0.2040816326530612,0
-0.9166666666666666,-1.0,-0.772964882740709,0.673469387755102,1
-0.6111111111111112,0.0,0.5401410853225043,-0.6326530612244898,0
0.4722222222222222,0.0,-0.1274059889728944,-0.4489795918367347,0
0.7222222222222222,0.0,0.9753816016815786,0.2448979591836734,0
0.3611111111111111,0.0,0.6516227013107069,-0.3673469387755102,0
0.1111111111111111,0.0,0.7958334708970253,0.673469387755102,0
-0.4444444444444444,-1.0,-0.5664212530401576,-0.1836734693877551,1
0.1944444444444444,0.0,0.077475871328425,-0.2448979591836734,0
-0.1111111111111111,0.0,-0.7809765921621711,-0.6938775510204082,0
0.7222222222222222,0.0,0.9378432214115136,0.7142857142857143,0
-0.3333333333333333,0.0,-0.5052439279386356,-0.0204081632653061,0
0.4166666666666667,0.0,-0.973521740565882,-0.4081632653061224,0
-0.6388888888888888,0.0,-0.9774945799905356,-0.4897959183673469,0
-0.4722222222222222,-1.0,0.9339144023682964,-0.7755102040816326,1
0.8611111111111112,0.0,0.6246051922039905,-0.8775510204081632,0
-0.0277777777777777,-1.0,0.3077905070047432,-0.7346938775510204,1
-0.6111111111111112,0.0,0.9329679641674096,0.3265306122448979,0
1.0,0.0,0.8362441810558289,0.8571428571428571,0
-0.6944444444444444,-1.0,0.0514598258993914,0.3469387755102041,1
-0.1944444444444444,0.0,-0.0803261910264452,-0.4897959183673469,0
-0.3055555555555556,-1.0,-0.8250299888848537,0.7346938775510204,1
0.75,-1.0,0.3298667282952007,-0.5306122448979592,1
-0.8055555555555556,0.0,-0.0309463281499334,-0.673469387755102,0
0.9444444444444444,0.0,-0.5406583248043845,-0.6326530612244898,0
0.4722222222222222,0.0,0.9256605808489332,0.2244897959183673,0
0.8333333333333334,-1.0,-0.137046452507511,-0.4693877551020408,1
-0.8888888888888888,-1.0,-0.4916856504561612,1.0,1
-0.8333333333333334,-1.0,0.244346132259236,-0.4081632653061224,1
-0.6111111111111112,-1.0,-0.6199390317717103,-0.0816326530612244,1
0.25,0.0,-0.9261778203308132,0.8979591836734694,0
-0.3333333333333333,-1.0,0.2146213696941684,0.673469387755102,1
-0.3888888888888889,0.0,-0.3698812550210748,0.7755102040816326,0
0.8333333333333334,-1.0,-0.5840954361869546,-0.7142857142857143,1
0.6666666666666666,0.0,-0.2225010179713207,-0.4081632653061224,0
-0.4722222222222222,-1.0,-0.1182607547294397,0.1836734693877551,1
0.1388888888888889,0.0,0.7193040377694873,0.4081632653061224,0
0.4722222222222222,-1.0,0.2475596201041082,-0.3061224489795918,1
0.8055555555555556,-1.0,-0.594748368494613,-0.1836734693877551,1
1.0,0.0,-0.4934244555229071,-0.3877551020408163,0
0.8333333333333334,-1.0,0.2692176477709179,-0.2244897959183673,1
0.9444444444444444,-1.0,-0.7214170160784443,-0.8979591836734694,1
-0.6111111111111112,0.0,-0.624792278825096,-0.7959183673469388,0
-0.8333333333333334,-1.0,0.6149537235740148,0.1428571428571428,1
-0.3333333333333333,0.0,0.1448270549264309,0.0,0
0.0277777777777777,0.0,-0.8442228751912135,0.1632653061224489,0
0.3888888888888889,-1.0,-0.6818757084530137,0.0,1
0.9166666666666666,-1.0,-0.2097791277361418,-0.1836734693877551,1
-0.5555555555555556,-1.0,-0.1912685573420493,-0.8979591836734694,1
-0.8888888888888888,0.0,0.5950014856878735,-0.7755102040816326,0
-0.8611111111111112,0.0,0.0005612598633167,0.979591836734694,0
-0.2222222222222222,0.0,-0.449338043514147,-0.2448979591836734,0
0.8055555555555556,0.0,-0.5689304147820441,0.2448979591836734,0
0.0277777777777777,-1.0,0.2936709696589521,0.9183673469387756,1
0.5555555555555556,-1.0,0.7326422133447786,1.0,1
0.1388888888888889,0.0,-0.071797242123103,-0.5306122448979592,0
-0.9722222222222222,-1.0,0.9536025179658182,-0.6326530612244898,1
0.6388888888888888,0.0,0.174298700298238,-0.3061224489795918,0
-0.4166666666666667,0.0,-0.0596916372280365,-1.020408163265306,0
-0.6111111111111112,-1.0,-0.7930161664850826,-0.3061224489795918,1
0.9444444444444444,0.0,-0.6645756985484279,-0.8367346938775511,0
0.5277777777777778,-1.0,0.8361231250068781,-0.5306122448979592,1
0.7777777777777778,0.0,-0.9681512540306162,-0.2448979591836734,0
-0.1388888888888889,-1.0,-0.3258278582983921,-0.8163265306122449,1
-0.5,0.0,0.4324122068517724,-1.0,0
-0.8888888888888888,0.0,0.7824842902263748,0.9591836734693876,0
-0.3055555555555556,-1.0,-0.9524139676670298,0.5306122448979592,1
0.5555555555555556,-1.0,-0.0092002597202504,-0.8163265306122449,1
0.5277777777777778,0.0,-0.1171492400981654,-0.8367346938775511,0
0.1111111111111111,-1.0,-0.1045153906258597,0.7959183673469388,1
-0.0555555555555555,0.0,-0.0221092365765349,-0.1836734693877551,0
-0.1944444444444444,-1.0,0.5058271979926706,0.3265306122448979,1
-0.6944444444444444,-1.0,-0.0997942047167838,0.1836734693877551,1
-0.4722222222222222,-1.0,-0.0253007142306888,-0.7959183673469388,1
0.3888888888888889,0.0,0.4509888078180197,0.1020408163265306,0
-0.8888888888888888,-1.0,0.0987817359437419,0.7346938775510204,1
-0.0833333333333333,0.0,-0.4353505673126657,0.0816326530612244,0
0.6666666666666666,0.0,0.0062508941639979,-0.3061224489795918,0
0.5277777777777778,-1.0,0.0750437452540526,-0.1632653061224489,1
0.0277777777777777,-1.0,0.6570041929413318,0.1224489795918367,1
0.5,0.0,0.6792675008528949,0.7346938775510204,0
0.25,-1.0,0.6363916493336415,-0.4897959183673469,1
0.0,-1.0,0.4268106133139643,0.5918367346938775,1
-0.5833333333333334,0.0,-0.6033213377793919,0.9387755102040816,0
0.4166666666666667,-1.0,-0.0323549803559047,-0.9183673469387756,1
-0.5833333333333334,-1.0,0.2895660690899886,0.8979591836734694,1
-0.75,-1.0,-0.4443527353164515,0.4285714285714285,1
0.0277777777777777,-1.0,0.2828089405394697,0.673469387755102,1
0.4444444444444444,-1.0,-0.1088624032927245,0.7551020408163265,1
0.8333333333333334,0.0,0.5616670518450042,0.6530612244897959,0
0.6388888888888888,-1.0,0.5365864395214984,-0.2040816326530612,1
-0.6111111111111112,-1.0,0.1113055344624561,-0.5918367346938775,1
-0.1388888888888889,0.0,0.6295354749248903,-0.6530612244897959,0
-0.3611111111111111,-1.0,-0.7361748489550662,-0.3877551020408163,1
-0.2222222222222222,0.0,0.8549308329756677,0.5714285714285714,0
-0.4444444444444444,0.0,0.3543860807553897,0.2448979591836734,0
0.0833333333333333,-1.0,0.8305435416597885,-0.2857142857142857,1
-0.6944444444444444,0.0,-0.4916746453608021,-0.8571428571428571,0
-0.3055555555555556,-1.0,0.4447929391308176,0.6122448979591837,1
0.9722222222222222,0.0,-0.0057886801589135,-0.5102040816326531,0
-0.8611111111111112,-1.0,0.9843507543992868,0.4081632653061224,1
-0.75,0.0,0.8850957993551014,-0.2244897959183673,0
-0.0833333333333333,-1.0,0.8030748236433469,-0.9183673469387756,1
-0.6944444444444444,0.0,-0.2998558332507951,0.2448979591836734,0
-0.7222222222222222,0.0,0.7463325519715628,-0.1836734693877551,0
-0.6666666666666666,0.0,-0.6055993925187362,-0.7755102040816326,0
-0.3333333333333333,0.0,0.7396084387071215,-0.8775510204081632,0
0.75,0.0,0.7531226958081592,0.7755102040816326,0
0.1388888888888889,0.0,-0.8746959842407035,-0.6530612244897959,0
-0.4166666666666667,0.0,0.5632737957674403,0.1020408163265306,0
0.6944444444444444,-1.0,0.6390989027919927,-0.5510204081632653,1
0.5555555555555556,-1.0,-0.2002707253458351,0.1836734693877551,1
0.7777777777777778,-1.0,0.9348608405691836,0.8775510204081632,1
-0.7777777777777778,0.0,0.6176939923184435,-0.2244897959183673,0
0.4444444444444444,0.0,0.4301011368263506,0.2653061224489796,0
-0.3055555555555556,-1.0,0.5177347111712723,0.3673469387755102,1
-0.6111111111111112,0.0,0.2709784630283821,-0.7346938775510204,0
-0.5277777777777778,0.0,0.9782099111888805,-0.0612244897959183,0
0.8888888888888888,0.0,0.37629722561546,-0.3061224489795918,0
0.0277777777777777,0.0,0.363135131565915,-0.8979591836734694,0
0.1111111111111111,-1.0,-0.5072028349125646,-0.1428571428571428,1
0.3055555555555556,-1.0,0.312071489099453,-0.3469387755102041,1
0.5,-1.0,-0.603838577261272,0.1428571428571428,1
0.1111111111111111,0.0,-0.8216184093235168,0.7142857142857143,0
-0.6111111111111112,-1.0,0.9105505849208184,0.7959183673469388,1
0.5277777777777778,0.0,0.7599348498354738,-0.2040816326530612,0
-0.75,-1.0,0.1703258608735844,0.0408163265306122,1
0.0277777777777777,-1.0,0.8471392254613886,-0.673469387755102,1
0.8333333333333334,-1.0,0.366337614315428,0.2040816326530612,1
0.6944444444444444,-1.0,-0.8369485071588145,-0.5102040816326531,1
0.1111111111111111,-1.0,-0.2640342478567576,-0.1020408163265306,1
0.0277777777777777,-1.0,-0.9168454994662528,0.8979591836734694,1
-0.1111111111111111,0.0,0.7951841702708354,-0.2040816326530612,0
0.9444444444444444,0.0,0.6406946416190696,0.5306122448979592,0
-0.5555555555555556,-1.0,0.7533538028107013,0.6938775510204082,1
-0.9166666666666666,0.0,-0.6286220520100807,0.8979591836734694,0
0.3888888888888889,-1.0,0.2411326444143638,-0.1836734693877551,1
0.9722222222222222,-1.0,-0.8580562800576667,0.6122448979591837,1
0.0555555555555555,-1.0,0.0903298227079137,0.3061224489795918,1
-0.5833333333333334,-1.0,0.1946471216173088,0.1224489795918367,1
0.3055555555555556,0.0,-0.3347750008253821,0.3061224489795918,0
-0.4444444444444444,-1.0,-0.690041489209504,-0.1224489795918367,1
0.6111111111111112,-1.0,0.0414892095040003,-0.673469387755102,1
0.0833333333333333,0.0,0.5209481990161444,0.4081632653061224,0
0.8611111111111112,-1.0,0.3944776431487778,0.979591836734694,1
0.1666666666666666,-1.0,-0.7290655573530544,-0.2244897959183673,1
-0.8055555555555556,0.0,0.6243630801060891,-0.5102040816326531,0
-0.0833333333333333,-1.0,0.8904882960810856,0.2857142857142857,1
0.4444444444444444,-1.0,-0.5306877084089934,0.1836734693877551,1
0.2777777777777778,0.0,-0.6505111866794325,-0.3673469387755102,0
-0.9166666666666666,0.0,0.1948892337152101,0.4285714285714285,0
0.5,-1.0,0.0467606501810338,-1.0,1
-0.3611111111111111,0.0,0.5967953162314151,0.7959183673469388,0
0.8888888888888888,-1.0,-0.1073547052285208,0.3469387755102041,1
0.6111111111111112,-1.0,0.8112075891137597,0.1836734693877551,1
-0.1111111111111111,-1.0,0.6343226914061211,-0.5510204081632653,1
-0.1388888888888889,-1.0,0.3734028855360031,0.1836734693877551,1
0.5277777777777778,0.0,0.4494921148491752,0.0612244897959183,0
1.0,-1.0,-0.8128473483222732,-0.5510204081632653,1
0.0277777777777777,-1.0,-0.0449668196374921,-0.1428571428571428,1
-0.9166666666666666,-1.0,0.8822344745617221,-0.2653061224489796,1
0.0277777777777777,-1.0,0.2685023165725731,0.5102040816326531,1
0.25,-1.0,0.4267555878371686,0.4081632653061224,1
0.4722222222222222,-1.0,0.9237126789703632,0.1224489795918367,1
-0.1388888888888889,-1.0,0.3745584205487141,-0.4693877551020408,1
-0.0277777777777777,0.0,-0.5928775022835573,0.8979591836734694,0
0.5277777777777778,0.0,-0.3533626068869887,1.0,0
0.0555555555555555,0.0,0.8447731299591711,0.2040816326530612,0
-0.2222222222222222,-1.0,-0.694333476399573,-0.8775510204081632,1
-0.0833333333333333,-1.0,0.8081151573178381,-0.979591836734694,1
0.9722222222222222,0.0,-0.6891610815807719,0.2653061224489796,0
-0.75,-1.0,0.2577943587881189,0.1836734693877551,1
-0.1111111111111111,0.0,0.6908118458846446,0.6938775510204082,0
0.2222222222222222,-1.0,-0.4555229071059901,0.3673469387755102,1
-0.3055555555555556,-1.0,0.3027391682348928,-0.2653061224489796,1
-0.25,0.0,0.3383736670078246,0.0408163265306122,0
0.2777777777777778,-1.0,-0.8013470236719601,-0.9387755102040816,1
-0.1944444444444444,0.0,0.5765349356752176,0.6938775510204082,0
0.9166666666666666,0.0,0.5119240208216405,-0.6938775510204082,0
0.8055555555555556,-1.0,-0.6737649531733192,-0.8367346938775511,1
-0.7777777777777778,-1.0,0.2097681226407826,0.3877551020408163,1
0.7777777777777778,0.0,0.408740246734238,-0.673469387755102,0
-0.1388888888888889,0.0,-0.8521025234683659,0.4693877551020408,0
-0.7222222222222222,-1.0,-0.479525020084299,0.7755102040816326,1
0.3611111111111111,-1.0,-0.1208249419481219,0.8367346938775511,1
-0.5277777777777778,0.0,-0.932857913213818,0.4693877551020408,0
-0.7777777777777778,-1.0,-0.2913709047288895,-0.8163265306122449,1
-0.6111111111111112,0.0,-0.5213113671629964,0.5510204081632653,0
-0.8888888888888888,-1.0,0.0385728592338252,-0.5510204081632653,1
-0.1666666666666666,0.0,0.0950510086169896,-0.4693877551020408,0
-0.8888888888888888,-1.0,-0.0454510438332948,0.7346938775510204,1
-0.0277777777777777,-1.0,-0.5983140193909781,0.979591836734694,1
-0.7777777777777778,0.0,0.2978969262768662,0.8979591836734694,0
0.5833333333333334,-1.0,0.5444330725125733,0.3469387755102041,1
0.4444444444444444,-1.0,-0.5345394917846963,-0.8163265306122449,1
-0.1944444444444444,-1.0,-0.1084552147644359,0.3877551020408163,1
0.75,0.0,0.0520651061441447,-0.2448979591836734,0
0.3055555555555556,-1.0,0.4246316044328524,-0.7755102040816326,1
-0.9722222222222222,-1.0,0.7900668009288301,0.0204081632653061,1
-0.6944444444444444,-1.0,0.5575511461806817,-0.8979591836734694,1
0.6666666666666666,0.0,-0.9563868070916834,0.1224489795918367,0
-0.6111111111111112,-1.0,-0.566454268326235,0.4693877551020408,1
-0.6944444444444444,0.0,0.9530302530071424,-0.1020408163265306,0
0.0277777777777777,0.0,-0.9138080931471272,0.4489795918367347,0
-0.0833333333333333,-1.0,-0.2650247064390812,0.4489795918367347,1
-0.0555555555555555,0.0,0.4019170876115641,0.7551020408163265,0
-0.6111111111111112,-1.0,0.3378014020491487,-0.8571428571428571,1
-0.4444444444444444,-1.0,0.1383670639506091,-0.8163265306122449,1
0.4444444444444444,-1.0,-0.1525086114871185,-0.4693877551020408,1
-0.6666666666666666,-1.0,0.3446795866486183,0.6326530612244898,1
0.0833333333333333,-1.0,-0.0986826900855095,-0.2040816326530612,1
-0.7222222222222222,0.0,0.7981555460178062,-0.9591836734693876,0
-0.1111111111111111,-1.0,-0.1023363817447478,-0.5510204081632653,1
-0.25,-1.0,-0.6001518703159563,0.2448979591836734,1
0.7222222222222222,0.0,0.732080953481462,0.2244897959183673,0
-0.8888888888888888,0.0,0.3488835330758141,-0.8367346938775511,0
0.0,-1.0,0.1359899633530324,-0.8979591836734694,1
0.5833333333333334,0.0,-0.6614392463710698,-0.1020408163265306,0
-0.7777777777777778,0.0,0.6186514356146896,0.2244897959183673,0
-0.1111111111111111,-1.0,0.5495394367592196,0.5102040816326531,1
-0.3055555555555556,0.0,0.7259291051756963,0.2244897959183673,0
0.5,-1.0,-0.949739729494756,0.5510204081632653,1
0.5,-1.0,-0.8788999306678993,0.2040816326530612,1
-0.4166666666666667,-1.0,-0.0115113297456722,-0.8163265306122449,1
0.2222222222222222,0.0,-0.3988466660063609,0.6122448979591837,0
-0.6388888888888888,0.0,0.4521663530214489,-0.1428571428571428,0
0.8333333333333334,0.0,-0.2064665940330373,-0.1632653061224489,0
-0.7222222222222222,-1.0,0.0641707110392111,-0.9387755102040816,1
0.7777777777777778,-1.0,-0.5900491927762554,0.0204081632653061,1
-0.1944444444444444,-1.0,-0.6793995619972047,-0.7959183673469388,1
0.0,0.0,-0.7037208227409291,0.6938775510204082,0
0.6944444444444444,-1.0,0.5657169269371719,0.3673469387755102,1
0.0,-1.0,-0.0454620489286539,0.9183673469387756,1
0.3055555555555556,-1.0,-0.1169071280002641,-0.1224489795918367,1
0.8333333333333334,-1.0,-0.2562976658192743,-0.2653061224489796,1
-0.6111111111111112,0.0,-0.8374547415453355,0.979591836734694,0
0.6388888888888888,0.0,0.935334059669627,-0.7959183673469388,0
0.6111111111111112,-1.0,-0.046925726611421,-0.8367346938775511,1
0.3333333333333333,0.0,-0.7369672158209251,-1.020408163265306,0
0.9444444444444444,-1.0,-0.4298920400145267,-0.0204081632653061,1
0.1388888888888889,0.0,0.9712216756358194,-0.0816326530612244,0
-0.3333333333333333,-1.0,-0.8707231448160498,-0.5102040816326531,1
-0.25,0.0,0.5769861445849428,0.2653061224489796,0
0.4166666666666667,0.0,0.8408223007252358,-0.8979591836734694,0
0.6944444444444444,-1.0,-0.3210296367218022,-0.2244897959183673,1
0.6944444444444444,-1.0,0.6294254239712987,0.5306122448979592,1
0.8055555555555556,-1.0,0.2141921709751615,-0.9387755102040816,1
0.0833333333333333,0.0,0.3380545192424092,0.6326530612244898,0
-0.5555555555555556,0.0,0.3243091551388293,0.2244897959183673,0
0.7777777777777778,0.0,-0.5730573255417258,0.2040816326530612,0
0.2222222222222222,-1.0,-0.0879417170149779,0.5714285714285714,1
0.1111111111111111,0.0,0.1925781636897883,0.3469387755102041,0
-0.9444444444444444,0.0,-0.2788911265916119,0.4285714285714285,0
0.2222222222222222,-1.0,0.6399683053253656,0.9591836734693876,1
-0.9722222222222222,0.0,-0.582015473164075,0.8979591836734694,0
-0.4722222222222222,0.0,0.8776013294155194,0.1020408163265306,0
0.6388888888888888,0.0,0.1136936401553919,-0.5510204081632653,0
0.9722222222222222,-1.0,0.13355783727866,0.3673469387755102,1
-0.75,-1.0,0.0858727590874574,0.3673469387755102,1
0.8055555555555556,-1.0,0.0562030219991856,0.979591836734694,1
0.0277777777777777,0.0,-0.5297412702081064,-0.5714285714285714,0
-0.1666666666666666,0.0,0.7297918936467584,0.0,0
-0.7222222222222222,-1.0,-0.5411755642862646,-0.9387755102040816,1
0.7777777777777778,-1.0,-0.3337735371476993,0.2857142857142857,1
-0.0277777777777777,-1.0,-0.6963804241363751,0.8571428571428571,1
-0.9444444444444444,0.0,-0.5500016507643039,-0.4897959183673469,0
-0.3055555555555556,-1.0,0.3689898422969835,0.3673469387755102,1
-0.5833333333333334,-1.0,-0.4848734964288465,0.4489795918367347,1
0.1111111111111111,-1.0,-0.1062431905972465,0.7959183673469388,1
-0.4444444444444444,-1.0,-0.3948298062002707,0.5102040816326531,1
0.1944444444444444,0.0,0.0244973422694707,-0.6530612244897959,0
-0.9166666666666666,-1.0,0.7143517448578692,0.2857142857142857,1
-0.7777777777777778,-1.0,0.1166870260930811,0.0408163265306122,1
0.75,0.0,0.1148381700727436,0.8367346938775511,0
-0.3055555555555556,-1.0,0.9931878459726854,0.3673469387755102,1
0.2777777777777778,0.0,-0.0787194471040091,-0.5510204081632653,0
0.75,0.0,0.7340398604553908,0.3673469387755102,0
0.9166666666666666,-1.0,-0.3038176675800896,0.1428571428571428,1
-0.3611111111111111,0.0,-0.0239690976922315,0.6326530612244898,0
0.3333333333333333,-1.0,0.902076661494272,0.4081632653061224,1
-0.0833333333333333,-1.0,0.3642906665786259,0.9591836734693876,1
0.3888888888888889,0.0,0.5473604278781076,-0.6938775510204082,0
-0.5833333333333334,0.0,-0.0484114144849065,0.4489795918367347,0
0.8333333333333334,-1.0,0.407507676054013,-0.4081632653061224,1
0.1666666666666666,0.0,-0.1636457679905796,0.0,0
0.7777777777777778,0.0,0.5144331825635269,-0.7142857142857143,0
0.6666666666666666,0.0,-0.8657488417137135,0.3469387755102041,0
0.0277777777777777,0.0,-0.8288267467837609,-0.1020408163265306,0
-0.9722222222222222,0.0,0.6652910297467728,-0.2040816326530612,0
0.1111111111111111,0.0,0.4664619718929864,0.5714285714285714,0
-0.9444444444444444,0.0,0.8186580386719051,-0.9387755102040816,0
-0.4444444444444444,-1.0,-0.8225978628104813,0.1836734693877551,1
-0.0833333333333333,-1.0,0.9175278153785202,0.8367346938775511,1
-0.8888888888888888,-1.0,-0.5953866640254438,-0.4081632653061224,1
0.3333333333333333,-1.0,0.7830565551850507,0.8775510204081632,1
-0.3888888888888889,-1.0,0.958026566300197,0.2244897959183673,1
0.1388888888888889,-1.0,0.6396931779413869,0.7142857142857143,1
0.2222222222222222,0.0,-0.5769751394895837,0.3265306122448979,0
0.25,-1.0,0.5680390020579529,0.3877551020408163,1
0.8333333333333334,-1.0,-0.6052802447533208,0.1224489795918367,1
0.8888888888888888,0.0,-0.724597488637239,0.3469387755102041,0
-0.6388888888888888,0.0,-0.2337702356190916,-0.1428571428571428,0
-0.1111111111111111,-1.0,0.9192336051591888,0.0408163265306122,1
-0.7222222222222222,0.0,-0.3742722880693761,0.2448979591836734,0
0.8055555555555556,0.0,0.600790165846787,-0.0408163265306122,0
1.0,0.0,0.5161389723441954,0.2448979591836734,0
-0.9722222222222222,-1.0,-0.4506586549572452,-0.1224489795918367,1
-0.4166666666666667,-1.0,-0.0799300075935158,0.7959183673469388,1
-0.4166666666666667,0.0,-0.3072952777135814,-0.7142857142857143,0
0.6111111111111112,-1.0,0.253150208546557,0.7959183673469388,1
0.75,0.0,-0.5226980091782495,-0.4081632653061224,0
0.1944444444444444,-1.0,0.910671640969769,-0.9387755102040816,1
-0.1111111111111111,0.0,0.6814905301154435,-0.3673469387755102,0
-0.8055555555555556,0.0,0.5173165175476245,0.979591836734694,0
-0.6388888888888888,0.0,0.0197761563603948,-0.2448979591836734,0
-0.5277777777777778,0.0,0.4566784421187009,-0.6326530612244898,0
-0.3055555555555556,0.0,0.8267797990469588,0.9183673469387756,0
0.8055555555555556,-1.0,-0.9770323659854512,-0.8163265306122449,1
-0.25,-1.0,0.8484158165230502,0.6122448979591837,1
-0.8888888888888888,0.0,0.2746321546876203,0.7755102040816326,0
0.2222222222222222,-1.0,-0.0843430508325354,0.8979591836734694,1
-0.1944444444444444,-1.0,-0.3851893426656542,0.3673469387755102,1
-0.8055555555555556,-1.0,-0.5758746299536686,-0.6530612244897959,1
1.0,-1.0,0.6591611916317255,0.7959183673469388,1
-0.8333333333333334,0.0,-0.3940814597158484,0.1224489795918367,0
0.1666666666666666,0.0,0.5006658082692287,0.5918367346938775,0
0.6944444444444444,-1.0,-0.8363872472954978,0.673469387755102,1
0.3333333333333333,-1.0,-0.5204309595342643,0.979591836734694,1
0.5555555555555556,0.0,0.2599073370970759,-0.0408163265306122,0
1.0,-1.0,-0.3680874244775331,0.5918367346938775,1
0.5277777777777778,0.0,0.2707033356444033,0.3265306122448979,0
-0.6388888888888888,0.0,-0.4081129562987663,-0.7142857142857143,0
-0.8333333333333334,0.0,0.388523886559477,-0.4693877551020408,0
0.0277777777777777,-1.0,0.0089911629084266,0.9387755102040816,1
-0.1111111111111111,0.0,-0.8959468233792246,0.8571428571428571,0
-0.8611111111111112,-1.0,-0.6822498816952249,-0.9183673469387756,1
0.7222222222222222,-1.0,0.011643390889982,-0.4489795918367347,1
0.2222222222222222,0.0,0.820616945645834,0.0408163265306122,0
0.0277777777777777,0.0,0.0165516634201635,-0.1224489795918367,0
0.5,0.0,-0.5587507015748292,-0.5510204081632653,0
0.3611111111111111,-1.0,-0.5059482540416212,0.5714285714285714,1
-0.3888888888888889,-1.0,0.4195362452815653,-0.5714285714285714,1
-0.6111111111111112,0.0,-0.2131466869160421,-0.9183673469387756,0
-0.75,-1.0,0.0666248473043018,-0.2040816326530612,1
-0.1666666666666666,0.0,-0.4205597191499664,0.5714285714285714,0
-0.6944444444444444,0.0,0.431949992846688,-0.8367346938775511,0
0.7777777777777778,-1.0,0.4527166077894065,-0.2653061224489796,1
0.25,0.0,0.2671046694619609,-0.4285714285714285,0
0.0555555555555555,-1.0,0.6061826625727712,-0.3469387755102041,1
1.0,0.0,0.1518483057655694,0.6530612244897959,0
0.3055555555555556,-1.0,0.1457184676505221,0.9591836734693876,1
0.5833333333333334,0.0,0.9983052153146909,-0.8979591836734694,0
0.0277777777777777,0.0,-0.8454004203946427,-0.3265306122448979,0
0.5,0.0,0.2633739421352086,-0.2244897959183673,0
0.25,0.0,-0.3437221433523721,0.1632653061224489,0
0.8888888888888888,0.0,-0.1399848129684043,-0.979591836734694,0
-0.6666666666666666,0.0,0.2409785730793357,-0.5306122448979592,0
-0.4722222222222222,0.0,0.101555019974248,-0.2040816326530612,0
-0.0833333333333333,-1.0,0.6153939273883808,-0.7142857142857143,1
-0.0833333333333333,-1.0,0.812396139412548,1.0,1
-0.25,-1.0,-0.4224085751703038,0.6326530612244898,1
0.6388888888888888,-1.0,0.0459682833151749,-0.5714285714285714,1
0.1388888888888889,0.0,0.0811955935598182,-0.8367346938775511,0
0.7222222222222222,0.0,-0.1780294276249903,-0.7346938775510204,0
0.8611111111111112,-1.0,-0.1736493996720481,0.8367346938775511,1
-0.1388888888888889,0.0,0.1799112989314052,0.3673469387755102,0
0.4166666666666667,-1.0,0.7413142284877898,0.0204081632653061,1
-0.3333333333333333,0.0,0.9475387104229258,-0.6530612244897959,0
-0.0277777777777777,0.0,0.5189562767561381,0.5714285714285714,0
0.2222222222222222,-1.0,-0.5810580298678288,0.9183673469387756,1
-0.3333333333333333,-1.0,-0.082637261051867,-0.7551020408163265,1
0.8333333333333334,0.0,0.1412063785532701,-0.7755102040816326,0
0.5555555555555556,0.0,-0.1642840635214104,0.2448979591836734,0
0.0,-1.0,-0.3960073514036999,-0.673469387755102,1
0.2777777777777778,0.0,-0.2541186569381624,0.2857142857142857,0
0.5555555555555556,-1.0,-0.6506322427283833,0.0816326530612244,1
0.8888888888888888,-1.0,-0.7938855690184555,1.0,1
0.7777777777777778,0.0,-0.3959853412129816,0.1020408163265306,0
0.3055555555555556,-1.0,-0.2129816104856548,-0.673469387755102,1
-0.8055555555555556,-1.0,0.7087281411293429,-0.2244897959183673,1
-0.3888888888888889,-1.0,-0.4312456667437023,0.0,1
-0.5833333333333334,0.0,0.1073657103238799,0.5306122448979592,0
-0.4722222222222222,0.0,-0.5511571857770148,0.3265306122448979,0
-0.5277777777777778,-1.0,-0.7213840007923669,0.7551020408163265,1
0.8055555555555556,0.0,-0.0011115146312742,-0.979591836734694,0
0.25,0.0,-0.052527320149229,-0.8163265306122449,0
0.0277777777777777,-1.0,-0.4669241858980708,0.4897959183673469,1
-0.0833333333333333,0.0,0.7512848448831809,-0.3061224489795918,0
0.9444444444444444,0.0,0.2439169335402291,-0.7142857142857143,0
-0.25,0.0,-0.8383901746508633,-0.1428571428571428,0
0.25,-1.0,-0.0734590115223348,0.7959183673469388,1
0.0555555555555555,0.0,0.6615492973246613,0.7551020408163265,0
0.6111111111111112,0.0,0.5200127659106166,-1.0,0
0.1388888888888889,0.0,0.9463501601241376,-0.1632653061224489,0
-0.0277777777777777,-1.0,-0.1860191268557342,0.0408163265306122,1
0.0,-1.0,0.9816545060362948,0.4693877551020408,1
-0.9722222222222222,0.0,-0.1685870558068385,0.0612244897959183,0
-0.8611111111111112,0.0,-0.0005502547679575,-0.2040816326530612,0
0.6666666666666666,-1.0,0.5247999823918474,0.7959183673469388,1
-0.1666666666666666,0.0,-0.8291568996445354,1.0,0
0.3611111111111111,-1.0,0.8062773063928599,0.3469387755102041,1
0.5833333333333334,-1.0,-0.7741534330394972,-0.4693877551020408,1
-0.4722222222222222,-1.0,0.8626454048224328,-0.4489795918367347,1
0.1388888888888889,-1.0,0.1826295574851156,-0.4285714285714285,1
0.1666666666666666,-1.0,0.6353461652745221,1.0,1
-0.0833333333333333,-1.0,0.4595837872935169,-0.7346938775510204,1
0.8055555555555556,-1.0,-0.803735129364896,0.6938775510204082,1
0.8333333333333334,-1.0,0.9190024981566464,-1.0,1
0.2777777777777778,0.0,-0.850583820308803,-0.673469387755102,0
-0.9444444444444444,0.0,0.4199764490959314,-0.0612244897959183,0
-0.2222222222222222,-1.0,-0.3493347419855393,-0.4081632653061224,1
0.3055555555555556,0.0,-0.373534946680313,-0.5102040816326531,0
-0.5833333333333334,0.0,0.2942542397129871,-0.3469387755102041,0
-0.5555555555555556,0.0,0.6643886119273223,-0.979591836734694,0
0.8055555555555556,-1.0,-0.2750173330251906,0.5714285714285714,1
0.0277777777777777,-1.0,0.9662693827242012,-0.4489795918367347,1
-0.75,-1.0,0.877359217317618,-0.5306122448979592,1
-0.4166666666666667,0.0,0.0637305072248451,0.3469387755102041,0
-0.1666666666666666,0.0,-0.1711732532162391,0.1428571428571428,0
0.9166666666666666,0.0,-0.130289323956992,0.2244897959183673,0
0.5833333333333334,0.0,-0.6798397658115708,-0.5714285714285714,0
0.0833333333333333,0.0,0.6850121606303718,0.7142857142857143,0
-0.5555555555555556,0.0,-0.7934453652040895,0.3877551020408163,0
-0.8611111111111112,0.0,-0.1534440445926464,0.6122448979591837,0
0.6388888888888888,0.0,0.6139082395148954,-0.9387755102040816,0
0.25,0.0,0.3661065073128858,0.6326530612244898,0
-0.3055555555555556,0.0,0.9018345493963704,-0.4897959183673469,0
0.9166666666666666,0.0,-0.5129474946900415,-0.2653061224489796,0
0.9444444444444444,0.0,0.9051030627180384,-0.1632653061224489,0
-0.5,0.0,0.7512298194063851,0.3469387755102041,0
-0.7777777777777778,0.0,-0.2260996841537632,0.6530612244897959,0
0.8055555555555556,-1.0,0.2959600294936556,1.0,1
0.8888888888888888,0.0,0.3123686266741501,-0.3877551020408163,0
0.8888888888888888,-1.0,0.0032685133216679,0.3469387755102041,1
0.9166666666666666,-1.0,0.5256693849252204,0.8979591836734694,1
-0.1111111111111111,-1.0,-0.5877381227508336,0.5102040816326531,1
-0.6111111111111112,0.0,0.8958147622349147,0.3265306122448979,0
-0.8333333333333334,-1.0,-0.2941441887593956,-0.0816326530612244,1
-0.1111111111111111,0.0,0.679058404041071,0.8163265306122449,0
0.3888888888888889,-1.0,-0.8647253678453124,0.5102040816326531,1
-0.0277777777777777,-1.0,0.9893030473109048,-0.7551020408163265,1
-0.3333333333333333,0.0,-0.6430167167398505,0.7551020408163265,0
-0.8333333333333334,0.0,0.3647308703929919,-0.673469387755102,0
0.6388888888888888,-1.0,-0.6454158275281455,0.0612244897959183,1
0.6111111111111112,0.0,-0.1664630724025223,0.0816326530612244,0
-0.7777777777777778,-1.0,0.5913918144100718,-0.0816326530612244,1
0.5,-1.0,0.2906335633398263,0.0408163265306122,1
-0.0833333333333333,-1.0,0.5160619366766813,-0.1836734693877551,1
-0.0833333333333333,0.0,0.0587011786457129,0.3673469387755102,0
0.5277777777777778,0.0,-0.1024904530797759,-0.3877551020408163,0
0.6666666666666666,-1.0,-0.5808379279606458,0.9591836734693876,1
-0.2222222222222222,0.0,-0.6436990326521179,0.5306122448979592,0
-0.6388888888888888,-1.0,-0.2513013525262196,0.6530612244897959,1
0.6666666666666666,-1.0,-0.6776387467397404,0.3061224489795918,1
0.9722222222222222,0.0,-0.630900106749425,0.8979591836734694,0
-0.2777777777777778,-1.0,-0.0569293582928896,-0.0408163265306122,1
-0.1111111111111111,0.0,-0.8935917329723662,-0.3469387755102041,0
-0.6666666666666666,0.0,0.5374668471502305,0.5714285714285714,0
-0.7777777777777778,-1.0,0.8414716013514257,-0.6530612244897959,1
0.4166666666666667,-1.0,0.6808962549660493,0.3061224489795918,1
0.0555555555555555,-1.0,0.4527716332662022,0.7142857142857143,1
-0.4166666666666667,-1.0,0.0227255219166474,0.6122448979591837,1
0.2222222222222222,-1.0,-0.9183201822443792,0.7346938775510204,1
-0.7777777777777778,0.0,0.2252082714296719,0.2448979591836734,0
-0.9166666666666666,0.0,-0.2749292922623174,0.8979591836734694,0
0.8888888888888888,0.0,-0.7423817227376275,0.3265306122448979,0
0.7777777777777778,0.0,0.2915910066360725,0.4489795918367347,0
-0.9166666666666666,-1.0,-0.565948033939714,-0.6530612244897959,1
0.0555555555555555,-1.0,0.483453839127516,-0.6122448979591837,1
0.3611111111111111,0.0,0.6032773173979552,-0.2244897959183673,0
-0.6666666666666666,0.0,0.1944270197101258,-0.1224489795918367,0
-0.0833333333333333,-1.0,0.4139456568391165,0.5510204081632653,1
-0.2777777777777778,0.0,0.6481560962725742,-0.7755102040816326,0
0.9444444444444444,0.0,0.7407089482430366,-0.0612244897959183,0
-0.4722222222222222,0.0,-0.2574421957366261,0.4693877551020408,0
0.3333333333333333,-1.0,0.8665742238656498,-0.0816326530612244,1
0.1388888888888889,-1.0,-0.9376891500764856,-0.8163265306122449,1
0.4166666666666667,0.0,-0.4103910110381106,0.8163265306122449,0
-1.0,-1.0,-0.5677748797693332,0.4897959183673469,1
-0.2777777777777778,-1.0,0.8647913984174673,0.5102040816326531,1
-0.8333333333333334,0.0,0.9031001353626728,0.8367346938775511,0
-1.0,0.0,-0.3037516370079346,0.8775510204081632,0
0.8055555555555556,-1.0,0.2552631868555141,-0.9591836734693876,1
0.9722222222222222,-1.0,0.5422760738221797,0.6530612244897959,1
0.1111111111111111,-1.0,-0.2567708849197178,-0.9387755102040816,1
0.9166666666666666,0.0,-0.4062090748016331,-0.8979591836734694,0
-1.0,-1.0,0.7286803790154842,0.6122448979591837,1
0.5833333333333334,0.0,0.3753287772238546,0.3061224489795918,0
-0.5833333333333334,-1.0,-0.3089900623988907,-0.9387755102040816,1
-0.8055555555555556,0.0,-0.0534957685408344,0.6326530612244898,0
-1.0,0.0,-0.1126591611916317,0.6122448979591837,0
-0.4166666666666667,-1.0,0.0762433006482001,-0.3673469387755102,1
1.0,-1.0,0.574961207038859,-0.6122448979591837,1
-0.6666666666666666,-1.0,0.5028118018642631,-0.5918367346938775,1
-0.6111111111111112,-1.0,-0.6567400706527122,0.0816326530612244,1
0.3611111111111111,0.0,-0.9627147369231954,0.5306122448979592,0
0.4166666666666667,-1.0,0.7261161917968019,-0.1224489795918367,1
-0.3055555555555556,0.0,-0.8636468685001155,0.3877551020408163,0
0.8333333333333334,0.0,0.3465614579550332,0.1836734693877551,0
0.5277777777777778,-1.0,0.0183785092497826,-0.1224489795918367,1
0.25,-1.0,-0.6888859541967931,-0.4285714285714285,1
0.6944444444444444,0.0,-0.7612774714692903,-0.6530612244897959,0
-0.0555555555555555,-1.0,-0.5746640694641619,0.3673469387755102,1
-0.8611111111111112,-1.0,-0.1441007186327269,0.3061224489795918,1
-0.1666666666666666,0.0,-0.2124643710037747,0.0,0
-0.2222222222222222,0.0,-0.6079434778302354,0.6122448979591837,0
-0.2777777777777778,-1.0,-0.3596135010509866,0.6122448979591837,1
-0.6944444444444444,0.0,0.9486392199588408,-0.1836734693877551,0
-0.75,0.0,-0.4095876390768926,-0.1836734693877551,0
0.75,0.0,-0.0823951489539656,0.7346938775510204,0
0.9722222222222222,0.0,-0.2924714142648046,-0.6938775510204082,0
-0.6111111111111112,-1.0,-0.6539887968129244,0.8367346938775511,1
0.5555555555555556,0.0,-0.3458571318520475,0.4489795918367347,0
0.75,-1.0,-0.0089251323362716,0.0204081632653061,1
0.5833333333333334,-1.0,0.0861148711853588,-0.2448979591836734,1
0.3888888888888889,-1.0,0.6858595529730265,-1.0,1
0.5277777777777778,0.0,0.1096217548725059,-0.1428571428571428,0
-0.0833333333333333,0.0,0.0681765657499422,-0.8571428571428571,0
-0.6111111111111112,0.0,0.6494546975249541,0.1224489795918367,0
0.0277777777777777,0.0,-0.826944875477346,0.2448979591836734,0
0.3333333333333333,-1.0,0.7334015649245601,-0.6122448979591837,1
-0.75,-1.0,0.7931262174386741,-0.5306122448979592,1
-0.5555555555555556,-1.0,0.1860631472371708,-0.4489795918367347,1
0.1944444444444444,-1.0,0.8944171151243026,-0.6530612244897959,1
-0.6666666666666666,0.0,-0.1094016529653229,-0.4081632653061224,0
-0.5833333333333334,-1.0,0.9451616098253492,-0.5918367346938775,1
0.7777777777777778,0.0,-0.8108334158715486,0.8367346938775511,0
-0.4444444444444444,-1.0,0.368813760771237,0.4081632653061224,1
0.4444444444444444,-1.0,0.1936566630349852,0.3469387755102041,1
-0.2777777777777778,-1.0,-0.8175795393267082,-0.9591836734693876,1
-0.25,0.0,-0.2947274588134306,-0.979591836734694,0
0.5833333333333334,-1.0,-0.6251994673533846,-0.5714285714285714,1
0.9444444444444444,0.0,0.4196132809490794,0.7551020408163265,0
0.9722222222222222,0.0,0.6236477489077443,0.5102040816326531,0
0.4166666666666667,-1.0,0.1774351524755962,-0.6326530612244898,1
0.6944444444444444,-1.0,0.2678750261371014,0.1836734693877551,1
0.6666666666666666,-1.0,0.1407001441667492,-0.7142857142857143,1
0.3888888888888889,-1.0,0.3349620874464877,-0.6122448979591837,1
-0.3888888888888889,0.0,0.0910231437155403,-0.5306122448979592,0
0.3333333333333333,-1.0,0.674546314943819,-0.4693877551020408,1
-0.8055555555555556,0.0,-0.6291392914919608,0.4693877551020408,0
0.9444444444444444,-1.0,-0.5980498971023583,-0.2448979591836734,1
0.5833333333333334,-1.0,-0.3398483497859509,0.0204081632653061,1
-0.1388888888888889,0.0,0.4622360152750723,0.6326530612244898,0
-0.75,-1.0,0.6579836464282963,0.8979591836734694,1
-0.75,-1.0,0.2655089306348839,-0.8367346938775511,1
-0.4722222222222222,-1.0,0.3778159287750228,0.8367346938775511,1
-0.25,-1.0,-0.2648156096272574,0.1020408163265306,1
0.4166666666666667,0.0,0.8901691483156702,-0.3469387755102041,0
-1.0,0.0,0.8172273762752155,-0.2244897959183673,0
0.1944444444444444,-1.0,-0.7818680048862623,-0.673469387755102,1
0.9444444444444444,-1.0,0.2955308307746486,-0.1020408163265306,1
-0.0833333333333333,-1.0,0.919321645922062,-1.020408163265306,1
0.0833333333333333,0.0,0.7290875675437728,-0.2653061224489796,0
-0.8611111111111112,0.0,-0.1119988554700826,-1.020408163265306,0
0.75,-1.0,0.1547866662264628,0.4081632653061224,1
-0.6388888888888888,-1.0,0.5303245402621414,-0.8163265306122449,1
-0.9444444444444444,-1.0,-0.0736020777620038,-0.2244897959183673,1
0.3333333333333333,-1.0,0.3448666732697238,0.6326530612244898,1
0.0,-1.0,0.2626476058415046,-0.0204081632653061,1
0.9166666666666666,-1.0,0.7746266521399408,0.673469387755102,1
0.6388888888888888,0.0,0.2183410919255615,-0.1020408163265306,0
-0.1388888888888889,0.0,0.6601076298326125,-0.8979591836734694,0
0.4166666666666667,-1.0,-0.7923668658588927,-0.1836734693877551,1
-0.3888888888888889,0.0,-0.3694410512067087,-0.5714285714285714,0
0.3055555555555556,-1.0,-0.8835000605280244,0.1836734693877551,1
0.4722222222222222,0.0,0.1539502789791673,0.2448979591836734,0
-0.9722222222222222,-1.0,-0.8941309826449646,0.3469387755102041,1
-0.8888888888888888,-1.0,0.7389591380809315,-0.2040816326530612,1
-0.6111111111111112,0.0,0.2963011874497892,-0.3877551020408163,0
-0.5277777777777778,0.0,-0.8183829112879263,-0.6530612244897959,0
-0.4166666666666667,0.0,0.0146697921137486,-0.3877551020408163,0
-0.3611111111111111,0.0,0.1903441293318806,0.2040816326530612,0
0.7222222222222222,0.0,-0.5789450515588718,-0.2244897959183673,0
0.2222222222222222,-1.0,0.0252787040399705,-0.3061224489795918,1
0.2777777777777778,-1.0,-0.6645646934530688,-0.3265306122448979,1
-0.3888888888888889,-1.0,0.8343182893679774,1.0,1
-0.6666666666666666,0.0,-0.6771545225439378,-0.8979591836734694,0
-0.7777777777777778,0.0,0.7254008605984571,-0.2653061224489796,0
-0.25,-1.0,0.9249122343645108,0.8571428571428571,1
0.25,-1.0,-0.3151639208953745,1.0,1
-0.1666666666666666,0.0,0.3311543244522213,-0.0612244897959183,0
-0.0555555555555555,0.0,-0.2966643555966412,-0.8979591836734694,0
-0.5833333333333334,-1.0,-0.1543794776981742,0.5306122448979592,1
-0.3611111111111111,0.0,0.3577426348399309,-0.5510204081632653,0
0.5,0.0,0.3939714087622569,-0.1836734693877551,0
-0.5833333333333334,0.0,-0.8397217911893207,0.2653061224489796,0
0.9722222222222222,0.0,-0.7137464646131159,0.5714285714285714,0
0.2777777777777778,-1.0,0.7669230853885349,-0.9387755102040816,1
0.8888888888888888,-1.0,0.6788052868478105,-0.5714285714285714,1
0.2777777777777778,0.0,0.820914083220531,-0.1632653061224489,0
0.25,0.0,0.4215831930183675,0.5918367346938775,0
0.9166666666666666,0.0,-0.8935917329723662,-0.7346938775510204,0
0.9444444444444444,0.0,-0.2097681226407826,0.1428571428571428,0
-0.5,0.0,0.2370387489407595,-0.4693877551020408,0
0.6944444444444444,0.0,-0.0897245424631604,0.3469387755102041,0
-0.1944444444444444,0.0,0.7059218418127593,-0.9183673469387756,0
-0.4444444444444444,-1.0,-0.5072138400079237,-0.8775510204081632,1
-0.0277777777777777,-1.0,0.4667481043723244,0.3877551020408163,1
0.9722222222222222,0.0,-0.5620632352779337,0.4489795918367347,0
0.6944444444444444,-1.0,-0.4770708838192083,0.7959183673469388,1
-0.0555555555555555,-1.0,0.7402687444286705,-0.2040816326530612,1
0.5555555555555556,0.0,0.1950543101455974,0.3265306122448979,0
-0.3888888888888889,-1.0,0.9306568941419876,-0.979591836734694,1
0.75,0.0,-0.7966588530489617,-0.5102040816326531,0
-0.5,0.0,0.5357610573695621,1.0,0
1.0,-1.0,-0.6502140491047355,-0.1428571428571428,1
0.8611111111111112,-1.0,-0.7437903749435989,-0.2653061224489796,1
-0.0833333333333333,-1.0,-0.1763016276536036,1.0,1
-0.7777777777777778,-1.0,-0.8323483772986893,-0.7755102040816326,1
-0.0833333333333333,-1.0,0.6355112417049094,-0.0204081632653061,1
0.5833333333333334,-1.0,-0.4998844464987289,-0.5714285714285714,1
-0.9166666666666666,-1.0,0.2400211297830895,0.4489795918367347,1
0.0833333333333333,-1.0,-0.3248153895253502,0.4285714285714285,1
-0.3888888888888889,-1.0,0.6369198939108808,0.3265306122448979,1
0.1944444444444444,-1.0,0.0751097758262075,-0.5510204081632653,1
0.5,-1.0,-0.4489418600812176,0.2244897959183673,1
0.8888888888888888,0.0,0.0064159705943852,-0.0204081632653061,0
0.9722222222222222,0.0,0.4547085300494128,-0.3877551020408163,0
-0.5,0.0,-0.8690943907028954,-0.2653061224489796,0
0.6666666666666666,0.0,0.7625760727216702,-0.8775510204081632,0
0.3055555555555556,-1.0,-0.4666820738001694,-0.1632653061224489,1
-0.25,0.0,-0.5284976944325223,-0.8775510204081632,0
-0.7222222222222222,-1.0,-0.4891324683328381,-0.5102040816326531,1
0.9166666666666666,-1.0,-0.964134394224526,0.0204081632653061,1
-0.5555555555555556,-1.0,-0.2349807961085983,0.2244897959183673,1
-0.1388888888888889,-1.0,-0.2010851024024123,0.7959183673469388,1
0.8888888888888888,-1.0,0.8899490464084872,0.5102040816326531,1
0.5833333333333334,0.0,0.3463413560478501,0.2857142857142857,0
0.9722222222222222,0.0,0.7491498563835055,-0.4489795918367347,0
0.8888888888888888,-1.0,0.5731123510185215,0.3469387755102041,1
-0.0555555555555555,0.0,-0.8353417632363784,-0.5510204081632653,0
0.4444444444444444,-1.0,0.8271539722891699,-0.3061224489795918,1
0.3611111111111111,-1.0,0.6769674359228323,0.8367346938775511,1
-0.8611111111111112,-1.0,-0.7955253282269691,0.8163265306122449,1
-0.5277777777777778,-1.0,-0.0381436605148183,-0.1428571428571428,1
-0.6111111111111112,-1.0,-0.4924339969405835,-0.6122448979591837,1
0.6944444444444444,-1.0,-0.1002234034357907,0.4285714285714285,1
0.0277777777777777,0.0,0.0661406231084992,0.979591836734694,0
0.3611111111111111,-1.0,-0.3054244115025257,0.8163265306122449,1
-0.3888888888888889,-1.0,0.2175597301550618,-0.5918367346938775,1
-0.5,-1.0,0.489924835198697,0.2244897959183673,1
0.0,0.0,0.7897256429726963,-0.3673469387755102,0
-0.8333333333333334,0.0,-0.6194217922898302,0.4897959183673469,0
0.9444444444444444,0.0,0.5475585195945722,-0.8979591836734694,0
1.0,-1.0,0.9742810921456636,0.4489795918367347,1
-0.4166666666666667,-1.0,0.9243949948826308,-0.3265306122448979,1
-0.3888888888888889,-1.0,0.9439290391451242,-0.1020408163265306,1
-0.4166666666666667,-1.0,-0.0451208909725202,0.2244897959183673,1
-1.0,-1.0,-0.935268029097472,0.1020408163265306,1
-0.0277777777777777,0.0,0.4543673720932792,0.8163265306122449,0
0.8888888888888888,-1.0,0.7897146378773372,0.1836734693877551,1
-0.2222222222222222,-1.0,-0.1847205256033543,-0.3265306122448979,1
0.8055555555555556,0.0,0.7357126349499818,-0.6530612244897959,0
0.7222222222222222,-1.0,0.2268700408289037,0.5102040816326531,1
0.0277777777777777,0.0,0.5128594539271683,0.3877551020408163,0
0.5277777777777778,0.0,-0.1445629326378113,-0.3469387755102041,0
0.9444444444444444,0.0,-0.0101577030164966,0.5918367346938775,0
-0.2222222222222222,-1.0,-0.1458395236994728,0.4081632653061224,1
-0.8055555555555556,-1.0,-0.3622877392232603,0.4489795918367347,1
-0.0277777777777777,0.0,-0.6024739454367372,-0.0612244897959183,0
0.0,0.0,-0.7090362837993991,0.0816326530612244,0
-0.9166666666666666,-1.0,0.6292603475409114,-0.4693877551020408,1
0.4722222222222222,0.0,0.4409191455643963,-0.9387755102040816,0
-0.8055555555555556,-1.0,-0.9268711413384396,0.4489795918367347,1
0.25,0.0,-0.2849769443252226,0.4285714285714285,0
0.8888888888888888,0.0,-0.6214577349312732,0.4489795918367347,0
-0.5277777777777778,0.0,-0.637228036580937,-0.6326530612244898,0
-0.8055555555555556,0.0,0.3380104988609726,0.8367346938775511,0
-0.5277777777777778,0.0,-0.6331451462026918,0.979591836734694,0
-0.9722222222222222,0.0,-0.1108763357434492,0.0816326530612244,0
0.8888888888888888,-1.0,0.2545038352757326,-0.8571428571428571,1
-0.6944444444444444,-1.0,-0.6956871031287486,-0.8571428571428571,1
-0.9444444444444444,-1.0,0.8108334158715486,-0.9591836734693876,1
0.6666666666666666,0.0,-0.340948859321866,-0.7755102040816326,0
0.8888888888888888,0.0,-0.0974721295960029,0.2653061224489796,0
-0.2222222222222222,0.0,0.4187989038925022,-0.6326530612244898,0
-0.1944444444444444,0.0,-0.2739828540614304,0.2040816326530612,0
0.5555555555555556,-1.0,-0.8656277856647628,-0.1020408163265306,1
-0.5,0.0,-0.2116169786611201,0.4489795918367347,0
0.7777777777777778,0.0,0.3410809204661758,0.8775510204081632,0
-0.8055555555555556,0.0,0.2229742370717642,0.8367346938775511,0
0.0,-1.0,-0.1771380149008991,-0.7551020408163265,1
-0.8055555555555556,0.0,0.3058976306029691,-0.3469387755102041,0
0.75,0.0,0.8037901548416917,0.8163265306122449,0
0.6666666666666666,-1.0,-0.5119790462984362,-0.8979591836734694,1
0.6388888888888888,-1.0,0.2466131819032211,-0.3469387755102041,1
-0.3333333333333333,-1.0,0.4681347463875774,-0.5510204081632653,1
-0.5277777777777778,-1.0,-0.2997457822972036,0.5510204081632653,1
-0.3888888888888889,0.0,0.1402379301616648,0.3469387755102041,0
0.5833333333333334,0.0,-0.0751427911122849,0.2244897959183673,0
0.5555555555555556,0.0,-0.8448721758174035,0.4285714285714285,0
1.0,0.0,0.6954009706494106,-0.3061224489795918,0
0.5833333333333334,0.0,-0.4087842671156745,0.7346938775510204,0
0.1944444444444444,-1.0,0.407144507907161,-0.7959183673469388,1
0.3611111111111111,-1.0,0.9880924868213984,0.1836734693877551,1
-0.0555555555555555,0.0,0.0245083473648299,0.6122448979591837,0
-0.6111111111111112,-1.0,0.0598236983723464,0.8775510204081632,1
-0.6111111111111112,-1.0,0.6013954460915404,-0.2653061224489796,1
0.6944444444444444,0.0,-0.9421792289830192,-0.7142857142857143,0
0.2777777777777778,0.0,-0.4171041192071929,-0.6122448979591837,0
-0.5277777777777778,0.0,0.1573728636358634,1.0,0
0.9166666666666666,0.0,-0.2265178777774109,-0.3265306122448979,0
-0.8333333333333334,-1.0,0.4451010818008738,0.1632653061224489,1
-0.3333333333333333,-1.0,-0.756237137794799,0.7959183673469388,1
0.3888888888888889,0.0,-0.8494833107728879,-0.8979591836734694,0
0.5833333333333334,-1.0,0.5155777124808787,0.8571428571428571,1
-0.4722222222222222,0.0,-0.1314558640650621,0.9183673469387756,0
0.75,0.0,-0.1825305116268832,-0.2040816326530612,0
-0.6388888888888888,-1.0,0.3371080810415222,0.7755102040816326,1
-0.1944444444444444,-1.0,0.1765547448468641,-0.7959183673469388,1
-0.3611111111111111,-1.0,-0.7394873826581707,0.8979591836734694,1
0.3333333333333333,-1.0,-0.3392540746365567,-0.6122448979591837,1
0.5277777777777778,0.0,0.2957399275864725,0.4081632653061224,0
0.3888888888888889,0.0,-0.1757403677902869,0.0612244897959183,0
0.8333333333333334,0.0,0.8728141129342886,-0.6938775510204082,0
-0.3333333333333333,-1.0,-0.8276271913896134,0.5306122448979592,1
-0.9722222222222222,-1.0,0.6837245644733512,-0.673469387755102,1
-0.9444444444444444,0.0,0.8790760121936456,0.5102040816326531,0
0.9444444444444444,-1.0,0.7463325519715628,0.3673469387755102,1
-0.5833333333333334,-1.0,-0.881277031265476,0.8571428571428571,1
-0.75,0.0,0.0564121188110095,0.979591836734694,0
0.0833333333333333,0.0,-0.1441667492048818,0.0,0
0.7777777777777778,-1.0,0.9882795734425038,-0.0816326530612244,1
-1.0,0.0,-0.0763203363157141,-0.3877551020408163,0
-0.1944444444444444,-1.0,-0.8075318872638031,-0.1836734693877551,1
-0.1388888888888889,-1.0,0.0892953437441535,-0.1428571428571428,1
-0.75,0.0,-0.7159474836849461,-0.1836734693877551,0
-0.9166666666666666,-1.0,0.0057006393960403,-0.4897959183673469,1
0.5,-1.0,0.8468310827913323,-0.4081632653061224,1
-0.1388888888888889,0.0,0.435735745650236,-0.7755102040816326,0
-0.7222222222222222,0.0,0.0510526373711028,0.9387755102040816,0
-0.2777777777777778,-1.0,0.8106353241550838,-0.6530612244897959,1
0.0555555555555555,-1.0,0.1851057039409246,0.6326530612244898,1
-0.3611111111111111,-1.0,0.2598523116202801,0.5714285714285714,1
0.9722222222222222,-1.0,0.7351073547052285,-0.3265306122448979,1
-0.8611111111111112,0.0,-0.3877425247889773,0.5306122448979592,0
0.8055555555555556,-1.0,0.7501513200611883,0.2448979591836734,1
0.3611111111111111,-1.0,-0.2567048543475629,-0.8367346938775511,1
0.75,-1.0,-0.602528970913533,0.2653061224489796,1
0.6111111111111112,-1.0,0.2656299866838346,-0.8979591836734694,1
-0.3611111111111111,-1.0,0.894373094742866,-0.8775510204081632,1
-1.0,0.0,-0.5464690151540164,-0.3265306122448979,0
-0.6944444444444444,-1.0,0.3145036151738254,-0.6122448979591837,1
0.8055555555555556,-1.0,0.5505078851508248,-0.4693877551020408,1
-1.0,0.0,0.64341290017278,0.4693877551020408,0
0.2222222222222222,-1.0,-0.4300461113495548,-0.5714285714285714,1
0.9444444444444444,0.0,-0.8508149273113451,-0.6326530612244898,0
-0.8888888888888888,-1.0,0.4670892623284581,-0.3265306122448979,1
0.3611111111111111,-1.0,0.1905532261437045,0.3265306122448979,1
0.8888888888888888,-1.0,0.952204870855206,-0.4897959183673469,1
0.4444444444444444,-1.0,0.6089229313171999,-0.3877551020408163,1
0.6666666666666666,-1.0,-0.124324562272332,-0.8571428571428571,1
-0.1944444444444444,-1.0,-0.4085091397316958,0.6326530612244898,1
-0.4444444444444444,-1.0,-0.4632264738573959,-0.5306122448979592,1
-0.6944444444444444,-1.0,0.6374591435834791,0.5918367346938775,1
-0.1944444444444444,0.0,-0.8261304984207688,-0.1632653061224489,0
0.8333333333333334,-1.0,0.2403732928345824,-0.2857142857142857,1
-0.8611111111111112,-1.0,-0.1523325299613721,-0.8775510204081632,1
0.6944444444444444,0.0,-0.3408388083682745,-0.4081632653061224,0
0.0555555555555555,-1.0,0.0213388799013943,0.2653061224489796,1
-0.0555555555555555,-1.0,0.4903210186316264,-0.7755102040816326,1
0.3611111111111111,0.0,-0.5048917648871427,0.1836734693877551,0
0.3611111111111111,0.0,-0.3605489341565144,-0.8979591836734694,0
0.7777777777777778,-1.0,-0.5275402511362761,-0.6938775510204082,1
0.1666666666666666,-1.0,-0.5143231316099354,0.6938775510204082,1
0.8888888888888888,-1.0,0.3020128319411888,-0.2653061224489796,1
-0.8333333333333334,-1.0,-0.6721802194416014,0.7959183673469388,1
0.8611111111111112,-1.0,-0.4468508919629788,0.4285714285714285,1
-0.4444444444444444,-1.0,-0.4301231470170689,-0.1224489795918367,1
0.9444444444444444,0.0,0.3237368901801534,-0.0408163265306122,0
-0.1111111111111111,0.0,0.5966632550871054,-0.1020408163265306,0
0.1111111111111111,-1.0,-0.92362463820749,-0.5306122448979592,1
-0.0833333333333333,0.0,0.4520012765910616,-0.1224489795918367,0
0.9722222222222222,0.0,0.8229720360526924,-0.2448979591836734,0
-0.8055555555555556,0.0,0.3225703500720834,0.9183673469387756,0
0.8333333333333334,-1.0,0.0442845037252247,0.7346938775510204,1
0.5833333333333334,-1.0,-0.0549374360328832,-0.3877551020408163,1
0.4444444444444444,-1.0,-0.458065084133954,-1.020408163265306,1
-0.0555555555555555,0.0,-0.5874519902714957,-0.1428571428571428,0
0.9166666666666666,0.0,0.7716772865836883,0.9183673469387756,0
-0.9722222222222222,-1.0,-0.4832007219342555,0.9387755102040816,1
0.5555555555555556,0.0,0.8822784949431587,-0.7959183673469388,0
0.8888888888888888,0.0,-0.5885855150934883,-0.2448979591836734,0
0.2777777777777778,-1.0,0.0874024673423795,0.3061224489795918,1
0.8333333333333334,0.0,0.1047905180098385,-0.6122448979591837,0
-0.5555555555555556,0.0,0.1540493248373997,-0.4897959183673469,0
0.3055555555555556,-1.0,-0.5074339419151067,-0.7142857142857143,1
-0.2222222222222222,0.0,-0.8721538072127395,0.7755102040816326,0
-0.2777777777777778,0.0,-0.6367658225758526,-0.4489795918367347,0
0.25,-1.0,0.0750327401586934,-0.2244897959183673,1
-1.0,0.0,0.3075704050975602,-0.8367346938775511,0
-0.7222222222222222,-1.0,0.4175663332122772,-0.5510204081632653,1
-0.25,0.0,0.6274224966159332,0.4285714285714285,0
0.4166666666666667,-1.0,0.97964057358557,0.5306122448979592,1
-0.1666666666666666,-1.0,-0.0132941551938547,-0.4693877551020408,1
0.1666666666666666,0.0,0.9366876863988026,-0.1836734693877551,0
0.1111111111111111,-1.0,-0.8511230699814014,0.8163265306122449,1
0.8888888888888888,0.0,0.2095700309243179,-0.3469387755102041,0
0.3333333333333333,0.0,-0.7769267170700034,-0.9591836734693876,0
-0.5,-1.0,-0.0409499598314019,0.5306122448979592,1
-0.4166666666666667,0.0,-0.2563416862007109,0.1632653061224489,0
-0.5,-1.0,-0.0460123036966115,-0.5306122448979592,1
-0.0833333333333333,-1.0,0.6057864791398417,0.1632653061224489,1
-0.5,-1.0,-0.4878558772711766,-0.9183673469387756,1
-0.1111111111111111,-1.0,0.6420372632528861,-0.6530612244897959,1
0.3611111111111111,0.0,-0.1851277141316429,-0.3061224489795918,0
-0.4444444444444444,-1.0,0.3938613578086654,-0.9591836734693876,1
-0.1944444444444444,0.0,0.4705558673665907,-0.0816326530612244,0
0.9722222222222222,-1.0,-0.059724652514114,-0.1632653061224489,1
0.5833333333333334,-1.0,0.1137596707275468,-0.0816326530612244,1
-0.3611111111111111,0.0,0.2053990997831996,0.4897959183673469,0
0.0555555555555555,0.0,-0.6344767627411492,0.3673469387755102,0
-0.3055555555555556,0.0,0.7947549715518285,0.7959183673469388,0
-0.1944444444444444,-1.0,0.2589608988961889,0.2653061224489796,1
0.9166666666666666,-1.0,0.4401487888892557,0.5102040816326531,1
-0.7777777777777778,0.0,-0.7044691692253513,-0.4693877551020408,0
0.3611111111111111,0.0,-0.3807762994266345,0.5918367346938775,0
0.8333333333333334,0.0,-0.4994662528750812,0.9183673469387756,0
0.9444444444444444,-1.0,-0.2427724036228774,1.0,1
-0.2222222222222222,-1.0,0.9420691780294276,0.8367346938775511,1
0.2222222222222222,-1.0,0.0200512837443736,-0.5714285714285714,1
0.3888888888888889,-1.0,0.2213014625771732,0.3469387755102041,1
1.0,-1.0,0.3664256550783012,-0.8367346938775511,1
0.0833333333333333,0.0,0.3195989743251125,-0.6122448979591837,0
-0.7222222222222222,0.0,-0.7623669759098463,-0.5510204081632653,0
0.0555555555555555,-1.0,-0.7998943510845522,-1.0,1
0.1111111111111111,-1.0,0.1172152706703203,0.3469387755102041,1
-0.25,0.0,-0.159529862326257,0.4285714285714285,0
-0.8055555555555556,-1.0,0.7213840007923669,-0.6938775510204082,1
0.3888888888888889,-1.0,0.0719513134581311,-0.1836734693877551,1
1.0,-1.0,-0.9390867971870976,-0.3469387755102041,1
0.3055555555555556,0.0,0.7674733401564925,0.3061224489795918,0
0.4722222222222222,0.0,0.9614051305754564,0.6122448979591837,0
-0.4444444444444444,0.0,-0.768529829310971,0.979591836734694,0
0.6388888888888888,0.0,-0.9484741435284536,-0.8163265306122449,0
0.6944444444444444,-1.0,0.2704722286418611,0.6530612244897959,1
0.6666666666666666,-1.0,0.2342654649102534,0.1632653061224489,1
0.7222222222222222,-1.0,0.1674755411755643,-0.0408163265306122,1
0.8055555555555556,-1.0,0.391143099254955,-0.2653061224489796,1
0.9444444444444444,0.0,0.6600085839743801,-0.4081632653061224,0
0.9444444444444444,0.0,0.2703071522114739,0.5510204081632653,0
-0.2222222222222222,-1.0,0.2843716640804692,0.1836734693877551,1
0.4722222222222222,0.0,0.5574521003224493,0.8367346938775511,0
-0.0277777777777777,0.0,-0.7423046870701134,-0.8775510204081632,0
0.0277777777777777,-1.0,-0.6217878877920477,0.3673469387755102,1
0.2222222222222222,0.0,0.3116092750943687,-0.8775510204081632,0
0.8333333333333334,0.0,0.4990150439653559,0.6938775510204082,0
0.8055555555555556,-1.0,0.3600977252467893,1.0,1
0.5277777777777778,0.0,0.0132171195263406,-0.1020408163265306,0
0.2777777777777778,0.0,-0.5170854105450824,0.4489795918367347,0
-0.7222222222222222,0.0,0.8188341201976516,0.8367346938775511,0
-0.9166666666666666,0.0,-0.4289125865275622,-0.4693877551020408,0
0.4166666666666667,-1.0,0.1716354672213234,-0.7142857142857143,1
0.0833333333333333,0.0,0.7916515346605478,-0.8571428571428571,0
-0.5,0.0,0.0942916570372082,-0.7551020408163265,0
-0.5833333333333334,0.0,-0.7168278913136782,0.0204081632653061,0
-0.4722222222222222,0.0,0.9737528475684242,-0.3265306122448979,0
0.2777777777777778,0.0,0.8620291194823203,-1.020408163265306,0
0.8333333333333334,-1.0,0.3535166782220167,-0.0408163265306122,1
0.2222222222222222,0.0,0.9124874817040288,0.0204081632653061,0
0.9722222222222222,0.0,0.0512067087061309,0.2653061224489796,0
0.1388888888888889,0.0,0.9076342346506432,0.4285714285714285,0
-0.8888888888888888,-1.0,-0.930965036812044,-0.7959183673469388,1
0.7777777777777778,-1.0,0.9200699924064842,0.7142857142857143,1
0.6111111111111112,-1.0,0.1691923360515919,-0.0204081632653061,1
-0.1944444444444444,-1.0,0.4986408707231448,0.8163265306122449,1
0.5277777777777778,-1.0,0.4573057325541725,0.0,1
-1.0,0.0,-0.1078609396150417,-0.2857142857142857,0
0.7777777777777778,-1.0,-0.6710466946196089,0.7346938775510204,1
0.8055555555555556,0.0,-0.9253414330835176,-0.5102040816326531,0
-0.3333333333333333,-1.0,-0.8747510097174992,-0.2448979591836734,1
-0.8611111111111112,0.0,0.3850682866167035,0.9387755102040816,0
-0.5277777777777778,-1.0,0.0468707011346253,-0.1224489795918367,1
-0.7222222222222222,0.0,-0.6382405053539789,0.2244897959183673,0
0.3611111111111111,0.0,0.8388303784652295,0.1632653061224489,0
0.1944444444444444,-1.0,-0.6275545577602429,0.4081632653061224,1
-0.2222222222222222,-1.0,-0.500984956034644,-0.4693877551020408,1
0.3888888888888889,-1.0,0.8926562998668384,0.1428571428571428,1
-0.5,0.0,0.1802964772689755,0.9591836734693876,0
0.4166666666666667,-1.0,-0.860180263461983,0.8571428571428571,1
-0.1111111111111111,0.0,0.4068143550463864,0.8367346938775511,0
-0.6944444444444444,-1.0,-0.5814432082053991,0.1224489795918367,1
-0.4444444444444444,0.0,0.0663387148249639,0.2653061224489796,0
0.9444444444444444,-1.0,-0.1839501689282137,-0.9387755102040816,1
-0.9166666666666666,0.0,-0.2883004831236863,0.9591836734693876,0
0.9444444444444444,-1.0,-0.1749259907337097,0.1020408163265306,1
0.0833333333333333,0.0,0.0295486810393212,0.2040816326530612,0
0.5,0.0,-0.0139764711061221,0.9183673469387756,0
-0.6944444444444444,-1.0,0.7526494767077156,0.979591836734694,1
-0.6666666666666666,-1.0,-0.3308791970682426,-0.3469387755102041,1
0.2777777777777778,-1.0,0.3992978749160861,0.2653061224489796,1
0.3055555555555556,-1.0,-0.043283040047542,0.7551020408163265,1
0.9444444444444444,0.0,-0.924780173220201,0.5918367346938775,0
-0.5277777777777778,0.0,-0.059867718753783,0.8163265306122449,0
0.0,-1.0,-0.3803691108983459,0.7755102040816326,1
0.4444444444444444,-1.0,-0.1797572275963771,-0.9591836734693876,1
-0.8888888888888888,0.0,-0.3335754454312347,-0.4081632653061224,0
0.0,0.0,-0.092607877447258,0.4489795918367347,0
0.9166666666666666,-1.0,0.4734942278274841,0.9591836734693876,1
0.3333333333333333,-1.0,-0.3308461817821651,-0.8571428571428571,1
0.6388888888888888,0.0,-0.4667591094676835,-0.979591836734694,0
0.5,-1.0,-0.4235971254690922,-0.3061224489795918,1
0.2777777777777778,-1.0,0.2285538204188539,-0.979591836734694,1
-0.1944444444444444,-1.0,-0.4918837421726259,0.6326530612244898,1
-0.2222222222222222,-1.0,0.070344569535695,-0.3469387755102041,1
0.1111111111111111,0.0,-0.432753364807906,0.6938775510204082,0
0.6111111111111112,0.0,-0.7759032432016023,0.3265306122448979,0
-0.3055555555555556,0.0,0.6646417291205828,-0.4897959183673469,0
-0.6388888888888888,0.0,0.8380380115993705,-0.0816326530612244,0
0.4722222222222222,0.0,0.4576358854149471,-0.5306122448979592,0
-0.2777777777777778,-1.0,-0.8698537422826769,0.5306122448979592,1
0.7777777777777778,-1.0,-0.6778258333608461,0.2040816326530612,1
-0.8333333333333334,0.0,-0.3284580760892293,0.2040816326530612,0
-1.0,-1.0,-0.7844762124863812,-0.5918367346938775,1
0.4444444444444444,-1.0,0.5313039937491059,0.1836734693877551,1
-0.0833333333333333,0.0,-0.6044878778874619,0.1632653061224489,0
-0.2777777777777778,-1.0,0.3101566025069607,0.4285714285714285,1
-0.3333333333333333,-1.0,-0.5581454213300758,0.9183673469387756,1
-0.6944444444444444,-1.0,0.1167090362837994,-0.2653061224489796,1
-0.8333333333333334,0.0,-0.6403975040443726,-0.3469387755102041,0
0.3611111111111111,-1.0,-0.5919420691780294,0.0,1
0.1944444444444444,0.0,0.9108697326862336,-0.3673469387755102,0
0.1388888888888889,-1.0,0.6996159221719657,-0.5306122448979592,1
0.8611111111111112,-1.0,0.6504781713933552,0.9591836734693876,1
-0.7222222222222222,-1.0,-0.4770158583424125,-0.1020408163265306,1
0.3055555555555556,0.0,0.4437144397856207,0.8163265306122449,0
-0.3888888888888889,0.0,0.3602628016771765,0.0408163265306122,0
0.25,0.0,0.1245446641795151,0.6938775510204082,0
0.0277777777777777,-1.0,0.124973862898522,0.3061224489795918,1
-0.6944444444444444,0.0,-0.8168091826515677,0.9387755102040816,0
-0.8611111111111112,0.0,-0.741545335490332,-1.020408163265306,0
0.3611111111111111,-1.0,-0.0976812264078268,-0.2653061224489796,1
0.2222222222222222,-1.0,-0.8316440511957036,-0.2244897959183673,1
0.8611111111111112,0.0,0.1033378454224305,0.0204081632653061,0
-0.5277777777777778,-1.0,0.1984768948022934,-0.979591836734694,1
0.6666666666666666,-1.0,0.8128473483222732,-0.7551020408163265,1
-0.4722222222222222,0.0,0.1933485203649289,-0.979591836734694,0
0.1944444444444444,-1.0,0.1941739025168653,0.8775510204081632,1
-0.5,0.0,0.4265134757392673,0.673469387755102,0
0.3888888888888889,0.0,0.8533681094346682,-0.1836734693877551,0
0.3611111111111111,-1.0,-0.6891500764854127,0.9387755102040816,1
-0.5,-1.0,-0.5257574256880936,-0.7551020408163265,1
0.8333333333333334,-1.0,-0.169566509293803,0.9183673469387756,1
-0.4166666666666667,-1.0,-0.0285252071709201,0.4693877551020408,1
0.2777777777777778,0.0,0.3256297665819274,-0.1020408163265306,0
0.4166666666666667,0.0,0.6793775518064864,-1.0,0
-0.8055555555555556,-1.0,-0.8451913235828189,0.1020408163265306,1
-0.8333333333333334,0.0,0.1778533460992439,0.8163265306122449,0
-0.2222222222222222,0.0,0.0405427713031133,-0.2040816326530612,0
-0.25,0.0,0.812616241319731,-0.8571428571428571,0
0.5,-1.0,0.9610859828100412,-0.4693877551020408,1
-0.8055555555555556,-1.0,0.0830114342940781,0.4897959183673469,1
1.0,0.0,-0.4048334378817392,-0.4081632653061224,0
0.1666666666666666,-1.0,0.9469884556549684,-0.9183673469387756,1
0.3055555555555556,0.0,0.0048422419580265,0.979591836734694,0
-0.4166666666666667,-1.0,-0.104317298909395,-0.1020408163265306,1
-0.9444444444444444,-1.0,0.1270758361121199,0.0,1
-0.3888888888888889,0.0,-0.2466792124753761,0.1428571428571428,0
-0.8888888888888888,0.0,-0.0438553050062178,0.5714285714285714,0
0.25,-1.0,-0.6080755389745452,0.8571428571428571,1
0.8055555555555556,-1.0,-0.3704865352658281,0.5102040816326531,1
-0.2222222222222222,-1.0,0.873067230127549,0.0612244897959183,1
0.5,-1.0,0.8195714615867147,0.3061224489795918,1
0.0277777777777777,-1.0,0.4698625463589642,0.7755102040816326,1
-0.8611111111111112,0.0,-0.6380864340189508,-0.7755102040816326,0
1.0,0.0,-0.1512100102347386,-0.2244897959183673,0
-0.1388888888888889,-1.0,-0.0457922017894285,-1.020408163265306,1
0.3333333333333333,0.0,-0.824908932835903,-1.0,0
-0.3055555555555556,-1.0,-0.2354209999229643,0.0204081632653061,1
-0.5277777777777778,0.0,0.5005667624109963,0.0,0
0.0,-1.0,-0.7132842506080315,0.6938775510204082,1
-0.0555555555555555,-1.0,-0.0127218902351788,0.3469387755102041,1
0.6388888888888888,0.0,-0.879901394345582,-0.6326530612244898,0
-0.7222222222222222,-1.0,0.6271363641365952,0.0612244897959183,1
-0.9722222222222222,-1.0,-0.6924185898070807,0.0408163265306122,1
0.6388888888888888,-1.0,-0.5511571857770148,-0.2040816326530612,1
0.25,0.0,-0.272937370002311,-0.6326530612244898,0
-0.8611111111111112,-1.0,0.1001793830543541,-0.3877551020408163,1
-0.7222222222222222,0.0,-0.2262537554887913,0.9387755102040816,0
-0.3888888888888889,0.0,0.6281818481957147,-0.0408163265306122,0
0.0277777777777777,0.0,-0.3306480900657004,-0.2653061224489796,0
-0.8333333333333334,0.0,-0.1588805617000671,0.5102040816326531,0
0.4722222222222222,0.0,-0.677968899600515,0.0408163265306122,0
0.1388888888888889,-1.0,0.0958323703874894,-0.4897959183673469,1
0.5833333333333334,0.0,-0.3700243212607437,-0.673469387755102,0
0.6111111111111112,0.0,0.5471623361616429,0.9183673469387756,0
0.5277777777777778,-1.0,0.6544179955319313,-1.020408163265306,1
0.9722222222222222,0.0,-0.83960073514037,-0.1632653061224489,0
0.0277777777777777,-1.0,0.4919057523633442,-0.8367346938775511,1
-0.1388888888888889,0.0,0.2841845774593637,-0.1020408163265306,0
0.8888888888888888,-1.0,0.7674623350611333,-0.5510204081632653,1
0.7777777777777778,0.0,-0.623845840624209,0.9591836734693876,0
0.3888888888888889,0.0,0.2371818151804285,0.5510204081632653,0
0.8055555555555556,0.0,0.8270659315262967,-0.3877551020408163,0
-0.1388888888888889,-1.0,-0.3078785477676164,-0.7959183673469388,1
0.2777777777777778,0.0,0.0148678838302133,0.4897959183673469,0
-0.6388888888888888,-1.0,-0.0458802425523017,0.1224489795918367,1
-0.75,-1.0,-0.8371135835892018,-0.8775510204081632,1
0.3888888888888889,0.0,-0.1195373457911012,-0.979591836734694,0
0.3055555555555556,0.0,0.8662440710048752,0.5306122448979592,0
0.7777777777777778,0.0,0.3055344624561172,-0.0408163265306122,0
0.4166666666666667,-1.0,-0.7116114761134406,0.1836734693877551,1
-0.4166666666666667,0.0,-0.0375603904607833,0.0,0
-0.75,-1.0,0.2387555438167871,-0.3877551020408163,1
0.7222222222222222,-1.0,0.8275171404360219,-0.7755102040816326,1
0.5833333333333334,-1.0,-0.0092332750063279,-0.5102040816326531,1
-0.7222222222222222,-1.0,0.1031727689920433,0.7755102040816326,1
0.6388888888888888,-1.0,0.1152233484103139,0.3469387755102041,1
-0.6944444444444444,0.0,0.1536861566905477,-0.4693877551020408,0
-0.3055555555555556,0.0,0.1491410523072182,0.8775510204081632,0
0.5833333333333334,0.0,0.9602275853720272,0.6122448979591837,0
0.3333333333333333,0.0,-0.4594627312445662,0.979591836734694,0
-0.4166666666666667,0.0,-0.3274566124115465,0.5714285714285714,0
0.4166666666666667,-1.0,-0.5244918397217911,0.4081632653061224,1
0.6944444444444444,-1.0,-0.0899006239889068,-0.5714285714285714,1
0.6111111111111112,0.0,0.5255043084948331,0.5714285714285714,0
-0.9722222222222222,-1.0,0.3426766592932527,0.6326530612244898,1
0.8611111111111112,0.0,0.2699659942553402,0.3877551020408163,0
0.1666666666666666,0.0,-0.9424103359855612,-0.4489795918367347,0
0.1666666666666666,0.0,-0.9185732994376395,0.7346938775510204,0
0.4166666666666667,0.0,-0.8555691285064985,0.9591836734693876,0
0.0,0.0,-0.8966511494822103,0.2040816326530612,0
-0.4722222222222222,-1.0,-0.7209768122640783,0.4489795918367347,1
0.1666666666666666,0.0,0.0020029273553655,0.2857142857142857,0
0.6111111111111112,-1.0,-0.3423244962417599,0.2448979591836734,1
-0.7777777777777778,-1.0,-0.515456656431928,0.1836734693877551,1
0.8333333333333334,-1.0,-0.8926783100575566,-0.0816326530612244,1
-0.2777777777777778,-1.0,-0.2952226881045924,-0.4693877551020408,1
0.6666666666666666,-1.0,-0.7279210274357027,0.5714285714285714,1
-0.3055555555555556,0.0,-0.4972432236125326,0.3673469387755102,0
-0.9166666666666666,0.0,-0.0944787436583138,-0.3673469387755102,0
0.3055555555555556,-1.0,0.4955374338318641,-0.3673469387755102,1
0.1666666666666666,-1.0,-0.609517206466594,-0.5714285714285714,1
0.4166666666666667,-1.0,0.8572308979057304,-0.2040816326530612,1
0.75,0.0,0.0248715155116819,-0.3673469387755102,0
0.1666666666666666,-1.0,-0.5762047828144431,-0.979591836734694,1
-0.8055555555555556,-1.0,0.6073932230622778,0.1224489795918367,1
0.0555555555555555,-1.0,0.6619344756622316,0.3469387755102041,1
0.9722222222222222,-1.0,-0.7558409543618696,-0.2448979591836734,1
0.5277777777777778,-1.0,0.4144408861302783,-0.6122448979591837,1
-0.4722222222222222,0.0,-0.2962901823544301,0.2857142857142857,0
-0.4722222222222222,-1.0,0.652866277086291,-1.020408163265306,1
1.0,-1.0,-0.7080678354077938,0.8163265306122449,1
0.4166666666666667,0.0,0.2475926353901856,-0.4489795918367347,0
-0.0277777777777777,-1.0,-0.1693023870051834,0.1632653061224489,1
-0.8888888888888888,-1.0,-0.4488648244137035,-0.1836734693877551,1
-0.2222222222222222,0.0,0.7340398604553908,-0.5102040816326531,0
0.2777777777777778,-1.0,0.9361484367262042,-0.0612244897959183,1
-0.75,-1.0,0.6743922436087909,-1.0,1
0.8055555555555556,0.0,0.6880385618541385,-1.020408163265306,0
0.1388888888888889,-1.0,0.9199489363575336,-0.2040816326530612,1
-0.4444444444444444,0.0,-0.9022197277339408,0.673469387755102,0
-0.4166666666666667,0.0,-0.3298006977230457,-0.4285714285714285,0
0.8611111111111112,-1.0,0.7637536179250993,-0.5918367346938775,1
0.0,-1.0,-0.1193612642653548,-0.8979591836734694,1
-0.6666666666666666,0.0,-0.5228410754179185,0.0816326530612244,0
0.0,0.0,0.7852245589708035,0.6122448979591837,0
0.8055555555555556,-1.0,-0.7411491520574026,-0.979591836734694,1
0.6388888888888888,-1.0,-0.5895649685804527,-0.8163265306122449,1
0.6666666666666666,-1.0,-0.4043051933045,0.7346938775510204,1
0.8888888888888888,-1.0,-0.2923063378344173,-0.3469387755102041,1
-0.8611111111111112,-1.0,-0.954174782924494,-0.3061224489795918,1
1.0,0.0,0.6558706681193393,0.8571428571428571,0
0.9722222222222222,-1.0,0.0382096910869732,-0.2653061224489796,1
-0.9166666666666666,-1.0,-0.205575181308946,0.9591836734693876,1
0.0,-1.0,0.1625012380732279,-0.7346938775510204,1
0.0,-1.0,-0.8295860983635424,-0.9591836734693876,1
0.3333333333333333,-1.0,0.7588123301088404,0.979591836734694,1
-0.5833333333333334,-1.0,0.6200160674392243,0.979591836734694,1
-0.8611111111111112,-1.0,0.5930425787139445,0.4285714285714285,1
0.1666666666666666,0.0,-0.7291205828298503,-0.6530612244897959,0
0.7222222222222222,-1.0,-0.7119856493556517,0.5510204081632653,1
-0.5555555555555556,0.0,0.0581289136870371,-0.3469387755102041,0
-0.25,0.0,0.9047839149526232,0.5306122448979592,0
-0.1388888888888889,-1.0,0.0029823808423299,0.1428571428571428,1
0.8888888888888888,-1.0,-0.2431245666743702,-0.4081632653061224,1
-0.8333333333333334,-1.0,-0.9100443505342972,0.0816326530612244,1
-0.6111111111111112,0.0,0.3190267093664367,-0.4081632653061224,0
0.1666666666666666,-1.0,0.1946581267126679,0.4489795918367347,1
0.8611111111111112,-1.0,-0.9545929765481418,-0.4693877551020408,1
-0.4444444444444444,0.0,0.6605258234562602,-0.5102040816326531,0
0.3611111111111111,0.0,0.9302717158044176,0.2653061224489796,0
-0.4722222222222222,-1.0,-0.2277174331715584,0.8775510204081632,1
-0.4444444444444444,0.0,0.0997721945260655,-1.020408163265306,0
-0.25,0.0,0.2609968415376319,0.8979591836734694,0
0.8055555555555556,-1.0,-0.5518835220707188,-0.8775510204081632,1
0.0555555555555555,-1.0,0.1854358568016992,0.3469387755102041,1
-0.0833333333333333,-1.0,0.3534726578405802,-0.2448979591836734,1
-0.1111111111111111,-1.0,-0.5244588244357138,0.8163265306122449,1
0.0555555555555555,-1.0,0.5325585746200491,-0.3877551020408163,1
0.8055555555555556,-1.0,0.90806343336965,0.5918367346938775,1
-0.0277777777777777,0.0,0.0992659601395446,-0.3877551020408163,0
0.9722222222222222,0.0,-0.2081393685276283,-0.7551020408163265,0
0.6111111111111112,0.0,0.0118744978925242,0.1836734693877551,0
0.8888888888888888,0.0,-0.4354276029801798,-0.5918367346938775,0
-0.0277777777777777,-1.0,-0.7337317177853346,0.2040816326530612,1
0.3611111111111111,-1.0,0.9278065744439676,0.1020408163265306,1
-0.3611111111111111,0.0,-0.3997380787304522,-0.9591836734693876,0
0.4444444444444444,-1.0,-0.8711193282489793,0.673469387755102,1
1.0,-1.0,0.2818625023385828,-0.7346938775510204,1
0.0555555555555555,-1.0,0.2906445684351855,-0.2040816326530612,1
-0.3333333333333333,-1.0,0.8597400596476168,0.3061224489795918,1
-0.75,0.0,-0.8655507499972487,-0.2448979591836734,0
0.8611111111111112,-1.0,0.6348069156019237,0.7142857142857143,1
0.0,0.0,0.5375658930084629,0.0,0
0.9444444444444444,-1.0,0.5951995774043382,-0.7346938775510204,1
-0.75,-1.0,-0.2358281884512529,0.3265306122448979,1
0.3055555555555556,-1.0,-0.5782957509326818,0.2448979591836734,1
0.6111111111111112,0.0,-0.3394301561623031,-0.5714285714285714,0
-0.0555555555555555,0.0,-0.8301363531314999,0.2244897959183673,0
0.8333333333333334,-1.0,-0.2768221686640915,0.1224489795918367,1
0.3333333333333333,0.0,-0.2121012028569227,0.4285714285714285,0
-0.9444444444444444,0.0,0.5634718874839051,0.7959183673469388,0
-0.25,-1.0,0.2367416113660624,-0.3061224489795918,1
-0.6388888888888888,-1.0,0.0723474968910605,0.7959183673469388,1
0.25,-1.0,-0.0630591964079368,0.6326530612244898,1
-1.0,0.0,0.3219870800180484,-0.6326530612244898,0
-0.2222222222222222,0.0,-0.8622932417709399,-0.979591836734694,0
-0.8888888888888888,0.0,0.6312192545148404,0.8775510204081632,0
-0.1944444444444444,-1.0,-0.8278362882014373,-0.3265306122448979,1
0.8055555555555556,0.0,0.276866189045528,-0.8571428571428571,0
-0.5,0.0,-0.294100168377959,-0.6938775510204082,0
-0.1944444444444444,-1.0,0.2572000836387247,-0.2653061224489796,1
0.6944444444444444,0.0,0.0709608548758075,0.5102040816326531,0
0.3333333333333333,0.0,0.3247383538578361,-0.673469387755102,0
0.5,-1.0,-0.4116345868136947,0.7755102040816326,1
0.4722222222222222,0.0,0.0897575577492379,0.3877551020408163,0
-1.0,-1.0,-0.7376715419239108,-0.2040816326530612,1
-0.8888888888888888,0.0,0.9877293186745464,-0.8775510204081632,0
0.8888888888888888,-1.0,-0.3468145751482936,0.1020408163265306,1
-0.1388888888888889,0.0,-0.6828661670353373,-0.2857142857142857,0
0.5833333333333334,0.0,-0.0014306623966896,-0.3061224489795918,0
-0.8333333333333334,-1.0,-0.1315769201140127,0.5306122448979592,1
0.2222222222222222,-1.0,-0.5097009915590919,0.5306122448979592,1
-0.8888888888888888,0.0,0.6938822674898478,0.3265306122448979,0
0.9722222222222222,-1.0,0.3354463116422904,-0.0408163265306122,1
0.8888888888888888,0.0,-0.9325827858298392,-0.2448979591836734,0
0.8611111111111112,0.0,0.9231624242024056,0.1020408163265306,0
-0.0277777777777777,-1.0,-0.6449976339044978,0.7551020408163265,1
0.1666666666666666,-1.0,0.0394862821486348,0.4897959183673469,1
-0.7222222222222222,0.0,0.8383791695555042,0.1020408163265306,0
0.5833333333333334,0.0,0.984856988785808,-0.4081632653061224,0
-0.0277777777777777,-1.0,-0.6566080095084024,0.2857142857142857,1
0.9722222222222222,0.0,0.1797462225010179,-0.2653061224489796,0
-0.9722222222222222,0.0,0.1822443791475453,0.7959183673469388,0
0.8611111111111112,0.0,-0.97912333410369,0.0612244897959183,0
-0.0833333333333333,-1.0,-0.4843012314701707,-0.7755102040816326,1
0.7777777777777778,-1.0,0.1217823852443681,-0.3265306122448979,1
0.3888888888888889,0.0,0.7193370530555647,-0.1428571428571428,0
-0.9444444444444444,-1.0,0.9481219804769608,-0.1020408163265306,1
0.9722222222222222,-1.0,-0.972949475607206,0.9591836734693876,1
-0.6111111111111112,0.0,-0.8891896948287057,0.7959183673469388,0
-0.25,-1.0,-0.1545005337471249,0.1836734693877551,1
-0.6388888888888888,0.0,0.7318608515742789,0.2857142857142857,0
-0.5,-1.0,-0.5980278869116401,0.0612244897959183,1
0.4722222222222222,-1.0,0.8039112108906423,-0.8163265306122449,1
-1.0,-1.0,0.8490761222445993,-0.2448979591836734,1
1.0,-1.0,0.4553358204848845,0.5102040816326531,1
-0.5,-1.0,-0.8294650423145916,-0.7346938775510204,1
-0.7222222222222222,0.0,0.0166507092783958,0.9387755102040816,0
0.1666666666666666,0.0,-0.7475100971749921,-0.1632653061224489,0
-0.25,0.0,0.5749722121342181,0.0204081632653061,0
0.9722222222222222,0.0,-0.8870877216151078,-0.2653061224489796,0
-0.5277777777777778,0.0,-0.977747697183796,0.8775510204081632,0
0.0555555555555555,0.0,-0.5209922193975811,0.1632653061224489,0
0.75,0.0,-0.1859200809975018,0.9591836734693876,0
0.9166666666666666,0.0,0.9473516238018204,-0.3877551020408163,0
0.5833333333333334,-1.0,-0.2664773790264892,-0.2040816326530612,1
-0.5555555555555556,-1.0,0.4225296312192545,0.7959183673469388,1
-0.4722222222222222,0.0,-0.6706615162820386,-0.1020408163265306,0
-0.1388888888888889,-1.0,-0.0858067285153025,0.4489795918367347,1
-0.2777777777777778,-1.0,0.4992571560632572,-0.3877551020408163,1
-0.9166666666666666,0.0,0.248495053209636,-0.5102040816326531,0
-0.2222222222222222,-1.0,0.809270692330549,0.4897959183673469,1
0.25,0.0,-0.0050183234837729,-0.1020408163265306,0
0.4722222222222222,0.0,-0.8798683790595045,0.979591836734694,0
-0.7222222222222222,0.0,-0.940429418820914,0.9183673469387756,0
0.3333333333333333,-1.0,-0.2037373303839677,0.6122448979591837,1
-0.2222222222222222,-1.0,0.962978859211815,-0.7142857142857143,1
-0.3611111111111111,-1.0,0.5760727216701332,-0.3877551020408163,1
0.0,-1.0,-0.2383593603838577,0.8979591836734694,1
0.6388888888888888,-1.0,-0.1312797825393157,0.7142857142857143,1
-0.8333333333333334,-1.0,-0.493710588002245,0.1020408163265306,1
-0.9722222222222222,-1.0,0.0800070432610298,-0.4693877551020408,1
-0.5833333333333334,0.0,-0.3831644051195703,0.4285714285714285,0
0.1944444444444444,0.0,-0.0076815565606875,-0.8367346938775511,0
0.0833333333333333,0.0,-0.4622690305611498,-0.9591836734693876,0
0.5277777777777778,0.0,-0.373391880440644,-0.3877551020408163,0
0.4166666666666667,-1.0,-0.2595001485687873,-0.2857142857142857,1
0.8055555555555556,0.0,-0.7141866684274819,0.2857142857142857,0
-0.8888888888888888,-1.0,0.3436781229709355,-0.4897959183673469,1
0.3888888888888889,-1.0,0.5086445024046133,0.6122448979591837,1
0.5277777777777778,0.0,-0.6276976239999119,0.2448979591836734,0
-0.5277777777777778,0.0,0.7261051867014428,-0.979591836734694,0
-0.75,-1.0,-0.940132281246217,0.2040816326530612,1
-0.25,0.0,-0.6420372632528861,-0.9591836734693876,0
0.2777777777777778,-1.0,0.6190035986661825,0.4897959183673469,1
0.8055555555555556,-1.0,0.8975975876830973,0.2040816326530612,1
0.1944444444444444,-1.0,0.3152849769443252,0.4489795918367347,1
-0.6944444444444444,0.0,0.7717983426326389,0.3673469387755102,0
0.0277777777777777,0.0,-0.8986870921236533,0.6938775510204082,0
0.2222222222222222,-1.0,-0.1412944193161433,-1.020408163265306,1
0.3055555555555556,-1.0,0.494657026203132,-0.4285714285714285,1
1.0,-1.0,-0.1259423112901273,0.3061224489795918,1
0.25,0.0,-0.3303069321095667,-0.5306122448979592,0
-0.3055555555555556,0.0,0.4424378487239592,0.5714285714285714,0
-0.7222222222222222,-1.0,-0.2111657697513949,-0.0408163265306122,1
-0.3055555555555556,-1.0,-0.4447159034633035,0.8163265306122449,1
-0.3888888888888889,0.0,0.5892018004336007,0.7551020408163265,0
1.0,0.0,0.1790308913026731,-0.9183673469387756,0
-0.8055555555555556,-1.0,-0.0397504044372544,-0.4489795918367347,1
0.8333333333333334,0.0,-0.6869930777950191,-0.4489795918367347,0
-0.8333333333333334,-1.0,-0.5833140744164548,-0.4489795918367347,1
0.25,0.0,-0.8373006702103074,-0.6938775510204082,0
-0.8888888888888888,0.0,0.5474374635456216,-0.3469387755102041,0
0.1111111111111111,-1.0,0.7886251334367812,0.0816326530612244,1
-0.5,0.0,-0.700155171844564,0.8367346938775511,0
0.3055555555555556,-1.0,0.2766020667569084,-0.4489795918367347,1
-0.9722222222222222,-1.0,-0.8969482870569073,0.2857142857142857,1
-0.9722222222222222,-1.0,-0.6027710830114343,-0.1632653061224489,1
1.0,0.0,-0.205795283216129,0.3469387755102041,0
-0.1666666666666666,0.0,-0.9521718555691284,-0.8979591836734694,0
-0.0833333333333333,-1.0,-0.0570394092464811,0.979591836734694,1
-0.4722222222222222,-1.0,-0.5869237456942564,-0.7551020408163265,1
0.6944444444444444,-1.0,-0.9804549506421472,-0.2857142857142857,1
-0.8333333333333334,0.0,0.0310783892942432,0.6122448979591837,0
-0.25,-1.0,-0.5878811889905026,-0.8163265306122449,1
-0.3611111111111111,-1.0,0.8763137332584987,-0.3469387755102041,1
0.7222222222222222,0.0,-0.8014680797209108,-1.0,0
-0.6666666666666666,0.0,0.0625969824028525,0.3877551020408163,0
-0.7222222222222222,-1.0,0.3455269789912729,0.2244897959183673,1
0.3333333333333333,-1.0,0.9577844542022956,-0.7755102040816326,1
0.5,0.0,-0.367063950609132,-0.1836734693877551,0
-0.6944444444444444,-1.0,0.6363256187614865,0.0408163265306122,1
-0.5,-1.0,-0.6014064511868995,0.1632653061224489,1
0.2222222222222222,0.0,-0.6757898907194031,0.7959183673469388,0
0.9444444444444444,-1.0,0.3777609032982271,-1.020408163265306,1
0.1666666666666666,-1.0,0.3617264793599437,-0.5102040816326531,1
0.25,-1.0,0.1901790529014934,0.2448979591836734,1
-0.9166666666666666,0.0,0.6604818030748236,-0.0816326530612244,0
-0.6111111111111112,0.0,-0.9068638779755026,-0.4081632653061224,0
-0.2777777777777778,-1.0,-0.2269360714010587,0.7551020408163265,1
0.3611111111111111,0.0,0.9448974875367296,-0.2040816326530612,0
-0.3888888888888889,0.0,-0.865715826427636,-0.1224489795918367,0
-0.25,0.0,-0.2742359712546909,-0.5102040816326531,0
0.8888888888888888,0.0,0.4118326785301595,0.0,0
0.4722222222222222,-1.0,0.8985550309793434,0.3469387755102041,1
-0.9722222222222222,0.0,0.3927608482727502,-0.673469387755102,0
-0.25,0.0,0.0676483211727029,0.5306122448979592,0
0.0833333333333333,0.0,0.5935598181958247,-0.4693877551020408,0
0.2777777777777778,-1.0,0.6262339463171448,-0.0816326530612244,1
0.9166666666666666,-1.0,0.1398087314426579,-0.673469387755102,1
-0.6944444444444444,-1.0,0.0763753617925099,0.6938775510204082,1
-1.0,-1.0,0.122431685870558,0.3877551020408163,1
-0.3333333333333333,0.0,-0.1907623229555284,0.673469387755102,0
0.9166666666666666,-1.0,-0.9019225901592436,-0.7959183673469388,1
0.5833333333333334,0.0,-0.8401619950036867,-0.8163265306122449,0
0.6111111111111112,-1.0,-0.1874387841570647,-0.9387755102040816,1
-0.9444444444444444,0.0,-0.7916405295651887,-0.8775510204081632,0
-0.4722222222222222,-1.0,-0.7164317078807488,0.0,1
0.9722222222222222,0.0,0.6947186547371433,0.6530612244897959,0
-0.8055555555555556,-1.0,0.1452122332640012,-0.9591836734693876,1
-0.1666666666666666,0.0,0.0260380556197519,-0.7959183673469388,0
0.2777777777777778,0.0,-0.672510372302376,0.0,0
-0.9166666666666666,0.0,-0.3751857109841857,-0.0816326530612244,0
-0.1111111111111111,-1.0,-0.6181892216096052,-0.7755102040816326,1
0.25,0.0,0.3993639054882411,-0.8775510204081632,0
-0.3055555555555556,-1.0,-0.6878294650423146,0.0816326530612244,1
0.2777777777777778,-1.0,-0.4442316792675008,-0.2653061224489796,1
1.0,0.0,0.7866882366535706,0.3061224489795918,0
-0.9444444444444444,0.0,-0.1574278891126591,-0.4693877551020408,0
-0.5555555555555556,0.0,0.5405702840415112,0.8775510204081632,0
0.0833333333333333,0.0,0.9467243333663486,0.8979591836734694,0
0.0555555555555555,-1.0,-0.621226627928731,-0.7142857142857143,1
0.5,-1.0,-0.7404558310497761,-0.4897959183673469,1
-0.25,-1.0,-0.108169082285098,0.0612244897959183,1
0.4444444444444444,-1.0,-0.1625342533593053,0.3673469387755102,1
0.8888888888888888,-1.0,-0.3723463963815246,0.8163265306122449,1
-0.4444444444444444,-1.0,-0.8803415981599481,-0.2040816326530612,1
-0.6388888888888888,-1.0,-0.0018048356389008,0.7959183673469388,1
0.9444444444444444,-1.0,-0.9774615647044582,0.6938775510204082,1
0.1666666666666666,-1.0,-0.3447786325068506,-0.5102040816326531,1
0.4722222222222222,-1.0,0.4545544587143847,-1.0,1
-0.9166666666666666,0.0,-0.1804505486040036,0.3265306122448979,0
-0.7222222222222222,0.0,0.3029592701420758,0.2040816326530612,0
-0.2777777777777778,0.0,-0.8612477577118206,-0.3673469387755102,0
-0.1944444444444444,0.0,-0.7405878921940858,0.9387755102040816,0
0.5555555555555556,-1.0,0.4000462214005084,-0.2244897959183673,1
0.9166666666666666,-1.0,-0.9465592569359612,-0.2653061224489796,1
-0.4166666666666667,0.0,-0.8823885458967502,0.7755102040816326,0
-0.3333333333333333,-1.0,0.7286803790154842,0.6530612244897959,1
-0.1944444444444444,0.0,0.8302353989897322,-0.6122448979591837,0
0.3333333333333333,-1.0,0.9308990062398892,-0.979591836734694,1
0.9722222222222222,-1.0,-0.0506014284613776,-0.6530612244897959,1
-0.8611111111111112,0.0,0.6474957905510251,-0.3061224489795918,0
0.0833333333333333,-1.0,-0.8603013195109336,-0.0408163265306122,1
0.75,-1.0,-0.2501568226088679,0.2040816326530612,1
0.1666666666666666,0.0,0.7859508952645075,-0.5714285714285714,0
0.0277777777777777,0.0,0.3845620522301826,0.7959183673469388,0
-0.1388888888888889,0.0,0.567180604619939,0.3877551020408163,0
0.8055555555555556,0.0,-0.8789439510493359,0.4693877551020408,0
-0.1111111111111111,-1.0,0.7051514851376187,-0.8775510204081632,1
0.25,0.0,0.082714296719381,-0.2857142857142857,0
-0.8888888888888888,0.0,-0.1202636820848052,0.0,0
-0.9722222222222222,0.0,0.4646461311587265,-0.7142857142857143,0
0.7777777777777778,-1.0,-0.4994442426843629,-0.5306122448979592,1
-0.5,-1.0,-0.8535772062464921,0.3877551020408163,1
-0.5,-1.0,0.8047475981379378,0.9183673469387756,1
0.0,-1.0,-0.4039640353483663,0.1224489795918367,1
-0.5833333333333334,0.0,-0.8914237291866134,-0.7142857142857143,0
-0.0277777777777777,-1.0,-0.3096833834065172,0.6326530612244898,1
-0.3611111111111111,0.0,-0.366623746794766,-0.2653061224489796,0
-0.4166666666666667,-1.0,-0.1516061936676681,0.8571428571428571,1
0.9444444444444444,-1.0,0.2004247966808632,0.3877551020408163,1
-0.7222222222222222,0.0,0.0702235134867443,0.0816326530612244,0
-0.6388888888888888,-1.0,0.4972322185171735,-0.7551020408163265,1
0.6111111111111112,-1.0,-0.3683625518615119,-0.7346938775510204,1
0.1111111111111111,-1.0,0.4846423894263044,0.1428571428571428,1
-0.2222222222222222,0.0,-0.0316176389668416,0.4081632653061224,0
-0.6388888888888888,0.0,0.6368208480526484,0.3469387755102041,0
0.7777777777777778,0.0,0.4524744956915051,0.8979591836734694,0
-0.5,-1.0,-0.6190256088569007,-0.0816326530612244,1
-0.3888888888888889,-1.0,-0.1029416619895011,-0.1020408163265306,1
0.8888888888888888,-1.0,0.2574091804505486,-0.0816326530612244,1
-0.5,0.0,0.6705294551377288,0.3265306122448979,0
0.9444444444444444,0.0,0.1273619685914578,-0.2244897959183673,0
0.6111111111111112,-1.0,0.666325508710533,-0.8775510204081632,1
0.2222222222222222,-1.0,-0.8661010047652062,-0.5918367346938775,1
0.7777777777777778,-1.0,-0.9573222401972112,0.3877551020408163,1
1.0,-1.0,0.9875092167673633,0.7551020408163265,1
0.3333333333333333,-1.0,0.737253348300263,-0.4285714285714285,1
-0.25,0.0,0.3880616725543926,0.2448979591836734,0
0.6111111111111112,-1.0,0.2401201756413219,-0.4693877551020408,1
0.1111111111111111,0.0,-0.1167090362837994,0.8775510204081632,0
0.3055555555555556,-1.0,-0.5352328127923228,0.9591836734693876,1
-0.6388888888888888,-1.0,-0.2716937942267269,0.7346938775510204,1
0.1111111111111111,-1.0,-0.5559774175443231,-0.1632653061224489,1
0.8055555555555556,0.0,-0.2526109588739586,-0.7551020408163265,0
1.0,0.0,-0.0249045307977593,0.5306122448979592,0
0.8333333333333334,0.0,0.9867938855690184,-0.8775510204081632,0
0.1944444444444444,0.0,-0.1335688423740191,-0.7551020408163265,0
-0.1666666666666666,0.0,-0.1103260809754916,0.9591836734693876,0
0.1944444444444444,-1.0,0.7136254085641652,-0.7346938775510204,1
-0.6111111111111112,-1.0,0.0402456337284162,-0.2653061224489796,1
0.7222222222222222,-1.0,-0.6610430629381404,-0.2448979591836734,1
-0.8611111111111112,-1.0,0.1764887142747092,-0.0204081632653061,1
0.3611111111111111,-1.0,0.1922149955429364,-0.4693877551020408,1
-0.3611111111111111,-1.0,-0.5228630856086368,0.2244897959183673,1
0.5277777777777778,-1.0,-0.3845400420394643,0.7142857142857143,1
0.6111111111111112,-1.0,0.7295607866442163,0.979591836734694,1
0.1388888888888889,-1.0,0.5830169368417577,-0.2448979591836734,1
0.3333333333333333,-1.0,-0.0279309320215259,-0.2448979591836734,1
-0.8611111111111112,-1.0,0.5044185457866992,0.7959183673469388,1
-0.1944444444444444,0.0,0.7411601571527617,-0.3673469387755102,0
0.5,0.0,-0.3542760298017982,0.2040816326530612,0
-0.9444444444444444,0.0,-0.4925660580848933,-0.1428571428571428,0
-0.8055555555555556,-1.0,-0.202812902373799,1.0,1
0.8055555555555556,0.0,-0.7964717664278561,-0.4489795918367347,0
0.7777777777777778,-1.0,-0.6749204881860301,0.4897959183673469,1
-0.0277777777777777,-1.0,0.9742700870503044,0.2448979591836734,1
0.8333333333333334,0.0,0.7446267621908944,-0.6326530612244898,0
0.8611111111111112,-1.0,-0.8004556109478689,0.2857142857142857,1
0.5555555555555556,0.0,-0.7730639285989414,0.0,0
-0.0277777777777777,0.0,-0.539898973224603,-0.9183673469387756,0
0.2777777777777778,-1.0,-0.779589950146918,-0.4081632653061224,1
-0.75,0.0,-0.0258179537125689,0.6326530612244898,0
-0.2222222222222222,0.0,0.5420889872010741,-0.1632653061224489,0
-0.4444444444444444,0.0,0.5173275226429837,-0.6530612244897959,0
0.9722222222222222,0.0,-0.5933507213840008,-0.9183673469387756,0
0.0,-1.0,-0.8057270516249023,0.1836734693877551,1
-0.8611111111111112,-1.0,0.6941243795877491,-1.020408163265306,1
-0.3333333333333333,-1.0,0.4012677869853742,-0.5714285714285714,1
-0.1944444444444444,0.0,-0.3994409411557551,0.4693877551020408,0
-0.8611111111111112,0.0,0.6442712976107938,-0.0816326530612244,0
-0.5,0.0,0.9917901988620732,0.0816326530612244,0
0.5277777777777778,0.0,0.4988389624396095,-0.2653061224489796,0
-0.8055555555555556,0.0,-0.3575115278373887,0.7346938775510204,0
-0.6111111111111112,-1.0,0.871614557540141,0.4897959183673469,1
0.8333333333333334,0.0,0.4034247856757679,0.4489795918367347,0
0.75,0.0,-0.1911585063884578,0.1224489795918367,0
0.6666666666666666,-1.0,0.213652921302563,0.8979591836734694,1
0.2222222222222222,0.0,-0.4735932736857164,0.8571428571428571,0
-0.4166666666666667,0.0,0.1564264254349764,0.5102040816326531,0
-0.6388888888888888,-1.0,0.1469400332353879,0.7551020408163265,1
0.1666666666666666,-1.0,0.4061760595155557,-1.0,1
0.5555555555555556,-1.0,0.872043756259148,0.8571428571428571,1
0.9166666666666666,0.0,0.7108851398197366,0.2040816326530612,0
-0.0833333333333333,-1.0,-0.06612961801314,-0.9183673469387756,1
0.8611111111111112,0.0,0.0214379257596267,-0.2857142857142857,0
-0.3611111111111111,-1.0,-0.310541780844531,0.6122448979591837,1
-0.75,-1.0,0.3433259599194427,-0.7755102040816326,1
0.4722222222222222,0.0,-0.2644744516711237,-0.9183673469387756,0
1.0,0.0,-0.2160410269954989,0.4897959183673469,0
-0.25,-1.0,-0.6705074449470104,-0.5102040816326531,1
0.3333333333333333,0.0,0.7581080040058548,0.4489795918367347,0
-0.1666666666666666,-1.0,0.3175850418743878,-0.5102040816326531,1
0.3888888888888889,-1.0,-0.1711952634069574,-0.8571428571428571,1
-0.3333333333333333,-1.0,-0.0870503042908866,-0.6122448979591837,1
0.75,0.0,0.1614117336326719,-0.5306122448979592,0
0.0,-1.0,0.5312819835583875,0.7551020408163265,1
-0.6111111111111112,0.0,-0.3234067373193788,-0.6122448979591837,0
-0.4166666666666667,0.0,-0.0907920367129981,-0.6122448979591837,0
0.1944444444444444,-1.0,0.525427272827319,0.6530612244897959,1
-0.1111111111111111,0.0,0.5316891720866761,0.0,0
-0.3611111111111111,0.0,0.2653548592998558,-0.3673469387755102,0
0.8333333333333334,0.0,-0.6392749843177391,-0.7959183673469388,0
0.3055555555555556,0.0,-0.6573563559928247,0.2653061224489796,0
0.2777777777777778,0.0,-0.2667965267919046,0.2040816326530612,0
0.0555555555555555,-1.0,0.3434140006823159,0.7551020408163265,1
0.0,0.0,-0.6886108268128144,-0.979591836734694,0
-1.0,-1.0,0.5047707088381921,0.0816326530612244,1
0.0277777777777777,-1.0,-0.4263263891181617,-0.1020408163265306,1
-0.6666666666666666,0.0,0.0649960931911475,-0.0816326530612244,0
-0.5833333333333334,0.0,-0.6810283161103591,0.0204081632653061,0
-0.5555555555555556,0.0,0.0993540009024178,-0.2244897959183673,0
-0.5833333333333334,-1.0,-0.075439928686982,0.2244897959183673,1
0.0833333333333333,0.0,0.3362386785081492,-0.4897959183673469,0
0.3055555555555556,-1.0,0.8181518042853841,0.5306122448979592,1
0.5555555555555556,-1.0,0.4127791167310464,-0.8775510204081632,1
-0.6666666666666666,0.0,0.6159661923470567,0.4285714285714285,0
-0.5555555555555556,0.0,-0.6675910946768354,0.4489795918367347,0
0.0277777777777777,-1.0,-0.9023297786875324,0.673469387755102,1
-0.25,-1.0,0.1372335391286165,0.2244897959183673,1
0.1944444444444444,-1.0,-0.2134218143000209,0.8571428571428571,1
0.3055555555555556,0.0,0.8378949453597015,0.0204081632653061,0
-0.25,-1.0,-0.361539392738838,-0.7959183673469388,1
-0.1111111111111111,-1.0,0.7218462147974513,0.4285714285714285,1
0.8333333333333334,0.0,0.4139786721251939,-0.673469387755102,0
0.1388888888888889,0.0,0.1967270846401884,-0.6122448979591837,0
-0.5,-1.0,0.1977395534132303,0.7142857142857143,1
-0.4722222222222222,-1.0,-0.0163315615129805,-0.9591836734693876,1
0.4444444444444444,-1.0,0.2573101345923162,0.1836734693877551,1
-0.1111111111111111,0.0,-0.3295805958158627,0.6938775510204082,0
-0.8611111111111112,0.0,-0.6378553270164086,-0.2448979591836734,0
0.7222222222222222,0.0,-0.773768254701927,-0.4285714285714285,0
0.1388888888888889,-1.0,-0.2070718742777906,0.6938775510204082,1
0.4722222222222222,-1.0,-0.43646208194394,0.6938775510204082,1
0.9166666666666666,-1.0,-0.4104790518009839,0.3673469387755102,1
-0.6666666666666666,-1.0,-0.3959963463083407,1.0,1
-0.4166666666666667,0.0,0.4612125414066713,-0.5510204081632653,0
0.4722222222222222,0.0,0.2072919761849736,0.3265306122448979,0
-0.6388888888888888,0.0,-0.0346660503813265,-0.7755102040816326,0
0.75,-1.0,0.3606149647286694,0.4489795918367347,1
-0.6388888888888888,0.0,-0.8393256077563912,0.4489795918367347,0
0.0833333333333333,-1.0,-0.5143231316099354,0.7142857142857143,1
-0.6111111111111112,-1.0,-0.7954372874640959,-0.1224489795918367,1
-0.4722222222222222,0.0,-0.3668658588926673,0.6326530612244898,0
0.5277777777777778,0.0,0.2770752858573519,-0.7755102040816326,0
-0.7222222222222222,0.0,-0.8718896849241199,-0.979591836734694,0
-0.75,-1.0,-0.1964409521608504,0.8571428571428571,1
-0.6111111111111112,0.0,-0.6182772623724785,0.0612244897959183,0
-0.9166666666666666,0.0,0.7173011104141217,-0.5918367346938775,0
-0.4166666666666667,-1.0,0.1724718544686189,0.7346938775510204,1
-0.0555555555555555,-1.0,0.7615746090439873,0.2448979591836734,1
-0.2222222222222222,-1.0,-0.1140788184929622,0.9183673469387756,1
0.3055555555555556,-1.0,0.081987960425677,0.9387755102040816,1
-0.4444444444444444,-1.0,0.589873111250509,-0.7959183673469388,1
-0.5555555555555556,-1.0,0.2507510977582621,-0.8163265306122449,1
0.4722222222222222,0.0,0.1678387093224163,-1.020408163265306,0
-0.1111111111111111,-1.0,-0.7915524888023154,-0.2448979591836734,1
0.7222222222222222,-1.0,0.057908811779854,0.3673469387755102,1
0.5555555555555556,-1.0,-0.3194228927993661,1.0,1
-0.75,-1.0,0.2292581465218396,-0.8571428571428571,1
0.9722222222222222,0.0,0.870370981764557,-0.3265306122448979,0
0.4722222222222222,-1.0,-0.5698438376968537,0.8367346938775511,1
0.6388888888888888,-1.0,-0.3854314547635555,-0.3061224489795918,1
-0.7777777777777778,0.0,-0.4673974049985143,-0.3265306122448979,0
-0.5833333333333334,-1.0,0.1341521124280542,0.4489795918367347,1
-0.6666666666666666,0.0,0.0576336843958752,-0.3877551020408163,0
0.8888888888888888,-1.0,0.3566201151132974,0.1224489795918367,1
0.7222222222222222,0.0,0.6850671861071677,0.6938775510204082,0
0.8888888888888888,-1.0,-0.0237049754036118,0.8775510204081632,1
-0.8055555555555556,0.0,0.3535937138895308,0.7959183673469388,0
-0.6944444444444444,-1.0,-0.1219034412933188,0.8367346938775511,1
-0.75,-1.0,0.6669638042413637,-0.9387755102040816,1
-0.4722222222222222,-1.0,0.5266268282214666,0.9591836734693876,1
0.4722222222222222,-1.0,0.090494899138301,0.6938775510204082,1
0.2777777777777778,-1.0,0.3006371950212949,-0.979591836734694,1
1.0,0.0,0.5158088194834208,-0.1428571428571428,0
-0.5277777777777778,-1.0,-0.2511692913819098,0.0408163265306122,1
-0.9722222222222222,0.0,0.5326136000968449,-0.1020408163265306,0
0.3611111111111111,0.0,-0.906962923833735,0.6122448979591837,0
0.9166666666666666,0.0,-0.9397140876225692,0.673469387755102,0
0.5833333333333334,0.0,-0.874662968954626,0.2040816326530612,0
-0.9722222222222222,0.0,0.4171371344932704,0.7755102040816326,0
0.0555555555555555,-1.0,0.2368076419382174,0.3673469387755102,1
-0.1111111111111111,0.0,0.89626597114464,-0.1428571428571428,0
-0.5277777777777778,-1.0,0.1143979662583776,0.9183673469387756,1
-0.1388888888888889,-1.0,-0.6373821079159651,-0.8163265306122449,1
-0.6388888888888888,0.0,-0.7388600922226991,-0.7959183673469388,0
-0.6388888888888888,0.0,-0.6605588387423377,-0.1020408163265306,0
0.5277777777777778,0.0,-0.891324683328381,-0.6530612244897959,0
-0.3888888888888889,0.0,-0.3207214940517459,0.8163265306122449,0
0.25,-1.0,-0.9014823863448777,0.8163265306122449,1
0.7777777777777778,-1.0,-0.5738276822168664,-0.6122448979591837,1
0.1388888888888889,0.0,-0.199247251477434,0.8775510204081632,0
0.0833333333333333,-1.0,0.8126492566058084,0.1224489795918367,1
-0.7222222222222222,0.0,-0.794501854358568,-0.5714285714285714,0
-0.2777777777777778,-1.0,-0.5849428285296092,0.8775510204081632,1
-0.0277777777777777,-1.0,-0.6352801347023672,0.1020408163265306,1
-0.25,0.0,-0.9186503351051536,-0.7142857142857143,0
0.6388888888888888,0.0,-0.1067714351744857,0.7346938775510204,0
-0.1944444444444444,-1.0,0.0042699769993506,-0.8367346938775511,1
0.6111111111111112,0.0,-0.6986804890664378,0.7755102040816326,0
1.0,0.0,-0.5002586197409401,-0.1224489795918367,0
0.4166666666666667,0.0,-0.4217482694487547,-0.1428571428571428,0
0.25,0.0,0.1681028316110359,-0.2244897959183673,0
0.4166666666666667,-1.0,-0.3226473857395974,0.9183673469387756,1
-0.5277777777777778,-1.0,-0.4294848514862381,-0.9183673469387756,1
0.3333333333333333,0.0,-0.2148634817920697,0.7959183673469388,0
-0.5555555555555556,-1.0,0.977747697183796,0.5102040816326531,1
-0.8333333333333334,0.0,-0.2826988895858782,0.3061224489795918,0
-0.75,0.0,0.2695367955363333,0.9183673469387756,0
-0.2777777777777778,0.0,-0.826581707330494,0.9387755102040816,0
-0.9166666666666666,0.0,-0.6533945216635302,0.4081632653061224,0
-0.9444444444444444,-1.0,0.2509932098561634,-0.0204081632653061,1
-0.1111111111111111,-1.0,-0.314690701794931,0.7959183673469388,1
-0.2777777777777778,0.0,-0.4623350611333047,-0.4285714285714285,0
0.8055555555555556,0.0,-0.8880671751020722,-0.4897959183673469,0
0.7222222222222222,0.0,-0.8906643776068319,0.7551020408163265,0
-0.6666666666666666,-1.0,0.0083088469961592,-0.7346938775510204,1
0.1111111111111111,0.0,0.101114816159882,0.979591836734694,0
0.1666666666666666,0.0,-0.5578262735646604,-0.7755102040816326,0
0.1388888888888889,0.0,0.4976173968547437,0.5918367346938775,0
-0.3611111111111111,0.0,-0.4345361902560886,-0.7346938775510204,0
0.8055555555555556,-1.0,0.7294947560720614,-0.2244897959183673,1
0.5,0.0,0.2225340332573981,-0.7959183673469388,0
-0.2222222222222222,-1.0,0.0195780646439301,0.6326530612244898,1
-0.4722222222222222,-1.0,-0.0904508787568644,0.4489795918367347,1
0.6111111111111112,-1.0,0.3965796163623757,-0.7959183673469388,1
0.0277777777777777,0.0,-0.0359536465383472,-0.1836734693877551,0
-0.0277777777777777,0.0,-0.6408156976680203,-0.0816326530612244,0
-0.25,-1.0,0.6190916394290557,-0.1836734693877551,1
0.5277777777777778,0.0,-0.3970858507488967,-0.4693877551020408,0
0.6111111111111112,0.0,-0.4677715782407254,0.5918367346938775,0
-0.9444444444444444,0.0,0.5765899611520133,0.7346938775510204,0
-0.75,0.0,0.7452320424356477,0.3877551020408163,0
0.9166666666666666,-1.0,0.9100223403435792,0.1224489795918367,1
0.1111111111111111,-1.0,0.1132204210549484,0.2448979591836734,1
0.3611111111111111,-1.0,0.0807773999361704,0.5306122448979592,1
0.1666666666666666,0.0,-0.8215743889420802,-0.673469387755102,0
0.1944444444444444,0.0,0.4497232218517173,0.0816326530612244,0
0.4166666666666667,-1.0,0.7803382966313404,0.5102040816326531,1
-0.5,-1.0,0.8925682591039651,0.2244897959183673,1
0.75,-1.0,-0.2264078268238194,0.7551020408163265,1
0.6388888888888888,-1.0,-0.6971287706207975,-0.8979591836734694,1
0.0277777777777777,-1.0,-0.0858287387060208,-0.5714285714285714,1
0.1111111111111111,0.0,0.6464503064919057,-0.8163265306122449,0
-0.1944444444444444,-1.0,0.6634201635357171,0.5714285714285714,1
-0.25,-1.0,0.665896309991526,0.3265306122448979,1
0.3611111111111111,0.0,0.5160179162952447,0.4693877551020408,0
-0.3611111111111111,0.0,-0.7864791398417468,-1.020408163265306,0
1.0,-1.0,-0.6774076397371983,-0.2040816326530612,1
0.4722222222222222,-1.0,0.418204628743108,-0.7551020408163265,1
0.4722222222222222,-1.0,0.2117270296147116,0.5918367346938775,1
0.9166666666666666,-1.0,0.224052736416961,-0.3469387755102041,1
0.9722222222222222,-1.0,0.5196385926684055,0.1428571428571428,1
0.0555555555555555,0.0,0.0973840888331297,0.9591836734693876,0
0.4166666666666667,0.0,0.2017674183146797,0.0816326530612244,0
0.8333333333333334,-1.0,-0.5691064963077905,-0.1020408163265306,1
0.7777777777777778,0.0,-0.5920851354176984,0.8775510204081632,0
-0.3055555555555556,0.0,-0.6042567708849197,0.3061224489795918,0
1.0,-1.0,-0.595617771027986,0.8979591836734694,1
-0.7222222222222222,0.0,-0.6815015352108026,-0.3673469387755102,0
0.6111111111111112,-1.0,0.1717675283656332,0.7142857142857143,1
-0.3888888888888889,-1.0,0.4362639902274753,-0.0612244897959183,1
-0.3888888888888889,0.0,-0.4716233616164284,0.5714285714285714,0
0.9166666666666666,-1.0,0.0090461883852223,0.1428571428571428,1
-0.4722222222222222,-1.0,0.0293505893228564,-0.5102040816326531,1
-0.4166666666666667,-1.0,-0.9593031573618586,0.1020408163265306,1
0.2777777777777778,-1.0,0.3475629216327159,-0.9183673469387756,1
0.6666666666666666,0.0,-0.0965587066811933,-0.9591836734693876,0
0.0833333333333333,0.0,0.9481990161444748,-0.7346938775510204,0
0.6388888888888888,0.0,-0.5630096734788207,0.3265306122448979,0
0.8055555555555556,0.0,0.0180263461982898,0.4489795918367347,0
-0.4166666666666667,-1.0,0.8699527881409093,0.8775510204081632,1
0.8611111111111112,0.0,0.2482969614931713,0.3673469387755102,0
-0.8888888888888888,-1.0,-0.2614810657334346,-0.1428571428571428,1
-0.0555555555555555,-1.0,-0.9127185887065712,0.7755102040816326,1
0.1388888888888889,-1.0,0.2428604443857506,0.0408163265306122,1
0.0,0.0,0.5475034941177765,-0.0816326530612244,0
-0.1944444444444444,-1.0,0.299195527529246,0.7551020408163265,1
0.1388888888888889,0.0,-0.7740984075627015,-0.5102040816326531,0
0.9722222222222222,0.0,0.9505761167420516,-0.1632653061224489,0
0.7222222222222222,0.0,-0.3449767242233154,0.2244897959183673,0
-0.6388888888888888,-1.0,-0.4909703192578163,0.9591836734693876,1
-0.1388888888888889,0.0,-0.2507070773768254,-0.0408163265306122,0
-0.1666666666666666,0.0,0.4897707638636688,-0.6122448979591837,0
-0.4166666666666667,-1.0,0.2743790374943599,-0.8775510204081632,1
0.8055555555555556,0.0,0.0232977868753232,-0.673469387755102,0
-0.5833333333333334,-1.0,-0.2666094401707991,-0.5918367346938775,1
0.3333333333333333,0.0,0.365754344261393,-0.1224489795918367,0
0.1666666666666666,0.0,-0.7170589983162204,-0.5510204081632653,0
0.2222222222222222,0.0,0.4981126261459055,-0.1836734693877551,0
0.8611111111111112,0.0,0.3996720481582972,0.4285714285714285,0
0.5833333333333334,0.0,-0.164911353956882,0.3061224489795918,0
-0.0555555555555555,0.0,-0.9314272508171284,0.7142857142857143,0
-0.5,-1.0,-0.1307075175806398,-0.8571428571428571,1
-0.8611111111111112,0.0,-0.3303949728724399,0.9387755102040816,0
-0.7222222222222222,-1.0,0.9004699175718358,0.5918367346938775,1
-0.8333333333333334,-1.0,-0.0978683130289324,0.3265306122448979,1
0.3333333333333333,0.0,0.8209581036019677,-0.1632653061224489,0
0.6666666666666666,0.0,0.7036657972641333,-0.4285714285714285,0
-0.2222222222222222,0.0,-0.9552973026511274,-0.8979591836734694,0
0.9444444444444444,0.0,-0.0960634773900315,-0.6326530612244898,0
0.8055555555555556,0.0,0.4072985792421891,0.2857142857142857,0
-0.9722222222222222,-1.0,0.951324463226474,-0.1020408163265306,1
0.6388888888888888,-1.0,0.6136221070355574,0.0408163265306122,1
-0.3888888888888889,0.0,-0.1576259808291238,-0.0612244897959183,0
-0.75,-1.0,0.5154126360504914,1.0,1
0.3888888888888889,-1.0,-0.0828793731497683,0.6938775510204082,1
-0.75,-1.0,0.9347287794248738,-0.6326530612244898,1
-0.4722222222222222,-1.0,0.8127703126547592,0.8367346938775511,1
-0.1388888888888889,0.0,-0.1894747267985077,0.2857142857142857,0
0.4166666666666667,0.0,-0.4447599238447401,-0.3469387755102041,0
0.6666666666666666,-1.0,-0.965455005667624,-0.673469387755102,1
0.7222222222222222,0.0,0.3207324991471051,-0.2857142857142857,0
0.2777777777777778,0.0,-0.0847282291701057,-0.1020408163265306,0
-0.8055555555555556,-1.0,-0.8503747234969791,0.979591836734694,1
-0.0555555555555555,0.0,0.996214247196452,0.5306122448979592,0
-0.1666666666666666,0.0,-0.3996940583490156,-0.2244897959183673,0
0.8888888888888888,-1.0,0.7287354044922799,0.2653061224489796,1
0.3055555555555556,0.0,-0.9776376462302044,-0.5918367346938775,0
-0.2777777777777778,-1.0,0.7943918034049765,-0.9183673469387756,1
0.7777777777777778,-1.0,-0.7665599172416829,0.9591836734693876,1
-0.7777777777777778,0.0,-0.8166991316979761,-0.4285714285714285,0
-0.9444444444444444,-1.0,0.4099508072237446,0.9591836734693876,1
-0.7222222222222222,-1.0,-0.8815191433633772,0.8775510204081632,1
0.0555555555555555,0.0,-0.3666897773669209,-1.0,0
0.3333333333333333,-1.0,-0.6207974292097241,-0.5918367346938775,1
0.1944444444444444,0.0,0.4583952369947285,0.5510204081632653,0
-0.1388888888888889,0.0,-0.2019655100311444,-0.4693877551020408,0
-0.4444444444444444,0.0,-0.6262559565078631,0.5510204081632653,0
0.7777777777777778,0.0,0.1848856020337416,0.3877551020408163,0
0.8611111111111112,0.0,-0.3035645503868291,0.3469387755102041,0
-0.1944444444444444,0.0,-0.2163711798562734,-0.0204081632653061,0
0.5555555555555556,0.0,-0.929435328557122,0.2653061224489796,0
-0.0833333333333333,0.0,-0.0279309320215259,0.1020408163265306,0
0.9444444444444444,0.0,-0.935697227816479,0.6938775510204082,0
-0.8611111111111112,-1.0,-0.5846456909549121,0.5918367346938775,1
0.1388888888888889,0.0,-0.9197728548317872,0.6122448979591837,0
-0.4444444444444444,0.0,-0.8166331011258212,-0.0816326530612244,0
-0.0833333333333333,0.0,-0.3451858210351393,-0.7346938775510204,0
-0.0833333333333333,0.0,-0.001969912069288,0.8979591836734694,0
-0.8333333333333334,0.0,0.561788107893955,0.4897959183673469,0
0.8333333333333334,-1.0,-0.5510691450141415,-0.0204081632653061,1
-0.6944444444444444,0.0,0.8290028283095073,-0.7755102040816326,0
0.8055555555555556,0.0,-0.3415541395666193,0.4285714285714285,0
0.1111111111111111,-1.0,-0.0407298579242189,0.6938775510204082,1
-0.8888888888888888,0.0,0.5515973895913808,1.0,0
-0.2222222222222222,0.0,-0.4693343017817249,0.7142857142857143,0
0.4722222222222222,0.0,0.26893151529158,-0.1428571428571428,0
-0.8333333333333334,0.0,0.6629139291491961,0.0612244897959183,0
0.75,-1.0,0.7312555713295256,-0.1632653061224489,1
-0.8333333333333334,-1.0,0.4911684109742811,0.8367346938775511,1
0.1666666666666666,0.0,-0.6657642488472163,0.0408163265306122,0
-0.5833333333333334,-1.0,-0.7475651226517878,-0.673469387755102,1
-0.3611111111111111,0.0,0.9821937557088932,-0.5102040816326531,0
0.0833333333333333,0.0,-0.243619795965532,0.1428571428571428,0
0.5,0.0,-0.4503285020964707,0.5306122448979592,0
-0.5277777777777778,-1.0,-0.6997039629348388,-0.0408163265306122,1
-0.8333333333333334,0.0,0.8363212167233429,0.1020408163265306,0
0.6944444444444444,-1.0,0.5998657378366183,0.1632653061224489,1
-0.7222222222222222,0.0,-0.5110436131929084,-0.0816326530612244,0
0.0833333333333333,0.0,0.0949959831401939,0.0408163265306122,0
-0.7777777777777778,0.0,-0.7674623350611333,-0.3469387755102041,0
0.1666666666666666,0.0,0.5064324782374239,-0.7142857142857143,0
0.8055555555555556,0.0,-0.5898400959644315,0.2448979591836734,0
-0.2777777777777778,0.0,-0.4898147842451055,-0.1020408163265306,0
0.4722222222222222,0.0,0.2923063378344173,0.6122448979591837,0
-0.1111111111111111,0.0,-0.0842440049743031,-0.9183673469387756,0
-0.25,-1.0,-0.9084706218979388,-0.0204081632653061,1
0.0277777777777777,0.0,-0.8923481571967821,-0.4897959183673469,0
0.6111111111111112,0.0,-0.9409026379213576,0.8979591836734694,0
0.0833333333333333,0.0,-0.6062817084310036,-0.3469387755102041,0
0.7222222222222222,0.0,0.2472184621479745,0.4693877551020408,0
-0.9444444444444444,-1.0,-0.367427118755984,0.1428571428571428,1
-0.1666666666666666,-1.0,0.8827297038528839,0.5306122448979592,1
-0.3055555555555556,-1.0,0.3485974005964761,-0.7142857142857143,1
-0.1944444444444444,-1.0,0.9865187581850396,0.3265306122448979,1
-0.9444444444444444,-1.0,-0.7260941816060836,0.2653061224489796,1
1.0,0.0,0.3245512672367306,-0.6530612244897959,0
-0.4166666666666667,-1.0,-0.8470731948892337,-0.0204081632653061,1
-0.7222222222222222,0.0,-0.0867751769069078,0.8163265306122449,0
-1.0,0.0,-0.2672917560830664,-0.5510204081632653,0
-0.5833333333333334,0.0,0.7826713768474803,-0.6326530612244898,0
-0.7777777777777778,-1.0,0.1463677682767121,0.7959183673469388,1
0.6388888888888888,0.0,-0.7262262427503934,-0.7346938775510204,0
-0.9444444444444444,-1.0,0.9385145322284216,0.8571428571428571,1
-0.6388888888888888,0.0,0.1978385992714627,0.2448979591836734,0
0.8611111111111112,-1.0,-0.2537334786005921,-0.2653061224489796,1
0.8888888888888888,-1.0,0.9340134482265288,-0.3469387755102041,1
-0.0555555555555555,0.0,0.2210923657653493,-0.4489795918367347,0
0.3888888888888889,0.0,0.5431564814509118,0.0,0
0.1944444444444444,0.0,0.5605225219276525,0.6326530612244898,0
0.3888888888888889,-1.0,-0.3739641453993199,0.9387755102040816,1
0.6666666666666666,-1.0,-0.8606094621809898,-0.6326530612244898,1
0.25,-1.0,-0.0043800279529422,-0.6326530612244898,1
0.5833333333333334,0.0,-0.8087204375625915,-0.1224489795918367,0
-0.25,0.0,-0.6876313733258499,0.4897959183673469,0
-0.3888888888888889,-1.0,-0.1844453982193755,-0.2857142857142857,1
-0.75,0.0,0.519891709861666,-0.4489795918367347,0
0.5833333333333334,0.0,0.4345912157328843,0.8979591836734694,0
0.9722222222222222,0.0,0.6918353197530457,0.4285714285714285,0
0.0555555555555555,-1.0,-0.3384286924846204,0.7346938775510204,1
-0.4722222222222222,-1.0,-0.5765899611520133,-0.4897959183673469,1
-0.9722222222222222,-1.0,-0.8709872671046694,0.5918367346938775,1
-0.1666666666666666,0.0,0.1764336887979134,-0.5714285714285714,0
0.7777777777777778,0.0,0.0743174089603486,-0.3469387755102041,0
0.3333333333333333,0.0,-0.7252247790727107,-0.4897959183673469,0
-0.4722222222222222,0.0,0.7212739498387754,-0.5510204081632653,0
0.1388888888888889,0.0,0.0906819857594066,0.4693877551020408,0
0.1388888888888889,-1.0,0.9272453145806508,0.0204081632653061,1
-0.8333333333333334,0.0,0.3794666930788955,-0.6122448979591837,0
0.7222222222222222,0.0,0.920047982215766,0.8775510204081632,0
0.0833333333333333,0.0,0.5151154984757943,0.7755102040816326,0
0.4444444444444444,0.0,0.4135824886922645,0.7755102040816326,0
-0.6388888888888888,0.0,-0.5368065414286814,0.3061224489795918,0
0.9722222222222222,0.0,0.6458450262471525,0.4489795918367347,0
0.75,0.0,0.5889156679542629,0.3469387755102041,0
0.9166666666666666,0.0,-0.8294540372192325,0.6530612244897959,0
0.1666666666666666,-1.0,-0.8469851541263606,-0.6122448979591837,1
0.9166666666666666,-1.0,0.1030517129430926,0.9183673469387756,1
0.6944444444444444,-1.0,-0.7510867531667161,0.6122448979591837,1
-0.1388888888888889,-1.0,0.7659656420922887,-0.4081632653061224,1
-0.8055555555555556,0.0,-0.8171723507984197,0.5510204081632653,0
-0.25,0.0,-0.3393531204947891,-0.0408163265306122,0
1.0,0.0,0.8719557154962748,0.7551020408163265,0
-0.9166666666666666,0.0,0.4429110678244027,0.2653061224489796,0
-0.8333333333333334,-1.0,0.3212607437243444,0.1224489795918367,1
-0.4722222222222222,-1.0,0.9496736989226012,-0.979591836734694,1
-0.25,0.0,-0.139159430816468,0.8979591836734694,0
0.3333333333333333,0.0,-0.5792641993242872,-0.0204081632653061,0
0.1111111111111111,-1.0,-0.412889167684638,-0.5102040816326531,1
-0.7222222222222222,-1.0,-0.9478578581883412,0.0204081632653061,1
0.8888888888888888,-1.0,0.0476080425236884,-0.1836734693877551,1
0.1111111111111111,-1.0,0.3117413362386785,-0.3673469387755102,1
-0.3333333333333333,0.0,0.6225802546579066,0.5510204081632653,0
-0.1388888888888889,-1.0,0.656288861742987,-0.5102040816326531,1
-0.1111111111111111,0.0,-0.3620016067439224,-0.0204081632653061,0
-0.4722222222222222,-1.0,-0.8097549165263517,-1.020408163265306,1
-0.1111111111111111,-1.0,-0.746563658974105,-0.5102040816326531,1
-0.6388888888888888,0.0,0.3628930194680136,-0.9591836734693876,0
-0.9444444444444444,0.0,-0.1876588860642477,0.8979591836734694,0
-0.4722222222222222,-1.0,-0.7518130894604201,0.5102040816326531,1
0.9444444444444444,-1.0,0.5204199544389052,0.979591836734694,1
0.6388888888888888,-1.0,0.458065084133954,0.2448979591836734,1
0.5555555555555556,0.0,-0.4349653889750954,0.7959183673469388,0
-0.3333333333333333,-1.0,-0.7853566201151133,-0.6530612244897959,1
0.9722222222222222,0.0,-0.2014482705492643,-0.979591836734694,0
0.7777777777777778,0.0,-0.8866585228961009,-0.2040816326530612,0
0.5277777777777778,-1.0,-0.500764854127461,-0.3469387755102041,1
-0.3888888888888889,0.0,0.7826163513706846,-0.3469387755102041,0
0.5,-1.0,0.6346748544576138,-0.9387755102040816,1
0.5555555555555556,0.0,-0.0234628633057105,0.9591836734693876,0
-0.9166666666666666,0.0,-0.0383857726127196,-0.1224489795918367,0
0.5833333333333334,-1.0,0.8771501205057942,0.0408163265306122,1
0.1944444444444444,0.0,-0.8187020590533417,0.1020408163265306,0
-0.8888888888888888,-1.0,-0.8113946757348652,0.8163265306122449,1
0.9166666666666666,-1.0,0.0339837344690591,-0.2448979591836734,1
-0.3611111111111111,0.0,0.7544763225373348,-0.0612244897959183,0
0.4166666666666667,-1.0,0.0329272453145806,0.3469387755102041,1
0.2222222222222222,-1.0,0.4038319742040565,0.1428571428571428,1
0.9444444444444444,0.0,-0.7734270967457934,0.1020408163265306,0
-0.2777777777777778,-1.0,0.4908052428274291,-0.2653061224489796,1
-0.1666666666666666,-1.0,-0.6588860642477468,0.0,1
0.6666666666666666,0.0,0.2915359811592767,0.2040816326530612,0
0.6666666666666666,0.0,-0.576336843958753,-0.5510204081632653,0
-0.75,-1.0,0.276789153378014,-0.5714285714285714,1
0.7222222222222222,0.0,-0.103007692561656,-0.7551020408163265,0
-0.0833333333333333,-1.0,-0.4605192203990447,-0.7346938775510204,1
0.4444444444444444,0.0,0.6780349301726699,0.8163265306122449,0
0.7777777777777778,-1.0,-0.4837399716068539,0.1020408163265306,1
-0.6388888888888888,0.0,-0.1367052945513772,0.4285714285714285,0
-0.2777777777777778,-1.0,0.6006030792256815,-1.020408163265306,1
0.6944444444444444,0.0,0.5497595386664026,0.4489795918367347,0
0.7222222222222222,0.0,-0.0847062189793874,0.8571428571428571,0
0.5555555555555556,0.0,-0.6312192545148404,0.4489795918367347,0
0.4444444444444444,0.0,-0.8650885359921644,0.6530612244897959,0
0.6388888888888888,-1.0,0.2512133117633464,-0.8163265306122449,1
0.6111111111111112,0.0,0.7377485775914249,-0.1836734693877551,0
0.9444444444444444,0.0,0.8519374470379786,0.6530612244897959,0
0.6666666666666666,0.0,-0.0812836343226914,-0.6530612244897959,0
-0.0833333333333333,0.0,-0.1301022373358865,0.4897959183673469,0
-0.8611111111111112,0.0,0.6766482881574168,0.2857142857142857,0
0.5,0.0,-0.5382041885392936,-0.7551020408163265,0
0.5,0.0,0.0124467628512001,-0.2857142857142857,0
0.0277777777777777,0.0,-0.5826647737902649,-0.1632653061224489,0
0.8333333333333334,0.0,-0.5409774725697998,0.6938775510204082,0
0.5833333333333334,-1.0,0.860334334797011,0.1836734693877551,1
-0.7777777777777778,0.0,0.1926001738805066,-0.8163265306122449,0
0.5,0.0,0.860257299129497,0.7959183673469388,0
0.75,-1.0,-0.249078323263671,-0.5102040816326531,1
-0.1666666666666666,0.0,0.8656608009508402,0.1428571428571428,0
0.1388888888888889,0.0,-0.8398208370475531,-0.0204081632653061,0
0.0277777777777777,0.0,-0.9458659359283348,0.0816326530612244,0
0.8611111111111112,-1.0,-0.7293626949277515,0.7142857142857143,1
0.3055555555555556,-1.0,-0.3578526857935224,0.2653061224489796,1
0.3611111111111111,0.0,-0.950972300174981,0.6326530612244898,0
0.5277777777777778,0.0,-0.4228707891753882,-0.7142857142857143,0
0.6666666666666666,0.0,-0.4388942080183124,0.8979591836734694,0
0.8888888888888888,-1.0,-0.2902703951929744,0.5918367346938775,1
0.1944444444444444,-1.0,0.8876159661923471,0.4285714285714285,1
-0.2777777777777778,0.0,-0.1605203209085806,-0.8979591836734694,0
0.6944444444444444,0.0,0.515456656431928,-0.4897959183673469,0
-0.8333333333333334,-1.0,-0.6437540581289137,-0.6938775510204082,1
0.9444444444444444,0.0,0.5327786765272321,0.0,0
-0.1388888888888889,0.0,-0.0446916922535133,0.2040816326530612,0
0.0833333333333333,-1.0,0.1941188770400695,-0.2040816326530612,1
0.6666666666666666,0.0,-0.0722044306513916,-0.7142857142857143,0
0.3055555555555556,-1.0,-0.759439620544312,0.3469387755102041,1
0.6111111111111112,-1.0,0.0849483310772887,-0.8163265306122449,1
0.3888888888888889,0.0,0.1707770697833096,-0.1224489795918367,0
0.6111111111111112,0.0,0.8928874068693805,0.1428571428571428,0
-0.1388888888888889,0.0,0.1575929655430464,0.7755102040816326,0
-0.8888888888888888,-1.0,-0.3922986342676659,-0.1632653061224489,1
0.75,-1.0,-0.6105186701442769,-0.9591836734693876,1
-0.5,-1.0,0.0300219001397647,0.5510204081632653,1
-0.5277777777777778,0.0,-0.7721615107794909,-0.2448979591836734,0
0.4444444444444444,0.0,-0.7786765272321085,-0.5102040816326531,0
0.4166666666666667,-1.0,-0.6107167618607415,0.3673469387755102,1
-0.8611111111111112,-1.0,-0.0889101654065832,-0.5306122448979592,1
-0.1666666666666666,0.0,-0.0783232636710797,-0.6938775510204082,0
0.1111111111111111,0.0,-0.4625221477544103,-0.0408163265306122,0
0.0833333333333333,-1.0,0.8754003103436891,0.1224489795918367,1
0.0555555555555555,0.0,0.6671618959578285,0.8367346938775511,0
-0.1944444444444444,-1.0,0.696226352801347,0.9591836734693876,1
0.25,0.0,-0.9618233241991042,-0.8571428571428571,0
0.1388888888888889,0.0,0.2797275138389074,0.7142857142857143,0
-0.5277777777777778,0.0,0.5197596487173561,0.2857142857142857,0
-0.4444444444444444,-1.0,0.0316286440622008,-0.8367346938775511,1
-0.3611111111111111,0.0,0.2986672829520068,0.8163265306122449,0
-0.9722222222222222,-1.0,-0.0836387247295497,0.6326530612244898,1
0.2222222222222222,-1.0,-0.4531788217944908,0.2040816326530612,1
0.1666666666666666,0.0,0.4307064170711039,0.6530612244897959,0
-0.9722222222222222,-1.0,0.5699979090318817,-0.2653061224489796,1
-1.0,-1.0,-0.6089889618893548,-0.1428571428571428,1
0.0,0.0,-0.2823797418204629,-1.020408163265306,0
-0.5,0.0,0.547679575643523,0.4489795918367347,0
0.6944444444444444,0.0,-0.6730496219749744,0.3265306122448979,0
0.7222222222222222,0.0,-0.4210879637272057,0.7755102040816326,0
0.0833333333333333,-1.0,-0.0260820760011885,0.1224489795918367,1
-0.1666666666666666,-1.0,-0.740378795382262,0.0408163265306122,1
-0.7222222222222222,-1.0,-0.5847557419085037,0.0408163265306122,1
-0.3333333333333333,-1.0,-0.2685243267632914,-0.3673469387755102,1
-0.9444444444444444,0.0,0.2852960920906379,-0.0612244897959183,0
0.0277777777777777,0.0,-0.1838291128792631,-0.673469387755102,0
0.2777777777777778,-1.0,0.3273135461718776,-0.6938775510204082,1
-0.8333333333333334,-1.0,-0.5907755290699593,0.1428571428571428,1
0.0555555555555555,0.0,-0.2696908668713614,0.2857142857142857,0
0.0833333333333333,0.0,0.8119229203121046,-0.0816326530612244,0
-0.3888888888888889,0.0,-0.5612928786027931,-0.3265306122448979,0
0.2222222222222222,0.0,0.5990733709707594,0.1020408163265306,0
-0.0277777777777777,-1.0,-0.9209504000352164,0.9387755102040816,1
0.8888888888888888,0.0,-0.0786424114364951,0.6122448979591837,0
-0.0277777777777777,-1.0,0.566817436473087,0.2653061224489796,1
-0.0555555555555555,0.0,0.3533846170777069,-0.8571428571428571,0
0.2777777777777778,0.0,0.2736306910099376,0.8979591836734694,0
0.0555555555555555,0.0,0.5020524502844818,0.673469387755102,0
-0.8611111111111112,-1.0,0.3535717036988125,-0.7551020408163265,1
-0.5,0.0,0.7050414341840272,0.7551020408163265,0
0.3055555555555556,0.0,0.2883775187912003,-0.5510204081632653,0
0.4166666666666667,-1.0,-0.8525647374734502,0.3061224489795918,1
0.7222222222222222,-1.0,-0.807300780261261,-0.3469387755102041,1
-0.8611111111111112,-1.0,-0.1636677781812979,-0.6938775510204082,1
0.5555555555555556,-1.0,0.0320358325904893,-0.2857142857142857,1
-0.1388888888888889,0.0,-0.6401113715650346,0.7346938775510204,0
-0.9444444444444444,-1.0,-0.9537785994915646,0.4897959183673469,1
-0.6111111111111112,0.0,0.3584469609429165,0.5510204081632653,0
-0.2222222222222222,0.0,0.6007241352746322,0.7959183673469388,0
-0.5277777777777778,-1.0,0.7271506707605622,-0.5510204081632653,1
0.3055555555555556,-1.0,0.714560841669693,0.4489795918367347,1
0.8333333333333334,0.0,-0.0772997898026786,-0.4897959183673469,0
-0.2222222222222222,-1.0,-0.6162633299217538,0.5714285714285714,1
0.7222222222222222,0.0,0.1232900833085718,0.7142857142857143,0
0.3055555555555556,-1.0,0.2939681072336492,0.1632653061224489,1
-0.9444444444444444,-1.0,0.9094500753849032,-0.8775510204081632,1
-0.2777777777777778,-1.0,-0.173715430244203,-0.5306122448979592,1
-0.7222222222222222,0.0,-0.645889046628589,0.1428571428571428,0
-0.5,-1.0,0.5648035040223623,0.1632653061224489,1
-0.4166666666666667,-1.0,0.9397360978132876,0.4285714285714285,1
-0.0555555555555555,0.0,0.9316693629150296,-0.5714285714285714,0
-0.9444444444444444,0.0,0.6169786611200986,-0.5714285714285714,0
-0.6111111111111112,0.0,0.7976162963452078,-0.1428571428571428,0
-0.1944444444444444,0.0,-0.8481186789483531,0.1632653061224489,0
0.0277777777777777,0.0,0.3793016166485082,0.1428571428571428,0
0.7777777777777778,-1.0,0.5043745254052626,-0.0204081632653061,1
-0.7222222222222222,-1.0,-0.2948815301484587,-0.5918367346938775,1
0.1111111111111111,-1.0,0.0034996203242101,-0.3469387755102041,1
-0.9722222222222222,-1.0,0.4238282324716343,-0.7142857142857143,1
1.0,0.0,-0.2240307262262427,-0.8367346938775511,0
0.7777777777777778,-1.0,-0.0698053198630966,0.3265306122448979,1
0.6388888888888888,0.0,-0.7831225857572056,-0.4081632653061224,0
0.1666666666666666,-1.0,0.0204804824633805,0.2857142857142857,1
0.3333333333333333,-1.0,-0.8410864230138554,-0.0816326530612244,1
-0.0277777777777777,0.0,0.3254646901515401,-0.8979591836734694,0
0.3055555555555556,-1.0,-0.0693321007626531,-0.6326530612244898,1
-0.4166666666666667,-1.0,0.0236169346407386,0.1632653061224489,1
-0.6388888888888888,0.0,0.3848811999955979,0.6122448979591837,0
-0.25,-1.0,-0.0630371862172185,0.9183673469387756,1
0.8888888888888888,0.0,-0.2394378597290545,-0.8571428571428571,0
0.0277777777777777,0.0,-0.7020370431509789,0.3877551020408163,0
0.9722222222222222,-1.0,-0.3632011621380699,-0.8979591836734694,1
-0.5833333333333334,-1.0,0.8982248781185689,0.5306122448979592,1
0.4166666666666667,0.0,0.6236697590984626,0.0408163265306122,0
0.5555555555555556,0.0,-0.5644073205894329,0.4693877551020408,0
-0.1944444444444444,0.0,-0.7055476685705482,-0.6326530612244898,0
0.3888888888888889,0.0,-0.1467309364235641,0.8163265306122449,0
-0.9166666666666666,0.0,0.827748247438564,-0.2653061224489796,0
0.6666666666666666,-1.0,-0.0235509040685837,-0.4897959183673469,1
0.0,0.0,0.8988741787447588,-0.0204081632653061,0
0.5,-1.0,-0.5491872737077267,0.7959183673469388,1
0.3333333333333333,0.0,0.3716310651831798,0.3061224489795918,0
-0.3611111111111111,-1.0,0.957960535728042,1.0,1
0.9166666666666666,0.0,-0.7343810184115246,0.4489795918367347,0
-0.1944444444444444,0.0,-0.6388567906940914,0.5510204081632653,0
-0.3333333333333333,0.0,-0.5714065612378532,-0.3877551020408163,0
-0.1944444444444444,0.0,-0.5790771127031815,0.979591836734694,0
-0.25,0.0,-0.1017751218814311,0.5918367346938775,0
-0.3333333333333333,0.0,0.2183961174023573,-0.2244897959183673,0
-0.3611111111111111,0.0,-0.5457536839556715,0.4285714285714285,0
-0.3333333333333333,-1.0,-0.8375317772128495,0.7755102040816326,1
0.4444444444444444,0.0,0.9276304929182212,-0.8775510204081632,0
-0.2222222222222222,-1.0,0.1294639418050557,-0.2040816326530612,1
-0.2222222222222222,0.0,0.0880297577778511,-0.3061224489795918,0
0.2777777777777778,-1.0,-0.9109357632583888,-0.7959183673469388,1
-1.0,-1.0,-0.5642202339683273,-0.2857142857142857,1
-0.6388888888888888,0.0,-0.7989699230743834,0.3469387755102041,0
0.5833333333333334,-1.0,-0.055069497177193,0.1632653061224489,1
-0.6666666666666666,-1.0,0.5432885425952216,0.8979591836734694,1
-0.5277777777777778,-1.0,0.6061276370959754,0.5714285714285714,1
0.6111111111111112,0.0,0.300648200116654,-0.9591836734693876,0
-0.6388888888888888,0.0,-0.9656751075748072,1.0,0
0.6388888888888888,0.0,0.0910121386201811,0.4693877551020408,0
-0.5277777777777778,-1.0,-0.9099122893899876,-0.1428571428571428,1
0.75,0.0,0.5013261139907778,0.4285714285714285,0
-0.1666666666666666,-1.0,0.5782297203605269,0.0612244897959183,1
-0.25,0.0,-0.7429429826009443,0.3061224489795918,0
0.0555555555555555,0.0,0.5568027996962593,-0.5102040816326531,0
0.1388888888888889,0.0,-0.5257354154973752,0.9183673469387756,0
0.4444444444444444,-1.0,0.4018730672301275,0.673469387755102,1
-0.3888888888888889,0.0,-0.2957949530632683,-0.1836734693877551,0
0.4166666666666667,-1.0,0.0797539260677693,-0.2040816326530612,1
-0.5833333333333334,-1.0,-0.1194933254096646,-0.1632653061224489,1
-0.8333333333333334,-1.0,-0.0586131378828397,0.1836734693877551,1
-0.0277777777777777,0.0,0.2259346077233759,0.7346938775510204,0
-0.3888888888888889,-1.0,0.1706890290204364,0.9183673469387756,1
0.7222222222222222,0.0,0.7754300241011588,0.4285714285714285,0
-0.4166666666666667,0.0,-0.943774967810096,-0.673469387755102,0
0.5833333333333334,0.0,0.1325453685056181,-0.1836734693877551,0
-0.6666666666666666,-1.0,0.0135582774824743,-0.5918367346938775,1
-0.8611111111111112,-1.0,-0.5795723419943434,-1.0,1
-0.5277777777777778,0.0,-0.4479183862128165,0.0204081632653061,0
-0.0833333333333333,0.0,-0.2957399275864725,0.2857142857142857,0
-0.1388888888888889,0.0,0.8591127692121452,0.5102040816326531,0
0.75,-1.0,0.9625826757788856,0.0816326530612244,1
0.2222222222222222,-1.0,-0.6634751890125128,0.9591836734693876,1
-0.4166666666666667,-1.0,-0.1980146807972091,0.9387755102040816,1
-0.4444444444444444,-1.0,-0.5539524799982392,-0.6122448979591837,1
0.9722222222222222,-1.0,0.7488637239041677,0.6122448979591837,1
-0.5833333333333334,0.0,0.6615382922293022,-0.7755102040816326,0
-0.4722222222222222,0.0,-0.9271462687224185,0.3265306122448979,0
0.5,-1.0,-0.2186602396909769,0.3265306122448979,1
-0.5,0.0,-0.0558288487569744,-0.5510204081632653,0
-0.9166666666666666,-1.0,-0.3846170777069783,0.0612244897959183,1
0.0277777777777777,-1.0,0.6851662319653999,0.8367346938775511,1
0.3055555555555556,0.0,0.7701035579473297,-0.3673469387755102,0
-0.4166666666666667,0.0,-0.3404316198399859,-0.1020408163265306,0
0.8055555555555556,-1.0,-0.2431465768650885,0.4693877551020408,1
0.1666666666666666,0.0,-0.1317750118304775,1.0,0
-0.6666666666666666,-1.0,0.6622646285230062,0.673469387755102,1
-0.8333333333333334,-1.0,0.7389041126041357,0.7959183673469388,1
0.8611111111111112,0.0,0.425038792961141,-0.5306122448979592,0
0.5,-1.0,0.9527441205278044,-0.4285714285714285,1
0.6666666666666666,-1.0,-0.7530456601406451,-0.1428571428571428,1
-0.9444444444444444,0.0,-0.3009343325959919,-0.4285714285714285,0
-0.75,0.0,0.5049137750778611,-0.3877551020408163,0
-0.8055555555555556,-1.0,-0.8572529080964486,-0.3469387755102041,1
0.8333333333333334,-1.0,0.8968162259125976,0.2448979591836734,1
0.1944444444444444,-1.0,0.7110942366315605,-0.4489795918367347,1
0.3333333333333333,-1.0,-0.0029713757469708,0.0,1
0.4166666666666667,0.0,-0.2863415761497573,-0.7755102040816326,0
0.3611111111111111,0.0,0.4059999779898093,0.8979591836734694,0
-0.8888888888888888,-1.0,0.6550452859674029,-0.1632653061224489,1
-0.5555555555555556,0.0,0.6621545775694146,-0.8775510204081632,0
0.1666666666666666,0.0,-0.244346132259236,0.2448979591836734,0
0.1944444444444444,-1.0,-0.6816225912597532,0.7755102040816326,1
0.9166666666666666,0.0,-0.0053704865352658,-0.8979591836734694,0
0.1666666666666666,-1.0,0.7313656222831171,1.0,1
-0.2222222222222222,0.0,0.3515357610573695,0.6938775510204082,0
-0.2222222222222222,-1.0,-0.7771138036911089,0.9591836734693876,1
0.8333333333333334,0.0,0.8206389558365523,-0.7755102040816326,0
0.8611111111111112,0.0,-0.1177104999614821,-0.1224489795918367,0
0.8333333333333334,0.0,-0.0559168895198476,-0.8367346938775511,0
-0.2777777777777778,-1.0,-0.9757887902098672,-0.7551020408163265,1
-0.7222222222222222,0.0,-0.637305072248451,0.6326530612244898,0
0.3333333333333333,-1.0,0.1524535860103227,0.673469387755102,1
0.2777777777777778,-1.0,-0.2249001287596157,0.8163265306122449,1
0.6944444444444444,-1.0,0.6564649432687334,0.5306122448979592,1
0.3055555555555556,-1.0,0.5047376935521146,-0.7142857142857143,1
0.4166666666666667,-1.0,-0.8850297687829465,-1.0,1
0.3888888888888889,0.0,0.0611993352922403,0.8979591836734694,0
0.9722222222222222,0.0,0.6700012105604896,0.7959183673469388,0
0.3055555555555556,0.0,-0.0343138873298337,-0.4489795918367347,0
-0.1111111111111111,-1.0,0.944930502822807,-0.6122448979591837,1
0.9444444444444444,0.0,-0.130212288289478,0.6938775510204082,0
-0.25,-1.0,-0.4533769135109555,0.0408163265306122,1
0.9444444444444444,0.0,-0.2362793973609781,-0.5714285714285714,0
0.6666666666666666,-1.0,0.0130630481913125,0.0816326530612244,1
0.4444444444444444,0.0,-0.2323395732224019,0.7551020408163265,0
0.6388888888888888,-1.0,-0.6902065656398912,-0.2857142857142857,1
-0.7777777777777778,0.0,0.7683317375945062,-0.1224489795918367,0
-0.9722222222222222,-1.0,-0.5343193898775133,-0.8367346938775511,1
0.3055555555555556,0.0,0.4213520860158253,-0.6122448979591837,0
-0.6944444444444444,-1.0,-0.6561237853125997,0.0612244897959183,1
0.7777777777777778,0.0,0.6554634795910507,0.4285714285714285,0
0.0,0.0,0.1776772645734975,1.0,0
0.1944444444444444,-1.0,-0.835385783617815,-0.7142857142857143,1
-0.2777777777777778,-1.0,0.6269162622294122,-0.9591836734693876,1
0.6944444444444444,-1.0,0.1266246272023947,0.7959183673469388,1
0.4444444444444444,0.0,-0.2716277636545721,-0.1632653061224489,0
0.1944444444444444,0.0,0.7636655771622262,-0.3061224489795918,0
-0.1944444444444444,0.0,0.7466076793555416,0.9387755102040816,0
-0.75,-1.0,-0.5434316088348905,-0.4081632653061224,1
0.6666666666666666,0.0,-0.859024728449272,-0.3061224489795918,0
-0.9722222222222222,-1.0,0.8903892502228532,-0.8775510204081632,1
0.9722222222222222,0.0,-0.6415310288663651,0.6938775510204082,0
-0.5833333333333334,-1.0,0.4211429892040014,-0.8979591836734694,1
0.7222222222222222,-1.0,-0.8476674700386279,-0.5102040816326531,1
0.3611111111111111,0.0,-0.3745584205487141,0.2040816326530612,0
-0.1111111111111111,0.0,0.5930425787139445,-0.7755102040816326,0
1.0,-1.0,-0.5546788162919432,0.4489795918367347,1
0.8611111111111112,0.0,-0.0114012787920807,0.2448979591836734,0
-0.5833333333333334,0.0,-0.6346638493622547,-0.1020408163265306,0
-0.0833333333333333,-1.0,-0.3152299514675294,0.4897959183673469,1
-0.8611111111111112,-1.0,0.369903265211793,-0.2857142857142857,1
-0.4166666666666667,0.0,-0.7561380919365667,-0.1632653061224489,0
-0.5833333333333334,0.0,0.6110689249122344,0.2857142857142857,0
-0.6111111111111112,0.0,-0.8190102017233979,0.1428571428571428,0
0.0277777777777777,0.0,0.2989314052406264,-0.6326530612244898,0
-0.4722222222222222,-1.0,0.2884325442679961,-0.1836734693877551,1
-0.25,-1.0,0.5849758438156867,-0.0816326530612244,1
0.9444444444444444,-1.0,0.2072919761849736,-0.8367346938775511,1
-0.7777777777777778,-1.0,0.4934024453321888,0.8163265306122449,1
0.7222222222222222,0.0,0.1479745121991482,0.979591836734694,0
-0.2777777777777778,0.0,-0.584128451473032,0.0816326530612244,0
-0.6111111111111112,-1.0,-0.6703093532305457,-0.3265306122448979,1
-0.5833333333333334,-1.0,-0.9545929765481418,-0.1632653061224489,1
0.8888888888888888,0.0,0.0850583820308803,-0.6530612244897959,0
0.0,-1.0,-0.0887450889761959,-0.6938775510204082,1
0.25,0.0,-0.3776948727260721,0.8979591836734694,0
0.9444444444444444,-1.0,0.8394356587099827,-0.3877551020408163,1
-1.0,-1.0,0.0698823555306106,0.8367346938775511,1
-0.4722222222222222,-1.0,-0.2037703456700452,-1.0,1
-0.6111111111111112,-1.0,-0.0590203264111283,0.4081632653061224,1
0.0555555555555555,-1.0,-0.2392177578218715,-0.3877551020408163,1
-0.5277777777777778,-1.0,-0.6277636545720668,-0.3061224489795918,1
-0.9166666666666666,0.0,0.1842032861214742,0.2857142857142857,0
0.4444444444444444,-1.0,0.8338670804582522,-0.0204081632653061,1
-0.6666666666666666,0.0,-0.925803647088602,0.3265306122448979,0
0.3055555555555556,-1.0,0.2972256154599579,-0.9387755102040816,1
0.7777777777777778,0.0,-0.0477731189540757,-0.3061224489795918,0
-0.9166666666666666,-1.0,0.9139731695775144,0.4489795918367347,1
-0.0555555555555555,0.0,0.143814586153389,-1.020408163265306,0
0.1944444444444444,-1.0,0.3596905367185006,-0.1020408163265306,1
-0.6944444444444444,0.0,0.0853775297962956,-0.3877551020408163,0
-0.0277777777777777,-1.0,-0.0478391495262306,0.5102040816326531,1
-0.3333333333333333,-1.0,-0.3999801908283535,0.1020408163265306,1
0.0277777777777777,0.0,-0.1090825051999075,0.2244897959183673,0
-0.0277777777777777,-1.0,0.1781174683878635,0.6326530612244898,1
0.8055555555555556,-1.0,0.0440423916273234,0.5714285714285714,1
0.0833333333333333,-1.0,-0.8283865429693948,-0.6326530612244898,1
-0.0277777777777777,-1.0,0.7007604520893174,-0.8367346938775511,1
0.3055555555555556,-1.0,0.0922667194911243,0.0204081632653061,1
0.9444444444444444,-1.0,0.3790264892645295,0.3061224489795918,1
-0.75,-1.0,0.7785224558970804,-0.3265306122448979,1
0.5277777777777778,0.0,-0.2138730232097461,-0.4081632653061224,0
0.3611111111111111,-1.0,-0.404745397118866,-0.7755102040816326,1
-0.3333333333333333,-1.0,-0.8307086180901757,-0.3673469387755102,1
0.3611111111111111,-1.0,-0.4924119867498652,0.8571428571428571,1
0.3611111111111111,-1.0,-0.9046078334268768,0.2244897959183673,1
-0.7777777777777778,0.0,-0.2962461619729934,-1.0,0
0.4722222222222222,0.0,-0.3241991041852378,-0.8367346938775511,0
-0.5833333333333334,-1.0,0.7810866431157626,-0.3061224489795918,1
-0.1388888888888889,0.0,-0.4212860554436704,-0.0204081632653061,0
-0.1111111111111111,-1.0,0.6862117160245194,-0.2857142857142857,1
0.4722222222222222,-1.0,0.6272133998041093,0.8775510204081632,1
-0.6666666666666666,0.0,0.7413362386785082,-0.8163265306122449,0
0.6111111111111112,-1.0,-0.9573992758647254,-0.7959183673469388,1
0.6944444444444444,0.0,-0.8781295739927586,0.5510204081632653,0
-0.8333333333333334,-1.0,-0.8269228652866277,0.3265306122448979,1
1.0,0.0,0.8011709421462136,0.2857142857142857,0
0.1111111111111111,0.0,-0.0854105450823731,-0.8367346938775511,0
0.0555555555555555,-1.0,0.9614931713383296,0.5510204081632653,1
-0.75,0.0,0.7502503659194207,0.0408163265306122,0
-0.4722222222222222,-1.0,-0.7550595925913698,0.4081632653061224,1
-0.1388888888888889,-1.0,-0.7784344151342072,-0.3673469387755102,1
0.3611111111111111,0.0,0.1158506388457856,0.5714285714285714,0
0.5555555555555556,0.0,0.3322328237974182,-0.6326530612244898,0
-0.8333333333333334,0.0,-0.2097020920686277,0.2448979591836734,0
-0.9166666666666666,-1.0,-0.7401476883797198,-0.1428571428571428,1
-0.5277777777777778,0.0,-0.0046111349554843,0.0,0
0.6666666666666666,-1.0,0.7895715716376682,-1.020408163265306,1
-0.6666666666666666,0.0,-0.0603959633310222,-0.0408163265306122,0
0.0277777777777777,-1.0,0.2343755158638449,-0.2448979591836734,1
0.3888888888888889,-1.0,-0.5988862843496539,-0.4285714285714285,1
0.75,-1.0,0.5668064313777279,0.2653061224489796,1
0.25,-1.0,-0.9468563945106584,-0.5306122448979592,1
-0.6111111111111112,-1.0,0.9665665202988984,0.6530612244897959,1
0.1944444444444444,0.0,0.7005733654682118,-0.9387755102040816,0
0.1944444444444444,0.0,0.3071522114739124,-0.4897959183673469,0
0.25,-1.0,-0.0569183531975304,-0.4897959183673469,1
1.0,0.0,0.3819318344393454,0.9183673469387756,0
-0.6666666666666666,-1.0,-0.558959798386653,0.2448979591836734,1
-0.1944444444444444,-1.0,-0.9523039167134384,0.2857142857142857,1
-0.9166666666666666,0.0,-0.6588750591523875,0.4897959183673469,0
-1.0,0.0,0.8970803482012172,0.8163265306122449,0
0.7222222222222222,0.0,-0.1438586065348256,-0.6122448979591837,0
-0.8888888888888888,-1.0,-0.3990997831996214,0.0204081632653061,1
-0.6111111111111112,0.0,0.4395655188352207,-0.9591836734693876,0
0.2777777777777778,0.0,0.6649608768859983,-0.1428571428571428,0
0.5,0.0,0.3166936291502966,0.0408163265306122,0
0.9444444444444444,0.0,-0.9516656211826076,0.3469387755102041,0
-0.3611111111111111,-1.0,0.8852938910715661,0.2040816326530612,1
-0.75,0.0,0.8667062850099596,-0.6122448979591837,0
-0.6944444444444444,0.0,0.2132567378696336,-0.8163265306122449,0
-0.1666666666666666,-1.0,0.871394455632958,-0.7551020408163265,1
-0.5833333333333334,0.0,0.1929083165505629,0.1836734693877551,0
-0.7222222222222222,0.0,-0.3896354011907513,-1.0,0
-0.4722222222222222,0.0,-0.043866310101577,0.3061224489795918,0
0.0277777777777777,0.0,-0.6931559311961438,-0.3673469387755102,0
0.5555555555555556,-1.0,0.4316858705580684,-0.8979591836734694,1
-0.5,-1.0,0.5793742502778787,-0.2857142857142857,1
0.9166666666666666,-1.0,-0.4221774681677617,0.0,1
-0.6944444444444444,0.0,-0.9472965983250244,-0.3265306122448979,0
-0.3333333333333333,0.0,0.0268304224856108,-0.6122448979591837,0
0.2777777777777778,0.0,-0.6043338065524337,0.0,0
0.1388888888888889,0.0,-0.5540515258564715,0.1632653061224489,0
0.2222222222222222,-1.0,0.9294903540339176,-0.2857142857142857,1
0.1388888888888889,-1.0,0.3758460167057347,0.7959183673469388,1
0.0555555555555555,0.0,0.973961944380248,-0.2857142857142857,0
0.0833333333333333,0.0,0.9179680191928864,-0.3469387755102041,0
-0.8888888888888888,-1.0,-0.6051701937997293,0.7142857142857143,1
0.6666666666666666,0.0,-0.5454895616670519,-0.2244897959183673,0
0.1111111111111111,0.0,0.6217988928874069,1.0,0
-0.9444444444444444,0.0,-0.6280497870514048,-0.4081632653061224,0
0.1666666666666666,0.0,0.0998712403842979,-0.7959183673469388,0
-0.5,0.0,-0.907755290699594,-0.2244897959183673,0
0.5555555555555556,0.0,-0.044009376341246,0.7959183673469388,0
-0.3333333333333333,-1.0,-0.1371014779843067,0.9387755102040816,1
0.3055555555555556,-1.0,0.3562459418710863,0.0204081632653061,1
0.0833333333333333,0.0,-0.8176455698988632,0.3469387755102041,0
-0.1111111111111111,-1.0,0.4927421396106397,-0.0816326530612244,1
-0.3888888888888889,-1.0,0.4569645745980389,-0.673469387755102,1
0.0277777777777777,-1.0,-0.5365314140447027,0.2040816326530612,1
-0.25,0.0,-0.8214313227024113,0.6938775510204082,0
-0.8055555555555556,-1.0,0.928642961691263,-0.4489795918367347,1
0.3888888888888889,0.0,0.3834395325035491,-0.5102040816326531,0
0.75,0.0,-0.4833437881739245,-0.9387755102040816,0
-0.1944444444444444,0.0,0.356444033587551,0.7346938775510204,0
0.1944444444444444,0.0,-0.0837817909692187,0.0408163265306122,0
-0.2777777777777778,0.0,-0.943620896475068,0.4285714285714285,0
-0.3611111111111111,0.0,0.4498002575192314,0.3673469387755102,0
0.7222222222222222,0.0,0.771369143913632,0.1428571428571428,0
0.0277777777777777,-1.0,0.995124742755896,0.0816326530612244,1
-0.7222222222222222,-1.0,0.5488020953701563,-0.6530612244897959,1
-0.5277777777777778,0.0,-0.9715078081151574,-0.979591836734694,0
-0.25,-1.0,-0.1709311411183378,1.0,1
0.25,0.0,0.915106694399507,-0.8571428571428571,0
0.25,0.0,-0.3896354011907513,-0.2244897959183673,0
-0.8888888888888888,0.0,-0.3946097042930877,-0.5510204081632653,0
0.4444444444444444,-1.0,0.9943874013668328,-0.2040816326530612,1
0.5,0.0,-0.2745881343061838,0.5714285714285714,0
0.7222222222222222,-1.0,-0.3331242365215094,0.0408163265306122,1
-0.0833333333333333,0.0,-0.6752066206653681,1.0,0
-0.5277777777777778,-1.0,0.9633090120725896,0.5102040816326531,1
0.3888888888888889,0.0,0.0163865869897762,0.3469387755102041,0
-0.1111111111111111,0.0,-0.9596002949365556,-0.1224489795918367,0
-0.6388888888888888,-1.0,0.1000693321007626,-0.0204081632653061,1
0.4444444444444444,-1.0,0.9464382008870108,-0.3469387755102041,1
0.3055555555555556,-1.0,-0.6595023495878591,0.6530612244897959,1
0.3055555555555556,0.0,-0.7670991669142813,0.0816326530612244,0
-0.9444444444444444,0.0,0.0115773603178271,-0.0612244897959183,0
-0.8888888888888888,0.0,0.0959864417225175,-0.3061224489795918,0
-0.0833333333333333,0.0,0.8611046914721516,-0.1224489795918367,0
-0.6666666666666666,-1.0,0.8833900095744329,0.7142857142857143,1
-0.0833333333333333,-1.0,0.931691373105748,-0.2448979591836734,1
-0.0833333333333333,-1.0,-0.7476091430332243,0.1224489795918367,1
-0.1111111111111111,-1.0,-0.5935488131004655,0.8367346938775511,1
-0.4444444444444444,-1.0,0.672290270395193,-0.2244897959183673,1
-0.6666666666666666,-1.0,0.544917296708376,0.8163265306122449,1
-0.4722222222222222,0.0,-0.049104735492533,-0.1428571428571428,0
0.2777777777777778,-1.0,0.6540768375757976,-0.2857142857142857,1
-1.0,-1.0,0.5360361847535409,0.673469387755102,1
-0.8888888888888888,0.0,0.8164460145047157,0.2857142857142857,0
-0.7777777777777778,0.0,0.2896100894714252,0.5510204081632653,0
0.7777777777777778,0.0,-0.7902648926452948,-0.1224489795918367,0
0.1666666666666666,-1.0,-0.6904596828331517,0.0612244897959183,1
-0.4166666666666667,0.0,0.5416707935774263,-0.0612244897959183,0
0.4444444444444444,-1.0,0.716299646736439,-0.9387755102040816,1
0.0833333333333333,-1.0,0.9573882707693662,-0.0612244897959183,1
0.1944444444444444,-1.0,-0.1547866662264628,-0.979591836734694,1
-0.4166666666666667,-1.0,-0.8070036426865639,-0.4897959183673469,1
-0.2777777777777778,-1.0,0.6221510559388997,-0.4897959183673469,1
0.4722222222222222,0.0,0.1099409026379213,-0.4081632653061224,0
-0.0833333333333333,0.0,0.1275710654032817,0.4897959183673469,0
0.8333333333333334,-1.0,0.0877656354892315,0.6326530612244898,1
0.4444444444444444,0.0,0.8100410490056896,0.5714285714285714,0
-0.3611111111111111,0.0,-0.3105527859398901,0.8979591836734694,0
0.2222222222222222,-1.0,0.9394829806200272,0.8367346938775511,1
-0.7222222222222222,0.0,-0.3417412261877249,-0.7551020408163265,0
-0.5277777777777778,0.0,-0.1216173088139808,1.0,0
-0.8888888888888888,-1.0,-0.2805639010862029,-0.8775510204081632,1
-0.7777777777777778,0.0,-0.6928257783353693,-0.0204081632653061,0
-0.6666666666666666,-1.0,0.2743020018268458,0.1836734693877551,1
-0.7222222222222222,0.0,-0.8556351590786534,0.0204081632653061,0
0.8333333333333334,-1.0,0.738992153367009,-0.0204081632653061,1
-0.0833333333333333,-1.0,0.9142262867707748,0.3877551020408163,1
0.5833333333333334,-1.0,0.8584634685859553,0.2040816326530612,1
0.3888888888888889,-1.0,0.8805176796856945,0.0408163265306122,1
-0.8888888888888888,0.0,-0.0496549902604906,0.3061224489795918,0
-0.6944444444444444,0.0,-0.887175762377981,-0.3265306122448979,0
-0.5,-1.0,0.1999515775804197,0.1224489795918367,1
-1.0,-1.0,0.6425655078301253,0.0204081632653061,1
0.2777777777777778,0.0,-0.1653185424851706,-0.673469387755102,0
-1.0,0.0,0.8536322317232878,-0.2040816326530612,0
0.3888888888888889,0.0,0.508402390306712,-0.4693877551020408,0
0.5833333333333334,-1.0,-0.8830598567136584,0.4081632653061224,1
0.6666666666666666,0.0,-0.7003862788471062,-1.0,0
0.0555555555555555,0.0,0.2901603442393828,-0.7346938775510204,0
0.1666666666666666,-1.0,-0.6858485478776674,0.6530612244897959,1
0.9722222222222222,-1.0,0.8142009750514488,0.6938775510204082,1
-0.6944444444444444,0.0,0.474946900414892,-0.1836734693877551,0
-1.0,0.0,0.5184060219881805,0.2857142857142857,0
-0.3333333333333333,0.0,-0.6978000814377057,-0.2448979591836734,0
-0.3055555555555556,-1.0,-0.8024695433985936,-1.020408163265306,1
-0.2222222222222222,-1.0,-0.3761431542804318,0.0204081632653061,1
0.9166666666666666,-1.0,0.6455809039585328,0.0816326530612244,1
0.8888888888888888,-1.0,-0.4649102534473461,-0.5306122448979592,1
-0.3611111111111111,-1.0,-0.6932109566729395,0.5714285714285714,1
-0.7222222222222222,-1.0,-0.6841757733830763,-0.8367346938775511,1
0.3888888888888889,-1.0,-0.333597455621953,-0.3061224489795918,1
0.7777777777777778,-1.0,0.3376143154280432,-0.6326530612244898,1
-0.1111111111111111,0.0,-0.2803437991790198,0.0408163265306122,0
-0.1944444444444444,0.0,0.6718170512947494,0.4285714285714285,0
-0.5833333333333334,-1.0,-0.0588112295993044,-0.5714285714285714,1
-0.6666666666666666,0.0,0.9025388754993562,-0.7346938775510204,0
0.7222222222222222,0.0,-0.6199830521531469,0.2244897959183673,0
-0.3055555555555556,0.0,-0.3189496736989226,-0.673469387755102,0
0.3333333333333333,-1.0,-0.1111844784135054,-0.4285714285714285,1
-0.1111111111111111,0.0,-0.5849318234342501,-0.4081632653061224,0
-0.3333333333333333,-1.0,0.9579275204419646,-0.1020408163265306,1
-0.6666666666666666,0.0,-0.772601714593857,0.8571428571428571,0
-0.1666666666666666,-1.0,0.0828023374822542,-0.0816326530612244,1
-0.8611111111111112,0.0,-0.3865209592041115,-0.1836734693877551,0
-0.4444444444444444,0.0,0.0839798826856834,0.5306122448979592,0
-0.0277777777777777,-1.0,-0.2249881695224889,-0.3265306122448979,1
0.5555555555555556,0.0,-0.641376957531337,-0.8367346938775511,0
0.0277777777777777,-1.0,0.8695676098033389,0.2653061224489796,1
0.5,-1.0,0.5098220476080425,0.5510204081632653,1
0.9444444444444444,-1.0,0.9204771809347728,-0.8163265306122449,1
0.2777777777777778,0.0,0.2376000088040762,0.6326530612244898,0
-0.5277777777777778,0.0,-0.2497386289852201,0.7142857142857143,0
-0.8888888888888888,0.0,-0.1556890840459132,-0.3877551020408163,0
-0.1666666666666666,0.0,0.7816368978837201,0.9591836734693876,0
0.8055555555555556,-1.0,0.2080733379554734,0.5306122448979592,1
1.0,0.0,-0.6836035084244005,0.5306122448979592,0
-0.5277777777777778,0.0,-0.737396414539932,-0.8775510204081632,0
-0.1666666666666666,0.0,0.3086158891566795,0.8979591836734694,0
-0.3333333333333333,0.0,-0.9527661307185228,-0.4081632653061224,0
0.7222222222222222,-1.0,0.6710136793335314,-0.5102040816326531,1
0.3888888888888889,-1.0,-0.7207126899754587,-0.673469387755102,1
-0.6388888888888888,-1.0,-0.7827043921335578,0.979591836734694,1
-0.9444444444444444,-1.0,-0.5305666523600427,-0.7346938775510204,1
0.9722222222222222,-1.0,0.51996874552918,-0.6938775510204082,1
-0.9722222222222222,-1.0,-0.3653251455423861,0.3877551020408163,1
-0.6944444444444444,0.0,-0.2916900524943048,-0.8775510204081632,0
0.8333333333333334,-1.0,0.7491718665742239,0.9387755102040816,1
-0.6944444444444444,0.0,-0.8076859585988313,-0.8571428571428571,0
0.25,-1.0,0.7046452507510977,0.979591836734694,1
0.9444444444444444,0.0,0.7957014097527155,0.3673469387755102,0
-0.3333333333333333,-1.0,0.1433743823390229,-0.6938775510204082,1
-0.4166666666666667,-1.0,0.6018466550012656,0.3061224489795918,1
0.1111111111111111,-1.0,-0.682987223084288,0.6938775510204082,1
-0.9166666666666666,-1.0,-0.1963639164933364,-0.3265306122448979,1
0.25,0.0,0.8541164559190906,0.8979591836734694,0
0.3055555555555556,-1.0,0.4280541890895484,-0.2653061224489796,1
-0.6111111111111112,0.0,-0.936698691494162,-0.4897959183673469,0
0.8611111111111112,0.0,-0.5675107574807136,-0.5306122448979592,0
0.0555555555555555,-1.0,-0.254745947373634,-0.4285714285714285,1
-0.1111111111111111,-1.0,-0.698042193535607,-0.3061224489795918,1
0.6111111111111112,-1.0,-0.7555658269778908,0.4693877551020408,1
-0.6666666666666666,-1.0,0.9468453894152992,-0.4693877551020408,1
0.0,-1.0,-0.2314811757843881,0.2857142857142857,1
-0.6111111111111112,-1.0,0.1343832194305963,-1.020408163265306,1
0.8611111111111112,-1.0,-0.430134152112428,-0.4897959183673469,1
-0.6944444444444444,-1.0,0.3191037450339507,0.3265306122448979,1
0.5833333333333334,0.0,0.7652503108939439,-0.5918367346938775,0
0.0833333333333333,0.0,-0.4589564968580453,0.7142857142857143,0
-0.4722222222222222,-1.0,-0.8941089724542464,0.9183673469387756,1
0.4166666666666667,0.0,-0.559543068440688,-0.8571428571428571,0
0.0555555555555555,0.0,0.418204628743108,-0.0612244897959183,0
0.2222222222222222,0.0,-0.3816897223414441,0.6938775510204082,0
0.9444444444444444,-1.0,-0.2493754608383681,0.8163265306122449,1
0.3333333333333333,0.0,-0.0450218451142879,-0.3061224489795918,0
-0.3611111111111111,0.0,-0.4896717180054365,-0.3877551020408163,0
-0.1388888888888889,-1.0,0.2729483750976702,0.673469387755102,1
-0.4166666666666667,0.0,-0.2886416410798199,-0.1020408163265306,0
-0.2222222222222222,-1.0,-0.1221235432005018,-0.6938775510204082,1
0.3888888888888889,-1.0,-0.8975315571109423,-0.0612244897959183,1
0.1666666666666666,0.0,-0.5932406704304093,0.3469387755102041,0
-0.5277777777777778,0.0,0.2097461124500644,0.3673469387755102,0
0.0555555555555555,0.0,-0.972069067978474,-0.0408163265306122,0
-0.8611111111111112,0.0,0.9037274257981446,0.9183673469387756,0
0.25,0.0,-0.4124379587749128,0.0204081632653061,0
0.2222222222222222,0.0,-0.0179162952446982,0.0612244897959183,0
0.2222222222222222,0.0,-0.0031144419866398,0.6122448979591837,0
-0.9166666666666666,-1.0,0.6628478985770412,0.3469387755102041,1
0.1666666666666666,0.0,0.5722319433897894,0.2857142857142857,0
0.9166666666666666,-1.0,0.7105219716728846,0.4489795918367347,1
-0.1388888888888889,-1.0,0.3402555383142395,-0.6122448979591837,1
-0.8333333333333334,0.0,-0.12875961570207,0.1224489795918367,0
0.2222222222222222,-1.0,-0.5420889872010741,-0.5714285714285714,1
-0.6388888888888888,-1.0,-0.135956948066955,-0.2448979591836734,1
-0.6111111111111112,0.0,0.6809842957289225,-0.3469387755102041,0
0.3333333333333333,0.0,-0.3201602341884292,-0.4489795918367347,0
-0.0555555555555555,0.0,-0.5172945073569063,0.8367346938775511,0
-0.3611111111111111,0.0,-0.7437023341807256,0.0816326530612244,0
0.5833333333333334,-1.0,0.4231018961779303,0.8979591836734694,1
0.9444444444444444,0.0,0.1403920014966929,0.3469387755102041,0
0.0,0.0,0.744890884479514,0.4285714285714285,0
0.4722222222222222,-1.0,0.2945953976691208,-0.9387755102040816,1
0.4444444444444444,0.0,0.0709608548758075,0.1428571428571428,0
0.6666666666666666,-1.0,-0.4702697348872528,0.4897959183673469,1
0.6666666666666666,0.0,-0.8928764017740214,0.4285714285714285,0
0.2222222222222222,-1.0,-0.6916482331319401,-0.6326530612244898,1
-0.3055555555555556,0.0,-0.3283700353263561,-0.9387755102040816,0
0.4444444444444444,0.0,-0.587253898555031,0.979591836734694,0
0.1388888888888889,0.0,-0.7564352295112637,-0.4489795918367347,0
-0.6388888888888888,0.0,-0.3402665434095986,-0.3673469387755102,0
0.4166666666666667,0.0,0.6883577096195539,0.979591836734694,0
-1.0,-1.0,-0.5138499125094919,0.9183673469387756,1
0.8611111111111112,-1.0,0.3884028305105264,-0.979591836734694,1
-0.0555555555555555,-1.0,0.2166793225263296,0.2448979591836734,1
0.1944444444444444,-1.0,-0.8121980476960833,-0.5306122448979592,1
-0.6388888888888888,0.0,-0.3737220333014185,0.7959183673469388,0
0.1944444444444444,0.0,-0.8647143627499533,-0.5714285714285714,0
-0.3333333333333333,0.0,-0.0629051250729087,0.3877551020408163,0
-0.3333333333333333,0.0,-0.8556571692693717,-0.0612244897959183,0
0.3055555555555556,-1.0,-0.2034071775231932,-0.8979591836734694,1
0.2222222222222222,0.0,-0.6470445816413,-0.9183673469387756,0
0.6944444444444444,0.0,-0.4610254547855657,0.5306122448979592,0
-0.4166666666666667,-1.0,0.5994145289268932,0.7346938775510204,1
-0.4722222222222222,0.0,0.5510691450141415,0.1428571428571428,0
0.0,-1.0,0.5974446168576051,-0.4897959183673469,1
0.5555555555555556,0.0,0.4483035645503868,0.8775510204081632,0
0.6944444444444444,-1.0,-0.5392826878844905,0.4285714285714285,1
-0.2222222222222222,0.0,-0.2753474858859652,0.1020408163265306,0
-0.5555555555555556,-1.0,0.8576711017200964,0.2857142857142857,1
0.6666666666666666,0.0,0.8475244037989589,-0.4897959183673469,0
0.9166666666666666,-1.0,-0.5433655782627357,-0.979591836734694,1
-0.1944444444444444,-1.0,0.8186360284811868,0.3877551020408163,1
0.4722222222222222,0.0,0.6218429132688434,0.1632653061224489,0
0.5555555555555556,-1.0,-0.2958169632539866,0.1020408163265306,1
0.1944444444444444,0.0,-0.6903716420702786,0.7755102040816326,0
-0.5555555555555556,-1.0,-0.7369782209162843,0.1224489795918367,1
-0.4722222222222222,-1.0,0.0686828001364631,-0.7755102040816326,1
0.9444444444444444,-1.0,0.8202757876897003,0.0816326530612244,1
0.0,-1.0,-0.7887792047718093,0.9591836734693876,1
0.5,-1.0,-0.8278472932967964,0.8979591836734694,1
0.5833333333333334,0.0,0.6030462103954131,0.5714285714285714,0
0.75,-1.0,0.2619432797385189,0.6326530612244898,1
-0.5,-1.0,-0.4204386631010158,-0.3061224489795918,1
-0.8333333333333334,0.0,-0.9710235839193546,-0.2448979591836734,0
-0.6666666666666666,-1.0,0.7510427327852796,0.3265306122448979,1
-0.25,0.0,-0.921885833140744,-0.5102040816326531,0
-0.1111111111111111,-1.0,0.11566355222468,0.7959183673469388,1
0.5555555555555556,-1.0,-0.1654285934387621,-0.0408163265306122,1
0.4722222222222222,-1.0,0.7400596476168466,0.6122448979591837,1
-0.2222222222222222,-1.0,-0.4263594044042391,0.2448979591836734,1
0.2777777777777778,0.0,0.763731607734381,-0.4693877551020408,0
0.0,0.0,-0.7614315428043184,-0.9183673469387756,0
-0.6111111111111112,-1.0,-0.9438850187636876,-0.979591836734694,1
0.3888888888888889,0.0,0.4666600636094511,0.7959183673469388,0
0.4166666666666667,0.0,-0.5291469950587122,-0.673469387755102,0
-0.0833333333333333,0.0,0.5406032993275887,-0.2653061224489796,0
-0.2222222222222222,-1.0,0.0127769157119746,-0.6326530612244898,1
0.25,0.0,0.5494954163777829,0.1224489795918367,0
0.6944444444444444,-1.0,-0.5635709333421374,0.2653061224489796,1
0.1944444444444444,0.0,-0.7918716365677309,0.7755102040816326,0
-0.9444444444444444,-1.0,-0.2451274940297357,-0.9591836734693876,1
0.6944444444444444,0.0,0.5389745452144343,0.4081632653061224,0
0.3333333333333333,0.0,-0.4429440831104801,0.3469387755102041,0
-0.0555555555555555,0.0,0.5167772678750261,-0.7142857142857143,0
-0.4444444444444444,0.0,0.0234738684010696,0.3469387755102041,0
-0.1388888888888889,0.0,-0.6101334918067065,-0.9183673469387756,0
-0.4166666666666667,0.0,0.8875279254294739,0.8571428571428571,0
0.0833333333333333,-1.0,-0.6632550871053298,-0.6938775510204082,1
0.75,-1.0,-0.8416146675910947,0.6530612244897959,1
-0.25,0.0,-0.1186019126855734,-0.3061224489795918,0
-0.3611111111111111,-1.0,-0.1431762906225582,-0.9183673469387756,1
-0.5555555555555556,0.0,-0.4386520959204111,0.0,0
0.2777777777777778,0.0,0.9032542066977012,-0.6938775510204082,0
0.3611111111111111,0.0,-0.3334323791915657,-0.9387755102040816,0
0.4722222222222222,0.0,-0.0537158704480174,-0.5714285714285714,0
-0.75,0.0,-0.2712756006030792,0.0,0
-0.1944444444444444,0.0,0.0960854875807498,-0.6938775510204082,0
0.25,0.0,0.8881992362463821,0.2448979591836734,0
-0.75,0.0,-0.1041082020975711,0.5918367346938775,0
-0.6388888888888888,-1.0,0.8256022538435296,-1.020408163265306,1
1.0,0.0,0.3252886086257937,0.4489795918367347,0
0.9722222222222222,-1.0,0.1286275545577602,0.6122448979591837,1
0.5277777777777778,-1.0,-0.6503571153444044,-0.5306122448979592,1
0.1111111111111111,-1.0,-0.1164339088998206,0.1632653061224489,1
0.5555555555555556,0.0,0.644073205894329,0.673469387755102,0
0.0,-1.0,0.3373501931394235,-0.1836734693877551,1
0.8333333333333334,0.0,0.8536212266279287,0.6326530612244898,0
0.75,-1.0,-0.5823456260248495,-0.4489795918367347,1
0.0833333333333333,0.0,-0.8411634586813694,0.7959183673469388,0
-0.9722222222222222,-1.0,0.0263021779083715,-0.5102040816326531,1
1.0,-1.0,-0.5138499125094919,-0.7346938775510204,1
-0.7777777777777778,0.0,-0.3582048488450152,0.1020408163265306,0
0.6111111111111112,0.0,-0.1636457679905796,-0.8571428571428571,0
-0.6111111111111112,-1.0,-0.4722506520519,-0.0612244897959183,1
-0.25,0.0,-0.6505001815840734,-0.5102040816326531,0
-0.8333333333333334,-1.0,-0.1466869160421275,-0.8571428571428571,1
0.5833333333333334,0.0,0.4558640650621237,0.7346938775510204,0
-0.0277777777777777,0.0,0.8805286847810536,0.0816326530612244,0
0.0833333333333333,0.0,0.9705833801049886,-0.7551020408163265,0
-0.4444444444444444,-1.0,0.8847986617804043,0.1632653061224489,1
-0.25,0.0,0.6290952711105242,0.673469387755102,0
-0.6388888888888888,0.0,0.311488219045418,0.673469387755102,0
0.5277777777777778,-1.0,0.8110755279694498,0.1020408163265306,1
0.25,0.0,0.0766835044625661,-0.4285714285714285,0
0.0,0.0,-0.122354650203044,0.0408163265306122,0
0.2222222222222222,-1.0,-0.6873892612279485,-0.7142857142857143,1
-0.5555555555555556,0.0,-0.093983514367152,-0.2040816326530612,0
0.5,-1.0,0.4968470401796032,0.3877551020408163,1
-0.8611111111111112,-1.0,0.456898544025884,-0.5714285714285714,1
0.8888888888888888,-1.0,-0.2360042699769993,0.8775510204081632,1
-0.4166666666666667,0.0,0.6426315384022803,-0.8571428571428571,0
0.2222222222222222,-1.0,0.9102204320600438,-0.9183673469387756,1
-0.8611111111111112,-1.0,-0.7433281609385145,0.3265306122448979,1
-0.5,-1.0,0.1437925759626707,-0.9387755102040816,1
-0.6111111111111112,0.0,-0.3958422749733126,-0.5510204081632653,0
0.1666666666666666,0.0,-0.3871152343535057,0.5918367346938775,0
0.5277777777777778,-1.0,0.3904937986287651,-0.5306122448979592,1
-0.9444444444444444,-1.0,0.5282335721439027,1.0,1
-0.2777777777777778,0.0,0.7346451407001442,0.8571428571428571,0
0.3888888888888889,-1.0,0.3972289169885657,-0.2653061224489796,1
0.2777777777777778,0.0,0.0797649311631285,0.6326530612244898,0
-0.5555555555555556,-1.0,-0.1263054794369793,-0.8775510204081632,1
0.2222222222222222,-1.0,-0.7151771270098055,-0.7346938775510204,1
0.3611111111111111,0.0,0.1031067384198884,0.0,0
0.75,-1.0,0.2860114232889828,-0.4897959183673469,1
-0.7777777777777778,0.0,0.4576799057963837,0.3877551020408163,0
-0.2222222222222222,-1.0,0.6955330317937205,0.5714285714285714,1
0.8888888888888888,0.0,-0.952568039002058,0.7755102040816326,0
-0.9722222222222222,0.0,-0.9528981918628324,0.4285714285714285,0
-0.4166666666666667,0.0,-0.8702939460970429,-0.2244897959183673,0
-0.1666666666666666,0.0,0.5468321833008684,0.5918367346938775,0
0.3888888888888889,-1.0,-0.1251389393289093,-0.3877551020408163,1
-0.3611111111111111,-1.0,0.7625540625309518,-0.3877551020408163,1
-0.1666666666666666,-1.0,-0.5364543783771887,-0.3877551020408163,1
0.7777777777777778,0.0,-0.3490155942201239,0.8775510204081632,0
-0.3333333333333333,0.0,0.3316165384573057,0.4489795918367347,0
0.3055555555555556,-1.0,0.5862194195912708,-0.4081632653061224,1
0.6388888888888888,-1.0,-0.560049302827209,0.7346938775510204,1
-0.6111111111111112,0.0,0.1992692616681523,-0.4285714285714285,0
0.8055555555555556,0.0,-0.3090340827803273,-0.5102040816326531,0
-0.2222222222222222,-1.0,-0.0458802425523017,-0.2448979591836734,1
0.4722222222222222,0.0,-0.5106914501414155,0.9591836734693876,0
-0.5,-1.0,0.6388788008848096,0.2448979591836734,1
-0.3333333333333333,-1.0,0.4928631956595904,-0.0816326530612244,1
-0.9722222222222222,-1.0,-0.6822828969813023,-0.2448979591836734,1
-0.6944444444444444,0.0,0.884633585350017,0.6530612244897959,0
-0.6111111111111112,0.0,-0.2822036602947164,0.3469387755102041,0
-0.25,0.0,0.0653922766240769,0.3469387755102041,0
0.8333333333333334,0.0,-0.4949981841592657,0.0408163265306122,0
0.3611111111111111,-1.0,0.5514873386377893,-0.4285714285714285,1
0.8055555555555556,-1.0,0.7518240945557794,0.0612244897959183,1
-0.6666666666666666,-1.0,0.8123631241264706,-0.3673469387755102,1
0.4444444444444444,-1.0,0.4402368296521289,0.3469387755102041,1
-0.3888888888888889,0.0,-0.7561270868412074,-0.7346938775510204,0
-0.9166666666666666,-1.0,-0.940935653207435,-0.1836734693877551,1
0.5555555555555556,0.0,0.3236488494172802,-0.2448979591836734,0
-0.2222222222222222,0.0,-0.5660800950840239,-0.1428571428571428,0
-0.3888888888888889,-1.0,0.7163656773085939,0.3673469387755102,1
0.5833333333333334,0.0,-0.1141448490651171,0.4489795918367347,0
-0.7222222222222222,-1.0,-0.7877557309034082,0.0408163265306122,1
-0.3055555555555556,-1.0,0.4474121518262955,-0.2857142857142857,1
0.1944444444444444,-1.0,-0.2457437793698482,0.4897959183673469,1
-0.5277777777777778,-1.0,0.232999878943951,-0.4285714285714285,1
-0.3055555555555556,-1.0,0.0426667547074295,-0.8163265306122449,1
0.8055555555555556,-1.0,-0.0895044405559774,0.0,1
0.8611111111111112,-1.0,-0.4972542287078917,-0.1020408163265306,1
-1.0,-1.0,0.8549748533571043,0.3673469387755102,1
0.6388888888888888,-1.0,0.9208073337955474,-0.8163265306122449,1
0.6111111111111112,0.0,-0.4217152541626773,-0.979591836734694,0
0.0555555555555555,0.0,0.0709498497804483,0.3877551020408163,0
0.9166666666666666,-1.0,-0.1360009684483916,-0.5306122448979592,1
0.7222222222222222,-1.0,0.6616923635643303,-0.4081632653061224,1
0.0,-1.0,0.5476575654528046,0.3061224489795918,1
0.7222222222222222,-1.0,0.7074625551630405,-0.6122448979591837,1
-0.5833333333333334,-1.0,0.90093213157692,0.2244897959183673,1
0.4722222222222222,0.0,-0.8315009849560346,-0.1836734693877551,0
0.25,-1.0,-0.05718247548615,0.4897959183673469,1
-0.4166666666666667,-1.0,0.1230699814013888,-0.0612244897959183,1
0.25,0.0,-0.1629634520783122,-0.4489795918367347,0
-0.6388888888888888,-1.0,-0.3909670177292086,0.2857142857142857,1
-0.9722222222222222,0.0,0.5464910253447346,-0.3061224489795918,0
0.5555555555555556,0.0,-0.6104196242860445,-0.3469387755102041,0
0.2777777777777778,-1.0,-0.1428021173803471,0.3469387755102041,1
-0.5833333333333334,-1.0,0.9674689381183488,-0.3469387755102041,1
0.8333333333333334,0.0,0.1600691119988554,0.8163265306122449,0
0.1666666666666666,-1.0,-0.1842142912168334,-0.8163265306122449,1
-0.5,-1.0,-0.3785312599733677,-0.5918367346938775,1
-0.9722222222222222,-1.0,-0.6680533086819197,-0.1224489795918367,1
0.5833333333333334,-1.0,-0.9673698922601164,-0.7755102040816326,1
-0.25,-1.0,0.2408795272211033,-0.6938775510204082,1
-0.75,-1.0,-0.1112064886042237,-0.9591836734693876,1
0.7222222222222222,-1.0,-0.0634113594594297,-0.2244897959183673,1
0.1388888888888889,0.0,0.9536135230611772,0.2857142857142857,0
0.0,0.0,0.6421583193018368,-0.6122448979591837,0
0.9722222222222222,-1.0,-0.9112439059284448,0.7959183673469388,1
-0.1388888888888889,-1.0,0.3052813452628567,0.6122448979591837,1
1.0,0.0,-0.1159716948947362,0.1224489795918367,0
1.0,-1.0,-0.7783133590852565,0.6530612244897959,1
0.2777777777777778,-1.0,0.1536861566905477,-0.8163265306122449,1
0.6388888888888888,-1.0,0.4769608328656168,0.4897959183673469,1
-0.0833333333333333,-1.0,0.6121034038759946,0.0,1
0.3333333333333333,-1.0,0.0920356124885822,-0.2244897959183673,1
-0.25,-1.0,0.0953591512870459,-0.0612244897959183,1
-0.7777777777777778,0.0,0.5421660228685882,0.4693877551020408,0
-0.4166666666666667,-1.0,0.5894769278175795,0.9183673469387756,1
0.7777777777777778,-1.0,-0.8995895099431036,0.5510204081632653,1
-0.3888888888888889,0.0,-0.1338329646626388,-0.9591836734693876,0
0.8333333333333334,-1.0,-0.3619465812671267,-0.7551020408163265,1
-0.6944444444444444,-1.0,-0.5684021702048049,-0.7142857142857143,1
-0.6111111111111112,0.0,-0.8929094170600989,-0.7755102040816326,0
-0.3055555555555556,-1.0,0.1071235982259786,-0.8979591836734694,1
0.2777777777777778,0.0,0.1657697513948958,-0.5510204081632653,0
0.8055555555555556,-1.0,0.5858342412537004,-0.9183673469387756,1
0.3888888888888889,0.0,-0.2222148854919828,0.5918367346938775,0
0.9722222222222222,0.0,0.8797473230105539,-0.4489795918367347,0
-0.6111111111111112,0.0,-0.4711281323252666,0.5918367346938775,0
0.2222222222222222,-1.0,0.8620401245776794,-0.4489795918367347,1
-0.75,-1.0,-0.8835660911001794,0.5306122448979592,1
-0.6111111111111112,-1.0,-0.8913797088051768,0.2244897959183673,1
0.9722222222222222,0.0,0.588420438663101,0.1224489795918367,0
-0.6388888888888888,-1.0,-0.891324683328381,0.8775510204081632,1
0.2777777777777778,0.0,-0.4418985990513608,-0.8367346938775511,0
-0.1944444444444444,0.0,-0.0270285142020755,-0.3061224489795918,0
-0.9166666666666666,-1.0,0.4920268084122949,-0.2040816326530612,1
0.6388888888888888,0.0,-0.4962087446487724,0.1020408163265306,0
-0.6944444444444444,0.0,-0.2374129221829707,0.1836734693877551,0
-0.8333333333333334,-1.0,-0.8393146026610321,-1.0,1
-0.8888888888888888,-1.0,0.8250850143616495,-0.4081632653061224,1
0.7222222222222222,-1.0,-0.9572452045296972,-0.5714285714285714,1
-0.0833333333333333,0.0,0.1745518174914985,0.1836734693877551,0
0.0277777777777777,0.0,-0.8950223953690559,-0.0816326530612244,0
0.6388888888888888,0.0,0.8063323318696557,-0.9387755102040816,0
0.0555555555555555,0.0,-0.800323549803559,-0.1428571428571428,0
0.6111111111111112,-1.0,0.9063246283029044,-1.0,1
-0.1666666666666666,-1.0,0.6055663772326587,-0.979591836734694,1
0.2222222222222222,-1.0,-0.390196661054068,0.6938775510204082,1
-0.0555555555555555,0.0,0.3415981599480559,-0.8163265306122449,0
-0.1111111111111111,0.0,-0.5428703489715738,-0.6122448979591837,0
0.0833333333333333,-1.0,0.962032421010928,0.2448979591836734,1
-0.5,0.0,-0.2663563229775386,-0.2040816326530612,0
0.8888888888888888,0.0,0.3244522213784982,-0.0816326530612244,0
-0.3888888888888889,0.0,-0.2482199258256572,0.4693877551020408,0
-0.5833333333333334,-1.0,0.097846302838214,0.1836734693877551,1
-0.9166666666666666,0.0,-0.2389206202471744,1.0,0
1.0,-1.0,-0.7882839754806475,-0.1428571428571428,1
-0.2777777777777778,-1.0,0.5046276425985231,-0.6326530612244898,1
0.8888888888888888,-1.0,-0.3089570471128132,0.0816326530612244,1
-0.6944444444444444,0.0,0.044592646395281,0.6122448979591837,0
0.7777777777777778,0.0,0.7668350446256617,0.3673469387755102,0
-0.9166666666666666,-1.0,-0.951687631373326,0.0204081632653061,1
-0.6944444444444444,0.0,0.5891027545753684,0.8367346938775511,0
0.2777777777777778,-1.0,-0.3683405416707935,0.7142857142857143,1
-0.3055555555555556,0.0,0.5678189001507699,-0.6938775510204082,0
-0.2222222222222222,-1.0,-0.9757447698284306,-0.5510204081632653,1
0.1944444444444444,-1.0,0.3429627917725907,0.5918367346938775,1
0.0833333333333333,0.0,-0.0330703115542496,-0.5714285714285714,0
0.9722222222222222,-1.0,0.800609682282897,-0.1224489795918367,1
-0.8888888888888888,0.0,-0.260127439004259,0.6938775510204082,0
-0.9722222222222222,-1.0,-0.9754366271583744,0.8571428571428571,1
0.9444444444444444,0.0,0.0684957135153576,-0.2857142857142857,0
0.2777777777777778,0.0,0.5342643644007176,0.7755102040816326,0
-0.0833333333333333,-1.0,0.0059317463985825,0.6530612244897959,1
-0.5555555555555556,-1.0,-0.6712888067175102,0.3061224489795918,1
-0.3055555555555556,0.0,0.9004699175718358,-0.7551020408163265,0
0.3611111111111111,-1.0,0.5137508666512596,-0.4285714285714285,1
0.7222222222222222,-1.0,0.4238612477577118,0.1020408163265306,1
0.4166666666666667,-1.0,0.4987839369628137,-0.3265306122448979,1
1.0,0.0,0.236565529840316,0.5306122448979592,0
-0.3611111111111111,0.0,0.7543772766791024,-0.3265306122448979,0
0.8611111111111112,-1.0,-0.0257849384264914,0.9387755102040816,1
-1.0,-1.0,-0.322691406121034,0.8775510204081632,1
0.2777777777777778,0.0,0.9177149019996258,-0.6938775510204082,0
-0.4166666666666667,-1.0,-0.337097075946163,-0.2244897959183673,1
0.6388888888888888,-1.0,-0.8212222258905874,-0.7346938775510204,1
0.5555555555555556,-1.0,0.0615294881530148,0.2653061224489796,1
-0.5277777777777778,0.0,0.8425721108873409,0.2040816326530612,0
0.0277777777777777,0.0,-0.1211660999042556,0.1224489795918367,0
0.9722222222222222,-1.0,0.2522918111085432,0.6122448979591837,1
0.4166666666666667,-1.0,-0.3411469510383307,-0.4693877551020408,1
-0.4722222222222222,-1.0,-0.498508809578835,-0.2653061224489796,1
0.9166666666666666,-1.0,0.9916691428131224,-0.2857142857142857,1
-0.0833333333333333,0.0,-0.1363091111184478,-0.0408163265306122,0
-0.1388888888888889,-1.0,-0.6159992076331341,-0.4693877551020408,1
-0.6388888888888888,0.0,0.9963903287221983,-0.6326530612244898,0
0.8888888888888888,-1.0,-0.3518218935367075,-0.1020408163265306,1
-0.0833333333333333,-1.0,0.4440555977417544,0.673469387755102,1
0.3888888888888889,-1.0,0.96836035084244,-0.673469387755102,1
-0.6666666666666666,-1.0,0.4471040091562393,-0.9387755102040816,1
-0.3055555555555556,0.0,0.2544928301803735,-0.4897959183673469,0
-0.4166666666666667,-1.0,-0.3409378542265068,0.5102040816326531,1
-0.6388888888888888,-1.0,-0.0308032619102644,0.8979591836734694,1
0.0833333333333333,-1.0,-0.972355200457812,-0.7551020408163265,1
-0.2777777777777778,0.0,0.2930656894141987,-0.8979591836734694,0
-0.8611111111111112,-1.0,0.3292724531458065,0.0204081632653061,1
-0.4722222222222222,0.0,-0.1476443593383736,-0.1224489795918367,0
0.3611111111111111,0.0,-0.8025245688753893,-0.2040816326530612,0
0.3055555555555556,-1.0,0.7189628798133536,-1.0,1
-0.0277777777777777,-1.0,0.3681974754311246,-0.0204081632653061,1
0.5555555555555556,-1.0,0.8620401245776794,0.0612244897959183,1
0.3611111111111111,-1.0,-0.9169445453244852,0.3469387755102041,1
0.4166666666666667,0.0,0.1881981357368461,0.8571428571428571,0
-0.5555555555555556,-1.0,0.7540251136276096,0.0612244897959183,1
-0.8611111111111112,0.0,-0.9471645371807148,-0.1632653061224489,0
0.3611111111111111,0.0,0.8218825316121364,1.0,0
0.7222222222222222,-1.0,0.6440071753221742,0.9387755102040816,1
0.4722222222222222,0.0,0.2761068374657466,0.7959183673469388,0
0.1388888888888889,-1.0,-0.8683570493138323,0.9387755102040816,1
0.3888888888888889,0.0,0.6723783111580662,0.3469387755102041,0
-0.4444444444444444,0.0,-0.6512155127824183,-0.5102040816326531,0
0.6944444444444444,0.0,0.6249683603508425,0.3265306122448979,0
-0.8611111111111112,0.0,-0.5570449117941607,-0.4285714285714285,0
-0.5277777777777778,0.0,0.5598071907293076,-0.1428571428571428,0
0.3888888888888889,-1.0,0.692737737572496,-0.8367346938775511,1
0.6944444444444444,0.0,-0.1724828595639781,0.1224489795918367,0
0.8611111111111112,-1.0,-0.6741721417016079,-0.673469387755102,1
-0.9722222222222222,-1.0,0.4065832480438443,0.0408163265306122,1
-0.8888888888888888,0.0,-0.8271869875752473,0.6326530612244898,0
1.0,0.0,0.4827385079291712,-0.2040816326530612,0
-0.8055555555555556,0.0,0.4236521509458879,0.6938775510204082,0
-0.0833333333333333,-1.0,0.3032233924306954,-0.3265306122448979,1
0.8333333333333334,-1.0,0.3595254602881134,0.5102040816326531,1
0.8611111111111112,0.0,0.4719204991911255,0.0408163265306122,0
-0.6944444444444444,0.0,0.4987619267720954,0.6326530612244898,0
-0.1944444444444444,0.0,-0.4420306601956706,-0.6530612244897959,0
0.3333333333333333,0.0,0.6983613413010223,0.8979591836734694,0
0.3888888888888889,-1.0,0.1810118084673203,-0.1836734693877551,1
-0.0277777777777777,0.0,0.8463688687862481,0.7551020408163265,0
0.8611111111111112,0.0,0.8159838004996314,-0.7959183673469388,0
0.25,-1.0,0.3957432291150803,0.2857142857142857,1
-0.9444444444444444,-1.0,0.60464194922249,-0.6326530612244898,1
-0.6388888888888888,0.0,-0.8753012644854568,-0.3673469387755102,0
0.0277777777777777,-1.0,0.5107574807135704,-0.8367346938775511,1
0.0277777777777777,0.0,-0.67323670859608,-0.9183673469387756,0
-0.4444444444444444,-1.0,-0.96421142989204,-0.8775510204081632,1
-0.9166666666666666,0.0,-0.183388909064897,0.0204081632653061,0
-0.0277777777777777,-1.0,-0.2618112185942091,-0.4897959183673469,1
0.3888888888888889,0.0,-0.5394037439334411,-0.3265306122448979,0
0.0555555555555555,0.0,-0.3868291018741677,-0.3673469387755102,0
-0.4166666666666667,-1.0,-0.2521047244874377,-0.0612244897959183,1
0.6388888888888888,0.0,0.0381326554194592,-0.0816326530612244,0
-0.5833333333333334,0.0,-0.4765316341466099,0.0816326530612244,0
-0.9166666666666666,-1.0,0.0262471524315758,0.3673469387755102,1
0.5833333333333334,0.0,0.2758317100817679,-0.3265306122448979,0
-1.0,-1.0,-0.0510306271803845,-0.8571428571428571,1
0.25,0.0,-0.3593383736670078,0.2448979591836734,0
0.5833333333333334,-1.0,-0.3264661538292229,-0.0612244897959183,1
-0.7222222222222222,0.0,-0.6838676307130201,0.6326530612244898,0
0.3611111111111111,0.0,-0.5695356950267975,0.4285714285714285,0
-0.6944444444444444,-1.0,-0.0318047255879472,-0.7755102040816326,1
-0.7222222222222222,-1.0,0.7343149878393697,-0.2857142857142857,1
0.1388888888888889,0.0,0.6161862942542398,0.8571428571428571,0
0.0555555555555555,0.0,-0.4996203242101092,1.0,0
-0.2777777777777778,-1.0,-0.0354143968657488,-0.1836734693877551,1
0.7222222222222222,0.0,0.5325255593339716,0.0408163265306122,0
0.5277777777777778,0.0,-0.7601989721240935,0.1836734693877551,0
0.1944444444444444,0.0,0.7037758482177248,-0.0612244897959183,0
0.3611111111111111,-1.0,-0.4644370343469026,-0.4285714285714285,1
0.0277777777777777,-1.0,0.4823093092101643,-0.7959183673469388,1
-0.5277777777777778,0.0,-0.5841834769498278,-0.8571428571428571,0
-0.1666666666666666,0.0,0.888188231151023,0.3265306122448979,0
-0.6111111111111112,-1.0,0.6419602275853721,0.5918367346938775,1
-0.75,0.0,-0.3338725830059317,-0.4897959183673469,0
0.1944444444444444,-1.0,-0.3405636809842957,-0.673469387755102,1
-0.4444444444444444,-1.0,0.3180912762609088,0.5510204081632653,1
-0.4444444444444444,0.0,-0.6718720767715453,-0.8571428571428571,0
-0.25,0.0,0.8323153620126118,-0.5306122448979592,0
0.8888888888888888,0.0,-0.0413351381689722,0.5714285714285714,0
-0.3055555555555556,0.0,0.590522411876699,-0.4897959183673469,0
0.1111111111111111,-1.0,-0.5899721571087414,0.9591836734693876,1
1.0,0.0,0.8268898500005503,-0.1224489795918367,0
0.75,0.0,0.3727645900051723,0.1632653061224489,0
0.5555555555555556,0.0,0.7781812979409467,-1.0,0
0.6111111111111112,0.0,-0.0609242079082615,-0.1020408163265306,0
-0.4166666666666667,0.0,-0.7050194239933089,0.0204081632653061,0
-0.1666666666666666,0.0,0.0003191477654153,0.5918367346938775,0
0.4444444444444444,-1.0,0.4424818691053958,0.8979591836734694,1
-0.6388888888888888,0.0,-0.6989996368318532,-0.2448979591836734,0
-0.6666666666666666,-1.0,0.8513321667932252,-0.3469387755102041,1
-0.3055555555555556,-1.0,-0.5043855305006217,0.2448979591836734,1
0.1111111111111111,0.0,-0.0736020777620038,-0.5102040816326531,0
0.7222222222222222,0.0,0.4481164779292813,-0.2448979591836734,0
0.1111111111111111,0.0,-0.8986650819329349,-0.4897959183673469,0
0.75,-1.0,0.9358072787700704,-0.3877551020408163,1
-0.3888888888888889,0.0,-0.256132589388887,-0.4285714285714285,0
0.9444444444444444,-1.0,-0.5754124159485842,-0.5510204081632653,1
-0.2222222222222222,0.0,0.9021647022571452,-0.8775510204081632,0
0.5555555555555556,0.0,0.9526120593834946,0.4693877551020408,0
-0.8333333333333334,0.0,-0.4810987487206576,0.1020408163265306,0
0.0555555555555555,0.0,-0.8497254228707892,-1.0,0
-0.2777777777777778,-1.0,0.7319598974325112,0.0816326530612244,1
0.8611111111111112,-1.0,0.9580705866816336,-0.1224489795918367,1
0.1388888888888889,0.0,0.4298039992516535,-0.6530612244897959,0
-0.4444444444444444,-1.0,-0.1639429055652767,-0.2448979591836734,1
0.0,0.0,0.992582565727932,0.7959183673469388,0
0.4444444444444444,-1.0,-0.6006911199885547,-0.8163265306122449,1
-0.6944444444444444,-1.0,-0.1787997843001309,-0.4489795918367347,1
-0.9166666666666666,0.0,0.1271638768749931,-0.0408163265306122,0
-0.0555555555555555,0.0,0.0746915822025597,0.9591836734693876,0
-0.6666666666666666,-1.0,0.9693508094247636,0.4693877551020408,1
0.7777777777777778,-1.0,-0.8804296389228212,-0.9387755102040816,1
-0.5555555555555556,-1.0,-0.8117028184049215,0.2857142857142857,1
0.2222222222222222,-1.0,-0.5589818085773713,0.4489795918367347,1
-0.3611111111111111,-1.0,-0.0823951489539656,0.3265306122448979,1
0.5,-1.0,0.01128022274313,-0.673469387755102,1
-0.2777777777777778,0.0,0.3489715738386873,0.3061224489795918,0
-0.3333333333333333,0.0,-0.624572176917913,-0.2653061224489796,0
1.0,0.0,0.2092288729681842,-0.4081632653061224,0
-0.1111111111111111,-1.0,-0.5462819285329107,-0.7755102040816326,1
0.5277777777777778,0.0,-0.7415673456810503,-0.3469387755102041,0
0.0277777777777777,-1.0,-0.2157108741347243,0.8367346938775511,1
-0.2777777777777778,0.0,0.2010410820209757,0.1428571428571428,0
-0.9166666666666666,-1.0,0.5634828925792642,-0.4489795918367347,1
-0.3055555555555556,0.0,0.8804956694949762,-0.2448979591836734,0
0.1388888888888889,-1.0,-0.8947032476036405,0.2448979591836734,1
0.3611111111111111,0.0,0.612642653548593,-0.9183673469387756,0
-0.1111111111111111,0.0,-0.5788790209867168,0.8775510204081632,0
-0.6111111111111112,-1.0,0.2588618530379565,-0.5918367346938775,1
0.9722222222222222,0.0,0.2035502437628622,-0.2244897959183673,0
0.5555555555555556,0.0,-0.9512364224636006,0.7346938775510204,0
0.7777777777777778,-1.0,0.2838324144078708,-0.8163265306122449,1
0.6666666666666666,0.0,-0.6726754487327633,-0.0816326530612244,0
-0.9166666666666666,0.0,-0.2969945084574157,0.7959183673469388,0
-0.9166666666666666,-1.0,-0.77282181650104,-0.4897959183673469,1
0.9166666666666666,-1.0,-0.9380303080326192,-0.2040816326530612,1
0.0,0.0,-0.2290820649960931,0.4897959183673469,0
0.6388888888888888,-1.0,-0.1846544950311994,0.4285714285714285,1
0.1944444444444444,-1.0,0.3061287376055113,-0.0204081632653061,1
0.1666666666666666,-1.0,-0.6651369584117446,-0.7346938775510204,1
-0.1388888888888889,-1.0,-0.0515918870437012,-0.0204081632653061,1
-0.9166666666666666,-1.0,0.233506113330472,0.0,1
-1.0,0.0,-0.5564946570262032,-0.2653061224489796,0
0.7777777777777778,-1.0,-0.7528585735195396,0.7755102040816326,1
0.9444444444444444,0.0,0.9584117446377672,0.3877551020408163,0
-0.1944444444444444,0.0,-0.2247460574245876,-0.1224489795918367,0
0.25,0.0,0.68218385112307,-0.5306122448979592,0
-0.0277777777777777,0.0,0.4291216833393861,0.2653061224489796,0
-0.4444444444444444,-1.0,-0.2576953129298865,0.7551020408163265,1
-0.1944444444444444,-1.0,-0.002112978308957,0.2040816326530612,1
-0.5277777777777778,-1.0,-0.4852916900524943,-0.4489795918367347,1
0.0277777777777777,0.0,-0.0969328799234045,0.5714285714285714,0
-0.9722222222222222,0.0,0.984207688159618,0.673469387755102,0
-0.1666666666666666,0.0,-0.697238821574389,0.8775510204081632,0
-0.8888888888888888,-1.0,0.9776816666116412,-0.7346938775510204,1
0.5,-1.0,-0.8444649872891149,0.8367346938775511,1
0.9444444444444444,-1.0,0.977516590181254,0.0408163265306122,1
0.8333333333333334,0.0,-0.6601076298326125,-0.2448979591836734,0
-0.3611111111111111,-1.0,0.050634443747455,-0.2857142857142857,1
-0.6944444444444444,0.0,0.9532503549143252,1.0,0
-0.6944444444444444,0.0,0.4307944578339771,0.4897959183673469,0
0.4444444444444444,0.0,0.1109753816016815,0.7959183673469388,0
-0.0277777777777777,0.0,0.5945062563967117,0.8571428571428571,0
-0.4444444444444444,0.0,0.3151639208953745,0.7755102040816326,0
-0.4166666666666667,-1.0,0.0291635027017509,0.0408163265306122,1
0.3055555555555556,0.0,-0.0072303476509623,0.3469387755102041,0
0.5555555555555556,0.0,0.5001705789780668,0.6938775510204082,0
0.0555555555555555,0.0,0.6688236653570603,-0.4081632653061224,0
0.0,-1.0,0.4028305105263737,-0.9183673469387756,1
-0.5,0.0,0.6621435724740555,0.0816326530612244,0
0.3611111111111111,0.0,-0.3345108785367625,0.7551020408163265,0
0.8333333333333334,-1.0,0.5141690602749073,0.5714285714285714,1
0.3055555555555556,-1.0,-0.5919750844641068,-0.3469387755102041,1
0.3055555555555556,0.0,-0.0347430860488406,-0.2040816326530612,0
-0.1666666666666666,-1.0,0.9456238238304336,-0.1224489795918367,1
-0.25,-1.0,-0.3131499884446498,0.979591836734694,1
-0.75,-1.0,-0.4154753650940385,0.0612244897959183,1
0.7222222222222222,-1.0,-0.5263076804560511,-0.2857142857142857,1
0.6944444444444444,0.0,-0.197794578890026,-0.4081632653061224,0
0.0277777777777777,0.0,0.0675932956959072,0.673469387755102,0
0.3055555555555556,0.0,0.4034137805804087,-0.5306122448979592,0
-0.0555555555555555,-1.0,0.8667943257728328,0.8163265306122449,1
0.2777777777777778,-1.0,0.6957091133194669,-0.5714285714285714,1
-0.8055555555555556,0.0,-0.1001903881497133,0.8367346938775511,0
0.8888888888888888,0.0,-0.601219364565794,-0.2448979591836734,0
-0.8888888888888888,0.0,-0.8327665709223371,-0.7346938775510204,0
-0.0277777777777777,0.0,0.6452177358116808,-0.2448979591836734,0
0.6111111111111112,0.0,0.7318388413835606,0.2653061224489796,0
0.1111111111111111,0.0,-0.395941320831545,-0.8979591836734694,0
-0.3611111111111111,0.0,-0.1397867212519396,-0.4693877551020408,0
-0.7777777777777778,-1.0,0.6262559565078631,0.8163265306122449,1
-0.3333333333333333,0.0,-0.4525735415497375,-0.8775510204081632,0
-0.3888888888888889,0.0,-0.3074053286671729,0.7755102040816326,0
0.4722222222222222,0.0,-0.9247581630294828,-0.5714285714285714,0
-0.9444444444444444,0.0,-0.5427382878272641,-0.3265306122448979,0
-0.3055555555555556,-1.0,-0.0224283843419503,0.7346938775510204,1
0.3055555555555556,0.0,-0.9802238436396052,0.4693877551020408,0
0.6944444444444444,-1.0,-0.1849626377012556,-0.979591836734694,1
0.7777777777777778,-1.0,0.4093785422650687,0.0,1
-0.6666666666666666,0.0,0.4956694949761739,-0.8979591836734694,0
0.4722222222222222,0.0,-0.1702158099199929,0.5510204081632653,0
0.8333333333333334,-1.0,-0.0133491806706505,0.2244897959183673,1
0.4166666666666667,-1.0,0.900921126481561,0.3061224489795918,1
0.9166666666666666,0.0,-0.25998437276459,0.4489795918367347,0
0.7777777777777778,0.0,0.8364092574862161,0.0,0
0.8611111111111112,-1.0,-0.1723397933243091,0.7551020408163265,1
-0.5555555555555556,0.0,-0.888551399297875,0.4081632653061224,0
0.1666666666666666,0.0,0.6975909846258818,-0.2857142857142857,0
-0.5833333333333334,-1.0,0.4349653889750954,-0.2244897959183673,1
-0.0555555555555555,0.0,-0.8031738695015792,0.3061224489795918,0
0.7222222222222222,0.0,-0.2708464018840723,1.0,0
-0.9444444444444444,0.0,-0.100025311719326,-0.6938775510204082,0
-0.2222222222222222,-1.0,-0.5723750096294584,1.0,1
-0.1944444444444444,-1.0,-0.5592239206752726,-1.0,1
0.3888888888888889,0.0,-0.7869413538468311,0.3265306122448979,0
-0.6388888888888888,-1.0,0.9468123741292218,0.3469387755102041,1
0.4444444444444444,0.0,-0.4207358006757128,-0.4693877551020408,0
0.0833333333333333,0.0,0.7235520045781196,-0.6530612244897959,0
0.1111111111111111,0.0,0.9357192380071974,-0.1020408163265306,0
-0.3055555555555556,0.0,-0.8795272211033709,-0.3877551020408163,0
0.3055555555555556,-1.0,-0.2197057237500962,0.8775510204081632,1
-0.6666666666666666,0.0,0.8245017443076145,-0.6326530612244898,0
0.0833333333333333,-1.0,0.2083594704348113,-0.2448979591836734,1
-0.1666666666666666,0.0,-0.7565782957509327,0.2244897959183673,0
0.3333333333333333,0.0,-0.0966577525394257,0.8979591836734694,0
-0.3888888888888889,-1.0,-0.7756831412944193,-0.7551020408163265,1
0.1388888888888889,0.0,-0.772392617782033,-0.0408163265306122,0
-0.1944444444444444,-1.0,-0.3784542243058536,0.4489795918367347,1
-0.4166666666666667,-1.0,-0.8024035128264386,-0.4081632653061224,1
0.0277777777777777,0.0,0.2486931449261007,-0.2040816326530612,0
0.3611111111111111,-1.0,0.6141393465174376,0.6938775510204082,1
-0.9444444444444444,-1.0,-0.1205718247548615,0.8367346938775511,1
0.8611111111111112,0.0,0.5699758988411635,-0.8571428571428571,0
0.8611111111111112,0.0,0.1135065535342863,0.8571428571428571,0
-0.0833333333333333,-1.0,0.5426942674458274,-0.6530612244897959,1
0.1388888888888889,-1.0,0.9958070586681632,-0.8775510204081632,1
0.1666666666666666,-1.0,-0.6801589135769861,0.9183673469387756,1
0.6944444444444444,-1.0,0.789769663354133,0.6122448979591837,1
-0.4444444444444444,-1.0,-0.2366755807939075,0.8775510204081632,1
-0.3333333333333333,0.0,0.5003796757898907,1.0,0
0.4444444444444444,0.0,-0.3101455974116016,0.2040816326530612,0
-0.6388888888888888,-1.0,0.4091144199764491,-0.1020408163265306,1
0.0,-1.0,0.903111140458032,0.9387755102040816,1
-0.5555555555555556,-1.0,0.4163887880088481,-0.4693877551020408,1
-0.0277777777777777,0.0,-0.0492367966368428,0.9387755102040816,0
-0.25,-1.0,-0.3307581410192919,-0.6122448979591837,1
0.1111111111111111,0.0,-0.552268700408289,0.8571428571428571,0
0.1944444444444444,0.0,0.9515445651336568,1.0,0
0.2777777777777778,0.0,-0.4665169973697822,0.6326530612244898,0
-0.0277777777777777,-1.0,-0.2565837982986123,0.4285714285714285,1
-0.6111111111111112,-1.0,0.6994618508369375,0.1428571428571428,1
-0.8055555555555556,0.0,0.2601494491949773,0.6326530612244898,0
0.0833333333333333,-1.0,0.3490926298876379,0.8571428571428571,1
0.6388888888888888,0.0,-0.339782319213796,0.2244897959183673,0
1.0,0.0,0.8603453398923702,-0.2040816326530612,0
0.3611111111111111,-1.0,0.6213586890730408,-0.3877551020408163,1
-0.75,0.0,-0.26296675360692,-0.0612244897959183,0
-0.1388888888888889,-1.0,0.2606556835814982,-0.3061224489795918,1
0.25,0.0,-0.8530049412878162,0.3469387755102041,0
0.9444444444444444,0.0,0.8541824864912454,-0.673469387755102,0
0.6388888888888888,-1.0,-0.6968316330461003,-0.0204081632653061,1
1.0,-1.0,0.8667062850099596,0.4693877551020408,1
-0.2222222222222222,0.0,0.0059317463985825,-0.8163265306122449,0
0.6388888888888888,0.0,-0.0458582323615834,-0.9183673469387756,0
-0.0555555555555555,0.0,-0.953734579110128,-0.7959183673469388,0
0.5555555555555556,0.0,-0.8361781504836739,-0.6530612244897959,0
0.3055555555555556,-1.0,-0.8030308032619102,-0.7142857142857143,1
0.7777777777777778,0.0,-0.6657312335611388,-0.6326530612244898,0
-0.4444444444444444,-1.0,0.2212244269096591,-0.9591836734693876,1
-0.25,0.0,0.9678321062652008,0.0204081632653061,0
-0.0277777777777777,-1.0,0.2241627873705525,0.4897959183673469,1
0.25,0.0,0.6795756435229511,-0.2244897959183673,0
-0.8611111111111112,0.0,0.5504088392925924,-0.1632653061224489,0
0.9444444444444444,0.0,-0.6855624153983294,0.5918367346938775,0
-0.4444444444444444,-1.0,-0.1447280090681985,0.8979591836734694,1
-0.9722222222222222,-1.0,0.4877678365083033,0.7346938775510204,1
-0.2777777777777778,-1.0,0.752891588805617,-0.8571428571428571,1
-0.5277777777777778,-1.0,0.7644689491234442,0.3265306122448979,1
-0.3333333333333333,0.0,-0.5138719227002102,-0.0816326530612244,0
-0.8333333333333334,0.0,-0.4904420746805771,-0.7551020408163265,0
-0.2777777777777778,-1.0,0.7756501260083418,0.4489795918367347,1
0.25,0.0,-0.3397382988323594,-0.8979591836734694,0
-0.3888888888888889,-1.0,0.0767825503207985,-0.1428571428571428,1
0.9444444444444444,-1.0,-0.8221576589961151,-0.6326530612244898,1
-0.1944444444444444,-1.0,0.1125931306194768,-0.7346938775510204,1
-0.0555555555555555,0.0,-0.279914600460013,0.7551020408163265,0
0.3888888888888889,-1.0,0.8877370222412977,-0.5918367346938775,1
0.1111111111111111,0.0,-0.942025157647991,0.8367346938775511,0
-0.9444444444444444,0.0,0.5011170171789538,0.2448979591836734,0
0.3611111111111111,-1.0,0.3568402170204804,-0.9387755102040816,1
0.1388888888888889,0.0,-0.6751075748071357,0.7755102040816326,0
0.5,0.0,0.6429396810723365,-0.1836734693877551,0
-0.7777777777777778,0.0,0.0849153157912113,0.5714285714285714,0
-0.1666666666666666,-1.0,-0.087292416388788,-0.1020408163265306,1
0.9166666666666666,-1.0,-0.4729659832502448,-0.0816326530612244,1
0.0,-1.0,-0.1244566234166419,-0.0816326530612244,1
-0.7777777777777778,0.0,0.736086808192193,0.9183673469387756,0
0.3611111111111111,0.0,0.7895715716376682,-0.6938775510204082,0
0.3333333333333333,-1.0,-0.458648354187989,-0.7959183673469388,1
0.0833333333333333,-1.0,0.2757546744142538,-0.3877551020408163,1
-0.5277777777777778,0.0,-0.3930249705613699,-0.8367346938775511,0
0.6666666666666666,-1.0,0.5452914699505871,0.7346938775510204,1
0.1666666666666666,-1.0,0.987630272816314,0.5306122448979592,1
0.0277777777777777,0.0,-0.9646296235156878,0.5714285714285714,0
0.8888888888888888,-1.0,0.8816071841262505,0.0,1
-0.1666666666666666,-1.0,0.8584854787766736,-0.8367346938775511,1
0.1111111111111111,-1.0,-0.8027336656872132,0.8571428571428571,1
0.6388888888888888,0.0,-0.4122838874398846,0.2653061224489796,0
-0.0277777777777777,0.0,-0.1664300571164449,0.2448979591836734,0
0.9166666666666666,-1.0,-0.979486502250542,0.6530612244897959,1
-0.8055555555555556,0.0,-0.1817711600471018,-0.7755102040816326,0
0.0555555555555555,0.0,-0.0131951093356223,-0.4285714285714285,0
-0.5,0.0,0.3485974005964761,-0.6326530612244898,0
0.8055555555555556,0.0,-0.101257882399551,0.9387755102040816,0
-0.8888888888888888,0.0,-0.4496792014702807,-0.1428571428571428,0
1.0,0.0,0.5071147941496913,0.4693877551020408,0
-0.5833333333333334,0.0,0.2979739619443802,0.9591836734693876,0
-0.1111111111111111,0.0,0.1421748269448755,-0.2448979591836734,0
-0.1944444444444444,-1.0,-0.085619641894197,-0.1020408163265306,1
0.9166666666666666,0.0,-0.3535937138895308,-0.0816326530612244,0
0.25,0.0,-0.5017553127097847,-0.8979591836734694,0
-0.6944444444444444,0.0,-0.9660602859123776,-0.5510204081632653,0
-0.4722222222222222,-1.0,-0.9288190432170096,-0.8571428571428571,1
0.2777777777777778,-1.0,-0.6615713075153796,0.1020408163265306,1
-0.75,-1.0,0.7048433424675625,0.0612244897959183,1
0.0555555555555555,0.0,-0.6886328370035326,-0.0408163265306122,0
0.5,0.0,-0.7355365534242354,0.2040816326530612,0
0.9444444444444444,-1.0,0.0173330251906632,-0.7142857142857143,1
-0.9444444444444444,0.0,0.9305358380930372,-0.6938775510204082,0
0.25,0.0,-0.3335204199544389,-0.1632653061224489,0
-0.5277777777777778,-1.0,0.942014152552632,-0.2857142857142857,1
1.0,-1.0,-0.6718060461993903,0.4285714285714285,1
-0.6388888888888888,-1.0,-0.8299162512243169,-0.0204081632653061,1
-0.8888888888888888,0.0,-0.5076980642037263,0.6938775510204082,0
-0.3333333333333333,0.0,0.4322141151353076,-0.2040816326530612,0
0.0833333333333333,0.0,0.8948022934618729,0.4489795918367347,0
0.8333333333333334,0.0,0.6354232009420362,-0.4693877551020408,0
0.0555555555555555,0.0,-0.0740863019578064,-0.6326530612244898,0
0.0833333333333333,-1.0,-0.5871438476014395,-0.2244897959183673,1
0.9444444444444444,-1.0,-0.7123378124071446,0.8571428571428571,1
-0.9722222222222222,-1.0,-0.8605654417995532,0.2040816326530612,1
0.75,-1.0,0.710621017531117,0.8979591836734694,1
0.6944444444444444,-1.0,-0.8688192633189167,-0.2040816326530612,1
0.0833333333333333,-1.0,0.4964178414605962,-0.979591836734694,1
-0.9444444444444444,0.0,-0.4033587551036129,0.5306122448979592,0
0.9444444444444444,0.0,0.7037538380270065,-0.7551020408163265,0
-0.2777777777777778,0.0,0.9489473626288972,-0.2244897959183673,0
-0.5555555555555556,0.0,0.7340838808368274,-1.0,0
-0.1944444444444444,-1.0,-0.8183939163832855,0.5306122448979592,1
0.4722222222222222,0.0,-0.2135318652536124,1.0,0
0.6944444444444444,0.0,-0.0469697469928576,-0.2857142857142857,0
-0.1944444444444444,0.0,-0.9214896497078148,-0.5306122448979592,0
-0.75,-1.0,-0.0391011038110645,-0.9183673469387756,1
0.7777777777777778,-1.0,0.4929512364224636,-0.4285714285714285,1
-0.5,0.0,0.2952887186767473,0.3673469387755102,0
-0.3055555555555556,-1.0,0.9459979970726446,0.0,1
0.5277777777777778,0.0,-0.2191004435053429,0.8775510204081632,0
-0.5277777777777778,0.0,-0.7072754685419349,0.1836734693877551,0
-0.6944444444444444,-1.0,0.4161576810063059,-0.9591836734693876,1
-0.25,-1.0,-0.2722110337086071,-0.5918367346938775,1
0.9166666666666666,0.0,0.4584832777576018,-0.2653061224489796,0
0.25,-1.0,-0.5193524601890676,0.7551020408163265,1
0.1111111111111111,-1.0,-0.4721846214797451,0.0408163265306122,1
0.5,-1.0,-0.3611432093059086,-0.5918367346938775,1
-0.0833333333333333,-1.0,-0.2287299019446003,-0.3877551020408163,1
0.1944444444444444,0.0,0.170656013734359,0.5918367346938775,0
-0.1944444444444444,-1.0,0.695863184654495,0.8163265306122449,1
0.0,-1.0,0.4984427790066801,-0.979591836734694,1
0.5,-1.0,-0.6965675107574807,0.4081632653061224,1
-0.8333333333333334,0.0,0.5114177864351195,0.3469387755102041,0
-0.9166666666666666,-1.0,-0.7263362937039849,0.9387755102040816,1
-0.3611111111111111,-1.0,-0.1078939549011192,-0.7551020408163265,1
1.0,0.0,0.0527254118656938,-0.0816326530612244,0
0.0,-1.0,-0.8244357137354595,-0.1428571428571428,1
0.9166666666666666,0.0,0.5718247548615009,0.4489795918367347,0
0.8611111111111112,0.0,0.4594187108631296,-0.0408163265306122,0
0.1944444444444444,-1.0,-0.8579242189133569,-0.7755102040816326,1
-0.9166666666666666,-1.0,0.8605764468949123,0.4489795918367347,1
-0.6666666666666666,0.0,-0.7405328667172901,-1.020408163265306,0
0.4722222222222222,0.0,-0.1551498343733148,0.0612244897959183,0
-0.6944444444444444,0.0,0.7907711270318157,0.2448979591836734,0
0.8333333333333334,-1.0,-0.2395919310640826,-0.4693877551020408,1
-0.6666666666666666,-1.0,0.0444165648695345,0.1836734693877551,1
0.7222222222222222,0.0,0.5084684208788669,0.9183673469387756,0
-0.8055555555555556,0.0,-0.6326279067208117,0.7959183673469388,0
-0.25,0.0,0.6640254437804703,-0.1836734693877551,0
0.1388888888888889,-1.0,-0.7146598875279254,-0.2244897959183673,1
0.6666666666666666,0.0,0.5474154533549033,0.5102040816326531,0
0.4722222222222222,0.0,-0.4382008870106859,-0.2448979591836734,0
0.6111111111111112,0.0,-0.9244720305501448,0.3469387755102041,0
0.5833333333333334,-1.0,0.339496186734458,0.6326530612244898,1
0.1111111111111111,-1.0,-0.9736868169962692,-0.0204081632653061,1
0.6388888888888888,-1.0,-0.9638922821266246,0.4693877551020408,1
-0.4722222222222222,0.0,-0.26893151529158,-0.0408163265306122,0
-0.75,0.0,0.7774109412658061,0.8571428571428571,0
-0.8333333333333334,-1.0,0.920202053550794,-0.5918367346938775,1
0.5833333333333334,-1.0,0.2140821200215699,0.1224489795918367,1
-0.6666666666666666,0.0,-0.2480328392045517,-0.4081632653061224,0
0.1111111111111111,0.0,-0.2588288377518791,0.3265306122448979,0
0.0833333333333333,-1.0,-0.3956441832568479,-0.3673469387755102,1
0.0555555555555555,-1.0,0.0656563989126965,0.673469387755102,1
0.7222222222222222,-1.0,-0.6367878327665709,0.0204081632653061,1
-0.2222222222222222,-1.0,-0.8350336205663222,0.2653061224489796,1
-0.3888888888888889,-1.0,0.4410952270901427,-0.5102040816326531,1
0.1666666666666666,0.0,-0.2807840029933859,-0.4081632653061224,0
0.0277777777777777,0.0,0.2329338483717961,0.2040816326530612,0
-0.8055555555555556,-1.0,-0.1565804967700045,0.4897959183673469,1
-0.5555555555555556,0.0,-0.4639087897696634,0.5714285714285714,0
0.9166666666666666,-1.0,0.7427338857891204,-0.7346938775510204,1
0.1944444444444444,-1.0,0.5497485335710434,-0.1632653061224489,1
-0.9444444444444444,-1.0,0.870007813617705,0.1428571428571428,1
-0.1666666666666666,0.0,0.0200512837443736,-0.4693877551020408,0
-0.5,0.0,-0.3401895077420845,-0.8775510204081632,0
0.3888888888888889,0.0,-0.1128352427173781,0.3265306122448979,0
0.0277777777777777,0.0,-0.4004644150241562,-0.3469387755102041,0
0.4166666666666667,0.0,0.2269690866871361,0.5714285714285714,0
0.1388888888888889,0.0,0.6659513354683219,-0.8979591836734694,0
0.5,0.0,-0.922381062431906,0.2244897959183673,0
-0.3888888888888889,0.0,-0.5822575852619762,0.4081632653061224,0
0.3055555555555556,-1.0,-0.4407760793247273,-0.9183673469387756,1
0.8333333333333334,0.0,-0.5690844861170722,-0.6938775510204082,0
0.0833333333333333,0.0,-0.15261866244071,-0.9183673469387756,0
0.5277777777777778,-1.0,-0.0308142670056236,0.6326530612244898,1
-0.5277777777777778,-1.0,-0.7293626949277515,0.7959183673469388,1
-1.0,-1.0,-0.6888309287199974,-0.8775510204081632,1
-0.7777777777777778,0.0,-0.922887296818427,0.4285714285714285,0
-0.6666666666666666,0.0,-0.5727711930623879,0.5306122448979592,0
0.3055555555555556,-1.0,0.4505265938129354,-0.9183673469387756,1
0.0277777777777777,0.0,0.7936874773019909,0.9591836734693876,0
-0.3333333333333333,-1.0,-0.934244555229071,-0.1836734693877551,1
0.7777777777777778,-1.0,0.993462973356664,0.3265306122448979,1
0.9444444444444444,-1.0,0.0409059394499653,0.0204081632653061,1
0.3055555555555556,0.0,0.4712491883742172,0.0204081632653061,0
0.0277777777777777,0.0,0.3221631615437947,0.673469387755102,0
1.0,0.0,-0.903540339177039,-0.4081632653061224,0
-0.9166666666666666,-1.0,-0.0799850330703115,0.7959183673469388,1
0.0555555555555555,0.0,-0.8568897399495967,-0.4489795918367347,0
-0.5,0.0,-0.4479183862128165,0.5714285714285714,0
-0.25,0.0,-0.8712844046793665,0.979591836734694,0
-0.3888888888888889,-1.0,-0.7096965895209482,-0.4285714285714285,1
0.6388888888888888,-1.0,-0.0863569832832601,-0.3265306122448979,1
-0.7777777777777778,-1.0,-0.4047343920235068,0.2857142857142857,1
-0.9444444444444444,0.0,0.0644128231371124,-0.3265306122448979,0
-0.6388888888888888,-1.0,0.1627653603618475,0.5306122448979592,1
-0.8888888888888888,-1.0,0.2984141657587463,-0.2857142857142857,1
0.2777777777777778,0.0,0.3711138257012997,0.7142857142857143,0
-0.6111111111111112,-1.0,0.8710753078675427,0.3469387755102041,1
0.6111111111111112,0.0,0.0376264210329382,-0.5918367346938775,0
0.6666666666666666,-1.0,-0.709322416278737,0.4897959183673469,1
0.3055555555555556,-1.0,0.536553424235421,-0.5510204081632653,1
0.5277777777777778,0.0,-0.4199874541912906,0.2040816326530612,0
0.7222222222222222,0.0,0.048378399198829,-0.6530612244897959,0
-0.9444444444444444,-1.0,-0.0876225692495625,-0.1020408163265306,1
0.25,0.0,0.3500280629931658,0.4081632653061224,0
0.0277777777777777,0.0,0.1444748918749381,-0.1836734693877551,0
-0.6111111111111112,-1.0,-0.17647770917935,0.7551020408163265,1
0.5277777777777778,-1.0,-0.6650819329349489,-0.673469387755102,1
-0.4166666666666667,0.0,-0.008661010047652,-0.2040816326530612,0
-0.1388888888888889,0.0,-0.9514675294661428,-0.2857142857142857,0
-0.5555555555555556,-1.0,0.247185446861897,-0.5102040816326531,1
-0.3055555555555556,0.0,0.6966005260435582,0.2040816326530612,0
-0.4722222222222222,-1.0,0.9102534473461212,-0.4285714285714285,1
0.1388888888888889,-1.0,-0.3374492389976559,0.0612244897959183,1
-0.0833333333333333,0.0,0.8698867575687543,0.5102040816326531,0
0.2222222222222222,0.0,-0.1070135472723871,-0.0612244897959183,0
-0.9722222222222222,-1.0,0.3117193260479602,-0.2653061224489796,1
0.5277777777777778,-1.0,0.115740587892194,0.7551020408163265,1
0.0555555555555555,-1.0,0.5808379279606458,0.8163265306122449,1
-0.4444444444444444,0.0,-0.2321414815059372,0.4285714285714285,0
-0.1111111111111111,0.0,0.8401619950036867,-0.2653061224489796,0
0.0277777777777777,0.0,-0.0086279947615746,-0.0816326530612244,0
-0.2222222222222222,-1.0,0.8301803735129365,-0.2244897959183673,1
-0.6666666666666666,-1.0,-0.2025377749898202,-1.0,1
-0.4722222222222222,-1.0,0.6238018202427724,-0.5510204081632653,1
0.5277777777777778,0.0,-0.3866530203484213,0.5918367346938775,0
1.0,-1.0,0.9607448248539072,0.3673469387755102,1
-0.0833333333333333,-1.0,0.6889079643875115,0.1632653061224489,1
0.6111111111111112,0.0,0.581872406924406,-0.3469387755102041,0
-0.0833333333333333,0.0,-0.4628743108059031,0.9591836734693876,0
0.25,-1.0,-0.3983184214291216,0.8775510204081632,1
-0.3888888888888889,-1.0,0.2647055586736659,-0.0204081632653061,1
0.1388888888888889,0.0,-0.5349576854083441,0.9183673469387756,0
-0.75,-1.0,0.5267038638889806,-0.1632653061224489,1
-0.4166666666666667,0.0,0.6639594132083154,-0.3877551020408163,0
0.9444444444444444,-1.0,0.2097461124500644,-0.1632653061224489,1
-0.5555555555555556,0.0,0.97199203231096,-1.0,0
-0.75,0.0,0.800103447896376,0.5102040816326531,0
-0.6666666666666666,0.0,0.6284789857704117,-0.1428571428571428,0
0.4166666666666667,0.0,-0.95656288861743,-0.4693877551020408,0
-0.3611111111111111,0.0,-0.8383461542694267,-0.2040816326530612,0
0.5555555555555556,-1.0,0.2061804615536993,-0.4489795918367347,1
0.3888888888888889,0.0,0.8728801435064435,0.3265306122448979,0
0.2222222222222222,0.0,-0.7401917087611564,0.2244897959183673,0
0.3333333333333333,-1.0,0.1370354474121518,0.1224489795918367,1
0.1388888888888889,0.0,-0.0079786941353846,-0.9387755102040816,0
-0.8055555555555556,0.0,0.1553479260897795,0.7959183673469388,0
0.5,-1.0,-0.2771193062387885,0.6938775510204082,1
-0.25,0.0,0.1578790980223843,0.1632653061224489,0
-0.4444444444444444,0.0,0.2842396029361594,0.2040816326530612,0
-1.0,-1.0,0.6649608768859983,-0.3877551020408163,1
0.3611111111111111,-1.0,0.6845719568160058,0.3265306122448979,1
-0.25,0.0,-0.3800389580375714,0.1020408163265306,0
-0.7777777777777778,-1.0,0.8599931768408773,0.0,1
0.4166666666666667,-1.0,-0.758856350490277,-0.9387755102040816,1
0.75,-1.0,-0.0769806420372632,1.0,1
-0.0555555555555555,0.0,0.935345064764986,-0.9387755102040816,0
-0.3333333333333333,-1.0,-0.2768111635687323,-0.7755102040816326,1
-0.9722222222222222,0.0,-0.2437738673005601,0.4285714285714285,0
-0.6666666666666666,-1.0,-0.3157692011401278,0.8163265306122449,1
0.0,0.0,0.0178832799586208,-0.1020408163265306,0
0.5,-1.0,0.0859057743735349,0.7755102040816326,1
0.6111111111111112,0.0,-0.0507444947010465,0.0204081632653061,0
-0.4722222222222222,-1.0,-0.0031914776541538,0.7142857142857143,1
0.6388888888888888,0.0,-0.7107860939615042,0.7755102040816326,0
0.6944444444444444,-1.0,0.0577547404448259,-0.7346938775510204,1
-0.3333333333333333,0.0,0.1345703060517019,0.8163265306122449,0
-0.9166666666666666,-1.0,0.9725422870789177,0.2244897959183673,1
-0.6388888888888888,-1.0,0.2303586560577547,0.2653061224489796,1
0.1111111111111111,-1.0,0.6569491674645361,0.9591836734693876,1
-0.3888888888888889,0.0,0.9520177842341004,-0.8979591836734694,0
0.6111111111111112,-1.0,0.3235938239404844,0.3265306122448979,1
0.9444444444444444,0.0,-0.2183080766394841,-0.0612244897959183,0
0.3333333333333333,0.0,0.0745485159628908,-0.7755102040816326,0
0.1944444444444444,0.0,-0.9134449250002752,-0.0816326530612244,0
0.8611111111111112,-1.0,-0.2680401025674887,0.4693877551020408,1
-0.6388888888888888,0.0,0.9321535871108324,0.5918367346938775,0
-0.3611111111111111,0.0,-0.4505265938129354,-0.4897959183673469,0
-0.7222222222222222,0.0,-0.1989611189980961,0.5918367346938775,0
0.8888888888888888,0.0,-0.126283469246261,-0.2040816326530612,0
0.9166666666666666,0.0,-0.0552015583215028,-0.4897959183673469,0
-0.8333333333333334,0.0,0.6326719271022483,0.0408163265306122,0
0.6944444444444444,0.0,0.3209966214357247,0.1224489795918367,0
0.5833333333333334,-1.0,0.2487261602121782,-0.9183673469387756,1
-0.75,0.0,0.2933408167981776,1.0,0
-0.1944444444444444,-1.0,-0.503967336876974,-0.2244897959183673,1
0.8055555555555556,0.0,-0.1619399782099111,-0.9183673469387756,0
-0.3888888888888889,-1.0,0.5610837817909692,0.2040816326530612,1
0.3055555555555556,-1.0,-0.3353362606886989,-0.5102040816326531,1
-0.1666666666666666,-1.0,-0.8689623295585857,0.8979591836734694,1
-0.1388888888888889,-1.0,0.8165670705536664,-0.9387755102040816,1
-0.5277777777777778,-1.0,0.3646098143440412,-0.6530612244897959,1
0.3611111111111111,0.0,-0.6249243399694059,0.1020408163265306,0
0.5833333333333334,-1.0,-0.4373204793819538,0.7346938775510204,1
0.9444444444444444,-1.0,0.4411282423762201,0.9387755102040816,1
0.8333333333333334,-1.0,0.8144761024354276,0.2653061224489796,1
0.5,0.0,-0.0967237831115806,0.1224489795918367,0
0.9166666666666666,0.0,-0.3045990293505893,0.1836734693877551,0
0.7222222222222222,0.0,-0.0834626432038033,0.1020408163265306,0
0.5833333333333334,0.0,-0.1396326499169115,0.5714285714285714,0
-0.8333333333333334,-1.0,-0.6268942520386939,1.0,1
-0.5555555555555556,0.0,-0.7877887461894857,0.0612244897959183,0
-0.5277777777777778,0.0,0.4179515115498475,-0.2244897959183673,0
0.1666666666666666,-1.0,-0.7236950708177886,-0.0612244897959183,1
-0.5833333333333334,0.0,0.309815444550827,-0.9387755102040816,0
0.5,0.0,-0.4763005271440677,0.9183673469387756,0
-0.2222222222222222,0.0,0.7949200479822157,-0.5306122448979592,0
-0.75,0.0,0.4496461861842032,-0.1836734693877551,0
1.0,-1.0,0.3490155942201239,-1.0,1
0.25,0.0,-0.3251455423861247,-0.8775510204081632,0
-0.5277777777777778,-1.0,0.6606028591237743,-0.4081632653061224,1
-0.5555555555555556,-1.0,-0.0923767704447159,0.1632653061224489,1
-0.5,0.0,-0.4995652987333135,0.6938775510204082,0
0.0277777777777777,-1.0,-0.7227926529983383,-0.4081632653061224,1
-0.9444444444444444,0.0,-0.5346495427382878,0.5510204081632653,0
-0.1944444444444444,-1.0,-0.7404448259544169,0.6530612244897959,1
-0.1666666666666666,-1.0,-0.329239437859729,-1.0,1
-0.6944444444444444,0.0,-0.2521927652503108,-0.673469387755102,0
0.0277777777777777,-1.0,0.6776387467397404,-0.4489795918367347,1
-0.4444444444444444,0.0,0.0309133128638559,-0.2040816326530612,0
-0.8888888888888888,-1.0,-0.8905653317485996,-0.5510204081632653,1
-0.1666666666666666,-1.0,0.1687081118557892,1.0,1
0.3611111111111111,-1.0,0.2688764898147842,0.979591836734694,1
-0.9444444444444444,0.0,0.8901911585063884,0.3673469387755102,0
0.1111111111111111,0.0,0.6799608218605214,0.6122448979591837,0
0.3333333333333333,-1.0,0.1580221642620533,0.2448979591836734,1
-0.5555555555555556,-1.0,0.3559598093917483,-0.5102040816326531,1
-0.3055555555555556,-1.0,0.5347155733104427,0.8367346938775511,1
0.9444444444444444,0.0,-0.8096448655727602,-0.2244897959183673,0
-0.1111111111111111,0.0,-0.686839006459991,0.5918367346938775,0
1.0,-1.0,0.0837817909692187,-0.9387755102040816,-1
0.75,-1.0,0.4536740510856527,0.0408163265306122,1
0.4444444444444444,-1.0,-0.7586142383923756,0.7551020408163265,1
0.6944444444444444,0.0,0.2699659942553402,0.9183673469387756,0
-1.0,0.0,0.6352691296070081,-0.8775510204081632,0
-0.5,0.0,0.8761046364466748,0.5102040816326531,0
0.6388888888888888,0.0,-0.0685617440875125,0.2244897959183673,0
-0.8333333333333334,-1.0,-0.6181121859420912,-0.3469387755102041,1
-0.3333333333333333,-1.0,0.1832678530159464,0.5102040816326531,1
-0.25,0.0,0.2107805914138246,0.3265306122448979,0
0.1111111111111111,0.0,0.9520948199016144,-1.0,0
0.5833333333333334,0.0,0.3028932395699208,0.4285714285714285,0
0.7222222222222222,0.0,-0.5502217526714869,0.4285714285714285,0
0.3055555555555556,-1.0,0.6479249892700321,0.7346938775510204,1
-0.0277777777777777,-1.0,0.1473032013822399,-0.4897959183673469,1
0.8611111111111112,0.0,-0.363355233473098,0.4285714285714285,0
0.8333333333333334,0.0,-0.4433622767341279,0.1632653061224489,0
-0.4722222222222222,0.0,-0.4031276481010708,-0.9183673469387756,0
0.8055555555555556,-1.0,0.6236147336216669,-0.3469387755102041,1
0.2222222222222222,0.0,0.7503934321590897,-0.5102040816326531,0
-0.5277777777777778,0.0,-0.6186954559961262,-0.0612244897959183,0
-0.9722222222222222,-1.0,-0.9181551058139918,-0.4897959183673469,1
-0.7777777777777778,0.0,-0.4347672972586307,0.2448979591836734,0
-1.0,-1.0,0.8385332408905323,0.1428571428571428,1
0.1666666666666666,0.0,-0.8919519737638527,0.0612244897959183,0
-0.6944444444444444,-1.0,-0.8919849890499301,0.3061224489795918,1
0.3888888888888889,-1.0,-0.4033367449128947,0.8775510204081632,1
0.0833333333333333,-1.0,0.1090054695323935,0.5306122448979592,1
-0.75,-1.0,0.7498541824864913,-0.1836734693877551,1
0.1944444444444444,-1.0,-0.0662286638713724,0.979591836734694,1
-0.4722222222222222,-1.0,-0.144617958114607,-0.2040816326530612,1
0.4722222222222222,0.0,0.7988048466439962,-0.4489795918367347,0
0.3333333333333333,-1.0,0.7233869281477324,-0.6938775510204082,1
0.6111111111111112,-1.0,-0.8039772414627973,0.7959183673469388,1
-0.8055555555555556,-1.0,0.3850242662352669,0.4489795918367347,1
-0.8055555555555556,0.0,-0.7097846302838214,0.3061224489795918,0
0.0833333333333333,-1.0,0.7232988873848591,0.9387755102040816,1
0.2777777777777778,-1.0,-0.4606072611619179,0.0816326530612244,1
-0.3055555555555556,0.0,-0.6095612268480306,-0.4693877551020408,0
0.8888888888888888,-1.0,-0.9548350886460432,1.0,1
0.3055555555555556,-1.0,-0.93387038198686,-0.1836734693877551,1
0.5833333333333334,-1.0,-0.9501359129276856,0.7755102040816326,1
-0.8888888888888888,0.0,0.0668779644975623,0.8979591836734694,0
-0.0277777777777777,0.0,-0.3819318344393454,0.4489795918367347,0
-0.3888888888888889,0.0,-0.7510647429759979,0.6938775510204082,0
-0.3888888888888889,0.0,0.0738882102413417,0.3877551020408163,0
-0.3888888888888889,-1.0,0.1359789582576733,0.7142857142857143,1
-0.4722222222222222,0.0,-0.3303729626817216,-0.0612244897959183,0
-0.1944444444444444,0.0,-0.6254635896420042,0.673469387755102,0
-0.4166666666666667,0.0,0.0357995752033191,0.8163265306122449,0
0.9722222222222222,0.0,-0.0265442900062729,0.6326530612244898,0
0.3055555555555556,-1.0,0.3473208095348146,-0.9387755102040816,1
0.1944444444444444,0.0,-0.3666567620808434,1.0,0
0.6388888888888888,-1.0,0.949453597015418,0.673469387755102,1
0.7777777777777778,-1.0,0.0305831600030814,-0.673469387755102,1
0.1111111111111111,0.0,0.0613093862458318,-0.4285714285714285,0
0.5833333333333334,0.0,-0.9222159860015188,0.7959183673469388,0
0.9166666666666666,0.0,0.5088095788350006,0.3673469387755102,0
-0.2777777777777778,-1.0,0.9247581630294828,0.6326530612244898,1
-0.5,-1.0,-0.3546722132347277,0.1428571428571428,1
-0.4444444444444444,0.0,-0.9629348388303784,0.9591836734693876,0
-1.0,0.0,-0.3433919904915976,0.2244897959183673,0
-0.2777777777777778,-1.0,-0.6527672312280586,0.1428571428571428,1
0.9444444444444444,0.0,-0.9315373017707198,0.0204081632653061,0
-0.75,0.0,0.4131642950686168,0.9387755102040816,0
0.5277777777777778,0.0,-0.6847480383417522,-0.2244897959183673,0
-0.5,-1.0,0.4151342071379048,-0.979591836734694,1
-0.8611111111111112,-1.0,-0.1626222941221785,-0.4081632653061224,1
0.3888888888888889,-1.0,-0.616494436924296,0.7142857142857143,1
-0.3055555555555556,-1.0,0.0685617440875125,0.9387755102040816,1
-0.5555555555555556,0.0,-0.1262174386741061,0.4285714285714285,0
-0.8055555555555556,-1.0,-0.3553655342423542,0.5714285714285714,1
-0.7777777777777778,-1.0,0.9495636479690096,0.1020408163265306,1
-0.6388888888888888,0.0,-0.5866596234056368,0.1224489795918367,0
0.8888888888888888,0.0,0.7958884963738211,-0.3469387755102041,0
0.8055555555555556,0.0,-0.4560731618739476,0.3265306122448979,0
-0.6666666666666666,0.0,0.6747003862788471,-0.3877551020408163,0
-0.0555555555555555,0.0,-0.3587330934222545,0.3673469387755102,0
-0.5,-1.0,0.6513035535452915,0.0612244897959183,1
-0.75,-1.0,0.0345890147138124,0.8979591836734694,1
0.3333333333333333,0.0,-0.4663409158440358,-0.1632653061224489,0
0.5555555555555556,0.0,0.40365589267831,0.9183673469387756,0
0.0833333333333333,-1.0,-0.2002156998690393,-0.8571428571428571,1
0.75,0.0,0.4415024156184313,-1.0,0
-0.9722222222222222,-1.0,-0.9742260666688676,0.673469387755102,1
0.1666666666666666,0.0,0.3904497782473285,0.4489795918367347,0
-0.4722222222222222,-1.0,0.1489759758768309,0.6326530612244898,1
-0.5,0.0,0.5166121914446389,0.8571428571428571,0
-0.6944444444444444,0.0,0.3502481649003489,0.4285714285714285,0
0.9444444444444444,-1.0,0.6687136144034688,-0.7755102040816326,1
-0.0555555555555555,-1.0,-0.0628611046914721,-0.0612244897959183,1
0.2222222222222222,-1.0,0.0683746574664069,-0.2448979591836734,1
0.0,-1.0,-0.8954515940880627,0.8571428571428571,1
-0.5833333333333334,-1.0,-0.2313711248307966,0.1224489795918367,1
-0.1388888888888889,0.0,-0.9389547360427878,-0.4693877551020408,0
-0.8888888888888888,-1.0,0.4151782275193414,0.9387755102040816,1
0.6666666666666666,0.0,-0.2929776486513256,-0.3673469387755102,0
0.8333333333333334,-1.0,-1.1005095359151287e-05,0.2857142857142857,1
-0.8333333333333334,0.0,0.1514301121419217,0.8979591836734694,0
-0.5555555555555556,-1.0,-0.420020469477368,-0.1224489795918367,1
-0.8055555555555556,0.0,-0.8626894252038694,0.7142857142857143,0
-0.8055555555555556,0.0,0.7601549517426569,-0.5714285714285714,0
-0.4444444444444444,-1.0,-0.4163777829134889,-0.4693877551020408,1
0.1111111111111111,0.0,-0.1357148359690536,0.979591836734694,0
0.4166666666666667,0.0,-0.8540724355376539,0.5102040816326531,0
0.1111111111111111,-1.0,-0.2616241319731035,-0.3673469387755102,1
0.7222222222222222,-1.0,-0.8012589829090869,-0.7755102040816326,1
0.4444444444444444,0.0,0.5045396018356499,0.7755102040816326,0
0.25,-1.0,-0.7153642136309111,0.7551020408163265,1
0.0833333333333333,-1.0,-0.5279804549506422,-0.0408163265306122,1
0.7777777777777778,0.0,-0.8844575038242707,-0.5918367346938775,0
0.25,0.0,0.4113924747157934,-0.8163265306122449,0
0.4722222222222222,-1.0,-0.3509634960986937,-0.4081632653061224,1
-0.1388888888888889,-1.0,0.5875400310343689,0.3673469387755102,1
0.6666666666666666,0.0,-0.1114706108928433,0.3673469387755102,0
0.4444444444444444,0.0,-0.8371025784938426,-1.0,0
0.2777777777777778,0.0,0.2340123477169929,0.6122448979591837,0
0.4444444444444444,0.0,-0.7742304687070114,0.7551020408163265,0
0.0555555555555555,-1.0,0.9238227299239548,0.7755102040816326,1
0.6111111111111112,0.0,0.1915987102028239,0.7959183673469388,0
-0.6388888888888888,-1.0,0.0404437254448809,-0.2857142857142857,1
-1.0,0.0,0.9082175047046782,0.9591836734693876,0
-0.4722222222222222,0.0,-0.4732961361110194,-0.4897959183673469,0
0.4444444444444444,0.0,0.7486106067109072,0.5510204081632653,0
-0.0277777777777777,0.0,-0.7535298843364477,0.5918367346938775,0
0.2222222222222222,0.0,-0.1159716948947362,-0.2448979591836734,0
-0.4166666666666667,0.0,-0.4699285769311191,-0.5510204081632653,0
-0.8333333333333334,-1.0,-0.6118282764920158,0.7142857142857143,1
0.3888888888888889,0.0,0.5327566663365138,-0.1836734693877551,0
0.0555555555555555,0.0,0.4767407309584338,-0.3469387755102041,0
-0.4722222222222222,-1.0,-0.1211771049996148,-0.3469387755102041,1
-0.8611111111111112,-1.0,-0.6657972641332938,-0.1836734693877551,1
0.3611111111111111,0.0,-0.0498530819769553,0.2857142857142857,0
-0.7777777777777778,0.0,-0.0666688676857385,-0.4489795918367347,0
-0.75,-1.0,-0.2479447984416785,0.7142857142857143,1
0.8333333333333334,0.0,-0.6809402753474859,-1.0,0
-0.8888888888888888,-1.0,0.6052362243718842,0.2244897959183673,1
0.6111111111111112,-1.0,0.6017145938569558,0.3673469387755102,1
0.5,-1.0,-0.2310849923514587,-0.4693877551020408,1
0.7222222222222222,-1.0,0.3628600041819362,-0.2244897959183673,1
0.3333333333333333,0.0,-0.6232295552840965,0.1836734693877551,0
-0.1111111111111111,-1.0,-0.5498255692385574,0.7142857142857143,1
0.0555555555555555,-1.0,-0.722055311609275,0.0408163265306122,1
0.25,0.0,-0.2557033906698802,-0.9183673469387756,0
0.1944444444444444,0.0,-0.1375746970847502,0.673469387755102,0
-0.4444444444444444,0.0,-0.1658247768716916,-0.7755102040816326,0
0.5555555555555556,0.0,0.9440500951940748,0.3469387755102041,0
0.5277777777777778,0.0,0.4655045285967403,-0.5918367346938775,0
0.4444444444444444,-1.0,-0.965157868092927,0.7959183673469388,1
-0.2222222222222222,0.0,-0.6081635797374184,-0.9591836734693876,0
0.2222222222222222,0.0,0.493710588002245,0.2448979591836734,0
-0.5555555555555556,-1.0,-0.9274544113924748,-0.4489795918367347,1
0.9722222222222222,-1.0,-0.6891720866761311,0.3877551020408163,1
-0.0833333333333333,0.0,-0.6632660922006889,-0.1020408163265306,0
-0.3611111111111111,0.0,0.4145179217977924,0.5918367346938775,0
-0.8888888888888888,-1.0,-0.8876379763830654,-0.7551020408163265,1
-0.7777777777777778,-1.0,0.7879868379059505,0.979591836734694,1
0.1388888888888889,-1.0,0.3969427845092277,0.0408163265306122,1
-0.0833333333333333,-1.0,0.2076551443318256,0.8367346938775511,1
0.75,0.0,-0.4594517261492071,-0.5918367346938775,0
0.3055555555555556,-1.0,0.3982964112384033,-0.1836734693877551,1
0.9722222222222222,0.0,0.0411590566432258,0.0612244897959183,0
0.5277777777777778,-1.0,0.0698603453398923,0.3469387755102041,1
0.8333333333333334,0.0,0.375570889321756,-0.7142857142857143,0
-0.4444444444444444,0.0,-0.3131499884446498,-0.3469387755102041,0
0.4166666666666667,-1.0,-0.4772909857263913,-0.7142857142857143,1
0.4722222222222222,-1.0,-0.1539942993606039,0.0204081632653061,1
-0.5833333333333334,-1.0,-0.5290479492004798,-0.1428571428571428,1
0.9166666666666666,-1.0,0.7814278010718962,0.8163265306122449,1
-0.5277777777777778,-1.0,-0.0233308021614007,-0.1020408163265306,1
0.6388888888888888,0.0,-0.3126987795349246,-0.2857142857142857,0
0.1944444444444444,-1.0,-0.0017057897806684,-0.5918367346938775,1
0.8055555555555556,-1.0,0.9802238436396052,0.4285714285714285,1
-0.6388888888888888,0.0,0.3469796515786809,-0.7959183673469388,0
0.7222222222222222,0.0,0.1445519275424521,0.3265306122448979,0
-1.0,0.0,-0.0533306921104471,0.5510204081632653,0
0.1388888888888889,0.0,-0.7565232702741369,-0.2448979591836734,0
0.0555555555555555,-1.0,0.9450185435856802,-0.8571428571428571,1
-0.0833333333333333,0.0,-0.7668460497210209,0.9591836734693876,0
-0.6944444444444444,-1.0,-0.3392980950179933,0.0816326530612244,1
0.7777777777777778,0.0,-0.732014922909307,-0.5102040816326531,0
0.7777777777777778,0.0,0.9607448248539072,0.0816326530612244,0
-0.0555555555555555,-1.0,-0.7139995818063763,-0.4693877551020408,1
0.1388888888888889,0.0,-0.1395556142493974,-0.5918367346938775,0
0.25,-1.0,0.9765371366942894,0.2040816326530612,1
-0.9444444444444444,0.0,0.9851541263605048,0.0,0
-0.2777777777777778,0.0,0.3453508974655265,0.6938775510204082,0
-0.4166666666666667,0.0,0.5036481891115586,-0.4081632653061224,0
-1.0,0.0,-0.0632682932197607,-0.8775510204081632,0
0.3333333333333333,0.0,-0.8851948452133338,-0.5306122448979592,0
-0.2222222222222222,0.0,-0.6328810239140722,-0.3061224489795918,0
0.6388888888888888,-1.0,-0.8032068847876567,-0.4897959183673469,1
-0.7222222222222222,0.0,0.6861456854523644,-0.1224489795918367,0
-0.6388888888888888,-1.0,-0.7129981181286936,0.0816326530612244,1
0.0,-1.0,-0.5139269481770059,0.0408163265306122,1
-0.6666666666666666,-1.0,0.5338241605863515,0.2857142857142857,1
-0.5277777777777778,-1.0,0.7846963143935642,-1.020408163265306,1
-0.5833333333333334,0.0,0.6133579847469378,-0.4897959183673469,0
-0.3333333333333333,-1.0,-0.5838533240890532,-0.7551020408163265,1
0.0833333333333333,0.0,0.4791838621281653,-0.5306122448979592,0
-0.9166666666666666,-1.0,-0.6695940220322009,0.6938775510204082,1
0.6666666666666666,0.0,0.562591479855173,0.9591836734693876,0
-0.2777777777777778,-1.0,-0.7197002212024167,-0.1632653061224489,1
-0.9444444444444444,-1.0,0.965157868092927,-0.7755102040816326,1
-0.4166666666666667,-1.0,0.9188374217262592,-0.8571428571428571,1
0.7222222222222222,-1.0,-0.807454851596289,-0.3877551020408163,1
-0.2777777777777778,-1.0,-0.4218143000209097,0.3469387755102041,1
-0.4444444444444444,-1.0,0.9117281301242476,-0.9183673469387756,1
-0.6666666666666666,0.0,0.214885491982788,-0.1224489795918367,0
-0.8888888888888888,0.0,-0.3348190212068188,0.3877551020408163,0
-0.3055555555555556,-1.0,-0.3091771490199962,-1.0,1
0.8055555555555556,0.0,0.1215182629557485,-0.1224489795918367,0
-0.7222222222222222,0.0,0.1928973114552037,0.8163265306122449,0
-0.8611111111111112,0.0,0.8985000055025477,-0.5306122448979592,0
-1.0,-1.0,0.3449327038418788,0.8979591836734694,1
-0.5277777777777778,0.0,-0.7050634443747456,-0.3877551020408163,0
-0.1111111111111111,-1.0,-0.1075527969449855,0.1020408163265306,1
-0.5277777777777778,-1.0,0.707935774263484,0.0204081632653061,1
-0.8055555555555556,0.0,0.4649102534473461,-0.0612244897959183,0
0.6388888888888888,-1.0,0.2831721086863217,-0.7142857142857143,1
0.75,0.0,-0.596784311136056,0.9387755102040816,0
-0.3888888888888889,0.0,-0.0652822256704854,0.8979591836734694,0
0.6666666666666666,0.0,0.3728526307680456,0.7755102040816326,0
-0.6666666666666666,-1.0,-0.2824127571065403,-0.2448979591836734,1
0.9166666666666666,-1.0,-0.4614216382184952,-0.1836734693877551,1
-0.0833333333333333,-1.0,0.7447918386212816,0.3265306122448979,1
-0.2777777777777778,0.0,0.856042347606942,0.6530612244897959,0
0.9166666666666666,-1.0,0.5476685705481638,-0.1224489795918367,1
0.0,-1.0,-0.7353164515170524,-0.7755102040816326,1
-0.1111111111111111,-1.0,-0.183972179118932,0.8571428571428571,1
0.4166666666666667,-1.0,-0.4824083550683967,0.0204081632653061,1
0.6666666666666666,-1.0,0.303267412812132,-0.1836734693877551,1
0.5,-1.0,-0.5032520056786292,-0.7959183673469388,1
0.3333333333333333,0.0,0.4118436836255186,0.5918367346938775,0
-0.6666666666666666,-1.0,-0.6689227112152927,-0.0816326530612244,1
0.4722222222222222,-1.0,-0.3077464866233066,-0.6938775510204082,1
-0.5833333333333334,-1.0,-0.5586626608119559,-0.979591836734694,1
-0.7222222222222222,0.0,-0.2446102545478556,-0.3877551020408163,0
-0.1111111111111111,0.0,0.3672840525163151,0.4897959183673469,0
-0.5833333333333334,0.0,0.6231745298073008,-0.3265306122448979,0
0.0555555555555555,-1.0,-0.6084607173121155,0.3877551020408163,1
0.3055555555555556,0.0,-0.4996423344008275,-0.1020408163265306,0
-0.4444444444444444,-1.0,0.5943631901570428,0.6938775510204082,1
-0.3055555555555556,0.0,0.9718049456898544,-0.4693877551020408,0
-0.7777777777777778,0.0,0.594385200347761,-0.2857142857142857,0
0.3888888888888889,0.0,-0.8379829861225747,0.4285714285714285,0
-0.6111111111111112,-1.0,0.0511076628478985,-0.8775510204081632,1
-0.1111111111111111,0.0,-0.2532602595001486,-0.0408163265306122,0
0.8888888888888888,-1.0,0.1036679982832051,0.7755102040816326,1
-0.25,-1.0,0.9238667503053914,0.3061224489795918,1
0.5555555555555556,0.0,0.2573431498783937,-0.1428571428571428,0
-0.5555555555555556,-1.0,0.8634047564022143,-0.9387755102040816,1
0.7222222222222222,0.0,-0.8174694883731167,-0.6530612244897959,0
0.9444444444444444,0.0,-0.4542683262350468,-0.7142857142857143,0
0.5,-1.0,-0.7017729208623593,-0.8367346938775511,1
-0.7777777777777778,-1.0,-0.7267214720415552,-0.979591836734694,1
-0.3611111111111111,-1.0,0.947626751185799,0.673469387755102,1
-0.8611111111111112,0.0,0.9828760716211606,0.4897959183673469,0
0.7222222222222222,0.0,-0.4468508919629788,-0.6530612244897959,0
-0.1111111111111111,0.0,-0.1501095006988235,0.5714285714285714,0
0.7222222222222222,0.0,-0.5683911651094457,-0.5306122448979592,0
0.5,-1.0,-0.5164140997281741,-0.5714285714285714,1
-0.1388888888888889,0.0,0.7345130795558343,0.979591836734694,0
0.75,0.0,-0.2330879197068242,0.0816326530612244,0
-0.2222222222222222,0.0,-0.2356300967347882,-0.979591836734694,0
-0.1388888888888889,-1.0,0.6453277867652724,0.4693877551020408,1
-0.8055555555555556,-1.0,0.0610562690525713,0.1020408163265306,1
0.1111111111111111,-1.0,-0.1858540504253469,-0.1836734693877551,1
-0.9722222222222222,0.0,-0.6509734006845169,0.2040816326530612,0
0.0833333333333333,-1.0,-0.7751659018125392,-0.8367346938775511,1
-0.3055555555555556,0.0,-0.6205993374932594,-0.8163265306122449,0
0.5,-1.0,-0.4392133557837279,-0.6530612244897959,1
0.1111111111111111,-1.0,-0.9752825558233462,0.8571428571428571,1
0.4722222222222222,-1.0,0.2057622679300516,-0.1836734693877551,1
-0.3888888888888889,0.0,-0.3127538050117204,-0.0408163265306122,0
-0.3611111111111111,0.0,-0.927982655969714,0.3877551020408163,0
0.6388888888888888,0.0,-0.9745011940528464,-1.020408163265306,0
0.3611111111111111,-1.0,-0.7586142383923756,-0.9387755102040816,1
0.6111111111111112,-1.0,0.2371818151804285,0.9591836734693876,1
-0.2222222222222222,0.0,0.6552763929699451,-0.0408163265306122,0
0.0277777777777777,0.0,-0.5928444869974798,0.979591836734694,0
0.3055555555555556,0.0,0.9792113748665632,-0.6122448979591837,0
0.1111111111111111,-1.0,0.6885998217174552,0.4489795918367347,1
-0.1388888888888889,0.0,0.2697238821574389,0.5102040816326531,0
-0.4166666666666667,0.0,0.3650390130630482,0.4285714285714285,0
0.25,0.0,-0.2169654550056676,-0.4081632653061224,0
-0.1388888888888889,0.0,-0.4925550529895341,-0.8979591836734694,0
-0.9444444444444444,0.0,-0.8250740092662903,-0.7346938775510204,0
-0.1388888888888889,0.0,0.9775826207534088,-0.8775510204081632,0
-0.25,0.0,0.6275765679509613,-0.7346938775510204,0
0.6111111111111112,-1.0,0.1232790782132127,0.8367346938775511,1
0.7222222222222222,0.0,0.8530709718599712,-0.6938775510204082,0
-0.0833333333333333,0.0,0.3351601791629524,0.5102040816326531,0
0.9166666666666666,-1.0,0.1775231932384694,0.2040816326530612,1
-0.5,-1.0,-0.7906280607921468,-0.5714285714285714,1
0.3611111111111111,0.0,0.3040047542011951,0.6122448979591837,0
0.8611111111111112,-1.0,-0.2941661989501139,0.4489795918367347,1
0.5555555555555556,0.0,0.8317651072446542,-0.2040816326530612,0
-0.5555555555555556,-1.0,-0.5201338219595673,0.2244897959183673,1
0.0277777777777777,0.0,0.6575874629953669,0.5306122448979592,0
1.0,-1.0,0.0261371014779843,-0.4081632653061224,1
-0.5833333333333334,0.0,-0.1744197563471887,0.3673469387755102,0
-0.1944444444444444,0.0,0.1892216096052472,-0.0204081632653061,0
-0.0833333333333333,-1.0,-0.674183146796967,0.7551020408163265,1
-0.4444444444444444,-1.0,0.7422606666886769,-1.020408163265306,1
0.0277777777777777,0.0,-0.0829674139126415,0.2653061224489796,0
-0.0833333333333333,-1.0,-0.3317596046969747,-0.2857142857142857,1
0.1388888888888889,0.0,0.8303124346572464,-0.1428571428571428,0
0.6666666666666666,0.0,0.6898764127791167,0.3673469387755102,0
-0.5833333333333334,0.0,-0.2676439191345593,-0.2857142857142857,0
0.7777777777777778,0.0,0.3636743812385134,-0.2448979591836734,0
0.75,0.0,0.361319290831655,0.1224489795918367,0
0.8888888888888888,-1.0,0.7698724509447874,0.2653061224489796,1
0.75,0.0,0.3669538996555405,-0.9387755102040816,0
0.0833333333333333,-1.0,0.6919673808973554,0.0204081632653061,1
-0.8888888888888888,-1.0,0.4348333278307856,0.7551020408163265,1
-0.9166666666666666,-1.0,-0.665092938030308,-1.020408163265306,1
-0.75,-1.0,-0.6554854897817689,-0.3469387755102041,1
0.0833333333333333,0.0,-0.3827352064005634,-0.1632653061224489,0
-0.8333333333333334,-1.0,-0.7880748786688236,-0.8163265306122449,1
-0.0833333333333333,-1.0,-0.3343898224878118,0.0204081632653061,1
0.0,0.0,-0.779369848239735,0.7551020408163265,0
-0.0277777777777777,0.0,-0.235035821585394,-0.6122448979591837,0
0.1944444444444444,-1.0,0.0132391297170589,-0.6530612244897959,1
-0.9722222222222222,0.0,-0.957377265674007,-0.8979591836734694,0
0.8055555555555556,-1.0,-0.0719403083627719,-0.6530612244897959,1
0.1111111111111111,-1.0,0.5629656530973841,-1.0,1
-0.8055555555555556,0.0,0.2444561832128275,0.7959183673469388,0
0.2222222222222222,0.0,-0.1809347727998063,0.1224489795918367,0
0.8611111111111112,-1.0,0.8551289246921324,-0.2653061224489796,1
0.8333333333333334,-1.0,0.7299569700771458,0.3061224489795918,1
0.6388888888888888,0.0,-0.1126921764777091,-0.1836734693877551,0
-0.6666666666666666,0.0,0.0366799828320512,-0.0408163265306122,0
0.4444444444444444,-1.0,-0.284426689557265,-1.0,1
1.0,0.0,0.5084354055927894,-0.4693877551020408,0
-0.9444444444444444,-1.0,0.7754300241011588,0.8367346938775511,1
0.1944444444444444,0.0,-0.2098011379268601,-0.673469387755102,0
-0.2777777777777778,-1.0,-0.9078983569392628,-0.2653061224489796,1
-0.5,-1.0,0.9730155061793612,-0.7959183673469388,1
0.2222222222222222,-1.0,-0.5396458560313425,-0.9387755102040816,1
-0.1666666666666666,-1.0,0.159452826658743,0.2244897959183673,1
0.6388888888888888,0.0,-0.7578658919079534,-0.1836734693877551,0
0.5277777777777778,-1.0,-0.1635467221323472,-0.5306122448979592,1
-0.5833333333333334,-1.0,-0.4452441480405428,0.8979591836734694,1
0.5555555555555556,-1.0,-0.1278021724058239,0.7755102040816326,1
-0.8333333333333334,-1.0,-0.9170656013734358,0.3877551020408163,1
0.2222222222222222,-1.0,-0.0367460134042061,0.5510204081632653,1
0.0,0.0,-0.5536773526142604,-0.9591836734693876,0
-0.3611111111111111,0.0,-0.0232977868753232,0.7755102040816326,0
0.4166666666666667,0.0,0.1659788482067197,0.1428571428571428,0
-0.8611111111111112,0.0,0.0723585019864197,-0.0204081632653061,0
-0.4166666666666667,0.0,0.5582884875697448,-0.5306122448979592,0
-0.8055555555555556,-1.0,0.2036272794303762,-0.5714285714285714,1
-0.7777777777777778,0.0,0.2538105142681061,-0.0204081632653061,0
0.9444444444444444,-1.0,-0.9295013591292768,-0.3061224489795918,1
0.25,0.0,-0.7979354441106232,-0.2653061224489796,0
0.8055555555555556,-1.0,-0.3903507323890962,0.2040816326530612,1
0.9444444444444444,-1.0,0.9235255923492576,-0.9387755102040816,1
0.4722222222222222,0.0,0.2270681325453685,0.7755102040816326,0
-0.8055555555555556,-1.0,0.2318443439312401,0.0204081632653061,1
0.4722222222222222,0.0,-0.4547415453354903,0.5918367346938775,0
0.8611111111111112,-1.0,0.8870106859475937,-1.0,1
-0.25,-1.0,0.5790110821310267,-0.0408163265306122,1
-0.3333333333333333,-1.0,0.3699472855932296,0.6530612244897959,1
-0.5,0.0,0.978617099717169,-0.4897959183673469,0
-0.3055555555555556,-1.0,0.6900855095909406,-0.8163265306122449,1
-0.8333333333333334,-1.0,-0.0698823555306106,0.7959183673469388,1
0.9166666666666666,-1.0,0.5431784916416301,-0.9183673469387756,1
-0.0833333333333333,-1.0,-0.2522367856317475,-0.3673469387755102,1
-0.3888888888888889,0.0,-0.8073448006426975,0.1224489795918367,0
-0.8333333333333334,0.0,0.8477224955154237,0.9183673469387756,0
0.3333333333333333,-1.0,-0.5219496626938273,-0.7142857142857143,1
0.9166666666666666,-1.0,0.1130003191477654,-0.4081632653061224,1
0.6666666666666666,0.0,-0.7132952557033907,0.2857142857142857,0
0.6111111111111112,0.0,0.6938822674898478,0.5510204081632653,0
-0.9166666666666666,-1.0,0.0080007043261029,0.1020408163265306,1
0.7777777777777778,-1.0,-0.9045528079500808,0.3877551020408163,1
-0.7777777777777778,0.0,0.8067395203979443,-0.5714285714285714,0
-0.5277777777777778,0.0,-0.2067527265123752,-0.9183673469387756,0
-0.7777777777777778,-1.0,-0.4073866200050623,0.1428571428571428,1
-0.6111111111111112,-1.0,-0.5853940374393344,-0.7959183673469388,1
-0.3333333333333333,0.0,-0.3146466814134944,-0.8571428571428571,0
-0.2222222222222222,-1.0,0.6457349752935609,0.1836734693877551,1
0.3055555555555556,-1.0,0.0792036712998118,0.5102040816326531,1
-0.5833333333333334,-1.0,-0.730056015935378,0.6530612244897959,1
-0.0555555555555555,-1.0,-0.2531942289279936,-0.4693877551020408,1
-0.5,0.0,0.1085762708133866,-0.7142857142857143,0
0.3055555555555556,0.0,0.6303498519814674,-0.3469387755102041,0
0.3333333333333333,-1.0,-0.756963474088503,-0.3877551020408163,1
-0.9166666666666666,0.0,0.312797825393157,-0.7142857142857143,0
-0.8055555555555556,0.0,0.5377859949156459,-0.0204081632653061,0
-0.4166666666666667,0.0,0.1402819505431014,-0.979591836734694,0
-0.8333333333333334,-1.0,0.9109357632583888,0.5510204081632653,1
-0.4722222222222222,-1.0,-0.4416895022395369,-0.6938775510204082,1
-0.1111111111111111,0.0,-0.0020579528321612,-0.8775510204081632,0
-0.1388888888888889,0.0,-0.9710896144915095,-0.1632653061224489,0
-0.2222222222222222,-1.0,0.9653889750954692,0.3061224489795918,1
0.4166666666666667,0.0,0.4214291216833394,-0.7755102040816326,0
-0.9444444444444444,0.0,0.3638504627642598,0.0612244897959183,0
-0.0555555555555555,0.0,0.8616329360493908,0.5306122448979592,0
0.4166666666666667,0.0,0.6405075549979641,-0.7551020408163265,0
0.6111111111111112,0.0,-0.6767363289202901,0.8979591836734694,0
-0.2222222222222222,-1.0,0.0294166198950113,0.4081632653061224,1
-0.0555555555555555,0.0,0.1187339738298832,0.3673469387755102,0
0.7777777777777778,-1.0,-0.3881166980311884,0.0612244897959183,1
-0.4166666666666667,-1.0,0.9208403490816248,0.4285714285714285,1
0.8611111111111112,0.0,-0.3517228476784751,0.1428571428571428,0
0.9166666666666666,0.0,-0.7111822773944336,0.0204081632653061,0
-0.8055555555555556,0.0,-0.0169588519484521,-0.3673469387755102,0
-0.4444444444444444,-1.0,-0.3047641057809765,-0.4285714285714285,1
-0.3055555555555556,0.0,-0.4743856405515754,-0.2448979591836734,0
-0.3333333333333333,-1.0,0.9254514840371092,-0.4897959183673469,1
0.5,0.0,-0.761178425611058,-0.4489795918367347,0
0.8055555555555556,0.0,0.820616945645834,-0.5714285714285714,0
-0.8888888888888888,0.0,0.3556186514356146,0.7346938775510204,0
0.6666666666666666,-1.0,0.7333465394477643,-0.0816326530612244,1
0.3611111111111111,0.0,-0.7968789549561447,0.7959183673469388,0
-0.9722222222222222,0.0,-0.1298381150472669,0.9183673469387756,0
0.9444444444444444,0.0,-0.2863305710543982,-0.9591836734693876,0
0.6666666666666666,-1.0,0.1963529113979772,-0.5102040816326531,1
0.4444444444444444,-1.0,0.3193568622272112,0.0204081632653061,1
-0.6388888888888888,-1.0,0.6673819978650115,0.2653061224489796,1
-0.1944444444444444,-1.0,-0.5351117567433722,-0.0204081632653061,1
-0.2222222222222222,0.0,-0.5642202339683273,-0.7755102040816326,0
-0.6944444444444444,0.0,-0.1462357071324023,-0.0612244897959183,0
0.8888888888888888,0.0,-0.8956496858045275,-0.2653061224489796,0
-0.5833333333333334,0.0,0.2816974259081955,0.7346938775510204,0
1.0,0.0,0.083077464866233,0.8979591836734694,0
-0.6388888888888888,-1.0,0.4682007769597323,-0.0612244897959183,1
0.2777777777777778,0.0,-0.4169500478721648,-0.8367346938775511,0
-0.1388888888888889,-1.0,0.2709124324562272,0.6122448979591837,1
0.0277777777777777,-1.0,-0.4847964607613325,0.7142857142857143,1
0.4444444444444444,0.0,-0.7628512001056489,0.5918367346938775,0
-0.3888888888888889,-1.0,-0.5888496373821079,-0.1224489795918367,1
0.1388888888888889,-1.0,-0.1918738375868026,-0.6530612244897959,1
-0.5555555555555556,-1.0,-0.4279001177545203,0.4285714285714285,1
-0.1111111111111111,-1.0,0.8950444055597742,1.0,1
0.4722222222222222,-1.0,-0.5159188704370123,-0.4285714285714285,1
-0.6944444444444444,0.0,0.3792906115531491,-0.6326530612244898,0
0.7222222222222222,0.0,-0.4953503472107586,0.673469387755102,0
-0.8888888888888888,0.0,-0.603332342874751,-0.0204081632653061,0
0.5555555555555556,0.0,0.3357984746937832,-0.1632653061224489,0
-0.25,0.0,-0.8229940462434107,-0.7346938775510204,0
0.5,-1.0,-0.8389074141327435,0.673469387755102,1
1.0,-1.0,0.563394851816391,-0.3061224489795918,1
0.5555555555555556,-1.0,0.1873947637756281,-0.5918367346938775,1
0.6111111111111112,0.0,0.8722968734524085,0.5510204081632653,0
-0.4166666666666667,-1.0,0.5994255340222523,-0.1020408163265306,1
-0.0277777777777777,0.0,-0.6139632649916912,0.3877551020408163,0
0.6666666666666666,0.0,0.6349499818415927,-0.3673469387755102,0
0.3333333333333333,-1.0,-0.6281598380049963,-0.0204081632653061,1
-0.3055555555555556,-1.0,0.2681721637117986,-0.8571428571428571,1
-0.1944444444444444,-1.0,0.9414528926893152,-0.0816326530612244,1
-0.5,0.0,0.9856163403655892,0.4489795918367347,0
-0.9722222222222222,0.0,-0.5308747950300989,0.1428571428571428,0
-1.0,-1.0,0.3298117028184049,0.979591836734694,1
0.6111111111111112,-1.0,0.686552873980653,0.1224489795918367,1
0.25,-1.0,0.916999570801281,0.2857142857142857,1
-0.8888888888888888,-1.0,-0.6593702884435494,0.8775510204081632,1
0.0277777777777777,-1.0,0.1687851475233032,-1.020408163265306,1
-0.6944444444444444,-1.0,0.6766702983481352,0.5306122448979592,1
-0.9444444444444444,-1.0,-0.1002234034357907,0.3265306122448979,1
-0.3333333333333333,-1.0,-0.4864252148744868,0.0,1
-0.6388888888888888,0.0,-0.185644953613523,-0.4081632653061224,0
0.1666666666666666,0.0,0.2639352019985253,-0.9387755102040816,0
0.6388888888888888,0.0,-0.943257728328216,0.0612244897959183,0
0.6666666666666666,0.0,-0.016221510559389,0.5510204081632653,0
-0.8888888888888888,0.0,-0.2480328392045517,0.979591836734694,0
0.3611111111111111,0.0,-0.9757337647330714,-0.8367346938775511,0
0.9722222222222222,-1.0,-0.1707550595925913,0.5306122448979592,1
0.7777777777777778,-1.0,-0.0038407782803437,-0.3265306122448979,1
-0.5277777777777778,-1.0,0.1039761409532613,-0.8775510204081632,1
-0.8611111111111112,-1.0,-0.551828496593923,0.1428571428571428,1
0.7222222222222222,-1.0,0.6185743999471756,-0.3877551020408163,1
-1.0,0.0,-0.6651589686024629,0.9591836734693876,0
0.4722222222222222,0.0,-0.2615030759241529,-0.5510204081632653,0
-0.9722222222222222,-1.0,-0.3179702202119581,-0.4081632653061224,1
0.0277777777777777,0.0,-0.0441084221994783,1.0,0
-0.2222222222222222,0.0,-0.2623614733621667,-0.7551020408163265,0
0.3055555555555556,0.0,-0.8763357434492169,0.3061224489795918,0
0.0555555555555555,0.0,-0.778357379466693,0.3061224489795918,0
0.0555555555555555,-1.0,0.4859740059647617,0.1020408163265306,1
-0.75,-1.0,0.1584733731717785,0.8775510204081632,1
-0.9444444444444444,-1.0,0.5033730617275799,0.3265306122448979,1
-0.8055555555555556,-1.0,-0.2281796471766428,0.3673469387755102,1
0.3888888888888889,-1.0,-0.8659029130487416,-0.8775510204081632,1
-0.5,-1.0,-0.6528772821816501,-0.1632653061224489,1
0.3333333333333333,0.0,0.0529895341543134,-0.5510204081632653,0
-0.0833333333333333,-1.0,0.5051448820804032,-0.3877551020408163,1
-0.8333333333333334,0.0,0.5018213432819395,0.0,0
0.7222222222222222,0.0,-0.7381007406429176,-0.8571428571428571,0
-0.3055555555555556,-1.0,0.0970649410677143,0.3877551020408163,1
-0.7222222222222222,0.0,0.974765316341466,0.0816326530612244,0
0.9722222222222222,-1.0,0.59634410732169,0.1428571428571428,1
0.3611111111111111,-1.0,-0.4707319488923371,-0.6122448979591837,1
-0.6666666666666666,-1.0,0.7143187295717918,0.5510204081632653,1
-0.3055555555555556,-1.0,0.1442878052538325,0.8775510204081632,1
-0.8888888888888888,0.0,-0.1785356620115113,0.1020408163265306,0
-0.4166666666666667,-1.0,0.5665533141844674,0.0204081632653061,1
-0.1944444444444444,-1.0,-0.354628192853291,-0.4285714285714285,1
-0.1666666666666666,-1.0,-0.1380589212805529,0.2244897959183673,1
-0.3333333333333333,0.0,0.8671134735382482,0.5510204081632653,0
0.0277777777777777,0.0,-0.4558310497760463,0.2857142857142857,0
-0.9722222222222222,-1.0,-0.939108807377816,-0.6326530612244898,1
-0.0833333333333333,0.0,-0.3772766791024244,0.0408163265306122,0
-0.6388888888888888,0.0,0.2544378047035777,0.7551020408163265,0
-0.1111111111111111,-1.0,-0.84906511714924,-0.2244897959183673,1
-0.3888888888888889,-1.0,-0.1594088062773064,-0.1020408163265306,1
-0.1388888888888889,0.0,-0.1530038407782803,0.9387755102040816,0
0.9166666666666666,-1.0,-0.7823632341774241,-0.8163265306122449,1
0.0833333333333333,-1.0,0.5709223370420504,0.3877551020408163,1
1.0,0.0,0.7847843551564374,-0.7346938775510204,0
-0.6944444444444444,0.0,-0.2367746266521399,-0.8163265306122449,0
-0.7222222222222222,-1.0,-0.5986881926331892,0.5306122448979592,1
-0.6388888888888888,0.0,-0.0401465878701838,0.7551020408163265,0
-0.5277777777777778,0.0,0.2035942641442988,0.7959183673469388,0
-0.4444444444444444,0.0,-0.0964376506322427,-0.8979591836734694,0
0.0277777777777777,0.0,-0.1341741226187724,0.5510204081632653,0
0.6111111111111112,-1.0,0.214379257596267,-0.0408163265306122,1
-0.3888888888888889,-1.0,0.238821574388942,0.3877551020408163,1
-0.3055555555555556,0.0,0.1083011434294078,0.0612244897959183,0
-0.3611111111111111,-1.0,-0.533857175872429,0.0816326530612244,1
-0.25,0.0,-0.1631395336040586,-0.0612244897959183,0
-0.4444444444444444,0.0,0.2947934893855855,0.4693877551020408,0
0.5833333333333334,0.0,-0.279628467980675,0.5510204081632653,0
-0.9444444444444444,-1.0,0.6468134746387577,0.2857142857142857,1
-0.1666666666666666,-1.0,-0.536410357995752,0.3265306122448979,1
0.8611111111111112,0.0,0.2689535254822983,0.6938775510204082,0
0.6111111111111112,-1.0,-0.3577866552213675,0.6530612244897959,1
0.3611111111111111,-1.0,0.2294782484290226,0.8775510204081632,1
-0.9444444444444444,-1.0,-0.1668812660261701,-0.3469387755102041,1
0.75,0.0,-0.6966005260435582,-0.3877551020408163,0
-0.4444444444444444,-1.0,0.0503042908866805,-0.3265306122448979,1
-0.2777777777777778,-1.0,0.2757436693188946,-0.5714285714285714,1
0.6111111111111112,-1.0,-0.3490376044108422,-0.6326530612244898,1
-0.4444444444444444,-1.0,0.6499059064346793,-0.3673469387755102,1
1.0,-1.0,0.6230094533769135,-0.4081632653061224,1
-0.3055555555555556,-1.0,0.5804747598137938,0.8163265306122449,1
0.7777777777777778,-1.0,0.1624902329778687,0.6530612244897959,1
0.4166666666666667,-1.0,0.7559179900293836,-0.6122448979591837,1
-0.6388888888888888,0.0,-0.9681952744120528,0.7959183673469388,0
0.9444444444444444,-1.0,-0.5685892568259104,-0.2244897959183673,1
1.0,0.0,0.881133965025807,0.8979591836734694,0
0.1666666666666666,-1.0,-0.480834626432038,-0.6938775510204082,1
-0.5555555555555556,0.0,-0.6436880275567588,-0.3469387755102041,0
0.0555555555555555,0.0,0.5969493875664432,-0.0204081632653061,0
0.7777777777777778,0.0,0.5447852355640662,-0.1428571428571428,0
-0.9444444444444444,-1.0,-0.070344569535695,0.5918367346938775,1
-0.8333333333333334,0.0,-0.4857539040575787,0.7551020408163265,0
0.9722222222222222,-1.0,-0.935994365391176,0.4693877551020408,1
-0.3055555555555556,0.0,-0.7959765371366943,0.5714285714285714,0
0.7777777777777778,-1.0,-0.7704557209988224,0.8367346938775511,1
0.3055555555555556,-1.0,0.9737528475684242,0.3265306122448979,1
0.8888888888888888,-1.0,-0.6821398307416334,-0.2244897959183673,1
-0.7222222222222222,0.0,-0.8301583633222182,-0.1632653061224489,0
-1.0,-1.0,-0.2229962472624825,0.3061224489795918,1
0.5555555555555556,-1.0,0.4639638152464591,0.0,1
0.7222222222222222,-1.0,0.5398329426524481,0.5510204081632653,1
0.0555555555555555,-1.0,-0.7309804439455468,-0.1836734693877551,1
0.6666666666666666,0.0,0.7695092827979354,0.7551020408163265,0
0.8888888888888888,0.0,-0.9694388501876368,0.1428571428571428,0
-0.3055555555555556,0.0,0.1093136122024497,0.4489795918367347,0
0.6388888888888888,-1.0,-0.1632275743669319,-0.8979591836734694,1
0.9444444444444444,0.0,-0.9529532173396282,-0.5510204081632653,0
-0.3055555555555556,-1.0,0.4900238810569293,-0.5306122448979592,1
1.0,-1.0,-0.030043910330483,0.8163265306122449,1
-0.7777777777777778,0.0,0.5613919244610255,-0.3061224489795918,0
-0.3611111111111111,-1.0,-0.4268436286000418,0.3061224489795918,1
0.7777777777777778,-1.0,-0.1104691472151606,-0.5102040816326531,1
0.8611111111111112,0.0,-0.4765646494326873,-0.7346938775510204,0
0.0277777777777777,-1.0,0.0789505541065513,0.5918367346938775,1
-0.9444444444444444,-1.0,0.2543277537499862,-0.5306122448979592,1
-0.2777777777777778,-1.0,0.4418325684792059,-0.0408163265306122,1
-0.6666666666666666,-1.0,-0.0779600955242277,0.9183673469387756,1
0.0833333333333333,0.0,0.0226484862491333,0.2857142857142857,0
0.25,0.0,0.9108807377815928,-0.4081632653061224,0
-0.1388888888888889,0.0,0.4406330130850583,0.6938775510204082,0
-0.1111111111111111,-1.0,-0.7280420834846534,-0.4081632653061224,1
-0.1666666666666666,0.0,0.3975810800400585,-0.7346938775510204,0
-0.3333333333333333,-1.0,-0.857858188341202,0.5714285714285714,1
-0.6111111111111112,-1.0,0.970022120241672,0.8775510204081632,1
-0.0555555555555555,-1.0,-0.4420966907678255,0.3469387755102041,1
0.2222222222222222,-1.0,0.2556483651930843,0.0816326530612244,1
0.9444444444444444,-1.0,0.4395655188352207,-0.8163265306122449,1
-0.1944444444444444,0.0,0.9306678992373468,0.1224489795918367,0
-0.7777777777777778,-1.0,0.1106122134548295,-0.8775510204081632,1
-0.9444444444444444,-1.0,0.3250685067186107,-0.9591836734693876,1
0.3055555555555556,-1.0,-0.2704061980697063,-0.7346938775510204,1
0.8888888888888888,-1.0,-0.0455720998822454,0.3469387755102041,1
0.2222222222222222,0.0,-0.5481637998393256,0.6530612244897959,0
-0.7777777777777778,0.0,-0.7458593328711193,0.7959183673469388,0
-0.0555555555555555,-1.0,-0.1490970319257816,-0.8775510204081632,1
-0.9444444444444444,0.0,0.4825514213080656,0.4081632653061224,0
0.25,-1.0,-0.1702158099199929,-0.2448979591836734,1
0.0277777777777777,0.0,0.6288421539172637,0.2448979591836734,0
0.0555555555555555,-1.0,-0.3931570317056797,0.4489795918367347,1
0.2777777777777778,0.0,0.4843232416608889,-0.7959183673469388,0
0.0,0.0,-0.0001980917164647,0.3877551020408163,0
0.9444444444444444,-1.0,-0.5283106078114167,-0.5102040816326531,1
0.6388888888888888,-1.0,0.3817337427228807,0.9387755102040816,1
0.0833333333333333,-1.0,0.1624242024057138,0.9387755102040816,1
0.4722222222222222,-1.0,-0.7204045473054024,0.9183673469387756,1
0.6666666666666666,-1.0,0.12162831390934,0.5714285714285714,1
0.6944444444444444,-1.0,-0.2934948881332057,0.1632653061224489,1
0.0277777777777777,0.0,0.6519638592668405,0.8367346938775511,0
0.6666666666666666,0.0,-0.8817282401752011,0.2244897959183673,0
-0.9722222222222222,0.0,-0.3748335479326928,-0.7142857142857143,0
-0.6388888888888888,0.0,-0.6256396711677507,0.5102040816326531,0
0.2222222222222222,0.0,-0.8483717961416136,-0.7755102040816326,0
-0.2222222222222222,-1.0,0.583688247658666,-0.2653061224489796,1
0.5,-1.0,-0.1873507433941915,-0.1020408163265306,1
-0.1666666666666666,-1.0,-0.0656453938173374,0.6122448979591837,1
0.5555555555555556,-1.0,0.7620588332397901,0.2857142857142857,1
-0.4722222222222222,-1.0,0.1149152057402577,-0.9591836734693876,1
-0.8055555555555556,0.0,0.759582686783981,-0.5918367346938775,0
0.4444444444444444,-1.0,-0.6884127350963496,-0.6530612244897959,1
-0.8888888888888888,0.0,-0.6817876676901405,0.3673469387755102,0
-0.2222222222222222,0.0,-0.21823104097197,0.9183673469387756,0
-0.4166666666666667,-1.0,-0.1438365963441073,0.8979591836734694,1
-0.1666666666666666,-1.0,-0.838511230699814,-0.1632653061224489,1
-0.0833333333333333,0.0,-0.7562921632715948,-0.1224489795918367,0
0.4166666666666667,0.0,-0.016804780613424,0.7142857142857143,0
-0.2777777777777778,0.0,0.4836849461300582,-0.5918367346938775,0
-0.6666666666666666,-1.0,-0.2163491696655551,0.5102040816326531,1
-0.4722222222222222,0.0,-0.4452551531359019,0.5714285714285714,0
-0.6666666666666666,-1.0,-0.5128154335457317,0.1632653061224489,1
0.3611111111111111,-1.0,-0.9333201272189025,-0.8571428571428571,1
0.9722222222222222,0.0,0.2495185270780371,-0.3673469387755102,0
0.7777777777777778,0.0,-0.6867619707924769,-0.8979591836734694,0
-1.0,-1.0,0.4475111976845279,-0.0408163265306122,1
-0.9166666666666666,-1.0,-0.1556890840459132,-0.5510204081632653,1
0.8888888888888888,0.0,0.7779501909384045,-0.7755102040816326,0
-0.5555555555555556,0.0,0.3588211341851277,-0.9387755102040816,0
0.1388888888888889,0.0,0.3066679872781098,0.4285714285714285,0
0.0,-1.0,-0.5782627356466044,0.1428571428571428,1
-0.8888888888888888,0.0,-0.180406528222567,-0.5102040816326531,0
1.0,0.0,-0.1686420812836343,0.9591836734693876,0
-0.3611111111111111,-1.0,-0.0477070883819208,-0.5306122448979592,1
-0.5833333333333334,-1.0,0.4521553479260898,-0.4693877551020408,1
-0.0277777777777777,0.0,0.2918221136386146,0.4081632653061224,0
-0.7777777777777778,0.0,-0.2548339881365072,0.8571428571428571,0
-0.8055555555555556,-1.0,0.9381953844630064,-1.020408163265306,1
0.5,0.0,0.8878910935763258,0.2857142857142857,0
0.3333333333333333,0.0,0.4985748401509899,0.0408163265306122,0
0.5555555555555556,-1.0,0.0247174441766537,0.8979591836734694,1
-1.0,0.0,-0.7700265222798156,-0.673469387755102,0
-0.75,0.0,0.750569513684836,0.6938775510204082,0
-0.3611111111111111,0.0,-0.9637272056962374,-0.7142857142857143,0
-0.5277777777777778,-1.0,-0.6185964101378938,-1.0,1
-0.8888888888888888,0.0,-0.631197244324122,0.1224489795918367,0
-0.8055555555555556,-1.0,-0.072820715991504,-0.2448979591836734,1
-0.7777777777777778,-1.0,0.6230094533769135,-0.1428571428571428,1
0.7777777777777778,0.0,-0.6523380325090516,-0.8163265306122449,0
-0.5833333333333334,-1.0,0.8493182343425005,-0.5918367346938775,1
-0.6111111111111112,-1.0,-0.4736593042578714,0.9387755102040816,1
-0.1388888888888889,-1.0,0.9858254371774132,-0.3265306122448979,1
-0.8055555555555556,-1.0,0.0065810470247724,0.2040816326530612,1
1.0,0.0,0.3860367350083089,-0.9387755102040816,0
-1.0,-1.0,-0.6655551520353924,-0.673469387755102,1
0.3333333333333333,0.0,-0.6631230259610199,0.4897959183673469,0
-0.9722222222222222,-1.0,0.7650852344635566,-0.3469387755102041,1
-0.0833333333333333,-1.0,-0.1608174584832777,-0.8163265306122449,1
0.8888888888888888,-1.0,-0.977802722660592,0.979591836734694,1
0.25,-1.0,-0.933144045693156,-0.8775510204081632,1
-0.2222222222222222,0.0,0.3533846170777069,-0.3673469387755102,0
-0.6666666666666666,-1.0,0.0054255120120615,-0.2448979591836734,1
0.0555555555555555,-1.0,0.1619839985913478,-0.5306122448979592,1
0.0277777777777777,0.0,-0.6294914545434536,0.0816326530612244,0
0.5,-1.0,-0.5476135450713681,-0.979591836734694,1
0.4166666666666667,0.0,0.2741589355871768,0.7755102040816326,0
-0.6388888888888888,0.0,-0.6161862942542398,-0.2040816326530612,0
-0.3611111111111111,0.0,0.3464514070014416,0.6326530612244898,0
-0.2777777777777778,-1.0,-0.1021492951236422,0.3673469387755102,1
-0.5555555555555556,0.0,-0.6474297599788702,0.4693877551020408,0
-0.9722222222222222,-1.0,-0.5672796504781714,0.1632653061224489,1
0.6111111111111112,-1.0,-0.4375956067659326,-0.9591836734693876,1
0.1111111111111111,0.0,-0.7486106067109072,-0.5102040816326531,0
0.6388888888888888,0.0,-0.8538963540119076,-0.4897959183673469,0
-0.8611111111111112,0.0,0.6997369782209163,-0.0612244897959183,0
0.0,-1.0,0.7454851596289082,-0.673469387755102,1
-0.6111111111111112,-1.0,0.738265817073305,0.2857142857142857,1
0.4722222222222222,0.0,-0.5840844310915954,-0.3265306122448979,0
0.5,0.0,-0.9023297786875324,0.6530612244897959,0
0.3611111111111111,0.0,-0.2848448831809128,0.5306122448979592,0
-0.4166666666666667,0.0,0.4117666479580045,0.0,0
-0.4722222222222222,-1.0,0.2535353868841273,-0.1428571428571428,1
-1.0,-1.0,-0.3785642752594451,-0.6122448979591837,1
-0.8333333333333334,-1.0,-0.13355783727866,-0.2653061224489796,1
-0.5833333333333334,-1.0,0.4451671123730287,0.0204081632653061,1
-0.3888888888888889,-1.0,-0.7546524040630812,0.4693877551020408,1
-0.6388888888888888,-1.0,-0.3788724179295014,-0.673469387755102,1
1.0,-1.0,-0.9743141074317409,0.3673469387755102,1
0.8055555555555556,-1.0,-0.2836013074053287,0.1224489795918367,1
0.5,-1.0,-0.2977978804186338,-0.4693877551020408,1
-0.1944444444444444,-1.0,-0.635049027699825,0.1020408163265306,1
-0.8055555555555556,0.0,-0.9523149218087976,0.7755102040816326,0
0.1944444444444444,0.0,-0.053176620775419,-0.7142857142857143,0
0.8055555555555556,-1.0,0.5789340464635127,-0.3469387755102041,1
0.0555555555555555,-1.0,-0.907315086885228,-0.1428571428571428,1
0.75,-1.0,-0.8461817821651425,-0.8571428571428571,1
-0.9444444444444444,-1.0,0.5388424840701245,0.4285714285714285,1
0.1111111111111111,-1.0,-0.3860037197222314,0.7346938775510204,1
0.0555555555555555,0.0,-0.9229313171998637,-0.7346938775510204,0
0.0277777777777777,0.0,-0.90819549451396,-0.5714285714285714,0
0.5555555555555556,0.0,0.5837432731354617,-0.979591836734694,0
-0.8055555555555556,0.0,0.221070355574631,-0.3469387755102041,0
0.6666666666666666,0.0,0.9445123091991592,0.3061224489795918,0
0.9166666666666666,-1.0,0.1362320754509337,-0.4897959183673469,1
0.0,-1.0,0.4860620467276349,0.7346938775510204,1
0.1944444444444444,-1.0,-0.9664234540592296,0.8571428571428571,1
1.0,0.0,-0.4712271781834989,0.1020408163265306,0
-0.5555555555555556,0.0,-0.5679509612950796,-1.020408163265306,0
-1.0,0.0,0.9425093818437936,0.5510204081632653,0
-0.1388888888888889,0.0,0.2494194812198047,-0.5714285714285714,0
-0.3055555555555556,-1.0,0.3083407617727007,0.3469387755102041,1
0.8611111111111112,0.0,0.0547393443164185,0.4489795918367347,0
-0.1666666666666666,-1.0,0.6280387819560457,0.1836734693877551,1
0.0,0.0,0.1646802469543398,0.4285714285714285,0
-0.4444444444444444,-1.0,0.6946306139742701,1.0,1
-0.4444444444444444,-1.0,0.5490332023726986,0.1836734693877551,1
0.1111111111111111,-1.0,-0.3840668229390208,0.7551020408163265,1
0.9444444444444444,0.0,-0.1431983008132765,-0.4285714285714285,0
-0.25,-1.0,0.3290523512386235,-0.7346938775510204,1
0.3888888888888889,0.0,-0.2173946537246745,-0.1020408163265306,0
0.6388888888888888,-1.0,0.5541945920961405,-0.1632653061224489,1
0.1388888888888889,0.0,-0.3070311554249617,0.3265306122448979,0
0.9166666666666666,-1.0,0.927179284008496,-0.5306122448979592,1
1.0,-1.0,-0.8865154566564319,0.0204081632653061,1
-0.2777777777777778,0.0,-0.5418908954846093,0.3061224489795918,0
0.4722222222222222,0.0,0.4398736615052769,0.1224489795918367,0
0.1111111111111111,0.0,0.0102237335886515,1.0,0
-0.0277777777777777,-1.0,0.6284239602936159,-0.7755102040816326,1
-0.1666666666666666,0.0,-0.958455765019204,0.5510204081632653,0
0.8611111111111112,-1.0,-0.9232284547745606,0.0612244897959183,1
0.3333333333333333,-1.0,0.6539117611454103,0.6326530612244898,1
-0.5555555555555556,0.0,-0.2345405922942322,-0.1428571428571428,0
-0.3888888888888889,0.0,-0.5371146840987377,-0.673469387755102,0
0.6944444444444444,0.0,0.3111360559939252,0.1632653061224489,0
-0.4722222222222222,0.0,0.0754069134009046,0.6122448979591837,0
-0.25,-1.0,0.2733885789120363,0.0204081632653061,1
0.1111111111111111,-1.0,0.5851189100553557,-0.0612244897959183,1
0.8055555555555556,-1.0,0.2091298271099519,-0.0816326530612244,1
0.1388888888888889,0.0,-0.7652833261800214,-0.3877551020408163,0
0.4166666666666667,0.0,-0.5849758438156867,0.8367346938775511,0
0.9722222222222222,0.0,0.8997435812781318,-0.3265306122448979,0
-0.3333333333333333,-1.0,0.5253062167783684,0.3877551020408163,1
-0.2222222222222222,0.0,-0.8652976328039882,0.0408163265306122,0
-0.5833333333333334,-1.0,0.7335006107827924,-0.0408163265306122,1
0.6666666666666666,0.0,0.0969108697326862,0.9591836734693876,0
-1.0,-1.0,-0.6419272122992946,-0.7959183673469388,1
0.4722222222222222,-1.0,-0.8062993165835782,-0.2653061224489796,1
-0.3888888888888889,0.0,-0.9277075285857352,-0.9387755102040816,0
0.8888888888888888,-1.0,-0.7481593978011819,-0.1632653061224489,1
0.4722222222222222,0.0,-0.1604873056225032,-0.6122448979591837,0
0.3611111111111111,0.0,-0.2545808709432467,-0.6530612244897959,0
0.1666666666666666,-1.0,-0.8383791695555042,-0.5510204081632653,1
-0.8333333333333334,0.0,-0.4049544939306899,-0.2448979591836734,0
-0.6944444444444444,-1.0,-0.9018125392056522,-0.8571428571428571,1
0.25,-1.0,-0.0406088018752682,-0.9183673469387756,1
-0.6111111111111112,-1.0,-0.2322295222688104,-0.8775510204081632,1
0.0833333333333333,-1.0,-0.725323824930943,0.4285714285714285,1
0.5555555555555556,0.0,0.7755510801501095,0.3061224489795918,0
0.3333333333333333,-1.0,0.3811284624781273,-0.1836734693877551,1
-0.3333333333333333,0.0,0.7322240197211309,0.8571428571428571,0
-0.9444444444444444,-1.0,0.4535860103227794,0.7755102040816326,1
0.8888888888888888,-1.0,-0.921445629326378,0.4693877551020408,1
-1.0,0.0,0.1118447841350545,-0.1632653061224489,0
0.5555555555555556,0.0,0.7329833713009123,0.0816326530612244,0
0.5277777777777778,-1.0,0.5665753243751858,0.4897959183673469,1
0.5277777777777778,-1.0,0.3341917307713471,0.9387755102040816,1
-0.0555555555555555,0.0,0.6342896761200436,0.673469387755102,0
-0.1111111111111111,0.0,0.6965675107574807,-0.9591836734693876,0
-0.3055555555555556,-1.0,-0.3445695356950268,-0.3061224489795918,1
0.5555555555555556,-1.0,0.8387533427977153,-0.7346938775510204,1
0.0833333333333333,0.0,-0.7960755829949266,-0.5918367346938775,0
-0.8611111111111112,0.0,-0.6568391165109446,-0.673469387755102,0
-0.6666666666666666,-1.0,-0.1974644260292515,0.2653061224489796,1
-0.1388888888888889,0.0,-0.2223139313502151,0.1020408163265306,0
0.8611111111111112,-1.0,0.4487217581740346,-0.3061224489795918,1
0.4444444444444444,0.0,-0.9688225648475244,0.9183673469387756,0
0.75,-1.0,0.8413725554931933,0.3469387755102041,1
-1.0,-1.0,0.524480834626432,0.9387755102040816,1
0.5833333333333334,-1.0,0.6461421638218495,-0.1020408163265306,1
-0.5555555555555556,0.0,-0.2441590456381304,-1.0,0
-0.9444444444444444,-1.0,-0.7278770070542662,-0.1020408163265306,1
-0.0833333333333333,-1.0,-0.6659293252776035,0.1836734693877551,1
-0.0277777777777777,-1.0,-0.5973125557132952,0.1632653061224489,1
-0.5555555555555556,-1.0,-0.9398241385761608,-0.3265306122448979,1
-0.3333333333333333,0.0,-0.3375152695698108,-0.5102040816326531,0
0.8055555555555556,-1.0,0.3583148997986067,-0.0612244897959183,1
0.8888888888888888,-1.0,-0.5900271825855371,0.7755102040816326,1
0.1666666666666666,0.0,-0.6186294254239713,0.6530612244897959,0
-1.0,0.0,0.9472965983250244,-0.0204081632653061,0
0.8888888888888888,0.0,0.8859762069838335,-0.5510204081632653,0
-0.6388888888888888,-1.0,-0.2850429748973775,0.7346938775510204,1
-0.6388888888888888,-1.0,0.2027908921830807,0.673469387755102,1
0.0277777777777777,0.0,0.5861093686376793,0.3673469387755102,0
-0.75,-1.0,0.2240307262262427,0.7959183673469388,1
-0.1666666666666666,-1.0,-0.4668581553259159,-0.8367346938775511,1
0.6388888888888888,0.0,0.8528838852388656,0.2448979591836734,0
0.0,-1.0,0.4564473351161587,-0.1428571428571428,1
-0.6111111111111112,-1.0,0.9512474275589596,0.8367346938775511,1
-0.5833333333333334,0.0,0.8159727954042721,0.6122448979591837,0
0.25,0.0,-0.4022032200909021,-0.673469387755102,0
0.2777777777777778,0.0,0.0810965477015858,0.0204081632653061,0
0.7777777777777778,0.0,0.0482133227684417,-0.5306122448979592,0
0.3055555555555556,0.0,0.4835308747950301,0.6326530612244898,0
-0.8611111111111112,0.0,-0.9767022131246768,-0.8979591836734694,0
0.0833333333333333,-1.0,0.3980322889497837,0.2653061224489796,1
-0.8888888888888888,-1.0,0.6023969097692231,0.3265306122448979,1
0.6944444444444444,-1.0,0.0989137970880517,0.5918367346938775,1
-0.9166666666666666,-1.0,-0.7164207027853896,-0.9591836734693876,1
-0.8611111111111112,-1.0,-0.1802414517921798,-0.5306122448979592,1
-0.3333333333333333,-1.0,-0.0345009739509392,-0.1020408163265306,1
0.2777777777777778,-1.0,-0.6061716574774121,0.0,1
-0.1944444444444444,0.0,0.5251851607294177,-0.2040816326530612,0
0.0833333333333333,-1.0,-0.96407936874773,-0.1428571428571428,1
-0.5,0.0,-0.3113891731871857,-0.1632653061224489,0
-1.0,-1.0,-0.8469631439356422,-0.7755102040816326,1
-0.5833333333333334,-1.0,0.8333498409763721,-0.5918367346938775,1
-0.0833333333333333,0.0,0.2737517470588883,0.4285714285714285,0
-0.2222222222222222,0.0,0.2725962120461774,0.8367346938775511,0
0.0555555555555555,-1.0,-0.5869237456942564,0.5510204081632653,1
-0.2222222222222222,-1.0,0.3028492191884843,0.979591836734694,1
0.1666666666666666,-1.0,-0.0616945645834021,-0.0612244897959183,1
0.4444444444444444,-1.0,0.444022582455677,-0.4693877551020408,1
0.9166666666666666,-1.0,0.1444308714935014,-0.6530612244897959,1
0.6944444444444444,-1.0,-0.422419580265663,-0.673469387755102,1
-0.6388888888888888,0.0,-0.8409873771556231,-0.7755102040816326,0
-0.1388888888888889,0.0,-0.5481748049346847,0.2653061224489796,0
-0.25,-1.0,0.8017982325816854,-0.2857142857142857,1
0.7777777777777778,-1.0,-0.2449404074086301,-0.5510204081632653,1
-0.0833333333333333,-1.0,-0.9646296235156878,0.8775510204081632,1
0.9166666666666666,0.0,0.742414738023705,-0.3469387755102041,0
-0.5555555555555556,0.0,-0.7667249936720701,-0.673469387755102,0
-0.6388888888888888,0.0,0.569139511593868,0.1224489795918367,0
0.1388888888888889,-1.0,0.4679696699571902,-0.0612244897959183,1
-0.6944444444444444,-1.0,0.259764270857407,-0.5918367346938775,1
0.25,-1.0,0.3203913411909714,0.8979591836734694,1
-0.3611111111111111,0.0,-0.1551938547547514,-0.7551020408163265,0
-1.0,0.0,0.7615636039486282,0.0816326530612244,0
-0.4722222222222222,-1.0,0.0445486260138444,0.1224489795918367,1
-0.5833333333333334,-1.0,-0.433402665434096,0.4489795918367347,1
-0.0277777777777777,0.0,0.4020381436605148,-0.8979591836734694,0
-0.9166666666666666,0.0,-0.9280817018279464,0.9387755102040816,0
-0.4444444444444444,-1.0,0.581366172537885,-0.979591836734694,1
-0.6666666666666666,0.0,-0.9291271858870656,0.2653061224489796,0
-0.7777777777777778,-1.0,-0.9597543662715836,-0.6326530612244898,1
0.6666666666666666,-1.0,0.7830455500896916,0.3469387755102041,1
0.8888888888888888,-1.0,-0.4836189155579033,0.0,1
0.4722222222222222,-1.0,-0.1342071379048499,-0.1632653061224489,1
0.9722222222222222,0.0,-0.615559003818768,-0.5102040816326531,0
0.6944444444444444,0.0,0.1038550849043107,0.3265306122448979,0
-0.1111111111111111,-1.0,0.8818272860334335,-0.6122448979591837,1
0.0555555555555555,0.0,0.5723089790573035,0.3877551020408163,0
-0.3888888888888889,0.0,-0.0693871262394488,0.9591836734693876,0
-0.0555555555555555,0.0,-0.5250751097758262,-0.1428571428571428,0
0.9722222222222222,-1.0,-0.2859013723353913,0.5306122448979592,1
0.25,0.0,0.0890862469323296,-0.0408163265306122,0
-0.0833333333333333,-1.0,-0.0138003895803757,0.5510204081632653,1
0.8611111111111112,0.0,0.5881453112791223,-0.4897959183673469,0
0.75,-1.0,-0.6943774967810096,-0.4285714285714285,1
0.0,0.0,0.9530302530071424,0.7755102040816326,0
0.3611111111111111,-1.0,0.5015021955165242,-0.5714285714285714,1
-0.3888888888888889,0.0,-0.0441304323901966,-0.1836734693877551,0
0.9722222222222222,-1.0,0.8753562899622526,-0.1428571428571428,1
-0.25,-1.0,-0.4102149295123642,-0.9591836734693876,1
-0.5277777777777778,0.0,0.5952876181672114,-0.9183673469387756,0
0.4722222222222222,-1.0,-0.6119493325409665,0.979591836734694,1
-0.9444444444444444,-1.0,0.8661230149559246,-0.3265306122448979,1
-0.1111111111111111,0.0,-0.3029812803327941,0.9591836734693876,0
-0.0277777777777777,-1.0,0.3974490188957487,-0.4285714285714285,1
-0.5277777777777778,-1.0,0.2081613787183465,0.4081632653061224,1
-0.75,0.0,0.2876952028789329,-0.0612244897959183,0
-0.0555555555555555,0.0,0.1741556340585691,0.7346938775510204,0
-0.1388888888888889,-1.0,0.2513013525262196,0.4693877551020408,1
-0.4166666666666667,-1.0,0.92777355915789,0.8571428571428571,1
-0.5555555555555556,-1.0,0.7649201580331694,-0.1836734693877551,1
-0.2777777777777778,-1.0,0.0107299679751725,-0.2653061224489796,1
-0.3611111111111111,-1.0,-0.1297390691890345,0.5102040816326531,1
0.5555555555555556,0.0,-0.4378707341499114,0.5102040816326531,0
-0.75,-1.0,0.9042556703753838,-0.3877551020408163,1
-0.4444444444444444,0.0,-0.4719975348586395,0.5714285714285714,0
0.6944444444444444,-1.0,0.8597070443615394,-0.4693877551020408,1
0.5,-1.0,0.4297599788702169,-0.6938775510204082,1
-0.2777777777777778,0.0,-0.2296213146686916,0.8367346938775511,0
0.6111111111111112,0.0,-0.1811988950884259,-0.5510204081632653,0
0.3333333333333333,-1.0,-0.266895572650137,1.0,1
-0.3888888888888889,-1.0,0.1473032013822399,-0.5714285714285714,1
-0.2777777777777778,-1.0,0.4793599436539117,0.1632653061224489,1
0.1666666666666666,-1.0,0.1894197013217119,-0.1836734693877551,1
-0.9444444444444444,0.0,-0.4422397570074944,-0.5510204081632653,0
0.4166666666666667,0.0,-0.0485764909152937,0.3265306122448979,0
0.9722222222222222,-1.0,0.0073403986045539,0.8979591836734694,1
0.0555555555555555,-1.0,-0.3181573068330637,-0.979591836734694,1
-0.6111111111111112,0.0,0.4279221279452386,0.0816326530612244,0
-0.0555555555555555,-1.0,-0.6297995972135099,-0.4081632653061224,1
0.5833333333333334,-1.0,-0.4013778379389657,0.5510204081632653,1
0.0277777777777777,-1.0,0.75376099133899,0.1632653061224489,1
0.3888888888888889,-1.0,0.5809919992956739,-0.7755102040816326,1
-0.6944444444444444,-1.0,0.878734854237512,-0.3877551020408163,1
0.2222222222222222,0.0,0.2531832238326345,-0.6530612244897959,0
-0.1666666666666666,-1.0,-0.339639252974127,-0.1836734693877551,1
0.5277777777777778,0.0,0.1938217394653724,0.0612244897959183,0
0.75,0.0,0.1838731332606997,0.3469387755102041,0
-0.5833333333333334,0.0,-0.2681171382350028,-0.3877551020408163,0
-0.3611111111111111,-1.0,0.9035623493677571,-0.5918367346938775,1
-0.4166666666666667,-1.0,-0.6326939372929666,-0.1428571428571428,1
-0.9722222222222222,0.0,0.8691384110843321,0.2040816326530612,0
0.9166666666666666,-1.0,-0.5984130652492103,-0.979591836734694,1
-0.8055555555555556,-1.0,0.8792851090054695,-1.0,1
-0.4722222222222222,0.0,-0.6256286660723915,0.8775510204081632,0
-0.9722222222222222,0.0,0.6829542077982106,0.6530612244897959,0
-0.5833333333333334,-1.0,0.8696556505662122,-1.0,1
0.6111111111111112,-1.0,0.8341201976515127,0.2040816326530612,1
0.4166666666666667,-1.0,-0.0821640419514235,0.1224489795918367,1
0.6666666666666666,0.0,-0.4168179867278549,0.3877551020408163,0
0.3055555555555556,-1.0,-0.8976966335413297,0.7959183673469388,1
-0.8888888888888888,-1.0,-0.7619707924769168,-0.4897959183673469,1
-0.6666666666666666,-1.0,0.7093774417555329,0.673469387755102,1
-0.6666666666666666,-1.0,0.4007945678849307,1.0,1
0.1944444444444444,0.0,-0.5748621611806266,-0.8367346938775511,0
-0.4166666666666667,0.0,-0.7128660569843838,-0.2857142857142857,0
-0.2222222222222222,0.0,0.4707649641784146,0.5306122448979592,0
-0.3888888888888889,0.0,0.1122629777587022,0.0204081632653061,0
-0.9444444444444444,-1.0,-0.5024046133359745,0.8979591836734694,1
-0.9444444444444444,0.0,0.8448501656266851,0.6122448979591837,0
-0.6666666666666666,0.0,0.3811174573827682,-0.4693877551020408,0
0.0,0.0,-0.5938679608658809,-0.1836734693877551,0
0.8055555555555556,0.0,0.6910539579825459,-0.7959183673469388,0
0.6388888888888888,0.0,-0.3917483794997083,0.3877551020408163,0
0.75,-1.0,0.4037659436319015,0.3265306122448979,1
0.4166666666666667,0.0,-0.9135769861445848,-0.6326530612244898,0
0.5555555555555556,0.0,0.5806838566256176,0.3469387755102041,0
0.7222222222222222,0.0,-0.5471953514477202,0.5918367346938775,0
-0.8333333333333334,-1.0,-0.0150549704513189,0.4897959183673469,1
-0.2777777777777778,-1.0,-0.8731992912718589,0.6938775510204082,1
0.1944444444444444,0.0,-0.0753078675426722,-0.673469387755102,0
0.6666666666666666,0.0,-0.9745452144342832,0.3877551020408163,0
-0.3611111111111111,0.0,-0.4005414506916702,-0.6326530612244898,0
0.6666666666666666,0.0,-0.6366777818129794,-0.2857142857142857,0
0.0833333333333333,-1.0,0.86281048125282,-0.2448979591836734,1
0.3055555555555556,-1.0,-0.1542474165538644,-0.3673469387755102,1
-0.8611111111111112,0.0,0.1893426656541978,-0.2040816326530612,0
-0.9166666666666666,0.0,0.1001903881497133,-0.2040816326530612,0
-0.8611111111111112,-1.0,0.8939879164052956,-0.5918367346938775,1
0.7222222222222222,0.0,0.135956948066955,-0.9591836734693876,0
0.7777777777777778,0.0,-0.150725786038936,-0.1836734693877551,0
-0.5833333333333334,-1.0,-0.2938470511846985,0.6122448979591837,1
-0.0833333333333333,-1.0,0.3903617374844553,0.5102040816326531,1
0.2777777777777778,-1.0,0.0725896089889618,0.3265306122448979,1
-0.7222222222222222,0.0,0.2327577668460497,-0.4081632653061224,0
0.6666666666666666,-1.0,-0.9376781449811262,0.2040816326530612,1
-0.25,0.0,-0.7716222611068925,0.8979591836734694,0
0.2222222222222222,0.0,0.9223150318597512,-0.0612244897959183,0
-0.6388888888888888,0.0,-0.0606490805242827,0.4897959183673469,0
0.9444444444444444,-1.0,-0.3740081657807564,0.7959183673469388,1
0.6944444444444444,-1.0,0.4404349213685936,-0.1224489795918367,1
-0.5833333333333334,-1.0,0.4666710687048103,-0.2857142857142857,1
-0.6388888888888888,-1.0,0.2449734226947076,-0.4897959183673469,1
-0.2777777777777778,0.0,-0.2908206499609319,0.1224489795918367,0
0.5,-1.0,0.5887285813331572,-0.0204081632653061,1
0.4722222222222222,0.0,0.3092211694014328,0.979591836734694,0
-0.4444444444444444,0.0,-0.4304422947824843,0.7959183673469388,0
0.7777777777777778,0.0,-0.4809446773856295,1.0,0
0.2777777777777778,-1.0,-0.184984647891974,-0.4897959183673469,1
0.1388888888888889,0.0,-0.4709850660855976,0.3265306122448979,0
0.6111111111111112,-1.0,-0.7796009552422771,0.5510204081632653,1
0.3611111111111111,-1.0,0.4465977747697184,0.5714285714285714,1
0.2777777777777778,0.0,0.0111701717895385,0.3877551020408163,0
-0.9722222222222222,0.0,-0.9117721505056842,0.2653061224489796,0
-0.7777777777777778,0.0,0.2938250409939802,0.2653061224489796,0
-0.7777777777777778,-1.0,-0.5614909703192578,-0.979591836734694,1
-0.9722222222222222,0.0,-0.1329635621292658,0.3673469387755102,0
-0.3888888888888889,-1.0,-0.2808610386609,-0.6326530612244898,1
0.2777777777777778,-1.0,0.8296631340310564,-1.020408163265306,1
-0.1111111111111111,-1.0,-0.3260589653009343,0.4693877551020408,1
-1.0,0.0,-0.0950620137123488,-0.5918367346938775,0
-0.25,0.0,-0.49429385805628,0.3673469387755102,0
-0.8333333333333334,0.0,0.3944446278627004,0.1224489795918367,0
0.8055555555555556,-1.0,0.4909923294485346,0.2653061224489796,1
0.5277777777777778,-1.0,0.780459352680291,-0.5102040816326531,1
-0.7777777777777778,0.0,-0.2774164438134856,-0.1632653061224489,0
-0.25,-1.0,-0.9409686684935124,-0.0816326530612244,1
0.1111111111111111,-1.0,-0.8912916680423036,-0.7142857142857143,1
-0.1111111111111111,-1.0,0.24507246855294,0.4285714285714285,1
-0.8055555555555556,-1.0,0.3744043492136859,-0.1836734693877551,1
0.3888888888888889,0.0,-0.8119449305028228,1.0,0
-0.6111111111111112,0.0,0.2299954879109027,-0.7551020408163265,0
0.0277777777777777,0.0,-0.9115300384077828,0.1224489795918367,0
0.9444444444444444,-1.0,0.0043470126668647,0.4285714285714285,1
-0.6944444444444444,-1.0,-0.5456766482881574,0.8367346938775511,1
0.5833333333333334,-1.0,-0.002916350270175,0.7755102040816326,1
0.7222222222222222,0.0,0.43347970110161,0.1836734693877551,0
-0.9722222222222222,-1.0,0.9502679740719954,-0.5102040816326531,1
-0.6666666666666666,0.0,0.8487239591931064,-0.0408163265306122,0
0.2777777777777778,-1.0,0.7321910044350535,0.0,1
0.3888888888888889,-1.0,0.1868885293891071,-0.3469387755102041,1
-0.4444444444444444,-1.0,0.0890642367416113,-0.8775510204081632,1
-0.1944444444444444,0.0,-0.9694828705690736,-0.3673469387755102,0
-0.0555555555555555,-1.0,-0.5696677561711072,-0.7755102040816326,1
-0.0555555555555555,-1.0,-0.1836640364488758,0.3265306122448979,1
-0.5555555555555556,-1.0,-0.7557419085036372,-0.8979591836734694,1
0.7222222222222222,-1.0,0.2345405922942322,0.1632653061224489,1
0.75,0.0,-0.5053539788922271,0.1428571428571428,0
-0.75,-1.0,-0.2316132369286979,-0.1428571428571428,1
-0.1666666666666666,-1.0,-0.6127086841207479,0.7959183673469388,1
0.7222222222222222,0.0,0.503747234969791,0.0816326530612244,0
-0.25,0.0,0.7016958851948452,0.2448979591836734,0
0.5,0.0,-0.3964805705041434,-0.4693877551020408,0
0.6388888888888888,0.0,0.2278825096019457,0.4285714285714285,0
-0.9166666666666666,0.0,0.5195505519055322,-0.7142857142857143,0
0.0,0.0,0.0604069684263814,0.2857142857142857,0
0.25,0.0,-0.5099651138477115,-1.0,0
-0.6944444444444444,-1.0,0.3779920103007692,-0.1428571428571428,1
0.6666666666666666,-1.0,-0.3852883885238866,-0.0408163265306122,1
0.2777777777777778,-1.0,-0.0935433105527859,0.4285714285714285,1
0.9722222222222222,0.0,-0.2837883940264342,0.1020408163265306,0
0.4722222222222222,0.0,0.3157581960447687,0.3673469387755102,0
0.75,-1.0,-0.6299976889299745,-0.9183673469387756,1
0.4444444444444444,-1.0,-0.1657477412041775,0.4897959183673469,1
-0.75,-1.0,0.6370079346737539,-0.6530612244897959,1
-0.6388888888888888,0.0,0.6717620258179537,0.6326530612244898,0
0.1388888888888889,-1.0,-0.8607525284206587,-0.5510204081632653,1
0.3055555555555556,0.0,0.5379950917274698,0.2448979591836734,0
-0.5833333333333334,-1.0,-0.0511626883246943,0.7959183673469388,1
0.6666666666666666,0.0,-0.7103679003378565,-0.8163265306122449,0
0.3055555555555556,0.0,0.449844277900668,-0.2244897959183673,0
-0.6388888888888888,0.0,0.4789857704117006,0.6326530612244898,0
-0.8055555555555556,0.0,0.4432742359712547,-0.7551020408163265,0
-0.0833333333333333,-1.0,-0.2263638064423828,0.5102040816326531,1
-0.9722222222222222,0.0,-0.5869897762664114,-0.5714285714285714,0
-0.6111111111111112,0.0,-0.9056423123906368,-0.1020408163265306,0
0.3888888888888889,0.0,-0.7489297544763225,-0.1428571428571428,0
1.0,0.0,-0.4809006570041929,0.4489795918367347,0
-0.5555555555555556,-1.0,0.9950367019930229,-0.9387755102040816,1
-0.4722222222222222,-1.0,-0.3414660988037461,-0.673469387755102,1
0.9444444444444444,-1.0,0.9723882157438896,0.7142857142857143,1
-0.5277777777777778,0.0,-0.0410049853081977,-0.2857142857142857,0
-0.1666666666666666,-1.0,-0.6596894362089647,-0.4897959183673469,1
0.4722222222222222,0.0,0.205432115069277,-0.7755102040816326,0
0.6111111111111112,-1.0,-0.1828936797737352,-0.5306122448979592,1
0.3611111111111111,-1.0,0.9268711413384396,0.6326530612244898,1
-0.7777777777777778,0.0,0.9138851288146412,-0.1428571428571428,0
-0.5,-1.0,0.3165945832920642,-0.7346938775510204,1
0.6944444444444444,-1.0,-0.7133172658941089,0.1632653061224489,1
-0.6111111111111112,0.0,-0.7001771820352823,0.5306122448979592,0
0.5833333333333334,-1.0,-0.480471458285186,-0.8775510204081632,1
0.9444444444444444,0.0,-0.766780019148866,-0.2244897959183673,0
0.3611111111111111,-1.0,-0.9587749127846192,0.1020408163265306,1
0.3611111111111111,-1.0,-0.1815400530445596,0.1836734693877551,1
-0.6111111111111112,-1.0,-0.5643743053033554,0.2653061224489796,1
0.6666666666666666,-1.0,-0.0959754366271583,-0.8775510204081632,1
-0.8888888888888888,0.0,0.0724135274632154,-0.3877551020408163,0
-0.1666666666666666,0.0,0.2855602143792576,0.9591836734693876,0
0.1111111111111111,0.0,0.6301517602650027,0.2653061224489796,0
0.0555555555555555,0.0,0.4733951819692518,-1.0,0
-0.9166666666666666,-1.0,-0.0322559344976724,-0.4285714285714285,1
-0.25,-1.0,-0.4923019357962737,-0.1020408163265306,1
0.0277777777777777,-1.0,0.5164471150142516,-0.2448979591836734,1
0.3055555555555556,-1.0,-0.1833999141602562,0.979591836734694,1
0.9444444444444444,0.0,-0.5136518207930272,-0.7551020408163265,0
0.8611111111111112,-1.0,0.4704017960315626,0.1428571428571428,1
-0.0833333333333333,0.0,-0.1800213498849967,-0.8367346938775511,0
0.8611111111111112,-1.0,-0.2480328392045517,0.1020408163265306,1
-0.4166666666666667,0.0,-0.84439895671696,0.5918367346938775,0
0.9722222222222222,-1.0,-0.384958235663112,0.8979591836734694,1
-0.9444444444444444,0.0,0.1735943741952524,-0.9387755102040816,0
0.8055555555555556,-1.0,-0.1199445343193898,0.0408163265306122,1
-0.8333333333333334,-1.0,-0.5165681710632023,-0.5510204081632653,1
-0.8888888888888888,0.0,-0.6575544477092894,-0.4285714285714285,0
-0.6388888888888888,0.0,0.1534660547833647,0.3061224489795918,0
-1.0,0.0,0.7500192589168785,0.0612244897959183,0
0.2777777777777778,-1.0,-0.6959182101312907,0.1428571428571428,1
0.9444444444444444,-1.0,0.1639098902791992,-0.6530612244897959,1
-0.7222222222222222,-1.0,0.9365776354452112,-0.1020408163265306,1
0.1111111111111111,-1.0,-0.4162237115784608,-0.5714285714285714,1
-0.1666666666666666,-1.0,-0.0059867718753783,-0.8367346938775511,1
-0.3055555555555556,-1.0,-0.5259445123091991,-0.3673469387755102,1
0.1111111111111111,-1.0,-0.3474748808698427,0.7959183673469388,1
-0.0277777777777777,-1.0,-0.4758933386157791,-0.0204081632653061,1
-0.8333333333333334,-1.0,0.1699186723452958,0.6122448979591837,1
-0.4722222222222222,-1.0,-0.9690206565639892,-0.1428571428571428,1
-0.8333333333333334,-1.0,0.916053132600394,0.979591836734694,1
-0.5833333333333334,-1.0,-0.0542881354066933,-0.8163265306122449,1
0.4722222222222222,-1.0,-0.6537686949057414,-0.5306122448979592,1
-0.3333333333333333,0.0,0.1027985957498321,-0.7551020408163265,0
0.3333333333333333,0.0,0.2276624076947626,0.5714285714285714,0
-0.1111111111111111,0.0,-0.3285901372335391,-0.5714285714285714,0
0.6388888888888888,-1.0,-0.3153840228025575,0.6326530612244898,1
0.6111111111111112,0.0,-0.3493237368901801,-0.0204081632653061,0
-0.9166666666666666,-1.0,0.6587099827220003,-0.7755102040816326,1
-0.25,0.0,0.5100861698966621,0.0612244897959183,0
0.25,0.0,0.6029801798232581,0.7959183673469388,0
0.3888888888888889,-1.0,-0.2818955176246602,-0.4081632653061224,1
-0.3888888888888889,0.0,0.1034148810899446,0.6530612244897959,0
0.9722222222222222,-1.0,0.2979079313722253,0.2244897959183673,1
0.6388888888888888,0.0,-0.3369430046111349,0.8571428571428571,0
0.0555555555555555,-1.0,-0.9361594418215634,-0.6326530612244898,1
-0.0277777777777777,0.0,0.9502899842627136,-0.8571428571428571,0
0.4166666666666667,0.0,-0.0975931856449536,-0.5510204081632653,0
-0.1944444444444444,-1.0,0.6281048125282006,1.0,1
1.0,-1.0,0.9645635929435328,0.5306122448979592,1
-0.8888888888888888,0.0,0.8610386608999967,0.4285714285714285,0
0.9722222222222222,0.0,-0.5871768628875169,0.9591836734693876,0
-0.6388888888888888,0.0,0.7514169060274908,0.6530612244897959,0
0.5,-1.0,-0.2197057237500962,-0.2857142857142857,1
0.6111111111111112,0.0,-0.8674766416851002,0.4081632653061224,0
0.9166666666666666,-1.0,0.046991757183576,-0.5102040816326531,1
-0.7777777777777778,-1.0,0.1669803118844025,0.7142857142857143,1
0.3611111111111111,0.0,-0.4528926893151529,-0.8979591836734694,0
0.4722222222222222,0.0,0.9280817018279464,-0.5714285714285714,0
0.5833333333333334,-1.0,-0.0450548604003653,0.4897959183673469,1
0.3611111111111111,-1.0,-0.2568809358733093,-0.4489795918367347,1
-0.6944444444444444,-1.0,-0.1409642664553688,-0.8571428571428571,1
-0.3611111111111111,-1.0,-0.5693376033103327,0.4081632653061224,1
0.0555555555555555,-1.0,-0.8332177798320622,-0.1632653061224489,1
-0.5277777777777778,-1.0,0.7203055014471701,0.2653061224489796,1
0.5277777777777778,-1.0,-0.1195483508864604,0.0816326530612244,1
0.0833333333333333,-1.0,-0.5690514708309947,-0.979591836734694,1
-0.3055555555555556,-1.0,0.7723045770191599,0.1632653061224489,1
0.0277777777777777,-1.0,-0.6197959655320413,-0.4897959183673469,1
0.9722222222222222,0.0,0.4840040938954736,-0.5714285714285714,0
0.4166666666666667,0.0,0.39055982920092,-1.0,0
-0.7222222222222222,0.0,-0.6705404602330879,-0.3061224489795918,0
0.0,0.0,-0.8763137332584987,-1.020408163265306,0
-0.5,-1.0,-0.1883742172625925,0.5714285714285714,1
-0.8055555555555556,0.0,-0.3802810701354727,-0.1836734693877551,0
-0.5,0.0,-0.5723860147248175,-0.0816326530612244,0
-0.3611111111111111,-1.0,0.7660096624737254,-0.3673469387755102,1
0.1388888888888889,-1.0,0.5177567213619906,-0.3469387755102041,1
0.0,-1.0,0.0568963430068121,0.1224489795918367,1
0.6944444444444444,0.0,-0.7318058260974831,-0.8163265306122449,0
-0.3333333333333333,-1.0,-0.6320006162853401,0.2653061224489796,1
0.3055555555555556,0.0,0.6962043426106287,0.0,0
-0.3055555555555556,0.0,0.9544168950223954,0.3469387755102041,0
0.0833333333333333,0.0,-0.4411282423762201,-0.673469387755102,0
0.8333333333333334,0.0,0.3053473758350116,0.0,0
0.5833333333333334,0.0,0.3378014020491487,0.8367346938775511,0
0.5555555555555556,-1.0,-0.2268700408289037,0.2040816326530612,1
0.3611111111111111,-1.0,0.5773493127317948,-0.979591836734694,1
-0.9444444444444444,-1.0,-0.2093719392078532,-0.2857142857142857,1
0.5277777777777778,0.0,0.6726754487327633,0.1836734693877551,0
-0.0833333333333333,0.0,-0.5526758889365776,0.0816326530612244,0
-0.6944444444444444,-1.0,-0.813122475706252,0.7346938775510204,1
0.3333333333333333,-1.0,0.9176378663321118,-0.4489795918367347,1
-0.1944444444444444,-1.0,-0.89509943103657,0.7142857142857143,1
-0.4166666666666667,-1.0,0.5782627356466044,-0.1020408163265306,1
-0.8055555555555556,-1.0,-0.0056896343006812,-0.0204081632653061,1
-0.9722222222222222,0.0,0.7175212123213047,-0.3061224489795918,0
0.0833333333333333,-1.0,0.694190410159904,0.7959183673469388,1
0.3611111111111111,-1.0,0.3694080359206312,0.2448979591836734,1
-0.7777777777777778,0.0,-0.2324936445574301,0.0612244897959183,0
0.3333333333333333,-1.0,0.680147908481627,0.8571428571428571,1
-0.1944444444444444,0.0,0.9861445849428284,0.1224489795918367,0
0.8055555555555556,0.0,-0.5089526450746695,0.3673469387755102,0
-0.6111111111111112,-1.0,-0.8965851189100553,0.4489795918367347,1
-0.4722222222222222,0.0,-0.6258377628842154,0.5918367346938775,0
0.8611111111111112,0.0,0.460827363069101,0.0816326530612244,0
0.6111111111111112,-1.0,0.3238799564198223,0.2448979591836734,1
0.8055555555555556,-1.0,0.2456227233208975,-0.4081632653061224,1
0.6388888888888888,0.0,-0.7213289753155712,0.0816326530612244,0
0.4444444444444444,0.0,-0.5497375284756842,-0.2448979591836734,0
0.7222222222222222,0.0,-0.1908393586230424,0.7346938775510204,0
0.3611111111111111,-1.0,-0.7737132292251312,0.0816326530612244,1
0.7777777777777778,0.0,-0.4183366898874179,-0.2653061224489796,0
0.4444444444444444,0.0,0.6918463248484048,0.4081632653061224,0
-0.5833333333333334,-1.0,-0.4699725973125557,-0.673469387755102,1
-0.5833333333333334,0.0,-0.1652415068176565,-0.7346938775510204,0
-0.5833333333333334,-1.0,-0.7100927729538776,-0.4081632653061224,1
0.0555555555555555,0.0,0.2203990447577228,-0.6530612244897959,0
-0.8333333333333334,0.0,-0.0882058393035975,0.3877551020408163,0
-0.5833333333333334,0.0,0.447081998965521,-0.0612244897959183,0
-0.9444444444444444,0.0,-0.1678056940363388,-0.3877551020408163,0
0.25,-1.0,0.7846632991074868,0.1428571428571428,1
-1.0,0.0,-0.7411711622481209,0.5306122448979592,0
-1.0,0.0,-0.8039992516535156,0.7142857142857143,0
-0.4166666666666667,-1.0,-0.4894296059075352,-0.6326530612244898,1
-0.5277777777777778,0.0,0.6522720019368968,0.3265306122448979,0
-0.0555555555555555,0.0,-0.9279716508743548,0.5918367346938775,0
-0.2222222222222222,-1.0,0.7935774263483993,-0.3469387755102041,1
-0.4722222222222222,-1.0,-0.4959006019787161,0.0,1
-0.0555555555555555,-1.0,0.6530973840888331,0.8367346938775511,1
0.8888888888888888,-1.0,-0.4146169676560247,0.1632653061224489,1
0.3888888888888889,0.0,0.5658269778907634,-0.5102040816326531,0
-0.1111111111111111,-1.0,-0.0085069387126239,0.0816326530612244,1
-0.2777777777777778,0.0,0.7407749788151914,0.7755102040816326,0
0.8888888888888888,-1.0,0.2810701354727238,0.3061224489795918,1
-0.5277777777777778,-1.0,-0.2176917912993716,0.1632653061224489,1
0.5833333333333334,-1.0,-0.665313039937491,-0.5102040816326531,1
0.1944444444444444,0.0,-0.4112714186668427,0.1428571428571428,0
-0.3333333333333333,0.0,0.7278219815774704,-0.8163265306122449,0
0.7777777777777778,-1.0,0.8171503406077014,-0.2653061224489796,1
0.7222222222222222,0.0,0.6374261282974018,0.7755102040816326,0
-0.0833333333333333,0.0,-0.3975920851354177,1.0,0
0.0277777777777777,-1.0,0.886812594231129,0.9591836734693876,1
0.7222222222222222,-1.0,-0.5283216129067758,0.3877551020408163,1
0.8611111111111112,0.0,-0.9759758768309728,-1.0,0
-0.3333333333333333,0.0,0.9489913830103338,0.7755102040816326,0
-0.1666666666666666,0.0,0.4655485489781769,-0.9387755102040816,0
-1.0,-1.0,0.4854677715782407,-0.2653061224489796,1
-0.9444444444444444,-1.0,-0.5069827330053814,0.1632653061224489,1
0.9444444444444444,0.0,0.0666248473043018,-0.1428571428571428,0
0.7222222222222222,0.0,-0.5955077200743945,0.1224489795918367,0
-0.5555555555555556,-1.0,0.5588277372423432,-0.7959183673469388,1
0.7222222222222222,0.0,-0.5920631252269801,0.3469387755102041,0
-0.1388888888888889,0.0,-0.5600382977318499,0.1224489795918367,0
-0.5277777777777778,-1.0,-0.3229995487910903,0.5510204081632653,1
-0.1944444444444444,0.0,-0.2184401377837939,-0.7551020408163265,0
0.6944444444444444,0.0,0.2431905972465251,-0.8979591836734694,0
0.3333333333333333,0.0,0.8434195032299955,-0.7551020408163265,0
-0.7777777777777778,-1.0,0.8206719711226298,0.6326530612244898,1
-0.3611111111111111,0.0,0.1906192567158594,-0.0408163265306122,0
1.0,0.0,-0.0123807322790451,-0.7346938775510204,0
0.25,-1.0,-0.4314437584601671,-0.673469387755102,1
-0.4444444444444444,0.0,-0.7546413989677221,0.8367346938775511,0
-0.5833333333333334,0.0,0.7791057259511154,-0.5510204081632653,0
-0.8611111111111112,-1.0,-0.0829674139126415,-0.1836734693877551,1
-0.4722222222222222,0.0,0.0729307669450955,0.7755102040816326,0
-0.2222222222222222,0.0,-0.6448105472833923,-0.1224489795918367,0
-0.7222222222222222,0.0,0.7180054365171075,-0.5102040816326531,0
-0.1666666666666666,-1.0,0.7361748489550662,0.5918367346938775,1
-0.0277777777777777,-1.0,-0.863536817546524,-0.4489795918367347,1
-0.6944444444444444,0.0,0.2664883841218484,0.2448979591836734,0
0.25,0.0,-0.8474143528453674,-0.5306122448979592,0
-0.6388888888888888,0.0,-0.463886779578945,-0.2244897959183673,0
0.3333333333333333,-1.0,0.0993319907116995,0.2244897959183673,1
-0.9166666666666666,-1.0,-0.0045781196694069,1.0,1
-0.4166666666666667,-1.0,-0.9273773757249608,-0.5510204081632653,1
-0.6111111111111112,-1.0,0.2664113484543343,-0.8571428571428571,1
0.0277777777777777,-1.0,-0.7634674854457614,-0.1020408163265306,1
0.8611111111111112,-1.0,0.5954857098836761,-0.3265306122448979,1
-0.0277777777777777,-1.0,0.7062079742920973,0.0204081632653061,1
-0.3611111111111111,0.0,0.0338076529433127,-0.9183673469387756,0
-0.4166666666666667,-1.0,-0.7170589983162204,-0.1020408163265306,1
-0.5833333333333334,0.0,0.1347023671960117,0.2653061224489796,0
-0.4166666666666667,0.0,-0.9330229896442052,-0.2244897959183673,0
-0.2222222222222222,-1.0,0.2327027413692539,-0.5714285714285714,1
-0.6388888888888888,0.0,-0.2769652349037604,-0.3061224489795918,0
0.0555555555555555,-1.0,0.2202009530412581,-0.0816326530612244,1
0.7222222222222222,-1.0,-0.6949057413582489,-0.3265306122448979,1
-1.0,0.0,-0.3492246910319478,0.0408163265306122,0
-0.75,0.0,-0.0398824655815642,-0.0408163265306122,0
0.4166666666666667,-1.0,-0.35062233814256,0.1836734693877551,1
0.0277777777777777,0.0,-0.541351645812011,-0.2244897959183673,0
-0.8055555555555556,0.0,-0.4309595342643644,-0.4081632653061224,0
0.2222222222222222,0.0,0.753617925099321,-0.979591836734694,0
-0.3333333333333333,0.0,0.7457052615360912,-0.1632653061224489,0
-0.6388888888888888,0.0,-0.3725775033840668,0.8163265306122449,0
0.8888888888888888,-1.0,-0.3316495537433832,0.8163265306122449,1
-0.5555555555555556,0.0,-0.0935983360295817,-0.4285714285714285,0
-0.0555555555555555,-1.0,0.6252324826394621,0.5714285714285714,1
-0.6944444444444444,0.0,-0.1099849230193579,0.5510204081632653,0
-0.5555555555555556,-1.0,-0.0376264210329382,0.8979591836734694,1
0.2777777777777778,0.0,-0.4454202295662892,-0.0204081632653061,0
0.1944444444444444,-1.0,-0.3882377540801391,-0.4897959183673469,1
-0.2777777777777778,-1.0,-0.8560533527023012,0.9591836734693876,1
0.5,0.0,-0.3187185666963804,-0.1836734693877551,0
-0.0833333333333333,-1.0,-0.2825778335369276,-0.3877551020408163,1
0.3055555555555556,-1.0,-0.8216514246095943,0.0612244897959183,1
0.0833333333333333,0.0,-0.7998063103216789,0.1632653061224489,0
-0.3611111111111111,-1.0,0.9963132930546844,-0.0408163265306122,1
0.1666666666666666,-1.0,0.8265596971397757,-0.0816326530612244,1
-0.4722222222222222,0.0,-0.2657180274467078,0.3061224489795918,0
0.8333333333333334,0.0,0.1723728086103866,0.3061224489795918,0
-0.6388888888888888,-1.0,0.5620192148964971,0.6530612244897959,1
-0.3888888888888889,-1.0,0.7452100322449294,0.8571428571428571,1
-0.5833333333333334,0.0,-0.1223656552984031,-0.1836734693877551,0
0.8611111111111112,-1.0,-0.9802788691164008,0.8775510204081632,1
-0.6944444444444444,-1.0,0.9357192380071974,-0.6122448979591837,1
0.1944444444444444,0.0,-0.8275061353406628,-0.0408163265306122,0
-0.6666666666666666,0.0,-0.3173649399672048,0.6530612244897959,0
-0.9444444444444444,-1.0,-0.3750206345537984,-0.5918367346938775,1
-0.4444444444444444,0.0,-0.9249452496505882,0.2653061224489796,0
-0.6944444444444444,-1.0,-0.1574168840173,-0.9183673469387756,1
0.8888888888888888,-1.0,0.1016210505464029,0.9591836734693876,1
0.8888888888888888,0.0,0.5775914248296962,-0.7142857142857143,0
0.8333333333333334,0.0,0.3840778280343799,0.5510204081632653,0
-0.2222222222222222,0.0,0.5177016958851949,0.2448979591836734,0
-0.7222222222222222,-1.0,0.2648266147226166,-0.2653061224489796,1
0.8055555555555556,0.0,0.8369044867773779,-0.3265306122448979,0
0.0833333333333333,0.0,0.841350545302475,-0.9591836734693876,0
-0.2222222222222222,-1.0,-0.5581234111393575,0.7142857142857143,1
-0.7777777777777778,-1.0,0.6381304544003874,0.4489795918367347,1
-0.7222222222222222,-1.0,-0.1462357071324023,-0.2040816326530612,1
-0.6111111111111112,0.0,-0.8442338802865726,1.0,0
0.6944444444444444,0.0,-0.4632814993341917,0.8571428571428571,0
0.75,-1.0,-0.0418963980322889,0.3061224489795918,1
0.6388888888888888,0.0,-0.5075109775826208,0.6122448979591837,0
-0.4722222222222222,0.0,-0.4503064919057523,-0.1428571428571428,0
0.0833333333333333,-1.0,-0.4711171272299074,0.2448979591836734,1
0.75,0.0,0.8594649322636381,0.1836734693877551,0
0.0277777777777777,0.0,0.3448446630790056,-0.8571428571428571,0
0.1666666666666666,-1.0,-0.0953811614777642,0.8775510204081632,1
0.5555555555555556,-1.0,0.6799168014790848,0.8775510204081632,1
0.9722222222222222,0.0,0.0214709410457041,0.3061224489795918,0
-0.4722222222222222,-1.0,0.7690910891742877,-0.3877551020408163,1
-0.6944444444444444,-1.0,-0.5663552224680027,-0.4285714285714285,1
-0.3888888888888889,-1.0,0.0233087919706824,0.6122448979591837,1
-0.9722222222222222,-1.0,0.5363773427096746,0.5306122448979592,1
0.8333333333333334,-1.0,-0.4529697249826669,0.1632653061224489,1
0.4444444444444444,0.0,0.2820495889596883,-0.9591836734693876,0
0.8055555555555556,0.0,0.3256297665819274,0.7142857142857143,0
0.25,0.0,-0.2830950730188077,-0.2857142857142857,0
-0.2777777777777778,-1.0,-0.6683504462566168,-0.2244897959183673,1
0.0,-1.0,-0.216558266477379,-0.9591836734693876,1
0.1666666666666666,-1.0,0.4473461212541407,-0.4285714285714285,1
0.6388888888888888,-1.0,-0.6867179504110403,0.3673469387755102,1
-0.5833333333333334,-1.0,-0.4941397867212519,-0.3673469387755102,1
0.3888888888888889,-1.0,-0.9586428516403096,-1.0,1
0.3611111111111111,-1.0,0.7205586186404305,0.5306122448979592,1
0.5,0.0,0.836695389965554,0.9183673469387756,0
0.3055555555555556,-1.0,-0.610463644667481,-0.7142857142857143,1
-0.5833333333333334,-1.0,-0.5458087094324673,0.9591836734693876,1
-0.3333333333333333,0.0,-0.2726622426183323,0.3877551020408163,0
0.6666666666666666,-1.0,0.1752451384991251,0.8163265306122449,1
0.4444444444444444,0.0,-0.8881772260556637,0.1224489795918367,0
-0.0833333333333333,-1.0,0.2560115333399363,-0.2857142857142857,1
0.3611111111111111,0.0,0.8101841152453586,-0.6938775510204082,0
0.2222222222222222,0.0,-0.1191521674535309,-0.8979591836734694,0
-0.5833333333333334,0.0,0.7837828914787547,0.9183673469387756,0
0.6388888888888888,0.0,0.4699395820264783,0.1020408163265306,0
-0.0833333333333333,-1.0,0.2196066778918639,0.6326530612244898,1
0.2777777777777778,0.0,0.9740719953338396,0.8979591836734694,0
0.1388888888888889,0.0,-0.0781912025267698,-0.0408163265306122,0
-0.2777777777777778,-1.0,-0.2061474462676219,0.1836734693877551,1
0.0,-1.0,0.5197596487173561,0.4081632653061224,1
0.2777777777777778,-1.0,0.7405768870987267,0.9387755102040816,1
-0.6666666666666666,-1.0,-0.3345659040135583,0.8979591836734694,1
0.6666666666666666,-1.0,0.9083825811350656,0.979591836734694,1
-0.8055555555555556,0.0,-0.4770048532470534,0.4081632653061224,0
-0.6388888888888888,-1.0,0.6740070652712206,-0.2857142857142857,1
-0.3611111111111111,0.0,0.8199346297335667,-0.2653061224489796,0
-0.1388888888888889,0.0,-0.5383142394928853,-0.8775510204081632,0
0.1111111111111111,0.0,-0.5466340915844036,-1.0,0
0.8333333333333334,-1.0,0.5854930832975668,0.6938775510204082,1
-0.5555555555555556,0.0,-0.6468685001155535,-0.2448979591836734,0
-0.9166666666666666,0.0,-0.7532107365710324,0.2653061224489796,0
0.9722222222222222,0.0,-0.4368582653768695,-0.5306122448979592,0
0.6388888888888888,0.0,0.2439939692077432,0.4693877551020408,0
-0.5555555555555556,0.0,0.7503604168730122,-0.7755102040816326,0
-0.3055555555555556,0.0,0.6502140491047355,0.3877551020408163,0
-0.25,-1.0,0.7659986573783661,0.7346938775510204,1
0.0277777777777777,0.0,0.3377903969537896,-0.1224489795918367,0
-0.4444444444444444,0.0,-0.5520155832150285,-0.1224489795918367,0
0.6944444444444444,-1.0,-0.492180879747323,-0.2244897959183673,1
-0.8055555555555556,-1.0,0.5966962703731827,0.4897959183673469,1
0.3611111111111111,0.0,-0.7735041324133074,-0.1632653061224489,0
0.2222222222222222,-1.0,0.5484719425093818,0.9591836734693876,1
-0.3611111111111111,0.0,-0.256132589388887,0.6938775510204082,0
0.3611111111111111,0.0,-0.7504374525405263,-0.9591836734693876,0
-0.3611111111111111,-1.0,0.5991173913521961,0.5918367346938775,1
-0.8333333333333334,-1.0,0.939262878712844,0.7959183673469388,1
-0.1666666666666666,0.0,-0.7028294100168377,0.4081632653061224,0
0.3333333333333333,-1.0,-0.6398912696578516,-0.4489795918367347,1
-0.6666666666666666,0.0,-0.9499928466880164,-0.3877551020408163,0
-0.8333333333333334,0.0,-0.0738221796691868,-0.0204081632653061,0
0.4444444444444444,-1.0,0.7399936170446917,-0.8775510204081632,1
0.3611111111111111,-1.0,0.8590357335446311,-0.1224489795918367,1
0.1666666666666666,-1.0,-0.9758768309727404,0.8163265306122449,1
0.1666666666666666,0.0,-0.6411788658148723,0.8163265306122449,0
-0.6111111111111112,-1.0,0.3498189661813419,-0.6938775510204082,1
-0.8888888888888888,0.0,0.4038980047762114,0.5918367346938775,0
0.9166666666666666,-1.0,-0.6466043778269339,-0.0612244897959183,1
-0.6666666666666666,0.0,0.2982050689469224,0.673469387755102,0
0.5833333333333334,0.0,0.4679696699571902,0.2857142857142857,0
0.3055555555555556,0.0,0.0349081624792278,-0.7346938775510204,0
0.25,0.0,-0.3218660239690977,-0.673469387755102,0
-0.9444444444444444,0.0,0.8173814476102436,-0.9591836734693876,0
0.0833333333333333,-1.0,-0.0464635126063367,0.4897959183673469,1
-0.3888888888888889,-1.0,-0.3560918705360582,1.0,1
-0.9722222222222222,0.0,0.5494513959963463,0.2040816326530612,0
0.3611111111111111,-1.0,0.6127196892161071,-0.7959183673469388,1
0.0,0.0,0.3874123719282027,1.0,0
-0.4166666666666667,0.0,0.2091518373006702,0.0204081632653061,0
0.6388888888888888,-1.0,0.921082461179526,0.1224489795918367,1
-0.2222222222222222,0.0,-0.0603519429495856,-0.2857142857142857,0
-0.9444444444444444,-1.0,0.2213234727678915,-0.6530612244897959,1
-0.7777777777777778,-1.0,-0.4034467958664862,-0.7959183673469388,1
-0.8055555555555556,-1.0,0.297522753034655,-0.2448979591836734,1
-1.0,0.0,0.2158099199929567,-0.4897959183673469,0
0.7222222222222222,0.0,-0.6935080942476367,-0.0612244897959183,0
0.2777777777777778,0.0,0.4431311697315857,0.0204081632653061,0
0.7777777777777778,0.0,-0.6244731310596806,0.3673469387755102,0
-0.1111111111111111,-1.0,-0.772238546447005,-0.979591836734694,1
0.8888888888888888,-1.0,0.2090858067285153,0.3061224489795918,1
0.3888888888888889,-1.0,0.9680522081723838,-0.7755102040816326,1
-0.7222222222222222,-1.0,-0.8581883412019765,-0.1020408163265306,1
-0.4166666666666667,-1.0,0.53124896827231,0.5918367346938775,1
1.0,0.0,-0.6767363289202901,-0.4285714285714285,0
-0.5555555555555556,0.0,-0.0650951390493798,-0.7551020408163265,0
0.5555555555555556,-1.0,0.6242750393432159,1.0,1
0.6944444444444444,-1.0,0.72393718291569,0.2653061224489796,1
-0.6388888888888888,0.0,-0.2860114232889828,0.8163265306122449,0
0.8888888888888888,-1.0,-0.5387874585933287,-0.1632653061224489,1
0.6944444444444444,-1.0,0.5121221125381051,-1.020408163265306,1
-0.1388888888888889,-1.0,0.2508171283304169,-0.5714285714285714,1
-0.4722222222222222,-1.0,-0.4491619619884006,-0.3469387755102041,1
0.1944444444444444,0.0,-0.182585537103679,0.8775510204081632,0
-0.7222222222222222,-1.0,0.1651424609594242,0.4285714285714285,1
-0.8611111111111112,0.0,-0.8768859982171745,0.6122448979591837,0
-0.6666666666666666,-1.0,-0.1701387742524789,0.1836734693877551,1
-0.5277777777777778,0.0,0.2320094203616274,-1.0,0
-0.9166666666666666,0.0,-0.5666523600426998,-0.7142857142857143,0
0.5555555555555556,0.0,0.7896816225912597,0.1428571428571428,0
0.6111111111111112,-1.0,0.9634740885029768,-0.0612244897959183,1
0.5833333333333334,-1.0,0.5425732113968768,0.5306122448979592,1
0.0833333333333333,0.0,0.1084882300505133,0.0204081632653061,0
0.9166666666666666,-1.0,0.8146411788658149,0.5918367346938775,1
0.5555555555555556,0.0,0.4773350061078279,0.3673469387755102,0
-0.1111111111111111,-1.0,-0.251477434051966,-0.7142857142857143,1
0.3611111111111111,0.0,0.3371851167090363,-1.0,0
-0.3611111111111111,-1.0,0.9889398791640528,0.2040816326530612,1
0.8888888888888888,0.0,0.3235167882729703,-0.1428571428571428,0
0.0277777777777777,0.0,-0.5274302001826846,-0.0204081632653061,0
1.0,-1.0,-0.7081338659799488,-0.4693877551020408,1
-0.75,0.0,0.9375570889321756,0.9591836734693876,0
0.5555555555555556,-1.0,0.1514851376187174,0.9183673469387756,1
-0.0833333333333333,-1.0,-0.1587815158418347,-0.3673469387755102,1
0.3055555555555556,-1.0,-0.9160421275050348,-0.9387755102040816,1
-0.6388888888888888,-1.0,0.9888408333058206,-0.5510204081632653,1
-0.5833333333333334,0.0,-0.2161840932351678,-0.3061224489795918,0
0.4166666666666667,-1.0,0.0124467628512001,-0.5918367346938775,1
-0.1111111111111111,0.0,-0.7252137739773515,-0.4081632653061224,0
0.2777777777777778,0.0,0.5590038187680896,-0.2448979591836734,0
-0.9444444444444444,0.0,0.089625496604928,-0.8367346938775511,0
0.8333333333333334,0.0,-0.893943896023859,-0.5306122448979592,0
-0.8333333333333334,-1.0,0.7967248836211166,-0.4081632653061224,1
-0.1388888888888889,0.0,0.4171371344932704,0.0408163265306122,0
-0.5277777777777778,0.0,0.341455093708387,-0.1836734693877551,0
0.2777777777777778,-1.0,0.5167882729703853,0.0,1
0.75,-1.0,0.141635577272277,-0.1020408163265306,1
-0.1388888888888889,-1.0,0.701607844431972,-0.5714285714285714,1
-0.2222222222222222,-1.0,0.0343579077112703,0.0816326530612244,1
0.0555555555555555,-1.0,0.2171745518174915,-0.8979591836734694,1
-1.0,0.0,-0.8477335006107828,0.8979591836734694,0
0.5,0.0,0.049247801732202,0.4285714285714285,0
-0.3888888888888889,-1.0,0.0305281345262856,0.8367346938775511,1
0.2222222222222222,-1.0,0.7478622602264848,-0.2244897959183673,1
-1.0,-1.0,-0.5162380182024278,-0.1428571428571428,1
-0.5,0.0,0.4806915601923691,0.7142857142857143,0
-0.8888888888888888,-1.0,0.4763555526208635,0.0204081632653061,1
-0.8611111111111112,-1.0,0.2062574972212134,0.7142857142857143,1
-0.6111111111111112,0.0,-0.9323846941133744,0.5102040816326531,0
0.8888888888888888,-1.0,0.2073359965664102,0.1224489795918367,1
0.9722222222222222,-1.0,-0.9175278153785202,0.3673469387755102,1
0.7777777777777778,0.0,0.00713130179273,0.1632653061224489,0
0.5277777777777778,0.0,-0.4385970704436154,-1.0,0
0.6944444444444444,-1.0,0.2612499587308924,0.5102040816326531,1
0.1944444444444444,-1.0,0.7033356444033587,-0.4285714285714285,1
-0.1111111111111111,0.0,-0.8469301286495647,0.2040816326530612,0
-0.4722222222222222,-1.0,-0.326840327071434,-0.8979591836734694,1
0.1111111111111111,-1.0,0.5786809292702522,0.1224489795918367,1
0.3611111111111111,0.0,0.9544279001177544,0.2244897959183673,0
0.3333333333333333,-1.0,-0.1683119284228597,0.979591836734694,1
-0.9722222222222222,-1.0,0.8690063499400222,-0.673469387755102,1
0.8888888888888888,-1.0,-0.8682139830741633,-0.6326530612244898,1
0.2777777777777778,-1.0,0.496329800697723,-0.979591836734694,1
0.1111111111111111,-1.0,0.2475376099133899,0.4285714285714285,1
-0.4722222222222222,0.0,-0.6787172460849373,0.6530612244897959,0
-0.75,0.0,-0.9795965532041336,-0.0612244897959183,0
-0.5833333333333334,0.0,-0.0747576127747147,0.0204081632653061,0
0.25,-1.0,0.706262999768893,-0.9387755102040816,1
-0.5555555555555556,0.0,-0.8958367724256331,0.8163265306122449,0
-0.0555555555555555,-1.0,-0.4187328733203473,0.8571428571428571,1
0.75,0.0,0.6419602275853721,0.6530612244897959,0
0.3055555555555556,-1.0,-0.3189496736989226,-0.2653061224489796,1
0.8888888888888888,-1.0,0.1526516777267875,0.0204081632653061,1
-0.6111111111111112,0.0,0.1366722792652998,0.6122448979591837,0
-0.8888888888888888,0.0,-0.1257222093829443,0.3265306122448979,0
0.1111111111111111,0.0,0.0541010487855877,-0.5510204081632653,0
0.3611111111111111,-1.0,0.5042754795470302,-0.3469387755102041,1
-0.1388888888888889,-1.0,0.1220355024376286,1.0,1
-0.6111111111111112,0.0,0.273300538149163,0.0612244897959183,0
-0.25,0.0,-0.2873320347320809,-0.1224489795918367,0
-0.25,-1.0,-0.5481968151254031,-0.5714285714285714,1
0.8611111111111112,-1.0,0.4767847513398703,-0.8571428571428571,1
-0.75,0.0,-0.6062486931449261,-0.1020408163265306,0
-0.5555555555555556,-1.0,-0.8603453398923702,0.6326530612244898,1
-0.6944444444444444,-1.0,0.996863547822642,-0.8163265306122449,1
0.4722222222222222,0.0,-0.2996247262482529,-0.6938775510204082,0
-0.3611111111111111,-1.0,-0.6908338560753629,-0.0408163265306122,1
0.1388888888888889,0.0,0.6439301396546601,-0.7551020408163265,0
0.5833333333333334,0.0,0.3242541296620335,-0.2040816326530612,0
0.1388888888888889,-1.0,0.194878228619851,0.7142857142857143,1
0.8055555555555556,-1.0,0.9057633684395876,-0.3265306122448979,1
0.0833333333333333,0.0,0.2840415112196947,-0.3469387755102041,0
-0.75,-1.0,-0.3757689810382207,0.7551020408163265,1
-0.4166666666666667,0.0,-0.9358512991515072,0.7959183673469388,0
-0.3888888888888889,0.0,0.0626189925935708,-0.2653061224489796,0
0.9166666666666666,0.0,0.919321645922062,-0.1632653061224489,0
0.8055555555555556,0.0,0.7973301638658699,0.2857142857142857,0
-0.75,0.0,-0.0845851629304367,0.7551020408163265,0
-0.4166666666666667,-1.0,-0.4353505673126657,-0.9387755102040816,1
-0.0555555555555555,-1.0,0.8423299987894395,0.1428571428571428,1
0.2222222222222222,0.0,0.9089768562844596,0.1428571428571428,0
0.7222222222222222,-1.0,0.7200193689678321,0.2653061224489796,1
-0.7777777777777778,-1.0,-0.6986364686850012,-0.673469387755102,1
-0.5833333333333334,-1.0,-0.7707088381920829,-0.1020408163265306,1
-0.8333333333333334,0.0,0.9370508545456546,1.0,0
-0.6388888888888888,0.0,0.6325948914347342,0.7142857142857143,0
-0.5555555555555556,-1.0,-0.150362617892084,0.979591836734694,1
-0.5,-1.0,0.5473604278781076,-0.3877551020408163,1
-0.0277777777777777,-1.0,0.3427316847700485,0.9387755102040816,1
0.0277777777777777,-1.0,0.2134108092046617,-0.8163265306122449,1
-0.9722222222222222,0.0,-0.1772920862359272,1.0,0
-0.4166666666666667,0.0,0.3768694905741358,-1.020408163265306,0
0.25,0.0,0.5877051074647561,-0.2857142857142857,0
0.8055555555555556,-1.0,-0.237577998613358,0.9591836734693876,1
0.2777777777777778,-1.0,0.3514147050084188,-0.8367346938775511,1
-0.9444444444444444,0.0,0.3083187515819824,-0.6938775510204082,0
0.0,0.0,-0.5359371388953085,0.4081632653061224,0
-0.1111111111111111,-1.0,0.0634994002223029,0.7755102040816326,1
-0.8333333333333334,-1.0,0.4372214335237215,0.9387755102040816,1
0.0555555555555555,0.0,0.9207633134141108,0.0,0
-0.0833333333333333,0.0,0.3950058877260171,0.7346938775510204,0
-0.0277777777777777,0.0,-0.0812616241319731,0.3061224489795918,0
0.5555555555555556,0.0,0.9561777102798596,-0.3469387755102041,0
-0.6944444444444444,-1.0,-0.6885007758592229,-0.2857142857142857,1
0.8055555555555556,-1.0,-0.7664278560973731,-0.979591836734694,1
0.25,0.0,-0.1409972817414463,0.0612244897959183,0
0.3333333333333333,0.0,0.532910737671542,-0.4693877551020408,0
0.3055555555555556,-1.0,0.2474935895319533,0.7142857142857143,1
-0.5555555555555556,-1.0,0.0541340640716651,0.4693877551020408,1
0.8888888888888888,-1.0,-0.1688951984768948,0.6122448979591837,1
-1.0,0.0,0.9246040916944546,-0.2244897959183673,0
-0.9444444444444444,0.0,-0.915910066360725,-0.4081632653061224,0
0.75,-1.0,-0.8460937414022692,0.6530612244897959,1
-0.5833333333333334,-1.0,-0.8595639781218705,0.3673469387755102,1
0.3333333333333333,-1.0,0.6944325222578054,-0.2040816326530612,1
0.6666666666666666,-1.0,0.8087424477533098,0.673469387755102,1
0.4444444444444444,-1.0,-0.1510229236136331,0.3877551020408163,1
-0.25,0.0,0.3226253755488791,-0.4693877551020408,0
0.6944444444444444,-1.0,-0.4722286418611817,0.8979591836734694,1
0.5277777777777778,-1.0,0.968074218363102,-0.2857142857142857,1
-0.3333333333333333,0.0,-0.8703489715738387,0.1020408163265306,0
0.1666666666666666,0.0,0.3633002079963023,0.7755102040816326,0
-0.7222222222222222,-1.0,0.1786016925836662,0.979591836734694,1
-0.6111111111111112,-1.0,0.7601439466472977,-0.0408163265306122,1
0.6944444444444444,0.0,0.972201129122784,-0.0816326530612244,0
0.5,0.0,0.0577107200633893,-0.8571428571428571,0
0.25,0.0,0.4518031848745969,-0.0612244897959183,0
0.9722222222222222,0.0,0.9249342445552292,-0.8979591836734694,0
0.3055555555555556,-1.0,-0.9200039618343292,-0.7346938775510204,1
-0.4166666666666667,-1.0,-0.3257618277262372,-0.0816326530612244,1
-0.8888888888888888,0.0,-0.7073304940187307,0.1224489795918367,0
-0.5277777777777778,-1.0,-0.5639341014889894,-0.979591836734694,1
-0.7777777777777778,0.0,-0.111008396887759,-0.8367346938775511,0
-0.9166666666666666,0.0,-0.4431311697315857,-0.1428571428571428,0
0.8055555555555556,-1.0,-0.9573882707693662,-0.4081632653061224,1
-0.1666666666666666,-1.0,-0.929292262317453,-0.5714285714285714,1
-0.6111111111111112,0.0,0.0863349730925418,0.4489795918367347,0
-0.0555555555555555,0.0,-0.9200920025972024,0.2857142857142857,0
0.4722222222222222,0.0,0.6198069706274005,0.6326530612244898,0
0.3055555555555556,0.0,0.5379290611553149,-0.1428571428571428,0
0.75,-1.0,0.1878129573992758,0.9183673469387756,1
-0.5,-1.0,-0.6587760132941552,-0.1632653061224489,1
0.1944444444444444,-1.0,0.0507224845103282,0.1224489795918367,1
0.0833333333333333,-1.0,0.4362199698460387,-0.8367346938775511,1
0.5555555555555556,-1.0,-0.8869996808522346,0.6530612244897959,1
0.6944444444444444,0.0,0.2685243267632914,0.4489795918367347,0
0.3611111111111111,-1.0,-0.1322152156448435,-0.3061224489795918,1
0.9722222222222222,-1.0,0.5772612719689216,0.0816326530612244,1
-0.4722222222222222,0.0,-0.3126987795349246,0.2448979591836734,0
-0.3333333333333333,-1.0,-0.9179570140975272,0.0612244897959183,1
0.4722222222222222,0.0,-0.8668933716310652,0.7755102040816326,0
-0.2777777777777778,-1.0,0.90158143220311,-0.7959183673469388,1
-0.3333333333333333,0.0,-0.8091826515676759,-0.7142857142857143,0
-0.1944444444444444,-1.0,-0.428604443857506,0.8979591836734694,1
-0.7777777777777778,-1.0,0.0570944347232768,-0.0408163265306122,1
-0.7222222222222222,0.0,-0.8540394202515765,0.4081632653061224,0
0.75,-1.0,0.3882377540801391,-0.8979591836734694,1
-0.6944444444444444,-1.0,-0.9535915128704592,0.0408163265306122,1
-0.3333333333333333,-1.0,0.302761178425611,0.6122448979591837,1
-0.6944444444444444,0.0,0.9673698922601164,-0.7142857142857143,0
-0.5277777777777778,-1.0,0.1659568380160014,-0.4285714285714285,1
-0.6111111111111112,-1.0,0.1245556692748742,-0.5306122448979592,1
0.6666666666666666,-1.0,-0.5079291712062685,0.3673469387755102,1
1.0,-1.0,0.1631835539854952,-0.2857142857142857,1
-0.6388888888888888,0.0,0.4192501128022274,-0.4693877551020408,0
0.25,-1.0,-0.3639274984317739,0.9591836734693876,1
0.6666666666666666,0.0,0.3003290523512386,0.3265306122448979,0
0.0833333333333333,-1.0,-0.3239129717058998,0.0204081632653061,1
0.2222222222222222,0.0,0.6208854699725973,0.979591836734694,0
0.6388888888888888,0.0,-0.7324881420097505,0.1224489795918367,0
-0.9444444444444444,-1.0,-0.8042853841328536,0.0,1
0.1666666666666666,0.0,0.4540592294232229,-0.8571428571428571,0
0.3055555555555556,0.0,-0.3374932593790925,-0.8775510204081632,0
-0.3611111111111111,-1.0,0.6820077695973236,0.8367346938775511,1
-0.25,0.0,-0.1868445090076705,0.9183673469387756,0
-0.0833333333333333,-1.0,0.1190421164999394,0.7959183673469388,1
-0.3888888888888889,0.0,0.6551113165395578,-0.9591836734693876,0
0.6944444444444444,-1.0,0.4461025454785565,-0.5714285714285714,1
-0.3055555555555556,0.0,-0.2356300967347882,0.7755102040816326,0
0.7222222222222222,0.0,0.0572264958675866,-0.5306122448979592,0
-0.3055555555555556,-1.0,-0.306029691747279,0.6938775510204082,1
0.1111111111111111,-1.0,0.3081536751515952,0.8571428571428571,1
-0.7777777777777778,-1.0,0.064093675371697,-0.7142857142857143,1
0.6388888888888888,0.0,0.5501887373854094,0.673469387755102,0
0.9444444444444444,-1.0,-0.7959105065645394,-0.7346938775510204,1
-0.8611111111111112,-1.0,-0.7156173308241716,0.0204081632653061,1
-0.4722222222222222,-1.0,0.8726160212178239,-0.979591836734694,1
-0.1111111111111111,-1.0,0.6429396810723365,0.8571428571428571,1
-0.8333333333333334,0.0,0.0134372214335237,-0.2040816326530612,0
0.1944444444444444,-1.0,-0.629887637976383,-0.3061224489795918,1
0.0555555555555555,0.0,0.5983910550584921,0.7959183673469388,0
-0.4166666666666667,0.0,0.2430145157207787,0.4489795918367347,0
-0.1388888888888889,-1.0,0.8939879164052956,-0.4081632653061224,1
0.9722222222222222,-1.0,0.7043040927949641,-0.8979591836734694,1
-0.6388888888888888,-1.0,-0.964068363652371,-0.8775510204081632,1
-0.3055555555555556,0.0,0.5460288113396503,-0.1632653061224489,0
-0.25,-1.0,-0.2978419008000704,0.4489795918367347,1
-0.3333333333333333,-1.0,-0.8358590027182585,-0.2653061224489796,1
-0.0555555555555555,-1.0,-0.5434095986441723,0.6530612244897959,1
0.8333333333333334,-1.0,-0.3723794116676021,0.8979591836734694,1
-0.6666666666666666,-1.0,0.0796108598281004,-0.1632653061224489,1
0.7222222222222222,-1.0,-0.5372247350523293,-0.8775510204081632,1
-0.1666666666666666,0.0,-0.0567092563857065,-0.2040816326530612,0
-0.3611111111111111,-1.0,0.1679707704667261,0.4489795918367347,1
-0.9444444444444444,-1.0,-0.5148843914732522,0.6122448979591837,1
-0.1388888888888889,-1.0,-0.7463875774483586,0.4897959183673469,1
0.4722222222222222,0.0,0.784608273630691,0.6122448979591837,0
0.8888888888888888,0.0,-0.9630008694025334,-0.7551020408163265,0
-0.7777777777777778,0.0,-0.4734281972553292,-0.9591836734693876,0
0.5833333333333334,-1.0,0.913290853665247,-0.7346938775510204,1
-0.0833333333333333,-1.0,0.6793115212343315,-0.3061224489795918,1
-0.1111111111111111,-1.0,0.1612466572022846,-0.1224489795918367,1
0.75,-1.0,-0.8825756325178558,0.6530612244897959,1
1.0,0.0,-0.7349422782748413,0.6938775510204082,0
0.4166666666666667,-1.0,-0.9515445651336568,0.1836734693877551,1
-0.5555555555555556,-1.0,-0.6149867388600923,-0.5918367346938775,1
0.25,0.0,0.3113341477103899,-0.4897959183673469,0
-0.6111111111111112,-1.0,0.8868676197079247,0.0,1
1.0,-1.0,-0.7845972685353318,0.4285714285714285,1
0.6666666666666666,-1.0,0.971122629777587,0.5918367346938775,1
0.5,0.0,-0.1414594957465306,-0.8571428571428571,0
1.0,0.0,0.1772590709498497,-0.0816326530612244,0
-0.0277777777777777,0.0,-0.9698240285252072,-0.6122448979591837,0
-0.25,0.0,0.5851189100553557,-0.3877551020408163,0
-0.8611111111111112,-1.0,0.7406429176708816,0.7346938775510204,1
0.6388888888888888,-1.0,0.9898202867927852,0.8163265306122449,1
0.3888888888888889,0.0,0.8194394004424048,-0.0408163265306122,0
0.3888888888888889,0.0,-0.7876236697590985,0.5102040816326531,0
0.6111111111111112,0.0,-0.9314162457217692,-0.8367346938775511,0
0.4722222222222222,-1.0,0.6440071753221742,-0.7755102040816326,1
0.8333333333333334,-1.0,0.6230534737583501,-0.979591836734694,1
-0.1111111111111111,0.0,0.4031056379103525,-0.3061224489795918,0
0.5277777777777778,0.0,-0.1706009882575632,-0.2653061224489796,0
0.8888888888888888,-1.0,-0.4942388325794843,-0.5918367346938775,1
0.1944444444444444,0.0,-0.9555174045583104,0.6122448979591837,0
0.8888888888888888,0.0,-0.1285615239856053,0.3469387755102041,0
0.8888888888888888,0.0,0.966830642587518,0.9183673469387756,0
-0.9444444444444444,0.0,-0.6894472140601098,-0.7142857142857143,0
-0.2222222222222222,0.0,-0.5868136947406649,-0.3061224489795918,0
-0.6944444444444444,-1.0,0.5244368142449954,-0.9591836734693876,1
-0.5,-1.0,-0.358623042468663,-0.9183673469387756,1
-0.7777777777777778,0.0,0.4688500775859223,0.8163265306122449,0
1.0,0.0,0.6139082395148954,-0.0204081632653061,0
0.3055555555555556,0.0,-0.4675074559521058,-0.0408163265306122,0
0.5555555555555556,-1.0,0.9400992659601396,0.979591836734694,1
-0.0277777777777777,0.0,-0.1527507235850198,-0.3877551020408163,0
-1.0,0.0,-0.8520585030869292,0.8775510204081632,0
0.8611111111111112,-1.0,-0.5564066162633299,-0.2653061224489796,1
-0.6388888888888888,-1.0,0.8332838104042172,-0.2040816326530612,1
0.4166666666666667,-1.0,0.6537797000011005,-0.5510204081632653,1
0.8888888888888888,0.0,0.3822399771094016,0.6530612244897959,0
-0.1944444444444444,0.0,0.1859641013789384,0.2448979591836734,0
0.6666666666666666,0.0,0.2685463369540097,-0.1836734693877551,0
0.0555555555555555,-1.0,0.6845609517206467,0.9183673469387756,1
0.6666666666666666,0.0,-0.567609803338946,-0.5306122448979592,0
0.6388888888888888,-1.0,-0.9716398692594672,0.2653061224489796,1
-0.3333333333333333,-1.0,-0.9055212563416862,0.9591836734693876,1
0.2777777777777778,-1.0,-0.701387742524789,0.4489795918367347,1
-0.0277777777777777,0.0,-0.1830587562041225,0.2448979591836734,0
0.8333333333333334,-1.0,0.8861963088910165,-0.1632653061224489,1
-0.8888888888888888,0.0,0.4890114122838874,-0.2040816326530612,0
0.6944444444444444,-1.0,0.2220498090615955,-0.2857142857142857,1
0.5833333333333334,0.0,0.420746805771072,0.4489795918367347,0
-0.5,0.0,-0.6004159926045759,0.3877551020408163,0
-0.1666666666666666,0.0,-0.1454213300758251,0.3061224489795918,0
0.2222222222222222,0.0,0.2753694960766835,-0.6530612244897959,0
-0.9166666666666666,-1.0,0.2506300417093114,-0.3061224489795918,1
-0.0277777777777777,-1.0,-0.2041665291029746,-0.7142857142857143,1
-0.2777777777777778,0.0,0.0973840888331297,-0.8571428571428571,0
0.0,-1.0,0.6842968294320271,-0.1632653061224489,1
0.7777777777777778,0.0,0.9007450449558144,0.4693877551020408,0
-0.1388888888888889,-1.0,0.7675943962054431,0.5306122448979592,1
0.3055555555555556,0.0,-0.161785906874883,-0.3265306122448979,0
0.9444444444444444,0.0,-0.3307911563053693,-0.0612244897959183,0
0.0,-1.0,0.4694443527353164,1.0,1
-0.8333333333333334,0.0,0.3888100190388149,0.1224489795918367,0
0.1944444444444444,-1.0,-0.2347606942014152,0.2448979591836734,1
0.75,-1.0,0.1509348828507599,0.7755102040816326,1
-0.6666666666666666,-1.0,0.1338219595672796,-0.6530612244897959,1
0.9722222222222222,-1.0,-0.2854171481395886,-0.3469387755102041,1
-0.7777777777777778,0.0,0.6693519099342996,0.9183673469387756,0
0.3055555555555556,-1.0,0.99221939758108,0.5306122448979592,1
-0.1388888888888889,-1.0,0.614898698097219,0.7959183673469388,1
0.0833333333333333,-1.0,0.6673159672928566,0.0204081632653061,1
0.4444444444444444,0.0,-0.0431069585217955,0.3673469387755102,0
-0.9722222222222222,0.0,-0.8766879065007098,1.0,0
-0.6666666666666666,-1.0,-0.7180274467078257,-0.6530612244897959,1
0.6388888888888888,0.0,-0.2233924306954119,-0.2653061224489796,0
-0.0833333333333333,-1.0,0.0629491454543453,0.5714285714285714,1
-0.4444444444444444,-1.0,-0.8339000957443297,-0.2244897959183673,1
0.0555555555555555,-1.0,0.2277944688390724,-0.9183673469387756,1
-0.9722222222222222,-1.0,0.0953811614777642,0.7755102040816326,1
-0.8888888888888888,0.0,0.7593956001628754,0.5918367346938775,0
-0.5555555555555556,0.0,-0.6979101323912972,-0.1632653061224489,0
1.0,-1.0,0.9725532921742768,0.1836734693877551,1
0.3888888888888889,0.0,-0.2478347474880869,0.5102040816326531,0
-0.1944444444444444,-1.0,0.4942278274841251,0.7959183673469388,1
0.3611111111111111,0.0,-0.4363410258949893,-0.6530612244897959,0
-0.3888888888888889,-1.0,-0.0788515082483189,0.8367346938775511,1
-0.75,-1.0,-0.5054750349411777,-0.5510204081632653,1
0.5,-1.0,-0.2326587209878173,0.7551020408163265,1
0.75,-1.0,0.8692374569425644,-0.7959183673469388,1
0.1666666666666666,-1.0,0.1289687125138939,1.0,1
-1.0,-1.0,0.398417467287354,-0.3673469387755102,1
-0.5277777777777778,-1.0,0.0501612246470115,0.5918367346938775,1
0.8888888888888888,0.0,-0.7355255483288763,-0.8571428571428571,0
0.0,-1.0,0.7299569700771458,-0.1836734693877551,1
-0.3888888888888889,0.0,-0.0024541362650907,0.1836734693877551,0
0.8055555555555556,-1.0,0.77100597576678,0.2857142857142857,1
0.8888888888888888,0.0,0.8642851640309464,-0.3877551020408163,0
0.1111111111111111,-1.0,0.0183124786776277,0.3877551020408163,1
0.6944444444444444,0.0,-0.8753342797715342,-0.5714285714285714,0
-0.1111111111111111,-1.0,-0.1900249815664652,0.8979591836734694,1
-0.1944444444444444,-1.0,0.0381326554194592,0.6326530612244898,1
0.3611111111111111,-1.0,-0.1110304070784773,0.8163265306122449,1
0.1944444444444444,-1.0,0.7642598523116203,-0.6530612244897959,1
-0.5,-1.0,-0.1493061287376055,0.1020408163265306,1
0.0555555555555555,-1.0,0.7256759879824358,-0.8979591836734694,1
-0.9444444444444444,-1.0,0.1104691472151606,0.0,1
0.25,0.0,-0.2813342577613435,-0.8571428571428571,0
-0.8333333333333334,0.0,0.1950763203363157,-0.8775510204081632,0
0.9166666666666666,0.0,-0.2285538204188539,0.6530612244897959,0
-0.6944444444444444,-1.0,0.2554942938580563,0.3877551020408163,1
-1.0,-1.0,0.2309199159210714,-0.673469387755102,1
-0.8888888888888888,0.0,-0.6489594682337922,-0.1020408163265306,0
0.9722222222222222,-1.0,-0.2167453530984846,0.8163265306122449,1
-0.9444444444444444,0.0,-0.3245402621413714,-0.4081632653061224,0
-0.1666666666666666,-1.0,-0.5448402610408619,-0.2244897959183673,1
0.8888888888888888,0.0,0.9450185435856802,0.7346938775510204,0
-0.5555555555555556,0.0,0.4032707143407397,-0.7346938775510204,0
-0.8333333333333334,0.0,0.7991239944094115,-0.1632653061224489,0
0.2222222222222222,-1.0,0.3474308604884061,0.673469387755102,1
-0.1388888888888889,0.0,-0.8654076837575797,0.0408163265306122,0
0.5833333333333334,0.0,-0.1120538809468784,-0.5918367346938775,0
-0.3888888888888889,-1.0,-0.2458208150373623,-0.6938775510204082,1
0.8888888888888888,-1.0,-0.9246591171712504,-0.0816326530612244,1
-0.4722222222222222,0.0,-0.633882487591755,0.7551020408163265,0
0.8611111111111112,0.0,-0.7031595628776124,0.8163265306122449,0
-0.0833333333333333,-1.0,-0.0335105153686156,-1.0,1
0.8055555555555556,0.0,-0.4031056379103525,-0.673469387755102,0
0.2222222222222222,-1.0,0.6753386818096779,-0.2244897959183673,1
0.0277777777777777,-1.0,-0.2938030308032619,0.5714285714285714,1
-0.0833333333333333,-1.0,0.2619212695478006,0.0204081632653061,1
0.75,-1.0,-0.0365039013063048,-0.4693877551020408,1
-0.1111111111111111,-1.0,-0.6139962802777686,-0.8775510204081632,1
0.3333333333333333,0.0,0.8015121001023474,-0.979591836734694,0
-0.4166666666666667,-1.0,-0.2793753507874146,-0.0408163265306122,1
-0.5277777777777778,0.0,0.3402665434095986,0.1428571428571428,0
0.6111111111111112,-1.0,0.962164482155238,-0.1020408163265306,1
0.75,-1.0,0.750998712403843,0.1632653061224489,1
1.0,0.0,-0.072380512177138,-0.6938775510204082,0
0.75,-1.0,-0.8147072094379698,-0.3265306122448979,1
0.0277777777777777,0.0,0.264496461861842,0.5510204081632653,0
0.25,0.0,0.41856779688996,0.9183673469387756,0
-0.6111111111111112,0.0,0.9049379862876512,0.7346938775510204,0
-0.5555555555555556,-1.0,0.4307724476432588,0.0,1
0.1388888888888889,-1.0,0.168983239239768,-0.2448979591836734,1
-0.4722222222222222,-1.0,-0.3369650148018532,0.5918367346938775,1
0.75,-1.0,0.781691923360516,0.7142857142857143,1
-0.6944444444444444,0.0,0.5639451065843486,-0.0816326530612244,0
-0.6666666666666666,0.0,-0.5528959908437606,-0.4897959183673469,0
0.0,0.0,0.0652161950983305,0.4693877551020408,0
-0.3611111111111111,-1.0,0.8993914182266389,0.4285714285714285,1
-0.8333333333333334,0.0,-0.7342159419811373,0.4285714285714285,0
0.5,-1.0,0.8840062949145454,-0.7755102040816326,1
0.3888888888888889,-1.0,-0.0316396491575599,1.0,1
-0.6111111111111112,0.0,0.3531314998844465,0.0204081632653061,0
-0.1666666666666666,-1.0,0.7239701982017674,-0.4285714285714285,1
0.1111111111111111,0.0,0.2068737825613258,0.0204081632653061,0
0.2777777777777778,-1.0,0.9374140226925066,-0.4489795918367347,1
0.1111111111111111,-1.0,0.5323824930943026,0.5918367346938775,1
0.8333333333333334,0.0,0.4148040542771303,0.4693877551020408,0
-1.0,0.0,0.3988356609110018,-0.9591836734693876,0
0.3611111111111111,-1.0,0.7401256781890015,0.6122448979591837,1
0.4722222222222222,-1.0,-0.6538347254778962,-0.5306122448979592,1
0.8333333333333334,-1.0,-0.1904982006669087,-0.0612244897959183,1
0.1666666666666666,-1.0,0.1769619333751527,-0.2040816326530612,1
-0.3888888888888889,0.0,0.0495339342115399,0.7959183673469388,0
-0.8611111111111112,0.0,0.0988037461344602,-1.020408163265306,0
-0.1388888888888889,-1.0,-0.8155876170667019,0.2244897959183673,1
-0.3055555555555556,-1.0,-0.5944512309199159,-0.4489795918367347,1
-0.5,0.0,0.4023352812352119,-0.3061224489795918,0
0.2777777777777778,0.0,-0.8407452650577217,0.3877551020408163,0
0.0277777777777777,-1.0,0.9347397845202328,-0.7346938775510204,1
0.0833333333333333,-1.0,-0.647627851695335,0.8571428571428571,1
0.5277777777777778,0.0,-0.357610573695621,0.0204081632653061,0
0.8888888888888888,0.0,0.2264628523006152,-0.7142857142857143,0
-0.7222222222222222,0.0,-0.1855128924692132,0.7755102040816326,0
-0.5833333333333334,0.0,-0.759868819263319,0.6530612244897959,0
-0.7222222222222222,0.0,-0.2330218891346693,0.673469387755102,0
0.6111111111111112,-1.0,0.1563163744813848,-0.6938775510204082,1
0.4166666666666667,0.0,-0.4875367295057611,-0.8367346938775511,0
0.6944444444444444,-1.0,0.7797110061958686,-0.0612244897959183,1
0.6666666666666666,0.0,0.9919772854831788,0.4081632653061224,0
0.9444444444444444,0.0,0.6351370684626982,0.3061224489795918,0
-0.2222222222222222,0.0,-0.3315615129805099,-1.0,0
0.0833333333333333,-1.0,-0.938822674898478,0.6530612244897959,1
0.1666666666666666,0.0,-0.3020128319411888,-0.4081632653061224,0
0.3055555555555556,-1.0,0.6157350853445145,0.0,1
0.1111111111111111,0.0,0.3147567323670859,0.0612244897959183,0
0.1944444444444444,-1.0,0.0404547305402401,-0.673469387755102,1
-0.9722222222222222,-1.0,0.8095678299052461,-0.8367346938775511,1
0.5833333333333334,0.0,-0.7123818327885811,0.5306122448979592,0
-0.3333333333333333,-1.0,-0.0923767704447159,0.9387755102040816,1
-0.0555555555555555,-1.0,0.7022021195813661,0.0204081632653061,1
0.6944444444444444,-1.0,-0.885580023550904,-0.5102040816326531,1
0.3611111111111111,0.0,0.4099398021283854,-0.0204081632653061,0
-0.6666666666666666,-1.0,0.4068473703324639,0.6938775510204082,1
-0.6111111111111112,-1.0,-0.6495427382878273,-0.5102040816326531,1
0.5555555555555556,-1.0,-0.195318432434217,0.7755102040816326,1
0.9722222222222222,0.0,-0.4426139302497056,0.979591836734694,0
0.75,-1.0,-0.4931823434250058,-0.4897959183673469,1
0.5833333333333334,-1.0,0.0425126833724014,0.3265306122448979,1
-0.75,0.0,0.8119339254074637,0.5714285714285714,0
0.0833333333333333,-1.0,0.4710070762763159,-0.979591836734694,1
0.75,-1.0,0.770642807619928,-0.7142857142857143,1
-0.8888888888888888,0.0,-0.5276282918991493,0.8163265306122449,0
0.1388888888888889,0.0,-0.4685639451065843,-0.5918367346938775,0
-0.6388888888888888,-1.0,-0.5917329723662056,-0.5102040816326531,1
-0.1111111111111111,0.0,-0.8229280156712558,0.3061224489795918,0
-0.9722222222222222,-1.0,-0.1831467969669957,0.3673469387755102,1
0.0833333333333333,0.0,0.3412900172779997,0.3673469387755102,0
0.4722222222222222,-1.0,-0.7855657169269372,-1.020408163265306,1
0.8333333333333334,0.0,-0.011566355222468,0.4081632653061224,0
-0.9166666666666666,0.0,-0.1504286484642389,-0.8367346938775511,0
0.6111111111111112,0.0,-0.4442096690767825,0.7551020408163265,0
-0.6666666666666666,-1.0,-0.6517877777410941,0.1428571428571428,1
-0.1666666666666666,0.0,-0.7831886163293605,0.0816326530612244,0
-0.5555555555555556,-1.0,0.2798925902692947,0.7755102040816326,1
0.2222222222222222,0.0,-0.7300119955539415,0.2040816326530612,0
-0.8611111111111112,0.0,0.9273113451528058,0.2040816326530612,0
0.6666666666666666,0.0,0.4025883984284724,-0.1428571428571428,0
0.5833333333333334,0.0,0.5667073855194955,-0.1836734693877551,0
-0.5555555555555556,-1.0,-0.8710532976768244,0.0612244897959183,1
-0.2222222222222222,-1.0,0.2074790628060792,-0.5918367346938775,1
-0.0555555555555555,0.0,-0.6782990524612896,-0.3673469387755102,0
0.1944444444444444,0.0,0.7710940165296533,-0.0408163265306122,0
-0.9166666666666666,0.0,0.1154214401267787,-0.1836734693877551,0
0.5833333333333334,0.0,-0.6454818581003005,-0.0408163265306122,0
-0.8611111111111112,-1.0,-0.8481406891390714,-0.4285714285714285,1
-0.1944444444444444,0.0,-0.1418556791794601,0.5714285714285714,0
0.8611111111111112,-1.0,-0.3706626167915745,-0.1428571428571428,1
-0.9166666666666666,-1.0,-0.2391517272497166,0.0612244897959183,1
-0.5277777777777778,-1.0,0.7240252236785631,0.7959183673469388,1
-0.8888888888888888,0.0,-0.6473197090252787,0.4489795918367347,0
0.6388888888888888,0.0,-0.3927828584634686,-0.5102040816326531,0
-0.3611111111111111,0.0,-0.619113649619774,-0.2244897959183673,0
0.8055555555555556,-1.0,-0.5558233462092949,-0.8571428571428571,1
0.5555555555555556,0.0,0.6037615415937579,-0.7142857142857143,0
-0.9166666666666666,-1.0,0.0834626432038033,-0.0204081632653061,1
0.4166666666666667,-1.0,0.0885249870690129,-0.1836734693877551,1
0.3333333333333333,-1.0,-0.5110656233836266,0.7959183673469388,1
0.9722222222222222,-1.0,0.4138025905994475,-0.5306122448979592,1
0.6666666666666666,-1.0,-0.2324606292713526,0.9591836734693876,1
0.3888888888888889,-1.0,0.6970517349532833,-0.6122448979591837,1
0.25,-1.0,-0.7964937766185743,0.6938775510204082,1
-0.7777777777777778,-1.0,-0.1937116885117809,-0.8367346938775511,1
0.7222222222222222,-1.0,-0.7765415387324331,-0.5918367346938775,1
-0.8055555555555556,-1.0,-0.981302342984802,0.5918367346938775,1
0.8888888888888888,-1.0,-0.5894219023407837,0.2653061224489796,1
-0.8333333333333334,0.0,-0.6217988928874069,0.4693877551020408,0
-0.1388888888888889,0.0,-0.2783078565375769,-0.2857142857142857,0
0.7222222222222222,-1.0,-0.5962670716541759,-1.020408163265306,1
0.4166666666666667,0.0,-0.5433545731673765,0.0816326530612244,0
-0.6666666666666666,-1.0,0.4742095590258289,-0.3673469387755102,1
-0.75,-1.0,-0.4465647594836409,-0.7551020408163265,1
0.5,0.0,0.8808258223557507,0.5102040816326531,0
0.3888888888888889,-1.0,-0.0205685232262537,0.7346938775510204,1
-0.1944444444444444,-1.0,-0.2601714593856956,0.1020408163265306,1
0.3888888888888889,0.0,0.2509491894747268,-0.673469387755102,0
0.4166666666666667,0.0,0.4885161829927256,0.2448979591836734,0
-0.4444444444444444,0.0,0.8511230699814014,0.8571428571428571,0
-0.2222222222222222,-1.0,0.8758955396348509,-0.0612244897959183,1
0.8888888888888888,-1.0,-0.3590192259015924,0.0612244897959183,1
0.1111111111111111,0.0,0.3212607437243444,-0.8571428571428571,0
0.6666666666666666,-1.0,-0.1685870558068385,1.0,1
-0.6666666666666666,-1.0,-0.4810877436252985,0.5510204081632653,1
-0.8611111111111112,0.0,0.0919585768210681,-0.8979591836734694,0
-0.0277777777777777,-1.0,0.6240109170545963,-0.6938775510204082,1
-0.3333333333333333,0.0,0.7424587584051415,0.8979591836734694,0
0.8333333333333334,0.0,-0.3295916009112219,0.979591836734694,0
-0.8611111111111112,0.0,-0.7009475387104229,-0.7142857142857143,0
0.6944444444444444,-1.0,0.4471590346330351,0.3061224489795918,1
-0.6111111111111112,0.0,0.072457547844652,-0.7346938775510204,0
-0.5833333333333334,-1.0,0.646901515401631,-0.3673469387755102,1
0.3055555555555556,-1.0,-0.0750987707308483,0.0204081632653061,1
0.1944444444444444,0.0,-0.6475067956463842,0.7755102040816326,0
-0.4722222222222222,0.0,0.1175014031496582,-0.4897959183673469,0
-0.5833333333333334,-1.0,0.0912872660041599,-0.6122448979591837,1
-0.5833333333333334,0.0,-0.4011137156503461,-0.5714285714285714,0
-0.4444444444444444,0.0,-0.6852212574421958,-0.0612244897959183,0
-0.6388888888888888,0.0,-0.2205421109973918,0.0816326530612244,0
0.6388888888888888,0.0,-0.7436913290853665,-0.0816326530612244,0
-0.8611111111111112,0.0,0.4357467507455952,0.7959183673469388,0
0.0555555555555555,-1.0,0.8179537125689194,-0.1020408163265306,1
-0.3888888888888889,0.0,-0.742931977505585,-0.1224489795918367,0
0.6111111111111112,-1.0,0.1529488153014845,0.5714285714285714,1
0.3888888888888889,0.0,-0.1633596355112417,0.4285714285714285,0
0.4722222222222222,-1.0,0.5515973895913808,0.4081632653061224,1
-0.6111111111111112,-1.0,-0.720668669594022,0.2244897959183673,1
0.1666666666666666,-1.0,0.3759120472778897,-0.673469387755102,1
0.7222222222222222,0.0,0.7878217614755632,0.7755102040816326,0
-0.8055555555555556,-1.0,0.5940330372962682,-0.6938775510204082,1
-0.8055555555555556,-1.0,-0.1152343535056731,-0.4285714285714285,1
-0.0833333333333333,-1.0,-0.6625727711930623,-0.7142857142857143,1
-0.7777777777777778,-1.0,-0.7197552466792124,-0.4081632653061224,1
0.9722222222222222,0.0,-0.0565882003367559,0.1224489795918367,0
0.7777777777777778,-1.0,-0.0021459935950345,-0.0408163265306122,1
-0.3333333333333333,-1.0,-0.7062409895781747,-0.8571428571428571,1
0.5555555555555556,0.0,0.6013184104240263,0.9183673469387756,0
0.3333333333333333,0.0,-0.1023804021261844,0.3061224489795918,0
0.9722222222222222,-1.0,0.6614392463710698,-0.1836734693877551,1
-0.5,0.0,-0.1261514081019512,-0.9591836734693876,0
-1.0,0.0,-0.4428780525383252,-0.7755102040816326,0
0.2777777777777778,0.0,0.8048026236147336,-0.6938775510204082,0
-1.0,0.0,0.2145333289312952,0.6530612244897959,0
-0.6666666666666666,-1.0,-0.3705745760287013,-0.2448979591836734,1
-0.1111111111111111,-1.0,0.5122981940638516,-1.0,1
-0.0277777777777777,0.0,0.4939747102908646,0.3469387755102041,0
0.5,0.0,-0.261734182926695,-0.5714285714285714,0
0.3055555555555556,-1.0,-0.7218021944160146,0.3265306122448979,1
0.8888888888888888,-1.0,0.5560434481164779,0.0408163265306122,1
0.5833333333333334,-1.0,0.3288872748082362,-0.6326530612244898,1
0.8333333333333334,-1.0,-0.6521839611740236,0.2857142857142857,1
-0.3333333333333333,0.0,-0.8420328612147424,0.0816326530612244,0
-0.6666666666666666,-1.0,-0.2058393035975656,0.3061224489795918,1
-0.8611111111111112,0.0,-0.55277493479481,-0.7755102040816326,0
0.6111111111111112,-1.0,-0.0888331297390691,0.5714285714285714,1
-0.5,0.0,0.0165516634201635,0.3265306122448979,0
0.1111111111111111,-1.0,0.8909725202768882,-0.2857142857142857,1
-0.6666666666666666,0.0,0.3648189111558652,0.8571428571428571,0
0.3055555555555556,0.0,0.5921951863712899,-0.2244897959183673,0
-0.7222222222222222,0.0,0.5492422991845224,-0.9387755102040816,0
0.1388888888888889,0.0,0.7985187141646582,0.4081632653061224,0
0.8611111111111112,-1.0,0.5604344811647793,-0.0816326530612244,1
-0.6944444444444444,-1.0,0.1862722440489946,-0.7346938775510204,1
-0.5,0.0,0.1553369209944204,-0.7142857142857143,0
0.8055555555555556,0.0,0.3634212640452529,-0.5510204081632653,0
0.0555555555555555,-1.0,-0.1285285086995279,0.6122448979591837,1
0.1388888888888889,0.0,-0.4268216184093235,0.3673469387755102,0
-0.3333333333333333,-1.0,-0.963121925451484,0.3877551020408163,1
1.0,0.0,-0.5827197992670606,0.5714285714285714,0
0.0277777777777777,0.0,0.5352658280784003,-1.0,0
-0.5,-1.0,-0.6988015451153884,-0.2448979591836734,1
-0.3333333333333333,0.0,0.2455346825580243,0.3061224489795918,0
0.5555555555555556,0.0,0.4457833977131412,0.979591836734694,0
-0.7777777777777778,0.0,0.3794226726974589,-0.3061224489795918,0
0.75,0.0,-0.3084728229170105,-0.8979591836734694,0
0.5833333333333334,-1.0,-0.0385178337570295,0.1020408163265306,1
-0.5555555555555556,-1.0,-0.8052758427151772,0.5102040816326531,1
0.3611111111111111,0.0,0.0274577129210824,-0.4897959183673469,0
-0.5555555555555556,-1.0,0.5798694795690404,-0.6326530612244898,1
0.9444444444444444,0.0,-0.8883973279628468,0.8775510204081632,0
-0.1666666666666666,0.0,-0.8141789648607305,-0.5714285714285714,0
-0.3333333333333333,0.0,0.2639792223799619,0.1224489795918367,0
0.3055555555555556,0.0,0.3460662286638714,-0.2857142857142857,0
-0.25,0.0,0.6868059911739135,-0.0408163265306122,0
0.4444444444444444,0.0,0.3352262097351073,0.7959183673469388,0
0.6111111111111112,0.0,-0.095370156382405,0.4693877551020408,0
-0.0277777777777777,-1.0,-0.4527166077894065,-0.979591836734694,1
-0.5277777777777778,-1.0,0.9170215809919992,-0.3469387755102041,1
-0.1111111111111111,-1.0,0.8972674348223227,-0.8979591836734694,1
0.6111111111111112,-1.0,-0.6630349851981467,0.6122448979591837,1
0.4166666666666667,-1.0,-0.2777135813881827,0.9387755102040816,1
0.0833333333333333,0.0,0.7991129893140524,0.7142857142857143,0
-0.3611111111111111,0.0,0.0523182233374052,0.2040816326530612,0
0.9444444444444444,-1.0,-0.9328028877370222,0.4693877551020408,1
-0.5833333333333334,0.0,-0.8548537973081537,0.9183673469387756,0
0.1388888888888889,0.0,-0.5614139346517437,0.5102040816326531,0
-0.3888888888888889,-1.0,-0.0813826801809237,-0.0408163265306122,1
-0.1111111111111111,0.0,0.5790330923217449,-0.1632653061224489,0
-0.3611111111111111,0.0,-0.1472481759054442,0.2857142857142857,0
-0.75,-1.0,-0.3181022813562679,-0.673469387755102,1
-0.7777777777777778,-1.0,0.7700155171844564,0.0816326530612244,1
0.6944444444444444,-1.0,0.1879120032575082,-0.5714285714285714,1
0.75,0.0,-0.4249727623889861,-0.3265306122448979,0
-0.8333333333333334,-1.0,0.6345427933133041,0.4693877551020408,1
0.0277777777777777,0.0,0.4562932637811306,0.8163265306122449,0
-0.5277777777777778,-1.0,-0.6047409950807223,-0.8979591836734694,1
0.5,-1.0,0.7042160520320908,-1.0,1
0.4166666666666667,-1.0,-0.8454114254900019,-0.2448979591836734,1
-0.6111111111111112,0.0,-0.547679575643523,-0.5102040816326531,0
0.4722222222222222,-1.0,-0.4778082252082714,0.1836734693877551,1
0.0277777777777777,0.0,-0.4159595892898411,0.6938775510204082,0
-0.25,-1.0,-0.4495361352306117,0.5714285714285714,1
-0.3888888888888889,-1.0,-0.8960568743328161,0.7551020408163265,1
-0.5277777777777778,-1.0,-0.0449338043514147,-0.0408163265306122,1
0.4444444444444444,-1.0,-0.0027952942212244,-0.9183673469387756,1
-0.6944444444444444,-1.0,-0.1261954284833878,-0.4285714285714285,1
-0.8888888888888888,0.0,-0.3943015616230315,0.4693877551020408,0
-1.0,-1.0,0.0346330350952491,-0.0612244897959183,1
-0.7777777777777778,-1.0,-0.1637338087534528,-0.9387755102040816,1
-0.9722222222222222,0.0,-0.3427536949607668,-1.0,0
