Age,Annual Income,Spending Score
30,151479,89
58,185088,95
62,70912,76
23,55460,57
24,153752,76
42,158335,40
27,163501,37
24,70476,17
83,47743,34
62,63448,3
37,170566,75
63,89355,80
25,87576,17
32,159892,96
51,135079,87
64,32869,81
19,198682,82
89,38708,97
65,87270,3
26,45518,12
21,199879,49
70,163828,36
24,109188,6
39,48212,36
61,141596,45
19,192492,57
79,109550,7
61,38132,15
73,170959,55
58,80731,23
90,123085,25
39,135748,95
35,71372,52
79,164259,96
57,105742,7
76,189412,87
40,64309,62
82,84966,66
84,35701,5
56,43376,52
21,118137,43
55,77165,86
24,119922,80
45,82425,39
28,149778,15
67,129484,80
69,73479,77
26,81259,29
45,147126,1
39,44774,12
27,198647,25
58,85181,16
46,87741,3
45,137494,68
63,56531,2
36,63564,23
25,198265,29
62,22655,39
36,125614,35
48,170509,54
50,101081,32
48,45667,95
49,189732,2
80,30718,49
33,134933,90
21,55978,34
38,36650,91
83,173558,53
54,29187,61
81,188612,45
44,101492,55
23,169008,31
39,145660,81
75,118063,35
19,95891,93
24,154402,79
44,112848,14
55,127451,31
60,98827,27
33,67969,27
52,60785,9
72,66416,53
72,152544,59
72,35507,72
68,167873,24
65,23002,32
81,111464,34
64,120469,20
76,85934,48
30,99419,4
68,194339,35
70,187033,14
57,164879,9
90,34276,98
65,97470,67
36,142836,40
72,62084,59
61,166752,93
46,43269,54
68,114111,42
31,75683,65
51,196283,31
37,132793,22
25,141598,63
30,195148,27
21,175112,33
65,81473,10
21,172147,80
22,106474,74
70,198254,13
71,148746,13
27,40263,77
21,115816,55
53,149880,32
51,88029,84
49,193839,43
56,54564,18
55,134714,96
84,187596,44
38,129717,71
46,48265,62
27,179234,97
53,156298,35
65,156022,49
22,158363,83
23,114512,25
18,96397,64
44,171517,76
38,181538,68
54,47403,42
88,167725,51
24,185297,95
70,160196,34
42,117940,82
74,190938,65
22,138220,20
78,94764,75
44,83991,1
70,82642,56
58,123333,91
38,70435,24
88,189093,50
33,177848,29
59,96744,97
72,83218,32
27,39027,29
35,139195,33
37,144020,45
44,186527,6
29,48177,53
58,139447,35
39,119071,3
33,181795,1
65,150797,44
52,76398,31
45,58209,64
82,122425,46
59,46020,78
34,61463,72
52,29917,3
59,194285,47
45,96402,43
29,146297,82
83,148435,71
26,111030,96
79,27136,48
49,197608,33
19,55184,32
48,92981,70
22,40540,40
54,88161,40
83,165910,52
60,167341,34
78,90847,77
33,35619,73
27,41176,50
33,120389,51
55,74456,13
46,181085,64
87,46613,76
79,83333,73
19,165788,44
22,99687,51
31,83755,8
84,155012,80
27,56250,100
20,111933,39
36,191350,99
77,94946,92
67,63064,26
26,82707,4
34,135368,27
40,44192,70
41,32923,95
57,100359,18
35,28555,18
85,142048,11
63,111526,91
35,33041,15
77,157332,57
25,71927,39
28,194371,19
31,85563,28
85,130091,37
90,42161,94
28,159617,71
70,46295,54
46,74147,48
71,190491,75
81,124912,24
35,84210,53
37,134784,6
71,185966,6
50,140875,83
65,177020,100
83,151188,88
39,33191,2
32,163264,64
26,40345,23
24,184070,21
65,44776,36
36,119502,52
41,113729,54
83,194008,55
61,60084,36
84,144269,1
33,109638,49
89,88161,50
35,182663,68
89,91139,59
40,180570,23
69,57994,35
88,172761,69
34,38774,84
88,80079,9
61,23888,59
60,189867,98
78,23342,91
35,76836,29
53,170065,28
33,99420,64
86,174987,71
90,117976,85
84,74475,54
54,103099,49
20,188784,21
86,28187,37
73,145465,54
35,120472,94
88,37300,4
54,113062,65
19,150107,61
84,22452,48
60,42834,32
39,81494,66
85,59981,38
60,91707,89
85,31207,51
82,160112,44
44,199826,4
48,124952,1
21,42522,48
87,54581,94
41,68045,37
52,141101,30
76,74629,27
72,70373,4
67,22820,19
32,83620,77
71,96598,33
38,55259,53
57,26527,59
80,152277,50
60,150622,51
53,177668,26
84,138972,90
26,52463,75
34,139068,63
67,193657,23
31,154450,38
81,116964,89
67,122895,41
32,176367,2
32,118656,21
81,68370,93
77,105926,7
27,124703,17
59,147027,49
37,110855,1
47,70702,66
28,82523,10
63,42330,88
18,178560,90
55,129907,39
46,134580,1
72,107376,38
78,125187,95
62,186372,61
60,127462,31
76,74630,37
32,95027,5
77,126515,52
56,166446,89
64,158708,2
67,120643,87
52,57458,35
58,29260,83
50,190730,46
54,184263,13
23,142365,37
59,193543,47
22,129465,92
77,65179,75
53,30343,26
46,38876,73
57,135290,39
76,189305,39
34,151112,35
89,66323,86
34,174069,15
64,76655,16
24,143372,25
55,111764,18
84,142286,39
72,148326,95
53,101061,61
85,161924,26
85,173245,84
45,196725,19
43,20953,32
86,109022,29
19,129516,21
45,164003,51
36,27840,36
51,145171,71
38,26427,39
27,56203,32
19,82173,10
81,54017,17
72,54956,2
78,186007,97
53,160578,6
83,178348,29
77,169719,55
54,165825,98
42,193045,89
70,78287,3
29,118684,34
88,116405,39
37,121849,4
22,143719,41
21,101576,83
36,26334,57
50,157555,17
53,74738,55
70,129521,31
38,137145,59
58,38318,60
48,91467,69
51,45879,15
27,52391,41
33,119850,56
76,170078,6
79,117332,26
52,174466,55
85,101361,96
18,98304,58
41,144752,78
82,24320,23
54,106714,20
22,194907,76
75,85799,96
71,63982,75
41,87073,25
90,140436,10
21,90740,56
69,174694,43
75,71474,91
70,56374,7
40,88459,95
23,133914,44
41,182523,79
34,183346,22
78,136769,33
40,20733,51
20,41393,30
73,36205,21
47,65662,57
56,97772,74
71,197836,15
57,54469,10
60,124047,98
73,81323,70
82,39391,26
48,101082,26
77,109549,74
59,194924,40
60,178052,54
23,106726,22
45,198713,19
63,92958,25
18,159187,56
71,93430,16
24,42163,74
71,122521,66
87,135385,78
44,183922,2
70,20908,68
58,173955,56
88,94293,83
26,21649,59
69,180330,53
73,37561,86
88,81898,73
64,101560,75
85,44607,13
64,173348,84
63,127435,77
64,170870,72
21,129790,7
79,80187,83
83,159614,8
76,89407,16
67,153531,59
85,198777,89
59,78594,19
55,85115,91
39,193628,85
77,102407,100
34,89281,56
86,82548,60
40,103640,52
68,91405,1
79,123445,66
29,137270,66
83,171348,63
41,141119,40
82,127526,14
75,185054,47
78,107494,94
53,57688,10
78,149736,44
75,50256,78
66,134911,59
86,74521,6
29,148755,82
19,161632,9
68,38528,98
84,22909,75
67,187832,10
46,95914,81
55,153041,38
84,76245,50
67,129619,38
69,198222,25
65,119444,93
78,38448,48
40,97741,52
72,164386,46
54,91225,28
19,122126,46
62,54526,76
55,158515,50
26,154839,83
51,154021,71
51,191537,41
34,66604,91
79,69881,29
53,85717,13
49,190332,53
48,26077,52
23,174708,85
80,156773,67
19,169276,95
79,95639,76
75,124498,27
44,120679,77
52,152295,91
69,165227,27
66,159783,32
38,175705,31
64,137245,60
45,194383,4
73,59263,35
63,95665,99
73,48069,82
83,113215,70
74,53856,23
39,172160,6
86,72309,54
41,49545,43
57,120031,39
69,167306,54
66,89511,46
40,55208,16
60,108863,80
46,181242,98
88,169138,100
57,164003,55
51,37102,43
70,55667,22
64,176766,68
81,196637,74
20,184387,40
58,104660,47
77,139804,22
41,174504,52
86,52216,62
40,80082,79
43,127348,7
56,48666,47
74,40689,75
82,135260,63
25,135621,44
52,22771,1
36,185752,31
58,124853,30
83,25680,74
49,123489,79
79,123362,7
36,133984,93
56,50427,52
74,109479,75
29,79914,38
48,70861,79
61,173781,57
42,124496,64
20,190420,69
34,100159,59
33,54510,96
38,156178,41
51,59939,59
22,145127,53
67,64896,99
84,88812,51
26,154753,57
69,159919,40
19,45336,53
56,160231,12
41,144324,21
22,131870,14
69,20104,39
57,77952,5
24,199076,65
31,92650,2
25,170959,70
55,83562,34
54,172382,23
39,60008,27
31,144867,81
72,196122,11
87,27167,33
71,168707,99
69,93861,12
37,55490,27
47,114120,15
52,187849,59
49,99984,63
74,184858,29
34,160824,50
72,73969,65
36,138816,65
28,145481,88
90,114829,2
47,87398,24
86,61327,7
73,124554,15
55,83935,85
67,60892,59
78,20413,44
64,108810,63
43,132743,36
83,104181,1
34,125144,85
77,32247,63
59,111425,52
72,38618,31
57,63778,57
71,193546,63
31,30505,48
81,72824,24
82,117130,58
41,114443,14
58,126819,34
72,160849,97
80,95597,47
23,73735,98
83,163569,18
35,195678,71
67,122477,19
29,98005,38
66,140084,44
33,183148,84
87,140111,44
72,38611,87
61,195305,66
63,170688,73
69,78140,41
31,153008,58
27,131134,99
22,76090,13
38,184355,71
83,31241,58
50,91230,27
38,65547,61
75,129187,21
70,91037,11
85,153007,31
87,152894,70
57,31879,43
36,96992,80
54,174665,37
43,56543,81
87,24933,70
39,47123,26
74,134385,26
45,71723,21
26,158873,77
44,163155,79
21,144965,36
31,144207,81
82,109643,16
22,100009,28
53,71711,100
69,192592,71
30,196354,9
64,183627,18
82,194775,74
57,167315,32
22,140054,51
56,97860,53
90,199124,11
34,57864,62
41,95094,78
21,146016,85
21,63732,88
47,40378,10
87,142648,72
86,183401,24
71,74309,26
20,150191,99
33,139770,8
64,195668,83
84,196994,86
66,153493,46
21,65829,71
71,68902,7
48,34334,72
69,140446,31
42,50311,98
62,180947,48
50,75689,44
82,168093,92
84,90479,96
34,67592,9
54,38854,91
37,63136,78
90,133348,62
39,190374,50
87,131804,6
39,119018,38
80,48706,31
68,140546,51
66,112968,73
85,129072,61
37,196133,55
53,127298,8
57,103755,14
89,62184,22
63,88947,26
37,180052,88
58,166959,29
62,150808,36
81,102709,6
89,133661,2
19,144231,36
39,194799,46
42,191997,89
58,100317,11
72,96935,89
24,180003,17
90,38784,64
25,143162,45
84,95450,78
52,24667,41
66,67024,81
55,180936,58
30,97533,99
79,152325,95
75,87225,9
28,70856,59
88,39342,67
42,40136,53
48,71283,1
64,145973,16
44,34010,57
39,33550,11
32,45918,4
80,136836,85
34,46580,2
70,179860,41
83,180766,80
31,197347,72
18,132488,87
86,68477,32
82,100445,77
86,96699,35
34,51610,82
46,129463,22
54,113387,97
85,49379,15
49,88212,96
73,190422,63
60,173741,20
62,153858,17
21,33269,93
65,162596,64
83,74815,82
42,28411,7
90,163256,4
78,45558,72
61,159298,70
64,166158,55
18,154195,30
35,76966,71
18,33355,2
83,119458,21
58,30990,37
20,45574,88
78,160067,80
71,129333,61
54,112107,44
29,86306,9
48,162071,67
36,129514,72
54,185161,38
67,114207,5
19,120882,56
35,181792,42
27,59681,34
18,122518,85
63,114478,99
71,147895,83
29,30192,79
47,130569,49
89,175733,34
66,48675,54
46,187218,81
89,65850,49
34,30409,78
43,86441,81
64,81651,73
71,154377,32
42,89716,47
33,170368,3
24,149763,24
85,75489,14
26,58208,78
65,183468,82
86,197393,62
69,64739,84
23,94882,66
35,93920,74
45,194577,22
70,161459,45
62,151015,74
57,87265,99
52,197380,64
50,164703,73
35,87068,74
67,142820,12
20,57414,66
23,35821,26
68,129922,70
31,165920,39
40,96771,51
74,160882,5
34,55983,9
41,158601,18
66,180763,79
32,24024,19
85,103010,34
42,49970,13
90,153585,36
71,95374,36
84,33155,68
87,144187,83
76,98844,84
52,48968,100
23,84346,17
80,80553,8
84,71621,89
55,135073,12
79,93783,33
70,198305,85
53,146455,68
31,177879,20
64,171097,24
58,166019,39
48,55191,99
65,111980,58
62,74749,94
20,56688,4
33,98626,82
46,115058,75
41,199456,9
68,139769,60
49,64643,3
86,154730,87
70,134646,60
55,169165,82
64,49198,70
88,59948,53
39,111425,85
58,115529,38
49,195029,99
20,188328,13
31,40699,100
46,171943,78
88,121555,65
25,127328,83
87,178693,27
78,133038,19
50,56604,72
55,189945,97
85,133601,1
41,92549,8
31,152964,44
43,144656,17
83,132512,7
69,169335,10
45,72217,45
36,134815,100
80,190903,21
59,169200,89
34,178957,93
23,187873,53
19,105512,47
61,118870,78
86,99837,41
21,178843,16
80,101836,81
83,39314,21
32,62758,17
36,65511,37
67,110877,22
76,92593,65
47,184654,68
37,68561,48
69,132316,34
64,143666,85
24,130987,92
66,34176,7
42,171128,75
72,188096,3
51,156948,29
47,106157,82
20,71561,32
42,98960,51
46,68144,72
82,138788,41
27,166551,65
28,30736,4
73,117656,23
67,27210,71
44,161667,35
55,124649,58
59,188031,33
36,153529,63
51,177697,34
72,90187,43
49,81804,85
60,67828,12
77,56428,76
74,22367,98
65,179989,67
37,114596,67
40,179075,65
62,121950,41
57,40925,23
20,167993,19
32,121633,40
60,35782,58
87,105032,94
26,38428,31
44,173937,91
26,186992,42
80,74099,40
63,150185,13
71,115198,77
63,78296,34
28,80307,38
55,53038,29
87,55792,84
36,39689,49
19,153781,6
52,116662,29
38,76663,80
24,159414,79
72,120085,81
63,102167,19
37,175496,73
38,190821,38
71,84268,27
39,162820,89
80,33193,63
80,80537,75
51,183939,18
33,163858,37
87,75396,83
50,67687,79
83,71541,10
71,108614,31
19,59348,23
85,126069,72
62,31948,1
89,177512,62
90,84929,83
90,140063,79
57,38224,4
40,20442,23
47,162352,86
36,199934,38
79,108865,26
71,152722,11
26,141600,84
28,76394,96
90,140857,45
36,162031,9
55,190813,22
40,44095,17
67,48217,34
45,94535,7
83,125511,12
66,55422,98
59,63061,79
67,170005,51
41,79851,57
81,162193,50
80,80468,35
39,168654,91
75,96952,78
71,46751,27
90,48500,87
83,122787,97
44,56095,98
78,120169,34
66,45575,1
41,161614,7
64,189594,84
46,107928,5
44,39712,47
27,42401,53
53,137028,21
46,62957,15
59,135310,49
29,34703,26
69,161582,45
83,151968,78
32,36442,27
75,65116,50
36,141308,9
69,44115,31
28,136112,63
31,161192,11
35,131200,27
41,59087,74
66,121139,27
89,162578,75
47,76662,63
43,59106,57
49,93112,73
25,113464,1
24,51686,31
37,156602,7
75,111023,73
58,49579,81
74,78019,81
51,33185,58
68,45630,20
58,147733,51
76,102849,27
39,166452,34
86,119742,94
86,192901,27
82,48232,25
74,28100,51
33,64795,45
43,75609,71
30,28032,79
36,145469,65
63,117469,17
22,53048,82
44,100108,13
60,175868,7
41,188180,18
88,126918,84
73,178461,75
84,37244,35
76,124852,9
28,127447,34
54,171757,85
45,48710,79
56,85585,91
64,130835,65
18,88033,82
45,168639,37
69,112028,59
77,56662,78
32,146940,21
41,118767,25
79,101589,50
83,62279,1
53,79103,4
69,30459,11
61,136238,89
79,104565,48
78,135766,86
85,63312,7
65,188207,28
39,196640,78
33,138814,7
55,130471,76
59,25298,76
41,191769,68
79,99659,18
63,135239,66
46,133902,94
78,186037,60
69,157149,88
82,136991,41
31,123518,60
90,192338,59
48,45002,84
83,150867,71
57,74288,51
43,177446,14
65,129764,37
36,46072,2
36,108956,70
20,148279,90
21,82673,96
56,179815,2
38,100452,99
70,141868,82
49,135544,98
82,94305,88
21,120726,37
20,149016,1
41,159943,90
77,58786,78
30,76805,97
27,55536,32
60,130383,98
80,94248,45
44,157372,77
47,160934,77
37,142843,3
39,82780,77
69,81578,69
41,74248,74
61,31667,51
21,43644,41
77,129433,13
21,141651,59
45,98008,33
90,30106,81
81,109914,38
64,189253,31
66,118827,14
75,129898,64
77,96453,61
77,191839,22
30,32502,57
69,82627,95
29,191760,88
59,143480,51
72,45842,74
27,122499,24
80,24154,1
50,109977,78
25,199600,37
33,82063,53
20,61127,16
19,36886,59
79,189916,81
41,40081,87
78,98635,19
61,193151,39
31,169901,86
48,85718,29
48,31319,47
38,85370,61
43,92020,25
61,171183,29
28,123199,98
64,31629,29
70,153603,31
76,58100,28
52,25588,90
44,182368,32
83,185607,72
51,181837,45
87,48210,46
75,31056,95
46,98252,84
22,81428,81
24,154669,64
47,87630,17
59,71744,51
46,84357,64
44,27595,95
81,118427,39
58,57070,13
66,25968,74
66,37225,59
59,72876,59
28,88657,64
50,48916,28
81,95441,41
27,177593,46
63,79629,97
56,172023,59
30,187248,23
38,149779,77
61,61869,90
42,51495,76
23,191209,89
18,170359,50
23,42140,56
90,154016,94
41,161143,23
64,181359,82
46,31179,97
60,101192,54
74,198753,31
35,112265,99
79,167629,52
84,142021,10
89,140505,12
86,119131,28
72,47200,56
85,109068,2
81,121655,56
38,193906,66
33,167291,88
73,54654,27
37,186282,5
18,97203,48
48,98016,35
58,154233,32
32,110999,32
51,34274,3
86,115225,51
60,183866,34
62,24007,7
90,153258,81
45,48151,54
29,186921,16
51,188471,4
71,144391,38
70,125291,46
89,59951,13
77,197572,6
56,158605,6
78,82824,22
88,78240,18
64,49367,56
41,86738,71
28,20532,20
19,113294,97
50,173091,59
22,91559,49
26,57946,80
63,142120,28
77,155931,47
60,137514,99
65,118898,97
79,62097,55
40,40503,7
47,127556,87
45,90774,59
21,124870,19
55,193741,56
56,73071,89
39,56156,44
50,49112,74
36,130987,4
87,182091,14
70,51841,94
38,93172,96
85,50325,56
85,101047,65
55,183905,47
75,142861,45
45,20820,8
52,44444,4
32,114698,87
65,163879,78
63,120803,9
22,186838,6
65,40388,52
62,97287,5
79,83248,13
23,37466,97
34,149280,11
29,170268,5
22,67063,13
84,87495,34
20,74329,96
51,28876,9
40,172649,68
88,118210,46
51,68677,21
54,20970,7
46,69139,20
26,59456,94
54,23575,53
55,172131,98
84,164744,76
18,33775,13
41,118905,36
56,124202,54
78,45603,59
70,68189,3
82,63234,19
89,34904,13
42,90377,57
23,159264,70
33,140340,75
60,172766,79
80,131423,52
20,43889,86
44,130050,5
45,104104,47
50,75044,29
20,195860,98
22,53327,85
54,180202,41
64,122941,28
51,71073,76
59,152253,21
72,189546,59
79,140819,59
84,79616,25
69,183887,37
39,167940,17
63,39267,54
70,90451,25
43,36442,39
49,103063,32
74,137009,14
83,197898,38
37,184423,28
64,86981,27
45,61391,29
31,197578,34
20,148564,82
72,173892,13
30,46114,91
29,41076,20
57,151123,72
62,46973,46
39,144125,78
69,69086,65
89,96022,54
65,107478,59
47,149458,10
37,143768,96
82,193101,39
44,32358,51
76,23825,38
42,32499,33
19,85326,83
57,112064,71
56,136874,59
60,56182,28
90,40000,35
76,99849,30
30,49997,15
71,153562,91
25,120657,50
74,129142,63
41,173239,73
87,147692,71
19,175102,66
35,74445,55
78,56392,26
70,30425,65
37,109243,11
82,28546,91
80,79714,57
80,40730,17
73,64806,2
39,58394,85
35,149263,2
72,79863,35
51,65449,89
79,20179,82
78,59920,74
70,25739,20
62,123784,41
72,20921,51
33,57035,39
77,164690,73
69,152869,11
21,29017,23
27,182282,9
31,97597,41
39,117142,74
28,123614,60
88,121740,14
33,118693,57
82,156850,49
80,188044,20
89,67968,18
65,93707,27
82,68981,54
18,145216,33
81,35606,89
53,38664,42
23,92139,38
52,69104,16
90,179804,65
71,153322,1
57,71410,42
67,185087,68
78,120260,93
29,45087,65
78,146974,6
21,86585,87
20,45952,67
45,65057,95
57,79739,54
89,113454,80
32,90214,71
81,22824,10
63,78357,9
60,32191,98
88,93534,40
54,46319,39
87,55612,20
32,58499,85
24,64324,5
47,49759,52
56,88066,83
55,87740,50
88,70009,93
75,146719,24
54,85835,94
67,103862,53
80,198066,28
34,104458,65
85,133883,46
34,81814,48
45,195469,23
90,147091,33
20,124438,27
41,84442,98
39,101603,11
76,182291,22
21,37428,9
49,197959,84
71,134411,70
56,165594,76
44,23370,44
50,193064,63
27,105000,81
50,154562,93
41,154487,92
40,49821,77
63,66491,14
23,198123,70
76,146540,98
79,84929,20
50,180539,59
37,120883,82
27,165136,32
53,66142,5
27,62648,51
82,71027,38
57,173176,64
44,129040,16
50,79508,47
86,50624,67
89,130925,23
25,86222,84
31,30888,64
70,109471,5
62,97013,27
80,37201,31
43,190206,58
56,171382,37
40,137280,78
70,121668,87
65,175966,60
75,22880,90
81,195716,59
47,37878,99
86,109073,60
52,37812,77
26,45405,9
39,97520,43
36,32461,73
70,121030,3
51,110099,74
65,31557,69
23,185325,68
55,41874,50
84,115451,54
70,28186,46
78,56955,69
42,181116,46
62,42635,79
48,26228,53
80,104334,37
20,81952,29
37,170729,84
45,133976,32
83,100949,91
66,99421,54
88,35045,25
80,100270,7
52,25196,48
38,31020,51
68,97239,46
88,167380,53
62,154482,15
43,69601,2
31,58824,8
63,73933,10
48,181591,39
32,139668,97
67,185347,41
25,178760,93
75,82445,1
62,124146,53
90,175009,36
31,192458,38
66,89359,53
45,23655,66
46,195123,98
32,100814,41
48,182867,59
62,100090,60
19,94252,91
85,187630,38
47,59703,18
29,198566,49
75,152156,78
70,35740,23
85,65777,48
34,182531,73
73,175324,44
71,69174,43
62,154779,55
64,93964,8
44,122787,89
35,58812,48
46,166076,57
89,125040,36
86,40589,35
87,69367,17
55,114243,52
65,53749,98
57,73586,41
49,97156,49
80,102681,63
81,174829,47
76,177531,51
56,145172,51
78,101668,38
50,23835,57
82,39352,11
74,28750,67
43,187053,76
68,90369,14
26,162256,61
61,40536,77
18,169153,70
21,20897,37
87,109348,53
65,46096,15
76,199776,59
88,89470,33
27,169405,64
34,46118,9
59,137094,23
33,159229,82
40,26512,49
48,29548,55
61,173538,98
64,55150,5
86,100165,35
76,173778,27
55,49522,89
32,138000,21
54,42083,57
29,28458,61
36,69321,50
88,84624,30
75,134809,35
61,35349,77
44,53498,89
86,145243,25
32,35564,6
31,105433,84
89,96250,94
26,193927,42
76,76357,25
90,189570,1
74,35999,59
65,186952,51
84,85278,71
81,146214,90
55,155461,46
43,73171,15
26,32328,52
69,152344,75
53,30726,49
83,151069,50
77,136030,64
37,161532,92
82,109514,83
31,119270,79
53,182101,22
58,122001,41
24,172084,23
75,127765,93
85,115776,70
40,122518,73
61,28718,82
83,25375,24
49,103961,69
49,73690,47
39,87152,39
42,148897,40
60,107693,8
26,111258,91
61,36267,12
20,36980,99
28,52352,68
66,64187,65
41,41661,66
24,198879,100
57,97398,64
21,62056,81
69,84250,91
58,98907,34
66,54379,11
83,148085,39
38,148411,87
74,179913,5
23,23723,89
51,184446,78
20,155731,55
73,176332,68
63,178120,70
66,122141,79
71,77761,84
25,24449,67
59,72411,12
53,54721,20
53,68319,87
41,21275,74
28,121253,76
37,139264,94
48,65033,30
84,78803,89
49,174272,92
74,88168,49
67,62572,25
84,191921,29
68,115685,31
33,199974,89
59,136463,91
22,27557,21
31,97727,26
62,74599,55
70,29682,29
33,186172,41
60,140252,35
28,163852,96
53,110477,60
66,142648,76
28,75203,53
52,155333,13
58,154845,96
36,34796,78
55,196752,30
29,120272,1
26,189551,89
38,102342,37
76,23419,81
52,58278,52
86,163415,62
35,38725,96
18,167412,51
65,139922,41
69,184363,34
83,63152,29
55,91443,70
30,34334,78
44,120812,55
76,125673,93
56,107804,97
70,162133,36
32,25239,58
63,72368,36
76,52522,71
19,51450,21
68,124887,7
87,101328,50
81,89859,36
79,170260,8
89,145463,56
76,47825,98
27,159822,44
50,107783,1
29,75283,15
61,124481,6
34,81885,85
37,133135,91
36,83653,29
48,155979,43
44,71428,65
26,195850,6
76,109626,86
68,193591,87
75,30236,43
50,175589,26
32,41946,4
69,176349,22
25,103658,49
33,36545,15
32,176119,22
79,78788,92
75,35687,39
57,22928,24
27,89134,87
52,187024,47
27,59789,38
75,142387,88
79,63075,43
64,31419,44
24,97786,19
81,149116,23
28,105763,28
31,21434,17
46,41481,16
46,77869,88
49,55991,73
77,22709,28
72,106206,7
48,99453,29
33,57225,80
72,145160,10
84,37532,10
32,90856,6
30,187694,67
68,20866,77
71,197001,15
72,100164,78
83,79505,77
30,71792,16
38,193288,71
40,67859,21
28,182439,13
28,70650,33
51,164173,63
40,125497,63
53,174351,37
79,120780,23
85,58960,28
89,90809,13
89,174494,34
29,65528,18
85,107755,50
34,135433,47
75,161433,52
56,29897,72
56,135024,73
38,136575,49
87,126377,11
37,193293,74
52,62455,8
21,116740,22
64,86896,73
34,49255,30
42,26956,80
41,45700,96
59,124437,54
37,47436,84
73,128733,10
34,197613,73
24,43191,90
55,112316,53
69,188731,51
34,49960,34
43,187473,8
45,71012,12
26,169102,77
50,100904,58
62,21886,17
39,43020,21
25,136088,18
81,42908,8
34,47568,93
60,143326,93
75,107716,67
66,39049,35
89,21940,87
20,196164,64
35,76835,89
70,69382,77
37,160285,76
65,186108,4
57,138248,51
86,152236,42
65,127440,4
31,167243,21
84,170291,47
74,134579,13
41,178148,18
84,138555,19
82,134939,74
60,20983,100
72,151225,8
65,56974,75
30,54322,9
87,189593,23
25,80819,2
80,64344,38
88,28821,84
76,179441,4
73,98804,19
79,40055,15
71,180401,57
54,188310,70
61,23397,55
83,122923,79
43,123492,22
82,166464,81
37,169211,52
28,159110,40
35,152630,61
65,103966,35
58,23589,45
85,97522,11
27,156155,3
77,138289,64
67,112189,15
90,99822,56
36,158700,92
64,68848,88
53,88212,3
68,110326,43
53,195695,26
58,37562,11
72,20878,82
32,88808,88
38,87383,97
81,196802,87
43,172638,76
86,39459,25
52,102466,40
51,77602,43
27,72109,66
69,145865,95
31,175266,79
34,87545,13
48,171641,8
52,29336,41
42,141977,33
84,35601,66
24,98324,40
36,152925,19
40,66985,16
34,55205,20
29,44290,1
36,27305,34
64,72189,97
61,106352,60
88,130826,84
48,32916,29
73,163246,70
32,63786,81
76,98554,73
42,34632,66
40,53210,42
80,166058,49
18,112627,21
63,138351,5
78,140540,67
90,182058,52
33,21603,5
81,180509,46
26,177735,27
29,89885,4
19,40966,23
36,169052,94
46,42394,10
76,91358,4
63,121571,73
28,89697,94
23,170583,19
56,156770,20
84,135440,17
50,91772,47
36,197750,37
19,87765,85
89,98876,67
57,40926,80
40,34644,40
90,109054,92
29,50126,9
20,51082,7
59,144986,19
79,154154,86
67,158573,14
22,20199,34
68,98684,89
54,126194,89
31,34553,46
23,153922,20
30,44829,10
22,143583,100
67,67979,53
83,106391,43
59,89423,28
35,172523,41
62,111818,38
64,73644,91
64,168209,46
40,192881,39
33,114073,89
63,127043,20
41,22648,9
18,22036,55
51,191216,97
74,153154,39
50,187197,72
56,151648,8
66,150663,42
19,191192,95
88,171265,83
59,82408,14
78,51724,84
52,131198,21
33,127024,83
66,86216,88
76,95150,45
63,26230,58
28,107082,66
61,199363,3
83,53211,4
53,49697,46
75,31898,23
48,107177,15
73,146108,59
79,132708,71
44,149592,87
78,104986,70
29,31416,69
26,140235,35
30,93767,48
76,92672,48
76,114130,66
59,56097,96
62,80104,74
52,165429,15
63,119821,28
42,116540,19
80,118905,66
77,189466,1
84,50108,84
31,153075,43
59,195896,82
47,27095,12
37,40150,3
87,32857,2
30,140216,7
22,31929,99
66,98311,26
39,80043,47
86,135603,90
60,174351,64
72,175828,60
87,154901,17
27,137377,51
71,36027,49
28,68291,4
42,24001,95
24,150027,90
89,168614,76
58,73485,73
67,152453,43
86,187146,1
78,134947,61
34,150736,18
43,123366,43
45,162551,21
90,99288,97
60,116720,92
67,81991,60
52,47406,76
54,29398,37
46,148427,90
70,117045,46
72,126003,11
56,165783,2
71,70085,90
40,189156,8
48,99430,37
80,125030,42
61,113868,53
51,71339,1
38,43468,3
83,173203,52
79,194818,63
46,96971,15
47,172003,86
27,107792,45
28,137625,62
56,167222,87
88,188402,95
29,67197,3
77,86419,13
90,118604,42
79,179720,93
79,60062,42
51,178931,18
28,76942,59
53,118042,28
87,63313,73
56,119512,86
80,42513,20
34,27740,7
37,190729,45
76,120275,21
48,71907,72
79,163469,75
72,22824,20
86,68212,58
42,192245,69
28,155256,58
34,162056,81
18,118228,20
32,65636,84
77,195770,71
70,158672,43
37,98586,86
28,43056,88
44,44316,81
24,56346,62
32,178025,76
37,54165,37
19,73665,43
53,65798,80
22,193068,73
45,189649,57
18,149899,57
56,141924,16
65,25498,18
53,44464,64
83,100667,78
64,58197,48
84,167749,69
51,33043,31
64,26207,57
40,59318,34
49,76998,80
72,171683,53
45,51160,68
53,67671,76
87,84557,60
71,57776,29
66,89653,79
83,199893,5
30,136991,27
56,130365,39
37,150893,63
41,95729,11
70,147532,65
89,71424,95
88,54709,91
26,71104,11
55,169139,21
71,52721,32
86,81031,11
54,73555,89
52,160104,95
28,40934,72
43,102757,7
89,146649,85
87,97521,4
35,188659,38
73,165317,70
19,179553,33
84,76615,49
74,28809,18
27,112143,11
61,62204,74
41,138359,79
27,189580,92
84,27593,86
64,106798,60
88,43302,28
81,157448,64
28,46383,45
45,27858,98
86,74395,95
41,110240,66
34,103152,53
46,197447,37
85,54029,84
50,58267,74
18,92870,47
74,84161,17
84,27598,61
25,110272,4
36,72942,3
41,33166,98
42,177137,46
81,101078,23
25,121952,95
26,94811,40
24,191499,97
22,172849,90
42,80041,33
71,151678,93
63,140920,23
54,161757,1
45,184031,18
89,127370,93
53,160714,12
75,59182,76
57,161858,28
86,98918,55
39,80927,3
56,177710,90
67,55805,42
35,47204,49
39,58698,8
75,125398,25
66,65088,100
52,84740,58
57,193597,33
22,48037,92
59,137121,37
41,35307,79
69,154674,67
59,127921,49
77,42953,43
83,138089,11
37,151578,100
73,103224,44
80,195726,67
22,48681,84
36,139139,87
70,32284,24
57,49559,12
72,40145,56
73,144401,73
35,134798,20
57,83374,10
38,146412,76
58,103436,93
53,148873,6
77,42635,27
82,104966,30
24,178004,7
79,104869,76
30,178671,74
42,123545,57
53,189419,62
31,102578,51
26,48776,89
87,170557,35
49,112382,34
78,28023,3
25,193566,56
32,83037,70
43,101871,33
50,26811,22
43,139631,19
51,32218,59
71,164876,44
86,24665,27
42,131830,2
66,187560,6
37,39192,46
52,198962,48
43,99031,20
56,186643,47
42,104019,39
29,191079,73
89,169653,30
20,61316,99
51,23876,14
77,151476,61
22,155741,37
52,115542,92
50,127292,25
86,99936,56
37,65751,69
50,46339,33
46,42984,63
20,159909,10
60,154753,81
66,97759,34
58,129533,40
77,114109,56
25,193099,61
36,25679,27
83,53064,29
72,90949,85
37,58954,29
22,87050,18
48,180428,78
69,34294,1
51,42047,86
62,177862,83
58,52883,76
84,42024,92
34,43908,39
62,68465,71
74,187688,34
78,185488,73
69,111978,66
69,40871,23
29,28669,47
74,177804,25
31,25148,63
79,77591,32
34,113964,63
80,129865,44
61,107955,71
89,129756,54
50,114366,31
51,119324,31
19,76012,60
20,94345,25
22,39157,69
39,89863,86
72,166995,4
53,86365,13
34,173623,2
39,163949,98
72,40658,20
77,77513,82
52,121475,80
82,73461,51
63,93886,30
83,65820,3
35,166709,95
65,112163,93
47,161562,18
43,151202,87
51,76833,87
81,141222,1
41,175369,32
24,108217,20
61,148865,92
39,55406,21
32,172282,17
90,69779,55
66,180478,57
41,57135,16
43,120986,81
86,157524,92
26,118886,57
19,177436,36
74,58274,2
68,189877,25
84,147887,44
19,138816,44
83,87975,80
38,141253,26
39,39053,57
61,113273,93
84,190035,1
42,35799,18
81,117484,65
24,98243,82
49,160054,49
46,144493,29
32,78326,83
68,133648,22
30,137054,91
48,138002,85
22,150086,94
89,151633,20
52,186878,12
20,149480,20
90,141159,93
42,178577,63
31,121543,18
52,133942,11
85,199358,49
84,177779,48
89,139653,58
79,123498,13
85,147087,24
39,27367,80
64,158871,38
19,134998,69
78,158735,72
63,195002,30
65,46819,14
74,187046,14
70,188594,59
53,112950,11
51,76146,53
58,141177,84
31,40621,12
69,41245,14
25,66963,28
49,149936,16
87,69459,79
28,105895,88
32,197440,74
43,49218,94
84,168601,3
21,37929,11
88,198315,91
38,163033,61
23,84413,38
45,21049,23
52,109382,7
81,110129,40
35,106469,93
63,142758,31
58,81287,37
29,179469,50
44,31411,17
20,58064,56
49,70578,92
78,48786,65
55,52157,62
49,94900,4
29,153186,21
24,58413,86
54,191369,57
29,36674,54
27,177621,90
20,164530,56
78,70148,68
59,144151,28
71,198322,67
21,30146,34
29,144914,43
89,196042,12
80,122498,88
77,166157,86
67,167814,61
22,94078,38
42,112577,42
54,147584,27
84,154242,63
37,33903,27
82,102156,100
25,31189,51
80,151334,26
34,171210,73
74,25323,34
43,195674,39
64,189881,82
54,93144,93
72,45601,13
55,145373,64
40,22026,29
71,72593,47
45,141184,43
34,185072,83
83,101120,66
65,128923,59
27,108786,14
77,81379,39
69,130285,70
54,26192,71
19,26599,95
70,108388,46
78,157375,75
71,144173,28
22,192166,40
76,99097,88
26,28407,7
71,71852,12
77,144561,60
46,83692,52
81,108514,56
57,125458,99
51,167612,39
25,42575,47
52,96643,28
72,71997,41
39,79966,20
48,43583,62
77,124839,8
52,69683,81
56,59446,47
90,148422,85
52,24574,90
65,50861,29
90,196257,23
45,143360,2
57,149403,14
79,36781,74
87,51043,67
33,61214,89
71,148310,90
19,127564,78
41,66860,50
24,152594,54
57,170546,45
32,168934,39
31,181011,92
60,127852,51
89,164054,51
66,25316,11
49,75885,100
80,157103,97
74,173618,77
27,162585,64
87,180934,69
79,109947,39
23,92523,56
38,122033,46
48,34059,43
54,194032,12
44,135553,95
85,76818,1
18,57916,52
28,100314,60
70,61890,37
39,149086,71
59,42785,70
26,77303,46
18,75022,95
36,146184,44
62,107656,97
60,25538,72
90,158153,77
64,118811,62
52,173043,28
32,173832,70
29,128469,24
30,129006,43
90,24347,73
21,137238,24
31,172777,13
73,47675,21
66,62725,40
19,179203,29
50,91959,49
39,56090,48
81,122073,8
90,184985,55
50,42453,77
77,32206,76
36,102044,22
47,22417,20
71,112988,65
52,93248,46
28,196498,2
76,80972,13
31,47445,52
44,56760,87
86,129626,68
72,171751,52
52,54960,27
86,132309,57
34,69121,49
69,150531,44
46,122155,80
84,170667,10
31,131478,6
57,135246,46
38,68582,22
36,179806,92
53,21829,14
62,126098,74
71,69428,84
32,133103,54
20,23661,42
89,148969,16
55,78452,57
59,173817,3
24,77422,89
66,159216,51
53,24437,20
71,32974,33
49,34406,77
23,52133,44
18,186928,55
47,131528,11
24,115246,30
21,83859,6
68,38682,98
45,148549,88
66,124247,91
51,175388,45
45,135329,100
67,56289,95
20,36956,16
27,118526,20
40,84640,93
24,140497,68
26,192599,5
57,73842,48
90,146104,10
77,75634,94
26,198146,47
82,59440,51
36,185148,43
23,73697,97
22,28146,27
47,158881,23
54,149112,6
37,142577,94
77,24926,89
36,40274,48
46,173593,56
60,190389,66
86,133492,64
63,31450,75
63,57791,55
89,163783,60
27,197650,70
49,114530,55
27,111483,76
48,73728,83
22,108290,65
56,185904,9
80,28846,41
24,77953,99
78,92893,6
72,179246,39
74,96944,8
86,94557,52
19,195200,89
57,165877,30
67,171802,100
30,147995,58
80,199278,40
81,162194,72
86,171518,45
71,106395,18
39,110432,82
85,62283,26
38,192313,15
59,99825,61
87,49026,81
75,94679,4
62,81913,94
87,125927,89
49,20172,83
73,199819,42
58,180230,74
75,127455,96
21,173394,9
70,197585,43
33,192754,74
36,36723,39
38,105401,46
63,71343,48
56,106799,48
73,72355,89
78,21007,58
68,27469,62
69,91586,66
65,21582,62
59,68421,99
85,117987,79
49,59693,74
65,129290,69
88,48643,31
38,119351,19
83,140289,54
37,70304,41
25,58838,37
20,159591,13
18,30781,28
55,46628,71
28,86802,47
73,164811,33
44,155221,3
31,66499,95
90,143090,84
18,186313,2
51,57208,51
47,81757,93
45,99173,11
86,111575,19
30,61552,25
33,148921,32
74,64333,5
28,135113,46
59,46033,1
66,165536,29
65,63160,1
55,158379,29
65,49872,80
77,129233,28
80,198030,96
64,58539,84
75,52588,77
74,21106,64
88,104777,26
21,189017,48
58,179461,93
38,178665,23
89,42551,12
18,149997,93
20,69777,34
89,195422,7
66,139596,43
85,81952,5
71,96766,58
71,21862,39
28,82048,26
81,45482,3
83,150462,93
39,65678,14
65,59502,19
50,186731,76
78,31777,24
47,20686,70
63,57010,21
88,188804,56
87,82188,9
77,118381,81
38,175165,68
60,198680,45
85,136417,97
76,101868,43
31,148795,44
76,129497,1
58,193539,53
81,190468,44
24,80771,35
22,169490,10
21,178013,85
50,148235,73
22,132046,6
30,42331,46
89,110450,61
33,87026,88
60,99372,21
34,122553,8
55,120333,80
85,142102,97
65,66640,29
51,162512,16
86,82970,96
55,174735,63
57,51130,47
18,94246,26
44,75424,92
67,95072,3
64,97599,72
62,61479,82
87,158565,9
71,149941,38
31,122091,43
67,118041,78
73,189242,21
57,37608,2
22,63281,42
68,108250,63
88,140273,88
23,152694,17
26,89642,94
46,80823,46
35,74396,6
74,83200,41
48,47526,39
69,162166,94
90,121646,29
29,25326,8
79,182466,59
38,163723,10
60,46015,91
26,59025,50
60,50007,1
38,33113,6
81,147161,30
50,141602,44
46,166170,56
74,49873,60
84,133518,38
20,43448,65
23,36931,11
49,150924,16
41,72103,5
39,63567,23
69,79077,50
85,128797,63
86,48480,44
20,136881,78
60,166704,99
67,65627,90
87,48578,62
75,148001,36
29,51298,97
49,138043,77
78,128966,45
75,31086,62
45,45188,48
71,151895,42
54,117461,24
49,142600,51
33,120208,71
47,91491,83
59,87480,78
65,168977,49
48,102761,18
61,21971,57
43,160387,71
39,33732,65
45,54309,36
31,45376,89
21,152303,18
46,73907,77
45,129079,15
53,47072,25
42,153326,41
43,116600,10
79,160046,34
84,36386,30
56,121090,64
19,54441,55
36,121285,16
88,183667,1
28,156839,80
58,53800,29
59,133796,56
65,46971,7
73,186531,28
25,37283,68
77,77335,80
81,172943,18
26,146587,50
50,33827,76
26,118245,51
81,57494,46
77,152220,36
35,99451,41
62,38651,100
45,92288,38
55,129976,24
50,27987,64
50,95350,68
41,83963,21
53,151311,9
69,94574,14
60,178237,86
86,161044,5
57,57305,57
89,42499,42
33,78890,3
71,78925,45
50,108866,4
50,129258,89
66,118372,80
19,49861,70
55,141134,7
77,193985,59
41,176260,44
85,183665,56
70,165881,36
35,96924,77
40,106503,85
67,109017,64
63,175382,35
48,48666,69
41,172226,22
67,92224,7
44,195608,89
89,189396,60
86,61405,87
59,158468,66
65,50335,53
37,117522,32
64,73380,82
84,174075,23
83,144095,44
46,54786,22
40,138328,11
32,88225,48
38,167750,93
60,190259,94
58,93912,42
22,124044,48
49,91104,39
62,49640,28
83,43834,80
75,73338,43
83,66852,76
48,181544,85
31,48869,64
30,135044,29
77,182711,70
54,56587,99
79,121454,11
74,45924,62
89,172057,57
72,64175,95
26,109094,36
44,89374,16
56,150601,19
70,68728,13
36,169536,44
75,83635,71
82,41000,94
51,107312,97
54,145745,81
25,38429,26
36,129559,59
64,141675,8
57,104519,89
25,21151,73
59,162139,8
68,113066,90
68,85808,52
33,174797,12
64,114177,22
21,183227,66
57,90634,41
85,72093,93
25,44190,45
56,149625,58
47,169125,34
25,116819,27
20,146953,46
24,151512,62
34,36302,7
53,134546,57
78,156172,92
46,158396,33
43,50497,7
32,70777,77
79,193072,54
68,189131,37
87,180380,89
42,41184,39
85,104387,34
56,86520,70
72,140267,19
48,145006,89
63,168399,16
32,110848,23
41,106700,59
22,87382,100
22,99689,55
54,101285,21
45,76627,32
41,139304,65
62,110070,25
22,191573,93
77,59444,93
66,141861,96
26,177786,65
78,133974,68
73,137797,72
68,51064,65
54,65596,37
18,79825,51
26,117494,48
45,91384,76
61,64012,79
64,28519,9
83,41285,28
84,163293,57
76,157309,14
83,132382,72
45,71919,84
88,128608,10
62,29444,77
84,103265,49
44,39622,98
40,168821,20
58,65036,20
71,35831,11
50,110401,69
45,116854,33
81,40201,40
50,155599,82
74,112347,42
26,179171,1
51,176532,83
60,79239,64
25,162736,3
43,123598,27
22,165667,67
82,41749,60
42,91497,79
53,27064,100
39,188820,23
56,29435,57
42,30823,82
27,95025,7
38,192146,99
70,33513,14
75,131414,37
73,57806,38
86,170067,37
37,169807,37
30,192797,14
31,57776,97
41,76321,30
38,168448,89
81,136365,69
60,124147,67
45,137608,74
73,150387,44
79,158192,86
71,192412,5
76,37583,5
82,58787,85
42,57558,36
50,60462,22
72,181578,36
23,55977,89
85,22507,48
70,95628,60
60,34598,98
42,168458,29
87,127097,8
83,170103,84
41,29921,43
60,48106,61
25,180754,88
88,120893,1
66,71941,3
81,71080,54
22,124942,7
61,115624,85
31,167554,61
77,39291,40
46,91894,61
77,26833,85
84,157750,13
36,171879,80
30,72390,36
44,149341,98
89,86202,53
47,142102,73
63,173324,54
83,155515,83
81,168011,81
51,89063,60
21,101679,89
46,21914,84
43,189992,76
78,119372,92
82,38100,56
84,154764,69
65,117343,20
24,43914,23
40,56978,93
32,147952,2
29,138993,91
82,57620,8
47,149722,50
33,187242,99
27,170020,53
90,138727,15
31,71009,2
37,118439,76
27,142090,49
79,68983,59
42,72121,86
60,20960,84
20,120530,76
45,103857,25
85,156209,56
53,144683,62
25,74602,60
67,30910,78
69,79585,82
75,85833,45
71,150304,99
22,172948,70
55,155192,27
69,178038,2
58,157780,46
43,199214,5
75,49753,38
32,74035,69
34,168635,65
81,77518,5
31,176896,71
24,47282,37
88,86349,36
56,60409,80
80,153831,10
33,186592,95
39,134944,53
59,40259,59
48,72012,88
87,171549,45
78,57075,46
61,105266,88
25,164325,49
74,130880,3
64,20543,69
88,101571,57
59,149597,45
54,54954,8
76,68178,46
41,82803,11
39,84715,40
29,192127,91
49,199573,13
81,178484,82
70,183598,65
18,72866,15
30,175562,93
90,102626,15
81,44514,41
74,28980,33
31,172219,36
44,90053,95
32,20445,58
47,149535,31
80,77981,63
85,133327,93
30,126395,16
39,126426,41
26,47815,37
54,148233,15
38,33980,75
20,59274,94
69,49782,89
56,126556,60
32,110857,67
43,33278,51
34,128016,94
58,32288,79
38,187068,1
19,33037,76
76,69036,60
48,125023,25
63,188891,21
64,149621,80
39,146899,83
43,155757,38
88,47127,14
44,104453,71
77,151246,36
87,22866,58
31,150792,91
40,50027,77
89,193167,10
18,170203,52
40,27323,54
56,117101,55
26,38363,72
26,125880,17
39,167252,24
26,49997,71
40,177037,60
30,116314,18
75,143867,60
69,157043,97
70,160342,63
53,36538,17
86,120223,45
39,186160,27
84,132355,82
21,63239,95
85,37248,26
39,41327,100
36,39531,68
30,178991,67
44,182804,76
90,145731,61
22,28911,9
39,48250,30
29,163619,53
65,135754,97
21,96774,94
69,124624,76
86,125101,94
62,110433,36
52,167707,93
54,68449,17
61,178508,56
49,94482,66
59,33677,24
86,170970,33
76,112308,52
53,112830,56
39,37831,79
38,23738,2
49,25395,61
79,179076,13
29,93689,35
77,70545,47
40,52334,39
60,48997,50
75,31232,6
48,37643,97
19,146976,8
34,24639,8
61,152029,73
27,51953,13
73,20402,48
37,193712,88
26,170583,2
19,132045,17
52,140793,53
31,188489,18
88,179156,91
59,134833,20
60,63097,100
32,48600,54
86,82118,25
72,185747,89
58,174766,77
29,98531,7
49,37168,68
57,47900,53
41,184405,56
61,32850,79
65,174215,76
48,191809,38
27,176979,57
77,80506,63
53,181040,29
78,173818,61
85,174206,73
65,177888,45
18,124274,98
78,111665,52
83,40526,23
76,123900,89
35,46998,34
20,136152,68
47,91085,29
90,72766,79
29,71559,69
68,97277,62
70,72996,53
53,181849,57
25,141681,2
49,92558,20
18,38303,57
26,50066,92
22,172552,48
49,105730,88
51,94191,85
44,164564,18
77,186744,54
21,109217,56
32,145504,11
36,50824,28
44,132809,4
37,108494,79
27,143565,85
34,180227,75
46,48972,2
87,170113,40
85,43583,45
56,81251,96
51,55473,15
56,177413,42
26,112177,99
42,77552,70
69,60363,95
29,179407,72
62,98788,98
54,167059,3
70,30218,91
33,113515,90
24,176544,29
81,163567,42
83,133374,20
18,197622,26
46,151302,48
49,146540,58
27,91704,38
65,32329,52
33,110345,71
25,169034,21
35,190372,48
33,57756,42
79,79969,28
71,181114,29
29,70145,54
87,138361,34
35,93404,92
86,199141,32
72,167283,74
22,115032,35
20,99672,45
69,44988,100
34,150561,15
41,162207,25
85,113099,19
51,69299,87
67,40579,31
83,149280,31
34,147407,17
39,175787,73
18,143504,60
49,104303,4
80,187766,38
74,62089,87
21,75949,47
25,88106,58
49,80811,53
75,80555,28
32,98739,95
22,95326,27
83,25186,30
50,75016,2
25,157147,37
68,89439,76
72,156751,32
52,197076,97
33,163359,60
50,46454,88
71,71975,69
59,69600,72
50,53912,1
35,168451,12
65,185861,26
42,195654,40
31,36849,8
47,187633,15
80,128018,82
86,180641,81
54,193374,81
53,194303,65
48,169021,10
41,146396,50
26,176883,75
58,77666,48
86,89618,30
25,69417,49
71,125620,55
85,142923,65
67,87282,24
77,147360,12
45,61043,26
89,176269,32
84,180961,65
64,74184,4
56,189816,87
46,75480,16
80,51849,59
26,60873,42
84,196453,92
29,78823,24
33,155602,17
70,96953,45
56,34007,84
87,21701,30
50,40260,44
62,105875,45
90,160305,88
31,134749,91
23,147907,54
62,121849,55
30,84733,68
79,82390,87
89,189514,55
64,184800,94
39,174532,16
89,130094,74
37,24170,51
57,150628,60
18,193366,13
25,42672,56
64,110253,55
27,199621,74
60,72894,12
24,31376,66
29,182099,65
76,101794,100
33,170713,40
42,37000,65
50,32658,60
28,92602,18
24,186920,60
56,27626,67
68,92798,83
62,72708,51
41,131781,27
22,140377,35
29,94609,69
30,78162,33
72,113863,52
21,96860,95
30,167920,27
19,49337,9
59,175492,98
75,107235,46
40,183235,87
48,27631,27
27,127407,24
71,181441,63
75,57071,15
82,38671,52
76,132151,17
82,163909,13
20,51616,80
39,156933,91
65,78395,26
77,192417,76
85,151908,90
41,84488,12
72,23966,90
36,186432,79
85,31571,25
48,157398,3
20,86102,90
67,71136,84
64,109955,49
59,83809,55
55,94197,62
54,46327,53
85,52329,15
53,119006,41
84,51330,30
38,147919,85
59,77933,45
40,22470,3
32,50208,45
66,32249,7
68,76073,87
40,116177,68
38,129954,25
44,43876,57
44,27833,100
36,103793,40
74,152126,97
59,172384,92
87,48662,65
21,89626,12
61,75018,20
32,184478,96
56,187105,76
32,62958,76
76,25805,44
37,151485,78
51,27708,55
21,114795,55
63,171664,6
73,39737,100
76,142531,82
49,188218,32
65,77561,38
49,128283,13
58,169983,3
45,32207,87
36,180396,25
48,36002,7
76,142010,20
71,158378,24
57,39061,50
22,72430,35
48,86830,34
88,78811,41
75,61014,64
47,199013,29
38,159767,71
82,84480,66
19,147862,93
19,89768,49
37,177047,47
38,55930,46
69,170584,33
29,25380,25
54,120441,33
72,26017,55
22,181537,87
86,135625,63
22,110987,61
50,93941,100
69,123623,47
29,150800,59
35,131116,25
74,95112,31
67,135760,16
44,89947,3
42,77641,34
76,72216,36
39,124407,19
56,54366,66
56,148363,74
49,45933,84
18,149468,53
54,84074,5
26,114811,91
20,134932,15
58,75788,50
50,160812,94
21,83007,58
32,118829,65
84,37680,20
53,169092,61
23,154729,60
53,179044,68
49,42181,76
62,64403,62
22,152816,96
19,187782,15
74,132442,9
28,150677,57
69,26612,59
70,84672,74
72,87335,12
54,173654,11
33,23519,62
50,89880,78
39,37096,89
23,163723,24
72,107356,59
42,136799,66
61,97921,21
21,126892,47
89,48856,32
53,161148,66
53,66889,60
66,179710,25
90,164578,5
19,183183,2
74,51067,25
82,161692,51
46,136722,70
88,66746,5
35,78354,5
80,170339,27
53,40086,19
84,157124,17
59,155131,71
58,51452,21
62,34658,31
64,133768,83
25,104780,10
58,165893,38
45,28387,25
44,114146,41
44,159566,1
45,37672,97
72,67758,17
80,78107,45
26,61482,100
80,45574,15
22,93041,97
43,109186,97
24,185498,88
28,23672,64
32,104078,55
19,90270,18
83,159797,79
31,89407,33
80,139941,30
73,45910,22
26,177066,90
24,143701,85
21,65691,39
71,141047,26
46,193618,51
29,161228,27
76,189013,40
76,75489,14
88,91691,72
47,121198,41
84,185986,45
37,114092,2
59,39898,70
69,151278,27
86,175981,98
83,112428,81
85,32426,46
83,81572,38
44,81482,100
42,63706,40
41,136835,65
22,161922,22
86,67489,73
32,101052,82
25,117776,66
53,171728,43
34,26978,62
57,184121,27
53,21521,86
36,163146,91
81,82568,31
25,21068,2
80,166869,47
86,105604,37
59,169412,58
47,162856,9
81,133876,75
29,40923,91
58,82986,95
41,52426,19
56,45336,1
36,184430,51
40,74201,52
26,110714,15
85,44717,13
30,72499,73
32,125579,70
90,25955,76
39,149372,4
75,109928,87
56,34683,47
67,20221,94
64,140592,1
59,86752,3
33,108023,47
25,111089,16
23,48750,92
25,92167,49
83,94791,23
29,54806,78
42,31848,75
34,78571,48
46,186220,98
44,62846,90
53,110564,27
78,59085,68
22,82922,97
31,75747,19
58,131486,12
19,60113,72
60,108776,85
21,64239,98
33,166384,51
64,119430,58
24,23171,60
61,151290,76
35,146747,36
89,192904,20
43,39329,12
59,124797,44
83,44599,54
31,66734,96
77,103885,1
79,168216,48
77,156749,100
36,147928,82
62,145722,5
83,59717,55
26,110765,55
56,68412,89
32,170822,86
44,88647,96
28,74274,56
73,127386,98
25,181174,1
70,48965,35
31,60774,66
68,116773,33
82,165707,28
49,146536,34
48,74628,66
29,34713,82
69,118631,96
81,25446,70
37,90112,61
83,140264,73
23,129547,65
85,39629,90
39,140407,84
73,85051,66
29,197175,75
53,65177,30
67,162972,55
30,191385,23
42,111066,86
35,163604,93
77,97080,99
46,118552,43
66,186886,43
58,174120,55
18,31004,9
44,173319,28
79,57555,38
58,104897,15
49,32601,87
60,122978,96
45,144351,65
24,198041,15
26,102485,87
27,106768,41
79,181345,59
80,168229,25
21,25565,52
18,174301,55
40,159991,66
21,72166,92
79,100096,7
63,69467,35
41,57596,40
42,76937,39
41,48815,40
85,121775,73
69,175679,36
39,67160,24
20,197042,91
52,133242,57
86,69020,37
90,115968,50
54,90415,28
47,95167,66
18,54340,65
23,87266,66
27,179215,36
82,176612,56
83,101586,32
40,166513,33
22,189414,50
46,193183,12
54,76751,9
21,146006,77
58,92832,29
80,33566,23
36,34352,52
53,36834,19
20,139977,91
66,156388,80
23,150013,9
64,140349,88
32,101020,59
55,89694,38
22,197456,76
51,113899,37
43,40561,5
35,71191,15
42,100684,61
36,24247,13
51,162562,64
37,175983,53
71,174559,1
53,181621,70
48,35589,22
55,106105,72
76,65065,81
60,177525,95
25,177678,4
77,119211,61
62,120080,60
79,25506,15
77,57023,1
62,92947,91
65,37745,62
25,32913,1
53,96696,57
85,91566,26
88,109388,55
73,152729,1
36,170197,100
60,116946,68
30,38755,72
90,62889,29
85,49008,97
75,35172,57
28,150670,10
37,103573,98
74,181613,42
29,31828,76
58,120684,49
29,58293,100
64,194506,97
69,195270,78
68,184312,65
59,127095,30
47,57911,36
27,48624,41
84,196985,62
37,135173,16
41,77644,10
69,192924,74
35,36635,72
85,81933,17
56,134755,7
57,187034,56
60,189822,46
50,148776,61
90,191530,65
20,162450,73
87,90117,34
34,97134,28
90,81591,41
90,85698,7
28,98079,99
27,144694,69
41,81760,48
64,28976,6
29,173133,56
65,34875,20
57,165206,71
77,110780,8
25,184044,69
73,104467,9
25,23787,19
81,37455,5
33,124731,88
34,112385,100
82,26622,19
43,197565,38
79,186610,54
83,148063,9
83,82039,7
54,55842,94
39,102743,26
79,115713,14
35,75384,42
47,97933,33
24,69375,65
74,68263,68
64,128838,6
44,141216,1
18,184846,96
71,56779,58
63,59980,46
82,109525,94
57,63250,36
72,119344,38
27,73025,95
38,20968,13
50,173657,58
86,160727,16
50,84830,59
24,58127,48
55,183439,68
31,150415,48
37,126411,65
81,152430,11
53,115955,22
73,139278,76
80,132966,13
25,196738,18
47,167905,16
64,40703,81
43,147922,1
49,111951,17
90,137820,28
36,146696,100
28,103324,5
75,56812,94
48,193948,64
52,60679,63
76,180896,25
56,71302,81
38,168838,58
66,49966,29
26,138160,24
39,143369,67
86,172915,84
77,127920,78
79,176687,13
30,50033,87
36,173820,40
56,99861,23
70,155227,59
71,44385,56
30,154736,61
72,97183,28
67,199357,50
86,172190,50
68,52796,51
76,169290,100
47,134635,29
42,81701,8
20,127394,77
57,184296,21
30,149293,41
82,136170,32
87,153333,22
55,154048,62
65,172864,6
46,189588,15
33,92753,49
27,147644,48
21,27671,42
66,105122,18
81,21891,69
80,109634,56
74,44143,76
44,129072,34
80,41363,83
31,83785,14
60,74964,32
84,60196,71
73,143715,91
66,95982,2
57,115110,47
72,30409,78
60,29074,49
27,174674,27
77,133729,78
83,192037,31
58,137039,1
73,157561,85
67,78813,65
42,33096,36
20,179133,33
48,181112,83
55,116542,6
79,69505,6
23,148711,68
31,91553,2
76,51875,72
46,38181,88
77,113603,54
29,106404,74
56,169958,2
28,126691,21
79,76524,67
54,119827,56
65,23667,35
65,93921,7
87,106323,82
31,101223,46
30,50922,8
79,112011,38
63,144879,93
41,121559,68
42,138358,55
52,29078,76
58,21242,42
84,161911,10
50,72543,21
37,92328,32
40,146492,59
51,77019,62
20,147745,99
40,121061,92
25,44559,72
38,43230,52
35,149517,33
34,119301,57
89,157605,13
40,63731,46
75,31424,77
35,189120,59
71,21016,35
22,185102,73
31,127619,47
54,21173,13
39,76804,22
42,135193,65
42,53606,26
71,65032,70
19,62031,47
60,57625,64
68,94345,91
77,115894,83
64,174870,71
19,180429,62
79,179534,48
20,64695,16
73,94598,40
36,70343,89
71,48514,23
80,178191,44
65,54449,22
35,181867,87
29,179900,23
87,169811,59
79,79110,60
46,44427,52
42,176184,15
56,61919,91
64,67360,72
51,42581,87
80,85231,27
84,97325,63
26,23515,12
59,167647,43
80,108549,89
89,117993,8
22,97641,72
35,56234,13
49,133755,74
60,65378,62
55,37514,66
45,89210,62
24,126757,82
83,31894,95
54,42261,86
40,26528,18
81,138687,3
89,184970,61
75,50377,86
37,154590,53
28,159032,1
26,188741,78
30,161681,11
30,39154,55
74,63368,19
53,192621,91
43,92948,54
46,133156,49
60,27289,76
90,160259,49
84,43919,31
52,44697,16
61,189569,1
62,25079,86
30,173612,68
39,191965,82
73,91143,54
62,103913,24
27,56856,11
22,148013,16
32,74091,17
35,181214,100
89,100973,8
39,91412,84
86,68024,51
63,112683,69
27,111957,46
73,86274,63
44,76772,78
90,145535,22
74,69978,56
41,138043,81
39,104324,100
30,146739,46
50,92073,17
34,45638,42
60,76835,82
34,33138,54
20,173853,39
65,31842,90
54,92756,66
75,160958,17
54,39775,32
65,64430,33
50,143240,70
85,150066,53
71,88487,13
75,109379,20
70,104816,48
48,48128,14
19,48739,43
89,161866,15
83,74697,53
75,193450,5
88,68208,52
26,72229,32
45,102743,64
21,134170,75
20,146525,15
49,96273,30
65,169694,80
87,108559,40
37,65659,66
75,123855,70
79,162280,26
21,47491,57
50,130182,19
89,40270,26
90,90478,91
28,176107,73
75,76065,95
27,55453,66
76,77485,8
76,120509,75
48,61024,69
61,112779,37
67,109008,37
73,199307,73
33,39254,34
86,133960,38
61,67182,5
50,161998,21
67,153051,81
24,123331,33
52,172945,13
25,25372,15
52,181678,29
19,107143,7
27,99261,50
81,103323,69
31,195708,31
85,86093,24
19,59552,98
35,58755,40
21,145607,4
39,139523,38
82,103619,92
82,58066,63
69,109989,57
45,131178,99
27,78411,38
46,176139,8
90,104119,9
74,180671,56
57,126214,4
32,165888,12
37,78546,25
81,61087,72
26,176202,8
19,23611,91
27,198953,48
58,33000,40
66,25812,67
47,72337,78
73,66815,21
24,177579,59
81,57123,13
64,162806,11
77,47524,68
77,184843,70
86,161701,5
35,192100,75
70,104221,32
41,146420,42
48,52016,64
47,173042,85
64,62370,81
66,191531,5
43,110098,59
52,124538,79
68,107958,7
43,85786,54
28,173353,63
20,113065,26
26,174278,86
32,114375,19
26,92056,100
37,82340,95
37,118759,51
64,53577,32
28,44336,36
19,66473,53
39,176537,24
83,91826,3
50,78735,81
48,68126,85
47,197727,28
41,35491,86
18,193054,6
32,134564,24
57,195489,61
44,163902,97
27,128146,90
40,100908,90
49,185119,97
20,132282,64
56,196386,88
20,98366,16
20,153841,59
90,110247,83
52,91009,89
89,188894,22
54,96484,5
20,59384,19
38,173923,55
37,61851,31
75,86566,8
19,58808,49
86,140891,51
52,120656,5
23,99386,81
22,41234,94
46,41662,59
48,49800,18
76,24709,60
42,157568,54
65,170242,83
88,176916,86
74,41069,33
65,171478,100
30,96382,27
42,118403,36
87,171292,14
24,145039,99
34,55135,98
63,179803,28
32,111167,35
83,36752,51
46,106482,34
67,62717,55
70,39347,96
67,105638,64
68,86403,27
30,35329,67
34,189397,49
78,100970,41
90,187044,67
31,173685,14
53,187471,15
36,190186,72
87,173899,41
38,46621,46
21,87985,81
45,59071,59
62,71258,89
60,36803,46
37,151560,77
47,50157,95
42,119926,19
85,138927,90
80,150500,70
74,119365,81
55,50390,97
35,117442,33
72,185281,22
90,22404,51
75,153498,92
63,79785,35
36,64153,46
43,29536,1
65,62316,30
66,165294,50
53,166203,97
76,104389,34
61,87586,41
79,175576,92
26,188458,83
37,181940,68
88,192737,47
44,135684,3
81,73387,3
43,151306,27
42,23990,63
51,194926,56
33,27486,50
33,128944,63
22,36422,55
55,154234,8
47,47559,70
58,182201,50
88,133049,16
30,139494,82
30,117896,1
82,113484,52
70,73664,93
54,160624,43
31,110888,77
62,31903,8
54,86123,31
54,168190,97
43,98369,62
78,164115,1
89,184962,63
72,110965,3
51,154496,58
86,116350,22
68,187641,75
71,96079,23
47,25500,27
35,151609,84
18,52474,28
41,23927,62
45,135370,71
59,184806,98
72,95231,1
59,193896,34
58,135561,89
88,80155,41
47,166807,21
90,197312,56
26,155760,96
86,147795,58
21,47994,74
70,38599,63
87,40832,26
19,41156,35
42,174547,60
37,149000,100
71,161860,52
41,25990,79
33,111360,83
21,109633,17
49,155667,100
67,109035,42
67,186580,76
90,169562,58
18,182836,74
47,132443,84
81,144966,19
37,49997,64
28,90005,19
49,146773,5
80,172268,57
50,84102,67
82,176073,73
81,179600,11
81,59089,97
58,189470,54
85,149588,78
18,97711,73
62,41646,69
65,196423,46
29,157989,56
24,145388,17
36,56886,99
66,195960,68
63,176809,15
56,97396,96
48,31536,55
18,150276,70
38,137292,45
69,175644,20
22,70141,60
55,125051,11
64,149382,2
50,45351,29
71,124488,42
27,76976,4
54,91736,12
68,178734,61
89,98404,66
71,45477,78
77,159979,59
47,132117,36
46,198445,14
74,111587,21
55,67413,94
23,101684,40
28,117463,79
25,78656,29
62,193367,58
50,160764,61
83,96168,17
29,34530,99
30,129537,62
59,190989,91
58,54618,34
52,146520,79
79,92771,49
90,112244,92
30,61249,76
57,24876,35
83,160302,69
44,92913,49
89,42887,59
83,57385,22
53,88225,76
29,145532,5
27,156127,56
36,44116,78
71,114072,80
48,75110,100
69,146283,63
50,21399,3
79,142483,66
37,149552,19
61,29919,56
38,194055,18
27,125297,81
74,173057,77
23,115820,76
88,27301,27
71,76483,8
89,68531,5
51,96795,93
39,39990,4
87,25623,75
43,93081,77
23,48219,42
50,44117,48
33,189782,79
55,177366,91
26,107765,99
45,65328,47
54,46042,14
28,121122,57
18,152260,13
69,133594,53
23,86973,69
45,153939,31
75,117615,81
19,110430,64
71,125320,35
86,23178,80
85,81196,44
36,22155,10
50,39320,34
81,53286,32
25,112577,13
25,33184,30
85,125608,79
21,149589,44
48,167585,27
48,111534,61
54,164655,17
46,93061,20
59,43250,40
68,183399,12
39,168737,82
31,184991,19
76,22148,14
69,188363,22
79,23962,43
82,29126,86
65,34978,76
48,198395,42
23,70889,71
29,98705,64
85,137115,20
37,160406,93
89,98075,33
44,113260,28
75,187096,42
74,28763,71
89,25087,25
52,172373,3
70,70813,64
73,128719,39
74,117265,92
54,133866,57
22,175014,55
23,98802,65
60,141640,93
69,67323,96
28,113061,78
69,95824,38
48,123152,41
89,97696,12
31,28385,60
87,199070,3
45,112804,57
88,37037,94
74,39397,9
82,66052,28
80,80283,81
39,92169,34
28,20859,45
37,144999,26
56,96999,83
43,139733,77
18,32786,4
86,137215,10
57,155103,73
65,94107,63
58,135343,88
60,37753,22
78,71989,19
29,172954,33
82,24895,85
44,186198,23
90,109271,65
63,74553,30
73,191889,100
45,59624,64
25,103982,55
44,57588,14
21,60047,39
79,29209,51
88,63758,82
23,44672,88
44,179507,88
30,57237,23
39,53716,31
51,199540,64
43,27643,56
53,34337,91
82,196114,48
55,67198,31
86,196756,5
70,123170,11
73,29477,44
19,183327,29
62,170520,90
55,88747,47
51,170897,94
66,25442,39
23,195494,15
87,82684,90
38,122624,54
51,195036,34
83,183369,44
71,107708,58
81,74960,5
50,98129,52
71,37801,21
25,184111,42
79,176926,2
36,77248,51
39,57224,75
86,30718,100
88,59822,78
57,178635,70
46,173612,24
78,126182,21
19,62692,50
35,105050,92
23,195225,96
20,90718,75
25,95895,87
72,130429,1
37,143793,12
40,178757,58
34,81885,53
43,159120,93
59,62665,23
76,131186,65
45,83790,49
41,140699,75
89,109211,86
64,170505,32
21,88548,17
41,164841,75
38,66871,85
58,188669,9
29,111284,29
44,113243,58
46,62125,3
72,145564,49
63,175391,68
27,137158,73
18,168998,48
50,157466,100
58,147471,3
82,23624,90
56,37718,55
56,193105,81
86,118673,75
90,197140,35
70,97831,30
89,144452,64
48,169584,52
47,119353,53
44,133713,44
73,167553,44
27,113815,24
77,109642,1
55,89345,38
43,77300,81
84,87892,51
26,100489,11
77,169901,42
58,155674,64
45,138700,85
45,176737,9
50,43731,26
33,196473,56
78,169890,47
65,77696,74
79,52788,17
48,158263,14
88,67350,26
61,120338,54
44,188542,77
34,75665,21
38,190038,40
75,94826,22
18,39706,52
36,148986,83
21,73499,93
60,148427,20
86,20367,41
40,131652,91
83,53030,80
76,196497,19
19,182394,88
24,187756,52
41,145307,26
67,145292,62
68,177663,23
59,116324,100
79,135158,66
75,26876,52
65,84206,98
42,171671,20
78,48877,71
53,106267,43
72,83133,29
33,109882,90
63,163949,48
22,173057,95
56,68028,9
68,27551,78
53,53828,17
53,113496,4
56,37165,90
24,29176,87
86,159995,25
82,96254,36
55,118524,35
23,137847,70
30,90332,9
64,162276,45
75,37053,96
83,57511,57
84,188514,52
34,103243,94
20,164068,15
49,190610,7
77,94757,48
52,92926,6
18,96028,76
62,155428,81
64,165306,93
21,179719,8
31,92593,82
64,156475,59
31,101506,59
30,126846,77
80,104540,80
55,165332,92
25,156599,14
32,76868,81
87,28007,91
89,68635,3
25,188784,44
63,150714,18
19,153793,68
69,84036,74
90,24141,82
90,187055,46
38,176170,88
52,61569,87
59,179314,57
51,27849,16
25,178079,44
85,44920,4
67,156630,79
31,53273,96
60,142123,81
21,63824,78
85,62152,9
20,188379,43
78,155183,73
67,66006,73
24,66141,48
83,77996,84
84,72895,82
60,180343,36
35,78300,65
87,116747,60
34,186138,24
32,132762,84
66,125170,49
66,134453,25
89,166749,41
38,92407,59
50,120912,64
42,38957,72
29,145488,90
79,120072,84
22,148402,26
90,118293,1
21,152598,55
35,113673,100
50,195210,46
33,142281,17
24,53101,9
38,121078,8
32,37599,87
67,111626,49
88,182816,81
43,165259,38
18,37113,57
57,53126,92
73,45519,77
75,50834,14
44,32417,2
26,93896,58
62,48610,91
69,108965,91
62,155367,37
79,192106,66
21,84817,95
30,89268,6
52,75279,65
41,119806,17
72,92930,72
78,136822,33
60,130388,25
58,144006,41
46,39034,39
34,115238,91
79,72784,63
44,155165,71
79,25787,93
84,119028,12
31,135603,55
68,183505,46
30,21969,26
82,115237,14
32,32101,96
73,130627,81
71,22412,100
90,149207,61
38,85765,59
87,193476,88
72,191005,12
49,151751,88
24,139031,52
79,131941,14
45,89157,70
89,198252,77
51,120437,3
42,140330,9
33,57209,32
42,106261,40
61,67375,66
21,175011,54
21,182021,11
50,146849,25
63,118705,85
70,163535,95
83,87367,67
51,96458,22
20,91685,10
59,42039,26
40,127737,12
74,194539,81
40,152822,65
72,195104,23
44,27788,15
83,128091,74
44,166976,59
22,171656,92
39,143668,90
62,153884,74
78,117116,47
52,142234,33
24,20026,60
32,143755,56
18,63246,68
20,160676,79
34,77401,27
86,197577,16
54,127967,36
67,70531,15
54,76222,79
77,188027,82
79,129447,17
24,77592,37
89,103601,38
77,61071,16
85,39275,95
37,126192,67
26,90805,67
51,128859,20
22,87507,3
32,90962,91
31,139838,88
42,150043,69
18,171868,95
77,185057,98
83,72073,20
67,151492,69
47,60792,79
46,116392,92
61,155498,82
78,88742,33
78,38056,21
67,111918,23
18,133434,8
61,175113,36
47,110661,31
64,49405,97
49,89964,10
85,59481,46
82,132057,12
46,155922,86
23,168057,13
72,182599,80
78,33358,44
42,39919,33
71,98489,93
19,50425,4
60,158062,92
30,124233,43
65,67252,65
83,153609,16
33,27062,95
37,122064,49
63,146967,59
82,65665,21
19,34054,74
78,88937,60
88,134197,24
62,34325,3
42,138545,35
69,123136,35
59,60468,20
62,163073,22
29,87548,1
49,191629,81
74,170243,40
57,183870,14
69,167470,24
47,133448,74
24,114340,29
22,165070,57
25,66762,14
86,184844,67
62,91478,75
43,146764,61
68,35105,3
51,47082,34
40,138943,51
28,181957,33
87,149886,28
51,189855,53
45,92399,54
47,157226,39
65,53578,38
79,139904,21
39,34988,53
86,88935,24
85,185863,25
79,77675,11
45,21120,73
83,78803,96
62,36232,49
70,21416,50
48,76637,94
65,108649,1
40,92677,87
87,65959,40
63,78500,67
37,178614,43
36,109364,3
78,20895,17
85,92571,22
42,153754,6
65,88674,29
43,171199,28
57,30100,3
32,152904,90
90,65726,87
26,155839,59
70,60936,15
90,54803,8
50,64767,24
28,195815,26
64,128861,19
38,102107,77
84,117908,65
84,69528,3
72,128390,33
36,134279,19
62,41793,62
57,39270,63
50,127482,33
65,52721,63
82,36272,42
47,118790,58
20,126932,100
24,153939,69
36,183600,94
69,60244,53
29,171852,54
23,168712,9
77,110848,73
47,64428,54
45,149856,64
22,75872,4
70,199375,52
26,77308,63
87,133949,43
81,157229,80
42,190190,90
55,23714,32
50,35162,45
80,57600,60
46,150864,42
37,178854,56
19,133719,91
54,173500,35
85,116362,71
19,43405,7
89,184818,59
86,162032,100
58,69914,27
84,197577,88
73,148812,22
35,50167,71
40,71718,25
58,122586,48
80,191221,1
64,185947,41
78,145480,75
39,117959,56
77,45973,61
20,121981,88
80,130610,5
37,38115,2
48,54314,73
71,60186,27
43,123717,42
84,178866,36
76,52792,24
43,157587,82
50,183806,98
21,41548,70
28,106930,51
51,44627,20
64,74069,34
41,136407,52
21,61801,29
61,121453,5
38,39535,52
23,52568,7
45,189817,15
34,35191,93
18,47694,17
66,78476,64
29,114252,55
54,180926,21
87,48004,72
47,117548,22
69,120863,56
31,166091,48
45,25111,54
48,169492,64
49,156693,69
58,34333,34
46,31543,28
89,25875,26
51,90904,21
19,56279,93
39,136139,24
72,73784,33
80,72858,60
69,44052,29
36,49206,66
24,147781,100
69,182159,65
82,33489,55
66,188928,61
56,25773,25
85,198971,13
68,176364,25
53,171195,87
61,51732,84
82,43516,11
43,187893,27
53,132353,58
62,36644,45
31,146830,51
69,133637,11
35,112981,72
67,28146,100
29,64520,22
57,24860,57
83,196495,15
21,41085,46
79,142798,39
30,190791,13
69,127189,89
63,180819,39
70,185367,69
24,167055,22
44,128538,79
79,113974,11
60,34808,89
90,154969,61
41,178534,92
73,35515,65
83,61689,7
65,122104,42
78,188556,18
52,168189,27
64,58171,8
42,69347,59
63,180254,14
38,87274,66
84,169056,96
89,119554,85
31,27639,14
44,54231,79
47,95601,89
56,117356,39
40,181526,55
53,145689,37
23,70705,21
36,144991,34
18,150978,45
47,147362,90
60,21441,29
64,80514,8
80,86719,56
21,166481,18
85,127834,99
32,79382,18
79,63302,39
36,86262,79
54,131333,77
53,181089,93
66,68055,75
40,45047,80
53,142230,87
68,123077,82
56,100638,13
64,87969,24
35,168770,83
64,166360,40
54,62459,69
52,54904,47
73,117314,7
64,111075,98
23,161090,6
81,96670,16
88,61898,56
21,37921,46
70,27402,68
44,32642,3
74,84453,12
28,71174,15
46,89088,54
61,60457,55
90,124884,18
81,176130,35
25,168864,6
36,101200,66
18,62820,90
64,101123,20
74,148827,100
39,70277,75
48,58049,32
57,194861,59
86,41545,77
60,85106,16
68,156840,58
70,191676,100
74,189400,61
73,35680,24
26,174939,11
85,47416,5
90,99030,54
63,162740,98
37,36869,64
23,51281,23
31,46379,54
85,190209,31
67,126435,41
51,83434,83
39,22302,30
21,35279,78
26,167553,14
90,86980,47
53,35965,96
23,158737,50
64,20790,26
69,79025,75
19,47715,80
25,28054,81
85,185856,51
55,27583,93
64,99977,32
22,98358,57
63,39757,51
61,185593,62
78,25999,56
20,117979,43
51,134953,91
43,164350,71
80,91407,70
52,81644,71
38,188302,51
74,107686,78
76,173331,56
40,64387,2
86,32984,17
22,40022,51
41,170275,37
35,44682,52
26,159629,52
84,129494,94
73,36251,22
36,155936,6
42,22084,88
40,160682,47
72,134799,30
43,76676,81
49,190582,58
82,131353,23
60,187287,91
34,171141,4
33,199666,67
72,114215,48
51,27386,65
34,38340,81
70,159689,52
46,45606,44
37,99759,5
52,180821,74
23,189853,24
87,31997,19
55,78884,69
44,149908,15
58,69143,17
64,71667,16
67,179013,39
34,123893,56
57,83129,12
71,97846,96
87,80996,69
69,105588,30
35,149244,60
42,189145,32
46,90562,76
80,170778,98
22,49483,8
84,83248,78
23,45452,77
48,62794,39
82,86162,16
31,103668,54
58,20169,82
26,38329,43
65,81595,97
22,187638,78
86,52645,84
24,115890,13
33,153653,37
28,146665,95
54,134934,52
66,159230,91
20,135205,23
65,72139,6
35,48162,38
26,144451,52
41,69332,57
52,74709,56
46,99802,30
28,118953,87
43,105699,42
20,44018,11
70,162373,70
70,127739,96
38,135164,2
60,102332,33
60,57161,48
33,106513,72
49,34494,2
65,113562,63
41,187260,57
23,44899,90
74,176026,62
78,129877,65
23,80038,84
25,49266,98
47,134507,30
45,176667,14
33,113749,55
29,196824,9
61,27884,90
70,94432,17
31,145353,85
85,44370,91
61,26701,29
87,82084,98
49,147897,22
47,125862,15
73,189278,54
77,51519,40
38,67499,100
89,180446,98
83,104980,24
24,95679,65
58,140611,8
23,135582,67
36,183368,71
47,113488,35
51,41354,9
78,167469,19
66,104575,22
44,90429,93
62,91838,1
49,54127,85
24,106437,71
90,134160,88
32,132095,76
56,84892,50
55,31488,68
79,161995,16
33,124814,71
59,190086,21
50,100127,73
42,58643,54
63,126502,84
52,81767,19
72,77644,14
74,96671,89
52,79560,61
72,53790,65
55,93665,16
38,117959,93
81,188011,37
80,95048,7
76,58221,92
25,199654,25
39,86789,4
59,42301,20
20,91523,8
41,60947,38
89,57261,59
74,43075,90
71,176424,91
32,86714,23
44,170771,99
62,179663,53
82,159102,46
55,97725,76
42,191267,23
71,180209,4
33,107515,75
68,124816,21
89,181540,82
66,63608,28
81,152833,93
54,78763,81
51,60032,30
26,69855,70
35,100972,11
19,92598,59
61,177518,3
48,27878,37
26,110005,100
75,148505,75
35,91405,54
74,158548,14
22,33486,67
74,30698,97
74,162821,5
34,147588,43
21,177996,9
57,59952,31
29,102041,27
54,82254,14
72,61856,13
20,116319,85
28,69330,9
70,178952,4
79,88779,16
64,145346,77
51,102610,59
64,59907,7
50,87390,45
25,34998,77
20,82728,86
59,176564,44
48,152927,41
50,173841,85
45,95291,99
69,44520,47
40,28577,90
48,41916,90
74,171375,69
22,30460,48
71,148385,48
48,38915,29
88,151941,1
89,45126,77
42,171015,63
86,133856,6
38,70033,63
79,41772,94
81,128864,54
28,31329,74
81,182358,70
78,93245,6
43,125512,96
67,172473,40
74,196097,18
40,183790,16
20,144570,63
34,90159,49
55,165677,23
78,99948,20
55,58520,86
24,78839,89
83,149464,97
54,124060,52
44,154418,95
68,197695,17
80,171199,80
54,175562,23
70,167599,62
24,39271,8
76,128381,55
81,25613,51
32,119089,59
19,105107,90
69,132249,13
67,163293,22
55,117969,72
75,43631,90
69,84971,99
86,83428,23
70,26895,99
78,104682,98
73,171972,29
59,26369,56
58,54054,96
59,117094,84
63,168509,46
30,103191,6
54,199791,20
69,180335,93
68,154414,81
59,98346,84
23,27978,18
70,70065,99
53,77980,28
83,174248,4
75,147324,67
27,182070,60
87,81749,29
70,66880,76
53,50035,79
44,141273,10
83,181849,69
56,56627,99
54,84902,84
47,90622,47
28,178726,45
28,161469,58
78,181166,58
64,145384,72
88,156579,30
36,120287,20
78,150538,35
53,94305,4
76,23670,47
46,66452,60
79,161200,2
52,106927,11
46,117824,35
52,20719,90
47,41704,69
38,119914,48
54,155750,14
62,105203,83
69,25398,28
70,56505,7
43,50793,95
66,169287,5
22,135615,70
84,31648,32
74,72353,76
67,194288,26
34,184616,13
68,39133,12
38,28414,38
53,153857,90
50,28524,50
52,92915,99
85,195358,11
53,38917,13
64,69788,10
76,55120,34
30,181165,70
26,199667,84
65,181003,38
20,33073,100
75,181651,62
80,194677,86
35,168378,87
31,26930,14
47,154852,18
28,27512,59
35,37024,91
59,187235,7
83,130979,11
27,181196,24
30,23360,62
72,70168,100
19,160324,6
80,197688,65
24,142818,30
34,155250,72
26,33800,22
56,123404,57
38,184691,33
52,116319,65
20,142674,67
46,85841,81
80,183058,86
89,28987,59
81,93355,88
58,81454,55
66,94700,7
90,186274,80
29,72606,44
45,154639,1
67,64571,61
63,147842,30
58,25386,6
89,105551,73
76,109149,87
73,86205,55
65,25638,39
33,177704,44
41,64788,83
53,165482,39
31,144137,95
73,26619,86
55,60789,49
30,21427,28
32,88366,59
47,99072,41
41,25285,98
83,77738,44
88,61989,52
55,108382,10
50,55459,55
58,170537,23
54,131633,34
64,96704,17
29,23029,12
26,120732,37
36,38405,92
18,45918,12
36,196341,34
38,58860,46
65,50433,88
69,177756,87
78,115868,13
37,165713,62
34,119152,33
72,58667,11
77,120689,81
63,98775,50
38,55064,94
86,160737,46
49,73104,64
62,87248,5
56,87299,16
90,114072,58
46,45131,55
24,83054,51
49,90438,13
63,73551,26
47,150658,59
28,56000,5
59,182526,66
76,170188,12
80,164557,4
32,174133,10
51,38437,6
55,158851,26
21,66263,61
19,37552,28
59,49944,8
84,180844,1
81,50054,12
56,103537,68
25,160888,14
63,32307,80
48,191089,100
58,187267,80
82,195230,22
65,168541,40
87,61148,15
30,161602,65
71,122446,40
28,118567,33
83,98399,84
48,191777,46
57,119201,67
55,83067,73
88,98401,8
76,29183,7
58,51740,11
67,198541,59
25,75708,45
88,150677,87
83,58758,67
24,49936,19
85,26245,35
36,105676,37
64,69159,12
58,121725,17
60,51672,97
83,40674,86
46,100954,83
35,95736,19
82,51017,26
87,76830,46
29,56372,11
62,97887,63
83,31182,18
63,21884,93
79,113513,81
69,143345,73
23,154698,68
50,105524,34
63,70211,1
87,113264,58
75,79062,11
26,190876,18
47,110131,9
57,74256,59
46,128303,19
47,152023,98
29,156546,3
55,174785,8
31,91332,55
58,162408,58
74,22767,61
35,43752,10
88,178726,71
53,75830,22
84,146760,84
28,196147,79
37,84467,76
84,190750,85
43,83083,36
82,159483,86
44,142217,72
86,148577,86
22,42018,94
79,144612,98
19,77762,37
40,174465,9
76,152961,24
84,70925,93
23,159692,68
20,75068,90
62,98904,26
35,149637,76
53,53042,95
64,85779,80
85,99122,38
61,185039,46
32,96424,10
61,62451,80
70,105072,71
59,126248,26
62,20299,13
84,77693,5
71,70664,32
35,136714,19
75,185565,68
20,168609,81
56,144014,85
51,130752,10
57,92206,3
32,198910,94
21,28488,52
90,197290,41
74,197458,41
89,23423,36
83,186831,61
42,77128,84
76,65549,11
19,115080,43
85,146284,16
20,48990,56
37,34488,86
78,64331,95
40,129432,8
44,178753,97
40,171288,11
47,90228,84
27,99084,97
64,41946,78
45,170465,10
27,55949,9
78,30520,8
50,52364,59
66,26206,40
40,129268,69
84,38668,80
67,142973,5
49,115408,75
34,20177,45
32,131812,63
30,135158,56
45,80696,66
80,51535,30
23,180170,14
86,81353,12
83,147066,11
19,33663,37
73,168970,91
68,189376,64
78,141901,77
73,146136,46
33,83963,6
88,50628,80
55,167896,53
89,111601,3
51,48264,35
73,155910,20
39,54929,30
52,33583,71
49,26174,26
26,107427,45
81,166019,48
54,23293,77
26,82436,26
47,178174,39
21,189753,64
21,109002,35
60,41161,65
76,88487,46
86,152809,66
85,135134,32
22,160872,2
24,22040,98
48,71670,14
44,167902,82
18,163052,2
52,40147,79
28,90034,30
60,159371,99
43,155017,5
51,32838,24
87,143811,52
72,87735,47
75,102879,6
45,32992,24
27,44516,84
71,34152,20
26,159912,100
76,111191,81
43,99734,54
30,65085,3
51,189673,33
76,55717,37
25,144827,90
51,56385,7
72,50265,100
70,102169,21
68,149776,36
90,131035,97
64,40645,53
18,150752,45
31,109777,8
37,73406,39
34,173420,60
37,146401,83
88,113576,55
58,42386,48
24,82341,82
43,82131,83
62,75070,64
84,199785,42
24,111260,40
78,28829,46
55,153425,93
64,57010,50
85,185497,37
35,199728,55
50,144488,49
27,180316,85
27,138560,84
24,31828,78
90,22268,88
53,83592,84
26,161313,64
69,177523,21
72,46197,31
25,125683,46
87,21933,57
27,161449,91
71,167815,22
44,184628,79
63,145225,59
29,69464,56
72,39801,72
47,64626,52
70,33031,57
18,49874,12
63,176522,51
43,170294,68
37,40908,34
55,163559,77
22,193689,9
50,67370,20
85,115809,89
24,128149,97
74,98413,55
87,49732,78
85,176663,53
33,88778,58
57,44933,74
30,103046,9
44,115291,84
88,128310,18
86,118154,28
52,181948,35
64,28610,50
79,169963,5
61,157453,5
66,28903,7
41,101360,12
20,40581,47
58,98897,93
79,44139,55
26,198386,31
24,82038,19
86,99471,41
90,64827,68
21,113604,59
49,63694,69
38,98444,21
30,146712,93
65,109888,49
75,126358,5
76,89436,73
55,143508,5
81,177419,99
41,107429,20
49,175088,68
52,33236,61
19,119378,79
35,40311,13
36,74815,72
78,134250,10
42,28782,40
54,104586,67
64,80213,92
86,129626,2
83,193265,7
63,191730,13
54,78624,13
25,77675,72
64,84559,13
88,159832,37
78,151697,82
36,64463,17
35,162251,70
66,67066,100
21,50714,5
21,109876,95
74,56371,23
84,98623,76
51,140376,73
67,159662,37
32,55710,34
24,192159,36
21,142508,41
78,70697,54
64,148441,92
82,24443,32
19,29856,13
79,157180,84
40,151026,49
53,121080,64
53,116704,44
59,64743,5
55,196475,49
72,62376,15
32,115641,16
64,181326,75
34,39806,11
86,101754,100
87,58309,19
71,22897,98
82,169737,1
28,130893,61
76,153207,2
19,162907,92
88,66353,87
28,28983,81
80,92241,75
54,44337,24
30,152074,69
51,149230,50
69,140510,55
21,22396,52
77,94198,91
43,67415,28
48,40506,36
26,60435,66
22,198504,30
37,132372,52
49,37297,89
19,51263,94
70,149608,73
88,165768,77
18,40415,49
79,115675,54
63,192299,45
53,107056,77
20,182740,38
68,139554,2
26,136152,84
32,118163,38
34,50101,57
79,188574,13
69,94647,25
30,111705,21
30,32482,70
89,134951,67
41,22761,93
52,77796,65
44,25522,82
46,134459,53
37,146621,60
67,35167,62
37,102451,15
18,164134,15
35,185772,85
62,20560,61
84,146813,7
90,91393,67
85,33097,93
19,151040,9
40,84883,93
22,82804,25
53,140798,45
66,150801,98
29,59836,94
75,36346,52
89,103458,84
36,25435,76
48,95997,32
68,172285,56
27,91356,40
59,116521,63
41,196067,28
29,22687,87
52,54107,43
63,43898,83
23,158637,53
69,158387,79
56,83213,53
64,184903,54
62,147706,88
27,159416,72
30,133314,82
77,133202,67
61,95213,25
35,132442,97
40,24610,23
18,99390,24
25,63185,46
72,172675,34
67,44126,56
67,192467,22
63,63096,68
78,137972,1
51,60530,86
76,59433,76
21,158464,74
66,140622,38
29,132862,62
74,178435,55
90,144443,91
89,79964,84
60,101701,85
21,96378,96
38,70322,7
68,138383,14
30,199577,51
32,37986,52
52,190380,3
18,113986,72
33,169335,3
81,169318,15
38,74515,46
90,162294,11
72,53022,20
18,143144,77
74,157709,86
47,135656,7
44,83132,48
30,53249,87
68,184801,23
59,149396,39
69,102447,89
65,70086,72
61,76128,70
88,149967,74
81,196456,90
22,70150,26
44,105072,23
88,95295,60
67,128956,72
73,119262,60
59,125271,99
30,92566,13
32,178936,100
31,80035,73
42,178241,94
47,100674,37
85,60717,63
22,168991,42
42,33593,76
61,196322,55
74,36826,40
44,42504,4
27,100880,13
42,150202,84
51,124506,54
25,198210,90
34,65473,22
66,22850,49
83,92363,91
72,153799,38
34,37726,48
33,38323,36
59,124921,14
87,103401,33
57,157282,79
25,119538,5
42,174653,63
25,34685,80
73,166579,62
19,116195,59
43,85925,29
21,115102,14
78,190013,67
63,121991,87
21,78417,89
85,37262,86
79,132813,80
62,62921,48
40,125113,46
56,150661,1
50,60473,81
42,85379,21
27,191560,10
19,196060,95
59,123585,46
44,56878,50
85,127096,33
40,192041,50
83,28074,38
36,92887,92
69,142761,5
86,166303,36
48,186704,72
71,108984,33
57,190138,34
70,89373,37
28,141724,27
83,36133,22
84,156911,91
34,72008,21
58,30206,75
64,124129,73
55,156999,36
68,39824,39
40,148703,70
52,130183,98
83,34383,45
68,70914,36
66,171962,53
76,85637,34
74,107984,55
69,135510,80
38,89005,60
89,139033,95
57,76232,93
47,55907,98
89,186921,89
18,100605,45
33,75666,35
70,61947,16
27,145874,15
41,114595,2
60,51126,36
50,159151,3
65,120063,90
42,181359,5
87,109238,6
68,77449,67
27,110460,58
30,47903,87
23,50324,50
44,77902,12
24,96189,58
22,159601,71
90,29295,8
57,180383,27
21,71007,46
90,100307,54
45,125257,69
71,100487,47
44,59113,53
84,183605,69
46,184069,11
80,82796,82
26,21797,96
71,165788,77
75,128818,70
39,29942,65
52,94024,40
73,181908,49
78,85594,17
84,35469,8
26,42709,43
69,121401,70
78,126375,99
62,154165,71
84,116635,58
18,70757,7
82,181696,47
80,71682,26
72,196907,54
74,23613,35
57,45311,58
39,56921,66
70,103631,28
19,122084,36
25,197758,3
56,87304,58
36,42631,36
31,129939,17
81,85423,100
23,32494,68
69,151224,76
51,59785,63
88,39244,48
29,41207,58
75,137428,83
68,116301,97
87,129942,22
90,48566,83
58,86353,9
34,32737,64
79,171376,91
81,86700,27
86,196379,66
27,22205,77
79,180739,81
44,79243,45
47,43932,73
25,146064,79
37,148565,69
86,198190,18
38,146501,96
85,196970,3
21,45105,55
66,26593,10
18,179356,86
46,177899,21
39,108600,78
60,128413,65
74,138838,60
69,64926,98
25,132717,22
21,46599,1
34,87243,93
31,168381,27
47,187847,49
35,119967,71
30,171616,98
49,63871,24
44,172988,81
55,122859,99
49,162667,28
20,79139,17
43,65825,15
19,28268,23
24,67154,81
86,56321,56
75,75781,53
78,120074,68
84,105542,47
54,138240,82
40,183516,99
22,172605,29
18,173614,4
70,132145,82
86,102588,21
20,23370,81
72,89520,12
54,173815,91
61,108829,37
74,146467,77
57,149352,53
33,89616,71
75,63741,69
86,190217,46
59,83689,8
25,46110,64
22,150509,71
90,86142,29
69,167066,90
47,66463,60
21,142033,5
51,47147,64
46,180210,62
73,32672,48
66,103401,63
62,58316,66
53,174633,54
36,109945,87
40,155505,48
81,146165,62
49,28487,23
50,163343,16
67,100594,19
66,89068,26
29,43020,51
88,33649,35
85,60511,78
80,88041,39
35,71435,79
65,106008,13
83,179916,32
50,195746,92
87,99328,11
30,27091,25
39,157172,42
44,159974,19
75,134962,54
31,165408,70
79,71262,11
88,176235,8
65,47682,38
47,163619,20
48,50071,62
41,93945,26
30,110022,68
38,138138,83
56,116906,92
67,148317,92
63,183694,37
90,73294,82
32,38503,9
48,108231,45
84,64258,42
75,168035,87
27,61765,5
66,43242,28
46,179141,73
36,154498,93
50,182015,91
49,77640,18
66,73571,57
55,61253,50
38,64839,90
45,113145,2
23,199168,59
29,28939,39
84,161602,39
34,30892,30
56,119350,1
29,162839,21
89,119882,47
27,109439,46
20,78786,51
41,183487,15
87,155116,8
73,81250,92
67,196553,47
20,119650,30
42,91625,76
23,155356,85
28,155271,17
90,32550,32
76,94996,53
28,80391,95
59,154689,72
58,32969,64
27,109563,51
73,82969,93
59,184613,14
81,66185,41
90,43278,24
84,150813,98
37,148692,9
78,128860,15
81,186378,23
50,95457,45
26,38916,49
81,170260,97
81,134635,95
32,148042,83
60,198779,78
86,130741,93
52,183564,93
45,187268,91
74,186796,80
43,172913,1
88,123663,19
49,67806,46
81,154158,39
59,71741,18
62,53063,52
53,42380,19
58,29815,82
86,96008,74
61,76061,93
51,193825,88
82,47593,63
27,151700,72
52,171508,23
86,176569,32
75,99729,41
29,195193,27
79,170915,70
29,109472,63
41,126673,23
18,102168,50
54,79232,75
85,38006,43
71,20328,26
60,131638,21
53,160179,72
60,78609,15
59,164348,42
48,115053,54
32,113053,27
59,46098,86
81,123853,62
79,78283,39
66,187787,48
30,177421,70
39,102248,77
35,182100,99
77,39712,42
82,21920,81
68,154854,75
65,198757,78
52,192155,3
67,127141,68
73,183346,55
22,79487,78
85,127132,98
31,182918,1
61,154156,43
39,128979,78
70,67687,46
35,109220,46
72,128589,37
21,29300,28
69,115680,71
58,83069,17
53,33125,6
76,187669,34
70,179729,47
75,68720,70
82,23154,74
21,118564,25
24,78425,32
65,71226,80
26,170380,65
74,197092,16
84,147479,37
79,99047,33
34,30862,17
71,153991,97
19,163634,76
73,188584,55
69,176095,47
72,199200,52
51,148185,45
68,24123,85
26,148883,89
36,20534,65
46,32859,15
45,38460,84
78,171733,39
23,187936,33
73,20101,93
43,185780,39
39,56603,71
42,101310,8
55,95344,47
44,37345,17
39,175586,57
61,96810,66
71,97701,27
31,76034,33
38,104243,52
76,59132,39
41,172535,20
77,108307,61
48,112458,55
48,109890,47
86,42202,57
74,41021,77
27,46708,23
28,152010,85
56,174259,40
32,24099,12
43,93598,13
32,74847,29
26,131295,71
54,179683,16
45,102344,52
67,37636,81
43,55653,73
79,109515,84
78,98708,25
33,46692,31
33,116523,1
56,187929,47
36,156110,50
68,113082,93
28,137486,27
69,134896,75
69,79438,45
81,189264,32
36,196881,64
55,142633,92
19,121354,40
75,64541,43
32,84029,45
78,192185,94
67,143930,20
67,168201,44
48,71787,52
36,187668,50
64,162928,8
63,196575,86
37,128374,66
89,113177,15
76,137065,88
31,27515,48
29,96569,39
31,139838,57
71,130366,96
83,86307,3
75,133022,22
48,142634,30
81,137223,67
28,95943,55
26,127827,40
38,47149,71
84,198913,79
83,38507,68
53,30658,49
41,137245,72
48,198044,72
35,190707,9
83,105975,25
51,26805,8
25,24222,82
80,56168,72
83,107882,46
47,132029,55
26,85584,59
34,134892,87
80,67881,79
29,80770,43
38,197828,22
81,179225,67
27,89552,23
28,174651,51
41,83624,41
57,61814,57
28,61346,47
46,66899,99
90,152529,95
79,101741,62
86,175749,81
20,103849,45
79,27386,24
79,100921,40
28,164277,16
30,177638,18
49,39337,72
20,104469,73
70,170964,42
74,109031,24
49,41639,8
58,173644,51
86,43576,81
23,172659,63
86,117516,10
46,194768,90
63,67733,34
35,145212,25
32,126696,9
86,57958,80
82,136040,71
56,167902,65
26,25215,54
58,123614,66
71,34031,61
28,67996,63
56,89534,56
21,136970,19
59,95773,39
73,23355,89
30,68669,40
18,38922,94
72,103866,68
77,169226,80
83,171322,77
58,67243,16
43,108064,16
78,136031,14
88,154634,61
83,72979,53
72,62560,30
71,74314,81
35,123485,86
86,78621,43
90,142186,94
45,49408,19
63,124153,31
56,177754,18
27,185402,16
83,35230,25
27,65877,43
81,167561,54
79,193603,4
85,99548,92
37,74710,89
47,184298,65
19,120235,40
79,46274,67
81,130342,96
80,174799,27
71,33776,91
90,85382,79
51,147793,76
46,71958,28
43,120087,50
70,141137,17
56,90140,82
51,108061,29
49,170516,25
72,76818,15
88,30834,39
47,57900,98
84,23631,100
29,91078,65
75,171337,99
49,69765,95
88,198025,66
67,92831,22
35,105288,69
53,123067,77
71,54499,24
35,105177,9
77,72340,41
74,144559,73
46,86596,70
31,140461,49
20,190934,96
55,73912,94
84,37095,88
21,87700,28
53,79435,23
74,102794,40
82,26591,48
54,113570,94
81,141943,34
78,100710,50
50,52504,33
49,78902,36
82,191379,71
37,100007,83
25,197402,26
59,27013,79
62,53432,73
30,107667,69
32,175533,14
48,25096,31
78,60116,48
26,178406,66
42,109286,37
78,71947,19
40,25196,21
30,81000,22
27,125376,15
20,194737,3
79,101183,93
44,87238,25
78,184136,98
48,161711,23
79,51357,43
55,187976,29
19,45172,59
67,151505,18
26,117118,3
89,36569,20
30,198420,11
29,159853,82
50,155693,80
81,171275,15
65,107148,94
72,59255,92
29,61457,96
70,193902,70
24,170276,37
81,73615,81
87,123469,74
35,44882,6
90,191626,70
45,199200,26
26,199302,36
49,187044,94
50,182878,80
61,151494,38
61,155509,83
18,161596,63
41,180683,53
77,34265,54
60,55136,75
89,148942,7
85,129083,53
56,164406,30
54,114239,17
75,107531,37
66,103972,80
36,182253,76
81,56893,92
37,74895,78
36,50475,27
76,91118,47
68,154900,75
56,176917,26
87,152559,22
80,183996,88
26,44064,35
40,108798,72
89,52534,87
67,130163,46
24,82622,97
51,152663,81
47,179472,51
19,179590,40
30,75754,89
19,61026,91
83,184054,76
79,133717,33
56,103759,89
83,27560,90
68,170243,91
26,199724,37
36,43692,19
73,82150,44
64,196143,44
49,177239,92
85,25633,96
68,145432,87
39,62376,88
45,138670,21
59,130542,69
83,130318,14
37,70093,12
31,94134,70
73,50045,24
79,98854,6
26,123879,37
29,102557,90
39,103007,66
61,187229,89
46,189744,65
80,56638,79
54,88668,73
48,165405,70
45,195316,67
57,112615,3
31,44723,9
69,189922,61
70,95890,5
43,196847,89
24,192090,72
18,171281,41
58,123647,59
57,111248,11
60,51945,92
18,125550,62
52,84116,21
73,96024,25
70,51306,2
39,26660,95
86,52584,60
49,84513,70
55,174092,91
22,51283,65
62,37219,62
55,26766,40
47,173520,72
83,199536,94
22,186699,99
61,196963,93
54,165878,58
74,80683,81
81,98518,80
22,106793,12
89,62790,74
87,20204,91
85,161048,13
19,27179,36
19,108259,32
89,114549,78
29,38415,90
22,58663,99
47,165496,69
65,147552,90
65,68278,78
81,150919,19
57,81446,87
55,186061,8
83,135441,75
52,143599,46
49,64527,92
67,24259,92
62,128779,98
25,113666,41
45,147168,54
37,58622,65
22,44900,20
67,104163,50
46,90855,82
73,144824,1
29,144737,82
50,119074,82
79,150043,54
28,88794,3
19,97023,87
70,151623,77
84,95750,20
63,101642,4
90,99695,88
82,60756,43
74,170885,15
50,123230,49
50,82040,11
39,34676,59
67,152454,56
88,54320,85
64,174276,92
64,44076,44
86,92657,37
55,47901,94
59,112795,67
77,125652,64
88,78378,72
42,22584,82
69,32595,75
83,184965,76
88,197594,37
60,182454,38
43,90928,81
72,155702,9
70,58144,82
62,173584,35
84,47508,38
78,142083,5
22,52436,38
87,69215,34
26,34912,19
69,112604,21
65,62245,94
89,25165,5
81,53894,62
62,151970,91
37,120972,95
30,153909,24
27,81091,40
69,106210,12
39,193413,54
26,73695,25
42,180614,11
90,118810,30
75,130970,42
32,26638,36
21,195440,9
28,31080,74
21,25943,60
55,102501,67
78,83823,82
42,100080,39
28,37215,48
39,151618,32
77,102121,7
61,168806,18
26,164842,1
21,54890,84
82,131714,55
67,53466,40
71,121694,7
32,58373,33
67,89258,87
69,188323,50
65,106672,55
21,169040,56
32,116193,91
34,133486,2
20,132564,26
68,179747,10
75,174758,82
45,170222,31
85,133098,4
41,186948,60
76,67693,60
23,74168,96
67,132670,16
31,56828,17
89,105171,27
57,78388,95
18,123286,44
60,47297,39
86,172196,97
60,75268,61
41,96396,29
77,111222,66
37,29087,57
61,88326,21
71,98099,70
36,62608,31
44,144756,12
67,130584,68
44,137062,9
34,64679,90
80,84232,7
74,192404,32
85,197693,73
81,84477,1
70,36514,21
34,168610,68
53,27971,52
25,57471,70
38,48723,43
55,50783,77
72,66829,75
19,116956,95
62,108048,18
61,154999,81
61,187474,76
22,141199,74
46,35070,24
76,33989,40
70,46226,39
37,69911,52
32,176930,14
83,84393,39
21,23452,93
76,72628,13
61,146043,92
29,192395,73
49,129740,84
38,106437,85
70,61107,53
76,184007,79
33,141693,65
75,46958,72
47,125028,82
90,126699,11
58,144996,29
58,97464,21
36,135051,71
47,190660,58
23,162166,3
20,143215,29
37,21130,77
29,109388,70
65,144713,49
34,109808,18
21,135534,1
77,99790,9
34,58774,41
66,145334,53
47,153678,35
55,29445,15
65,118697,63
61,154733,79
57,140182,60
87,22453,59
76,68285,60
44,192435,15
50,167627,48
59,147923,94
70,185767,12
51,54340,83
70,160668,96
37,78344,79
64,123827,12
72,26739,93
73,141141,28
72,120390,18
83,196264,59
51,187418,2
38,38899,93
69,158698,44
54,97346,45
80,84073,50
60,99196,31
52,175776,52
52,26462,65
27,72634,65
55,91670,96
37,134151,11
63,129029,45
42,138499,66
80,104754,14
73,117114,75
86,125424,20
48,175553,17
58,163808,97
59,196272,44
25,58138,55
41,156506,81
71,148373,41
50,42873,58
41,124497,79
21,155004,99
62,113217,91
45,80036,87
85,27594,34
64,109707,58
69,62022,24
67,93647,28
83,63544,70
64,61636,10
84,82272,86
68,124768,96
39,196771,88
54,40395,38
38,131100,71
55,127744,91
54,133179,58
65,193799,19
68,110443,63
80,157396,92
36,184450,18
81,89054,83
44,79503,79
43,179885,85
66,79860,87
68,144086,16
74,125599,59
47,133351,58
56,152658,47
57,25854,65
39,81853,32
37,199065,27
74,132940,20
61,175612,3
45,51682,9
45,71341,10
73,119515,49
22,111347,28
87,51906,24
87,58243,56
55,146336,88
68,112427,100
43,51444,54
19,125481,72
21,37889,71
40,25947,32
24,113186,19
66,190008,3
27,31729,94
19,125007,87
72,176652,85
32,63507,9
47,50076,53
61,162313,85
84,121137,53
71,198640,48
57,51885,39
76,118544,3
68,61153,65
75,154393,3
42,102612,6
53,25621,32
67,122426,90
61,154706,52
54,98706,39
33,101709,59
56,189599,97
67,193335,81
61,67124,21
84,180514,63
47,150348,64
20,129496,67
44,155067,12
69,196765,44
58,56352,41
80,48557,66
90,199510,8
51,73812,92
45,115036,82
83,139649,28
23,140858,76
52,145711,96
37,100220,1
78,129519,24
71,157444,53
43,23080,32
61,147784,79
38,124786,52
65,61718,87
72,180320,75
57,192225,100
21,56001,48
38,168113,72
39,95722,100
63,171851,36
90,58292,29
79,176212,93
37,154787,42
39,76361,11
32,108177,89
67,57281,28
29,104305,8
51,130211,4
43,179511,11
71,85894,93
52,24536,22
77,92892,97
34,176394,95
52,175430,54
79,20167,74
49,177274,61
33,151472,43
85,121332,34
35,74287,83
52,114769,82
25,42852,6
25,167891,57
44,177245,39
38,128353,96
77,78587,90
20,170181,2
68,171516,58
38,93190,20
53,135891,46
84,124635,32
30,55931,54
58,76232,76
41,196302,47
41,47889,4
26,119716,9
41,105450,73
30,198464,64
42,150812,49
42,149441,58
74,151990,18
90,88824,100
20,36192,12
36,135153,64
27,61283,19
70,110393,75
28,79377,51
88,80695,46
64,42087,15
32,165658,38
68,23195,36
42,165206,60
42,72149,63
74,183288,83
87,171197,90
38,121511,42
65,174240,7
30,181168,44
20,102213,6
88,68920,25
34,165876,1
65,58145,97
62,177622,27
38,107142,4
36,46333,75
88,170410,99
79,59245,85
42,115995,56
24,84119,51
18,176073,5
60,107860,34
81,40334,87
56,65377,83
24,72949,65
26,145557,5
34,21368,62
22,82063,64
54,102634,63
37,129401,47
28,76744,74
63,181807,83
50,32986,36
49,73069,60
22,182989,98
62,167112,37
22,152178,79
29,104245,70
72,122386,37
25,92364,6
59,132106,36
26,189799,11
63,121518,98
69,27630,77
89,196335,84
77,141964,11
83,135850,21
81,87235,43
29,57179,61
79,81923,16
39,139499,26
56,50931,38
43,146669,39
60,34740,21
56,32454,39
88,159396,3
90,185890,100
60,198814,33
73,63286,87
56,153276,39
57,59849,64
87,50007,38
55,123166,55
70,158287,31
51,148730,65
63,104561,40
60,27152,87
81,86401,28
43,54734,38
87,69403,38
22,58421,33
63,30851,50
46,105748,11
67,125617,51
21,36266,79
74,20484,69
58,74360,76
31,93069,99
83,60001,10
74,119337,6
20,120517,51
79,111290,65
51,20513,44
73,193441,62
54,117208,57
50,145901,34
84,110259,23
27,85050,49
48,104511,23
80,31682,9
52,60370,89
69,158270,39
30,65587,65
51,139360,71
61,24408,60
50,111746,48
36,150456,76
52,168710,34
84,181748,39
60,170644,56
36,79681,91
61,101186,20
79,167980,32
41,183916,36
32,163926,44
25,124128,88
74,73784,67
87,173737,26
46,118881,5
82,102299,79
20,174346,83
26,108167,90
58,22007,35
85,51780,63
47,59577,57
78,21068,15
86,155176,43
61,44810,2
80,172624,59
75,194899,49
37,105227,20
52,141057,59
61,68551,31
88,37231,68
80,37722,85
31,50525,29
51,94572,71
49,186065,22
81,94520,23
74,69314,40
23,24378,91
63,48828,3
23,194117,91
90,190087,63
77,157808,36
33,116072,45
85,197227,9
52,127792,61
45,140535,99
40,104603,45
51,115927,64
89,39726,98
79,44446,76
87,90963,12
26,195309,37
72,51151,63
85,69778,21
52,123064,95
77,44057,90
73,141401,6
43,174640,76
77,95361,45
56,183360,11
62,124319,73
76,94649,87
48,85745,54
36,26094,15
31,179665,50
68,168410,30
57,137295,75
33,161229,29
67,170967,28
26,55154,4
63,128913,1
82,135004,61
48,33467,15
74,145004,32
69,145758,94
77,141816,95
83,149042,83
34,25206,43
42,165526,63
51,143089,46
72,142164,94
60,114997,49
48,175411,90
55,83406,46
62,94853,43
84,180172,23
48,66952,58
83,20431,19
66,159620,48
61,84065,72
30,30034,10
30,146883,36
43,31721,73
85,32345,9
71,139525,51
24,124964,55
39,131728,32
72,46755,28
22,54065,78
49,47299,27
88,76522,97
70,177666,41
41,94531,64
87,27888,91
69,50253,52
33,172582,58
89,78986,22
43,41157,71
46,102417,51
58,123443,65
89,49704,97
59,172319,42
88,51082,24
40,159325,45
57,103385,20
77,182205,53
62,193096,69
77,149169,22
35,181096,79
75,195597,26
42,158249,37
48,106875,45
44,59655,86
63,175154,75
62,193150,93
74,119504,47
65,35541,25
24,64761,45
52,36336,63
80,116394,21
29,185438,38
43,147660,33
53,186780,14
41,97526,48
80,112881,91
43,64896,99
74,128055,76
19,104254,75
21,175851,47
66,162407,67
69,35322,93
57,46608,92
30,37141,32
44,131186,35
20,151694,49
83,118241,23
32,138004,99
27,121053,45
20,108059,4
67,128065,95
60,164297,20
29,69181,40
19,182411,76
51,78773,21
87,64116,10
63,110330,96
72,166251,13
53,119788,88
41,58526,14
29,193791,65
47,124410,1
63,119076,78
21,121126,32
85,106279,8
59,107131,93
45,36736,96
29,29510,11
42,77673,46
81,52460,21
67,50725,26
50,180916,34
18,162524,78
89,77965,38
27,177789,88
86,189950,14
51,26612,7
85,167107,45
63,76076,45
67,176467,45
26,109273,25
59,35579,58
53,45252,35
49,142491,96
47,88666,44
82,190846,91
38,68076,26
80,149308,74
53,154709,67
56,38922,51
72,174353,66
33,20355,35
43,118067,28
41,24540,87
51,111152,48
25,94591,95
63,175848,84
60,196751,63
59,144505,98
57,29942,38
61,130682,20
51,197622,92
74,34763,70
54,181039,6
42,127438,78
67,85001,70
44,177202,25
37,167290,56
40,30236,78
33,141224,95
70,154535,97
67,144356,53
50,187499,41
72,70162,1
27,60218,46
62,110632,2
89,98546,58
78,102023,70
77,108695,33
77,191668,78
42,183672,76
90,111388,89
61,63507,34
80,189058,46
59,77784,87
42,45542,17
32,192698,34
33,70888,6
88,124456,98
89,143761,14
40,180554,86
76,89849,57
51,188921,1
29,87765,30
60,141610,94
39,48968,93
65,197091,80
55,95985,30
30,130651,36
87,54598,27
34,136010,36
73,58691,23
90,139544,17
19,105480,47
81,117544,96
27,83700,51
45,132214,53
28,51410,64
74,184890,35
21,184254,40
88,165955,38
34,53044,88
55,122059,6
25,162754,97
19,99373,81
40,145892,89
41,152245,59
76,71885,15
66,159949,59
18,119127,47
46,94753,91
37,37988,33
41,68507,61
77,158435,12
19,173411,89
36,55230,22
22,62132,75
28,86321,87
58,43250,2
69,33642,4
62,81765,50
30,126410,18
51,86760,13
27,129231,59
74,29586,14
77,151333,26
70,199188,72
33,192951,30
63,155217,13
65,28695,62
48,43439,9
41,63185,18
29,195578,28
18,66760,27
58,157457,88
67,21820,14
68,181235,29
46,37051,71
81,194032,36
47,150026,39
62,27726,62
78,135516,52
42,101640,32
26,175253,72
71,124557,12
75,148453,60
40,182466,8
44,160042,56
52,129451,70
42,141616,55
84,51847,100
67,117639,88
39,153457,5
77,27968,94
29,104851,66
44,47633,62
78,39675,58
65,101813,1
60,61319,46
18,149072,13
64,126885,31
47,47269,86
59,86825,84
60,80844,59
36,185635,7
34,75092,98
38,172499,52
88,66400,25
24,42559,77
73,113302,67
74,38764,73
82,182065,1
79,116437,79
81,136409,89
22,77115,29
74,150146,45
35,29835,3
59,74621,57
52,183866,54
19,133544,57
85,192066,21
52,80445,28
46,124249,27
34,55173,86
78,135818,70
64,58805,72
82,47744,97
72,50299,16
46,47138,47
67,81694,80
32,85579,28
67,172842,42
80,108084,6
48,58243,23
79,98861,36
83,55675,40
80,92178,93
83,107576,71
87,98387,79
82,65066,71
54,179884,55
50,31896,9
86,172259,49
25,104415,87
44,104606,69
69,178392,53
47,172572,85
43,185231,99
18,157683,64
33,129144,34
47,88136,43
47,38392,12
57,179869,75
30,64859,50
70,124273,73
28,131797,70
56,187781,50
35,92954,93
55,20759,8
29,133159,23
57,71441,24
53,177914,82
61,79495,14
76,132844,25
50,23476,75
39,133573,42
33,44144,15
27,30729,29
51,50984,80
90,135048,63
20,127639,77
44,144268,45
84,84503,81
75,153540,44
52,164728,26
66,114597,98
70,89933,85
52,127119,19
74,118528,40
77,106575,34
45,153516,35
31,55746,46
30,50503,3
86,186656,91
60,59911,23
54,29211,66
84,40151,93
67,35676,41
45,39272,74
32,49356,33
63,58367,53
37,27605,54
53,121212,50
29,179678,76
42,198701,79
72,107678,49
44,162996,12
62,97798,57
64,20073,76
64,178924,12
53,105336,47
41,190929,8
27,58901,18
45,93664,95
52,147040,68
80,185702,93
70,28984,46
63,37911,40
20,191237,28
54,84348,91
87,61611,53
57,110355,47
46,137625,93
23,84822,63
59,131351,60
48,52147,82
55,196701,48
77,45672,48
84,22021,9
54,142048,79
78,112461,54
69,180033,96
20,97870,83
36,134277,77
60,45989,76
39,189918,97
29,178722,93
87,86759,99
61,143455,21
44,130487,72
28,53485,11
90,82028,5
40,193499,99
60,29136,43
20,192017,84
33,177777,87
65,65942,80
79,131876,12
51,130215,19
20,36354,18
36,40912,94
26,76081,68
61,129890,17
63,30166,23
43,44765,26
67,174195,67
69,111702,80
73,166818,60
66,108135,59
19,192622,93
20,179513,61
60,25568,89
19,85998,60
34,151374,71
65,153334,43
43,156185,93
40,99924,39
76,36833,76
20,110967,72
59,153452,22
20,121508,50
84,93207,45
81,38769,11
73,55772,45
53,84357,51
67,151148,53
48,30204,86
73,93586,12
59,177734,71
53,145358,14
74,175332,33
41,188779,86
23,106476,32
74,66052,76
60,93265,99
80,27878,17
68,57587,2
71,104444,28
40,158712,87
46,25446,99
41,141079,36
65,143639,34
52,189172,25
86,194526,41
52,152120,43
29,72609,53
62,107749,70
71,132108,71
88,104651,31
39,70748,82
28,45489,76
21,87256,78
44,25705,47
41,144512,27
21,33327,98
62,136620,91
45,85920,45
75,66605,6
63,40331,69
35,120834,87
77,66506,5
82,100247,86
49,51850,13
27,97874,71
78,186983,1
69,77069,7
86,70550,54
38,141689,31
69,39629,89
84,194923,23
71,194664,77
31,45400,37
65,81842,36
56,170603,76
84,146422,68
22,89477,59
56,144361,61
28,98829,32
26,36056,65
28,142610,94
28,174612,7
90,51669,49
69,146437,25
56,152468,8
30,118777,32
86,41441,45
89,107147,97
38,80057,73
80,50736,47
66,26894,40
22,149580,96
60,109477,31
90,57593,38
30,136839,96
89,158349,54
87,75279,3
28,78147,64
75,24986,91
90,159688,52
22,197759,63
32,93319,72
65,151151,96
54,81088,79
79,149476,83
48,67238,62
47,75139,100
43,91489,95
81,129911,41
68,48204,95
74,171863,70
62,78303,66
88,171175,68
44,37272,9
55,70941,23
78,120114,31
77,84375,94
77,93426,18
80,166569,28
54,134882,35
27,94844,85
19,50949,73
58,96710,29
52,142603,7
27,99691,59
67,108711,13
78,94657,4
66,39141,64
49,175531,6
75,128387,42
40,44301,16
49,189610,30
50,52460,19
78,108224,63
60,147695,43
18,87967,4
74,73377,67
18,52790,65
39,159386,22
35,137738,46
30,37051,3
28,79191,49
52,101744,24
42,31025,97
80,87195,64
40,150858,68
22,153985,72
78,59716,18
19,25215,39
90,62660,5
58,24204,44
53,50336,5
61,181502,25
65,34362,85
70,148488,6
64,38309,32
84,135810,58
39,158158,88
71,57522,50
39,123225,56
40,51222,53
80,132789,78
79,121091,94
25,26349,78
66,71830,75
73,105352,31
33,60461,14
36,35885,19
22,155064,73
49,121427,36
64,186449,93
19,177973,20
22,176932,83
87,97760,48
47,136532,85
25,34961,88
42,32955,7
38,72096,7
48,62247,88
26,95490,99
85,155387,35
41,109544,93
37,115342,59
71,39243,65
63,41737,39
43,106966,13
86,33440,87
41,92938,65
61,66817,62
50,109349,2
63,72264,79
58,90629,9
24,185815,93
30,115531,55
60,91541,88
20,94393,24
47,124718,17
55,123298,17
33,105037,8
67,101993,87
33,191496,98
54,192422,19
78,139042,67
44,180018,19
65,109264,20
20,126192,70
52,119738,16
53,97931,35
71,109147,93
36,36759,54
23,103963,31
31,40717,69
33,153238,96
35,178067,8
51,108264,45
38,74907,58
90,113291,29
54,168058,39
22,157777,30
74,144715,10
52,95486,12
89,138842,57
88,77020,5
81,24578,48
39,126012,83
42,149499,6
54,117469,92
21,34532,98
34,140062,77
36,98195,25
48,176066,45
53,116677,27
80,36028,38
45,135225,22
80,69993,81
66,104690,28
86,90675,98
20,24590,100
25,36176,25
71,54358,12
31,92921,11
84,197748,48
68,28729,62
74,32222,35
80,99124,89
25,124079,16
82,108959,80
23,45397,39
39,111325,100
63,82626,60
79,98777,80
69,124618,63
48,66390,23
71,164102,63
89,145181,55
89,54900,30
40,84926,93
70,50592,92
21,27016,66
40,58154,55
71,152966,45
58,105976,87
66,184456,67
63,91905,26
84,86398,59
60,30632,36
58,140440,32
84,93929,76
73,82617,50
45,81369,70
64,87528,77
64,193293,89
23,119636,89
86,106843,15
75,166904,34
26,84902,35
21,173096,7
75,136916,81
78,101892,6
78,184801,12
74,71700,35
82,115466,7
63,135684,82
20,60198,2
62,150802,27
19,184602,3
32,59840,26
69,82941,86
78,46567,31
65,168585,38
66,106578,40
21,47596,99
90,179771,76
19,187817,33
21,86714,88
75,141896,58
74,131560,10
25,34683,45
63,164510,92
25,198973,12
46,173632,78
53,176748,64
87,67420,38
66,130613,38
35,31722,8
80,71752,3
50,59735,1
55,184639,50
51,74226,21
35,178489,41
44,27291,46
67,170788,55
84,41664,58
35,118616,40
74,102884,85
75,151709,18
31,193415,27
85,69662,83
84,61377,70
82,158238,23
62,36927,67
83,91132,57
49,120442,64
24,79963,8
76,161005,38
35,147536,76
39,194586,50
50,72823,23
33,187427,83
37,86544,50
52,187010,95
78,91514,73
49,169529,79
31,192704,71
22,143564,19
82,81799,77
82,127846,28
44,180998,57
54,161673,44
64,126216,91
33,149389,76
87,127569,25
48,102154,46
31,74330,78
18,136812,43
73,60491,99
19,151267,44
67,34006,42
33,167094,59
79,29862,92
32,138114,38
90,59942,3
49,121484,75
34,70128,20
27,131480,3
89,165180,57
72,57032,77
89,112898,18
55,95754,85
23,65730,15
77,177364,31
57,65758,54
53,38434,4
84,195236,95
71,168018,78
65,191419,43
43,90764,28
51,165010,14
30,70070,91
39,24489,24
31,93186,100
45,140207,40
60,159556,30
39,53511,91
76,25970,12
19,189450,48
76,159563,69
62,58542,32
29,167778,8
89,154733,19
32,92927,89
90,42784,78
87,197965,99
84,84573,28
84,80367,92
40,159478,70
19,187598,65
80,77432,70
72,150406,12
59,135279,8
67,148470,67
18,52316,70
69,172882,77
26,37110,92
64,69601,60
22,40750,67
82,58771,96
32,99768,73
25,165471,14
36,66093,49
18,185930,81
88,150127,11
70,42008,53
64,120398,38
58,124852,69
30,38160,14
29,183423,93
49,182973,7
21,72101,84
66,32205,2
75,50172,35
86,160365,49
73,35219,42
50,106503,25
63,99277,51
41,113228,55
63,167831,77
46,20805,11
51,92350,60
23,173806,76
89,176239,79
76,55527,85
59,161482,53
41,74770,90
62,144721,55
85,41079,5
35,35413,94
38,22820,85
49,27352,43
64,49625,69
42,49967,39
65,60507,59
81,182261,9
77,76187,21
27,31464,52
48,81011,98
40,114260,13
90,149798,37
63,73406,7
49,94595,16
53,112142,66
45,59331,73
44,61049,5
52,143726,87
40,111650,15
41,123433,87
84,115240,4
33,176295,21
82,164264,92
90,81917,5
46,160125,4
43,115891,2
81,38550,62
29,139987,69
40,109334,93
37,151080,37
75,189233,57
34,145685,95
55,153863,26
78,95379,6
86,110672,80
74,54931,7
46,30666,13
83,31400,10
38,55579,52
68,165854,94
79,101285,31
48,112481,13
34,113910,15
63,148155,1
46,134682,61
50,168003,66
71,57016,17
85,89644,98
75,65060,13
30,27341,44
75,33113,96
65,47669,72
18,155478,97
49,77732,95
78,102785,29
25,69128,18
43,162351,85
74,87306,22
43,29109,16
76,127749,38
44,53425,60
25,123290,51
36,143345,61
66,32120,57
59,126119,54
88,183223,88
60,69588,51
30,188396,2
61,94917,73
45,40547,40
41,179983,11
20,189858,96
52,28486,12
86,68918,51
21,65904,36
81,173605,92
31,191313,14
81,47985,66
56,144568,17
23,195994,80
64,108519,29
90,146966,78
44,37623,38
18,151485,62
77,70558,14
29,62771,93
59,157713,41
60,168246,17
46,179885,49
34,194596,23
76,53986,52
28,115664,22
71,176045,11
53,195010,8
85,109674,4
34,57524,91
29,51953,37
21,88923,6
42,141941,56
67,43843,18
66,99424,81
89,126557,63
35,20594,39
50,61258,68
36,169152,72
53,53397,47
30,172046,5
52,89469,77
19,129406,5
59,87812,14
84,25404,70
77,185285,10
75,197593,1
37,169376,67
30,113931,60
79,189531,80
79,139893,49
30,102177,50
41,140817,100
52,37708,78
72,42096,96
31,146446,12
52,43098,89
57,88037,6
28,93851,74
57,136826,3
71,122918,57
26,109450,88
27,110046,91
30,83713,30
47,132027,63
89,37541,3
51,153503,67
24,35667,44
43,42869,29
67,139270,85
36,196138,20
41,140517,70
54,139377,53
77,116321,1
70,62410,86
73,71087,87
72,118485,63
28,111520,89
59,26537,3
83,57331,15
58,167554,7
32,20254,54
51,30908,11
89,164722,21
51,172919,32
65,119988,3
74,168815,37
22,199844,59
53,25800,91
84,48440,3
78,72640,78
78,105524,2
60,193472,77
63,76263,60
26,60083,64
66,91958,95
42,103616,43
38,192064,42
76,134588,19
27,62238,6
19,83366,84
47,26284,44
86,140935,59
23,36045,91
78,25103,61
76,142986,84
18,64650,27
49,58797,97
68,155941,25
86,167263,51
68,70664,30
21,69810,41
32,23992,68
32,79773,85
79,189170,28
45,198667,63
75,192837,18
58,74376,60
61,74052,14
70,95052,15
20,189657,58
50,112825,96
38,141650,33
33,91399,67
86,165861,64
39,25673,60
41,102346,51
86,175864,29
34,172338,32
45,155114,68
31,148434,25
70,167537,55
75,59926,67
25,87063,30
48,121304,90
56,199929,91
51,130702,71
35,131224,85
62,102780,98
63,146794,55
72,151788,25
63,141277,57
47,62244,82
21,150414,3
39,131096,26
90,176216,76
63,145975,92
77,74636,92
74,75736,4
44,93599,16
35,107838,56
50,74274,53
54,97746,63
76,170937,13
19,190828,8
38,64886,81
82,190851,76
46,44358,34
50,77240,9
75,193544,63
78,27270,79
89,98776,85
18,77950,1
74,33349,92
63,171624,82
74,135680,66
65,125759,16
22,80538,90
74,188696,78
50,86503,65
66,27965,51
69,182211,97
34,192137,1
44,181602,18
55,174671,8
84,100580,41
80,72354,57
75,35220,30
53,169594,96
62,41169,45
86,121956,74
24,144183,5
70,64108,78
70,125959,15
73,53760,85
89,102897,57
34,144092,32
86,110239,61
72,189609,49
34,91418,8
75,49367,42
27,186366,18
58,35397,12
71,141087,71
47,127726,41
24,184336,47
24,138878,7
57,133938,34
69,49332,31
85,36989,20
66,175112,51
70,85351,50
56,59125,66
81,65901,74
77,31070,98
33,29761,63
35,110275,24
33,157711,77
22,159699,56
88,119743,24
61,56613,85
78,54573,72
83,173694,45
49,25850,56
64,137746,83
26,36617,27
43,46724,64
47,29524,73
34,181487,12
62,149996,76
83,141849,55
23,145036,18
26,70328,30
22,158702,93
86,161795,16
75,92610,66
77,110646,43
41,180634,45
90,89325,65
54,181298,35
56,158331,43
73,39626,39
26,139542,1
58,114392,90
74,121217,84
30,163177,55
33,156307,66
81,106952,54
37,135736,42
60,47636,24
31,132124,26
58,58085,38
35,34055,43
25,94854,19
21,23783,43
76,46497,22
53,160262,52
31,64246,63
56,110555,11
52,85535,99
32,107445,36
46,74801,17
37,59338,61
78,102653,49
34,199104,91
42,32595,91
25,160939,100
21,119951,78
71,81565,78
53,69089,22
68,117794,7
35,169897,9
18,142765,2
31,113776,6
68,122630,12
69,149905,43
58,188905,33
72,162029,85
51,194002,59
20,130428,87
83,134078,78
47,122945,99
60,90526,26
31,196047,77
40,47634,12
21,92523,41
86,76216,97
43,80044,71
25,184370,60
30,135739,79
50,58093,88
50,165504,44
45,97779,18
77,43020,100
61,83995,19
80,143615,14
78,54295,14
26,59024,72
72,161619,97
21,128580,61
49,165478,74
29,163339,22
83,138454,19
76,60232,84
51,141914,27
46,119368,28
34,79037,13
32,117748,9
62,51146,5
50,179691,50
68,53095,100
84,186731,57
20,191467,10
86,73202,70
29,121587,65
29,167546,50
40,174623,69
89,154321,78
77,150741,73
83,196056,74
86,49136,17
35,50086,23
27,49330,18
71,59179,40
50,85933,35
71,189806,51
87,124501,75
89,164485,83
75,79830,6
56,49328,44
39,21407,81
78,94998,19
72,43793,25
86,134904,14
87,33592,48
57,92082,39
31,68879,14
85,51059,67
18,98373,60
77,138717,36
21,141726,38
80,23897,96
53,122639,19
79,65904,21
58,79966,44
63,67595,52
90,38788,6
76,57541,9
27,63285,45
45,120290,7
48,176570,24
33,157631,22
47,121010,52
74,182315,42
81,73818,28
55,97390,92
71,189470,83
67,198187,65
24,84614,8
54,34297,71
21,41802,52
38,89221,77
42,140543,8
46,150955,72
83,153152,48
86,134432,30
79,165252,38
27,170276,42
57,71548,83
51,195477,38
19,179839,71
42,24861,17
20,132064,69
38,126345,95
83,171625,10
39,190939,7
23,103527,60
59,181811,33
72,127005,89
36,147736,46
35,116927,80
36,156946,72
55,92391,7
86,156836,42
75,190088,8
21,183620,80
73,20584,82
69,102857,9
56,127361,56
49,118586,1
39,164040,31
42,179744,39
21,171186,28
28,189125,24
84,86886,21
33,122082,14
36,25346,1
85,104180,45
31,52532,14
78,124908,34
87,30679,19
32,116094,63
40,181508,73
33,182479,46
65,135105,24
50,106245,29
23,151865,29
22,60483,65
30,31205,57
46,153569,43
51,21903,33
26,147065,52
33,195964,65
56,134320,30
31,96291,89
20,63447,56
57,94321,39
60,127990,33
18,125705,36
39,116003,23
54,104176,12
86,31231,49
42,25836,43
87,108721,31
53,119358,64
31,194205,27
86,162754,74
59,55851,99
62,53573,35
44,198292,50
41,65824,66
80,124874,16
77,130890,46
40,65323,39
48,73190,96
63,36426,95
45,60403,38
46,163084,75
78,174674,59
85,85905,67
89,113407,65
36,20200,32
51,157796,72
22,118941,22
19,67752,47
22,194231,24
51,64703,56
33,59271,42
29,69693,95
63,157509,99
60,93999,87
44,103649,66
67,152561,4
65,122892,48
32,157585,81
79,165909,67
53,75713,65
89,80758,12
72,134071,82
49,95736,74
55,71500,71
50,153446,64
45,110773,7
89,169051,17
26,129536,26
67,66690,22
41,117147,3
40,83742,35
61,185151,15
84,119461,69
59,67143,45
81,192614,59
80,147822,4
36,166832,77
78,139751,14
75,163724,66
80,173946,55
88,34491,22
86,174907,34
67,143862,96
59,96747,54
89,149787,84
75,80189,5
77,126242,7
26,20375,38
52,94822,29
64,156776,36
47,192594,63
85,92315,26
67,50014,92
25,28858,97
49,21186,65
88,141544,94
43,74693,38
19,158701,98
49,95948,85
32,37342,53
33,63846,26
26,32132,75
76,104955,53
47,191564,17
72,94387,42
53,164601,84
21,76909,45
89,188429,21
36,150448,69
64,140031,27
65,52366,67
50,181111,59
70,110110,22
54,74109,49
62,185374,65
75,159735,67
40,199559,45
52,71025,11
28,66067,32
22,100939,66
35,137136,68
25,40422,38
87,79762,32
29,58375,47
55,112801,59
54,133707,21
37,100222,5
43,123836,74
38,59349,42
25,97507,9
19,176022,6
86,41990,96
34,41824,50
70,83328,96
45,67072,18
30,74822,91
70,155001,88
37,168979,27
61,36897,72
41,39199,18
53,111839,2
84,85271,83
35,47274,34
49,20184,61
30,73663,74
49,140505,15
87,86632,32
73,100868,96
62,145143,15
67,165729,19
49,61459,26
68,116811,37
45,36255,92
57,48228,34
57,171804,70
45,78355,77
26,135620,91
47,182361,5
26,176887,1
80,186578,74
88,70573,69
74,175675,77
81,170998,71
88,138602,58
31,193109,41
42,43227,92
72,96795,9
35,132749,15
18,159461,12
75,51141,32
80,154378,95
56,182180,99
57,93714,59
35,105487,96
43,63393,84
76,39456,35
65,161702,13
52,94952,84
69,78444,37
85,88057,88
70,131238,92
59,95755,8
24,176337,85
50,107393,10
38,24558,68
26,166657,43
38,30017,71
69,177719,58
23,190171,99
34,198461,96
57,45627,77
79,123737,97
88,104796,22
54,34322,32
42,20573,39
89,33241,62
32,88184,44
68,128151,36
47,39897,40
42,180533,90
23,94356,71
85,144166,61
40,109242,42
66,100441,39
82,149707,82
57,126129,40
55,180178,23
46,32540,84
31,51663,23
33,103943,77
48,170601,88
70,172772,3
59,126220,13
88,168673,23
24,46059,76
49,95089,5
54,126248,67
90,30160,100
34,99627,62
45,155437,61
85,114615,18
26,110519,57
73,22723,57
65,93194,69
54,66184,92
57,58599,76
52,159633,58
90,59055,14
85,193187,24
40,35302,11
23,151776,47
46,67249,43
67,84892,20
61,58141,74
41,94375,6
22,136361,91
51,167632,72
64,77692,71
41,157947,21
76,142742,71
72,65312,39
82,151755,7
30,77679,33
74,132028,53
72,151873,75
32,79651,81
69,159431,33
51,172965,13
23,177955,47
45,155176,76
28,154078,87
64,153893,30
73,84848,5
37,95614,25
73,186064,21
60,121594,55
30,173492,56
42,175395,86
31,91128,49
21,26533,89
66,180034,93
89,77030,68
22,29748,78
78,187325,8
31,176929,24
60,48128,22
47,25179,17
43,155992,79
25,102626,20
26,148595,85
59,117788,11
33,101277,31
25,92652,78
75,160740,72
62,51530,59
51,54168,78
38,165420,32
57,198713,66
21,43764,11
58,81115,40
64,67203,91
86,88322,64
24,37671,4
61,106746,17
80,78304,23
22,150201,86
35,106478,57
38,28378,90
58,90778,96
20,119175,16
74,199904,25
85,21751,78
25,99825,14
22,75650,87
56,121032,80
60,54041,26
71,43250,46
56,55279,31
30,30192,87
42,127647,72
27,67832,50
64,136898,72
61,46349,67
39,177971,85
58,128774,71
29,115847,98
26,75325,98
34,183733,29
36,57765,94
90,185231,10
38,75760,42
59,79056,81
79,78942,86
63,128368,90
18,136671,25
21,128040,6
70,111303,64
44,198632,50
62,82241,39
58,102055,24
21,191584,29
69,20089,15
77,21428,13
58,21390,21
28,160208,41
69,167246,98
88,136767,39
75,195114,81
37,81134,59
19,95919,66
60,184577,35
39,121555,92
56,67269,50
77,78047,74
88,173538,71
43,117409,84
50,83489,28
23,186959,67
46,90304,88
66,92434,95
55,56735,79
50,167115,19
82,198038,80
56,175692,53
56,22437,71
46,58559,70
44,143346,75
58,124143,84
73,25044,78
51,194947,94
25,110883,30
51,110730,95
37,117091,33
60,80113,92
41,69338,49
60,106506,15
64,105494,44
60,148311,99
85,160457,17
62,181297,67
43,155566,23
57,157043,17
90,47873,54
47,33486,80
77,172617,75
64,40200,11
34,71357,62
85,104903,62
66,85785,20
30,185655,61
29,43314,22
75,39903,91
85,182437,1
55,70873,43
55,130457,67
28,46665,18
23,61812,66
41,196615,17
76,153845,10
89,134922,24
44,41636,87
75,191059,97
82,160341,44
89,95490,58
52,50965,5
38,29963,8
60,23695,70
36,24782,32
42,36649,98
46,135858,2
66,28466,68
39,163642,83
52,137804,64
55,161020,10
70,163807,36
33,73929,71
53,163989,8
22,75179,95
69,125416,54
57,117811,34
56,91362,93
77,135888,47
29,172085,5
88,66408,2
56,115749,14
51,104579,57
18,148747,89
30,164769,3
33,132489,51
71,34307,36
31,153272,9
37,46107,63
69,184609,1
29,129464,12
55,134494,63
90,63430,35
33,128286,36
49,59612,78
42,44088,12
23,79923,19
59,133097,56
78,140622,36
29,45640,16
30,82107,71
32,137902,96
74,195052,92
35,167849,42
78,47534,28
76,188252,92
56,40829,40
72,72448,88
88,99849,40
61,46985,62
86,177592,28
85,90620,33
49,34403,12
42,141065,72
59,176222,95
63,176015,71
60,50956,81
25,103374,90
35,48223,15
49,101153,39
73,86181,57
19,83819,87
86,31651,9
27,174025,66
53,145994,100
22,98757,99
28,83001,19
58,34142,78
56,134123,53
68,28690,64
82,101431,61
61,54457,99
70,138993,45
32,38284,100
30,159664,100
72,186601,84
31,31703,28
71,122454,81
32,163735,26
47,189995,33
79,126912,38
86,168096,3
88,89322,41
51,45967,89
74,112312,9
26,96389,79
42,137592,59
56,79190,26
21,125204,62
19,119233,59
89,41305,94
45,51139,100
36,98116,17
51,184081,43
52,69376,58
27,169202,71
20,36508,96
34,100619,72
25,87495,97
54,148763,24
69,128572,50
24,145311,8
27,176041,2
35,93281,25
69,105635,91
47,96373,94
34,95077,93
54,179570,34
76,107992,64
44,132573,73
20,199493,81
76,170225,75
42,40555,29
81,96520,91
53,50750,1
44,140502,46
85,84321,84
18,183255,84
72,199890,33
63,66104,100
49,117891,6
56,189223,25
48,196392,69
78,104133,40
27,38446,10
30,122627,24
67,191800,95
74,181333,58
32,66481,45
34,134851,21
38,23266,36
58,117250,40
67,31520,39
18,56951,30
29,39260,34
48,95805,61
80,104237,86
37,45299,15
49,33186,61
75,44854,47
28,35151,62
48,94061,8
77,198877,12
48,52682,65
40,103899,18
51,131602,92
33,121449,34
47,183100,67
83,193441,19
32,170629,24
66,90147,68
87,56361,52
67,142134,63
47,53533,33
36,137813,13
83,147773,84
76,195401,81
85,98531,63
59,73995,28
78,53593,99
73,158862,76
67,106001,76
50,32089,79
78,22357,84
27,189193,27
19,87054,82
58,91894,44
30,69163,69
18,145042,98
72,119322,40
87,145549,74
51,145794,56
23,130727,92
65,50599,7
51,67410,37
65,149442,43
32,87455,78
36,89943,20
32,60873,30
79,97564,6
34,104821,64
45,65120,49
69,63517,37
28,21275,70
54,34550,65
56,109347,28
51,20317,57
37,38115,43
58,158883,59
38,57409,62
58,35775,33
84,180069,87
21,185670,12
52,22847,93
72,146391,81
82,164821,56
63,39260,14
42,22098,98
78,144363,69
82,50888,22
37,173170,60
89,32602,95
56,35992,3
24,98423,17
85,175132,30
79,89767,76
58,62710,99
21,134082,21
28,94246,42
55,70878,32
83,185551,89
62,143546,17
18,84470,39
57,39376,92
19,117315,13
87,158903,82
56,143796,80
90,150073,28
28,179800,49
75,26405,40
27,61369,36
58,158264,56
60,155391,77
40,45477,100
54,196335,30
69,108032,31
48,40070,10
71,179021,45
52,138383,38
32,50325,36
65,91499,36
23,73217,44
88,160729,20
66,128990,45
46,171423,47
22,62702,61
86,199852,73
48,24252,52
63,75266,74
48,52659,75
18,134677,87
85,30738,27
85,73406,29
22,99698,50
23,57250,78
69,21176,33
79,121747,53
58,66856,75
62,168957,5
82,101765,84
42,52034,36
18,104410,65
19,31929,8
44,82006,64
22,57765,36
68,90950,14
21,182886,62
61,65003,60
21,128818,68
57,105826,62
20,76751,6
65,146599,93
66,118442,61
25,168328,20
60,128484,66
41,130650,25
32,124729,38
31,54681,14
75,21729,89
41,160708,19
69,34791,54
22,111388,15
39,131377,87
67,40763,73
19,41136,7
53,49427,63
36,151554,24
52,84358,66
72,162086,30
40,64674,19
41,196125,81
47,175683,57
50,142981,32
41,140104,60
70,174219,58
87,168171,32
28,29610,16
18,197840,24
32,40661,21
29,153986,93
32,121334,3
26,41406,20
75,77846,47
62,28875,16
58,74472,97
89,192938,77
38,58332,37
29,162462,49
89,177771,68
46,187128,89
73,75923,36
33,96489,79
69,184664,13
45,91512,42
73,175061,98
73,100389,59
61,84674,57
80,59668,50
53,42670,92
51,68306,42
69,41980,31
52,143270,71
24,187721,90
58,134970,31
20,82303,7
36,51897,78
22,104951,76
19,69803,76
34,198525,50
41,179070,89
64,138007,41
55,133091,79
31,86030,80
58,108673,75
64,142009,90
57,179645,78
73,187448,15
37,31029,36
40,195393,10
80,193324,95
51,191263,28
22,92838,85
63,180900,76
53,150557,55
27,177897,39
22,151431,92
75,194593,27
51,189743,48
43,151256,7
74,39459,7
25,143137,44
40,142367,30
25,112584,58
24,177246,38
53,173244,21
63,43037,65
80,131504,62
89,51936,97
84,63855,51
28,100392,21
24,55846,54
62,40125,7
69,138211,71
41,148235,96
51,46389,91
50,107491,71
30,29750,62
33,138090,78
18,165348,73
84,151158,7
20,39133,44
83,181635,21
46,144521,68
20,77741,33
77,122587,4
63,190919,65
75,54413,20
29,102174,51
18,133865,73
33,24069,14
55,153877,30
42,64118,65
27,33419,44
63,30125,81
67,142612,38
73,171219,68
71,98963,35
41,23563,3
67,192757,98
71,124078,17
72,21542,61
78,142334,20
72,166225,10
82,144106,27
18,190347,96
60,53136,70
46,147084,36
68,173025,46
48,36389,77
88,188189,60
56,62564,48
25,164167,14
28,175202,14
28,192538,70
76,94624,1
82,158904,65
34,63835,36
47,174933,99
36,156567,63
57,114715,45
45,66961,8
53,173817,21
64,160201,11
32,187512,78
46,105299,86
38,81568,25
38,98995,87
56,172607,93
76,165228,23
39,42009,4
71,30186,33
26,133162,58
22,49634,76
72,126729,20
64,191347,56
46,43245,95
51,184981,80
64,121831,49
72,130859,36
28,198353,23
80,141526,56
51,124167,58
71,44569,51
74,50234,69
69,146040,1
64,98568,28
32,115928,84
53,163823,91
38,162986,2
67,63804,17
19,128210,83
19,169831,88
47,149570,9
38,64984,24
90,59247,73
28,134401,73
85,108707,76
33,159207,76
68,102064,90
79,42240,20
55,140057,98
30,150059,5
78,138708,61
85,68162,23
80,88886,81
79,162936,63
77,20219,62
87,178249,68
85,96795,88
45,89023,75
30,67020,73
59,157931,28
64,84889,19
22,168650,37
52,138022,66
65,199543,50
87,154350,88
52,185776,13
18,186738,61
78,114975,93
59,41046,81
78,67046,17
39,172947,80
56,190186,100
64,45821,99
54,66618,91
70,147449,83
57,22756,92
44,121178,76
43,108176,51
52,134564,91
38,98098,85
39,22991,75
79,128346,64
27,25706,22
53,23895,84
81,76163,30
42,47894,4
31,73736,56
88,47369,18
30,160576,11
20,146396,23
69,54026,52
75,168173,44
38,148057,76
48,153857,80
22,127337,41
71,69684,94
56,115662,67
54,108472,64
56,146780,60
46,117312,51
52,99971,53
62,198478,50
82,166585,39
52,150286,33
22,58853,49
76,184939,79
65,92110,75
27,44794,41
90,147332,8
30,156374,96
34,190158,8
59,56846,4
23,138174,11
40,49651,45
89,76892,71
57,81124,72
28,158552,77
79,151627,99
61,184076,53
50,140568,19
58,75209,80
72,135424,100
20,117363,74
86,155307,62
82,162516,85
43,42840,12
27,86926,85
60,156946,85
35,122545,60
18,53619,85
47,71919,41
26,59049,26
79,37902,69
89,23500,91
28,46311,74
46,94776,59
58,128144,5
44,122820,59
18,34929,89
27,140867,26
89,91699,20
70,122694,31
51,189372,11
58,36048,4
81,80277,2
90,142343,80
86,173081,98
51,21515,62
39,131075,96
36,87591,56
54,42225,52
18,60358,12
55,187576,7
80,38794,50
60,64171,43
66,118931,24
86,50949,94
28,185745,22
44,50337,58
27,122134,19
83,99598,26
52,179906,73
67,97207,8
30,167479,10
27,37149,93
75,124144,54
42,184301,15
76,134957,75
61,129391,23
73,26781,47
42,116773,9
44,52823,5
83,175458,41
79,154154,9
65,79560,12
29,172550,51
76,176627,36
83,27017,54
63,44903,61
35,143873,50
89,104684,76
62,29237,72
62,137838,41
68,57604,46
78,118335,76
76,124799,100
56,82586,67
65,106533,77
78,35800,2
68,72175,72
73,191600,70
35,100175,95
87,97807,76
71,194974,73
19,134579,82
77,63580,2
66,164334,3
31,41970,23
74,136978,26
29,26172,22
76,142948,37
88,187239,6
68,28898,96
70,159603,4
63,86569,88
50,171859,47
80,62970,84
85,93068,85
24,121573,16
45,142788,46
83,107117,70
88,88015,62
69,81847,1
60,84991,29
78,148063,30
19,165585,90
47,86161,87
62,166010,72
71,89110,19
58,38632,96
59,84890,58
45,114074,3
18,175422,16
43,88937,50
31,198216,73
64,192101,76
79,191658,74
19,51308,84
25,40636,23
57,156684,36
33,36334,7
79,39800,45
86,168695,27
50,76619,83
73,188968,42
32,190592,95
38,199337,30
51,194318,49
59,42004,30
72,79579,78
23,183097,81
69,152819,23
27,150865,29
85,110912,84
22,86645,50
41,114174,54
52,25673,73
79,141582,68
86,36598,5
54,71638,76
76,156853,73
54,184475,35
52,116156,50
58,101334,70
88,112521,54
81,46443,73
18,22123,75
50,85357,32
46,92047,80
34,58327,31
54,197013,55
82,59523,57
60,100512,91
26,80663,59
86,69644,71
81,184311,21
70,132818,79
53,180459,16
43,108039,43
49,172335,10
88,136703,55
24,106157,65
81,50213,38
89,121903,38
34,55110,38
38,157866,31
51,160731,17
57,190817,93
46,169659,22
68,132533,90
23,76221,1
23,85850,25
28,137796,53
19,148469,76
67,126116,75
28,152379,27
24,44381,98
32,127137,93
65,107650,3
53,51690,46
72,186362,81
32,135861,70
73,110112,82
87,70957,77
25,154146,82
67,23168,24
18,171118,20
30,45778,55
59,190834,13
68,106261,47
62,33654,13
57,199676,83
89,148616,10
69,43185,79
84,111536,32
42,142568,72
22,73815,61
26,48172,64
81,50143,57
32,56124,1
74,51239,12
46,169298,62
66,21343,87
87,181956,97
75,131443,38
24,93204,78
41,87935,34
61,160189,49
24,171996,13
69,58172,27
62,68110,57
58,114147,33
80,177638,19
75,83092,7
24,77789,18
64,44706,6
76,24796,98
27,187286,56
87,188693,97
51,55449,15
47,170478,85
69,166319,16
35,131731,57
87,125254,82
24,45257,56
61,76806,25
53,188316,85
85,179665,37
53,82634,28
66,117768,49
43,160048,98
56,82746,55
71,110685,45
29,73030,86
56,60266,59
45,58690,42
18,93831,67
74,149404,31
19,93812,91
47,22917,33
70,91180,97
18,116357,36
44,89390,93
66,83642,49
25,131052,22
32,191370,16
35,30204,30
82,116446,77
72,44734,79
19,80135,97
73,29929,29
49,38434,80
29,197430,82
25,74139,63
64,122365,84
86,53294,31
40,35472,71
35,36425,5
34,135947,11
68,117804,50
21,165503,98
41,107443,50
56,109190,88
73,50841,68
38,51000,31
51,78604,68
80,32817,80
47,25894,18
67,178100,58
90,161951,8
84,137534,66
30,42229,28
89,22809,57
66,190512,50
81,73258,47
78,107979,95
47,197178,19
60,100950,39
29,179754,65
90,191323,97
85,155227,19
61,191155,40
61,98064,64
30,20206,16
63,107302,62
72,135782,54
56,178824,78
20,103133,43
34,184492,56
39,113582,32
69,92532,53
51,132330,59
55,55608,29
41,44268,40
20,52204,54
78,186166,8
31,86494,21
36,115850,42
32,159946,60
34,199919,50
33,34123,57
56,74342,93
24,80891,69
34,20765,82
79,164813,61
85,44316,8
56,21370,30
78,143537,69
34,114383,82
44,176557,22
20,60196,75
23,79516,79
65,123161,28
43,85785,48
35,74402,65
35,177543,4
39,70546,98
39,81673,61
75,186467,49
55,161285,37
79,180099,50
81,64584,44
90,121122,74
51,122671,55
75,29075,24
84,112241,81
86,131452,31
64,189450,51
30,39129,94
66,167376,60
33,32694,30
37,21615,43
75,154668,24
41,39666,14
26,89932,76
81,177853,19
57,78617,48
80,164700,53
19,134116,60
26,55298,33
28,67047,81
64,142915,67
29,116859,8
36,103135,16
19,73031,70
63,51888,100
37,50157,65
77,131461,58
57,20575,32
77,87295,41
55,192499,86
38,187157,71
84,195881,75
55,107923,94
20,199963,99
46,70557,78
47,71987,53
70,138921,33
88,23477,83
55,159702,47
65,182311,91
90,95957,8
58,62434,54
90,137873,23
79,173980,85
62,134389,80
34,85450,95
68,143164,95
86,28578,79
53,166806,94
55,182541,87
78,73774,100
75,60479,8
58,65322,50
25,187386,28
28,78304,52
50,43097,26
80,193458,66
86,88528,52
38,39786,31
37,74619,37
50,192481,80
39,122431,87
53,179038,18
52,169213,2
61,104479,25
25,153857,61
47,142183,4
43,43556,26
47,56055,73
62,125042,6
24,137805,27
54,185368,44
65,120561,15
54,158343,68
87,185443,43
62,27893,68
90,145939,87
36,43404,55
51,100259,74
76,190908,58
86,61752,22
55,160907,64
25,30546,4
39,123784,7
45,103930,39
21,110598,4
66,73495,8
68,71313,53
81,94200,25
64,32546,6
69,86735,44
90,52625,88
72,154752,96
60,126673,97
68,169632,36
54,188647,22
38,29812,38
68,186743,70
26,161672,27
83,182004,94
29,166866,67
49,37617,81
22,127065,27
66,45829,100
60,169662,22
74,49289,32
36,144986,95
83,107969,20
69,34551,74
36,171142,37
81,104805,73
46,76323,84
34,80153,13
65,42523,90
43,197928,8
23,39238,3
75,122810,86
85,122186,90
47,68927,57
27,36897,94
46,27800,62
22,26270,10
86,182585,66
73,78364,62
47,55091,58
65,167925,17
40,83498,77
56,98022,1
58,130004,63
32,69150,10
63,168907,20
79,63283,53
89,68960,5
42,31626,12
44,175105,94
82,142302,6
71,34610,20
82,173473,92
21,143193,14
64,38031,78
18,98403,21
69,157059,42
59,95554,77
76,114313,54
70,196954,21
59,193354,54
21,186776,84
39,151439,23
70,72095,29
29,196555,54
55,46289,35
34,43247,37
20,133550,78
53,149683,4
49,65372,42
76,20496,52
32,190513,29
29,50206,94
77,186429,28
34,57780,23
40,172351,13
82,75432,47
58,96512,81
78,64046,36
58,69015,3
25,53087,19
18,103070,48
44,53827,7
70,134442,55
86,154075,4
21,130106,50
53,176769,22
30,53170,55
21,165394,91
78,144384,90
77,146241,62
35,198983,33
34,80840,37
69,195575,57
55,43900,20
45,129383,33
35,39410,82
23,179976,38
39,29969,44
71,188475,13
85,134267,17
22,20994,22
30,62539,6
34,81746,12
47,26328,38
62,141148,41
62,77454,53
54,43311,16
54,177125,53
29,152539,50
75,80248,1
50,103647,25
19,179522,11
57,53070,24
43,167500,50
59,45565,44
82,75553,70
79,191411,8
23,141271,43
20,159038,63
37,91584,95
31,184523,39
32,35894,33
22,96652,56
89,68715,43
48,184065,19
50,153306,16
88,175388,74
61,115609,43
41,121739,76
75,38489,22
89,195013,11
38,68921,60
23,35933,47
57,129001,57
52,186731,10
51,176688,58
19,116554,6
29,69845,62
43,136467,44
75,82772,94
83,87193,61
72,41724,20
88,165909,75
71,139774,78
63,157359,37
50,89085,44
31,147347,60
65,58255,79
88,136166,41
71,37596,41
43,92862,60
72,87830,36
68,79811,78
81,32955,32
78,100301,28
22,123217,57
52,104060,87
20,167081,25
37,60583,12
33,30671,50
83,198970,45
20,83044,44
54,21480,63
76,30327,6
63,52566,73
73,79269,51
24,143443,95
69,67771,56
80,145101,1
77,59524,3
64,111693,61
80,45165,38
35,21589,35
26,147475,17
69,131998,45
68,182635,39
62,179491,21
18,185527,100
63,141200,88
29,55737,85
37,113179,35
77,87884,18
68,21753,13
73,175068,9
51,52455,99
59,99007,14
79,169284,88
29,117490,90
45,171563,49
46,67191,43
89,144817,35
48,87953,96
65,126775,74
23,178822,16
69,121702,76
41,164463,88
84,147735,20
61,74488,21
77,20853,64
19,95853,87
80,150729,14
47,116844,46
24,156470,65
31,159140,95
85,56196,23
26,67031,62
76,67594,48
28,178785,21
50,31252,19
58,80369,64
53,92354,64
76,87030,92
43,46697,57
55,48132,23
90,87855,82
57,53950,21
78,168069,68
22,179238,50
58,138580,54
74,105593,70
73,154476,28
55,158827,34
26,42568,62
69,45626,21
32,45638,73
64,195458,30
48,95478,42
66,72612,29
87,187078,11
47,110143,22
54,93348,65
32,162066,82
75,194004,74
89,27181,83
86,108169,60
62,112548,61
23,179706,52
89,63275,46
43,102575,12
44,146124,47
45,114766,72
52,50597,34
31,32632,9
68,192283,62
63,141862,72
71,28492,42
71,132360,77
88,84496,59
80,36767,77
73,75648,52
49,103842,27
45,45316,52
47,189487,14
32,99791,55
87,46674,13
40,195890,30
83,123185,53
79,167263,13
88,129964,33
44,42331,85
87,156140,42
60,81070,32
65,171578,68
55,112017,58
30,27871,59
54,88486,48
47,169589,31
37,38663,33
40,157831,11
56,73361,24
75,124972,76
48,142716,97
80,124883,32
88,34694,6
67,129921,17
68,88066,75
38,128892,87
61,192834,38
56,123311,98
32,142748,30
48,101905,38
69,120028,54
34,35601,27
85,176416,64
79,75862,42
37,56955,68
74,57160,45
65,173110,32
65,89819,12
79,127489,5
42,128399,36
28,165059,3
44,156125,65
51,77516,80
73,97823,68
35,130322,42
34,40961,74
23,161123,82
36,43369,96
39,169978,55
55,168156,36
87,26910,24
86,193658,13
66,106793,29
38,105406,7
42,182941,59
55,110060,69
27,152967,93
84,149370,78
29,199735,98
23,39713,81
83,190792,49
82,170900,49
63,197241,82
49,140339,24
42,93963,76
48,164474,45
84,184883,32
69,183609,26
51,133730,30
61,92378,4
74,99707,51
32,128874,88
49,160692,70
51,85340,47
29,93688,47
76,24282,44
35,180119,98
86,188775,64
84,175643,94
79,113350,35
30,124808,72
30,136571,13
43,189861,72
89,47776,50
42,82906,26
19,29948,60
71,183393,83
58,49552,60
78,181901,11
49,74499,62
65,171758,49
23,147090,6
37,65954,93
33,124266,20
90,99604,10
45,82183,99
57,192371,59
54,172180,57
19,21467,29
59,81644,29
31,173859,100
70,38225,84
56,29303,44
39,74111,66
72,74095,59
29,91152,75
62,66915,41
54,99822,56
65,113409,91
35,63277,28
21,50898,18
70,137820,54
76,72212,79
71,145789,8
40,56986,41
88,94505,22
50,178650,10
25,140391,31
42,191493,95
23,80052,25
83,53941,94
18,34192,57
34,143044,69
64,107598,47
79,44678,94
18,197471,39
88,157828,10
34,46206,77
19,176774,21
41,81225,80
66,186904,20
74,149127,84
26,119523,46
52,101347,97
78,45056,28
39,157558,24
28,117957,11
68,69264,93
28,45712,78
40,65317,75
85,35602,95
67,67521,82
56,192065,42
73,32300,84
60,24445,81
24,101300,31
62,55768,76
67,147070,40
30,51346,77
90,134134,92
80,137216,15
50,66886,47
69,106722,17
70,186236,49
20,85807,95
37,191250,88
48,83498,70
18,90740,75
37,48146,8
38,92025,25
33,175785,30
31,102290,57
63,147609,88
18,194614,2
52,58373,67
65,65699,17
27,73966,65
63,149728,23
50,62689,61
59,176497,64
52,129892,64
25,77793,51
76,146253,37
29,111137,45
43,81242,89
60,74484,11
49,56232,41
21,38953,84
32,158271,20
71,97613,29
80,197820,63
67,168401,33
58,181505,84
38,57721,42
61,116230,39
50,38225,17
80,194409,86
42,63280,50
69,20729,31
31,20368,27
37,194052,13
85,165946,8
53,137158,15
32,193966,67
90,185177,93
29,113866,68
47,101891,27
43,34222,87
81,139164,25
25,106378,18
88,60062,20
71,193302,62
84,96737,28
22,64512,100
24,131393,31
32,52858,47
63,25031,95
42,128692,84
40,75580,89
84,56115,16
78,88972,31
37,98444,60
59,174551,71
71,131685,36
83,55147,42
90,64354,32
84,133653,40
88,43637,7
32,52417,12
24,165069,58
42,122350,51
55,32478,59
68,47230,51
87,90128,42
34,91810,7
22,163256,13
23,109241,99
46,68360,39
83,57493,63
55,135875,96
74,175763,100
59,102666,25
19,195841,20
77,125028,36
39,103766,1
32,37131,36
88,48802,10
73,185166,25
82,21217,39
49,79583,11
36,148482,2
22,180292,98
43,22647,77
74,108354,11
73,98545,10
58,99693,90
52,107181,42
47,155153,67
29,100122,60
37,106891,12
68,150170,56
22,118166,87
51,69631,55
78,109758,36
73,116009,43
55,168890,57
72,170913,87
63,167017,27
54,147973,80
33,54368,97
69,106250,6
33,135502,95
27,68813,72
55,134888,84
70,99298,88
84,160227,83
77,157948,41
32,119304,22
49,166394,19
41,42296,32
46,186875,79
38,141392,63
57,184659,37
29,64513,9
43,149607,81
89,108664,26
23,198635,71
27,189616,40
51,182163,6
29,81943,63
28,177007,42
30,54161,13
42,176396,8
81,177624,89
59,29709,19
39,160373,56
79,167263,24
74,90992,60
82,194138,94
26,165318,40
70,148272,64
43,156235,69
32,133813,15
35,198077,48
86,143383,36
55,142187,7
58,63102,44
65,137547,34
72,54321,58
58,34532,86
32,191929,90
73,178243,41
27,124667,53
55,186167,18
84,142478,61
79,33139,26
58,85198,46
55,25879,95
50,181446,41
88,167408,77
34,177645,85
21,52069,95
68,131101,42
89,31221,81
56,117398,66
33,126877,57
65,78770,66
38,46488,45
76,112960,18
57,156527,71
85,145035,99
60,42942,40
25,165924,26
51,190106,65
70,60968,60
64,50080,33
21,126899,72
72,113439,2
41,163419,90
86,99435,68
76,182902,60
50,166829,24
49,143120,60
73,150034,54
90,35329,24
55,105104,44
21,189356,38
55,133588,76
63,147968,71
71,193125,57
49,143225,28
53,55317,95
73,77081,100
56,185952,61
46,46098,8
51,182621,3
89,46568,64
27,132615,60
50,171962,85
62,67798,69
43,136699,38
45,139937,53
64,36374,5
47,161578,85
87,155707,17
83,47967,10
26,128251,70
82,146331,18
49,31762,74
28,65617,89
67,98211,92
35,24424,74
26,82714,11
32,61820,78
22,112695,24
48,117827,28
22,105060,87
53,54823,99
26,136259,95
75,158661,68
70,60618,11
47,99335,70
81,113921,39
65,147775,13
19,180981,52
29,159853,7
78,22286,57
32,57718,74
29,195789,46
55,26155,73
51,85108,73
52,145711,88
32,139885,9
38,121763,11
70,95332,28
30,140510,82
57,100223,41
28,181716,4
50,99891,24
45,54656,63
80,175712,62
22,140892,10
54,121547,7
75,49087,46
26,165405,62
50,159125,76
43,175153,62
72,22890,78
72,29327,61
39,108144,11
62,72948,81
31,150277,44
84,90429,43
28,115021,5
82,55574,52
47,47455,12
54,45245,85
79,160595,69
54,105059,96
65,98567,45
84,85901,38
32,33093,99
77,194181,12
76,104926,10
66,42224,1
88,70127,50
59,197442,47
42,30070,26
45,161619,64
69,185593,7
79,80019,40
79,166384,77
83,128653,5
57,139908,82
34,138659,62
82,57118,61
62,101199,79
58,126689,68
20,83848,72
62,167342,98
19,56304,95
37,188935,56
77,119521,24
89,121326,69
27,116993,69
83,114297,99
55,61054,23
48,175504,51
28,60015,5
82,78861,65
53,45912,93
20,59213,27
43,142719,69
33,65131,73
58,99536,90
38,73313,76
61,111416,19
21,174101,65
26,119793,53
81,119625,92
43,199438,69
64,102037,24
81,175890,69
87,81583,58
41,107012,82
66,191159,71
51,142292,98
68,158927,17
33,104791,73
84,146219,31
60,94320,51
82,155935,16
78,30522,68
55,33877,46
19,169643,41
58,151576,79
20,183579,5
38,34443,60
51,192563,92
22,55089,31
66,180344,94
40,196243,62
59,167317,86
62,56762,67
63,160806,70
84,54190,57
86,43348,68
31,87948,44
50,192718,53
28,75181,63
83,163782,49
90,156090,63
19,68240,45
39,101927,90
39,81267,16
76,132193,90
81,61694,31
61,191940,5
50,171115,33
25,156197,99
31,110987,39
35,150687,20
43,184317,96
83,20410,11
45,186283,81
22,134145,89
62,101526,95
47,74189,69
25,56862,19
90,169086,90
24,73381,57
60,154684,80
79,33190,84
66,61900,99
74,132807,49
90,75743,80
73,133788,67
31,72106,16
24,144494,28
55,110007,97
50,27778,93
23,47196,6
80,110248,29
62,183757,53
55,110694,45
72,58418,24
67,63216,79
40,147312,23
32,89822,6
27,115244,41
48,70975,79
29,148440,10
82,150327,38
63,133461,30
56,164272,34
90,122988,83
65,122431,98
75,199903,7
55,32371,35
72,133122,40
63,77957,59
86,96470,3
30,131087,25
37,118418,41
51,165109,16
51,183010,100
45,70807,82
77,113367,23
59,116568,10
80,93013,15
85,93411,92
49,125538,69
69,176551,52
42,195290,19
53,156346,79
62,56391,96
42,101681,14
84,122021,13
74,94262,63
54,73206,18
64,86099,65
74,50069,55
86,37052,100
82,73208,56
65,89837,18
25,173590,40
40,70004,51
33,118946,77
37,59108,67
35,43640,88
83,109089,3
63,104417,11
55,66762,75
51,177457,36
88,131354,16
45,33008,44
63,102515,90
56,169303,88
76,156442,2
59,195182,43
53,92287,53
54,198390,74
19,93871,54
23,109140,41
78,156877,90
48,33847,100
67,182454,68
75,38845,28
37,187576,29
59,125785,30
60,166922,100
51,150951,15
83,36157,85
84,192697,2
64,31900,18
20,147352,48
46,77447,31
65,75248,26
33,135928,34
34,169561,3
83,84200,79
55,196992,29
27,188913,25
39,114981,68
48,93636,58
87,97351,62
75,47415,23
57,171435,86
34,37092,70
23,95247,81
77,164974,5
63,142457,82
43,191137,27
87,62580,38
88,191434,43
36,177452,68
26,88645,83
83,136083,100
86,137574,32
86,109487,68
87,156956,95
50,55784,76
32,190590,67
24,82462,47
50,170894,91
68,30615,76
53,199085,14
42,50761,88
24,142332,18
77,50543,54
76,94064,55
26,162928,47
72,135599,53
51,156083,42
51,114524,69
73,99877,32
78,56411,98
46,50699,77
31,86355,83
78,47615,66
89,51862,95
44,104017,49
50,27992,34
30,158028,79
26,185652,19
69,171061,66
56,150332,86
39,111255,81
62,25745,87
26,129654,63
21,84208,95
86,41732,67
82,135686,73
21,57764,19
56,153120,21
67,164008,40
30,126857,45
51,146804,78
44,168086,13
88,176496,48
37,85797,74
66,187933,47
59,23985,11
69,71899,91
18,57598,75
44,187771,76
24,191252,92
18,81589,94
83,132385,4
89,158465,83
58,85858,5
87,72279,7
18,175403,81
75,143295,66
33,81113,5
25,104329,82
18,98953,81
39,116118,33
90,161435,21
30,154879,22
32,49514,55
67,21711,77
69,175170,45
43,30713,70
84,140681,60
73,110860,45
63,46593,30
79,40015,19
52,56972,69
23,96096,66
48,89884,51
46,53948,81
44,76513,81
29,195390,42
27,71972,42
81,101703,87
89,82614,17
32,49764,92
74,77763,73
81,108379,52
75,117015,39
68,171512,2
73,119151,44
51,115385,9
32,168204,57
55,34048,63
66,175832,21
27,181259,25
34,126097,29
61,190463,19
30,99249,31
33,195074,22
82,35512,92
38,142703,71
70,126787,68
44,34899,4
45,82409,3
75,52380,23
88,147319,88
89,165859,76
69,125313,20
79,133531,60
78,121975,16
68,139627,21
40,117461,25
66,170484,28
25,52022,74
88,54847,39
75,78309,52
49,151192,82
27,168979,95
27,133316,10
37,143521,92
45,85127,56
69,190077,34
18,183449,40
61,38144,18
88,136044,46
51,192726,1
57,175440,38
23,99013,1
81,123255,71
31,157379,11
20,102502,40
66,140527,82
54,133056,50
87,179578,84
77,129030,46
49,169172,7
69,37190,42
40,75620,23
65,28909,60
71,123179,63
19,27943,68
22,176337,41
32,136114,32
35,34826,19
39,110523,32
41,126486,61
80,56583,40
62,111487,36
64,48803,35
40,185002,100
30,47659,7
26,175105,38
45,193234,93
63,80552,100
48,139281,48
52,82233,7
33,95162,77
41,141697,24
72,144989,42
33,32887,64
89,44334,79
64,178878,5
86,170871,23
64,183784,43
63,147498,80
87,27992,15
88,90129,58
36,130729,28
79,101037,68
47,173335,6
38,63101,8
53,151602,70
89,58117,73
79,65840,90
52,176456,41
74,126914,67
40,193756,3
81,36800,26
36,157873,100
90,50107,44
85,41604,38
51,93170,100
26,33557,13
51,166937,50
75,63767,23
21,131000,73
57,79675,72
40,167065,67
61,116015,24
72,68396,62
86,109773,50
89,150508,32
36,30218,38
78,178483,8
65,66784,43
45,61167,8
28,64744,26
87,21582,52
34,87838,62
49,90918,90
86,190057,76
75,140661,65
89,177263,29
86,161267,68
52,33285,24
70,184351,36
67,170704,92
23,36903,91
35,105724,44
32,64444,21
79,100083,72
55,115200,99
67,81437,91
40,128959,22
36,153708,62
54,180950,33
24,52905,75
88,158945,7
90,197720,73
39,193187,35
40,194962,46
39,105090,62
18,24205,56
53,150477,91
86,180949,60
46,92405,35
83,176042,19
80,129805,76
55,155792,70
73,96054,34
88,108267,80
46,95938,71
25,76270,73
53,54445,48
54,44762,55
21,166369,28
71,149255,5
25,24968,73
63,83295,72
86,52720,73
35,51287,20
25,139904,92
35,51658,99
19,99115,55
86,132316,9
29,45975,9
20,182868,4
78,78209,13
86,100333,64
46,147245,20
47,84294,61
74,30533,46
36,89961,73
82,140183,94
25,129451,92
54,93094,14
25,136986,34
81,182228,91
78,62668,7
77,131599,34
42,151728,24
35,81953,78
40,121933,68
75,102362,62
74,32419,72
90,172379,36
75,72045,87
61,146186,12
67,198975,60
52,111417,81
32,114626,94
32,163837,38
79,23577,16
64,71289,21
35,123490,100
87,88607,35
24,149635,59
42,40473,90
68,32000,7
75,156039,93
37,97245,96
81,92604,41
31,139822,89
47,125233,12
41,41995,95
66,78363,21
73,136063,71
68,93221,54
84,188500,17
42,33986,77
19,171318,18
20,189069,76
88,177007,69
33,29111,93
27,114316,99
57,96090,51
82,198992,47
18,102255,32
47,35812,42
49,117304,44
27,44134,42
21,109708,27
72,186139,31
49,148784,13
28,113829,97
44,182850,19
56,126010,82
41,132802,79
89,175987,35
23,73957,77
83,177354,63
67,85864,10
81,54440,64
76,133327,7
41,190459,8
18,59534,35
29,137768,21
83,159213,28
18,167655,74
62,70113,23
88,31879,20
22,151633,35
67,126505,67
86,195714,27
70,164521,32
78,97893,9
47,72070,82
38,67098,25
29,167114,80
47,34122,43
84,131032,37
23,95348,8
79,78219,31
56,111129,64
52,153744,13
67,63312,60
67,76428,7
82,61254,17
60,62455,85
86,136633,38
24,48111,90
85,68586,72
38,70106,45
88,138607,49
50,163407,46
58,25263,25
51,150262,45
89,183971,39
25,138501,96
84,113214,87
75,104198,32
70,67567,1
52,55810,44
87,179310,96
19,65283,97
74,189360,12
86,55707,39
64,117132,66
84,118712,21
34,123188,27
65,63081,16
46,29940,89
44,51329,29
63,116008,40
18,137138,10
28,147133,24
45,166202,72
69,198207,77
48,107982,28
60,194304,42
58,31851,91
86,128233,34
66,38593,4
36,105469,77
39,85897,59
36,105009,25
51,164236,59
36,64860,6
50,167530,19
67,92368,36
38,144979,4
47,151948,47
89,103763,43
75,119527,47
41,127854,75
56,51537,69
43,181407,90
47,132721,64
87,149185,76
26,45177,28
67,74590,80
84,63805,96
88,87130,100
46,194793,92
62,111012,23
68,129299,68
90,142486,10
57,138231,21
28,39916,24
56,36506,2
58,119841,68
45,94694,72
25,174740,17
68,115728,42
90,23858,34
65,178928,66
71,196550,81
38,39356,99
77,23005,11
79,133767,83
78,130477,59
80,124408,49
83,144732,38
88,169163,31
88,133752,78
46,135030,60
71,159844,92
53,41739,8
55,52690,69
62,137505,8
84,154534,85
83,141911,100
73,110391,46
64,62204,73
28,183595,92
21,70216,28
69,124786,16
57,181125,9
36,117758,14
33,44054,52
37,197672,35
64,187520,1
84,141313,49
62,192105,52
89,113843,64
59,191664,72
22,24596,12
82,192794,86
76,124564,50
47,154500,91
73,150744,51
18,99389,37
82,48214,87
83,25107,26
42,29704,39
23,144180,97
35,113449,45
28,51195,62
67,185412,59
61,52166,71
46,63667,28
68,190303,58
36,125573,98
69,31028,93
50,146156,92
29,56356,57
38,115218,64
88,92475,5
21,82993,98
88,93295,56
57,111875,61
72,107920,96
29,177581,99
30,79124,34
64,145473,64
65,105257,88
88,25158,80
35,103750,91
54,74627,89
70,92856,4
22,78879,31
54,100775,73
87,152215,98
66,79127,9
77,66777,3
72,70699,36
64,129958,3
47,64494,82
46,115582,34
58,69867,85
76,38686,67
43,169584,27
31,185340,47
71,150774,25
44,30149,77
82,47598,61
24,79344,61
18,37907,22
70,157468,60
51,54262,59
44,137373,72
42,58473,96
29,119795,38
24,50999,34
67,55402,51
61,191958,33
59,172762,25
85,168297,98
28,65845,46
65,149509,91
40,141926,53
63,120507,85
55,120546,66
29,34969,97
23,41808,1
67,100314,38
62,33621,40
85,118580,52
35,127225,3
78,183051,14
37,126759,3
61,126834,94
36,147946,84
68,186733,42
67,46569,97
36,61416,14
84,93782,96
39,106598,74
64,138779,46
69,170923,2
25,32390,56
24,125351,91
46,112874,41
45,183030,9
72,196521,28
25,116733,75
90,72404,31
60,195240,6
65,109630,99
39,99711,46
20,120737,51
40,86775,58
22,105205,79
63,53936,93
83,75525,76
46,188523,54
72,183662,66
55,151885,89
23,51209,13
90,95450,40
49,105029,1
66,34233,2
43,87798,52
35,154675,51
54,44376,85
52,108034,68
77,29236,20
28,166176,54
19,46272,53
77,59108,41
63,84389,20
23,118293,32
28,88631,97
40,166271,49
55,79145,38
24,94753,76
71,47585,53
59,117898,27
75,75567,18
76,158909,96
73,168655,1
89,32898,43
55,153888,10
49,135013,46
86,178927,24
82,52503,98
68,130742,78
83,184343,32
49,81214,12
64,110541,75
31,105021,57
27,33124,8
68,98328,3
65,187903,77
82,136953,49
69,44528,60
39,105777,51
27,130885,32
80,184384,13
75,108351,26
28,118565,89
77,119660,68
29,123155,28
43,122742,94
75,196443,81
66,67440,99
39,79435,79
69,61531,71
79,101021,23
76,156941,79
19,140328,82
85,133721,70
60,23556,29
60,25722,87
69,31447,98
54,27714,61
37,43677,73
60,109372,65
76,78084,63
26,62352,60
84,28075,47
44,82364,28
78,43046,79
43,64007,69
21,100605,33
65,154218,33
60,53805,23
69,187084,41
81,111450,33
60,56832,3
25,164382,57
56,169338,68
89,40509,39
73,146849,21
37,82267,65
37,168514,1
90,44850,91
69,131688,29
53,93806,59
22,68403,42
46,175890,26
64,194255,48
27,170470,2
83,171710,1
59,192783,41
38,27208,84
39,79222,30
85,178590,22
54,98344,7
30,61681,55
54,180541,81
83,41844,3
77,55618,11
78,72452,87
86,82629,34
23,22487,36
90,168787,93
89,112662,38
21,90510,98
54,123956,15
54,33808,4
66,178141,99
33,165529,99
23,163078,72
60,42937,19
80,44494,78
34,114472,34
45,191405,77
49,109461,58
86,87098,31
24,26497,55
32,138179,31
60,126878,73
85,22449,28
38,169210,26
67,193721,64
37,88498,94
38,118256,1
45,132906,95
83,59042,8
56,126040,68
51,141309,39
50,61534,91
56,157582,32
83,191703,80
53,118210,32
89,90277,14
76,110269,60
86,69624,22
53,42518,61
67,193497,56
41,72867,4
70,30034,84
90,134802,15
56,135600,41
42,187312,66
27,30540,39
85,166873,86
54,158037,51
88,163274,15
27,87761,67
65,56642,63
76,78347,23
52,33758,62
84,84036,57
66,89917,72
20,160391,90
45,130702,36
31,115764,90
63,103460,82
18,138448,20
46,30836,3
22,166547,94
47,33967,35
83,134348,9
36,82466,17
47,132561,38
79,115638,76
66,138698,18
72,71786,89
71,117346,70
18,42160,41
22,198942,8
86,77676,56
49,47140,37
75,109060,36
24,97234,77
62,62875,77
22,172241,67
89,139671,49
86,24449,39
85,193075,56
53,50581,88
60,112778,75
28,185371,56
75,198681,31
53,49526,65
89,125523,38
19,125750,90
85,20220,54
51,65183,13
82,120256,35
68,174554,44
20,195343,46
89,20781,98
32,28392,90
45,95151,60
31,175692,65
36,54849,54
71,182239,11
18,186343,39
90,150565,76
36,33819,15
28,110703,97
60,41266,43
45,161436,52
89,28583,38
35,20345,94
56,61849,59
81,92296,98
87,195273,32
75,84976,41
34,147584,90
37,48249,46
49,101393,73
44,154556,32
21,131770,26
46,182726,75
63,108734,46
71,29239,99
28,23736,96
66,90677,81
46,196693,16
41,161536,32
54,87531,95
77,97261,86
24,64328,56
19,116460,28
33,74373,72
61,108492,10
57,67185,4
73,75261,32
69,85610,37
83,44294,65
22,140419,27
68,155409,81
73,52153,63
35,175169,3
27,23763,61
45,50850,4
64,165437,75
83,190752,61
61,137839,73
29,179321,69
55,27529,85
62,96351,1
65,154138,30
90,97746,66
63,79176,25
43,149393,79
28,90002,49
43,68780,91
40,162729,88
90,125458,6
25,105578,29
84,46765,29
24,56186,29
63,33107,17
22,158934,34
58,180850,55
36,45569,92
65,134324,29
19,27687,65
19,54418,43
90,90490,68
48,22669,7
51,104007,99
37,55858,14
79,20099,37
24,112014,81
45,55771,11
41,188818,34
80,36363,2
30,114878,70
28,140587,62
66,196221,13
72,75836,42
29,167011,53
36,54542,59
62,47783,90
88,143516,1
60,142059,26
63,126471,63
21,169206,47
32,26786,31
44,88569,88
67,195050,41
40,30525,45
45,84271,26
86,146612,51
71,190839,68
19,144879,18
45,115337,77
57,163125,28
64,166094,47
87,121894,18
29,116130,85
18,120315,70
42,91856,84
87,27235,12
75,32847,11
76,92158,5
20,37256,8
37,44090,51
89,172317,83
25,122385,4
48,111556,12
64,48081,51
21,75098,47
50,53017,13
63,145479,8
43,46689,55
64,68824,38
90,180674,66
20,94885,28
34,158310,94
57,195216,95
56,52741,16
72,41907,27
45,99361,54
70,94421,69
86,75356,91
38,29196,41
31,109026,90
88,20371,85
60,77861,26
71,150494,2
21,92793,67
28,136719,61
44,30931,33
47,41895,97
74,145541,40
87,23179,38
39,29010,89
42,175403,83
47,184631,21
66,193778,3
89,104592,19
23,168026,36
57,31017,49
81,86459,61
60,180607,23
55,144134,90
49,160728,70
83,29323,74
50,173265,8
63,116706,37
22,98262,51
19,151411,16
82,63807,25
36,31628,70
36,182315,96
54,72483,57
33,28189,16
53,81050,82
41,75876,38
39,95414,93
88,127402,70
28,115571,55
31,154372,14
76,75718,15
58,153228,58
46,106317,71
31,167056,68
82,150305,95
36,52941,47
40,99836,46
86,132580,47
36,170119,67
88,120763,40
76,169737,8
62,30490,22
82,22201,70
90,198922,88
66,176182,30
45,144452,63
76,131009,28
58,98585,94
65,60555,98
31,84502,87
58,58670,43
83,86236,14
90,106927,77
84,198857,8
61,97053,14
48,99165,98
61,174035,15
32,112847,38
80,49123,39
23,125227,50
67,126656,28
41,61679,62
73,74248,86
76,175483,99
59,162167,39
66,106652,39
23,155025,90
47,176537,33
72,76998,61
20,64432,44
25,90761,100
83,36817,29
82,47862,75
53,197719,63
84,176852,20
85,36455,65
74,38944,51
53,60131,6
64,38351,31
27,106844,82
46,158448,43
38,156198,19
89,55274,6
54,35976,60
23,172263,1
42,145652,23
47,72894,74
23,167733,47
36,199311,55
73,154518,38
25,76704,87
32,188391,75
84,145848,73
81,91820,57
78,128604,95
62,66156,93
39,123404,76
31,122542,88
60,146098,2
74,188430,93
87,173786,61
51,103181,6
85,111138,37
41,80972,81
27,140387,13
71,85158,6
90,89559,75
45,48263,26
66,178077,73
48,138048,26
68,93634,9
42,101280,21
81,123857,25
54,157466,88
32,79803,21
39,100940,21
61,156934,83
50,157503,51
41,133302,33
84,51101,12
65,49458,64
64,84947,61
56,140395,88
54,46618,3
18,155057,55
55,70451,46
30,115096,47
33,47307,52
34,118218,40
33,102335,62
57,139743,27
65,183533,77
74,146698,8
30,165161,72
34,48528,73
55,27198,84
45,121660,62
61,89797,93
65,185327,52
45,76338,12
50,174782,72
84,146807,18
59,127066,21
36,127158,86
37,107706,4
70,132571,60
50,79242,85
23,51230,39
80,38880,30
59,90374,85
71,69530,85
87,71891,69
30,73207,100
39,151099,24
71,128026,67
31,106040,13
81,141958,73
31,32923,73
57,62455,86
32,36911,45
37,75854,82
73,134367,13
28,29964,3
27,91340,93
32,53009,54
21,174369,22
39,124862,87
52,178392,63
46,98824,96
65,116640,97
38,162790,12
34,131975,11
71,124441,1
50,37264,39
80,114452,69
74,80165,100
27,130022,9
89,188278,35
71,57410,92
77,74167,36
26,66719,35
33,121380,73
30,114427,32
86,141595,57
80,171440,85
86,107036,94
25,141320,90
29,98113,92
27,169795,5
37,157043,98
71,117413,85
64,136508,3
90,156060,44
35,86367,53
19,157587,46
67,26777,81
87,23801,84
75,29712,61
19,147094,89
56,130708,69
50,190631,44
35,119585,96
49,51273,11
31,42052,12
31,49167,46
73,28198,19
40,80047,91
63,27275,91
82,57048,21
59,91085,94
57,183033,57
28,36996,23
44,56038,94
53,51464,56
45,25715,16
77,99488,87
47,109578,10
76,45703,89
90,63733,45
69,70867,44
63,124465,40
69,79872,96
35,70164,6
66,89666,90
34,198035,76
24,83502,66
27,133682,96
44,34081,97
21,49818,71
20,131997,50
50,80595,90
44,67179,30
83,28494,27
80,28258,88
30,109945,15
58,118378,99
60,58502,13
59,154407,80
41,69705,15
83,175477,40
72,129411,12
46,110969,82
37,100971,73
76,145226,12
55,105923,42
53,50961,47
45,165445,42
73,73108,28
76,66685,80
20,161583,87
27,176907,70
87,191881,57
58,119478,63
67,116530,77
60,34536,18
61,150055,55
69,180097,76
36,190295,62
81,88617,88
77,45844,7
55,101391,23
58,167931,11
47,169473,79
45,169698,67
67,156079,74
41,37725,1
90,47636,41
71,147191,14
71,128429,80
87,129549,34
89,156408,58
56,118039,98
69,127524,55
84,57477,46
82,55389,94
43,54283,66
90,55068,95
28,47264,33
76,124798,86
40,148832,48
40,66335,79
87,110012,58
37,111857,26
39,22021,56
64,140772,6
78,100416,4
57,195350,15
77,58031,67
83,110828,73
39,188240,94
85,131752,69
22,85430,44
52,26254,89
59,131258,53
54,158940,47
47,136377,88
59,38850,26
89,195566,43
80,77843,62
31,64577,98
49,86409,49
48,153694,21
39,134122,8
83,111307,18
33,84964,22
66,142425,45
60,44033,24
62,154452,42
85,145507,72
75,94205,66
52,24554,86
36,97313,9
23,79168,97
28,191013,80
24,100297,67
66,183788,43
78,173130,30
46,22385,7
88,100461,20
83,146200,65
19,195634,46
77,164948,53
40,94867,48
27,156024,100
68,101659,85
27,194126,20
37,183044,92
49,91973,65
69,68776,34
78,21462,18
80,138334,37
64,101491,46
25,31919,99
52,199713,77
48,72871,40
86,175408,64
65,20355,22
44,181374,6
82,39535,98
26,34979,30
20,146441,98
28,29089,94
56,75870,2
66,52780,22
61,150843,78
49,90838,28
38,52284,78
82,125990,70
85,81606,68
47,89529,50
74,24735,64
51,106652,56
88,24166,85
23,56065,80
59,25613,81
38,34985,47
51,77824,15
51,109011,95
24,160238,75
84,59116,50
29,184519,13
83,78154,72
58,105489,85
22,159312,100
46,66543,86
71,133627,44
24,169427,54
81,175637,43
24,153821,92
60,48694,53
33,41261,18
41,198439,26
57,87053,58
72,68270,77
35,45610,49
24,185184,56
79,163698,59
28,62753,47
57,117822,53
26,39453,34
60,155208,16
83,55593,63
44,64682,46
71,135751,81
50,101535,6
45,26640,50
55,28105,27
76,23693,95
57,54099,34
80,131654,74
20,75803,58
48,189401,77
43,140866,16
47,198832,67
20,43212,64
90,138681,19
39,32219,50
28,101305,91
18,84902,24
33,180309,20
26,122490,90
77,43200,15
20,194470,93
31,127167,63
85,86134,38
86,194061,34
52,129280,29
68,158545,51
61,160123,82
68,75209,97
78,30989,20
63,108792,20
75,35704,45
45,46707,75
40,92430,37
27,156431,29
75,148680,95
89,172055,72
56,78438,87
37,56797,27
19,30046,80
48,125222,23
82,115943,34
66,43291,27
37,174730,24
59,117430,74
59,193446,52
24,143671,21
80,192792,94
57,155997,89
70,146771,89
31,60412,66
89,167876,73
81,162703,68
87,33820,83
60,32227,21
87,118554,96
79,40941,81
49,178791,31
25,34936,78
45,78354,49
90,188422,88
21,149436,64
24,138382,57
37,195484,3
45,96545,95
66,56554,50
58,71672,26
28,23061,52
86,113516,42
58,137517,33
42,165762,78
49,168825,26
50,76296,50
37,35610,1
50,41352,26
31,142165,4
20,92138,95
37,40875,76
88,156479,99
77,150813,63
74,69666,90
42,37827,19
89,90885,3
82,28622,41
73,63687,34
40,180304,34
72,166861,5
74,107058,98
21,105702,45
75,188894,53
61,34797,56
22,35461,91
87,112278,39
41,177747,48
69,112182,68
62,145885,58
88,38911,56
44,153788,38
48,49319,51
78,135681,61
78,56820,24
27,134341,23
80,99830,14
51,67344,15
70,170801,91
82,65234,56
31,96768,72
44,163765,1
79,159145,73
80,101493,93
74,51833,73
70,30582,83
77,132017,11
76,176227,42
88,186603,83
78,101804,19
51,97368,75
23,170675,65
72,60285,14
72,110321,37
55,56245,43
84,60033,85
75,187366,60
26,126691,11
72,187359,90
81,86557,26
48,187850,58
59,32878,50
55,23242,55
85,42915,86
65,76673,64
67,22778,82
73,70765,16
78,69309,95
86,82814,80
61,189845,72
44,94604,7
79,156028,27
24,50694,17
88,157602,51
49,105129,61
57,126829,41
78,102629,16
65,40182,68
76,116909,11
68,124708,45
76,190324,58
49,123510,89
22,73543,43
81,53714,4
36,111918,78
35,39026,39
70,38434,26
69,53696,69
23,101111,25
48,102073,17
58,67162,49
57,188735,57
56,169813,92
47,172454,98
63,21792,9
59,134608,86
35,156419,65
38,112064,10
41,136329,91
19,101590,82
62,68011,61
60,148327,83
19,160984,38
18,53853,44
54,83531,1
36,158956,73
79,48032,67
80,70927,89
57,106820,57
48,41914,53
28,56055,53
42,84790,33
20,135114,48
55,92486,18
64,138932,17
24,55508,58
56,84684,65
57,182967,47
40,58187,35
62,163626,56
53,25506,97
86,102044,81
53,160695,64
52,141301,9
64,134054,95
56,154810,84
23,141318,14
36,173255,88
65,135394,24
69,31720,66
80,35833,34
23,94318,17
74,112101,37
49,51025,87
20,22523,75
32,141761,78
46,163776,90
35,175264,24
65,174120,73
84,102166,27
46,53192,79
80,120393,86
65,135902,59
20,191829,8
44,93405,25
28,50500,58
36,160512,59
39,194581,72
52,193848,23
20,165253,23
32,181667,44
47,32124,59
55,143656,58
82,155021,50
28,82395,22
58,109508,34
19,147702,16
90,88833,10
82,102847,67
77,38030,31
60,111051,65
66,32763,47
53,138764,7
65,102890,20
39,111336,59
31,144163,81
45,103462,96
86,87433,9
55,45398,70
89,76187,7
33,190809,77
69,165861,53
74,57904,74
47,45079,20
68,95857,91
21,184405,38
78,107050,27
54,190868,50
72,59287,90
66,142959,66
41,196237,100
87,42459,73
47,51139,78
42,57268,32
47,56571,99
45,99942,80
42,129035,40
41,59599,72
42,33086,89
70,193481,8
46,120954,41
46,117189,36
64,26416,12
18,57921,37
31,36590,68
75,104186,59
30,158557,95
35,164267,79
76,136509,4
31,21442,100
77,117460,74
35,26509,44
81,154744,72
48,161732,54
45,41681,66
56,159785,26
59,61418,96
70,145707,84
40,82312,42
69,116437,41
33,98332,43
24,103864,60
53,129720,87
40,124700,96
80,179651,72
39,23432,18
75,121234,42
30,110422,22
23,56526,2
35,68489,52
51,82317,65
49,187255,76
81,196657,55
62,48902,98
39,91197,97
38,58854,21
89,177237,81
33,169302,13
37,24943,67
72,89321,67
36,104117,24
21,74241,54
55,171449,92
65,179167,33
39,78256,46
83,87096,74
60,97216,100
30,169368,84
24,176332,90
85,147812,25
72,195763,30
78,40763,44
20,81845,30
27,155070,32
25,31294,34
84,190681,63
61,173805,29
66,108920,51
69,83171,13
67,146082,95
22,168712,43
34,169358,8
60,86987,63
61,47253,89
87,108702,7
60,175647,100
46,141133,85
46,38576,98
84,183759,13
85,98494,45
84,104109,10
44,20523,14
28,51280,82
66,123043,84
64,88754,91
79,168841,77
65,155054,16
69,28770,2
68,114751,95
89,170071,90
65,106072,29
50,195053,21
88,97358,85
45,67993,53
88,87720,23
78,110377,55
70,88078,88
77,46473,37
26,179006,45
19,60638,10
65,147477,21
29,49570,54
82,168750,72
54,125335,100
61,33281,16
44,166156,4
79,120696,90
70,84508,43
61,178582,36
47,177032,97
27,59810,31
78,31133,36
19,190097,8
89,50896,85
33,147458,7
80,32165,26
67,75155,61
50,163078,13
90,58788,73
85,108154,63
33,51520,46
51,80546,75
23,142802,37
39,40482,43
33,164716,65
32,34769,58
55,136353,20
37,135399,42
45,162345,47
88,128026,10
26,154024,91
80,122636,99
44,56112,55
32,48281,35
33,22449,43
86,116919,19
54,101126,17
63,74870,95
88,185467,32
18,115540,92
37,90674,2
32,103827,71
56,87453,32
35,52147,36
21,125928,65
70,184961,50
30,25065,67
65,136198,5
82,104849,36
21,192240,73
52,122258,1
61,141874,46
29,116948,32
53,104843,76
42,72845,56
55,99278,62
53,125375,82
83,113192,79
57,33917,20
53,172866,10
65,117574,52
88,143631,66
27,179932,35
73,89756,31
67,72412,13
42,33706,33
67,64446,93
67,26991,62
26,82271,2
71,79731,10
33,180165,36
49,70909,50
50,171544,37
71,166183,94
30,176553,11
76,22194,12
79,29397,78
24,34050,67
90,181990,65
58,101429,10
56,196558,78
27,177363,53
37,40580,71
49,38456,33
67,119717,79
74,139379,20
24,90135,63
21,41935,44
35,108771,51
78,180936,1
30,103702,49
55,130487,39
68,54771,30
81,160694,64
63,23152,25
32,197019,83
61,172849,5
61,137100,27
63,104018,27
90,143895,96
30,58399,63
47,22657,65
21,49320,75
18,190705,91
80,96118,21
22,72925,52
32,149132,4
64,169613,44
72,137967,53
88,22715,68
41,189634,61
27,187945,21
29,128568,11
48,188371,14
33,126719,60
28,73785,2
37,105204,66
55,46205,33
74,148416,7
36,161836,37
87,70828,51
29,23112,35
42,111628,21
64,54276,51
59,58845,59
62,193650,37
59,143342,90
56,197691,37
57,192603,34
22,54200,86
78,59623,40
58,165691,100
20,52121,31
60,118265,12
36,26705,40
74,105191,90
42,96732,97
65,141561,52
57,34893,68
50,153964,47
40,150713,18
55,60437,61
45,34549,85
25,193573,29
68,144032,26
81,65270,5
47,141579,87
61,101577,53
44,23446,72
41,150062,69
80,179282,58
55,199614,55
28,159058,19
35,20912,3
45,93658,100
63,192343,9
63,73785,40
22,73333,24
70,199547,41
72,84239,79
80,78920,53
51,47836,100
35,196723,76
68,110679,68
50,21994,45
31,118283,50
70,195190,34
65,49263,83
65,39486,55
20,110242,48
22,117912,36
51,187436,45
30,189461,86
51,193850,39
51,41257,57
50,55256,92
38,170279,40
30,158705,91
37,104728,44
64,168624,37
18,157898,84
22,183378,65
26,135506,78
82,37381,45
60,46450,54
39,158410,48
70,174278,5
57,196185,48
61,95125,3
39,35860,27
44,165723,27
71,119180,31
51,120782,75
84,117165,82
70,182796,79
41,80971,95
62,194558,92
28,78137,14
35,98139,100
22,83696,8
26,46235,50
30,134115,60
28,31441,52
84,176340,50
51,192263,70
75,187196,61
68,189200,53
22,104678,66
29,28575,35
36,127359,57
18,167578,52
64,94168,18
18,186757,41
68,155387,28
75,28949,71
78,45548,2
56,135556,15
60,46869,83
89,183174,85
29,152347,42
18,156296,65
42,45783,39
43,36272,1
46,75011,52
87,167852,55
86,66945,25
41,46200,79
28,47021,10
68,78877,36
82,139868,20
50,83716,53
47,170236,72
33,103846,23
30,191201,15
80,52854,62
43,80208,18
66,99087,30
50,56039,31
42,196234,46
30,38986,93
48,116714,47
23,74068,42
38,116821,77
53,88746,35
74,50910,10
55,188205,64
72,155516,78
88,192831,11
64,130780,82
35,86497,86
22,95043,32
48,180215,98
83,128097,77
90,47073,77
35,42185,8
48,137233,95
42,22615,31
80,170163,26
68,43701,18
31,38068,99
20,60979,15
89,156438,17
19,75994,70
29,82685,8
84,177265,97
29,35798,9
63,173219,99
88,181493,69
42,122218,17
39,163878,66
58,47129,85
21,91347,35
63,186801,95
65,148086,38
32,24075,27
85,57622,25
56,86042,30
50,45761,36
76,40534,74
30,195227,28
54,88156,65
32,121401,1
85,70105,27
29,138186,67
75,178726,22
57,67486,86
37,27945,96
69,58346,9
56,147191,48
62,74507,85
88,86530,91
66,105099,36
41,64695,32
49,133992,84
39,82962,46
46,98093,17
68,27634,48
60,55284,68
35,128249,69
56,20861,49
23,191309,96
63,71713,52
62,107562,54
62,108907,81
21,169421,68
60,161187,65
87,173753,73
49,140108,21
24,97490,57
62,59932,23
31,96836,39
32,171069,34
66,80098,29
52,62185,92
41,41612,55
75,147636,95
88,121947,68
54,176876,72
71,135959,5
70,115638,58
78,66458,75
78,28057,72
62,46342,20
43,79352,5
70,55828,99
59,40455,29
31,78271,33
69,171739,99
18,62498,96
85,144483,3
52,128879,63
61,35388,25
31,75231,90
61,30616,23
42,103474,70
42,31439,48
65,90707,7
62,50395,6
79,67298,77
39,163657,87
37,159264,58
54,163478,27
74,149926,94
79,60187,72
46,84170,56
34,187124,65
78,186202,27
87,59816,3
47,183577,70
71,165695,59
74,82310,56
61,46458,89
34,42223,57
37,115431,13
88,183726,55
54,37516,98
72,33966,95
75,163987,79
81,132992,82
36,70986,36
24,20956,39
30,177435,67
45,25421,26
50,119700,90
74,94158,49
71,176437,81
46,70448,63
64,178588,28
54,40001,6
32,23422,3
68,151594,90
69,61108,18
51,158313,38
46,110351,20
63,159121,57
79,57980,64
61,37235,89
20,86916,4
79,158165,71
66,68941,68
52,156148,16
38,111323,68
49,53749,6
39,189837,93
57,48922,17
81,32715,83
45,98413,36
41,96180,6
34,69331,51
64,191266,17
67,78892,5
71,104309,23
27,84540,51
47,117921,17
63,189898,63
27,99730,80
31,184210,1
90,138748,73
89,120878,81
73,50094,25
58,98610,59
74,167715,84
54,139844,42
84,186756,82
81,56274,29
57,32756,90
19,111580,26
90,62498,15
26,76641,56
76,94320,9
32,66278,48
45,50081,26
24,95861,9
75,150613,87
53,189201,55
57,197384,14
38,189589,59
45,166354,84
31,137494,84
73,182890,56
63,116158,30
54,98072,53
62,46729,16
34,100650,41
72,154337,70
23,150707,23
86,87745,94
39,167584,9
62,191899,6
23,41646,67
36,122256,5
32,73221,24
60,74014,80
73,144673,25
20,157189,100
44,175945,93
68,145285,38
64,116438,82
34,97713,8
62,44204,15
67,118559,51
81,135179,27
26,150778,70
46,172391,79
86,22633,89
19,22603,72
39,30109,40
48,158879,80
68,97819,32
41,178481,32
48,60444,32
82,77476,94
42,139323,73
65,162458,31
77,58300,87
32,127297,30
83,81109,26
46,105021,39
71,62785,98
36,167243,63
42,153975,47
19,47193,39
29,189574,83
32,83547,68
45,115132,68
84,64211,53
67,159302,30
83,177506,54
30,183007,33
70,149193,68
40,40483,15
21,23690,42
74,138599,39
46,57752,44
40,174284,69
75,98818,73
28,37609,53
43,149845,37
61,86860,75
35,130362,30
43,113067,11
83,101057,51
85,64006,46
18,186879,69
77,192861,11
76,70870,3
56,115637,70
87,96832,25
80,169316,31
54,158954,66
80,173475,21
33,191055,62
71,33634,42
63,103994,75
39,120373,48
63,94382,29
31,73664,65
19,158848,36
74,53723,34
64,96214,68
33,197101,34
84,123735,91
60,92451,11
36,74794,22
19,48486,45
75,21288,13
45,131078,17
27,99085,4
80,103428,40
59,195842,65
54,167541,21
89,26388,90
49,136930,81
90,98652,57
90,38467,83
64,123155,11
77,152530,75
51,164810,51
66,117553,40
45,117855,48
26,158455,74
39,162754,96
82,27447,78
40,97029,4
84,76301,14
29,57541,16
32,28054,13
43,118924,7
64,124253,24
83,162423,6
68,88998,80
89,189130,29
32,66380,80
62,187521,29
27,28903,77
32,28193,62
89,162658,57
31,28198,94
64,69036,10
47,106734,36
21,153899,41
77,64101,56
29,87617,60
24,32924,2
22,184163,31
80,22208,23
51,125051,60
55,27862,47
77,182459,5
56,36467,44
76,191545,2
48,164216,3
62,73734,85
52,140230,11
50,59861,21
57,196607,63
36,84987,41
86,138672,47
40,86635,74
33,118081,60
21,87480,100
90,37561,44
44,155044,20
86,81116,55
29,113242,81
82,178870,69
21,22713,52
29,162720,92
64,75720,86
43,160786,17
46,20527,24
61,140354,80
57,106185,23
89,181939,45
22,85553,85
19,20555,93
88,115414,37
64,157737,89
51,109729,83
34,48192,66
43,191013,14
67,155873,30
80,147705,56
69,154513,35
90,130686,77
41,177738,35
85,106847,97
18,79868,94
64,192580,17
39,78559,40
77,34568,15
74,114781,64
35,185752,61
55,98180,57
89,132115,81
69,78191,28
37,63892,38
87,199300,37
51,96804,49
49,53216,28
31,199729,20
86,77221,46
51,149540,84
68,197182,18
30,149817,5
43,132315,27
39,78210,76
31,106391,95
57,20835,14
44,135820,7
23,139110,52
37,95774,45
67,36267,41
65,174520,2
53,142647,50
74,187521,54
67,25870,68
69,126291,93
34,177706,54
23,23124,43
67,183872,100
80,167709,97
71,134279,90
59,30285,97
68,170287,68
38,50016,26
79,165979,67
23,58573,30
35,160058,44
68,172137,10
79,93517,57
85,47930,18
19,146135,53
22,34026,82
90,153055,41
25,147686,85
51,136743,35
84,141859,76
85,152072,53
29,154511,82
47,69024,19
66,172648,95
68,125638,42
53,186097,88
85,183336,12
63,145150,65
20,164132,20
31,29654,33
55,155601,10
55,48015,6
38,21575,8
21,92526,52
53,85400,27
68,60176,35
56,74040,33
39,86282,48
77,112655,47
33,65889,55
21,111575,69
75,134254,35
18,104553,9
63,76538,63
75,79525,48
28,47049,82
67,57438,72
29,106300,13
28,175915,37
59,165181,93
56,63791,100
44,105972,42
80,157579,53
73,40113,60
61,173140,48
67,66988,30
55,153016,12
35,56107,9
48,189897,67
32,167523,80
27,78852,27
61,78244,18
38,138094,78
38,48139,9
45,184820,25
86,105434,79
43,162849,27
58,55581,98
90,184327,45
81,143062,59
74,179901,2
76,103654,46
39,45127,52
48,109219,80
70,149397,95
31,45674,39
30,186548,34
43,63358,63
58,102502,26
80,149909,39
58,27531,27
81,194224,32
40,85916,30
88,56904,24
46,191167,8
74,195751,74
24,65474,56
56,31978,2
44,175701,55
85,196247,45
59,148245,19
38,94293,39
54,199383,90
70,54607,11
29,92943,29
21,120745,49
52,115977,98
30,197272,74
82,29188,5
34,35433,65
62,58397,73
41,101703,67
72,110215,18
44,140900,66
42,52437,38
90,128202,31
50,59551,13
73,41806,34
55,89589,92
44,127458,58
21,160392,29
43,189198,39
59,27891,63
67,164859,6
50,56589,94
32,132712,22
89,127686,40
74,22754,87
82,134981,11
78,48066,47
21,82203,90
21,38966,27
87,23954,41
54,88374,75
77,92411,72
61,137007,50
60,48751,15
49,104502,50
21,130408,51
18,58623,38
82,40780,89
88,196278,70
47,88768,45
63,171178,25
53,148183,64
38,85774,88
47,108998,61
35,65093,29
55,100382,79
19,198622,84
48,45834,94
22,198029,15
72,32456,92
88,198014,53
84,49208,39
41,113791,37
29,195809,100
29,148335,75
70,119274,90
53,163211,93
38,137828,89
39,111840,53
65,108533,68
74,154639,85
56,169964,31
54,145794,6
36,169357,55
67,78794,88
84,155911,79
65,55399,34
65,106033,41
48,195116,45
45,80735,99
27,71437,54
80,61366,37
79,91217,31
55,115332,84
65,145847,25
52,187953,91
64,172407,23
25,100086,92
86,54559,39
22,33519,15
53,167819,39
76,175690,64
58,73212,7
41,96488,28
26,166096,91
42,68066,8
40,81257,89
71,25160,23
20,59873,35
43,107152,87
65,20120,74
79,92383,3
82,146389,51
30,154230,7
71,93723,78
84,107977,62
69,191054,66
87,85566,73
82,185192,51
85,93530,88
34,28450,71
60,172578,37
33,148714,40
52,36208,66
80,84579,100
20,100101,17
46,57180,100
47,58375,2
68,37683,67
31,195224,68
70,70959,28
57,174937,19
58,194216,46
43,29270,32
65,89226,94
30,184110,20
57,128123,39
48,40442,62
66,100407,95
40,38706,14
59,39005,49
47,74801,73
39,36278,31
55,131788,41
67,164995,85
20,98234,92
85,160982,9
85,119504,93
51,158503,19
59,199676,8
60,47386,96
79,180954,81
38,87684,94
42,154658,100
70,81008,61
31,146365,46
54,191253,97
34,147026,28
53,104716,97
45,79135,21
58,59007,93
61,195654,100
64,66799,82
53,85875,72
32,172748,58
25,132829,82
57,140911,93
77,78315,62
90,187367,41
67,165651,32
27,85295,48
49,132875,36
63,31680,68
88,186807,18
77,45871,50
90,187945,74
46,109729,11
77,105023,6
52,22527,12
74,33209,19
65,36221,16
82,48697,20
38,129292,4
45,197134,52
53,129559,75
63,170941,40
23,159204,43
88,46895,80
38,96039,95
19,153512,87
44,177603,9
35,178655,67
42,62496,47
24,64625,14
44,179671,73
63,78319,7
40,116167,44
88,34483,20
47,119421,15
52,83755,88
68,189856,22
58,23591,92
20,154725,63
67,141615,5
59,47845,89
72,167612,42
26,116906,79
48,101258,46
87,66213,47
54,97881,47
26,176076,96
67,180936,17
66,67514,12
57,134247,32
35,73477,10
78,158739,87
60,198933,77
55,21537,79
86,189299,51
48,187198,10
58,36248,93
77,71727,64
53,94067,63
87,20187,83
25,92673,13
56,107991,30
36,140866,20
83,99989,97
22,68329,44
90,155270,74
33,136266,98
50,122109,39
47,101410,46
87,77060,47
63,63597,7
29,21407,24
37,24791,9
64,49075,56
27,173237,54
56,46616,49
72,42354,61
88,110765,16
20,193745,17
63,78884,43
35,194788,37
90,48145,72
31,33778,50
22,63057,85
42,148464,41
57,190498,73
84,166929,28
56,102458,20
57,55838,40
88,44462,93
19,30993,61
81,173762,95
79,30243,41
57,154298,3
20,72538,77
88,173138,14
44,195418,40
34,175894,2
47,34825,77
71,89787,100
79,104922,37
47,25457,25
27,105637,6
82,153983,30
36,136022,69
43,195150,51
73,89281,94
35,44922,60
29,147005,4
45,84455,22
87,150851,38
63,61998,88
58,66284,53
72,76374,22
51,88406,32
61,124697,80
47,172421,91
54,154482,3
72,45895,71
24,155661,68
21,43190,97
41,99386,14
90,113981,47
54,34276,44
87,161150,73
85,150936,49
61,31233,13
21,187388,73
30,41900,1
71,95092,54
29,181045,63
84,87419,28
30,113226,60
80,155393,96
25,51705,90
45,169528,42
59,44251,40
78,158932,76
71,69372,39
76,25186,68
75,140039,82
58,20714,50
77,21604,74
37,84753,49
27,179831,93
24,192806,22
75,128643,57
30,86652,31
58,85671,67
57,73239,33
56,115156,84
80,51327,52
46,33313,64
40,149271,26
60,83676,31
55,130356,61
25,94962,75
34,67036,79
87,176680,15
61,159144,43
20,188245,58
48,111012,28
36,78278,8
68,98937,67
55,72801,34
69,129814,79
59,169703,7
72,25376,62
40,56282,71
65,69138,6
84,57479,17
57,95322,6
73,106390,82
35,42915,90
18,46598,8
26,25330,72
30,57144,77
65,150128,6
55,181310,98
42,24298,42
82,199463,67
88,112907,52
65,152011,52
55,138464,84
90,27088,31
21,101922,90
56,31327,29
36,68489,79
45,30019,99
40,44702,30
77,101343,35
26,72413,65
20,115043,35
31,123980,77
22,136306,37
64,142912,86
32,188342,68
76,112609,22
78,44736,75
65,157945,24
73,71027,61
80,113586,19
20,101228,46
63,140996,71
55,122318,42
32,93154,88
73,48756,18
39,108403,41
49,22733,37
34,131651,26
43,172488,61
37,191902,30
59,78527,54
51,188234,76
62,99466,48
19,137515,38
73,119707,88
56,161969,91
38,88096,72
50,185533,38
55,108406,47
46,184626,40
30,90786,2
37,165873,24
73,74056,80
90,196490,69
51,171789,59
76,162063,34
51,67130,98
63,72996,94
40,133243,50
59,60580,96
27,157050,43
39,169522,32
88,128249,43
34,197512,2
27,181893,76
30,166298,44
69,22270,28
41,33012,41
74,127925,29
68,188506,67
62,41931,62
66,121642,57
59,108465,5
25,123306,90
72,84009,85
45,123536,59
38,135018,61
18,169613,32
67,171395,67
45,74657,56
26,187335,51
69,40235,5
81,102195,100
52,194182,5
42,84037,13
19,87039,72
30,80497,91
54,110815,46
72,116996,89
76,104579,52
37,108900,86
77,44603,89
79,114438,15
42,121418,91
21,197562,62
31,130122,64
58,168885,98
40,195697,7
76,138594,67
88,89353,48
66,115964,13
61,26188,47
85,84834,74
31,193892,80
41,68252,27
28,91111,80
86,97715,41
87,104174,27
24,166679,53
79,138358,57
75,131791,6
27,135845,100
47,63396,40
83,94475,6
40,160174,61
65,78719,26
48,30230,95
49,183389,5
35,142321,19
67,52405,56
75,69452,87
88,149274,97
84,183199,64
72,100401,57
87,81512,60
80,101606,56
75,96502,79
24,52226,100
34,37606,54
35,147168,40
60,43430,48
33,137342,5
72,65910,96
46,181422,25
27,150048,42
90,140904,2
63,79645,8
35,169217,31
34,100796,59
36,63796,85
55,43512,31
20,60608,78
47,41908,83
48,79273,2
29,86274,18
55,170765,29
38,111999,41
22,28267,24
48,124520,100
67,133622,99
20,190079,69
58,170976,81
66,123549,63
34,141535,26
43,157778,92
88,35620,40
50,46779,80
90,116803,5
81,150414,53
70,40257,88
79,133721,96
18,166915,8
36,188799,76
77,102960,62
24,53024,34
42,125843,76
45,128343,67
58,195704,2
75,136713,72
80,59193,72
65,168065,87
53,122575,27
85,76173,72
84,68903,59
37,72559,6
83,165856,34
62,177376,26
35,52971,48
19,25760,27
26,69684,63
18,185385,58
60,28141,54
29,28138,66
68,72540,94
57,119095,77
27,177327,42
61,103172,99
37,96049,41
71,181775,29
66,174922,17
76,36135,90
25,144176,73
25,44694,66
57,174914,97
64,67336,55
43,53801,28
86,22427,100
65,24332,42
75,22854,89
22,115267,95
53,74485,73
40,40943,85
40,115904,70
40,121546,86
37,79170,48
47,52356,84
39,112443,91
89,106778,82
65,140750,5
61,75873,100
77,195464,84
82,111969,18
58,114761,30
75,25391,90
87,155424,69
44,193220,82
36,76962,58
38,21691,98
18,77987,62
44,49875,58
88,24544,52
27,146733,97
73,46969,40
36,146912,3
23,94413,31
68,53171,86
43,115420,97
34,97721,72
25,76899,79
26,195474,56
31,55882,57
86,181510,34
83,67748,67
30,170498,32
52,76593,69
36,168372,54
27,112333,95
66,66815,43
74,145869,96
57,90997,9
81,149308,2
19,20665,84
60,144669,73
37,122727,82
36,156133,93
29,141016,72
88,169954,13
52,103478,48
62,115403,39
54,27823,93
33,88166,57
49,23870,28
22,146916,97
78,82568,33
84,109189,65
24,122950,95
34,71024,45
25,30800,86
25,178263,23
38,71355,28
58,96858,99
69,31583,76
58,85417,33
80,36382,13
70,155036,89
63,44187,88
57,61214,49
82,28822,22
63,146572,11
71,77299,31
49,162578,69
78,99061,69
70,33125,2
64,130454,81
70,38838,88
56,193135,89
76,126600,90
31,112865,37
18,191717,98
37,66183,27
70,177214,78
53,40719,80
62,98652,39
39,66489,24
24,53595,86
68,157600,42
56,152510,34
37,98179,34
23,48691,42
67,104660,65
26,103132,29
27,86660,86
84,47315,2
22,164186,62
76,163866,69
72,88192,28
80,142162,40
66,52559,60
50,59229,86
56,43579,53
63,85955,6
61,96689,84
38,94122,13
74,194973,68
73,151489,22
70,21489,90
46,53928,4
62,154052,63
34,24915,29
89,46567,70
51,48921,46
41,146856,80
22,28533,14
26,180792,99
59,145259,53
51,128059,92
81,67441,22
65,145382,42
89,112930,54
73,115538,68
84,143317,16
38,80735,34
69,65820,16
71,95197,52
33,61117,44
87,180196,91
35,107070,46
77,80776,37
61,109035,22
83,198260,72
31,140719,12
80,122325,67
18,104344,78
59,40447,39
56,195061,9
51,39509,98
29,78359,55
82,42674,26
82,196490,55
52,44311,28
59,96509,22
63,197925,61
20,198708,51
44,140571,85
39,154955,31
18,103441,8
66,28755,25
46,51682,36
77,36205,27
28,171538,45
31,44402,55
54,62491,53
30,157697,65
35,180493,1
33,164924,27
42,56137,14
57,152732,25
21,48346,85
78,160311,98
44,43793,43
20,196891,13
39,192682,9
80,35819,32
44,70861,68
38,192036,6
30,128716,45
22,78766,70
43,81096,2
83,120232,45
28,126718,91
23,190834,25
18,140533,95
35,45123,32
50,99417,56
35,173518,52
25,151435,48
77,134921,16
81,54962,97
40,103258,95
78,143070,89
30,83528,39
87,67262,42
51,176867,67
44,186976,83
87,158955,45
54,42374,13
50,92473,93
69,65355,52
78,136747,42
72,63461,12
66,146613,80
30,48407,47
71,81226,17
33,58426,3
28,86963,32
50,142564,75
33,165816,35
56,53901,70
65,63789,46
38,163198,85
43,197495,28
26,163200,37
68,33045,72
32,113834,8
50,86177,49
86,118610,89
45,193139,66
74,132574,44
34,187645,5
80,34909,19
88,67912,16
72,45422,10
26,43155,3
41,195298,84
23,198501,75
80,68586,19
50,95550,79
80,57542,25
72,62265,23
49,175933,99
81,88010,55
46,87779,3
49,167829,74
25,114738,56
58,92302,42
19,50038,61
57,38753,10
43,52798,11
72,69280,19
58,20569,93
71,127887,42
40,80771,49
41,24867,70
77,20640,1
67,40257,5
76,130742,98
46,168733,49
55,55320,99
65,198168,21
58,171761,73
49,133699,76
39,142360,72
63,89475,31
49,64433,7
20,34218,15
49,198020,8
45,166216,15
76,120392,92
80,186706,17
51,139645,76
87,125321,61
36,37348,23
67,136814,81
85,82460,73
74,184770,41
34,61927,62
55,168943,77
90,111565,31
33,93341,69
47,126384,50
51,47929,88
38,176637,1
55,101651,64
51,79044,37
59,184638,44
78,171877,69
33,84870,37
82,142236,39
81,142022,57
86,179146,64
81,142534,5
57,172067,52
22,148702,88
21,48755,1
27,49628,34
57,74412,43
24,37580,11
51,78805,52
54,38371,88
53,87833,21
61,110393,19
19,22196,7
83,102653,19
58,160345,2
25,131403,90
62,92749,57
85,186893,38
84,175519,66
77,98950,42
30,112523,49
70,83345,2
90,155390,28
20,179651,92
61,90126,18
44,26692,38
36,197605,12
62,60154,5
48,123679,62
77,40325,42
73,94329,25
33,68732,95
74,97577,89
24,25859,70
62,105851,78
54,58879,4
41,107073,89
69,124272,58
23,115765,50
39,159920,25
25,127693,23
26,132253,50
88,24729,36
63,36684,38
83,73720,61
88,193108,5
71,129823,89
25,130257,52
71,67869,80
85,189790,2
45,161803,49
42,142806,83
36,198114,27
43,171896,11
24,102840,90
87,158547,6
51,86270,33
40,35829,57
24,186220,96
66,61762,16
87,119458,31
78,44375,65
76,172241,78
21,109917,56
82,26996,70
26,182496,23
35,90403,6
26,72172,58
32,55997,12
42,80599,9
46,167866,60
65,116387,76
33,42852,83
52,86183,28
36,119056,16
65,166468,34
66,40407,32
21,137613,16
25,158057,50
39,121937,3
24,191964,78
37,69055,17
50,109003,8
49,20950,43
46,196912,66
69,147484,13
20,142252,54
52,187484,77
69,167391,14
76,47697,95
46,111863,71
52,119979,69
82,73923,54
39,192864,72
85,77230,58
87,44567,52
25,107649,33
38,81497,30
43,66084,39
42,193283,27
72,40024,29
83,183757,23
22,141504,87
78,175827,47
67,36780,90
19,97392,96
88,83172,4
78,127032,26
70,138209,52
31,169833,64
47,60566,50
46,57921,13
29,95902,48
86,27805,38
33,134787,87
90,116739,95
31,151734,48
64,71303,10
49,133807,81
55,65138,86
70,39872,80
40,55683,45
59,91755,19
34,70308,72
50,190520,100
71,62310,30
29,143655,20
80,64179,84
22,54367,50
74,139703,43
45,34407,15
72,32961,84
90,160384,36
74,126218,22
76,188453,78
39,163658,46
53,53401,70
78,166886,33
66,52111,50
43,133558,9
47,194737,47
36,198750,73
19,60951,58
18,139159,99
76,171575,57
63,192515,65
22,49275,94
55,124527,1
29,170677,77
20,100083,67
42,64990,51
31,92321,31
60,133173,5
77,23479,54
78,107716,78
22,86652,99
67,20528,10
89,93674,77
82,108841,35
35,118638,8
23,59047,58
80,165398,32
18,48749,98
71,85428,24
19,80297,31
55,105182,100
46,85350,14
65,29560,66
56,38463,66
56,153349,56
27,123590,94
20,154930,67
25,88456,69
68,30508,8
36,49865,43
66,114005,24
51,155091,32
24,154789,51
80,42121,9
43,118010,70
28,197764,55
89,163378,58
67,66416,21
30,174098,78
43,122301,94
22,92967,56
39,160671,52
47,76966,30
48,96645,62
42,187982,78
55,67770,65
19,23856,20
51,74908,53
31,132310,88
50,32038,40
40,94705,46
49,95287,97
87,38099,11
57,161068,70
90,180501,15
29,87675,11
28,54789,77
31,105542,88
35,127690,90
38,100427,7
55,96998,78
76,128670,49
40,130891,70
43,119031,54
41,60680,55
45,94366,48
38,135977,74
75,83781,78
20,167964,65
48,60448,67
85,133629,85
76,76679,83
67,130042,94
20,94026,34
81,45892,32
38,113761,35
44,134246,23
76,77474,20
38,168245,33
90,165801,31
43,161936,91
82,123955,83
69,177878,21
31,21213,90
88,57524,40
90,189256,95
60,65498,17
34,50700,34
56,163433,50
82,158693,44
20,102798,80
24,65051,88
89,24139,74
43,36862,79
82,39181,92
65,197672,67
86,47206,40
28,33756,43
18,88927,66
74,151349,51
80,158243,78
56,42768,42
78,179113,88
86,21100,58
43,119123,73
77,94358,7
88,22598,24
43,153717,25
90,106460,91
26,160202,36
41,70404,66
82,99152,26
85,65886,15
55,116364,80
20,132300,25
44,149338,49
30,102106,96
57,111248,65
63,191959,31
49,149229,85
50,43035,31
48,145317,15
42,31239,79
32,197333,94
52,69018,68
62,132420,55
88,149132,11
47,193757,57
26,119241,8
20,138728,4
65,84619,15
86,105049,68
62,59380,83
26,41416,90
52,95642,8
20,153038,71
63,93723,39
55,166331,63
56,73465,73
64,153199,12
54,109172,70
88,61184,26
77,143877,97
57,123949,97
71,43729,96
78,120242,79
79,82521,59
55,168432,92
78,29070,62
19,75130,16
31,52340,76
62,32101,13
46,162228,38
72,92166,46
48,103225,81
74,178436,65
37,119632,4
25,178211,22
70,46636,19
22,47238,69
46,89360,96
39,96120,95
48,32997,43
51,40468,45
69,107663,86
44,153141,22
30,89531,76
37,68731,79
30,62592,59
67,24382,9
89,131863,33
82,46786,7
18,149854,49
21,95043,24
86,179880,13
34,141795,5
59,137056,72
54,56645,58
22,92797,26
90,93866,98
41,104855,25
33,150276,28
53,135707,71
26,86034,93
25,194441,1
72,189870,65
66,154494,53
74,111436,95
18,39220,18
27,177392,85
41,21619,16
35,52980,2
22,51835,57
25,102573,39
26,165801,44
82,49914,11
33,186365,22
32,66150,97
49,198769,35
25,109788,61
90,144268,5
18,48713,18
66,48934,75
19,178711,34
51,94577,11
86,20340,99
63,24398,8
46,141301,33
30,109683,39
56,123909,25
55,51990,55
72,59430,3
69,134102,89
31,53199,41
41,140671,82
44,99908,69
34,50360,74
19,57643,59
76,69427,4
58,41166,26
77,31599,27
23,172773,48
54,176930,18
32,176274,65
71,56116,35
72,27198,83
67,83307,77
39,146606,51
37,132228,44
18,74791,21
24,97054,38
33,149641,52
40,40617,74
31,74763,18
90,20657,69
83,83420,57
72,82130,28
47,51485,56
25,22656,89
61,104358,16
83,161796,34
56,26745,44
81,32300,9
20,158153,72
58,74115,87
56,25326,15
55,26665,23
74,162233,3
25,129278,34
78,195015,66
87,121569,27
54,153357,87
61,21374,93
90,66371,56
34,57582,1
18,194833,78
49,131854,23
43,137208,68
85,114164,73
48,166258,60
54,124154,72
38,172309,100
38,159079,60
58,74291,88
88,96178,30
45,139090,15
68,89436,46
77,159548,43
59,81291,67
87,193440,25
90,28635,52
44,59950,66
71,149160,57
58,110119,100
53,166293,13
48,22098,78
85,25299,54
66,168609,82
34,87878,44
40,60384,18
79,137462,59
37,116042,81
45,134032,52
58,162358,48
83,128193,47
59,39651,32
69,56035,92
89,190947,35
42,156923,70
46,30563,53
33,175841,49
78,117996,98
18,50860,12
71,35924,38
40,24892,5
86,41207,43
71,94607,21
67,86057,19
60,33009,24
24,72393,39
29,27245,9
63,105500,6
32,88088,8
57,43282,72
74,179662,66
66,143822,42
42,175725,93
20,150406,89
86,25461,74
18,119353,43
74,175794,55
73,160673,75
73,139557,97
52,166826,84
50,172485,4
43,77880,36
74,185405,15
57,36853,22
23,49505,18
30,91247,64
49,88989,56
85,149964,36
70,21156,96
81,185643,68
18,156848,97
75,167903,46
34,87004,2
20,43050,46
51,48679,60
53,54914,59
34,23791,35
42,78521,26
83,141749,48
86,55576,89
60,52977,83
18,195268,50
86,189696,24
31,83289,87
31,127617,84
55,162448,69
27,129547,90
48,66768,10
77,186689,63
54,150666,44
32,195627,92
33,183335,81
63,72643,18
64,116559,52
82,113571,25
65,153127,82
23,20440,7
57,145358,64
22,163928,67
79,118178,80
21,44091,4
23,92812,25
42,106055,46
64,54109,51
47,156912,41
57,21587,44
36,80895,43
18,32229,13
33,184914,22
51,134065,72
46,133960,92
56,55858,78
46,136709,99
60,103584,48
70,149537,28
87,122314,19
79,70806,18
31,32772,13
49,59379,64
45,182047,37
82,86933,24
51,21537,94
87,176651,34
34,39520,18
31,160906,57
59,151713,48
29,132794,22
63,138303,95
41,95088,14
18,178391,55
37,113238,57
33,69808,73
53,145722,7
21,24858,97
38,162017,3
30,24763,64
26,21980,20
78,180343,68
86,65245,51
71,96995,43
89,53256,26
79,118627,67
50,189319,21
56,161194,70
40,102885,98
52,61478,44
89,83211,77
63,117285,49
51,107936,78
85,162633,27
81,46094,30
54,195789,89
67,154760,23
40,105180,42
89,188731,44
45,71915,4
35,163282,6
71,53584,99
20,187892,35
50,81659,98
53,145305,30
35,128105,71
27,135332,48
52,125015,87
49,132025,74
39,193494,93
34,178696,42
44,110165,38
41,97401,76
74,69402,76
27,191357,32
38,66301,79
79,187309,28
72,148241,17
44,88325,92
76,92725,24
66,84938,100
40,122575,23
44,152748,59
60,126402,42
20,69005,24
69,104776,67
89,109857,95
56,80280,3
32,148074,55
52,51962,31
75,72718,78
55,177682,59
68,161983,13
29,189038,32
62,132196,19
48,78328,42
73,126802,54
81,125898,68
33,84827,32
41,191294,22
39,51699,44
19,188166,61
87,54814,3
25,189088,2
37,52341,94
19,171248,83
33,188213,2
76,184984,61
69,101724,57
78,71315,70
65,27619,90
22,39952,27
30,173649,84
30,145609,100
61,56954,10
39,44414,37
46,151967,77
40,119391,52
20,63538,95
20,185959,81
30,143821,28
54,55227,42
83,171984,12
77,73593,70
81,145879,67
69,26176,20
74,161955,68
80,59468,80
24,107822,75
44,29845,85
61,102347,18
78,20636,70
41,72794,20
78,51337,37
57,187591,39
65,95174,33
23,126395,41
21,118294,41
23,190424,22
80,121544,4
82,95494,42
33,82489,81
51,144661,76
64,115786,67
28,130340,31
78,23986,61
45,39075,95
62,192998,48
31,103679,75
88,75205,90
79,149211,45
33,151595,37
31,131450,27
44,82764,57
72,162686,50
71,137288,99
38,70077,90
82,65488,100
64,92381,27
59,66393,67
76,38350,78
67,149771,79
64,110205,70
19,26340,64
26,135889,64
26,58169,3
19,97108,69
40,83669,20
64,184579,1
50,79562,74
18,100552,22
45,64275,69
24,145032,57
83,153805,64
73,180108,26
26,83982,43
45,23687,47
58,28201,16
50,131459,72
25,143211,42
68,35411,100
32,130089,14
55,26362,57
88,109585,72
29,59606,92
75,108925,89
80,148579,60
19,195538,26
30,186311,49
64,175722,51
68,126172,34
38,117283,8
47,21096,33
52,57426,13
52,92501,67
34,40518,7
80,130502,59
81,63270,58
27,88144,44
48,53515,90
80,154964,55
45,172951,63
72,73163,28
77,129897,72
21,156400,16
54,114679,65
63,62851,2
29,143537,44
78,74180,49
64,100690,72
89,83403,56
71,137882,69
81,51944,6
70,94129,75
27,167073,19
31,170231,82
59,30976,24
65,158076,63
33,104541,90
78,44641,11
65,150066,40
31,152714,82
25,149469,14
51,88621,76
19,55852,23
32,26897,46
68,41137,44
90,65492,73
34,199606,5
37,78162,18
88,197548,86
35,105464,37
48,49246,27
71,127857,13
76,92571,25
67,193412,82
26,192232,44
36,137958,15
79,44373,59
32,45567,77
75,65531,8
88,39515,40
67,22069,56
67,92694,60
32,57907,64
78,100469,8
22,115770,32
48,135138,98
58,166450,64
56,152206,2
21,106259,30
45,64456,46
55,156118,39
65,92525,99
88,62516,14
85,151934,58
51,92832,10
85,86652,56
39,32462,80
89,74210,95
20,124964,5
83,98291,53
24,62251,24
22,49440,30
31,123135,66
18,177342,54
64,45954,58
88,124084,19
28,194294,46
58,71369,23
48,108646,10
43,61399,33
58,77616,90
53,65947,50
24,124630,81
37,21138,44
24,192429,99
33,104257,11
71,49784,25
42,118531,14
66,129877,79
50,79332,23
77,80532,82
76,77448,50
21,169045,13
45,155540,54
63,163981,90
68,83575,31
40,118587,83
89,136260,62
77,78573,93
56,24124,20
53,195540,9
69,100322,24
47,166264,100
90,196837,77
22,187430,72
89,55835,98
31,177469,83
72,89226,37
76,30365,71
87,113460,26
26,124363,86
67,68037,7
71,193522,23
75,105096,75
67,85848,29
29,96381,9
41,57456,71
56,33478,43
35,174642,64
73,98327,55
57,57482,3
43,179367,59
55,52871,27
89,153170,23
69,144679,2
28,48260,36
54,29562,1
36,92073,79
25,74635,42
36,57179,47
41,178795,33
59,156237,34
54,114360,57
79,42693,11
42,51762,64
65,172452,51
43,195915,68
57,69106,18
84,136936,51
75,139885,92
74,88575,61
67,161652,3
20,90165,37
73,170314,60
51,58970,55
29,35304,87
66,192573,29
47,27855,86
39,161735,46
25,108673,50
19,174389,36
57,172269,90
67,142757,63
26,88064,54
66,170993,93
47,198798,57
83,62943,69
32,27720,73
37,52322,80
85,151064,55
76,138620,63
83,131509,31
77,43645,55
70,59237,39
80,91849,87
67,38885,55
82,71177,38
70,172056,71
33,66485,18
33,94175,15
33,44666,31
56,129217,19
24,101175,70
33,149815,48
20,93942,32
63,180490,58
18,41842,77
18,36133,86
39,64717,20
35,168460,67
52,24868,80
46,181300,34
37,64129,51
52,168535,92
86,71515,59
68,160605,26
50,108417,55
44,176502,89
86,134730,66
35,89409,59
75,48735,26
61,71819,58
42,175325,11
82,183442,38
80,167111,89
51,73062,100
55,189772,98
80,61183,70
85,20506,2
42,195422,89
48,151493,5
18,153303,38
20,63122,59
88,115244,44
80,55078,57
34,159969,12
80,55391,68
49,58301,57
35,79840,78
47,89341,14
79,131288,7
66,185829,14
26,183762,82
41,126511,49
90,108065,15
63,69986,18
38,40618,92
33,179985,24
23,101651,42
37,115817,89
46,50598,45
28,174433,26
48,176084,80
53,30723,29
29,133405,63
63,32188,25
31,67038,40
66,118216,62
21,108774,100
39,24922,24
32,133398,9
55,39816,46
85,163300,35
53,173361,52
41,112262,6
39,44033,46
33,121430,64
39,24409,40
46,130335,23
31,84023,36
56,129199,47
80,46046,35
18,77457,53
27,105566,49
69,77330,60
55,59999,40
25,70030,31
62,177669,3
42,176950,43
31,75335,91
86,79054,91
34,100685,30
52,166003,79
29,99196,78
34,105771,95
64,68716,50
61,73912,27
44,31403,98
72,80229,42
51,83513,32
65,34529,54
57,36514,59
41,199722,49
60,184297,47
37,85045,66
84,124853,66
31,160259,83
40,176905,93
33,98071,42
85,20115,94
29,194216,21
61,33997,49
30,80352,83
20,75113,22
38,25143,64
29,94886,6
86,118424,98
86,161674,16
84,144090,78
46,156232,63
28,133254,38
83,185237,35
57,185641,4
46,58475,86
26,167175,73
28,95902,41
32,32477,100
79,67093,93
81,105383,66
77,63074,81
37,68272,44
57,66381,63
81,187287,60
55,140525,9
60,100523,94
74,170972,94
89,111141,66
37,179075,32
29,57727,30
40,111308,81
19,157929,77
84,68030,59
70,134819,4
83,138779,86
63,83466,37
44,48459,40
54,89512,4
60,149839,30
77,46790,69
33,64289,33
68,22081,2
67,174665,77
72,185218,96
65,53719,16
33,59594,98
42,84414,70
78,125114,91
70,28484,57
51,132453,37
67,182809,17
62,98363,7
33,180410,96
77,151892,56
51,129145,82
64,197701,95
59,102085,49
44,90458,60
54,156419,71
64,176484,97
30,78789,95
78,191732,99
25,65846,71
31,170435,37
41,183695,38
49,60275,8
58,59519,2
84,162392,85
34,50411,39
21,40748,64
89,69494,25
77,131361,74
34,177373,13
43,168273,70
45,178794,87
55,139884,45
38,59030,45
79,64467,40
25,163410,75
67,38904,43
62,159028,98
41,85916,85
67,41000,4
41,163630,80
24,194538,90
48,45326,71
66,51045,29
30,22867,32
24,102482,50
70,176431,8
67,187248,45
60,20515,91
60,50928,91
32,140977,17
22,145891,80
87,50435,48
30,136287,84
75,151713,65
65,112362,15
63,79943,18
20,183463,4
57,104968,75
40,76833,100
19,159117,61
67,164866,12
54,144393,100
39,128195,52
77,192886,57
46,103706,37
20,129301,19
26,72530,12
25,136225,39
18,128800,27
80,46173,48
64,149456,52
82,52446,69
50,39019,3
86,128189,66
68,197154,13
28,31209,46
39,157463,80
90,47697,30
34,103275,14
74,165916,100
79,174972,64
31,83201,91
86,60232,43
79,155725,1
49,131981,23
37,68376,34
61,92599,94
28,124196,72
23,29510,81
30,93730,60
35,130272,2
21,57700,16
74,180946,58
76,196738,48
75,158492,77
57,119048,52
87,183214,80
74,152564,69
50,86339,16
67,139829,2
41,199052,61
86,138587,44
55,61264,50
90,44844,28
27,194383,98
74,122955,96
51,94762,33
65,25952,5
31,199043,24
33,89546,36
69,110321,22
50,43292,31
64,159985,39
20,117334,10
84,27960,25
24,181586,31
49,147094,53
35,140217,42
64,156149,51
81,122060,46
49,172943,23
46,112312,55
56,128924,7
18,32159,95
72,113665,72
40,111964,92
62,177146,40
18,62281,44
36,152869,86
22,152475,52
23,127932,86
32,24467,76
86,128030,57
89,25817,69
82,109838,59
73,69336,2
79,132929,76
61,173100,30
50,32232,61
37,79491,7
58,161773,57
67,195916,62
66,93896,99
19,188154,18
86,30298,20
64,154290,3
58,131683,72
37,47517,83
27,20177,48
33,102397,52
63,173366,5
34,27788,91
52,71141,93
81,167523,83
65,80208,38
86,123061,52
32,121609,81
22,97766,67
58,114106,24
67,155012,34
49,120279,100
32,134024,54
45,83081,45
45,59377,23
85,152514,9
27,54102,46
34,31013,82
29,199772,11
71,81964,17
41,46416,49
59,167702,14
75,138654,41
59,126898,86
83,191494,35
57,135000,34
27,75045,88
39,24152,90
40,114880,38
87,192726,43
83,181641,65
27,101504,88
39,69631,5
52,185730,58
62,191786,58
80,174616,64
26,45707,18
33,39158,46
24,194337,100
31,166672,86
34,95527,99
36,158927,32
53,140333,97
55,128582,11
19,93080,100
39,143435,1
63,162593,37
83,87602,98
64,141122,10
20,137206,17
54,60491,71
50,114960,89
24,148919,97
56,192857,51
51,145083,87
53,101806,66
74,196075,34
29,46628,37
83,39547,3
63,96378,54
66,157614,28
65,131679,86
34,114109,74
86,93843,81
18,193206,40
20,25964,31
81,32308,83
33,31084,69
66,172291,41
78,182678,84
70,95467,70
45,138506,28
79,66280,95
73,197156,37
42,30104,56
60,142202,89
28,125419,99
32,178262,49
79,197531,47
72,114434,9
63,150244,48
89,193236,7
65,25592,15
39,79589,47
22,44917,57
35,57947,3
26,99103,10
21,68924,44
83,22195,31
48,24748,23
32,117035,73
52,25584,65
71,165510,82
65,158070,44
81,126256,96
36,49329,43
61,113799,57
57,148828,10
74,28591,83
79,133590,73
67,97176,36
89,161644,55
37,80776,63
42,25778,54
71,30418,89
44,191114,12
42,35662,16
47,70244,95
26,114378,49
28,31586,71
81,144468,7
29,22540,53
42,136701,81
29,197092,16
35,124270,30
32,120508,25
78,63036,69
90,124018,37
31,147286,28
63,76121,98
78,136480,67
57,79757,52
62,165608,99
77,42631,57
20,36107,51
60,150449,9
65,78523,8
41,171162,92
45,92212,96
51,120007,90
40,168718,4
79,149726,23
43,87779,89
80,114390,25
43,81382,85
58,137191,93
26,115014,16
77,159184,84
88,36868,15
23,44164,52
37,188482,3
50,167612,93
24,110411,41
61,51954,36
56,163564,90
39,131272,73
49,190424,31
89,173188,7
31,21588,8
43,158806,43
45,82126,73
42,33238,38
52,59812,83
84,75353,95
30,116424,43
80,60374,8
48,104037,41
41,124453,73
20,62404,81
49,41368,75
71,180485,81
86,21685,14
26,66171,4
75,192178,15
51,170917,36
50,123842,45
81,28993,83
90,42408,85
69,22726,60
34,53308,22
63,137480,27
32,189777,51
90,37896,72
78,197433,80
72,96336,9
90,125297,47
53,21065,21
45,162358,32
23,176490,87
77,199132,91
68,183650,49
68,37621,76
76,24555,10
71,167709,13
84,165805,3
50,145819,36
73,93688,38
86,64280,22
61,22365,81
86,97508,68
86,197043,96
20,46542,16
46,55868,36
29,156844,4
36,76603,6
26,151793,91
90,164974,50
65,66709,49
74,194614,99
53,95310,32
18,31766,94
85,58631,38
31,184908,41
69,168597,24
86,143923,83
47,126088,63
78,133592,42
56,171394,96
78,57613,25
77,20900,64
42,26908,98
64,45457,73
53,92556,63
84,189716,43
22,153625,41
79,129367,37
75,147422,73
36,54632,70
48,95976,66
62,134212,19
21,131964,36
53,90638,16
44,118039,9
54,171370,43
82,191038,74
49,178939,77
65,94489,35
88,79132,48
54,151847,100
24,144520,57
61,87858,63
81,122905,89
30,121350,19
89,83255,34
26,170012,96
65,199350,77
49,165064,90
57,169827,52
70,105273,69
19,29528,100
30,43945,19
77,88891,38
51,114910,79
38,33416,40
56,129889,6
19,117857,89
22,178194,80
34,45773,43
90,197563,60
68,86670,76
47,154099,90
67,69541,19
40,102025,92
27,63259,24
72,88049,88
81,188175,12
60,120909,100
18,145393,33
35,113748,80
86,42355,9
54,175519,42
40,108967,60
83,179249,65
86,187725,32
58,110854,70
79,29651,23
50,91923,95
47,112655,82
67,99101,91
61,178636,19
36,95623,56
56,175130,7
20,119228,51
63,83626,9
24,126916,8
87,88422,83
29,132406,70
18,130173,18
22,50221,46
89,89495,91
20,79700,31
48,59682,40
86,195061,87
34,145834,15
24,181804,43
62,140760,84
49,30553,53
75,99008,22
40,86853,17
86,25169,47
37,51591,88
85,45296,91
51,106145,2
83,72561,18
62,170556,40
55,82493,79
51,132990,52
81,105873,28
50,53398,8
66,182021,3
39,83804,49
35,140109,58
76,196619,46
81,177431,59
90,102613,17
81,35160,35
55,133224,78
63,147224,96
32,191419,87
34,148333,51
59,124545,39
37,78571,80
81,180220,86
29,160434,47
30,58950,27
54,115116,74
41,190915,72
24,42474,72
72,189517,13
68,106315,100
32,141278,52
48,174975,30
58,127988,52
64,194370,29
58,157566,80
84,146882,74
18,145431,4
67,176443,81
71,49778,25
84,91880,48
60,125270,41
40,113691,90
23,118168,1
49,35080,62
43,55174,29
36,145749,36
64,32794,70
55,194127,15
57,50342,93
73,76695,52
86,129768,16
28,92333,89
33,40143,83
28,88016,84
76,123394,17
69,64889,10
79,180040,48
78,199328,71
88,166903,66
46,79062,2
57,23882,83
60,81747,31
65,165140,51
58,137791,54
61,112866,18
19,182753,10
75,44458,77
42,100796,97
52,172997,52
79,28720,26
67,146440,50
30,146159,85
32,50168,26
74,91442,89
89,68971,99
81,64376,27
75,113053,67
27,182968,79
57,151989,3
81,179216,16
22,61246,91
59,66613,22
31,55421,26
50,34413,66
19,92548,69
57,140202,69
71,37808,1
84,108139,71
21,95521,10
76,68826,88
30,49964,58
48,38024,55
34,134623,89
62,42856,61
23,193452,61
78,145772,44
75,160685,42
34,30040,54
46,128043,22
52,47555,33
61,179257,49
21,119678,42
75,50537,49
23,32122,30
47,96300,79
85,75509,44
21,87459,54
35,174980,90
22,50370,73
77,73499,26
41,52933,40
83,58684,9
74,164052,16
21,116774,50
69,117234,42
66,62751,90
89,146791,25
78,88067,98
68,172529,21
63,36815,85
26,91588,10
80,38628,22
25,20022,80
86,55631,64
24,52689,74
49,83901,37
80,55009,1
69,59817,55
30,152280,33
27,68612,14
72,189228,76
68,107321,87
47,85549,56
68,131993,18
69,153580,63
38,186529,93
46,188780,48
86,76567,54
58,138382,9
78,93871,100
30,65475,78
23,117546,7
53,165892,17
42,176655,95
84,79241,99
23,45497,16
79,149822,66
32,115774,15
33,167972,33
65,102366,52
61,50353,89
37,119867,27
33,117485,21
33,72742,23
38,46926,48
31,89150,55
77,41613,47
23,148785,90
56,183515,46
40,41682,45
76,123088,79
68,94346,72
71,159312,71
32,43705,62
60,143348,18
80,180777,89
25,163168,17
25,98719,30
51,48984,16
26,43788,31
89,104048,57
82,108995,49
42,45016,9
74,163830,96
66,99887,66
89,169293,42
36,97727,4
18,68947,13
64,182320,17
18,128684,83
30,75517,39
50,155741,2
53,154076,68
72,85407,23
65,43602,67
86,159716,53
75,139075,20
84,49928,65
42,32677,55
30,90486,66
23,58961,13
76,101118,79
36,110694,67
58,190150,37
30,142340,93
65,163001,40
28,159098,5
59,181749,71
85,160115,47
29,126116,15
36,123305,16
83,142213,24
56,97511,81
59,70406,69
42,21674,70
90,56240,79
55,157828,2
36,45692,39
42,131501,66
74,149697,99
26,143667,36
81,81160,7
75,105690,56
34,36017,76
67,111685,27
34,161881,20
88,28464,94
48,35208,23
42,133177,57
65,140636,37
45,171598,49
70,139651,90
76,100524,74
53,68053,3
35,192517,34
50,190722,7
76,48942,81
69,83955,97
57,181803,86
41,113944,61
88,24429,74
33,31512,96
59,58176,76
40,101795,49
50,161805,43
41,95810,65
27,80285,18
26,179159,55
79,126265,23
81,70574,35
24,166849,74
55,150652,91
35,54239,7
72,173180,2
69,32370,39
32,59424,26
71,65773,60
55,71393,85
45,68342,79
40,27768,88
35,105107,49
70,108936,6
29,97723,30
22,73361,74
18,112337,48
26,94312,5
19,78045,2
